Prgrvn_i,Pfgrtn_i,Prgrvn_j,Pfgrtn_j,Year,Invja,Umja,Desja
省份i,地市i,省份j,地市j,会计年度,联合申请的发明数量,联合申请的实用新型数量,联合申请的外观设计数量
安徽省,安庆市,安徽省,亳州市,2018,1,0,0
安徽省,安庆市,安徽省,亳州市,2019,1,5,0
安徽省,安庆市,安徽省,亳州市,2020,5,4,0
安徽省,安庆市,安徽省,合肥市,2018,17,10,0
安徽省,安庆市,安徽省,合肥市,2019,15,5,0
安徽省,安庆市,安徽省,合肥市,2020,25,0,0
安徽省,安庆市,安徽省,六安市,2019,1,0,0
安徽省,安庆市,北京市,北京市,2018,16,24,0
安徽省,安庆市,北京市,北京市,2019,33,23,0
安徽省,安庆市,北京市,北京市,2020,70,32,0
安徽省,安庆市,河北省,唐山市,2019,0,1,0
安徽省,安庆市,江苏省,南京市,2018,1,0,0
安徽省,安庆市,江苏省,南京市,2019,6,8,0
安徽省,安庆市,江苏省,南京市,2020,4,3,0
安徽省,安庆市,江苏省,南通市,2019,1,0,0
安徽省,安庆市,辽宁省,大连市,2019,14,7,0
安徽省,安庆市,上海市,上海市,2018,1,0,0
安徽省,安庆市,上海市,上海市,2019,4,7,0
安徽省,安庆市,上海市,上海市,2020,11,7,0
安徽省,安庆市,新疆维吾尔自治区,乌鲁木齐市,2019,0,3,0
安徽省,安庆市,新疆维吾尔自治区,乌鲁木齐市,2020,0,1,0
安徽省,安庆市,浙江省,嘉兴市,2020,2,2,0
安徽省,安庆市,浙江省,宁波市,2020,1,1,0
安徽省,蚌埠市,安徽省,亳州市,2019,4,5,0
安徽省,蚌埠市,安徽省,滁州市,2018,2,7,0
安徽省,蚌埠市,安徽省,滁州市,2019,1,0,0
安徽省,蚌埠市,安徽省,滁州市,2020,7,2,0
安徽省,蚌埠市,安徽省,合肥市,2018,14,7,0
安徽省,蚌埠市,安徽省,合肥市,2019,8,4,0
安徽省,蚌埠市,安徽省,合肥市,2020,8,13,0
安徽省,蚌埠市,安徽省,淮南市,2019,1,0,0
安徽省,蚌埠市,安徽省,淮南市,2020,1,0,0
安徽省,蚌埠市,安徽省,宿州市,2019,4,2,0
安徽省,蚌埠市,安徽省,宿州市,2020,2,2,0
安徽省,蚌埠市,北京市,北京市,2018,25,13,0
安徽省,蚌埠市,北京市,北京市,2019,25,8,0
安徽省,蚌埠市,北京市,北京市,2020,53,8,0
安徽省,蚌埠市,福建省,福州市,2020,2,0,0
安徽省,蚌埠市,福建省,厦门市,2019,1,0,0
安徽省,蚌埠市,福建省,厦门市,2020,1,0,0
安徽省,蚌埠市,广东省,佛山市,2018,0,3,0
安徽省,蚌埠市,广东省,佛山市,2019,0,3,0
安徽省,蚌埠市,广东省,佛山市,2020,0,1,0
安徽省,蚌埠市,广东省,广州市,2020,1,0,0
安徽省,蚌埠市,广东省,深圳市,2018,3,6,0
安徽省,蚌埠市,广东省,深圳市,2019,3,6,0
安徽省,蚌埠市,广东省,深圳市,2020,2,6,0
安徽省,蚌埠市,广西壮族自治区,北海市,2018,1,0,0
安徽省,蚌埠市,广西壮族自治区,北海市,2020,5,1,0
安徽省,蚌埠市,河北省,沧州市,2019,0,2,0
安徽省,蚌埠市,河北省,廊坊市,2020,0,5,0
安徽省,蚌埠市,河北省,石家庄市,2018,1,0,0
安徽省,蚌埠市,河南省,洛阳市,2018,1,0,0
安徽省,蚌埠市,河南省,洛阳市,2020,0,4,0
安徽省,蚌埠市,黑龙江省,绥化市,2018,4,0,0
安徽省,蚌埠市,黑龙江省,绥化市,2020,1,0,0
安徽省,蚌埠市,湖北省,武汉市,2018,2,1,0
安徽省,蚌埠市,湖北省,武汉市,2019,1,0,0
安徽省,蚌埠市,江苏省,南京市,2018,7,0,0
安徽省,蚌埠市,江苏省,南京市,2019,2,1,0
安徽省,蚌埠市,江苏省,南京市,2020,2,3,0
安徽省,蚌埠市,江苏省,苏州市,2018,1,1,0
安徽省,蚌埠市,江苏省,无锡市,2018,3,1,0
安徽省,蚌埠市,江苏省,扬州市,2019,1,0,0
安徽省,蚌埠市,江西省,南昌市,2019,0,1,0
安徽省,蚌埠市,山东省,东营市,2018,1,1,0
安徽省,蚌埠市,山东省,济南市,2020,0,14,0
安徽省,蚌埠市,山东省,济宁市,2020,0,9,0
安徽省,蚌埠市,山东省,临沂市,2020,1,1,0
安徽省,蚌埠市,山东省,日照市,2020,4,6,0
安徽省,蚌埠市,上海市,上海市,2018,2,0,0
安徽省,蚌埠市,上海市,上海市,2019,5,4,0
安徽省,蚌埠市,上海市,上海市,2020,13,1,0
安徽省,蚌埠市,四川省,成都市,2019,1,1,0
安徽省,蚌埠市,新疆维吾尔自治区,自治区直辖县级行政区划,2020,1,1,0
安徽省,蚌埠市,浙江省,杭州市,2018,2,0,0
安徽省,蚌埠市,浙江省,宁波市,2020,2,0,0
安徽省,亳州市,上海市,上海市,2018,1,0,0
安徽省,亳州市,上海市,上海市,2019,1,5,0
安徽省,亳州市,上海市,上海市,2020,9,7,0
安徽省,池州市,安徽省,安庆市,2019,2,1,0
安徽省,池州市,安徽省,合肥市,2018,2,3,0
安徽省,池州市,安徽省,合肥市,2019,9,4,0
安徽省,池州市,安徽省,合肥市,2020,10,8,0
安徽省,池州市,北京市,北京市,2018,6,4,0
安徽省,池州市,北京市,北京市,2019,7,3,0
安徽省,池州市,北京市,北京市,2020,9,8,0
安徽省,池州市,黑龙江省,哈尔滨市,2018,2,0,0
安徽省,池州市,江苏省,南京市,2019,1,0,0
安徽省,池州市,江苏省,南京市,2020,2,0,0
安徽省,池州市,江苏省,徐州市,2018,3,0,0
安徽省,池州市,辽宁省,大连市,2018,1,0,0
安徽省,池州市,辽宁省,大连市,2019,1,0,0
安徽省,池州市,上海市,上海市,2018,5,0,0
安徽省,池州市,上海市,上海市,2019,1,0,0
安徽省,滁州市,安徽省,亳州市,2018,1,1,0
安徽省,滁州市,安徽省,合肥市,2018,6,7,0
安徽省,滁州市,安徽省,合肥市,2019,12,6,0
安徽省,滁州市,安徽省,合肥市,2020,21,14,0
安徽省,滁州市,安徽省,淮南市,2018,5,0,0
安徽省,滁州市,安徽省,淮南市,2020,1,3,0
安徽省,滁州市,安徽省,六安市,2020,6,5,0
安徽省,滁州市,安徽省,宿州市,2018,0,2,0
安徽省,滁州市,安徽省,宿州市,2019,9,3,0
安徽省,滁州市,安徽省,宿州市,2020,0,2,0
安徽省,滁州市,安徽省,宣城市,2019,2,0,0
安徽省,滁州市,北京市,北京市,2018,53,70,0
安徽省,滁州市,北京市,北京市,2019,19,36,1
安徽省,滁州市,北京市,北京市,2020,43,81,0
安徽省,滁州市,福建省,泉州市,2019,1,0,0
安徽省,滁州市,广东省,广州市,2020,1,0,0
安徽省,滁州市,广东省,清远市,2020,1,0,0
安徽省,滁州市,广东省,深圳市,2018,1,0,0
安徽省,滁州市,广东省,深圳市,2019,30,30,0
安徽省,滁州市,广东省,深圳市,2020,15,12,0
安徽省,滁州市,广西壮族自治区,北海市,2019,13,9,0
安徽省,滁州市,湖北省,十堰市,2019,2,15,0
安徽省,滁州市,湖北省,武汉市,2018,1,1,0
安徽省,滁州市,湖北省,武汉市,2019,0,1,0
安徽省,滁州市,湖北省,武汉市,2020,3,7,0
安徽省,滁州市,吉林省,吉林市,2020,1,0,0
安徽省,滁州市,江苏省,常州市,2019,0,1,0
安徽省,滁州市,江苏省,常州市,2020,3,0,0
安徽省,滁州市,江苏省,南京市,2018,5,4,1
安徽省,滁州市,江苏省,南京市,2019,16,21,0
安徽省,滁州市,江苏省,南京市,2020,38,35,0
安徽省,滁州市,江苏省,南通市,2019,0,2,0
安徽省,滁州市,江苏省,宿迁市,2019,0,1,0
安徽省,滁州市,江苏省,无锡市,2019,6,5,0
安徽省,滁州市,江苏省,无锡市,2020,4,27,0
安徽省,滁州市,江苏省,徐州市,2019,2,0,0
安徽省,滁州市,江苏省,扬州市,2020,3,0,0
安徽省,滁州市,辽宁省,丹东市,2018,2,0,0
安徽省,滁州市,内蒙古自治区,包头市,2018,1,8,0
安徽省,滁州市,山西省,吕梁市,2018,0,1,0
安徽省,滁州市,山西省,太原市,2019,1,0,0
安徽省,滁州市,上海市,上海市,2018,13,10,0
安徽省,滁州市,上海市,上海市,2019,28,25,0
安徽省,滁州市,上海市,上海市,2020,10,2,1
安徽省,滁州市,四川省,成都市,2018,1,0,0
安徽省,滁州市,四川省,成都市,2020,0,1,0
安徽省,滁州市,浙江省,杭州市,2018,0,1,0
安徽省,滁州市,浙江省,杭州市,2019,2,0,0
安徽省,滁州市,浙江省,嘉兴市,2020,1,0,0
安徽省,滁州市,浙江省,宁波市,2019,2,0,0
安徽省,滁州市,浙江省,宁波市,2020,0,1,1
安徽省,滁州市,浙江省,温州市,2018,3,3,0
安徽省,滁州市,浙江省,温州市,2019,6,6,0
安徽省,阜阳市,安徽省,安庆市,2018,1,1,0
安徽省,阜阳市,安徽省,亳州市,2018,5,4,0
安徽省,阜阳市,安徽省,滁州市,2018,1,4,0
安徽省,阜阳市,安徽省,滁州市,2020,7,9,0
安徽省,阜阳市,安徽省,合肥市,2018,17,45,0
安徽省,阜阳市,安徽省,合肥市,2019,41,40,0
安徽省,阜阳市,安徽省,合肥市,2020,33,89,0
安徽省,阜阳市,安徽省,淮北市,2019,3,3,0
安徽省,阜阳市,安徽省,淮北市,2020,1,1,0
安徽省,阜阳市,安徽省,淮南市,2019,0,1,0
安徽省,阜阳市,安徽省,宿州市,2019,2,3,0
安徽省,阜阳市,安徽省,芜湖市,2018,2,2,0
安徽省,阜阳市,安徽省,芜湖市,2019,1,3,0
安徽省,阜阳市,安徽省,芜湖市,2020,1,1,0
安徽省,阜阳市,北京市,北京市,2018,21,21,0
安徽省,阜阳市,北京市,北京市,2019,18,30,0
安徽省,阜阳市,北京市,北京市,2020,51,28,0
安徽省,阜阳市,福建省,宁德市,2020,0,1,0
安徽省,阜阳市,广东省,潮州市,2018,1,0,0
安徽省,阜阳市,广东省,潮州市,2019,3,0,0
安徽省,阜阳市,广东省,东莞市,2020,1,0,0
安徽省,阜阳市,广东省,深圳市,2018,1,0,0
安徽省,阜阳市,广东省,深圳市,2020,1,0,0
安徽省,阜阳市,广东省,珠海市,2020,0,1,0
安徽省,阜阳市,贵州省,贵阳市,2018,1,0,0
安徽省,阜阳市,河北省,保定市,2019,0,1,0
安徽省,阜阳市,河南省,安阳市,2020,4,0,0
安徽省,阜阳市,河南省,三门峡市,2020,1,0,0
安徽省,阜阳市,黑龙江省,哈尔滨市,2019,1,1,0
安徽省,阜阳市,黑龙江省,哈尔滨市,2020,0,1,0
安徽省,阜阳市,湖北省,武汉市,2018,2,0,0
安徽省,阜阳市,湖北省,武汉市,2019,6,2,0
安徽省,阜阳市,湖北省,武汉市,2020,1,1,0
安徽省,阜阳市,湖南省,株洲市,2019,1,0,0
安徽省,阜阳市,江苏省,常州市,2018,0,1,0
安徽省,阜阳市,江苏省,廊坊市,2019,0,1,0
安徽省,阜阳市,江苏省,南京市,2018,8,3,0
安徽省,阜阳市,江苏省,南京市,2019,8,0,0
安徽省,阜阳市,江苏省,南京市,2020,0,2,0
安徽省,阜阳市,江苏省,南通市,2018,17,16,12
安徽省,阜阳市,江苏省,南通市,2019,19,18,1
安徽省,阜阳市,江苏省,南通市,2020,3,1,0
安徽省,阜阳市,江苏省,宿迁市,2019,0,8,0
安徽省,阜阳市,江苏省,无锡市,2018,17,16,12
安徽省,阜阳市,江苏省,无锡市,2019,17,17,1
安徽省,阜阳市,江苏省,无锡市,2020,1,1,2
安徽省,阜阳市,江苏省,徐州市,2018,2,2,0
安徽省,阜阳市,江西省,萍乡市,2018,1,0,0
安徽省,阜阳市,辽宁省,阜新市,2020,1,0,0
安徽省,阜阳市,山东省,济南市,2019,1,0,0
安徽省,阜阳市,山东省,泰安市,2019,1,0,0
安徽省,阜阳市,山东省,淄博市,2018,0,1,0
安徽省,阜阳市,山东省,淄博市,2019,0,1,0
安徽省,阜阳市,陕西省,西安市,2019,2,2,0
安徽省,阜阳市,陕西省,西安市,2020,1,1,0
安徽省,阜阳市,上海市,上海市,2018,3,0,0
安徽省,阜阳市,上海市,上海市,2019,2,0,0
安徽省,阜阳市,四川省,成都市,2018,1,0,0
安徽省,阜阳市,四川省,成都市,2020,2,0,0
安徽省,阜阳市,天津市,天津市,2019,0,2,0
安徽省,阜阳市,浙江省,杭州市,2018,3,0,0
安徽省,阜阳市,浙江省,杭州市,2019,2,0,0
安徽省,阜阳市,浙江省,杭州市,2020,2,0,0
安徽省,阜阳市,浙江省,湖州市,2020,7,1,1
安徽省,阜阳市,浙江省,嘉兴市,2020,7,0,0
安徽省,阜阳市,浙江省,宁波市,2018,0,2,0
安徽省,阜阳市,浙江省,宁波市,2019,0,1,0
安徽省,阜阳市,浙江省,衢州市,2019,0,1,0
安徽省,阜阳市,浙江省,绍兴市,2018,2,0,0
安徽省,阜阳市,浙江省,绍兴市,2019,2,0,0
安徽省,阜阳市,重庆市,重庆市,2020,1,0,0
安徽省,合肥市,安徽省,亳州市,2018,7,7,0
安徽省,合肥市,安徽省,亳州市,2019,12,7,0
安徽省,合肥市,安徽省,亳州市,2020,6,16,0
安徽省,合肥市,安徽省,六安市,2018,18,5,0
安徽省,合肥市,安徽省,六安市,2019,23,17,0
安徽省,合肥市,安徽省,六安市,2020,10,11,0
安徽省,合肥市,北京市,北京市,2018,1372,413,4
安徽省,合肥市,北京市,北京市,2019,1306,279,4
安徽省,合肥市,北京市,北京市,2020,1058,400,9
安徽省,合肥市,福建省,三明市,2018,1,0,0
安徽省,合肥市,福建省,厦门市,2018,2,0,0
安徽省,合肥市,福建省,厦门市,2019,12,11,0
安徽省,合肥市,福建省,厦门市,2020,1,0,0
安徽省,合肥市,甘肃省,兰州市,2018,23,1,0
安徽省,合肥市,甘肃省,兰州市,2019,40,2,0
安徽省,合肥市,甘肃省,兰州市,2020,24,6,0
安徽省,合肥市,广东省,东莞市,2018,5,5,0
安徽省,合肥市,广东省,东莞市,2019,14,7,0
安徽省,合肥市,广东省,佛山市,2018,206,137,104
安徽省,合肥市,广东省,佛山市,2019,274,164,141
安徽省,合肥市,广东省,佛山市,2020,297,222,291
安徽省,合肥市,广东省,中山市,2019,1,1,1
安徽省,合肥市,广东省,中山市,2020,0,2,1
安徽省,合肥市,广西壮族自治区,南宁市,2018,4,0,0
安徽省,合肥市,广西壮族自治区,南宁市,2020,4,1,0
安徽省,合肥市,海南省,儋州市,2020,2,1,0
安徽省,合肥市,河北省,保定市,2018,6,0,0
安徽省,合肥市,河北省,保定市,2019,2,0,0
安徽省,合肥市,河北省,保定市,2020,2,0,0
安徽省,合肥市,河南省,三门峡市,2020,0,1,0
安徽省,合肥市,江苏省,南京市,2018,62,14,0
安徽省,合肥市,江苏省,南京市,2019,81,4,0
安徽省,合肥市,江苏省,南京市,2020,95,17,0
安徽省,合肥市,江苏省,南通市,2020,2,0,0
安徽省,合肥市,江西省,九江市,2018,10,19,0
安徽省,合肥市,江西省,九江市,2019,15,36,0
安徽省,合肥市,江西省,九江市,2020,16,28,3
安徽省,合肥市,江西省,南昌市,2018,1,1,0
安徽省,合肥市,江西省,南昌市,2019,3,2,0
安徽省,合肥市,江西省,南昌市,2020,1,1,0
安徽省,合肥市,内蒙古自治区,乌兰察布市,2018,3,5,0
安徽省,合肥市,内蒙古自治区,乌兰察布市,2019,5,8,0
安徽省,合肥市,内蒙古自治区,乌兰察布市,2020,9,8,0
安徽省,合肥市,内蒙古自治区,兴安盟,2019,1,4,0
安徽省,合肥市,山东省,东营市,2018,1,0,0
安徽省,合肥市,山东省,东营市,2019,1,1,0
安徽省,合肥市,山东省,临沂市,2019,4,0,0
安徽省,合肥市,山东省,临沂市,2020,0,2,0
安徽省,合肥市,上海市,上海市,2018,44,38,3
安徽省,合肥市,上海市,上海市,2019,107,39,11
安徽省,合肥市,上海市,上海市,2020,96,43,10
安徽省,合肥市,四川省,凉山彝族自治州,2018,2,0,0
安徽省,合肥市,四川省,南充市,2020,0,1,0
安徽省,合肥市,新疆维吾尔自治区,克拉玛依市,2018,0,1,0
安徽省,合肥市,新疆维吾尔自治区,乌鲁木齐市,2018,8,1,0
安徽省,合肥市,新疆维吾尔自治区,乌鲁木齐市,2019,5,2,0
安徽省,合肥市,新疆维吾尔自治区,乌鲁木齐市,2020,8,21,0
安徽省,合肥市,浙江省,台州市,2018,3,0,0
安徽省,合肥市,浙江省,台州市,2019,1,0,0
安徽省,合肥市,浙江省,台州市,2020,4,0,0
安徽省,淮北市,安徽省,安庆市,2019,2,0,0
安徽省,淮北市,安徽省,亳州市,2019,0,4,0
安徽省,淮北市,安徽省,池州市,2020,0,1,0
安徽省,淮北市,安徽省,合肥市,2018,2,1,0
安徽省,淮北市,安徽省,合肥市,2019,13,15,0
安徽省,淮北市,安徽省,合肥市,2020,5,2,0
安徽省,淮北市,安徽省,宿州市,2018,7,0,0
安徽省,淮北市,安徽省,宿州市,2019,1,1,0
安徽省,淮北市,安徽省,宿州市,2020,19,0,0
安徽省,淮北市,北京市,北京市,2018,15,17,0
安徽省,淮北市,北京市,北京市,2019,10,10,0
安徽省,淮北市,北京市,北京市,2020,11,14,0
安徽省,淮北市,甘肃省,平凉市,2019,2,2,0
安徽省,淮北市,广东省,东莞市,2018,6,4,0
安徽省,淮北市,广东省,东莞市,2019,6,6,0
安徽省,淮北市,广东省,东莞市,2020,2,2,0
安徽省,淮北市,广东省,广州市,2018,8,5,0
安徽省,淮北市,广东省,广州市,2019,10,8,0
安徽省,淮北市,广东省,广州市,2020,6,6,0
安徽省,淮北市,河南省,开封市,2018,0,1,0
安徽省,淮北市,黑龙江省,哈尔滨市,2019,1,1,0
安徽省,淮北市,湖北省,武汉市,2019,3,0,0
安徽省,淮北市,湖北省,武汉市,2020,1,0,0
安徽省,淮北市,江苏省,南京市,2019,0,1,0
安徽省,淮北市,江苏省,南京市,2020,1,1,0
安徽省,淮北市,江苏省,南通市,2018,1,0,0
安徽省,淮北市,江苏省,南通市,2019,3,2,0
安徽省,淮北市,江苏省,泰州市,2018,0,2,0
安徽省,淮北市,江苏省,泰州市,2019,1,0,0
安徽省,淮北市,江苏省,泰州市,2020,3,5,0
安徽省,淮北市,江苏省,徐州市,2018,2,1,0
安徽省,淮北市,江苏省,徐州市,2019,7,6,0
安徽省,淮北市,江苏省,徐州市,2020,9,11,0
安徽省,淮北市,辽宁省,抚顺市,2018,2,0,0
安徽省,淮北市,辽宁省,沈阳市,2018,0,2,0
安徽省,淮北市,山东省,济南市,2020,2,0,0
安徽省,淮北市,山东省,济宁市,2020,2,2,0
安徽省,淮北市,山西省,大同市,2018,1,0,0
安徽省,淮北市,上海市,上海市,2018,3,0,0
安徽省,淮北市,上海市,上海市,2019,12,3,0
安徽省,淮北市,上海市,上海市,2020,20,12,0
安徽省,淮北市,四川省,成都市,2018,2,0,0
安徽省,淮北市,新疆维吾尔自治区,乌鲁木齐市,2018,1,0,0
安徽省,淮北市,新疆维吾尔自治区,伊犁哈萨克自治州,2020,0,2,0
安徽省,淮北市,浙江省,杭州市,2020,1,1,0
安徽省,淮南市,安徽省,安庆市,2019,2,0,0
安徽省,淮南市,安徽省,亳州市,2018,1,0,0
安徽省,淮南市,安徽省,合肥市,2018,17,10,0
安徽省,淮南市,安徽省,合肥市,2019,29,12,0
安徽省,淮南市,安徽省,合肥市,2020,35,7,0
安徽省,淮南市,安徽省,淮北市,2018,3,1,0
安徽省,淮南市,安徽省,淮北市,2019,10,1,0
安徽省,淮南市,安徽省,淮北市,2020,13,2,0
安徽省,淮南市,安徽省,宿州市,2018,4,0,0
安徽省,淮南市,安徽省,宿州市,2019,3,0,0
安徽省,淮南市,北京市,北京市,2018,23,14,0
安徽省,淮南市,北京市,北京市,2019,32,18,0
安徽省,淮南市,北京市,北京市,2020,22,8,0
安徽省,淮南市,广东省,东莞市,2018,0,1,0
安徽省,淮南市,广东省,佛山市,2019,1,0,0
安徽省,淮南市,广东省,广州市,2018,0,1,0
安徽省,淮南市,广东省,云浮市,2019,0,1,0
安徽省,淮南市,广西壮族自治区,柳州市,2020,1,1,0
安徽省,淮南市,贵州省,毕节市,2020,1,0,0
安徽省,淮南市,河北省,保定市,2018,1,1,0
安徽省,淮南市,河北省,保定市,2020,1,0,0
安徽省,淮南市,河南省,平顶山市,2019,1,0,0
安徽省,淮南市,河南省,新乡市,2019,1,1,0
安徽省,淮南市,湖北省,武汉市,2018,1,2,0
安徽省,淮南市,湖北省,武汉市,2019,8,5,0
安徽省,淮南市,湖北省,武汉市,2020,3,1,0
安徽省,淮南市,湖北省,宜昌市,2020,1,1,0
安徽省,淮南市,江苏省,常州市,2018,1,0,0
安徽省,淮南市,江苏省,常州市,2019,1,0,0
安徽省,淮南市,江苏省,南京市,2018,3,1,0
安徽省,淮南市,江苏省,南京市,2019,4,1,0
安徽省,淮南市,江苏省,南京市,2020,3,4,0
安徽省,淮南市,江苏省,无锡市,2019,1,0,0
安徽省,淮南市,江苏省,无锡市,2020,0,1,0
安徽省,淮南市,江苏省,徐州市,2018,3,4,0
安徽省,淮南市,江苏省,徐州市,2019,1,0,0
安徽省,淮南市,江苏省,徐州市,2020,10,0,0
安徽省,淮南市,江西省,南昌市,2020,3,0,0
安徽省,淮南市,辽宁省,大连市,2019,0,1,0
安徽省,淮南市,辽宁省,沈阳市,2018,2,1,0
安徽省,淮南市,辽宁省,沈阳市,2020,3,2,0
安徽省,淮南市,内蒙古自治区,包头市,2018,1,0,0
安徽省,淮南市,内蒙古自治区,包头市,2020,1,0,0
安徽省,淮南市,宁夏回族自治区,固原市,2019,2,0,0
安徽省,淮南市,山东省,济南市,2018,2,0,0
安徽省,淮南市,山东省,济南市,2019,2,0,0
安徽省,淮南市,山东省,济南市,2020,2,0,0
安徽省,淮南市,山东省,济宁市,2019,1,0,0
安徽省,淮南市,山东省,泰安市,2018,1,0,0
安徽省,淮南市,山东省,泰安市,2019,1,0,0
安徽省,淮南市,山西省,大同市,2018,1,0,0
安徽省,淮南市,山西省,太原市,2019,2,2,0
安徽省,淮南市,山西省,太原市,2020,2,1,0
安徽省,淮南市,上海市,上海市,2018,2,2,0
安徽省,淮南市,上海市,上海市,2019,2,1,0
安徽省,淮南市,上海市,上海市,2020,6,2,0
安徽省,淮南市,四川省,成都市,2020,2,0,0
安徽省,淮南市,四川省,攀枝花市,2020,1,0,0
安徽省,淮南市,四川省,宜宾市,2019,1,0,0
安徽省,淮南市,天津市,天津市,2020,3,0,0
安徽省,淮南市,云南省,保山市,2019,0,4,0
安徽省,淮南市,浙江省,杭州市,2018,0,3,0
安徽省,淮南市,浙江省,杭州市,2019,2,4,0
安徽省,淮南市,浙江省,杭州市,2020,1,0,0
安徽省,淮南市,浙江省,宁波市,2019,2,2,0
安徽省,淮南市,浙江省,台州市,2018,0,3,0
安徽省,黄山市,安徽省,蚌埠市,2018,2,0,0
安徽省,黄山市,安徽省,蚌埠市,2019,1,0,0
安徽省,黄山市,安徽省,蚌埠市,2020,2,2,0
安徽省,黄山市,安徽省,池州市,2018,0,1,0
安徽省,黄山市,安徽省,滁州市,2019,2,0,0
安徽省,黄山市,安徽省,阜阳市,2018,4,2,0
安徽省,黄山市,安徽省,阜阳市,2019,1,0,0
安徽省,黄山市,安徽省,合肥市,2018,13,5,0
安徽省,黄山市,安徽省,合肥市,2019,15,6,0
安徽省,黄山市,安徽省,合肥市,2020,6,5,0
安徽省,黄山市,安徽省,淮南市,2018,0,3,0
安徽省,黄山市,安徽省,马鞍山市,2018,2,2,0
安徽省,黄山市,安徽省,宿州市,2018,2,2,0
安徽省,黄山市,安徽省,芜湖市,2018,2,2,0
安徽省,黄山市,安徽省,芜湖市,2019,2,0,0
安徽省,黄山市,安徽省,芜湖市,2020,2,0,0
安徽省,黄山市,安徽省,宣城市,2018,3,3,0
安徽省,黄山市,北京市,北京市,2018,15,22,0
安徽省,黄山市,北京市,北京市,2019,11,4,0
安徽省,黄山市,北京市,北京市,2020,13,12,0
安徽省,黄山市,广东省,东莞市,2020,1,0,0
安徽省,黄山市,广东省,深圳市,2018,1,3,0
安徽省,黄山市,广东省,深圳市,2019,1,1,0
安徽省,黄山市,湖南省,长沙市,2018,1,0,0
安徽省,黄山市,江苏省,连云港市,2018,0,4,0
安徽省,黄山市,江苏省,南京市,2018,6,0,0
安徽省,黄山市,江苏省,南京市,2019,7,0,0
安徽省,黄山市,江苏省,南京市,2020,3,0,0
安徽省,黄山市,山东省,济南市,2018,0,3,0
安徽省,黄山市,山东省,济南市,2019,3,0,0
安徽省,黄山市,上海市,上海市,2018,2,0,0
安徽省,黄山市,上海市,上海市,2019,1,1,1
安徽省,黄山市,天津市,天津市,2019,1,1,0
安徽省,黄山市,云南省,昆明市,2020,5,0,0
安徽省,黄山市,浙江省,杭州市,2020,1,0,0
安徽省,黄山市,浙江省,江山市,2020,0,1,1
安徽省,黄山市,浙江省,衢州市,2020,0,1,1
安徽省,黄山市,浙江省,绍兴市,2018,1,0,0
安徽省,六安市,安徽省,亳州市,2018,1,0,0
安徽省,六安市,上海市,上海市,2018,2,1,7
安徽省,六安市,上海市,上海市,2019,1,10,1
安徽省,六安市,上海市,上海市,2020,11,12,16
安徽省,马鞍山市,安徽省,安庆市,2018,6,4,0
安徽省,马鞍山市,安徽省,蚌埠市,2020,2,0,0
安徽省,马鞍山市,安徽省,池州市,2018,2,0,0
安徽省,马鞍山市,安徽省,池州市,2020,1,0,0
安徽省,马鞍山市,安徽省,滁州市,2018,6,1,0
安徽省,马鞍山市,安徽省,滁州市,2019,0,1,0
安徽省,马鞍山市,安徽省,滁州市,2020,4,3,0
安徽省,马鞍山市,安徽省,阜阳市,2018,3,2,0
安徽省,马鞍山市,安徽省,阜阳市,2019,1,0,0
安徽省,马鞍山市,安徽省,阜阳市,2020,2,2,0
安徽省,马鞍山市,安徽省,合肥市,2018,13,8,0
安徽省,马鞍山市,安徽省,合肥市,2019,12,2,0
安徽省,马鞍山市,安徽省,合肥市,2020,17,3,0
安徽省,马鞍山市,安徽省,淮北市,2019,1,6,0
安徽省,马鞍山市,安徽省,六安市,2018,1,1,0
安徽省,马鞍山市,安徽省,六安市,2020,11,0,0
安徽省,马鞍山市,安徽省,铜陵市,2019,1,0,0
安徽省,马鞍山市,安徽省,铜陵市,2020,1,0,0
安徽省,马鞍山市,安徽省,芜湖市,2018,2,2,0
安徽省,马鞍山市,安徽省,芜湖市,2019,1,2,0
安徽省,马鞍山市,安徽省,宣城市,2018,1,1,0
安徽省,马鞍山市,安徽省,宣城市,2020,1,0,0
安徽省,马鞍山市,北京市,北京市,2018,11,10,0
安徽省,马鞍山市,北京市,北京市,2019,22,21,0
安徽省,马鞍山市,北京市,北京市,2020,26,18,0
安徽省,马鞍山市,福建省,厦门市,2018,2,2,0
安徽省,马鞍山市,甘肃省,兰州市,2018,3,0,0
安徽省,马鞍山市,广东省,潮州市,2018,1,0,0
安徽省,马鞍山市,广东省,潮州市,2020,2,0,0
安徽省,马鞍山市,广东省,广州市,2020,1,2,0
安徽省,马鞍山市,广东省,深圳市,2018,5,0,0
安徽省,马鞍山市,广东省,深圳市,2019,11,0,0
安徽省,马鞍山市,广东省,深圳市,2020,9,0,0
安徽省,马鞍山市,广东省,阳江市,2019,1,0,0
安徽省,马鞍山市,广东省,阳江市,2020,5,0,0
安徽省,马鞍山市,广东省,湛江市,2019,2,0,0
安徽省,马鞍山市,广东省,珠海市,2018,9,2,0
安徽省,马鞍山市,广东省,珠海市,2019,10,4,0
安徽省,马鞍山市,广东省,珠海市,2020,16,6,0
安徽省,马鞍山市,广西壮族自治区,柳州市,2018,6,0,0
安徽省,马鞍山市,广西壮族自治区,柳州市,2019,0,1,0
安徽省,马鞍山市,广西壮族自治区,柳州市,2020,0,2,0
安徽省,马鞍山市,河北省,廊坊市,2018,2,0,0
安徽省,马鞍山市,河北省,廊坊市,2019,2,2,1
安徽省,马鞍山市,河北省,廊坊市,2020,6,1,0
安徽省,马鞍山市,河北省,石家庄市,2019,1,1,0
安徽省,马鞍山市,河北省,石家庄市,2020,1,0,0
安徽省,马鞍山市,河北省,唐山市,2018,1,1,0
安徽省,马鞍山市,河北省,唐山市,2020,0,1,0
安徽省,马鞍山市,河南省,三门峡市,2018,1,0,0
安徽省,马鞍山市,湖北省,荆门市,2020,1,0,0
安徽省,马鞍山市,湖北省,武汉市,2018,1,0,0
安徽省,马鞍山市,湖北省,武汉市,2020,1,0,0
安徽省,马鞍山市,湖南省,长沙市,2018,2,0,0
安徽省,马鞍山市,湖南省,长沙市,2019,4,0,0
安徽省,马鞍山市,湖南省,衡阳市,2019,1,0,0
安徽省,马鞍山市,湖南省,衡阳市,2020,2,2,0
安徽省,马鞍山市,湖南省,湘潭市,2018,2,0,0
安徽省,马鞍山市,江苏省,常州市,2018,3,0,0
安徽省,马鞍山市,江苏省,常州市,2019,1,2,0
安徽省,马鞍山市,江苏省,常州市,2020,0,1,0
安徽省,马鞍山市,江苏省,淮安市,2019,1,1,0
安徽省,马鞍山市,江苏省,南京市,2018,101,37,0
安徽省,马鞍山市,江苏省,南京市,2019,88,34,1
安徽省,马鞍山市,江苏省,南京市,2020,142,82,2
安徽省,马鞍山市,江苏省,南通市,2019,1,0,0
安徽省,马鞍山市,江苏省,南通市,2020,5,0,0
安徽省,马鞍山市,江苏省,苏州市,2018,2,2,0
安徽省,马鞍山市,江苏省,苏州市,2019,12,13,0
安徽省,马鞍山市,江苏省,苏州市,2020,7,10,0
安徽省,马鞍山市,江苏省,泰州市,2018,4,4,0
安徽省,马鞍山市,江苏省,无锡市,2019,3,0,0
安徽省,马鞍山市,江苏省,无锡市,2020,2,0,0
安徽省,马鞍山市,江苏省,徐州市,2018,2,2,0
安徽省,马鞍山市,辽宁省,鞍山市,2019,1,0,0
安徽省,马鞍山市,辽宁省,鞍山市,2020,1,3,0
安徽省,马鞍山市,辽宁省,大连市,2019,1,0,0
安徽省,马鞍山市,辽宁省,大连市,2020,1,1,0
安徽省,马鞍山市,辽宁省,锦州市,2018,1,0,0
安徽省,马鞍山市,辽宁省,沈阳市,2019,1,0,0
安徽省,马鞍山市,内蒙古自治区,包头市,2018,2,0,0
安徽省,马鞍山市,内蒙古自治区,包头市,2019,2,2,0
安徽省,马鞍山市,宁夏回族自治区,银川市,2020,0,1,0
安徽省,马鞍山市,山东省,德州市,2020,1,0,0
安徽省,马鞍山市,山东省,枣庄市,2019,0,2,0
安徽省,马鞍山市,上海市,上海市,2018,8,11,1
安徽省,马鞍山市,上海市,上海市,2019,14,9,0
安徽省,马鞍山市,上海市,上海市,2020,22,6,0
安徽省,马鞍山市,四川省,成都市,2018,3,6,0
安徽省,马鞍山市,四川省,成都市,2019,8,1,0
安徽省,马鞍山市,四川省,成都市,2020,3,0,0
安徽省,马鞍山市,四川省,眉山市,2018,9,0,0
安徽省,马鞍山市,四川省,眉山市,2019,10,0,0
安徽省,马鞍山市,四川省,眉山市,2020,16,0,0
安徽省,马鞍山市,天津市,天津市,2019,1,0,0
安徽省,马鞍山市,天津市,天津市,2020,1,1,0
安徽省,马鞍山市,新疆维吾尔自治区,乌鲁木齐市,2018,3,0,0
安徽省,马鞍山市,新疆维吾尔自治区,伊犁哈萨克自治州,2018,3,0,0
安徽省,马鞍山市,云南省,昆明市,2018,1,0,0
安徽省,马鞍山市,云南省,昆明市,2019,1,0,0
安徽省,马鞍山市,云南省,昆明市,2020,2,0,0
安徽省,马鞍山市,浙江省,杭州市,2019,2,0,0
安徽省,马鞍山市,浙江省,杭州市,2020,2,0,0
安徽省,马鞍山市,浙江省,湖州市,2019,1,0,0
安徽省,马鞍山市,浙江省,金华市,2020,3,0,0
安徽省,马鞍山市,浙江省,宁波市,2018,1,2,0
安徽省,马鞍山市,浙江省,宁波市,2020,1,3,0
安徽省,马鞍山市,重庆市,重庆市,2020,1,0,0
安徽省,宿州市,安徽省,合肥市,2018,18,11,0
安徽省,宿州市,安徽省,合肥市,2019,19,17,0
安徽省,宿州市,安徽省,合肥市,2020,12,2,0
安徽省,宿州市,安徽省,宣城市,2018,2,2,0
安徽省,宿州市,北京市,北京市,2018,15,23,0
安徽省,宿州市,北京市,北京市,2019,7,10,0
安徽省,宿州市,北京市,北京市,2020,6,6,0
安徽省,宿州市,河南省,商丘市,2018,1,0,0
安徽省,宿州市,江苏省,南京市,2018,1,1,0
安徽省,宿州市,江苏省,南京市,2019,8,0,0
安徽省,宿州市,江苏省,南京市,2020,2,0,0
安徽省,宿州市,江苏省,南通市,2019,5,0,0
安徽省,宿州市,山西省,大同市,2018,1,0,0
安徽省,宿州市,天津市,天津市,2018,2,1,0
安徽省,宿州市,天津市,天津市,2019,0,1,0
安徽省,铜陵市,安徽省,亳州市,2018,1,0,0
安徽省,铜陵市,安徽省,亳州市,2019,1,1,0
安徽省,铜陵市,安徽省,池州市,2018,1,0,0
安徽省,铜陵市,安徽省,池州市,2019,4,3,0
安徽省,铜陵市,安徽省,池州市,2020,7,6,0
安徽省,铜陵市,安徽省,滁州市,2019,2,0,0
安徽省,铜陵市,安徽省,合肥市,2018,17,5,0
安徽省,铜陵市,安徽省,合肥市,2019,15,6,0
安徽省,铜陵市,安徽省,合肥市,2020,15,8,0
安徽省,铜陵市,安徽省,淮北市,2020,0,1,0
安徽省,铜陵市,安徽省,淮南市,2019,2,0,0
安徽省,铜陵市,安徽省,芜湖市,2020,2,2,0
安徽省,铜陵市,北京市,北京市,2018,10,22,0
安徽省,铜陵市,北京市,北京市,2019,18,7,0
安徽省,铜陵市,北京市,北京市,2020,12,14,0
安徽省,铜陵市,广东省,珠海市,2018,0,1,0
安徽省,铜陵市,湖北省,省直辖县级行政区划,2018,38,0,0
安徽省,铜陵市,湖北省,武汉市,2019,1,0,0
安徽省,铜陵市,湖北省,武汉市,2020,0,10,0
安徽省,铜陵市,江苏省,常州市,2018,1,0,0
安徽省,铜陵市,江苏省,常州市,2019,1,1,0
安徽省,铜陵市,江苏省,常州市,2020,0,2,0
安徽省,铜陵市,江苏省,淮安市,2020,0,1,0
安徽省,铜陵市,江苏省,南京市,2018,1,1,0
安徽省,铜陵市,江苏省,南京市,2019,2,0,0
安徽省,铜陵市,江苏省,南京市,2020,1,0,0
安徽省,铜陵市,江苏省,无锡市,2018,1,1,0
安徽省,铜陵市,江苏省,无锡市,2019,2,1,0
安徽省,铜陵市,江苏省,徐州市,2020,1,0,0
安徽省,铜陵市,江苏省,扬州市,2020,4,1,0
安徽省,铜陵市,山东省,潍坊市,2019,1,1,0
安徽省,铜陵市,山东省,烟台市,2019,1,1,0
安徽省,铜陵市,山东省,烟台市,2020,1,0,0
安徽省,铜陵市,上海市,上海市,2018,0,5,0
安徽省,铜陵市,上海市,上海市,2019,0,2,0
安徽省,铜陵市,上海市,上海市,2020,1,1,0
安徽省,铜陵市,四川省,成都市,2018,1,0,0
安徽省,铜陵市,四川省,绵阳市,2018,0,2,0
安徽省,铜陵市,天津市,天津市,2020,0,1,0
安徽省,铜陵市,云南省,昆明市,2020,2,0,0
安徽省,铜陵市,浙江省,杭州市,2018,1,0,0
安徽省,铜陵市,浙江省,杭州市,2019,3,1,0
安徽省,铜陵市,浙江省,杭州市,2020,1,0,0
安徽省,铜陵市,浙江省,嘉兴市,2020,2,0,0
安徽省,铜陵市,浙江省,绍兴市,2018,1,0,0
安徽省,铜陵市,浙江省,绍兴市,2020,1,0,0
安徽省,铜陵市,重庆市,重庆市,2019,1,0,0
安徽省,铜陵市,重庆市,重庆市,2020,1,0,0
安徽省,芜湖市,安徽省,安庆市,2019,1,1,0
安徽省,芜湖市,安徽省,安庆市,2020,1,0,0
安徽省,芜湖市,安徽省,池州市,2020,1,7,0
安徽省,芜湖市,安徽省,滁州市,2019,14,1,0
安徽省,芜湖市,安徽省,滁州市,2020,1,0,0
安徽省,芜湖市,安徽省,合肥市,2018,19,8,0
安徽省,芜湖市,安徽省,合肥市,2019,21,6,0
安徽省,芜湖市,安徽省,合肥市,2020,28,21,0
安徽省,芜湖市,安徽省,淮北市,2019,1,0,0
安徽省,芜湖市,安徽省,淮南市,2019,1,0,0
安徽省,芜湖市,安徽省,淮南市,2020,16,0,0
安徽省,芜湖市,安徽省,宣城市,2020,2,0,0
安徽省,芜湖市,北京市,北京市,2018,33,61,0
安徽省,芜湖市,北京市,北京市,2019,40,76,1
安徽省,芜湖市,北京市,北京市,2020,38,87,3
安徽省,芜湖市,福建省,福州市,2020,0,1,0
安徽省,芜湖市,福建省,三明市,2019,0,2,0
安徽省,芜湖市,福建省,三明市,2020,5,15,0
安徽省,芜湖市,福建省,厦门市,2020,3,3,0
安徽省,芜湖市,甘肃省,临夏回族自治州,2020,3,7,0
安徽省,芜湖市,广东省,佛山市,2018,132,212,0
安徽省,芜湖市,广东省,佛山市,2019,125,98,24
安徽省,芜湖市,广东省,佛山市,2020,203,183,74
安徽省,芜湖市,广东省,广州市,2018,12,0,0
安徽省,芜湖市,广东省,广州市,2019,2,0,0
安徽省,芜湖市,广东省,广州市,2020,21,1,0
安徽省,芜湖市,广东省,江门市,2018,1,0,0
安徽省,芜湖市,广东省,深圳市,2018,21,23,1
安徽省,芜湖市,广东省,深圳市,2019,5,15,0
安徽省,芜湖市,广东省,深圳市,2020,20,27,1
安徽省,芜湖市,广东省,肇庆市,2020,1,0,0
安徽省,芜湖市,广东省,中山市,2019,1,1,0
安徽省,芜湖市,广东省,珠海市,2018,26,19,0
安徽省,芜湖市,广东省,珠海市,2019,29,24,0
安徽省,芜湖市,广东省,珠海市,2020,23,26,0
安徽省,芜湖市,广西壮族自治区,百色市,2019,1,1,0
安徽省,芜湖市,河北省,承德市,2020,1,1,0
安徽省,芜湖市,河北省,石家庄市,2018,27,66,0
安徽省,芜湖市,河北省,石家庄市,2019,8,40,0
安徽省,芜湖市,河北省,石家庄市,2020,10,23,0
安徽省,芜湖市,河南省,洛阳市,2020,1,1,0
安徽省,芜湖市,河南省,平顶山市,2019,1,0,0
安徽省,芜湖市,黑龙江省,哈尔滨市,2019,3,1,0
安徽省,芜湖市,湖北省,武汉市,2018,16,19,0
安徽省,芜湖市,湖北省,武汉市,2019,14,20,0
安徽省,芜湖市,湖北省,武汉市,2020,7,21,0
安徽省,芜湖市,湖南省,娄底市,2019,1,3,0
安徽省,芜湖市,湖南省,娄底市,2020,1,4,0
安徽省,芜湖市,湖南省,益阳市,2018,0,2,0
安徽省,芜湖市,江苏省,常州市,2018,0,2,0
安徽省,芜湖市,江苏省,常州市,2019,6,1,0
安徽省,芜湖市,江苏省,常州市,2020,7,0,0
安徽省,芜湖市,江苏省,淮安市,2018,1,0,0
安徽省,芜湖市,江苏省,淮安市,2019,1,2,0
安徽省,芜湖市,江苏省,廊坊市,2019,0,1,0
安徽省,芜湖市,江苏省,南京市,2018,3,0,0
安徽省,芜湖市,江苏省,南京市,2019,7,1,0
安徽省,芜湖市,江苏省,南京市,2020,36,9,2
安徽省,芜湖市,江苏省,南通市,2019,3,3,0
安徽省,芜湖市,江苏省,无锡市,2018,1,0,0
安徽省,芜湖市,江苏省,无锡市,2019,4,0,0
安徽省,芜湖市,江苏省,无锡市,2020,2,0,0
安徽省,芜湖市,江苏省,徐州市,2018,1,0,0
安徽省,芜湖市,江苏省,徐州市,2020,5,5,0
安徽省,芜湖市,江苏省,盐城市,2018,0,1,0
安徽省,芜湖市,江苏省,盐城市,2020,0,2,0
安徽省,芜湖市,江西省,吉安市,2020,1,1,0
安徽省,芜湖市,江西省,上饶市,2020,3,0,0
安徽省,芜湖市,辽宁省,沈阳市,2018,0,2,0
安徽省,芜湖市,内蒙古自治区,呼伦贝尔市,2020,1,2,0
安徽省,芜湖市,山东省,临沂市,2019,6,4,0
安徽省,芜湖市,山东省,临沂市,2020,9,5,0
安徽省,芜湖市,山东省,淄博市,2019,0,1,0
安徽省,芜湖市,山西省,晋中市,2020,3,0,0
安徽省,芜湖市,陕西省,宝鸡市,2019,0,2,0
安徽省,芜湖市,上海市,上海市,2018,20,18,0
安徽省,芜湖市,上海市,上海市,2019,14,33,4
安徽省,芜湖市,上海市,上海市,2020,46,61,0
安徽省,芜湖市,四川省,成都市,2018,8,0,0
安徽省,芜湖市,四川省,宜宾市,2019,1,0,0
安徽省,芜湖市,天津市,天津市,2020,31,2,0
安徽省,芜湖市,新疆维吾尔自治区,克拉玛依市,2018,1,1,0
安徽省,芜湖市,新疆维吾尔自治区,克拉玛依市,2020,1,2,0
安徽省,芜湖市,新疆维吾尔自治区,伊犁哈萨克自治州,2020,3,0,0
安徽省,芜湖市,浙江省,杭州市,2019,1,2,0
安徽省,芜湖市,浙江省,杭州市,2020,9,14,7
安徽省,芜湖市,浙江省,湖州市,2020,1,0,0
安徽省,芜湖市,浙江省,温州市,2018,1,10,0
安徽省,芜湖市,浙江省,温州市,2019,0,12,0
安徽省,芜湖市,浙江省,温州市,2020,7,33,0
安徽省,芜湖市,浙江省,舟山市,2019,0,2,0
安徽省,芜湖市,浙江省,舟山市,2020,2,0,0
安徽省,宣城市,安徽省,安庆市,2018,0,1,0
安徽省,宣城市,安徽省,合肥市,2018,9,8,0
安徽省,宣城市,安徽省,合肥市,2019,12,4,0
安徽省,宣城市,安徽省,合肥市,2020,2,5,0
安徽省,宣城市,北京市,北京市,2018,20,30,0
安徽省,宣城市,北京市,北京市,2019,19,29,0
安徽省,宣城市,北京市,北京市,2020,21,52,0
安徽省,宣城市,广西壮族自治区,南宁市,2018,1,0,0
安徽省,宣城市,河北省,保定市,2018,1,0,0
安徽省,宣城市,湖北省,宜昌市,2018,2,2,0
安徽省,宣城市,江苏省,南京市,2018,0,2,0
安徽省,宣城市,江苏省,南京市,2019,3,2,0
安徽省,宣城市,江苏省,南京市,2020,2,0,0
安徽省,宣城市,江苏省,南通市,2020,4,1,0
安徽省,宣城市,江西省,南昌市,2020,1,0,0
安徽省,宣城市,辽宁省,大连市,2020,1,1,0
安徽省,宣城市,山东省,临沂市,2020,0,1,0
安徽省,宣城市,上海市,上海市,2018,5,4,0
安徽省,宣城市,上海市,上海市,2019,5,1,0
安徽省,宣城市,上海市,上海市,2020,6,1,0
安徽省,宣城市,天津市,天津市,2019,1,0,0
安徽省,宣城市,浙江省,宁波市,2019,1,0,0
北京市,北京市,安徽省,亳州市,2018,18,34,0
北京市,北京市,安徽省,亳州市,2019,12,22,0
北京市,北京市,安徽省,亳州市,2020,13,30,0
北京市,北京市,安徽省,六安市,2018,27,19,0
北京市,北京市,安徽省,六安市,2019,22,14,0
北京市,北京市,安徽省,六安市,2020,19,14,0
北京市,北京市,福建省,三明市,2018,7,5,0
北京市,北京市,福建省,三明市,2019,4,4,0
北京市,北京市,福建省,三明市,2020,3,2,0
北京市,北京市,甘肃省,兰州市,2018,226,163,0
北京市,北京市,甘肃省,兰州市,2019,156,98,1
北京市,北京市,甘肃省,兰州市,2020,152,60,2
北京市,北京市,甘肃省,临夏回族自治州,2018,2,2,0
北京市,北京市,甘肃省,临夏回族自治州,2019,1,2,0
北京市,北京市,甘肃省,临夏回族自治州,2020,1,2,0
北京市,北京市,广东省,东莞市,2018,57,9,1
北京市,北京市,广东省,东莞市,2019,63,19,3
北京市,北京市,广东省,东莞市,2020,56,21,6
北京市,北京市,广东省,佛山市,2018,29,16,1
北京市,北京市,广东省,佛山市,2019,23,21,0
北京市,北京市,广东省,佛山市,2020,20,15,0
北京市,北京市,广东省,云浮市,2019,4,1,0
北京市,北京市,广东省,中山市,2018,44,66,0
北京市,北京市,广东省,中山市,2019,29,40,0
北京市,北京市,广东省,中山市,2020,50,72,1
北京市,北京市,贵州省,六盘水市,2018,1,0,0
北京市,北京市,贵州省,六盘水市,2019,4,0,0
北京市,北京市,海南省,儋州市,2019,1,0,0
北京市,北京市,海南省,儋州市,2020,3,1,0
北京市,北京市,海南省,儋州市（含洋浦）,2020,2,0,0
北京市,北京市,海南省,三亚市,2018,15,0,0
北京市,北京市,海南省,三亚市,2019,5,2,0
北京市,北京市,海南省,三亚市,2020,5,5,0
北京市,北京市,河北省,保定市,2018,329,137,0
北京市,北京市,河北省,保定市,2019,590,149,12
北京市,北京市,河北省,保定市,2020,641,200,15
北京市,北京市,河南省,三门峡市,2018,16,23,0
北京市,北京市,河南省,三门峡市,2019,5,7,0
北京市,北京市,河南省,三门峡市,2020,9,32,0
北京市,北京市,河南省,省直辖县级行政区划,2018,33,0,0
北京市,北京市,河南省,信阳市,2018,33,16,0
北京市,北京市,河南省,信阳市,2019,16,2,0
北京市,北京市,河南省,信阳市,2020,3,0,0
北京市,北京市,黑龙江省,佳木斯市,2018,3,4,0
北京市,北京市,黑龙江省,佳木斯市,2020,4,10,0
北京市,北京市,黑龙江省,七台河市,2018,3,2,0
北京市,北京市,黑龙江省,七台河市,2019,0,2,0
北京市,北京市,黑龙江省,七台河市,2020,0,2,0
北京市,北京市,黑龙江省,伊春市,2018,3,3,0
北京市,北京市,黑龙江省,伊春市,2019,3,3,0
北京市,北京市,黑龙江省,伊春市,2020,11,21,0
北京市,北京市,江苏省,丹阳市,2019,0,1,1
北京市,北京市,江西省,九江市,2018,5,8,0
北京市,北京市,江西省,九江市,2019,8,15,1
北京市,北京市,江西省,九江市,2020,12,35,0
北京市,北京市,江西省,上饶市,2018,9,11,0
北京市,北京市,江西省,上饶市,2019,2,4,2
北京市,北京市,江西省,上饶市,2020,4,1,3
北京市,北京市,辽宁省,丹东市,2018,32,30,0
北京市,北京市,辽宁省,丹东市,2019,27,25,1
北京市,北京市,辽宁省,丹东市,2020,25,22,0
北京市,北京市,内蒙古自治区,包头市,2018,24,31,5
北京市,北京市,内蒙古自治区,包头市,2019,29,31,1
北京市,北京市,内蒙古自治区,包头市,2020,23,26,0
北京市,北京市,内蒙古自治区,乌海市,2018,7,21,0
北京市,北京市,内蒙古自治区,乌海市,2019,4,9,0
北京市,北京市,内蒙古自治区,乌海市,2020,7,1,0
北京市,北京市,内蒙古自治区,乌兰察布市,2018,6,2,0
北京市,北京市,内蒙古自治区,乌兰察布市,2019,6,2,0
北京市,北京市,内蒙古自治区,乌兰察布市,2020,18,34,0
北京市,北京市,内蒙古自治区,兴安盟,2018,3,1,0
北京市,北京市,内蒙古自治区,兴安盟,2019,14,2,0
北京市,北京市,内蒙古自治区,兴安盟,2020,8,3,0
北京市,北京市,宁夏回族自治区,中卫市,2018,1,1,0
北京市,北京市,宁夏回族自治区,中卫市,2019,2,3,0
北京市,北京市,山东省,东营市,2018,301,371,0
北京市,北京市,山东省,东营市,2019,421,408,2
北京市,北京市,山东省,东营市,2020,388,394,1
北京市,北京市,山东省,临沂市,2018,23,24,0
北京市,北京市,山东省,临沂市,2019,173,52,1
北京市,北京市,山东省,临沂市,2020,101,55,0
北京市,北京市,山西省,临汾市,2018,9,14,0
北京市,北京市,山西省,临汾市,2019,8,12,0
北京市,北京市,山西省,临汾市,2020,0,1,0
北京市,北京市,上海市,上海市,2018,1911,235,7
北京市,北京市,上海市,上海市,2019,2581,319,27
北京市,北京市,上海市,上海市,2020,3235,429,59
北京市,北京市,四川省,乐山市,2018,2,0,0
北京市,北京市,四川省,乐山市,2019,2,1,0
北京市,北京市,四川省,乐山市,2020,3,2,0
北京市,北京市,四川省,凉山彝族自治州,2018,3,2,0
北京市,北京市,四川省,凉山彝族自治州,2019,4,0,0
北京市,北京市,四川省,凉山彝族自治州,2020,0,2,0
北京市,北京市,四川省,内江市,2018,2,3,0
北京市,北京市,四川省,内江市,2019,0,2,0
北京市,北京市,四川省,内江市,2020,2,1,0
北京市,北京市,新疆维吾尔自治区,克拉玛依市,2018,31,70,0
北京市,北京市,新疆维吾尔自治区,克拉玛依市,2019,53,70,1
北京市,北京市,新疆维吾尔自治区,克拉玛依市,2020,143,104,0
北京市,北京市,新疆维吾尔自治区,克孜勒苏柯尔克孜自治州,2020,2,8,0
北京市,北京市,新疆维吾尔自治区,乌鲁木齐市,2018,242,198,0
北京市,北京市,新疆维吾尔自治区,乌鲁木齐市,2019,287,211,1
北京市,北京市,新疆维吾尔自治区,乌鲁木齐市,2020,499,258,0
北京市,北京市,新疆维吾尔自治区,伊犁哈萨克自治州,2018,10,13,0
北京市,北京市,新疆维吾尔自治区,伊犁哈萨克自治州,2019,13,12,0
北京市,北京市,新疆维吾尔自治区,伊犁哈萨克自治州,2020,10,8,0
北京市,北京市,云南省,保山市,2018,0,1,0
北京市,北京市,云南省,丽江市,2019,1,0,0
北京市,北京市,云南省,丽江市,2020,1,2,0
北京市,北京市,云南省,临沧市,2018,1,0,0
北京市,北京市,浙江省,东阳市,2019,0,4,0
北京市,北京市,浙江省,丽水市,2018,41,42,0
北京市,北京市,浙江省,丽水市,2019,26,30,0
北京市,北京市,浙江省,丽水市,2020,31,30,0
福建省,福安市,北京市,北京市,2020,0,4,0
福建省,福安市,福建省,宁德市,2019,0,4,0
福建省,福安市,福建省,宁德市,2020,0,4,0
福建省,福安市,上海市,上海市,2019,0,4,0
福建省,福安市,上海市,上海市,2020,0,4,0
福建省,福州市,安徽省,亳州市,2019,1,1,0
福建省,福州市,安徽省,合肥市,2018,3,0,0
福建省,福州市,安徽省,合肥市,2019,8,3,0
福建省,福州市,安徽省,合肥市,2020,11,1,0
福建省,福州市,安徽省,淮南市,2018,0,1,0
福建省,福州市,北京市,北京市,2018,370,64,0
福建省,福州市,北京市,北京市,2019,318,47,6
福建省,福州市,北京市,北京市,2020,361,58,16
福建省,福州市,福建省,南平市,2018,40,10,0
福建省,福州市,福建省,南平市,2019,25,9,0
福建省,福州市,福建省,南平市,2020,46,19,0
福建省,福州市,福建省,宁德市,2018,14,19,0
福建省,福州市,福建省,宁德市,2019,23,23,0
福建省,福州市,福建省,宁德市,2020,27,34,0
福建省,福州市,福建省,泉州市,2018,25,24,0
福建省,福州市,福建省,泉州市,2019,38,31,0
福建省,福州市,福建省,泉州市,2020,45,32,0
福建省,福州市,福建省,三明市,2018,15,24,0
福建省,福州市,福建省,三明市,2019,25,11,0
福建省,福州市,福建省,三明市,2020,22,50,0
福建省,福州市,福建省,厦门市,2018,98,41,2
福建省,福州市,福建省,厦门市,2019,108,38,3
福建省,福州市,福建省,厦门市,2020,132,101,17
福建省,福州市,福建省,漳州市,2018,26,11,0
福建省,福州市,福建省,漳州市,2019,24,23,1
福建省,福州市,福建省,漳州市,2020,32,30,0
福建省,福州市,甘肃省,兰州市,2019,3,1,0
福建省,福州市,甘肃省,兰州市,2020,2,2,0
福建省,福州市,广东省,东莞市,2019,5,12,0
福建省,福州市,广东省,佛山市,2019,3,0,0
福建省,福州市,广东省,广州市,2018,4,8,0
福建省,福州市,广东省,广州市,2019,1,4,0
福建省,福州市,广东省,广州市,2020,7,10,0
福建省,福州市,广东省,惠州市,2018,3,4,0
福建省,福州市,广东省,惠州市,2019,2,3,0
福建省,福州市,广东省,清远市,2020,2,0,0
福建省,福州市,广东省,深圳市,2018,8,7,0
福建省,福州市,广东省,深圳市,2019,9,1,0
福建省,福州市,广东省,深圳市,2020,19,16,1
福建省,福州市,广东省,珠海市,2018,8,0,0
福建省,福州市,广东省,珠海市,2019,2,0,0
福建省,福州市,广东省,珠海市,2020,2,1,0
福建省,福州市,广西壮族自治区,北海市,2020,2,2,0
福建省,福州市,广西壮族自治区,南宁市,2018,1,0,0
福建省,福州市,广西壮族自治区,南宁市,2020,1,0,0
福建省,福州市,海南省,儋州市（含洋浦）,2019,1,0,0
福建省,福州市,海南省,海口市,2019,1,0,0
福建省,福州市,海南省,海口市,2020,3,0,0
福建省,福州市,海南省,三沙市,2019,3,0,0
福建省,福州市,海南省,省直辖县级行政区划,2019,3,20,0
福建省,福州市,河北省,保定市,2019,0,2,0
福建省,福州市,河北省,保定市,2020,2,2,0
福建省,福州市,河北省,石家庄市,2018,4,1,0
福建省,福州市,河北省,石家庄市,2019,4,2,0
福建省,福州市,河北省,石家庄市,2020,7,0,0
福建省,福州市,河北省,唐山市,2019,1,0,0
福建省,福州市,河北省,唐山市,2020,2,0,0
福建省,福州市,河南省,洛阳市,2018,2,0,0
福建省,福州市,河南省,平顶山市,2018,1,0,0
福建省,福州市,河南省,平顶山市,2020,1,0,0
福建省,福州市,河南省,商丘市,2019,2,0,0
福建省,福州市,河南省,商丘市,2020,1,0,0
福建省,福州市,黑龙江省,哈尔滨市,2018,1,0,0
福建省,福州市,黑龙江省,哈尔滨市,2020,3,0,0
福建省,福州市,湖北省,十堰市,2019,1,0,0
福建省,福州市,湖北省,十堰市,2020,1,0,0
福建省,福州市,湖北省,武汉市,2018,12,6,0
福建省,福州市,湖北省,武汉市,2019,16,7,0
福建省,福州市,湖北省,武汉市,2020,21,5,4
福建省,福州市,湖北省,宜昌市,2020,0,2,0
福建省,福州市,江苏省,常州市,2019,4,0,0
福建省,福州市,江苏省,南京市,2018,37,4,0
福建省,福州市,江苏省,南京市,2019,42,8,0
福建省,福州市,江苏省,南京市,2020,60,9,1
福建省,福州市,江苏省,南通市,2018,2,0,0
福建省,福州市,江苏省,南通市,2020,2,0,0
福建省,福州市,江苏省,宿迁市,2020,1,0,0
福建省,福州市,江苏省,泰州市,2019,5,3,0
福建省,福州市,江苏省,无锡市,2018,2,0,0
福建省,福州市,江苏省,无锡市,2019,1,2,0
福建省,福州市,江苏省,无锡市,2020,1,1,0
福建省,福州市,江苏省,徐州市,2019,1,0,0
福建省,福州市,江苏省,盐城市,2019,1,0,0
福建省,福州市,江西省,抚州市,2020,3,5,0
福建省,福州市,江西省,南昌市,2018,3,3,0
福建省,福州市,江西省,上饶市,2020,2,2,0
福建省,福州市,辽宁省,大连市,2018,4,1,0
福建省,福州市,辽宁省,沈阳市,2018,1,0,0
福建省,福州市,辽宁省,沈阳市,2019,3,0,0
福建省,福州市,辽宁省,沈阳市,2020,4,0,0
福建省,福州市,内蒙古自治区,呼和浩特市,2018,3,2,0
福建省,福州市,内蒙古自治区,呼和浩特市,2019,4,1,0
福建省,福州市,青海省,海南藏族自治州,2020,1,1,0
福建省,福州市,青海省,海西蒙古族藏族自治州,2020,1,1,0
福建省,福州市,山东省,东营市,2018,2,0,0
福建省,福州市,山东省,济南市,2018,6,1,0
福建省,福州市,山东省,济南市,2019,14,0,0
福建省,福州市,山东省,济南市,2020,5,2,0
福建省,福州市,山东省,潍坊市,2019,1,0,0
福建省,福州市,山东省,潍坊市,2020,2,0,0
福建省,福州市,山东省,烟台市,2019,2,0,0
福建省,福州市,山东省,烟台市,2020,8,0,0
福建省,福州市,山东省,淄博市,2020,4,1,0
福建省,福州市,山西省,太原市,2019,0,1,0
福建省,福州市,山西省,太原市,2020,5,0,0
福建省,福州市,上海市,上海市,2018,66,8,2
福建省,福州市,上海市,上海市,2019,23,6,0
福建省,福州市,上海市,上海市,2020,23,12,0
福建省,福州市,四川省,成都市,2018,15,4,0
福建省,福州市,四川省,成都市,2019,15,6,0
福建省,福州市,四川省,成都市,2020,25,3,0
福建省,福州市,四川省,德阳市,2020,1,0,0
福建省,福州市,四川省,凉山彝族自治州,2020,2,0,0
福建省,福州市,天津市,天津市,2018,9,4,0
福建省,福州市,天津市,天津市,2019,10,3,0
福建省,福州市,天津市,天津市,2020,8,1,0
福建省,福州市,西藏自治区,拉萨市,2020,1,0,0
福建省,福州市,新疆维吾尔自治区,哈密市,2019,1,0,0
福建省,福州市,新疆维吾尔自治区,乌鲁木齐市,2018,3,0,0
福建省,福州市,新疆维吾尔自治区,乌鲁木齐市,2019,2,0,0
福建省,福州市,新疆维吾尔自治区,乌鲁木齐市,2020,3,0,0
福建省,福州市,云南省,昆明市,2019,3,0,0
福建省,福州市,云南省,昆明市,2020,2,2,0
福建省,福州市,浙江省,杭州市,2018,7,0,0
福建省,福州市,浙江省,杭州市,2019,16,3,0
福建省,福州市,浙江省,杭州市,2020,16,8,7
福建省,福州市,浙江省,湖州市,2018,2,1,0
福建省,福州市,浙江省,嘉兴市,2018,1,0,0
福建省,福州市,浙江省,嘉兴市,2019,6,0,0
福建省,福州市,浙江省,嘉兴市,2020,2,0,0
福建省,福州市,浙江省,宁波市,2018,3,0,0
福建省,福州市,浙江省,宁波市,2019,3,2,0
福建省,福州市,浙江省,宁波市,2020,10,5,1
福建省,福州市,浙江省,台州市,2019,1,0,0
福建省,福州市,浙江省,台州市,2020,1,2,0
福建省,福州市,浙江省,温州市,2019,2,5,0
福建省,晋江市,北京市,北京市,2020,0,4,1
福建省,晋江市,江西省,抚州市,2019,0,2,1
福建省,晋江市,江西省,抚州市,2020,0,0,1
福建省,晋江市,上海市,上海市,2020,0,0,1
福建省,龙岩市,安徽省,六安市,2019,0,1,0
福建省,龙岩市,北京市,北京市,2018,2,2,0
福建省,龙岩市,北京市,北京市,2019,2,6,0
福建省,龙岩市,北京市,北京市,2020,2,2,0
福建省,龙岩市,福建省,福州市,2018,17,60,0
福建省,龙岩市,福建省,福州市,2019,20,30,0
福建省,龙岩市,福建省,福州市,2020,37,21,1
福建省,龙岩市,福建省,三明市,2020,4,0,0
福建省,龙岩市,福建省,厦门市,2018,18,19,0
福建省,龙岩市,福建省,厦门市,2019,34,10,0
福建省,龙岩市,福建省,厦门市,2020,95,13,0
福建省,龙岩市,福建省,漳州市,2018,3,0,0
福建省,龙岩市,福建省,漳州市,2019,2,4,0
福建省,龙岩市,福建省,漳州市,2020,4,4,0
福建省,龙岩市,广东省,广州市,2019,0,1,0
福建省,龙岩市,广东省,广州市,2020,4,0,0
福建省,龙岩市,广东省,深圳市,2019,1,0,0
福建省,龙岩市,广东省,深圳市,2020,3,2,0
福建省,龙岩市,广西壮族自治区,南宁市,2019,2,2,0
福建省,龙岩市,河北省,保定市,2020,1,2,0
福建省,龙岩市,河南省,郑州市,2020,1,0,0
福建省,龙岩市,黑龙江省,哈尔滨市,2019,2,2,0
福建省,龙岩市,黑龙江省,哈尔滨市,2020,0,2,0
福建省,龙岩市,黑龙江省,黑河市,2018,1,0,0
福建省,龙岩市,黑龙江省,黑河市,2019,1,0,0
福建省,龙岩市,黑龙江省,黑河市,2020,0,4,0
福建省,龙岩市,湖北省,武汉市,2020,1,0,0
福建省,龙岩市,湖北省,孝感市,2019,0,1,0
福建省,龙岩市,湖南省,长沙市,2018,1,0,0
福建省,龙岩市,湖南省,长沙市,2019,1,0,0
福建省,龙岩市,湖南省,长沙市,2020,2,0,0
福建省,龙岩市,湖南省,娄底市,2019,0,3,0
福建省,龙岩市,吉林省,长春市,2018,1,2,0
福建省,龙岩市,吉林省,长春市,2019,2,2,0
福建省,龙岩市,吉林省,长春市,2020,0,2,0
福建省,龙岩市,江苏省,淮安市,2020,0,2,0
福建省,龙岩市,江苏省,南京市,2020,2,2,0
福建省,龙岩市,江苏省,徐州市,2019,1,0,0
福建省,龙岩市,江苏省,徐州市,2020,1,0,0
福建省,龙岩市,江苏省,镇江市,2018,1,1,0
福建省,龙岩市,江西省,赣州市,2018,1,1,0
福建省,龙岩市,江西省,赣州市,2020,1,1,0
福建省,龙岩市,江西省,吉安市,2019,1,2,0
福建省,龙岩市,江西省,吉安市,2020,2,0,0
福建省,龙岩市,江西省,景德镇市,2020,0,2,0
福建省,龙岩市,江西省,南昌市,2020,0,1,0
福建省,龙岩市,江西省,上饶市,2018,0,4,0
福建省,龙岩市,辽宁省,鞍山市,2019,1,1,0
福建省,龙岩市,辽宁省,沈阳市,2019,0,1,0
福建省,龙岩市,内蒙古自治区,巴彦淖尔市,2018,1,1,0
福建省,龙岩市,宁夏回族自治区,石嘴山市,2020,3,0,0
福建省,龙岩市,山东省,济南市,2018,1,0,0
福建省,龙岩市,山东省,济南市,2019,2,0,0
福建省,龙岩市,山东省,济南市,2020,2,0,0
福建省,龙岩市,山东省,青岛市,2019,2,0,0
福建省,龙岩市,山东省,青岛市,2020,3,0,0
福建省,龙岩市,山东省,潍坊市,2020,1,0,0
福建省,龙岩市,陕西省,西安市,2019,2,0,0
福建省,龙岩市,上海市,上海市,2018,1,1,0
福建省,龙岩市,上海市,上海市,2019,3,4,0
福建省,龙岩市,上海市,上海市,2020,2,5,0
福建省,龙岩市,四川省,成都市,2020,2,0,0
福建省,龙岩市,四川省,凉山彝族自治州,2020,1,0,0
福建省,龙岩市,天津市,天津市,2020,1,1,0
福建省,龙岩市,新疆维吾尔自治区,伊犁哈萨克自治州,2019,0,1,0
福建省,龙岩市,云南省,昆明市,2019,1,1,0
福建省,龙岩市,云南省,昆明市,2020,0,2,0
福建省,龙岩市,浙江省,杭州市,2020,1,0,0
福建省,龙岩市,浙江省,宁波市,2019,2,0,0
福建省,龙岩市,浙江省,台州市,2020,1,1,0
福建省,龙岩市,浙江省,温州市,2020,0,1,0
福建省,南平市,北京市,北京市,2018,1,0,0
福建省,南平市,北京市,北京市,2019,2,0,0
福建省,南平市,北京市,北京市,2020,8,1,0
福建省,南平市,福建省,三明市,2018,2,0,0
福建省,南平市,福建省,三明市,2019,0,1,0
福建省,南平市,福建省,三明市,2020,1,2,0
福建省,南平市,广东省,东莞市,2019,1,4,4
福建省,南平市,广东省,东莞市,2020,0,3,0
福建省,南平市,江苏省,南京市,2018,8,0,0
福建省,南平市,上海市,上海市,2018,4,0,0
福建省,南平市,上海市,上海市,2019,2,0,0
福建省,南平市,上海市,上海市,2020,1,0,0
福建省,宁德市,北京市,北京市,2018,3,2,0
福建省,宁德市,北京市,北京市,2019,9,0,0
福建省,宁德市,北京市,北京市,2020,12,4,0
福建省,宁德市,福建省,厦门市,2019,3,2,0
福建省,宁德市,福建省,厦门市,2020,3,1,0
福建省,宁德市,广东省,东莞市,2018,1,0,0
福建省,宁德市,广东省,东莞市,2019,6,13,0
福建省,宁德市,广东省,东莞市,2020,27,21,1
福建省,宁德市,广东省,佛山市,2019,4,3,0
福建省,宁德市,广东省,佛山市,2020,5,0,0
福建省,宁德市,江苏省,南京市,2019,0,1,0
福建省,宁德市,江苏省,南京市,2020,1,1,0
福建省,宁德市,江西省,南昌市,2019,1,1,0
福建省,宁德市,辽宁省,大连市,2019,2,0,0
福建省,宁德市,辽宁省,大连市,2020,4,0,0
福建省,宁德市,上海市,上海市,2019,9,5,0
福建省,宁德市,上海市,上海市,2020,5,7,0
福建省,宁德市,新疆维吾尔自治区,吐鲁番市,2020,2,12,0
福建省,莆田市,安徽省,合肥市,2019,2,0,0
福建省,莆田市,北京市,北京市,2018,15,15,0
福建省,莆田市,北京市,北京市,2019,3,22,0
福建省,莆田市,北京市,北京市,2020,4,16,0
福建省,莆田市,福建省,福州市,2018,26,17,0
福建省,莆田市,福建省,福州市,2019,21,18,0
福建省,莆田市,福建省,福州市,2020,44,33,1
福建省,莆田市,福建省,南平市,2020,5,7,0
福建省,莆田市,福建省,宁德市,2019,0,1,0
福建省,莆田市,福建省,宁德市,2020,1,1,0
福建省,莆田市,福建省,泉州市,2019,0,1,0
福建省,莆田市,福建省,三明市,2019,1,0,0
福建省,莆田市,福建省,厦门市,2020,1,2,0
福建省,莆田市,广东省,广州市,2020,1,0,0
福建省,莆田市,广东省,河源市,2018,1,0,0
福建省,莆田市,广东省,深圳市,2018,1,1,1
福建省,莆田市,广东省,深圳市,2019,1,1,0
福建省,莆田市,广东省,深圳市,2020,2,1,0
福建省,莆田市,广东省,珠海市,2020,1,0,0
福建省,莆田市,河北省,保定市,2019,0,1,0
福建省,莆田市,湖南省,岳阳市,2019,0,1,0
福建省,莆田市,江苏省,南京市,2020,1,0,0
福建省,莆田市,江苏省,南通市,2018,2,2,0
福建省,莆田市,江西省,九江市,2020,2,0,0
福建省,莆田市,山东省,济南市,2018,4,0,0
福建省,莆田市,上海市,上海市,2019,1,0,0
福建省,莆田市,上海市,上海市,2020,1,0,0
福建省,莆田市,天津市,天津市,2020,1,1,0
福建省,莆田市,浙江省,杭州市,2020,1,0,0
福建省,泉州市,安徽省,亳州市,2018,1,0,0
福建省,泉州市,安徽省,宿州市,2020,1,0,0
福建省,泉州市,北京市,北京市,2018,14,5,0
福建省,泉州市,北京市,北京市,2019,13,11,2
福建省,泉州市,北京市,北京市,2020,7,13,2
福建省,泉州市,福建省,晋江市,2020,0,2,3
福建省,泉州市,福建省,南平市,2018,25,0,0
福建省,泉州市,福建省,南平市,2019,13,0,0
福建省,泉州市,福建省,南平市,2020,7,0,0
福建省,泉州市,福建省,宁德市,2018,0,3,0
福建省,泉州市,福建省,三明市,2019,0,1,0
福建省,泉州市,福建省,厦门市,2018,21,14,0
福建省,泉州市,福建省,厦门市,2019,49,29,1
福建省,泉州市,福建省,厦门市,2020,34,38,0
福建省,泉州市,甘肃省,兰州市,2018,1,0,0
福建省,泉州市,甘肃省,兰州市,2020,3,0,0
福建省,泉州市,广东省,东莞市,2020,3,4,0
福建省,泉州市,广东省,广州市,2018,2,0,0
福建省,泉州市,广东省,广州市,2020,0,1,0
福建省,泉州市,广东省,中山市,2019,1,0,0
福建省,泉州市,河北省,沧州市,2019,1,0,0
福建省,泉州市,河北省,承德市,2019,1,0,0
福建省,泉州市,河北省,唐山市,2018,0,1,0
福建省,泉州市,河北省,唐山市,2019,1,1,0
福建省,泉州市,河北省,唐山市,2020,0,1,0
福建省,泉州市,黑龙江省,哈尔滨市,2019,1,0,0
福建省,泉州市,黑龙江省,哈尔滨市,2020,3,4,0
福建省,泉州市,湖北省,武汉市,2018,1,1,0
福建省,泉州市,湖北省,武汉市,2019,2,3,0
福建省,泉州市,湖北省,武汉市,2020,2,0,0
福建省,泉州市,湖南省,常德市,2019,3,0,0
福建省,泉州市,湖南省,常德市,2020,7,0,0
福建省,泉州市,江苏省,常州市,2019,1,1,0
福建省,泉州市,江苏省,常州市,2020,1,1,0
福建省,泉州市,江苏省,南京市,2019,3,3,0
福建省,泉州市,江苏省,南京市,2020,8,4,0
福建省,泉州市,江苏省,南通市,2019,0,1,0
福建省,泉州市,江苏省,无锡市,2019,3,2,0
福建省,泉州市,江苏省,无锡市,2020,2,1,0
福建省,泉州市,江西省,吉安市,2020,5,0,0
福建省,泉州市,江西省,景德镇市,2020,0,1,0
福建省,泉州市,江西省,南昌市,2019,0,1,0
福建省,泉州市,江西省,南昌市,2020,0,8,5
福建省,泉州市,辽宁省,大连市,2020,7,3,0
福建省,泉州市,辽宁省,丹东市,2019,3,1,0
福建省,泉州市,辽宁省,沈阳市,2020,3,0,0
福建省,泉州市,陕西省,咸阳市,2020,0,1,0
福建省,泉州市,上海市,上海市,2018,7,3,0
福建省,泉州市,上海市,上海市,2019,6,2,0
福建省,泉州市,上海市,上海市,2020,0,2,0
福建省,泉州市,四川省,成都市,2018,4,0,0
福建省,泉州市,四川省,成都市,2019,1,0,0
福建省,泉州市,四川省,成都市,2020,2,0,0
福建省,泉州市,四川省,宜宾市,2019,3,0,0
福建省,泉州市,天津市,天津市,2019,2,0,0
福建省,泉州市,西藏自治区,拉萨市,2020,1,7,0
福建省,泉州市,新疆维吾尔自治区,乌鲁木齐市,2020,2,0,0
福建省,泉州市,浙江省,杭州市,2018,1,0,0
福建省,泉州市,浙江省,杭州市,2019,5,2,0
福建省,泉州市,浙江省,杭州市,2020,3,5,0
福建省,泉州市,浙江省,嘉兴市,2019,4,0,0
福建省,泉州市,浙江省,宁波市,2018,3,0,0
福建省,泉州市,浙江省,宁波市,2019,1,0,0
福建省,泉州市,浙江省,宁波市,2020,2,5,0
福建省,厦门市,北京市,北京市,2018,141,45,2
福建省,厦门市,北京市,北京市,2019,160,44,6
福建省,厦门市,北京市,北京市,2020,393,83,14
福建省,厦门市,福建省,南平市,2018,2,0,0
福建省,厦门市,福建省,南平市,2019,1,1,0
福建省,厦门市,福建省,南平市,2020,10,0,0
福建省,厦门市,福建省,三明市,2019,7,33,0
福建省,厦门市,甘肃省,兰州市,2018,3,1,0
福建省,厦门市,甘肃省,兰州市,2019,6,0,0
福建省,厦门市,甘肃省,兰州市,2020,1,3,0
福建省,厦门市,甘肃省,临夏回族自治州,2019,0,4,0
福建省,厦门市,广东省,东莞市,2018,6,1,0
福建省,厦门市,广东省,东莞市,2019,0,1,0
福建省,厦门市,广东省,东莞市,2020,2,1,0
福建省,厦门市,广东省,佛山市,2018,6,0,0
福建省,厦门市,广东省,佛山市,2019,2,0,0
福建省,厦门市,广东省,佛山市,2020,4,0,0
福建省,厦门市,广东省,中山市,2019,1,1,1
福建省,厦门市,广西壮族自治区,南宁市,2019,1,0,0
福建省,厦门市,广西壮族自治区,南宁市,2020,5,1,0
福建省,厦门市,贵州省,六盘水市,2018,2,0,0
福建省,厦门市,贵州省,六盘水市,2020,1,0,0
福建省,厦门市,海南省,三亚市,2018,1,0,0
福建省,厦门市,河北省,保定市,2020,4,2,0
福建省,厦门市,江苏省,南京市,2018,5,0,0
福建省,厦门市,江苏省,南京市,2019,4,0,0
福建省,厦门市,江苏省,南京市,2020,29,9,1
福建省,厦门市,江苏省,南通市,2019,2,0,0
福建省,厦门市,江西省,九江市,2018,2,0,0
福建省,厦门市,江西省,九江市,2020,0,1,0
福建省,厦门市,江西省,南昌市,2018,2,2,0
福建省,厦门市,江西省,南昌市,2020,1,0,0
福建省,厦门市,内蒙古自治区,包头市,2019,2,0,0
福建省,厦门市,山东省,临沂市,2019,1,0,0
福建省,厦门市,上海市,上海市,2018,29,15,0
福建省,厦门市,上海市,上海市,2019,59,52,3
福建省,厦门市,上海市,上海市,2020,71,25,7
福建省,厦门市,新疆维吾尔自治区,乌鲁木齐市,2019,2,3,0
福建省,厦门市,新疆维吾尔自治区,乌鲁木齐市,2020,2,8,0
福建省,漳州市,安徽省,合肥市,2020,2,0,0
福建省,漳州市,北京市,北京市,2018,14,15,0
福建省,漳州市,北京市,北京市,2019,4,5,0
福建省,漳州市,北京市,北京市,2020,14,10,0
福建省,漳州市,福建省,南平市,2019,1,2,0
福建省,漳州市,福建省,南平市,2020,0,2,0
福建省,漳州市,福建省,泉州市,2018,2,6,0
福建省,漳州市,福建省,泉州市,2019,2,7,0
福建省,漳州市,福建省,泉州市,2020,6,1,0
福建省,漳州市,福建省,三明市,2019,3,1,0
福建省,漳州市,福建省,三明市,2020,3,5,0
福建省,漳州市,福建省,厦门市,2018,72,103,0
福建省,漳州市,福建省,厦门市,2019,155,140,12
福建省,漳州市,福建省,厦门市,2020,199,108,14
福建省,漳州市,甘肃省,武威市,2020,4,0,0
福建省,漳州市,广东省,东莞市,2018,1,1,0
福建省,漳州市,广东省,东莞市,2019,3,1,0
福建省,漳州市,广东省,东莞市,2020,1,6,0
福建省,漳州市,广东省,佛山市,2020,1,0,0
福建省,漳州市,广东省,广州市,2018,13,8,0
福建省,漳州市,广东省,广州市,2019,9,1,0
福建省,漳州市,广东省,广州市,2020,10,3,0
福建省,漳州市,广东省,河源市,2018,1,1,0
福建省,漳州市,广东省,河源市,2019,0,1,0
福建省,漳州市,广东省,河源市,2020,2,1,0
福建省,漳州市,广东省,惠州市,2020,0,1,0
福建省,漳州市,广东省,清远市,2018,0,2,0
福建省,漳州市,广东省,清远市,2019,0,2,0
福建省,漳州市,广东省,深圳市,2018,2,2,0
福建省,漳州市,广东省,深圳市,2019,1,8,3
福建省,漳州市,广东省,深圳市,2020,1,9,1
福建省,漳州市,广西壮族自治区,南宁市,2018,1,0,0
福建省,漳州市,广西壮族自治区,南宁市,2019,3,4,0
福建省,漳州市,广西壮族自治区,南宁市,2020,3,1,0
福建省,漳州市,海南省,海口市,2018,3,6,0
福建省,漳州市,海南省,海口市,2019,0,8,0
福建省,漳州市,海南省,海口市,2020,9,0,0
福建省,漳州市,湖北省,武汉市,2019,1,0,0
福建省,漳州市,湖北省,武汉市,2020,2,2,0
福建省,漳州市,湖北省,孝感市,2018,1,0,0
福建省,漳州市,湖北省,孝感市,2019,0,1,0
福建省,漳州市,湖南省,湘潭市,2018,8,0,0
福建省,漳州市,湖南省,湘潭市,2019,2,0,0
福建省,漳州市,湖南省,湘潭市,2020,3,0,0
福建省,漳州市,湖南省,株洲市,2018,6,3,0
福建省,漳州市,江苏省,淮安市,2019,1,0,0
福建省,漳州市,江苏省,淮安市,2020,1,0,0
福建省,漳州市,江苏省,南京市,2019,0,1,0
福建省,漳州市,江苏省,南京市,2020,2,0,0
福建省,漳州市,江苏省,南通市,2018,6,1,0
福建省,漳州市,江苏省,南通市,2019,0,1,0
福建省,漳州市,江苏省,南通市,2020,4,0,0
福建省,漳州市,江苏省,宿迁市,2018,14,1,0
福建省,漳州市,江苏省,宿迁市,2019,0,2,0
福建省,漳州市,江苏省,宿迁市,2020,10,1,0
福建省,漳州市,江苏省,无锡市,2019,1,1,0
福建省,漳州市,江苏省,无锡市,2020,1,0,0
福建省,漳州市,江西省,吉安市,2018,1,0,0
福建省,漳州市,江西省,吉安市,2019,3,3,0
福建省,漳州市,江西省,吉安市,2020,9,2,0
福建省,漳州市,江西省,南昌市,2018,7,2,0
福建省,漳州市,江西省,南昌市,2019,1,1,0
福建省,漳州市,江西省,南昌市,2020,6,1,0
福建省,漳州市,江西省,上饶市,2018,9,3,0
福建省,漳州市,江西省,上饶市,2019,9,0,0
福建省,漳州市,江西省,上饶市,2020,7,0,0
福建省,漳州市,辽宁省,沈阳市,2018,3,2,0
福建省,漳州市,辽宁省,沈阳市,2019,1,0,0
福建省,漳州市,辽宁省,沈阳市,2020,2,0,0
福建省,漳州市,山东省,滨州市,2020,1,0,0
福建省,漳州市,山东省,济南市,2020,1,0,0
福建省,漳州市,山西省,太原市,2020,0,1,0
福建省,漳州市,上海市,上海市,2018,3,0,0
福建省,漳州市,上海市,上海市,2019,1,1,1
福建省,漳州市,上海市,上海市,2020,7,2,0
福建省,漳州市,四川省,成都市,2018,1,1,0
福建省,漳州市,四川省,成都市,2020,2,1,0
福建省,漳州市,四川省,乐山市,2018,1,0,0
福建省,漳州市,天津市,天津市,2019,1,2,0
福建省,漳州市,天津市,天津市,2020,2,0,0
福建省,漳州市,新疆维吾尔自治区,昌吉回族自治州,2020,3,0,0
福建省,漳州市,云南省,大理白族自治州,2019,1,0,0
福建省,漳州市,云南省,昆明市,2019,2,0,0
福建省,漳州市,云南省,昆明市,2020,2,1,0
福建省,漳州市,浙江省,湖州市,2018,1,1,0
福建省,漳州市,浙江省,嘉兴市,2019,2,0,0
福建省,漳州市,浙江省,嘉兴市,2020,2,1,0
福建省,漳州市,浙江省,台州市,2019,0,4,0
福建省,漳州市,浙江省,台州市,2020,2,2,0
甘肃省,白银市,北京市,北京市,2018,3,0,0
甘肃省,白银市,北京市,北京市,2019,6,0,0
甘肃省,白银市,北京市,北京市,2020,6,0,0
甘肃省,白银市,甘肃省,定西市,2020,5,0,0
甘肃省,白银市,甘肃省,兰州市,2018,0,2,0
甘肃省,白银市,甘肃省,兰州市,2019,4,4,0
甘肃省,白银市,甘肃省,兰州市,2020,23,15,0
甘肃省,白银市,甘肃省,临夏回族自治州,2020,0,3,0
甘肃省,白银市,甘肃省,张掖市,2019,1,0,0
甘肃省,白银市,甘肃省,张掖市,2020,2,0,0
甘肃省,白银市,广东省,广州市,2019,1,0,0
甘肃省,白银市,广东省,广州市,2020,2,2,0
甘肃省,白银市,广东省,中山市,2019,2,0,0
甘肃省,白银市,河南省,新乡市,2020,0,2,0
甘肃省,白银市,江苏省,南京市,2020,1,0,0
甘肃省,白银市,山东省,德州市,2020,2,0,0
甘肃省,白银市,四川省,成都市,2018,1,0,0
甘肃省,定西市,北京市,北京市,2020,1,4,0
甘肃省,定西市,甘肃省,兰州市,2018,1,4,0
甘肃省,定西市,甘肃省,兰州市,2019,3,8,2
甘肃省,定西市,甘肃省,兰州市,2020,11,11,2
甘肃省,定西市,吉林省,四平市,2020,0,1,0
甘肃省,定西市,江苏省,南京市,2018,1,0,0
甘肃省,定西市,辽宁省,大连市,2020,0,1,0
甘肃省,定西市,上海市,上海市,2018,5,0,0
甘肃省,定西市,上海市,上海市,2019,1,0,0
甘肃省,甘南藏族自治州,北京市,北京市,2020,12,0,0
甘肃省,甘南藏族自治州,甘肃省,兰州市,2018,1,0,0
甘肃省,甘南藏族自治州,甘肃省,兰州市,2020,23,0,0
甘肃省,甘南藏族自治州,山东省,烟台市,2018,5,0,0
甘肃省,甘南藏族自治州,四川省,成都市,2020,12,0,0
甘肃省,嘉峪关市,安徽省,合肥市,2018,2,0,0
甘肃省,嘉峪关市,北京市,北京市,2018,2,0,0
甘肃省,嘉峪关市,北京市,北京市,2019,2,0,0
甘肃省,嘉峪关市,甘肃省,兰州市,2018,1,0,0
甘肃省,嘉峪关市,甘肃省,兰州市,2019,2,0,0
甘肃省,嘉峪关市,上海市,上海市,2020,1,0,0
甘肃省,金昌市,安徽省,芜湖市,2019,3,1,0
甘肃省,金昌市,安徽省,芜湖市,2020,4,6,0
甘肃省,金昌市,北京市,北京市,2018,5,3,0
甘肃省,金昌市,北京市,北京市,2020,1,2,0
甘肃省,金昌市,甘肃省,兰州市,2018,32,18,0
甘肃省,金昌市,甘肃省,兰州市,2019,34,13,0
甘肃省,金昌市,甘肃省,兰州市,2020,19,9,0
甘肃省,金昌市,江苏省,南京市,2018,1,1,0
甘肃省,金昌市,辽宁省,沈阳市,2020,1,0,0
甘肃省,金昌市,山东省,烟台市,2020,0,2,0
甘肃省,金昌市,陕西省,西安市,2018,2,1,0
甘肃省,金昌市,上海市,上海市,2018,2,2,0
甘肃省,金昌市,四川省,成都市,2018,1,0,0
甘肃省,金昌市,天津市,天津市,2018,1,0,0
甘肃省,金昌市,云南省,昆明市,2020,1,0,0
甘肃省,金昌市,浙江省,嘉兴市,2020,1,1,0
甘肃省,金昌市,浙江省,宁波市,2020,1,0,0
甘肃省,金昌市,重庆市,重庆市,2020,0,1,0
甘肃省,酒泉市,北京市,北京市,2019,5,0,0
甘肃省,酒泉市,北京市,北京市,2020,13,1,0
甘肃省,酒泉市,甘肃省,白银市,2020,1,0,0
甘肃省,酒泉市,甘肃省,嘉峪关市,2019,0,3,0
甘肃省,酒泉市,甘肃省,兰州市,2018,2,0,0
甘肃省,酒泉市,甘肃省,兰州市,2019,11,4,0
甘肃省,酒泉市,甘肃省,兰州市,2020,15,7,0
甘肃省,酒泉市,甘肃省,临夏回族自治州,2020,0,1,0
甘肃省,酒泉市,甘肃省,武威市,2018,0,9,0
甘肃省,酒泉市,黑龙江省,大庆市,2018,1,1,0
甘肃省,酒泉市,青海省,西宁市,2019,1,6,0
甘肃省,酒泉市,陕西省,西安市,2019,2,0,0
甘肃省,酒泉市,陕西省,咸阳市,2020,1,0,0
甘肃省,酒泉市,上海市,上海市,2019,1,0,0
甘肃省,酒泉市,上海市,上海市,2020,0,2,0
甘肃省,酒泉市,四川省,成都市,2020,4,0,0
甘肃省,酒泉市,四川省,德阳市,2020,0,1,0
甘肃省,酒泉市,天津市,天津市,2018,7,21,0
甘肃省,酒泉市,天津市,天津市,2019,2,8,0
甘肃省,酒泉市,天津市,天津市,2020,0,2,0
甘肃省,兰州市,甘肃省,临夏回族自治州,2018,5,8,0
甘肃省,兰州市,甘肃省,临夏回族自治州,2019,2,3,0
甘肃省,兰州市,甘肃省,临夏回族自治州,2020,3,5,0
甘肃省,兰州市,广东省,东莞市,2018,0,1,0
甘肃省,兰州市,河北省,保定市,2020,0,2,0
甘肃省,兰州市,江西省,九江市,2020,3,0,0
甘肃省,兰州市,宁夏回族自治区,中卫市,2018,8,0,0
甘肃省,兰州市,宁夏回族自治区,中卫市,2019,4,0,0
甘肃省,兰州市,宁夏回族自治区,中卫市,2020,3,2,0
甘肃省,兰州市,山东省,东营市,2018,1,0,0
甘肃省,兰州市,山东省,东营市,2020,1,1,0
甘肃省,兰州市,上海市,上海市,2018,30,27,1
甘肃省,兰州市,上海市,上海市,2019,12,18,5
甘肃省,兰州市,上海市,上海市,2020,22,13,1
甘肃省,兰州市,新疆维吾尔自治区,乌鲁木齐市,2018,12,6,0
甘肃省,兰州市,新疆维吾尔自治区,乌鲁木齐市,2019,3,0,0
甘肃省,兰州市,新疆维吾尔自治区,乌鲁木齐市,2020,3,2,0
甘肃省,兰州市,新疆维吾尔自治区,伊犁哈萨克自治州,2018,3,0,0
甘肃省,陇南市,北京市,北京市,2020,2,4,0
甘肃省,陇南市,甘肃省,兰州市,2018,2,1,0
甘肃省,陇南市,甘肃省,兰州市,2020,2,9,0
甘肃省,陇南市,内蒙古自治区,呼和浩特市,2018,2,2,0
甘肃省,陇南市,宁夏回族自治区,银川市,2019,0,1,0
甘肃省,陇南市,上海市,上海市,2020,1,0,0
甘肃省,平凉市,北京市,北京市,2018,1,0,0
甘肃省,平凉市,北京市,北京市,2019,1,2,0
甘肃省,平凉市,北京市,北京市,2020,1,2,0
甘肃省,平凉市,甘肃省,兰州市,2018,2,2,0
甘肃省,平凉市,甘肃省,兰州市,2019,2,5,0
甘肃省,平凉市,甘肃省,兰州市,2020,13,7,0
甘肃省,平凉市,广东省,东莞市,2020,3,11,0
甘肃省,平凉市,江苏省,常州市,2019,0,1,0
甘肃省,平凉市,陕西省,咸阳市,2019,0,3,0
甘肃省,平凉市,上海市,上海市,2018,0,1,0
甘肃省,庆阳市,北京市,北京市,2018,0,5,0
甘肃省,庆阳市,北京市,北京市,2019,3,2,0
甘肃省,庆阳市,北京市,北京市,2020,7,9,0
甘肃省,庆阳市,甘肃省,兰州市,2018,1,3,0
甘肃省,庆阳市,甘肃省,兰州市,2020,1,0,0
甘肃省,庆阳市,黑龙江省,哈尔滨市,2020,5,6,0
甘肃省,庆阳市,江苏省,南京市,2018,0,1,0
甘肃省,庆阳市,内蒙古自治区,呼伦贝尔市,2019,1,1,0
甘肃省,庆阳市,新疆维吾尔自治区,哈密市,2020,0,1,0
甘肃省,天水市,北京市,北京市,2018,2,3,0
甘肃省,天水市,北京市,北京市,2019,6,0,0
甘肃省,天水市,北京市,北京市,2020,5,1,0
甘肃省,天水市,甘肃省,兰州市,2018,1,2,0
甘肃省,天水市,甘肃省,兰州市,2019,6,5,0
甘肃省,天水市,甘肃省,兰州市,2020,4,11,1
甘肃省,天水市,辽宁省,大连市,2018,1,0,0
甘肃省,天水市,上海市,上海市,2018,3,6,3
甘肃省,天水市,上海市,上海市,2019,0,12,0
甘肃省,天水市,上海市,上海市,2020,0,2,0
甘肃省,天水市,浙江省,嘉兴市,2018,2,0,0
甘肃省,天水市,浙江省,台州市,2018,1,0,0
甘肃省,武威市,安徽省,合肥市,2020,2,0,0
甘肃省,武威市,北京市,北京市,2020,0,1,0
甘肃省,武威市,甘肃省,定西市,2020,2,0,0
甘肃省,武威市,甘肃省,兰州市,2018,1,2,0
甘肃省,武威市,甘肃省,兰州市,2019,2,0,0
甘肃省,武威市,甘肃省,兰州市,2020,2,3,1
甘肃省,武威市,广东省,广州市,2020,1,0,0
甘肃省,武威市,江苏省,南通市,2019,1,1,0
甘肃省,武威市,江苏省,扬州市,2019,1,0,0
甘肃省,武威市,宁夏回族自治区,中卫市,2019,1,1,0
甘肃省,武威市,上海市,上海市,2020,3,0,0
甘肃省,武威市,四川省,成都市,2020,1,1,0
甘肃省,武威市,天津市,天津市,2018,0,9,0
甘肃省,武威市,新疆维吾尔自治区,昌吉回族自治州,2020,3,0,0
甘肃省,张掖市,北京市,北京市,2018,2,5,0
甘肃省,张掖市,北京市,北京市,2019,2,3,0
甘肃省,张掖市,北京市,北京市,2020,2,0,0
甘肃省,张掖市,甘肃省,兰州市,2018,8,5,0
甘肃省,张掖市,甘肃省,兰州市,2019,8,3,0
甘肃省,张掖市,甘肃省,兰州市,2020,10,7,0
甘肃省,张掖市,甘肃省,天水市,2018,0,1,0
甘肃省,张掖市,江苏省,南京市,2018,0,2,0
广东省,潮州市,安徽省,合肥市,2018,1,0,0
广东省,潮州市,北京市,北京市,2020,3,1,1
广东省,潮州市,福建省,厦门市,2019,1,3,0
广东省,潮州市,广东省,东莞市,2018,2,1,0
广东省,潮州市,广东省,佛山市,2018,1,1,0
广东省,潮州市,广东省,广州市,2018,18,104,0
广东省,潮州市,广东省,广州市,2019,29,81,2
广东省,潮州市,广东省,广州市,2020,80,29,2
广东省,潮州市,广东省,惠州市,2020,2,0,0
广东省,潮州市,广东省,揭阳市,2019,1,1,0
广东省,潮州市,广东省,汕头市,2018,6,13,0
广东省,潮州市,广东省,汕头市,2019,6,6,0
广东省,潮州市,广东省,汕头市,2020,9,19,0
广东省,潮州市,广东省,深圳市,2019,3,0,0
广东省,潮州市,广东省,深圳市,2020,45,59,0
广东省,潮州市,广西壮族自治区,桂林市,2020,38,54,0
广东省,潮州市,河北省,唐山市,2020,0,1,0
广东省,潮州市,湖北省,武汉市,2018,1,0,0
广东省,潮州市,湖北省,武汉市,2019,1,0,0
广东省,潮州市,湖北省,武汉市,2020,36,50,0
广东省,潮州市,江苏省,徐州市,2018,1,0,0
广东省,潮州市,山东省,济南市,2020,0,0,10
广东省,潮州市,山东省,济宁市,2020,1,0,0
广东省,潮州市,上海市,上海市,2018,1,0,0
广东省,潮州市,上海市,上海市,2019,2,5,0
广东省,潮州市,上海市,上海市,2020,10,24,0
广东省,潮州市,四川省,凉山彝族自治州,2020,1,0,0
广东省,潮州市,四川省,南充市,2019,8,6,0
广东省,潮州市,四川省,南充市,2020,8,9,8
广东省,潮州市,新疆维吾尔自治区,乌鲁木齐市,2019,1,0,0
广东省,潮州市,浙江省,湖州市,2020,0,2,0
广东省,东莞市,福建省,三明市,2018,1,2,0
广东省,东莞市,福建省,三明市,2019,2,2,2
广东省,东莞市,福建省,三明市,2020,1,6,0
广东省,东莞市,江西省,上饶市,2019,1,1,0
广东省,东莞市,上海市,上海市,2018,45,12,0
广东省,东莞市,上海市,上海市,2019,77,10,1
广东省,东莞市,上海市,上海市,2020,46,24,4
广东省,佛山市,广东省,东莞市,2018,6,10,0
广东省,佛山市,广东省,东莞市,2019,11,3,0
广东省,佛山市,广东省,东莞市,2020,6,9,6
广东省,佛山市,广东省,云浮市,2018,7,2,0
广东省,佛山市,广东省,云浮市,2019,7,0,1
广东省,佛山市,广东省,云浮市,2020,5,1,0
广东省,佛山市,广东省,中山市,2018,174,367,0
广东省,佛山市,广东省,中山市,2019,103,218,16
广东省,佛山市,广东省,中山市,2020,99,284,137
广东省,佛山市,江西省,九江市,2018,1,3,0
广东省,佛山市,江西省,九江市,2019,1,0,0
广东省,佛山市,江西省,上饶市,2020,0,1,0
广东省,佛山市,山东省,东营市,2018,1,0,0
广东省,佛山市,山东省,东营市,2019,1,0,0
广东省,佛山市,山东省,临沂市,2020,0,4,0
广东省,佛山市,上海市,上海市,2018,101,69,0
广东省,佛山市,上海市,上海市,2019,22,16,0
广东省,佛山市,上海市,上海市,2020,57,33,2
广东省,佛山市,新疆维吾尔自治区,乌鲁木齐市,2018,6,6,0
广东省,佛山市,新疆维吾尔自治区,乌鲁木齐市,2019,4,3,0
广东省,广州市,安徽省,安庆市,2018,1,0,0
广东省,广州市,安徽省,安庆市,2019,2,0,0
广东省,广州市,安徽省,安庆市,2020,6,1,0
广东省,广州市,安徽省,亳州市,2020,3,0,0
广东省,广州市,安徽省,合肥市,2018,35,43,1
广东省,广州市,安徽省,合肥市,2019,42,25,15
广东省,广州市,安徽省,合肥市,2020,63,103,10
广东省,广州市,安徽省,宣城市,2019,2,0,0
广东省,广州市,安徽省,宣城市,2020,1,1,0
广东省,广州市,北京市,北京市,2018,481,226,3
广东省,广州市,北京市,北京市,2019,352,148,27
广东省,广州市,北京市,北京市,2020,648,257,30
广东省,广州市,福建省,厦门市,2018,17,11,0
广东省,广州市,福建省,厦门市,2019,19,25,0
广东省,广州市,福建省,厦门市,2020,51,69,7
广东省,广州市,甘肃省,定西市,2018,4,1,0
广东省,广州市,甘肃省,定西市,2019,3,2,0
广东省,广州市,甘肃省,定西市,2020,3,2,0
广东省,广州市,甘肃省,兰州市,2018,9,1,0
广东省,广州市,甘肃省,兰州市,2019,3,3,0
广东省,广州市,甘肃省,兰州市,2020,1,4,2
广东省,广州市,甘肃省,天水市,2018,1,0,0
广东省,广州市,广东省,东莞市,2018,379,951,0
广东省,广州市,广东省,东莞市,2019,465,1191,4
广东省,广州市,广东省,东莞市,2020,670,104,7
广东省,广州市,广东省,佛山市,2018,607,273,2
广东省,广州市,广东省,佛山市,2019,469,339,34
广东省,广州市,广东省,佛山市,2020,380,152,32
广东省,广州市,广东省,云浮市,2018,31,39,0
广东省,广州市,广东省,云浮市,2019,38,52,0
广东省,广州市,广东省,云浮市,2020,25,12,0
广东省,广州市,广东省,中山市,2018,170,221,0
广东省,广州市,广东省,中山市,2019,134,157,4
广东省,广州市,广东省,中山市,2020,148,63,4
广东省,广州市,广西壮族自治区,北海市,2018,1,9,0
广东省,广州市,广西壮族自治区,北海市,2019,3,7,0
广东省,广州市,广西壮族自治区,北海市,2020,8,2,0
广东省,广州市,广西壮族自治区,崇左市,2018,1,0,0
广东省,广州市,广西壮族自治区,南宁市,2018,11,4,0
广东省,广州市,广西壮族自治区,南宁市,2019,38,13,2
广东省,广州市,广西壮族自治区,南宁市,2020,69,26,1
广东省,广州市,贵州省,六盘水市,2019,1,0,0
广东省,广州市,海南省,儋州市（含洋浦）,2019,3,0,0
广东省,广州市,海南省,三沙市,2020,1,1,0
广东省,广州市,海南省,三亚市,2018,5,4,0
广东省,广州市,海南省,三亚市,2019,3,0,0
广东省,广州市,海南省,三亚市,2020,7,3,0
广东省,广州市,河北省,保定市,2018,1,0,0
广东省,广州市,河北省,保定市,2019,11,2,0
广东省,广州市,河北省,保定市,2020,5,0,0
广东省,广州市,河北省,唐山市,2020,2,13,0
广东省,广州市,河南省,安阳市,2018,0,1,0
广东省,广州市,河南省,南阳市,2018,1,0,0
广东省,广州市,河南省,南阳市,2019,7,0,0
广东省,广州市,河南省,平顶山市,2020,1,0,0
广东省,广州市,河南省,三门峡市,2018,0,1,0
广东省,广州市,河南省,商丘市,2019,3,0,0
广东省,广州市,河南省,商丘市,2020,13,0,0
广东省,广州市,河南省,信阳市,2018,2,0,0
广东省,广州市,河南省,信阳市,2020,0,1,0
广东省,广州市,黑龙江省,大庆市,2020,2,0,0
广东省,广州市,黑龙江省,哈尔滨市,2018,1,0,0
广东省,广州市,黑龙江省,哈尔滨市,2019,12,5,0
广东省,广州市,黑龙江省,哈尔滨市,2020,9,1,0
广东省,广州市,湖北省,十堰市,2019,1,1,0
广东省,广州市,湖北省,咸宁市,2018,1,0,0
广东省,广州市,湖北省,孝感市,2018,4,2,0
广东省,广州市,湖北省,宜昌市,2018,6,3,0
广东省,广州市,湖北省,宜昌市,2019,5,5,0
广东省,广州市,湖北省,宜昌市,2020,7,3,0
广东省,广州市,湖南省,常德市,2020,1,0,0
广东省,广州市,湖南省,岳阳市,2018,3,3,0
广东省,广州市,湖南省,岳阳市,2019,7,6,0
广东省,广州市,湖南省,岳阳市,2020,8,5,0
广东省,广州市,吉林省,四平市,2020,0,1,0
广东省,广州市,江苏省,常州市,2018,13,8,0
广东省,广州市,江苏省,常州市,2019,22,9,0
广东省,广州市,江苏省,常州市,2020,17,6,0
广东省,广州市,江苏省,南京市,2018,71,28,0
广东省,广州市,江苏省,南京市,2019,65,16,0
广东省,广州市,江苏省,南京市,2020,119,20,0
广东省,广州市,江苏省,南通市,2018,4,3,0
广东省,广州市,江苏省,南通市,2019,6,5,0
广东省,广州市,江苏省,南通市,2020,10,1,0
广东省,广州市,江苏省,宿迁市,2018,6,0,0
广东省,广州市,江苏省,宿迁市,2019,1,0,0
广东省,广州市,江苏省,宿迁市,2020,2,0,0
广东省,广州市,江西省,吉安市,2018,1,0,0
广东省,广州市,江西省,吉安市,2020,3,2,1
广东省,广州市,江西省,九江市,2018,3,0,0
广东省,广州市,江西省,九江市,2020,5,0,0
广东省,广州市,江西省,南昌市,2018,6,9,0
广东省,广州市,江西省,南昌市,2019,12,11,0
广东省,广州市,江西省,南昌市,2020,10,2,0
广东省,广州市,江西省,上饶市,2019,1,0,0
广东省,广州市,江西省,宜春市,2018,2,2,0
广东省,广州市,江西省,宜春市,2019,0,2,0
广东省,广州市,辽宁省,大连市,2018,9,4,0
广东省,广州市,辽宁省,大连市,2019,6,3,0
广东省,广州市,辽宁省,大连市,2020,14,17,1
广东省,广州市,内蒙古自治区,包头市,2020,3,0,0
广东省,广州市,内蒙古自治区,呼和浩特市,2018,0,1,0
广东省,广州市,内蒙古自治区,呼和浩特市,2019,2,3,0
广东省,广州市,内蒙古自治区,呼和浩特市,2020,4,11,1
广东省,广州市,内蒙古自治区,呼伦贝尔市,2020,0,0,1
广东省,广州市,内蒙古自治区,乌兰察布市,2020,0,1,0
广东省,广州市,宁夏回族自治区,固原市,2019,1,0,0
广东省,广州市,宁夏回族自治区,固原市,2020,5,1,0
广东省,广州市,山东省,东营市,2018,1,0,0
广东省,广州市,山东省,东营市,2020,14,10,0
广东省,广州市,山东省,威海市,2018,3,1,0
广东省,广州市,山西省,大同市,2019,2,1,0
广东省,广州市,山西省,临汾市,2019,0,1,0
广东省,广州市,山西省,临汾市,2020,0,0,8
广东省,广州市,山西省,吕梁市,2018,0,1,0
广东省,广州市,山西省,吕梁市,2020,1,0,0
广东省,广州市,山西省,太原市,2018,7,11,0
广东省,广州市,山西省,太原市,2019,15,22,4
广东省,广州市,山西省,太原市,2020,14,12,0
广东省,广州市,陕西省,宝鸡市,2020,1,1,0
广东省,广州市,陕西省,咸阳市,2018,1,0,0
广东省,广州市,陕西省,咸阳市,2019,1,0,0
广东省,广州市,陕西省,咸阳市,2020,2,0,0
广东省,广州市,上海市,上海市,2018,128,57,0
广东省,广州市,上海市,上海市,2019,205,83,5
广东省,广州市,上海市,上海市,2020,241,118,2
广东省,广州市,四川省,凉山彝族自治州,2019,1,0,0
广东省,广州市,四川省,南充市,2018,1,0,0
广东省,广州市,四川省,南充市,2020,1,0,0
广东省,广州市,四川省,宜宾市,2018,0,1,0
广东省,广州市,四川省,宜宾市,2020,3,1,0
广东省,广州市,天津市,天津市,2018,528,198,16
广东省,广州市,天津市,天津市,2019,257,59,7
广东省,广州市,天津市,天津市,2020,43,59,2
广东省,广州市,新疆维吾尔自治区,喀什地区,2018,0,1,0
广东省,广州市,新疆维吾尔自治区,喀什地区,2019,1,0,0
广东省,广州市,新疆维吾尔自治区,克拉玛依市,2020,1,0,0
广东省,广州市,新疆维吾尔自治区,吐鲁番市,2019,1,0,0
广东省,广州市,新疆维吾尔自治区,乌鲁木齐市,2018,1,0,0
广东省,广州市,新疆维吾尔自治区,乌鲁木齐市,2019,3,1,0
广东省,广州市,新疆维吾尔自治区,乌鲁木齐市,2020,4,2,0
广东省,广州市,云南省,保山市,2020,0,1,0
广东省,广州市,云南省,大理白族自治州,2018,4,0,0
广东省,广州市,云南省,大理白族自治州,2019,0,5,0
广东省,广州市,云南省,大理白族自治州,2020,4,0,0
广东省,广州市,浙江省,嘉兴市,2019,1,2,0
广东省,广州市,浙江省,嘉兴市,2020,2,2,0
广东省,广州市,浙江省,丽水市,2019,0,1,0
广东省,广州市,浙江省,宁波市,2018,5,9,0
广东省,广州市,浙江省,宁波市,2019,42,7,0
广东省,广州市,浙江省,宁波市,2020,20,7,0
广东省,广州市,浙江省,台州市,2018,2,1,0
广东省,广州市,浙江省,台州市,2019,2,2,4
广东省,河源市,安徽省,合肥市,2019,1,0,0
广东省,河源市,北京市,北京市,2018,1,3,0
广东省,河源市,北京市,北京市,2019,0,19,0
广东省,河源市,北京市,北京市,2020,4,22,0
广东省,河源市,广东省,东莞市,2019,1,0,0
广东省,河源市,广东省,东莞市,2020,7,1,0
广东省,河源市,广东省,佛山市,2018,4,0,5
广东省,河源市,广东省,佛山市,2019,2,0,0
广东省,河源市,广东省,佛山市,2020,3,0,0
广东省,河源市,广东省,广州市,2018,15,50,0
广东省,河源市,广东省,广州市,2019,46,142,0
广东省,河源市,广东省,广州市,2020,105,32,0
广东省,河源市,广东省,江门市,2020,1,0,0
广东省,河源市,广东省,梅州市,2019,1,0,0
广东省,河源市,广东省,云浮市,2019,1,1,0
广东省,河源市,湖北省,咸宁市,2020,1,0,0
广东省,河源市,湖南省,株洲市,2020,1,0,0
广东省,河源市,江苏省,南京市,2020,1,0,0
广东省,河源市,辽宁省,大连市,2019,0,1,0
广东省,河源市,山东省,威海市,2018,0,2,0
广东省,河源市,上海市,上海市,2018,3,0,0
广东省,河源市,四川省,成都市,2019,1,0,0
广东省,河源市,四川省,成都市,2020,2,0,0
广东省,河源市,天津市,天津市,2018,6,0,0
广东省,河源市,云南省,昆明市,2020,1,0,0
广东省,河源市,浙江省,杭州市,2018,1,0,0
广东省,河源市,浙江省,杭州市,2019,1,0,0
广东省,惠州市,安徽省,合肥市,2020,2,0,0
广东省,惠州市,北京市,北京市,2018,15,22,0
广东省,惠州市,北京市,北京市,2019,5,1,0
广东省,惠州市,北京市,北京市,2020,10,12,4
广东省,惠州市,福建省,厦门市,2018,1,0,0
广东省,惠州市,福建省,厦门市,2020,0,1,0
广东省,惠州市,甘肃省,兰州市,2018,8,2,0
广东省,惠州市,甘肃省,兰州市,2019,5,2,0
广东省,惠州市,甘肃省,兰州市,2020,3,1,0
广东省,惠州市,广东省,东莞市,2018,7,5,0
广东省,惠州市,广东省,东莞市,2019,10,1,0
广东省,惠州市,广东省,东莞市,2020,7,20,6
广东省,惠州市,广东省,佛山市,2018,1,0,0
广东省,惠州市,广东省,佛山市,2020,2,2,0
广东省,惠州市,广东省,广州市,2018,164,563,0
广东省,惠州市,广东省,广州市,2019,114,340,3
广东省,惠州市,广东省,广州市,2020,313,33,9
广东省,惠州市,河北省,唐山市,2019,5,0,0
广东省,惠州市,河北省,唐山市,2020,9,2,0
广东省,惠州市,湖南省,常德市,2020,1,0,0
广东省,惠州市,吉林省,延边朝鲜族自治州,2020,2,3,0
广东省,惠州市,江苏省,常州市,2018,25,45,11
广东省,惠州市,江苏省,常州市,2019,17,0,0
广东省,惠州市,江苏省,常州市,2020,15,8,0
广东省,惠州市,江苏省,南京市,2018,2,0,0
广东省,惠州市,江苏省,南京市,2019,2,0,0
广东省,惠州市,江苏省,南京市,2020,4,0,0
广东省,惠州市,江西省,南昌市,2019,0,11,0
广东省,惠州市,辽宁省,大连市,2020,1,0,0
广东省,惠州市,山东省,德州市,2018,4,0,0
广东省,惠州市,山东省,威海市,2020,1,0,0
广东省,惠州市,上海市,上海市,2018,9,3,0
广东省,惠州市,上海市,上海市,2019,2,14,0
广东省,惠州市,上海市,上海市,2020,3,8,0
广东省,惠州市,天津市,天津市,2019,1,0,0
广东省,江门市,北京市,北京市,2018,19,18,0
广东省,江门市,北京市,北京市,2019,17,5,0
广东省,江门市,北京市,北京市,2020,11,4,0
广东省,江门市,福建省,厦门市,2018,0,1,0
广东省,江门市,广东省,东莞市,2018,4,16,0
广东省,江门市,广东省,东莞市,2019,3,6,5
广东省,江门市,广东省,东莞市,2020,1,14,0
广东省,江门市,广东省,恩平市,2019,0,2,6
广东省,江门市,广东省,恩平市,2020,0,1,6
广东省,江门市,广东省,佛山市,2018,23,13,0
广东省,江门市,广东省,佛山市,2019,17,13,23
广东省,江门市,广东省,佛山市,2020,0,7,0
广东省,江门市,广东省,广州市,2018,123,184,4
广东省,江门市,广东省,广州市,2019,114,134,1
广东省,江门市,广东省,广州市,2020,130,41,1
广东省,江门市,广东省,惠州市,2018,1,1,0
广东省,江门市,广东省,揭阳市,2019,1,0,0
广东省,江门市,广东省,中山市,2018,0,3,0
广东省,江门市,广东省,中山市,2020,2,0,0
广东省,江门市,广西壮族自治区,南宁市,2020,2,0,0
广东省,江门市,河北省,廊坊市,2018,1,0,0
广东省,江门市,湖北省,武汉市,2018,8,1,0
广东省,江门市,湖北省,武汉市,2019,3,1,0
广东省,江门市,湖北省,武汉市,2020,7,1,0
广东省,江门市,湖南省,常德市,2018,4,5,0
广东省,江门市,湖南省,常德市,2019,1,1,0
广东省,江门市,湖南省,常德市,2020,1,8,0
广东省,江门市,江苏省,常州市,2020,0,1,0
广东省,江门市,江苏省,南京市,2019,2,0,0
广东省,江门市,江苏省,南京市,2020,1,4,0
广东省,江门市,江苏省,无锡市,2019,4,4,0
广东省,江门市,江苏省,无锡市,2020,3,9,0
广东省,江门市,江苏省,扬州市,2020,8,4,0
广东省,江门市,江西省,景德镇市,2018,3,0,0
广东省,江门市,江西省,南昌市,2020,3,0,0
广东省,江门市,山西省,吕梁市,2018,12,0,0
广东省,江门市,上海市,上海市,2018,6,1,0
广东省,江门市,上海市,上海市,2019,4,1,0
广东省,江门市,上海市,上海市,2020,2,0,0
广东省,江门市,四川省,成都市,2019,1,0,0
广东省,江门市,天津市,天津市,2019,5,0,0
广东省,江门市,西藏自治区,拉萨市,2020,0,2,0
广东省,江门市,浙江省,杭州市,2018,2,1,0
广东省,江门市,浙江省,杭州市,2019,1,0,0
广东省,江门市,浙江省,杭州市,2020,1,0,0
广东省,揭阳市,北京市,北京市,2018,8,0,0
广东省,揭阳市,北京市,北京市,2019,3,0,0
广东省,揭阳市,北京市,北京市,2020,0,1,0
广东省,揭阳市,广东省,佛山市,2018,0,1,1
广东省,揭阳市,广东省,广州市,2018,67,82,0
广东省,揭阳市,广东省,广州市,2019,32,132,0
广东省,揭阳市,广东省,广州市,2020,53,24,0
广东省,揭阳市,广东省,惠州市,2019,2,0,0
广东省,揭阳市,广东省,惠州市,2020,2,2,0
广东省,揭阳市,河北省,唐山市,2020,1,1,0
广东省,揭阳市,江苏省,南京市,2018,2,1,0
广东省,揭阳市,上海市,上海市,2018,6,2,0
广东省,揭阳市,上海市,上海市,2019,1,0,0
广东省,揭阳市,上海市,上海市,2020,2,0,0
广东省,揭阳市,四川省,成都市,2020,2,0,0
广东省,茂名市,北京市,北京市,2018,2,9,0
广东省,茂名市,北京市,北京市,2019,0,5,0
广东省,茂名市,北京市,北京市,2020,9,4,0
广东省,茂名市,福建省,漳州市,2018,3,2,0
广东省,茂名市,福建省,漳州市,2019,3,0,0
广东省,茂名市,福建省,漳州市,2020,6,3,0
广东省,茂名市,甘肃省,武威市,2020,0,1,0
广东省,茂名市,广东省,潮州市,2020,1,0,0
广东省,茂名市,广东省,佛山市,2020,1,0,0
广东省,茂名市,广东省,广州市,2018,35,31,0
广东省,茂名市,广东省,广州市,2019,36,65,1
广东省,茂名市,广东省,广州市,2020,40,16,0
广东省,茂名市,广东省,惠州市,2020,2,0,0
广东省,茂名市,广东省,梅州市,2019,5,5,0
广东省,茂名市,广东省,清远市,2019,0,5,0
广东省,茂名市,广东省,汕头市,2020,2,0,0
广东省,茂名市,广东省,深圳市,2020,5,0,0
广东省,茂名市,广东省,云浮市,2019,4,13,0
广东省,茂名市,广东省,云浮市,2020,0,8,0
广东省,茂名市,广东省,湛江市,2018,2,0,0
广东省,茂名市,广东省,湛江市,2020,7,1,0
广东省,茂名市,广东省,中山市,2018,2,0,0
广东省,茂名市,广西壮族自治区,桂林市,2020,6,0,0
广东省,茂名市,广西壮族自治区,南宁市,2018,3,8,0
广东省,茂名市,广西壮族自治区,南宁市,2020,0,1,0
广东省,茂名市,海南省,海口市,2020,1,0,0
广东省,茂名市,河北省,秦皇岛市,2020,1,0,0
广东省,茂名市,湖北省,武汉市,2018,1,0,0
广东省,茂名市,湖北省,武汉市,2020,1,0,0
广东省,茂名市,湖北省,孝感市,2020,0,1,0
广东省,茂名市,江苏省,南京市,2018,1,1,0
广东省,茂名市,江苏省,南京市,2020,2,1,0
广东省,茂名市,江苏省,南通市,2018,1,0,0
广东省,茂名市,江苏省,宿迁市,2018,3,2,0
广东省,茂名市,江苏省,宿迁市,2019,0,1,0
广东省,茂名市,江苏省,宿迁市,2020,2,1,0
广东省,茂名市,江西省,吉安市,2020,0,2,0
广东省,茂名市,江西省,南昌市,2018,0,1,0
广东省,茂名市,江西省,南昌市,2019,0,1,0
广东省,茂名市,辽宁省,大连市,2020,3,0,0
广东省,茂名市,辽宁省,沈阳市,2018,0,3,0
广东省,茂名市,内蒙古自治区,呼和浩特市,2020,0,1,0
广东省,茂名市,山东省,济宁市,2020,4,0,0
广东省,茂名市,山西省,晋中市,2020,0,2,0
广东省,茂名市,陕西省,咸阳市,2020,1,1,0
广东省,茂名市,上海市,上海市,2019,5,6,0
广东省,茂名市,上海市,上海市,2020,1,1,0
广东省,茂名市,四川省,成都市,2018,0,1,0
广东省,茂名市,四川省,成都市,2019,0,2,0
广东省,茂名市,天津市,天津市,2019,0,2,0
广东省,茂名市,新疆维吾尔自治区,自治区直辖县级行政区划,2020,3,0,0
广东省,梅州市,甘肃省,定西市,2018,4,1,0
广东省,梅州市,甘肃省,定西市,2019,3,2,0
广东省,梅州市,甘肃省,定西市,2020,3,2,0
广东省,梅州市,广东省,东莞市,2018,0,2,0
广东省,梅州市,广东省,广州市,2018,53,144,0
广东省,梅州市,广东省,广州市,2019,65,128,0
广东省,梅州市,广东省,广州市,2020,39,48,4
广东省,梅州市,江苏省,南京市,2018,2,1,0
广东省,梅州市,江苏省,南京市,2019,0,2,0
广东省,梅州市,上海市,上海市,2018,0,1,0
广东省,梅州市,上海市,上海市,2019,2,2,0
广东省,梅州市,上海市,上海市,2020,2,4,0
广东省,清远市,安徽省,合肥市,2019,2,0,0
广东省,清远市,北京市,北京市,2018,0,9,0
广东省,清远市,北京市,北京市,2019,0,5,0
广东省,清远市,北京市,北京市,2020,16,38,0
广东省,清远市,福建省,宁德市,2020,1,0,0
广东省,清远市,广东省,东莞市,2018,7,5,0
广东省,清远市,广东省,东莞市,2019,24,0,0
广东省,清远市,广东省,东莞市,2020,28,9,0
广东省,清远市,广东省,佛山市,2018,57,48,0
广东省,清远市,广东省,佛山市,2019,77,50,166
广东省,清远市,广东省,佛山市,2020,53,96,297
广东省,清远市,广东省,广州市,2018,214,235,0
广东省,清远市,广东省,广州市,2019,74,138,2
广东省,清远市,广东省,广州市,2020,109,69,1
广东省,清远市,广东省,惠州市,2018,0,5,0
广东省,清远市,广东省,惠州市,2020,3,1,0
广东省,清远市,广东省,江门市,2018,0,3,1
广东省,清远市,广东省,江门市,2019,1,0,28
广东省,清远市,广东省,江门市,2020,0,4,0
广东省,清远市,广东省,梅州市,2018,1,0,0
广东省,清远市,广东省,深圳市,2018,9,5,0
广东省,清远市,广东省,深圳市,2019,8,0,0
广东省,清远市,广东省,深圳市,2020,11,0,0
广东省,清远市,广西壮族自治区,南宁市,2020,1,0,0
广东省,清远市,广西壮族自治区,梧州市,2020,3,3,0
广东省,清远市,河北省,保定市,2020,4,7,0
广东省,清远市,河南省,商丘市,2019,0,1,0
广东省,清远市,河南省,周口市,2019,0,1,0
广东省,清远市,黑龙江省,哈尔滨市,2018,1,0,0
广东省,清远市,湖北省,武汉市,2018,2,0,0
广东省,清远市,湖北省,武汉市,2019,3,1,0
广东省,清远市,湖北省,武汉市,2020,4,1,0
广东省,清远市,湖北省,咸宁市,2020,6,0,0
广东省,清远市,湖南省,常德市,2018,0,3,0
广东省,清远市,湖南省,常德市,2019,2,0,0
广东省,清远市,湖南省,常德市,2020,0,2,0
广东省,清远市,江苏省,淮安市,2020,0,2,2
广东省,清远市,江苏省,南京市,2020,2,0,0
广东省,清远市,江苏省,无锡市,2020,1,1,0
广东省,清远市,江苏省,徐州市,2019,3,0,0
广东省,清远市,江苏省,徐州市,2020,3,2,0
广东省,清远市,江西省,吉安市,2018,2,5,0
广东省,清远市,江西省,吉安市,2019,2,1,0
广东省,清远市,江西省,吉安市,2020,0,6,0
广东省,清远市,江西省,景德镇市,2020,1,0,0
广东省,清远市,江西省,宜春市,2018,19,15,76
广东省,清远市,江西省,宜春市,2019,30,7,0
广东省,清远市,江西省,宜春市,2020,27,8,0
广东省,清远市,山东省,临沂市,2018,1,0,0
广东省,清远市,山东省,临沂市,2019,3,0,0
广东省,清远市,山东省,淄博市,2018,5,2,0
广东省,清远市,山东省,淄博市,2019,5,2,0
广东省,清远市,山东省,淄博市,2020,11,2,0
广东省,清远市,山西省,大同市,2018,1,1,0
广东省,清远市,山西省,太原市,2018,1,1,0
广东省,清远市,上海市,上海市,2018,0,2,0
广东省,清远市,上海市,上海市,2020,1,0,0
广东省,清远市,天津市,天津市,2018,1,0,0
广东省,清远市,天津市,天津市,2020,1,0,0
广东省,清远市,新疆维吾尔自治区,昌吉回族自治州,2018,1,0,0
广东省,清远市,新疆维吾尔自治区,昌吉回族自治州,2019,1,0,0
广东省,清远市,云南省,昆明市,2019,0,1,0
广东省,清远市,浙江省,杭州市,2018,1,1,0
广东省,清远市,浙江省,杭州市,2019,1,1,0
广东省,清远市,浙江省,杭州市,2020,1,0,0
广东省,汕头市,北京市,北京市,2018,1,0,0
广东省,汕头市,北京市,北京市,2019,3,1,3
广东省,汕头市,北京市,北京市,2020,14,5,1
广东省,汕头市,福建省,厦门市,2019,1,0,0
广东省,汕头市,广东省,东莞市,2018,2,1,0
广东省,汕头市,广东省,东莞市,2019,1,0,0
广东省,汕头市,广东省,广州市,2018,122,208,15
广东省,汕头市,广东省,广州市,2019,98,222,237
广东省,汕头市,广东省,广州市,2020,122,94,337
广东省,汕头市,广东省,惠州市,2020,0,1,0
广东省,汕头市,广东省,揭阳市,2018,1,1,0
广东省,汕头市,广东省,揭阳市,2019,2,1,0
广东省,汕头市,广东省,梅州市,2018,1,0,0
广东省,汕头市,广东省,梅州市,2019,1,0,0
广东省,汕头市,广东省,梅州市,2020,0,8,0
广东省,汕头市,河北省,廊坊市,2020,1,0,0
广东省,汕头市,河南省,安阳市,2020,5,0,0
广东省,汕头市,河南省,南阳市,2020,1,0,0
广东省,汕头市,河南省,新乡市,2020,3,0,0
广东省,汕头市,河南省,信阳市,2020,1,0,0
广东省,汕头市,黑龙江省,哈尔滨市,2018,1,0,0
广东省,汕头市,黑龙江省,哈尔滨市,2019,4,0,0
广东省,汕头市,黑龙江省,哈尔滨市,2020,1,0,0
广东省,汕头市,湖北省,武汉市,2019,2,1,0
广东省,汕头市,吉林省,延边朝鲜族自治州,2018,4,5,0
广东省,汕头市,吉林省,延边朝鲜族自治州,2019,4,1,0
广东省,汕头市,吉林省,延边朝鲜族自治州,2020,3,4,0
广东省,汕头市,江苏省,常州市,2019,5,1,0
广东省,汕头市,江苏省,南京市,2018,3,3,0
广东省,汕头市,江苏省,南京市,2020,3,0,0
广东省,汕头市,江苏省,南通市,2020,1,1,0
广东省,汕头市,江苏省,无锡市,2019,1,0,0
广东省,汕头市,江西省,吉安市,2018,2,0,0
广东省,汕头市,江西省,南昌市,2019,3,0,0
广东省,汕头市,内蒙古自治区,呼和浩特市,2020,3,0,0
广东省,汕头市,上海市,上海市,2019,5,2,0
广东省,汕头市,上海市,上海市,2020,41,1,0
广东省,汕头市,四川省,成都市,2018,2,2,0
广东省,汕头市,四川省,成都市,2019,3,1,0
广东省,汕头市,四川省,广安市,2019,1,1,0
广东省,汕头市,天津市,天津市,2020,1,0,0
广东省,汕头市,浙江省,杭州市,2019,2,0,0
广东省,汕头市,浙江省,宁波市,2020,1,0,0
广东省,汕尾市,北京市,北京市,2019,2,0,0
广东省,汕尾市,北京市,北京市,2020,1,0,0
广东省,汕尾市,广东省,佛山市,2019,1,0,0
广东省,汕尾市,广东省,广州市,2018,12,22,0
广东省,汕尾市,广东省,广州市,2019,30,28,1
广东省,汕尾市,广东省,广州市,2020,29,1,0
广东省,汕尾市,广东省,惠州市,2019,2,2,0
广东省,汕尾市,广东省,惠州市,2020,1,0,0
广东省,汕尾市,湖北省,武汉市,2018,2,0,0
广东省,汕尾市,湖北省,武汉市,2019,0,1,0
广东省,汕尾市,湖北省,武汉市,2020,1,0,0
广东省,汕尾市,江苏省,南通市,2020,1,0,0
广东省,汕尾市,上海市,上海市,2020,0,1,0
广东省,汕尾市,四川省,成都市,2020,0,1,0
广东省,韶关市,北京市,北京市,2018,25,1,0
广东省,韶关市,北京市,北京市,2020,7,1,0
广东省,韶关市,福建省,漳州市,2018,1,0,0
广东省,韶关市,广东省,东莞市,2018,24,4,0
广东省,韶关市,广东省,东莞市,2019,25,12,4
广东省,韶关市,广东省,东莞市,2020,10,5,0
广东省,韶关市,广东省,佛山市,2018,104,1,0
广东省,韶关市,广东省,佛山市,2019,92,3,0
广东省,韶关市,广东省,佛山市,2020,22,3,0
广东省,韶关市,广东省,广州市,2018,78,57,0
广东省,韶关市,广东省,广州市,2019,38,47,0
广东省,韶关市,广东省,广州市,2020,97,48,0
广东省,韶关市,广东省,惠州市,2020,3,0,0
广东省,韶关市,广东省,清远市,2018,3,3,0
广东省,韶关市,广东省,清远市,2020,0,2,0
广东省,韶关市,广东省,深圳市,2018,3,16,0
广东省,韶关市,广东省,深圳市,2019,13,24,0
广东省,韶关市,广东省,深圳市,2020,19,32,0
广东省,韶关市,广东省,肇庆市,2019,1,0,0
广东省,韶关市,广东省,肇庆市,2020,2,0,0
广东省,韶关市,广东省,珠海市,2019,1,0,0
广东省,韶关市,广东省,珠海市,2020,3,3,0
广东省,韶关市,贵州省,贵阳市,2018,5,10,0
广东省,韶关市,贵州省,贵阳市,2019,3,6,0
广东省,韶关市,贵州省,贵阳市,2020,70,18,0
广东省,韶关市,海南省,海口市,2020,2,0,0
广东省,韶关市,海南省,省直辖县级行政区划,2020,3,3,0
广东省,韶关市,河南省,洛阳市,2018,5,10,0
广东省,韶关市,河南省,洛阳市,2019,0,4,0
广东省,韶关市,湖北省,武汉市,2018,5,2,0
广东省,韶关市,湖北省,武汉市,2019,3,0,0
广东省,韶关市,湖北省,武汉市,2020,7,0,0
广东省,韶关市,湖南省,长沙市,2018,5,1,0
广东省,韶关市,湖南省,长沙市,2019,6,9,0
广东省,韶关市,湖南省,长沙市,2020,5,1,0
广东省,韶关市,湖南省,衡阳市,2020,3,1,0
广东省,韶关市,湖南省,娄底市,2018,4,0,0
广东省,韶关市,湖南省,娄底市,2019,3,0,0
广东省,韶关市,湖南省,娄底市,2020,7,0,0
广东省,韶关市,湖南省,岳阳市,2019,4,0,0
广东省,韶关市,吉林省,长春市,2018,3,2,0
广东省,韶关市,吉林省,长春市,2019,1,0,0
广东省,韶关市,江苏省,常州市,2018,3,0,0
广东省,韶关市,江苏省,南京市,2018,0,4,0
广东省,韶关市,江苏省,南京市,2020,1,0,0
广东省,韶关市,江苏省,苏州市,2018,1,0,0
广东省,韶关市,江苏省,苏州市,2020,2,2,0
广东省,韶关市,江西省,赣州市,2018,1,0,0
广东省,韶关市,江西省,赣州市,2019,1,1,0
广东省,韶关市,江西省,赣州市,2020,1,0,0
广东省,韶关市,江西省,南昌市,2020,1,0,0
广东省,韶关市,山东省,滨州市,2020,3,3,0
广东省,韶关市,山东省,潍坊市,2018,4,2,0
广东省,韶关市,上海市,上海市,2019,1,1,0
广东省,韶关市,上海市,上海市,2020,1,0,0
广东省,韶关市,四川省,成都市,2018,5,2,0
广东省,韶关市,四川省,成都市,2019,1,2,0
广东省,韶关市,四川省,成都市,2020,9,0,0
广东省,韶关市,四川省,绵阳市,2018,1,0,0
广东省,韶关市,四川省,南充市,2019,3,14,0
广东省,韶关市,四川省,南充市,2020,5,9,1
广东省,韶关市,天津市,天津市,2020,2,2,0
广东省,韶关市,浙江省,东阳市,2020,0,4,0
广东省,深圳市,安徽省,安庆市,2020,1,1,0
广东省,深圳市,安徽省,合肥市,2018,27,7,0
广东省,深圳市,安徽省,合肥市,2019,30,6,0
广东省,深圳市,安徽省,合肥市,2020,39,17,6
广东省,深圳市,安徽省,淮北市,2020,4,2,1
广东省,深圳市,安徽省,六安市,2018,3,14,0
广东省,深圳市,安徽省,宿州市,2018,2,0,0
广东省,深圳市,安徽省,宿州市,2020,1,1,0
广东省,深圳市,安徽省,宣城市,2018,2,0,1
广东省,深圳市,安徽省,宣城市,2019,1,1,0
广东省,深圳市,安徽省,宣城市,2020,4,2,0
广东省,深圳市,北京市,北京市,2018,755,217,3
广东省,深圳市,北京市,北京市,2019,631,220,38
广东省,深圳市,北京市,北京市,2020,699,230,56
广东省,深圳市,福建省,南平市,2019,2,6,0
广东省,深圳市,福建省,宁德市,2018,5,9,0
广东省,深圳市,福建省,宁德市,2019,9,3,0
广东省,深圳市,福建省,宁德市,2020,4,1,0
广东省,深圳市,福建省,泉州市,2018,5,5,0
广东省,深圳市,福建省,泉州市,2019,1,0,0
广东省,深圳市,福建省,泉州市,2020,10,1,0
广东省,深圳市,福建省,三明市,2018,2,0,0
广东省,深圳市,福建省,三明市,2019,0,3,0
广东省,深圳市,福建省,三明市,2020,11,2,0
广东省,深圳市,福建省,厦门市,2018,62,32,0
广东省,深圳市,福建省,厦门市,2019,33,20,1
广东省,深圳市,福建省,厦门市,2020,50,13,9
广东省,深圳市,甘肃省,兰州市,2018,6,3,0
广东省,深圳市,甘肃省,兰州市,2019,2,1,0
广东省,深圳市,甘肃省,兰州市,2020,2,1,0
广东省,深圳市,甘肃省,平凉市,2019,0,1,0
广东省,深圳市,甘肃省,平凉市,2020,0,1,0
广东省,深圳市,广东省,东莞市,2018,399,327,25
广东省,深圳市,广东省,东莞市,2019,542,389,54
广东省,深圳市,广东省,东莞市,2020,596,317,46
广东省,深圳市,广东省,佛山市,2018,21,29,0
广东省,深圳市,广东省,佛山市,2019,24,30,0
广东省,深圳市,广东省,佛山市,2020,52,21,6
广东省,深圳市,广东省,广州市,2018,428,259,11
广东省,深圳市,广东省,广州市,2019,326,212,21
广东省,深圳市,广东省,广州市,2020,324,221,11
广东省,深圳市,广东省,河源市,2018,19,10,0
广东省,深圳市,广东省,河源市,2019,15,22,0
广东省,深圳市,广东省,河源市,2020,17,17,4
广东省,深圳市,广东省,惠州市,2018,109,193,11
广东省,深圳市,广东省,惠州市,2019,102,134,62
广东省,深圳市,广东省,惠州市,2020,148,180,25
广东省,深圳市,广东省,江门市,2018,24,43,0
广东省,深圳市,广东省,江门市,2019,9,10,1
广东省,深圳市,广东省,江门市,2020,12,17,1
广东省,深圳市,广东省,揭阳市,2018,14,15,0
广东省,深圳市,广东省,揭阳市,2019,9,2,0
广东省,深圳市,广东省,揭阳市,2020,6,2,0
广东省,深圳市,广东省,梅州市,2018,4,1,0
广东省,深圳市,广东省,梅州市,2019,1,1,1
广东省,深圳市,广东省,梅州市,2020,1,3,1
广东省,深圳市,广东省,普宁市,2020,0,0,1
广东省,深圳市,广东省,汕头市,2018,0,2,0
广东省,深圳市,广东省,汕头市,2019,12,17,0
广东省,深圳市,广东省,汕头市,2020,3,5,1
广东省,深圳市,广东省,汕尾市,2018,15,11,0
广东省,深圳市,广东省,汕尾市,2019,18,26,0
广东省,深圳市,广东省,汕尾市,2020,15,23,0
广东省,深圳市,广东省,云浮市,2018,1,11,0
广东省,深圳市,广东省,云浮市,2019,2,0,0
广东省,深圳市,广东省,云浮市,2020,1,1,0
广东省,深圳市,广东省,中山市,2018,8,8,0
广东省,深圳市,广东省,中山市,2019,18,25,2
广东省,深圳市,广东省,中山市,2020,20,16,1
广东省,深圳市,广西壮族自治区,北海市,2019,0,1,0
广东省,深圳市,广西壮族自治区,北海市,2020,56,16,0
广东省,深圳市,广西壮族自治区,桂林市,2018,2,0,0
广东省,深圳市,广西壮族自治区,桂林市,2019,3,5,0
广东省,深圳市,广西壮族自治区,桂林市,2020,40,60,0
广东省,深圳市,广西壮族自治区,来宾市,2019,2,0,0
广东省,深圳市,广西壮族自治区,柳州市,2018,0,2,0
广东省,深圳市,广西壮族自治区,柳州市,2019,11,28,0
广东省,深圳市,广西壮族自治区,柳州市,2020,0,15,0
广东省,深圳市,广西壮族自治区,南宁市,2018,13,19,0
广东省,深圳市,广西壮族自治区,南宁市,2019,4,2,1
广东省,深圳市,广西壮族自治区,南宁市,2020,14,13,3
广东省,深圳市,广西壮族自治区,梧州市,2019,0,12,0
广东省,深圳市,广西壮族自治区,梧州市,2020,1,0,0
广东省,深圳市,贵州省,毕节市,2020,1,0,0
广东省,深圳市,贵州省,六盘水市,2020,0,4,0
广东省,深圳市,海南省,海口市,2018,3,1,0
广东省,深圳市,海南省,海口市,2019,3,3,0
广东省,深圳市,海南省,海口市,2020,0,27,0
广东省,深圳市,海南省,三亚市,2019,0,1,0
广东省,深圳市,海南省,三亚市,2020,20,6,0
广东省,深圳市,河北省,保定市,2018,27,16,16
广东省,深圳市,河北省,保定市,2019,16,16,4
广东省,深圳市,河北省,保定市,2020,25,6,5
广东省,深圳市,河北省,承德市,2020,1,0,0
广东省,深圳市,河北省,廊坊市,2018,15,0,0
广东省,深圳市,河北省,廊坊市,2019,18,9,0
广东省,深圳市,河北省,廊坊市,2020,28,36,0
广东省,深圳市,河北省,唐山市,2018,1,0,0
广东省,深圳市,河北省,张家口市,2018,0,1,0
广东省,深圳市,河北省,张家口市,2019,1,0,0
广东省,深圳市,河北省,张家口市,2020,2,2,0
广东省,深圳市,河南省,安阳市,2020,1,9,0
广东省,深圳市,河南省,开封市,2020,1,0,0
广东省,深圳市,河南省,洛阳市,2018,5,16,0
广东省,深圳市,河南省,洛阳市,2019,4,9,0
广东省,深圳市,河南省,洛阳市,2020,9,2,0
广东省,深圳市,河南省,南阳市,2018,1,1,0
广东省,深圳市,河南省,南阳市,2019,0,1,0
广东省,深圳市,河南省,南阳市,2020,2,0,0
广东省,深圳市,河南省,平顶山市,2019,1,0,0
广东省,深圳市,河南省,三门峡市,2020,3,2,0
广东省,深圳市,河南省,商丘市,2020,0,10,0
广东省,深圳市,河南省,新乡市,2019,4,0,0
广东省,深圳市,河南省,新乡市,2020,8,43,4
广东省,深圳市,河南省,周口市,2018,1,2,0
广东省,深圳市,河南省,周口市,2019,1,1,0
广东省,深圳市,黑龙江省,哈尔滨市,2018,10,0,0
广东省,深圳市,黑龙江省,哈尔滨市,2019,16,2,1
广东省,深圳市,黑龙江省,哈尔滨市,2020,29,8,0
广东省,深圳市,湖北省,十堰市,2018,7,0,0
广东省,深圳市,湖北省,十堰市,2019,9,0,0
广东省,深圳市,湖北省,十堰市,2020,5,3,0
广东省,深圳市,湖北省,武汉市,2018,126,72,2
广东省,深圳市,湖北省,武汉市,2019,166,64,5
广东省,深圳市,湖北省,武汉市,2020,127,101,23
广东省,深圳市,湖北省,咸宁市,2018,1,0,0
广东省,深圳市,湖北省,咸宁市,2019,12,0,0
广东省,深圳市,湖北省,咸宁市,2020,25,33,0
广东省,深圳市,湖北省,孝感市,2018,11,4,0
广东省,深圳市,湖北省,孝感市,2019,10,6,1
广东省,深圳市,湖北省,孝感市,2020,13,15,0
广东省,深圳市,湖北省,宜昌市,2018,5,3,0
广东省,深圳市,湖北省,宜昌市,2019,10,22,0
广东省,深圳市,湖北省,宜昌市,2020,21,22,0
广东省,深圳市,湖南省,常德市,2019,2,5,0
广东省,深圳市,湖南省,常德市,2020,1,1,4
广东省,深圳市,湖南省,娄底市,2018,3,6,0
广东省,深圳市,湖南省,娄底市,2019,0,3,2
广东省,深圳市,湖南省,永州市,2019,0,0,1
广东省,深圳市,湖南省,岳阳市,2019,0,0,2
广东省,深圳市,湖南省,株洲市,2018,6,3,0
广东省,深圳市,湖南省,株洲市,2019,15,9,3
广东省,深圳市,湖南省,株洲市,2020,1,0,0
广东省,深圳市,吉林省,吉林市,2018,3,1,0
广东省,深圳市,吉林省,吉林市,2019,2,0,0
广东省,深圳市,吉林省,吉林市,2020,1,0,0
广东省,深圳市,吉林省,延边朝鲜族自治州,2019,0,2,0
广东省,深圳市,吉林省,延边朝鲜族自治州,2020,1,0,0
广东省,深圳市,江苏省,常州市,2018,52,59,11
广东省,深圳市,江苏省,常州市,2019,40,8,1
广东省,深圳市,江苏省,常州市,2020,77,109,0
广东省,深圳市,江苏省,淮安市,2018,23,9,0
广东省,深圳市,江苏省,淮安市,2019,61,10,1
广东省,深圳市,江苏省,淮安市,2020,97,3,0
广东省,深圳市,江苏省,廊坊市,2018,0,17,0
广东省,深圳市,江苏省,南京市,2018,166,109,0
广东省,深圳市,江苏省,南京市,2019,174,133,1
广东省,深圳市,江苏省,南京市,2020,287,90,26
广东省,深圳市,江苏省,南通市,2018,37,42,0
广东省,深圳市,江苏省,南通市,2019,43,59,0
广东省,深圳市,江苏省,南通市,2020,33,34,2
广东省,深圳市,江苏省,宿迁市,2020,1,0,0
广东省,深圳市,江苏省,泰州市,2018,20,1,0
广东省,深圳市,江苏省,泰州市,2019,3,0,0
广东省,深圳市,江苏省,泰州市,2020,2,5,0
广东省,深圳市,江苏省,无锡市,2018,64,22,0
广东省,深圳市,江苏省,无锡市,2019,31,11,0
广东省,深圳市,江苏省,无锡市,2020,65,24,3
广东省,深圳市,江苏省,徐州市,2018,24,38,0
广东省,深圳市,江苏省,徐州市,2019,25,18,3
广东省,深圳市,江苏省,徐州市,2020,29,56,0
广东省,深圳市,江苏省,扬州市,2018,25,45,0
广东省,深圳市,江苏省,扬州市,2019,19,41,7
广东省,深圳市,江苏省,扬州市,2020,18,44,7
广东省,深圳市,江西省,吉安市,2018,18,58,1
广东省,深圳市,江西省,吉安市,2019,39,82,3
广东省,深圳市,江西省,吉安市,2020,52,79,2
广东省,深圳市,江西省,九江市,2019,0,6,0
广东省,深圳市,江西省,九江市,2020,0,1,0
广东省,深圳市,江西省,南昌市,2018,38,20,0
广东省,深圳市,江西省,南昌市,2019,47,33,0
广东省,深圳市,江西省,南昌市,2020,21,9,0
广东省,深圳市,江西省,上饶市,2020,2,1,0
广东省,深圳市,江西省,宜春市,2018,18,18,0
广东省,深圳市,江西省,宜春市,2019,1,0,0
广东省,深圳市,江西省,宜春市,2020,3,2,0
广东省,深圳市,辽宁省,本溪市,2018,0,1,0
广东省,深圳市,辽宁省,本溪市,2019,1,1,0
广东省,深圳市,辽宁省,大连市,2018,11,10,0
广东省,深圳市,辽宁省,大连市,2019,21,13,0
广东省,深圳市,辽宁省,大连市,2020,55,20,0
广东省,深圳市,辽宁省,丹东市,2020,1,0,0
广东省,深圳市,辽宁省,沈阳市,2018,25,10,0
广东省,深圳市,辽宁省,沈阳市,2019,12,4,0
广东省,深圳市,辽宁省,沈阳市,2020,18,2,0
广东省,深圳市,内蒙古自治区,巴彦淖尔市,2020,3,3,0
广东省,深圳市,内蒙古自治区,包头市,2018,1,0,0
广东省,深圳市,内蒙古自治区,呼和浩特市,2019,9,3,0
广东省,深圳市,内蒙古自治区,呼和浩特市,2020,6,3,0
广东省,深圳市,内蒙古自治区,呼伦贝尔市,2020,2,5,0
广东省,深圳市,青海省,海东市,2020,0,2,0
广东省,深圳市,山东省,德州市,2018,4,2,0
广东省,深圳市,山东省,德州市,2020,0,2,0
广东省,深圳市,山东省,东营市,2018,1,0,0
广东省,深圳市,山东省,东营市,2019,1,0,0
广东省,深圳市,山东省,东营市,2020,1,0,0
广东省,深圳市,山东省,海阳市,2018,0,4,1
广东省,深圳市,山东省,海阳市,2019,0,5,0
广东省,深圳市,山东省,海阳市,2020,0,0,1
广东省,深圳市,山东省,济南市,2018,35,7,17
广东省,深圳市,山东省,济南市,2019,29,7,0
广东省,深圳市,山东省,济南市,2020,27,12,0
广东省,深圳市,山东省,济宁市,2018,5,4,0
广东省,深圳市,山东省,济宁市,2019,5,12,0
广东省,深圳市,山东省,济宁市,2020,10,15,0
广东省,深圳市,山东省,临沂市,2019,1,0,0
广东省,深圳市,山东省,临沂市,2020,2,0,0
广东省,深圳市,山东省,日照市,2018,0,2,0
广东省,深圳市,山东省,日照市,2019,2,0,0
广东省,深圳市,山东省,日照市,2020,1,0,0
广东省,深圳市,山东省,泰安市,2019,1,1,0
广东省,深圳市,山东省,威海市,2018,4,2,0
广东省,深圳市,山东省,威海市,2019,4,5,0
广东省,深圳市,山东省,威海市,2020,2,0,0
广东省,深圳市,山东省,淄博市,2018,3,2,0
广东省,深圳市,山东省,淄博市,2019,4,0,0
广东省,深圳市,山东省,淄博市,2020,3,0,0
广东省,深圳市,山西省,大同市,2019,0,1,0
广东省,深圳市,山西省,晋城市,2019,1,1,0
广东省,深圳市,山西省,晋中市,2019,0,2,0
广东省,深圳市,山西省,晋中市,2020,1,1,0
广东省,深圳市,山西省,临汾市,2020,3,0,0
广东省,深圳市,山西省,太原市,2018,11,0,0
广东省,深圳市,山西省,太原市,2019,10,4,0
广东省,深圳市,山西省,太原市,2020,14,5,0
广东省,深圳市,陕西省,安康市,2020,2,0,0
广东省,深圳市,陕西省,宝鸡市,2020,1,1,0
广东省,深圳市,陕西省,咸阳市,2019,4,2,0
广东省,深圳市,陕西省,咸阳市,2020,0,3,1
广东省,深圳市,上海市,上海市,2018,131,69,8
广东省,深圳市,上海市,上海市,2019,235,153,22
广东省,深圳市,上海市,上海市,2020,343,187,35
广东省,深圳市,四川省,成都市,2018,332,68,0
广东省,深圳市,四川省,成都市,2019,307,46,5
广东省,深圳市,四川省,成都市,2020,313,69,2
广东省,深圳市,四川省,德阳市,2019,1,1,0
广东省,深圳市,四川省,广安市,2019,5,2,0
广东省,深圳市,四川省,广安市,2020,3,5,0
广东省,深圳市,四川省,广元市,2018,1,0,0
广东省,深圳市,四川省,广元市,2019,1,0,0
广东省,深圳市,四川省,华蓥市,2020,0,5,0
广东省,深圳市,四川省,乐山市,2018,0,1,0
广东省,深圳市,四川省,乐山市,2020,2,0,0
广东省,深圳市,四川省,凉山彝族自治州,2019,0,2,0
广东省,深圳市,四川省,南充市,2020,1,0,0
广东省,深圳市,四川省,宜宾市,2019,1,0,0
广东省,深圳市,四川省,宜宾市,2020,0,5,0
广东省,深圳市,天津市,天津市,2018,57,29,0
广东省,深圳市,天津市,天津市,2019,68,65,3
广东省,深圳市,天津市,天津市,2020,77,61,6
广东省,深圳市,西藏自治区,拉萨市,2020,0,1,0
广东省,深圳市,新疆维吾尔自治区,昌吉回族自治州,2018,0,2,0
广东省,深圳市,新疆维吾尔自治区,克拉玛依市,2019,1,0,0
广东省,深圳市,新疆维吾尔自治区,克拉玛依市,2020,1,0,0
广东省,深圳市,新疆维吾尔自治区,乌鲁木齐市,2018,7,7,0
广东省,深圳市,新疆维吾尔自治区,乌鲁木齐市,2019,4,2,0
广东省,深圳市,新疆维吾尔自治区,乌鲁木齐市,2020,3,1,0
广东省,深圳市,云南省,楚雄彝族自治州,2019,3,0,0
广东省,深圳市,云南省,昆明市,2018,23,8,0
广东省,深圳市,云南省,昆明市,2019,14,9,1
广东省,深圳市,云南省,昆明市,2020,13,8,4
广东省,深圳市,云南省,临沧市,2019,1,1,0
广东省,深圳市,云南省,普洱市,2018,3,0,0
广东省,深圳市,云南省,曲靖市,2019,0,1,0
广东省,深圳市,云南省,曲靖市,2020,0,1,0
广东省,深圳市,云南省,文山壮族苗族自治州,2018,2,0,0
广东省,深圳市,浙江省,杭州市,2018,24,19,0
广东省,深圳市,浙江省,杭州市,2019,42,11,4
广东省,深圳市,浙江省,杭州市,2020,31,25,5
广东省,深圳市,浙江省,嘉兴市,2018,6,2,0
广东省,深圳市,浙江省,嘉兴市,2019,10,5,0
广东省,深圳市,浙江省,嘉兴市,2020,13,3,0
广东省,深圳市,浙江省,宁波市,2018,8,6,0
广东省,深圳市,浙江省,宁波市,2019,12,11,1
广东省,深圳市,浙江省,宁波市,2020,11,12,1
广东省,深圳市,浙江省,台州市,2019,1,0,0
广东省,深圳市,浙江省,台州市,2020,2,3,2
广东省,阳江市,北京市,北京市,2018,4,4,0
广东省,阳江市,北京市,北京市,2019,4,1,0
广东省,阳江市,北京市,北京市,2020,10,10,0
广东省,阳江市,福建省,福州市,2019,4,8,0
广东省,阳江市,福建省,宁德市,2019,6,8,0
广东省,阳江市,福建省,宁德市,2020,5,9,0
广东省,阳江市,甘肃省,兰州市,2019,1,0,0
广东省,阳江市,广东省,东莞市,2018,3,6,0
广东省,阳江市,广东省,东莞市,2019,4,9,0
广东省,阳江市,广东省,东莞市,2020,1,11,0
广东省,阳江市,广东省,佛山市,2020,4,0,0
广东省,阳江市,广东省,广州市,2018,28,43,0
广东省,阳江市,广东省,广州市,2019,35,65,1
广东省,阳江市,广东省,广州市,2020,29,14,1
广东省,阳江市,广东省,江门市,2020,2,2,0
广东省,阳江市,广东省,汕头市,2019,0,1,0
广东省,阳江市,广东省,汕头市,2020,1,1,0
广东省,阳江市,广东省,深圳市,2018,15,34,0
广东省,阳江市,广东省,深圳市,2019,28,38,0
广东省,阳江市,广东省,深圳市,2020,26,50,1
广东省,阳江市,广东省,湛江市,2018,1,4,0
广东省,阳江市,广东省,湛江市,2020,1,2,0
广东省,阳江市,广东省,中山市,2018,1,2,0
广东省,阳江市,广东省,中山市,2020,2,2,0
广东省,阳江市,广西壮族自治区,防城港市,2019,2,0,0
广东省,阳江市,广西壮族自治区,防城港市,2020,4,0,0
广东省,阳江市,海南省,海口市,2018,2,0,0
广东省,阳江市,海南省,海口市,2019,0,1,0
广东省,阳江市,河北省,保定市,2019,1,1,0
广东省,阳江市,河北省,邯郸市,2020,3,3,0
广东省,阳江市,河北省,张家口市,2018,1,0,0
广东省,阳江市,河北省,张家口市,2020,2,0,0
广东省,阳江市,湖北省,武汉市,2018,1,0,0
广东省,阳江市,湖北省,武汉市,2019,3,0,0
广东省,阳江市,湖北省,武汉市,2020,1,0,0
广东省,阳江市,湖南省,长沙市,2018,1,0,0
广东省,阳江市,江苏省,常州市,2018,0,1,0
广东省,阳江市,江苏省,南京市,2020,1,2,0
广东省,阳江市,江苏省,南通市,2020,3,0,0
广东省,阳江市,江苏省,苏州市,2018,1,2,0
广东省,阳江市,江苏省,苏州市,2019,2,0,0
广东省,阳江市,江苏省,镇江市,2020,2,0,0
广东省,阳江市,江西省,南昌市,2018,1,1,0
广东省,阳江市,江西省,南昌市,2019,1,1,0
广东省,阳江市,辽宁省,大连市,2018,1,0,0
广东省,阳江市,辽宁省,大连市,2019,3,0,0
广东省,阳江市,辽宁省,大连市,2020,4,2,0
广东省,阳江市,辽宁省,盘锦市,2020,5,5,0
广东省,阳江市,山西省,太原市,2020,1,0,0
广东省,阳江市,上海市,上海市,2018,1,2,0
广东省,阳江市,四川省,成都市,2020,2,0,0
广东省,阳江市,新疆维吾尔自治区,吐鲁番市,2020,1,11,0
广东省,阳江市,新疆维吾尔自治区,乌鲁木齐市,2020,1,0,0
广东省,阳江市,云南省,昆明市,2020,0,2,0
广东省,阳江市,重庆市,重庆市,2019,5,2,1
广东省,云浮市,广东省,中山市,2018,1,1,0
广东省,云浮市,上海市,上海市,2019,0,2,0
广东省,云浮市,上海市,上海市,2020,1,0,0
广东省,湛江市,北京市,北京市,2018,57,4,0
广东省,湛江市,北京市,北京市,2019,70,13,0
广东省,湛江市,北京市,北京市,2020,43,13,1
广东省,湛江市,福建省,厦门市,2018,2,0,0
广东省,湛江市,甘肃省,兰州市,2020,1,0,0
广东省,湛江市,广东省,东莞市,2018,11,1,0
广东省,湛江市,广东省,东莞市,2019,7,3,0
广东省,湛江市,广东省,东莞市,2020,0,1,0
广东省,湛江市,广东省,佛山市,2018,1,1,0
广东省,湛江市,广东省,佛山市,2019,0,6,0
广东省,湛江市,广东省,广州市,2018,99,131,0
广东省,湛江市,广东省,广州市,2019,73,150,0
广东省,湛江市,广东省,广州市,2020,53,47,0
广东省,湛江市,广东省,江门市,2020,2,0,0
广东省,湛江市,广东省,清远市,2020,1,0,0
广东省,湛江市,广东省,汕头市,2020,1,1,0
广东省,湛江市,广东省,深圳市,2018,21,4,0
广东省,湛江市,广东省,深圳市,2019,22,6,0
广东省,湛江市,广东省,深圳市,2020,20,14,1
广东省,湛江市,广东省,云浮市,2019,1,0,0
广东省,湛江市,广东省,云浮市,2020,0,1,0
广东省,湛江市,广西壮族自治区,北海市,2018,0,4,0
广东省,湛江市,广西壮族自治区,北海市,2020,0,1,0
广东省,湛江市,海南省,儋州市,2019,1,0,0
广东省,湛江市,海南省,儋州市（含洋浦）,2018,3,3,0
广东省,湛江市,海南省,儋州市（含洋浦）,2019,1,0,0
广东省,湛江市,海南省,儋州市（含洋浦）,2020,1,0,0
广东省,湛江市,海南省,海口市,2018,2,0,0
广东省,湛江市,海南省,海口市,2019,1,2,0
广东省,湛江市,海南省,海口市,2020,31,2,0
广东省,湛江市,海南省,三亚市,2020,0,2,0
广东省,湛江市,河北省,沧州市,2019,0,3,0
广东省,湛江市,河北省,沧州市,2020,0,1,1
广东省,湛江市,河南省,洛阳市,2019,0,4,0
广东省,湛江市,河南省,平顶山市,2019,1,0,0
广东省,湛江市,河南省,商丘市,2019,3,0,0
广东省,湛江市,河南省,商丘市,2020,13,0,0
广东省,湛江市,黑龙江省,哈尔滨市,2018,1,0,0
广东省,湛江市,黑龙江省,哈尔滨市,2019,5,2,0
广东省,湛江市,黑龙江省,哈尔滨市,2020,2,0,0
广东省,湛江市,湖北省,武汉市,2018,4,4,0
广东省,湛江市,湖北省,武汉市,2019,5,2,0
广东省,湛江市,湖北省,武汉市,2020,9,3,0
广东省,湛江市,湖南省,岳阳市,2020,0,1,0
广东省,湛江市,江苏省,常州市,2020,1,0,0
广东省,湛江市,江苏省,淮安市,2018,1,0,0
广东省,湛江市,江苏省,南京市,2019,1,0,0
广东省,湛江市,江苏省,南京市,2020,1,3,0
广东省,湛江市,江苏省,泰州市,2019,3,3,0
广东省,湛江市,江苏省,无锡市,2019,1,0,0
广东省,湛江市,江苏省,无锡市,2020,1,0,0
广东省,湛江市,江西省,南昌市,2018,0,1,0
广东省,湛江市,江西省,南昌市,2019,4,6,0
广东省,湛江市,辽宁省,大连市,2018,1,0,0
广东省,湛江市,辽宁省,大连市,2020,1,0,0
广东省,湛江市,辽宁省,沈阳市,2018,1,0,0
广东省,湛江市,山东省,东营市,2018,0,1,0
广东省,湛江市,山东省,威海市,2018,1,0,0
广东省,湛江市,山东省,淄博市,2019,1,1,0
广东省,湛江市,山东省,淄博市,2020,0,2,0
广东省,湛江市,上海市,上海市,2018,26,10,0
广东省,湛江市,上海市,上海市,2019,16,5,0
广东省,湛江市,上海市,上海市,2020,25,12,0
广东省,湛江市,四川省,成都市,2018,1,1,0
广东省,湛江市,四川省,成都市,2019,3,2,0
广东省,湛江市,四川省,成都市,2020,4,2,1
广东省,湛江市,四川省,攀枝花市,2020,1,0,0
广东省,湛江市,天津市,天津市,2019,4,4,0
广东省,湛江市,天津市,天津市,2020,3,9,0
广东省,湛江市,云南省,怒江傈僳族自治州,2020,0,2,0
广东省,湛江市,云南省,普洱市,2019,1,0,0
广东省,湛江市,浙江省,杭州市,2020,1,2,0
广东省,肇庆市,安徽省,安庆市,2020,2,0,0
广东省,肇庆市,安徽省,淮北市,2019,1,0,0
广东省,肇庆市,北京市,北京市,2018,2,1,0
广东省,肇庆市,北京市,北京市,2019,3,2,0
广东省,肇庆市,北京市,北京市,2020,7,3,0
广东省,肇庆市,福建省,宁德市,2018,1,0,0
广东省,肇庆市,甘肃省,兰州市,2018,8,0,0
广东省,肇庆市,广东省,潮州市,2020,0,2,0
广东省,肇庆市,广东省,东莞市,2018,1,0,0
广东省,肇庆市,广东省,东莞市,2019,8,2,0
广东省,肇庆市,广东省,东莞市,2020,8,0,0
广东省,肇庆市,广东省,佛山市,2018,4,5,0
广东省,肇庆市,广东省,佛山市,2019,9,2,1
广东省,肇庆市,广东省,佛山市,2020,20,14,23
广东省,肇庆市,广东省,广州市,2018,102,104,6
广东省,肇庆市,广东省,广州市,2019,134,216,1
广东省,肇庆市,广东省,广州市,2020,131,24,2
广东省,肇庆市,广东省,揭阳市,2018,1,1,0
广东省,肇庆市,广东省,深圳市,2018,6,3,0
广东省,肇庆市,广东省,深圳市,2019,7,2,2
广东省,肇庆市,广东省,深圳市,2020,6,10,0
广东省,肇庆市,广东省,云浮市,2018,0,1,0
广东省,肇庆市,广东省,云浮市,2020,0,1,0
广东省,肇庆市,广东省,湛江市,2018,2,2,0
广东省,肇庆市,广东省,湛江市,2019,0,1,0
广东省,肇庆市,广东省,珠海市,2018,2,5,0
广东省,肇庆市,广东省,珠海市,2020,2,0,0
广东省,肇庆市,广西壮族自治区,柳州市,2019,7,1,0
广东省,肇庆市,广西壮族自治区,南宁市,2018,2,0,0
广东省,肇庆市,广西壮族自治区,梧州市,2018,1,0,0
广东省,肇庆市,海南省,省直辖县级行政区划,2020,0,3,0
广东省,肇庆市,河北省,石家庄市,2020,0,2,0
广东省,肇庆市,黑龙江省,大庆市,2019,1,1,0
广东省,肇庆市,黑龙江省,哈尔滨市,2019,5,0,0
广东省,肇庆市,黑龙江省,绥化市,2019,1,2,0
广东省,肇庆市,黑龙江省,绥化市,2020,1,1,0
广东省,肇庆市,湖北省,武汉市,2019,8,4,0
广东省,肇庆市,湖北省,武汉市,2020,4,0,0
广东省,肇庆市,湖南省,永州市,2020,1,0,0
广东省,肇庆市,江苏省,常州市,2019,2,8,0
广东省,肇庆市,江苏省,常州市,2020,0,2,0
广东省,肇庆市,江苏省,南通市,2019,2,6,0
广东省,肇庆市,江苏省,南通市,2020,0,1,0
广东省,肇庆市,江西省,吉安市,2018,2,0,0
广东省,肇庆市,江西省,吉安市,2020,3,0,0
广东省,肇庆市,江西省,南昌市,2019,0,1,0
广东省,肇庆市,江西省,宜春市,2018,1,0,0
广东省,肇庆市,宁夏回族自治区,固原市,2020,3,0,0
广东省,肇庆市,山东省,济南市,2020,1,2,0
广东省,肇庆市,山东省,临沂市,2020,0,3,0
广东省,肇庆市,山西省,太原市,2020,1,0,0
广东省,肇庆市,上海市,上海市,2018,1,0,0
广东省,肇庆市,上海市,上海市,2019,3,3,0
广东省,肇庆市,上海市,上海市,2020,4,0,0
广东省,肇庆市,四川省,泸州市,2018,0,4,0
广东省,肇庆市,天津市,天津市,2019,1,0,0
广东省,肇庆市,云南省,普洱市,2019,1,0,0
广东省,肇庆市,浙江省,杭州市,2018,2,0,0
广东省,肇庆市,浙江省,杭州市,2019,6,0,0
广东省,肇庆市,浙江省,杭州市,2020,6,0,0
广东省,中山市,广东省,东莞市,2018,2,4,0
广东省,中山市,广东省,东莞市,2019,2,9,0
广东省,中山市,广东省,东莞市,2020,0,2,1
广东省,中山市,上海市,上海市,2018,11,5,0
广东省,中山市,上海市,上海市,2019,11,11,2
广东省,中山市,上海市,上海市,2020,30,41,4
广东省,珠海市,安徽省,合肥市,2018,48,66,0
广东省,珠海市,安徽省,合肥市,2019,273,169,31
广东省,珠海市,安徽省,合肥市,2020,49,109,5
广东省,珠海市,安徽省,淮北市,2020,1,1,0
广东省,珠海市,北京市,北京市,2018,226,21,0
广东省,珠海市,北京市,北京市,2019,353,26,2
广东省,珠海市,北京市,北京市,2020,152,22,3
广东省,珠海市,福建省,宁德市,2018,2,0,0
广东省,珠海市,福建省,厦门市,2018,1,1,0
广东省,珠海市,福建省,厦门市,2020,1,0,0
广东省,珠海市,甘肃省,兰州市,2018,0,9,0
广东省,珠海市,甘肃省,兰州市,2019,0,1,0
广东省,珠海市,甘肃省,兰州市,2020,0,3,0
广东省,珠海市,甘肃省,武威市,2018,0,1,0
广东省,珠海市,广东省,东莞市,2018,1,1,0
广东省,珠海市,广东省,东莞市,2019,4,3,0
广东省,珠海市,广东省,东莞市,2020,3,0,0
广东省,珠海市,广东省,佛山市,2018,3,4,0
广东省,珠海市,广东省,佛山市,2019,5,7,0
广东省,珠海市,广东省,佛山市,2020,0,6,19
广东省,珠海市,广东省,广州市,2018,229,162,7
广东省,珠海市,广东省,广州市,2019,199,135,1
广东省,珠海市,广东省,广州市,2020,247,59,12
广东省,珠海市,广东省,河源市,2019,1,0,0
广东省,珠海市,广东省,惠州市,2018,1,2,0
广东省,珠海市,广东省,惠州市,2019,5,1,0
广东省,珠海市,广东省,惠州市,2020,14,3,0
广东省,珠海市,广东省,江门市,2018,2,1,0
广东省,珠海市,广东省,江门市,2019,8,1,0
广东省,珠海市,广东省,江门市,2020,13,18,0
广东省,珠海市,广东省,揭阳市,2018,15,16,0
广东省,珠海市,广东省,揭阳市,2019,1,1,0
广东省,珠海市,广东省,揭阳市,2020,3,4,0
广东省,珠海市,广东省,汕头市,2018,1,1,0
广东省,珠海市,广东省,汕头市,2020,2,0,0
广东省,珠海市,广东省,深圳市,2018,47,19,0
广东省,珠海市,广东省,深圳市,2019,35,31,11
广东省,珠海市,广东省,深圳市,2020,42,41,3
广东省,珠海市,广东省,云浮市,2018,0,1,0
广东省,珠海市,广东省,云浮市,2019,1,0,0
广东省,珠海市,广东省,湛江市,2018,0,1,0
广东省,珠海市,广东省,湛江市,2019,0,1,0
广东省,珠海市,广东省,中山市,2018,10,13,0
广东省,珠海市,广东省,中山市,2019,8,13,1
广东省,珠海市,广东省,中山市,2020,21,27,6
广东省,珠海市,广西壮族自治区,桂林市,2020,1,3,0
广东省,珠海市,广西壮族自治区,南宁市,2018,2,0,0
广东省,珠海市,广西壮族自治区,南宁市,2020,1,0,0
广东省,珠海市,广西壮族自治区,梧州市,2020,1,0,0
广东省,珠海市,河北省,张家口市,2018,0,1,0
广东省,珠海市,河南省,洛阳市,2019,3,6,0
广东省,珠海市,河南省,洛阳市,2020,6,18,4
广东省,珠海市,河南省,平顶山市,2020,1,0,0
广东省,珠海市,河南省,濮阳市,2020,3,0,0
广东省,珠海市,黑龙江省,哈尔滨市,2018,1,0,0
广东省,珠海市,黑龙江省,哈尔滨市,2019,8,0,0
广东省,珠海市,黑龙江省,哈尔滨市,2020,5,0,0
广东省,珠海市,湖北省,武汉市,2018,180,185,0
广东省,珠海市,湖北省,武汉市,2019,189,166,0
广东省,珠海市,湖北省,武汉市,2020,203,184,0
广东省,珠海市,湖北省,咸宁市,2019,0,2,0
广东省,珠海市,湖南省,株洲市,2020,0,1,0
广东省,珠海市,吉林省,吉林市,2019,1,0,0
广东省,珠海市,江苏省,常州市,2020,3,0,0
广东省,珠海市,江苏省,南京市,2018,5,0,0
广东省,珠海市,江苏省,南京市,2019,22,26,3
广东省,珠海市,江苏省,南京市,2020,22,17,0
广东省,珠海市,江苏省,南通市,2018,5,2,0
广东省,珠海市,江苏省,南通市,2019,24,12,0
广东省,珠海市,江苏省,南通市,2020,11,1,0
广东省,珠海市,江苏省,宿迁市,2018,2,7,0
广东省,珠海市,江苏省,宿迁市,2019,4,7,0
广东省,珠海市,江苏省,宿迁市,2020,13,20,0
广东省,珠海市,江苏省,泰州市,2020,7,5,0
广东省,珠海市,江苏省,无锡市,2018,1,0,0
广东省,珠海市,江苏省,无锡市,2020,4,2,0
广东省,珠海市,江苏省,扬州市,2018,3,1,0
广东省,珠海市,江西省,吉安市,2019,0,2,0
广东省,珠海市,江西省,吉安市,2020,0,0,2
广东省,珠海市,辽宁省,本溪市,2019,4,0,0
广东省,珠海市,辽宁省,大连市,2018,1,1,0
广东省,珠海市,辽宁省,大连市,2019,2,1,0
广东省,珠海市,辽宁省,沈阳市,2019,2,2,0
广东省,珠海市,内蒙古自治区,呼和浩特市,2019,1,0,0
广东省,珠海市,内蒙古自治区,乌海市,2018,1,1,0
广东省,珠海市,内蒙古自治区,乌兰察布市,2019,0,1,0
广东省,珠海市,宁夏回族自治区,中卫市,2018,18,0,0
广东省,珠海市,宁夏回族自治区,中卫市,2019,1,0,0
广东省,珠海市,宁夏回族自治区,中卫市,2020,2,0,0
广东省,珠海市,山东省,滨州市,2018,1,0,0
广东省,珠海市,山东省,东营市,2018,1,1,0
广东省,珠海市,山东省,济南市,2018,3,0,0
广东省,珠海市,山东省,济南市,2020,9,9,0
广东省,珠海市,山东省,济宁市,2018,0,2,0
广东省,珠海市,山东省,泰安市,2018,1,0,0
广东省,珠海市,山东省,泰安市,2019,0,1,0
广东省,珠海市,山东省,威海市,2019,1,0,0
广东省,珠海市,山东省,潍坊市,2020,0,1,0
广东省,珠海市,山东省,烟台市,2018,12,0,0
广东省,珠海市,山东省,烟台市,2019,26,0,0
广东省,珠海市,山东省,烟台市,2020,9,0,0
广东省,珠海市,山东省,枣庄市,2019,1,1,0
广东省,珠海市,山西省,晋城市,2019,1,1,0
广东省,珠海市,山西省,太原市,2019,0,1,0
广东省,珠海市,上海市,上海市,2018,17,2,0
广东省,珠海市,上海市,上海市,2019,46,30,0
广东省,珠海市,上海市,上海市,2020,64,36,1
广东省,珠海市,四川省,巴中市,2019,2,0,0
广东省,珠海市,四川省,成都市,2018,81,34,0
广东省,珠海市,四川省,成都市,2019,74,107,5
广东省,珠海市,四川省,成都市,2020,30,56,8
广东省,珠海市,四川省,宜宾市,2020,1,0,0
广东省,珠海市,天津市,天津市,2018,45,57,0
广东省,珠海市,天津市,天津市,2019,26,54,4
广东省,珠海市,天津市,天津市,2020,16,32,1
广东省,珠海市,新疆维吾尔自治区,哈密市,2020,1,2,0
广东省,珠海市,新疆维吾尔自治区,乌鲁木齐市,2020,0,2,0
广东省,珠海市,云南省,大理白族自治州,2020,1,0,0
广东省,珠海市,云南省,昆明市,2018,6,3,0
广东省,珠海市,云南省,昆明市,2019,24,12,0
广东省,珠海市,云南省,昆明市,2020,14,14,2
广东省,珠海市,浙江省,杭州市,2018,17,15,0
广东省,珠海市,浙江省,杭州市,2019,5,3,0
广东省,珠海市,浙江省,杭州市,2020,10,7,0
广东省,珠海市,浙江省,湖州市,2019,0,3,0
广东省,珠海市,浙江省,丽水市,2019,0,0,1
广东省,珠海市,浙江省,丽水市,2020,3,0,0
广东省,珠海市,浙江省,宁波市,2018,10,0,0
广东省,珠海市,浙江省,宁波市,2019,25,0,0
广东省,珠海市,浙江省,宁波市,2020,35,17,11
广东省,珠海市,浙江省,温州市,2020,0,5,0
广西壮族自治区,百色市,北京市,北京市,2019,2,2,0
广西壮族自治区,百色市,北京市,北京市,2020,3,1,0
广西壮族自治区,百色市,广东省,广州市,2018,0,4,0
广西壮族自治区,百色市,广东省,广州市,2020,0,2,0
广西壮族自治区,百色市,广东省,深圳市,2020,1,0,0
广西壮族自治区,百色市,广西壮族自治区,北海市,2020,2,3,0
广西壮族自治区,百色市,广西壮族自治区,桂林市,2020,2,0,0
广西壮族自治区,百色市,广西壮族自治区,河池市,2020,1,0,0
广西壮族自治区,百色市,广西壮族自治区,来宾市,2020,5,0,0
广西壮族自治区,百色市,广西壮族自治区,南宁市,2018,3,1,0
广西壮族自治区,百色市,广西壮族自治区,南宁市,2019,7,4,0
广西壮族自治区,百色市,广西壮族自治区,南宁市,2020,9,4,0
广西壮族自治区,百色市,海南省,海口市,2019,2,0,0
广西壮族自治区,百色市,河南省,焦作市,2018,1,1,0
广西壮族自治区,百色市,河南省,焦作市,2019,2,0,0
广西壮族自治区,百色市,河南省,焦作市,2020,7,0,0
广西壮族自治区,百色市,湖北省,武汉市,2018,2,1,0
广西壮族自治区,百色市,吉林省,吉林市,2019,1,1,0
广西壮族自治区,百色市,江苏省,南京市,2019,1,1,0
广西壮族自治区,百色市,江西省,南昌市,2019,1,0,0
广西壮族自治区,百色市,山东省,淄博市,2018,1,0,0
广西壮族自治区,百色市,上海市,上海市,2019,2,2,0
广西壮族自治区,百色市,四川省,凉山彝族自治州,2019,2,0,0
广西壮族自治区,百色市,天津市,天津市,2020,1,0,0
广西壮族自治区,百色市,云南省,保山市,2019,1,0,0
广西壮族自治区,百色市,云南省,昆明市,2018,0,2,0
广西壮族自治区,百色市,浙江省,杭州市,2019,3,3,0
广西壮族自治区,北海市,北京市,北京市,2018,4,0,0
广西壮族自治区,北海市,北京市,北京市,2019,3,1,0
广西壮族自治区,北海市,北京市,北京市,2020,11,1,0
广西壮族自治区,北海市,上海市,上海市,2018,1,0,0
广西壮族自治区,北海市,上海市,上海市,2019,3,0,0
广西壮族自治区,北海市,浙江省,丽水市,2019,1,0,0
广西壮族自治区,崇左市,北京市,北京市,2018,1,0,0
广西壮族自治区,崇左市,北京市,北京市,2019,6,2,0
广西壮族自治区,崇左市,北京市,北京市,2020,1,2,0
广西壮族自治区,崇左市,甘肃省,天水市,2019,2,0,0
广西壮族自治区,崇左市,广西壮族自治区,南宁市,2018,22,1,0
广西壮族自治区,崇左市,广西壮族自治区,南宁市,2019,3,1,0
广西壮族自治区,崇左市,广西壮族自治区,南宁市,2020,9,8,0
广西壮族自治区,崇左市,河北省,唐山市,2019,1,3,0
广西壮族自治区,崇左市,上海市,上海市,2018,0,1,0
广西壮族自治区,崇左市,上海市,上海市,2020,6,0,0
广西壮族自治区,崇左市,天津市,天津市,2020,1,0,0
广西壮族自治区,崇左市,新疆维吾尔自治区,博尔塔拉蒙古自治州,2019,0,1,0
广西壮族自治区,防城港市,北京市,北京市,2019,3,0,0
广西壮族自治区,防城港市,北京市,北京市,2020,4,0,0
广西壮族自治区,防城港市,福建省,宁德市,2019,2,0,0
广西壮族自治区,防城港市,福建省,宁德市,2020,4,0,0
广西壮族自治区,防城港市,甘肃省,金昌市,2019,13,26,0
广西壮族自治区,防城港市,甘肃省,金昌市,2020,6,8,0
广西壮族自治区,防城港市,广东省,广州市,2018,0,1,0
广西壮族自治区,防城港市,广东省,广州市,2019,3,1,0
广西壮族自治区,防城港市,广东省,茂名市,2018,3,19,0
广西壮族自治区,防城港市,广东省,茂名市,2019,0,6,0
广西壮族自治区,防城港市,广东省,茂名市,2020,3,3,0
广西壮族自治区,防城港市,广东省,深圳市,2018,10,25,0
广西壮族自治区,防城港市,广东省,深圳市,2019,23,47,0
广西壮族自治区,防城港市,广东省,深圳市,2020,11,4,0
广西壮族自治区,防城港市,广东省,湛江市,2019,1,1,0
广西壮族自治区,防城港市,广西壮族自治区,崇左市,2018,0,2,0
广西壮族自治区,防城港市,广西壮族自治区,柳州市,2019,2,7,0
广西壮族自治区,防城港市,广西壮族自治区,柳州市,2020,17,3,0
广西壮族自治区,防城港市,广西壮族自治区,南宁市,2018,3,1,0
广西壮族自治区,防城港市,广西壮族自治区,南宁市,2019,4,5,0
广西壮族自治区,防城港市,广西壮族自治区,南宁市,2020,5,6,0
广西壮族自治区,防城港市,广西壮族自治区,钦州市,2019,1,1,0
广西壮族自治区,防城港市,广西壮族自治区,钦州市,2020,0,1,0
广西壮族自治区,防城港市,海南省,三亚市,2020,0,1,0
广西壮族自治区,防城港市,黑龙江省,哈尔滨市,2020,1,0,0
广西壮族自治区,防城港市,湖北省,武汉市,2018,5,0,0
广西壮族自治区,防城港市,湖北省,武汉市,2019,12,5,0
广西壮族自治区,防城港市,湖北省,武汉市,2020,9,1,0
广西壮族自治区,防城港市,湖南省,长沙市,2020,1,0,0
广西壮族自治区,防城港市,江苏省,南京市,2020,1,0,0
广西壮族自治区,防城港市,江苏省,苏州市,2018,0,1,0
广西壮族自治区,防城港市,江苏省,苏州市,2020,0,1,0
广西壮族自治区,防城港市,江苏省,无锡市,2020,1,0,0
广西壮族自治区,防城港市,辽宁省,大连市,2019,2,0,0
广西壮族自治区,防城港市,辽宁省,大连市,2020,4,0,0
广西壮族自治区,防城港市,山东省,济南市,2020,0,2,0
广西壮族自治区,贵港市,北京市,北京市,2019,2,0,0
广西壮族自治区,贵港市,广东省,佛山市,2020,3,0,0
广西壮族自治区,贵港市,广东省,广州市,2020,0,1,0
广西壮族自治区,贵港市,广东省,深圳市,2018,1,0,0
广西壮族自治区,贵港市,广东省,深圳市,2020,1,0,0
广西壮族自治区,贵港市,广东省,中山市,2019,4,0,0
广西壮族自治区,贵港市,广东省,中山市,2020,4,0,0
广西壮族自治区,贵港市,广西壮族自治区,桂林市,2018,2,0,0
广西壮族自治区,贵港市,广西壮族自治区,来宾市,2019,1,3,0
广西壮族自治区,贵港市,广西壮族自治区,柳州市,2020,0,1,0
广西壮族自治区,贵港市,广西壮族自治区,南宁市,2018,2,2,0
广西壮族自治区,贵港市,广西壮族自治区,南宁市,2019,3,12,0
广西壮族自治区,贵港市,广西壮族自治区,南宁市,2020,3,5,0
广西壮族自治区,贵港市,广西壮族自治区,玉林市,2020,2,0,0
广西壮族自治区,贵港市,湖北省,武汉市,2018,1,0,0
广西壮族自治区,贵港市,湖北省,武汉市,2019,1,0,0
广西壮族自治区,贵港市,湖北省,武汉市,2020,7,0,0
广西壮族自治区,贵港市,湖北省,襄阳市,2020,0,3,0
广西壮族自治区,贵港市,江苏省,苏州市,2018,2,0,0
广西壮族自治区,贵港市,江苏省,苏州市,2019,0,1,0
广西壮族自治区,贵港市,江苏省,徐州市,2020,1,0,0
广西壮族自治区,贵港市,山东省,东营市,2019,2,2,0
广西壮族自治区,贵港市,天津市,天津市,2020,1,3,0
广西壮族自治区,桂林市,北京市,北京市,2018,4,3,0
广西壮族自治区,桂林市,北京市,北京市,2019,5,2,0
广西壮族自治区,桂林市,北京市,北京市,2020,21,7,1
广西壮族自治区,桂林市,甘肃省,兰州市,2020,1,1,0
广西壮族自治区,桂林市,广东省,东莞市,2019,1,0,0
广西壮族自治区,桂林市,广东省,佛山市,2018,11,30,0
广西壮族自治区,桂林市,广东省,佛山市,2019,38,47,0
广西壮族自治区,桂林市,广东省,佛山市,2020,30,49,0
广西壮族自治区,桂林市,广东省,广州市,2018,10,3,0
广西壮族自治区,桂林市,广东省,广州市,2019,6,0,0
广西壮族自治区,桂林市,广东省,广州市,2020,1,0,0
广西壮族自治区,桂林市,广东省,云浮市,2018,0,1,0
广西壮族自治区,桂林市,广东省,云浮市,2020,1,0,0
广西壮族自治区,桂林市,广东省,中山市,2020,3,0,0
广西壮族自治区,桂林市,广西壮族自治区,北海市,2018,1,1,0
广西壮族自治区,桂林市,广西壮族自治区,北海市,2020,0,1,0
广西壮族自治区,桂林市,广西壮族自治区,崇左市,2019,5,0,0
广西壮族自治区,桂林市,广西壮族自治区,来宾市,2020,1,2,0
广西壮族自治区,桂林市,广西壮族自治区,柳州市,2018,1,0,0
广西壮族自治区,桂林市,广西壮族自治区,柳州市,2019,2,2,0
广西壮族自治区,桂林市,广西壮族自治区,柳州市,2020,46,10,0
广西壮族自治区,桂林市,广西壮族自治区,南宁市,2018,8,7,0
广西壮族自治区,桂林市,广西壮族自治区,南宁市,2019,21,19,0
广西壮族自治区,桂林市,广西壮族自治区,南宁市,2020,22,42,0
广西壮族自治区,桂林市,贵州省,六盘水市,2018,1,0,0
广西壮族自治区,桂林市,贵州省,六盘水市,2019,1,0,0
广西壮族自治区,桂林市,湖南省,岳阳市,2019,1,0,0
广西壮族自治区,桂林市,湖南省,岳阳市,2020,3,0,0
广西壮族自治区,桂林市,江苏省,南京市,2018,3,1,0
广西壮族自治区,桂林市,江苏省,南京市,2019,4,0,0
广西壮族自治区,桂林市,江苏省,南京市,2020,1,0,0
广西壮族自治区,桂林市,江苏省,无锡市,2020,9,2,0
广西壮族自治区,桂林市,江西省,抚州市,2020,1,1,0
广西壮族自治区,桂林市,山东省,临沂市,2020,0,0,1
广西壮族自治区,桂林市,山东省,威海市,2018,1,0,0
广西壮族自治区,桂林市,山西省,太原市,2018,2,0,0
广西壮族自治区,桂林市,山西省,太原市,2020,2,0,0
广西壮族自治区,桂林市,上海市,上海市,2018,3,0,0
广西壮族自治区,桂林市,上海市,上海市,2019,8,3,0
广西壮族自治区,桂林市,四川省,成都市,2018,2,0,0
广西壮族自治区,桂林市,四川省,成都市,2019,1,0,0
广西壮族自治区,桂林市,四川省,成都市,2020,2,1,0
广西壮族自治区,桂林市,天津市,天津市,2019,2,1,0
广西壮族自治区,桂林市,天津市,天津市,2020,3,0,0
广西壮族自治区,桂林市,浙江省,杭州市,2018,2,0,0
广西壮族自治区,桂林市,浙江省,杭州市,2020,1,0,0
广西壮族自治区,桂林市,浙江省,嘉兴市,2019,1,0,0
广西壮族自治区,桂林市,浙江省,宁波市,2020,2,3,0
广西壮族自治区,河池市,安徽省,合肥市,2018,1,0,0
广西壮族自治区,河池市,安徽省,合肥市,2019,1,0,0
广西壮族自治区,河池市,北京市,北京市,2019,2,0,0
广西壮族自治区,河池市,北京市,北京市,2020,3,0,0
广西壮族自治区,河池市,广东省,广州市,2019,1,0,0
广西壮族自治区,河池市,广西壮族自治区,柳州市,2019,1,0,0
广西壮族自治区,河池市,广西壮族自治区,南宁市,2018,9,5,0
广西壮族自治区,河池市,广西壮族自治区,南宁市,2019,6,15,0
广西壮族自治区,河池市,广西壮族自治区,南宁市,2020,1,25,0
广西壮族自治区,河池市,江苏省,无锡市,2019,1,1,0
广西壮族自治区,河池市,江苏省,徐州市,2018,0,1,0
广西壮族自治区,河池市,四川省,成都市,2018,1,1,0
广西壮族自治区,河池市,四川省,成都市,2019,0,3,0
广西壮族自治区,贺州市,安徽省,合肥市,2020,1,0,0
广西壮族自治区,贺州市,甘肃省,兰州市,2020,3,0,0
广西壮族自治区,贺州市,广东省,珠海市,2019,1,0,0
广西壮族自治区,贺州市,广西壮族自治区,百色市,2019,0,1,0
广西壮族自治区,贺州市,广西壮族自治区,桂林市,2019,0,1,0
广西壮族自治区,贺州市,广西壮族自治区,南宁市,2018,2,0,0
广西壮族自治区,贺州市,广西壮族自治区,南宁市,2019,9,2,0
广西壮族自治区,贺州市,广西壮族自治区,南宁市,2020,4,0,0
广西壮族自治区,贺州市,广西壮族自治区,梧州市,2020,1,0,0
广西壮族自治区,贺州市,海南省,省直辖县级行政区划,2018,1,0,0
广西壮族自治区,贺州市,黑龙江省,哈尔滨市,2018,1,0,0
广西壮族自治区,贺州市,黑龙江省,哈尔滨市,2020,1,0,0
广西壮族自治区,贺州市,江苏省,南京市,2020,1,0,0
广西壮族自治区,贺州市,辽宁省,大连市,2020,0,1,0
广西壮族自治区,贺州市,陕西省,西安市,2018,6,0,0
广西壮族自治区,贺州市,陕西省,西安市,2019,10,0,0
广西壮族自治区,贺州市,陕西省,西安市,2020,6,0,0
广西壮族自治区,贺州市,上海市,上海市,2019,3,3,0
广西壮族自治区,贺州市,上海市,上海市,2020,1,1,0
广西壮族自治区,贺州市,四川省,成都市,2019,1,0,0
广西壮族自治区,贺州市,新疆维吾尔自治区,哈密市,2020,0,1,0
广西壮族自治区,来宾市,北京市,北京市,2018,0,2,0
广西壮族自治区,来宾市,广东省,广州市,2018,1,4,0
广西壮族自治区,来宾市,广西壮族自治区,南宁市,2018,5,4,0
广西壮族自治区,来宾市,广西壮族自治区,南宁市,2019,1,7,0
广西壮族自治区,来宾市,广西壮族自治区,南宁市,2020,7,7,0
广西壮族自治区,来宾市,江苏省,南京市,2019,1,0,0
广西壮族自治区,来宾市,江苏省,无锡市,2020,2,4,0
广西壮族自治区,柳州市,安徽省,合肥市,2018,2,2,0
广西壮族自治区,柳州市,安徽省,合肥市,2019,2,7,0
广西壮族自治区,柳州市,北京市,北京市,2018,10,6,0
广西壮族自治区,柳州市,北京市,北京市,2019,1,2,0
广西壮族自治区,柳州市,北京市,北京市,2020,24,2,0
广西壮族自治区,柳州市,甘肃省,兰州市,2020,1,0,0
广西壮族自治区,柳州市,广东省,佛山市,2018,0,3,0
广西壮族自治区,柳州市,广东省,佛山市,2019,1,11,0
广西壮族自治区,柳州市,广东省,佛山市,2020,1,1,0
广西壮族自治区,柳州市,广东省,广州市,2018,12,12,0
广西壮族自治区,柳州市,广东省,广州市,2019,3,10,2
广西壮族自治区,柳州市,广东省,广州市,2020,5,9,0
广西壮族自治区,柳州市,广西壮族自治区,北海市,2020,1,1,0
广西壮族自治区,柳州市,广西壮族自治区,来宾市,2018,3,1,0
广西壮族自治区,柳州市,广西壮族自治区,来宾市,2019,0,1,0
广西壮族自治区,柳州市,广西壮族自治区,来宾市,2020,2,2,0
广西壮族自治区,柳州市,广西壮族自治区,南宁市,2018,5,6,0
广西壮族自治区,柳州市,广西壮族自治区,南宁市,2019,10,9,0
广西壮族自治区,柳州市,广西壮族自治区,南宁市,2020,30,35,0
广西壮族自治区,柳州市,江苏省,常州市,2018,45,22,2
广西壮族自治区,柳州市,江苏省,常州市,2019,26,30,6
广西壮族自治区,柳州市,江苏省,常州市,2020,23,53,3
广西壮族自治区,柳州市,江苏省,南京市,2018,20,26,0
广西壮族自治区,柳州市,江苏省,南京市,2019,25,39,0
广西壮族自治区,柳州市,江苏省,南京市,2020,1,0,0
广西壮族自治区,柳州市,江苏省,宿迁市,2020,3,3,0
广西壮族自治区,柳州市,江苏省,无锡市,2020,0,0,1
广西壮族自治区,柳州市,江西省,南昌市,2018,20,26,0
广西壮族自治区,柳州市,江西省,南昌市,2019,21,37,0
广西壮族自治区,柳州市,辽宁省,大连市,2019,0,2,0
广西壮族自治区,柳州市,辽宁省,大连市,2020,1,1,0
广西壮族自治区,柳州市,内蒙古自治区,呼和浩特市,2020,0,2,0
广西壮族自治区,柳州市,山东省,临沂市,2018,1,2,2
广西壮族自治区,柳州市,山东省,临沂市,2019,1,1,0
广西壮族自治区,柳州市,山东省,临沂市,2020,0,2,0
广西壮族自治区,柳州市,山西省,吕梁市,2019,1,0,0
广西壮族自治区,柳州市,山西省,太原市,2018,1,1,0
广西壮族自治区,柳州市,山西省,太原市,2019,1,0,0
广西壮族自治区,柳州市,陕西省,咸阳市,2019,1,0,0
广西壮族自治区,柳州市,上海市,上海市,2018,22,28,0
广西壮族自治区,柳州市,上海市,上海市,2019,23,39,0
广西壮族自治区,柳州市,上海市,上海市,2020,7,2,0
广西壮族自治区,柳州市,四川省,成都市,2018,2,2,0
广西壮族自治区,柳州市,四川省,成都市,2020,7,3,0
广西壮族自治区,柳州市,天津市,天津市,2018,0,1,0
广西壮族自治区,柳州市,天津市,天津市,2019,2,1,0
广西壮族自治区,柳州市,天津市,天津市,2020,2,4,0
广西壮族自治区,柳州市,云南省,昆明市,2019,0,1,0
广西壮族自治区,柳州市,云南省,昆明市,2020,1,1,0
广西壮族自治区,柳州市,浙江省,杭州市,2019,1,0,0
广西壮族自治区,柳州市,浙江省,杭州市,2020,1,0,0
广西壮族自治区,柳州市,浙江省,宁波市,2018,0,1,0
广西壮族自治区,柳州市,浙江省,宁波市,2020,1,2,0
广西壮族自治区,南宁市,北京市,北京市,2018,33,17,0
广西壮族自治区,南宁市,北京市,北京市,2019,28,27,0
广西壮族自治区,南宁市,北京市,北京市,2020,70,121,0
广西壮族自治区,南宁市,甘肃省,兰州市,2018,1,1,0
广西壮族自治区,南宁市,甘肃省,兰州市,2019,1,1,0
广西壮族自治区,南宁市,广东省,东莞市,2020,3,0,0
广西壮族自治区,南宁市,广东省,佛山市,2018,1,0,0
广西壮族自治区,南宁市,广东省,佛山市,2019,1,0,0
广西壮族自治区,南宁市,广东省,佛山市,2020,0,1,0
广西壮族自治区,南宁市,广西壮族自治区,北海市,2018,2,2,0
广西壮族自治区,南宁市,广西壮族自治区,北海市,2019,9,0,0
广西壮族自治区,南宁市,广西壮族自治区,北海市,2020,4,8,0
广西壮族自治区,南宁市,贵州省,六盘水市,2020,0,4,0
广西壮族自治区,南宁市,河北省,保定市,2018,0,1,0
广西壮族自治区,南宁市,河北省,保定市,2020,0,1,0
广西壮族自治区,南宁市,江苏省,南京市,2018,6,2,0
广西壮族自治区,南宁市,江苏省,南京市,2019,14,1,0
广西壮族自治区,南宁市,江苏省,南京市,2020,13,1,0
广西壮族自治区,南宁市,上海市,上海市,2018,11,30,0
广西壮族自治区,南宁市,上海市,上海市,2019,13,20,0
广西壮族自治区,南宁市,上海市,上海市,2020,20,27,0
广西壮族自治区,南宁市,四川省,乐山市,2018,1,0,0
广西壮族自治区,南宁市,四川省,凉山彝族自治州,2019,2,0,0
广西壮族自治区,南宁市,新疆维吾尔自治区,乌鲁木齐市,2019,1,0,0
广西壮族自治区,南宁市,新疆维吾尔自治区,乌鲁木齐市,2020,0,1,0
广西壮族自治区,钦州市,北京市,北京市,2018,1,0,0
广西壮族自治区,钦州市,北京市,北京市,2019,4,0,0
广西壮族自治区,钦州市,福建省,漳州市,2018,3,6,0
广西壮族自治区,钦州市,广东省,东莞市,2020,3,12,3
广西壮族自治区,钦州市,广东省,广州市,2019,4,7,0
广西壮族自治区,钦州市,广东省,江门市,2020,1,0,0
广西壮族自治区,钦州市,广东省,深圳市,2019,0,1,1
广西壮族自治区,钦州市,广东省,深圳市,2020,2,2,0
广西壮族自治区,钦州市,广西壮族自治区,北海市,2018,2,0,0
广西壮族自治区,钦州市,广西壮族自治区,桂林市,2018,3,0,0
广西壮族自治区,钦州市,广西壮族自治区,桂林市,2020,1,4,0
广西壮族自治区,钦州市,广西壮族自治区,柳州市,2019,0,1,0
广西壮族自治区,钦州市,广西壮族自治区,柳州市,2020,0,1,0
广西壮族自治区,钦州市,广西壮族自治区,南宁市,2018,8,9,0
广西壮族自治区,钦州市,广西壮族自治区,南宁市,2019,23,7,0
广西壮族自治区,钦州市,广西壮族自治区,南宁市,2020,15,26,0
广西壮族自治区,钦州市,广西壮族自治区,玉林市,2019,13,0,0
广西壮族自治区,钦州市,海南省,海口市,2018,3,6,0
广西壮族自治区,钦州市,海南省,省直辖县级行政区划,2018,3,6,0
广西壮族自治区,钦州市,湖北省,武汉市,2020,1,1,0
广西壮族自治区,钦州市,湖北省,咸宁市,2020,0,7,0
广西壮族自治区,钦州市,江苏省,常州市,2020,1,6,0
广西壮族自治区,钦州市,江苏省,南京市,2020,3,3,0
广西壮族自治区,钦州市,山东省,德州市,2020,1,0,0
广西壮族自治区,钦州市,陕西省,西安市,2020,0,2,0
广西壮族自治区,钦州市,上海市,上海市,2018,0,1,0
广西壮族自治区,钦州市,上海市,上海市,2019,2,2,0
广西壮族自治区,钦州市,上海市,上海市,2020,3,5,0
广西壮族自治区,钦州市,浙江省,杭州市,2020,1,0,0
广西壮族自治区,梧州市,北京市,北京市,2018,1,3,0
广西壮族自治区,梧州市,北京市,北京市,2019,1,1,0
广西壮族自治区,梧州市,北京市,北京市,2020,2,1,0
广西壮族自治区,梧州市,广东省,佛山市,2018,2,1,0
广西壮族自治区,梧州市,广东省,佛山市,2019,4,8,0
广西壮族自治区,梧州市,广东省,佛山市,2020,1,3,0
广西壮族自治区,梧州市,广东省,广州市,2018,9,1,0
广西壮族自治区,梧州市,广东省,广州市,2019,17,29,10
广西壮族自治区,梧州市,广东省,广州市,2020,3,1,0
广西壮族自治区,梧州市,广东省,中山市,2018,7,0,0
广西壮族自治区,梧州市,广东省,中山市,2019,11,4,0
广西壮族自治区,梧州市,广东省,中山市,2020,4,2,0
广西壮族自治区,梧州市,广西壮族自治区,南宁市,2018,2,2,0
广西壮族自治区,梧州市,广西壮族自治区,南宁市,2019,0,2,0
广西壮族自治区,梧州市,广西壮族自治区,南宁市,2020,3,7,0
广西壮族自治区,梧州市,江苏省,南通市,2019,0,1,0
广西壮族自治区,梧州市,上海市,上海市,2019,2,1,0
广西壮族自治区,梧州市,上海市,上海市,2020,0,1,0
广西壮族自治区,梧州市,天津市,天津市,2018,7,0,0
广西壮族自治区,梧州市,天津市,天津市,2019,11,4,0
广西壮族自治区,玉林市,北京市,北京市,2019,0,1,0
广西壮族自治区,玉林市,广东省,东莞市,2018,0,2,0
广西壮族自治区,玉林市,广东省,东莞市,2019,3,0,0
广西壮族自治区,玉林市,广东省,广州市,2019,2,0,0
广西壮族自治区,玉林市,广东省,深圳市,2019,2,4,0
广西壮族自治区,玉林市,广西壮族自治区,桂林市,2019,0,2,0
广西壮族自治区,玉林市,广西壮族自治区,柳州市,2020,3,0,0
广西壮族自治区,玉林市,广西壮族自治区,南宁市,2018,17,2,0
广西壮族自治区,玉林市,广西壮族自治区,南宁市,2019,18,1,0
广西壮族自治区,玉林市,广西壮族自治区,南宁市,2020,14,2,0
广西壮族自治区,玉林市,湖北省,武汉市,2018,2,1,0
广西壮族自治区,玉林市,湖北省,武汉市,2019,4,0,0
广西壮族自治区,玉林市,湖北省,武汉市,2020,4,0,0
广西壮族自治区,玉林市,陕西省,咸阳市,2020,1,0,0
广西壮族自治区,玉林市,四川省,攀枝花市,2020,0,2,0
贵州省,安顺市,北京市,北京市,2019,1,0,0
贵州省,安顺市,北京市,北京市,2020,6,1,0
贵州省,安顺市,广西壮族自治区,北海市,2019,1,0,0
贵州省,安顺市,广西壮族自治区,南宁市,2019,1,0,0
贵州省,安顺市,黑龙江省,哈尔滨市,2018,0,1,0
贵州省,毕节市,北京市,北京市,2018,2,0,0
贵州省,毕节市,北京市,北京市,2019,12,9,0
贵州省,毕节市,北京市,北京市,2020,11,4,0
贵州省,毕节市,广东省,东莞市,2019,0,0,5
贵州省,毕节市,贵州省,安顺市,2018,1,0,0
贵州省,毕节市,贵州省,安顺市,2019,0,4,0
贵州省,毕节市,贵州省,六盘水市,2020,1,0,0
贵州省,毕节市,河北省,保定市,2020,1,0,0
贵州省,毕节市,河北省,廊坊市,2018,0,1,0
贵州省,毕节市,湖北省,武汉市,2019,2,0,0
贵州省,毕节市,江苏省,南京市,2018,0,2,0
贵州省,毕节市,江苏省,南京市,2020,2,0,0
贵州省,毕节市,山西省,太原市,2019,0,1,0
贵州省,毕节市,上海市,上海市,2018,1,1,0
贵州省,毕节市,四川省,成都市,2019,1,0,0
贵州省,毕节市,天津市,天津市,2020,0,5,0
贵州省,毕节市,云南省,大理白族自治州,2018,1,2,0
贵州省,毕节市,云南省,大理白族自治州,2020,2,0,0
贵州省,毕节市,云南省,昆明市,2018,1,2,0
贵州省,毕节市,云南省,昆明市,2020,3,0,0
贵州省,毕节市,浙江省,杭州市,2020,1,0,0
贵州省,贵阳市,安徽省,合肥市,2018,6,6,0
贵州省,贵阳市,安徽省,合肥市,2019,4,2,0
贵州省,贵阳市,北京市,北京市,2018,47,8,0
贵州省,贵阳市,北京市,北京市,2019,76,7,0
贵州省,贵阳市,北京市,北京市,2020,72,27,2
贵州省,贵阳市,福建省,南平市,2018,4,0,0
贵州省,贵阳市,福建省,三明市,2018,3,0,0
贵州省,贵阳市,福建省,三明市,2019,0,1,0
贵州省,贵阳市,福建省,厦门市,2018,2,0,0
贵州省,贵阳市,福建省,厦门市,2020,1,0,0
贵州省,贵阳市,福建省,漳州市,2020,0,1,0
贵州省,贵阳市,广东省,东莞市,2020,2,2,0
贵州省,贵阳市,广东省,佛山市,2018,3,0,0
贵州省,贵阳市,广东省,佛山市,2019,5,3,0
贵州省,贵阳市,广东省,佛山市,2020,2,0,0
贵州省,贵阳市,广东省,广州市,2018,37,6,0
贵州省,贵阳市,广东省,广州市,2019,32,33,0
贵州省,贵阳市,广东省,广州市,2020,54,52,0
贵州省,贵阳市,广东省,惠州市,2018,0,1,0
贵州省,贵阳市,广东省,深圳市,2018,38,26,0
贵州省,贵阳市,广东省,深圳市,2019,13,2,0
贵州省,贵阳市,广东省,深圳市,2020,20,27,0
贵州省,贵阳市,广东省,湛江市,2018,0,1,0
贵州省,贵阳市,广东省,肇庆市,2018,1,0,0
贵州省,贵阳市,广东省,肇庆市,2020,1,0,0
贵州省,贵阳市,广东省,珠海市,2020,3,1,0
贵州省,贵阳市,广西壮族自治区,贵港市,2020,0,1,0
贵州省,贵阳市,广西壮族自治区,桂林市,2018,1,1,0
贵州省,贵阳市,广西壮族自治区,柳州市,2018,6,5,0
贵州省,贵阳市,广西壮族自治区,柳州市,2019,2,3,0
贵州省,贵阳市,广西壮族自治区,柳州市,2020,2,2,0
贵州省,贵阳市,广西壮族自治区,南宁市,2018,0,1,0
贵州省,贵阳市,广西壮族自治区,南宁市,2019,1,2,0
贵州省,贵阳市,广西壮族自治区,南宁市,2020,5,3,0
贵州省,贵阳市,贵州省,安顺市,2018,1,1,0
贵州省,贵阳市,贵州省,安顺市,2019,3,1,0
贵州省,贵阳市,贵州省,安顺市,2020,1,4,0
贵州省,贵阳市,贵州省,毕节市,2018,8,2,0
贵州省,贵阳市,贵州省,毕节市,2019,6,21,0
贵州省,贵阳市,贵州省,毕节市,2020,8,6,0
贵州省,贵阳市,贵州省,凯里市,2019,0,2,0
贵州省,贵阳市,贵州省,凯里市,2020,0,0,2
贵州省,贵阳市,贵州省,六盘水市,2018,7,8,0
贵州省,贵阳市,贵州省,六盘水市,2019,6,10,0
贵州省,贵阳市,贵州省,六盘水市,2020,10,6,0
贵州省,贵阳市,海南省,海口市,2018,0,1,0
贵州省,贵阳市,海南省,海口市,2019,11,2,0
贵州省,贵阳市,海南省,省直辖县级行政区划,2019,1,0,0
贵州省,贵阳市,河北省,保定市,2018,0,6,0
贵州省,贵阳市,河北省,保定市,2019,0,3,0
贵州省,贵阳市,河北省,保定市,2020,0,1,0
贵州省,贵阳市,河北省,衡水市,2020,0,3,0
贵州省,贵阳市,河北省,廊坊市,2019,1,0,0
贵州省,贵阳市,河北省,廊坊市,2020,0,2,0
贵州省,贵阳市,河北省,石家庄市,2018,17,5,0
贵州省,贵阳市,河北省,石家庄市,2019,0,2,0
贵州省,贵阳市,河北省,石家庄市,2020,1,2,0
贵州省,贵阳市,河北省,唐山市,2020,1,0,0
贵州省,贵阳市,河南省,洛阳市,2018,0,2,0
贵州省,贵阳市,河南省,南阳市,2019,1,0,0
贵州省,贵阳市,河南省,许昌市,2020,1,0,0
贵州省,贵阳市,黑龙江省,大庆市,2018,1,0,0
贵州省,贵阳市,黑龙江省,哈尔滨市,2018,0,2,0
贵州省,贵阳市,黑龙江省,哈尔滨市,2019,1,0,0
贵州省,贵阳市,湖北省,武汉市,2018,11,1,0
贵州省,贵阳市,湖北省,武汉市,2019,14,3,0
贵州省,贵阳市,湖北省,武汉市,2020,14,4,0
贵州省,贵阳市,湖北省,襄阳市,2018,1,0,0
贵州省,贵阳市,湖北省,宜昌市,2020,4,1,0
贵州省,贵阳市,湖南省,衡阳市,2018,7,3,0
贵州省,贵阳市,湖南省,衡阳市,2019,5,0,0
贵州省,贵阳市,湖南省,衡阳市,2020,9,20,0
贵州省,贵阳市,湖南省,娄底市,2018,1,0,0
贵州省,贵阳市,湖南省,湘潭市,2018,2,2,0
贵州省,贵阳市,湖南省,株洲市,2018,3,3,0
贵州省,贵阳市,湖南省,株洲市,2020,2,2,0
贵州省,贵阳市,吉林省,吉林市,2018,0,2,0
贵州省,贵阳市,江苏省,南京市,2018,16,10,0
贵州省,贵阳市,江苏省,南京市,2019,17,20,9
贵州省,贵阳市,江苏省,南京市,2020,15,5,0
贵州省,贵阳市,江苏省,南通市,2020,3,2,0
贵州省,贵阳市,江苏省,苏州市,2018,4,4,0
贵州省,贵阳市,江苏省,苏州市,2019,8,9,0
贵州省,贵阳市,江苏省,苏州市,2020,8,6,0
贵州省,贵阳市,江苏省,无锡市,2018,3,0,0
贵州省,贵阳市,江苏省,无锡市,2019,3,0,0
贵州省,贵阳市,江苏省,无锡市,2020,2,0,0
贵州省,贵阳市,江苏省,徐州市,2018,1,1,0
贵州省,贵阳市,江苏省,徐州市,2020,0,2,0
贵州省,贵阳市,江苏省,扬州市,2019,0,1,0
贵州省,贵阳市,江西省,南昌市,2019,1,0,0
贵州省,贵阳市,江西省,南昌市,2020,3,1,0
贵州省,贵阳市,江西省,萍乡市,2018,0,1,0
贵州省,贵阳市,辽宁省,大连市,2019,3,2,0
贵州省,贵阳市,辽宁省,大连市,2020,9,1,0
贵州省,贵阳市,辽宁省,沈阳市,2020,1,0,0
贵州省,贵阳市,内蒙古自治区,包头市,2019,2,0,0
贵州省,贵阳市,青海省,西宁市,2019,0,1,0
贵州省,贵阳市,青海省,西宁市,2020,2,3,0
贵州省,贵阳市,山东省,济南市,2018,2,3,0
贵州省,贵阳市,山东省,济南市,2019,1,1,0
贵州省,贵阳市,山东省,济南市,2020,8,0,0
贵州省,贵阳市,山东省,济宁市,2019,0,3,0
贵州省,贵阳市,山东省,济宁市,2020,0,2,0
贵州省,贵阳市,山西省,晋中市,2020,1,1,0
贵州省,贵阳市,山西省,吕梁市,2020,0,2,0
贵州省,贵阳市,山西省,太原市,2018,0,1,0
贵州省,贵阳市,山西省,太原市,2019,5,1,0
贵州省,贵阳市,山西省,太原市,2020,6,0,0
贵州省,贵阳市,陕西省,商洛市,2020,1,0,0
贵州省,贵阳市,陕西省,西安市,2019,2,1,0
贵州省,贵阳市,陕西省,西安市,2020,3,2,0
贵州省,贵阳市,陕西省,咸阳市,2020,0,1,0
贵州省,贵阳市,陕西省,延安市,2018,1,0,0
贵州省,贵阳市,上海市,上海市,2018,16,6,0
贵州省,贵阳市,上海市,上海市,2019,11,8,0
贵州省,贵阳市,上海市,上海市,2020,19,13,0
贵州省,贵阳市,四川省,成都市,2018,9,8,0
贵州省,贵阳市,四川省,成都市,2019,25,9,0
贵州省,贵阳市,四川省,成都市,2020,50,31,0
贵州省,贵阳市,四川省,德阳市,2018,4,4,0
贵州省,贵阳市,四川省,乐山市,2020,1,0,0
贵州省,贵阳市,四川省,凉山彝族自治州,2018,1,0,0
贵州省,贵阳市,四川省,泸州市,2018,0,1,0
贵州省,贵阳市,四川省,绵阳市,2018,1,0,0
贵州省,贵阳市,四川省,绵阳市,2019,1,1,0
贵州省,贵阳市,四川省,攀枝花市,2018,0,1,0
贵州省,贵阳市,四川省,宜宾市,2019,1,1,0
贵州省,贵阳市,四川省,宜宾市,2020,2,1,0
贵州省,贵阳市,天津市,天津市,2018,1,0,0
贵州省,贵阳市,天津市,天津市,2019,9,4,0
贵州省,贵阳市,天津市,天津市,2020,8,5,0
贵州省,贵阳市,西藏自治区,昌都市,2019,0,1,0
贵州省,贵阳市,西藏自治区,拉萨市,2019,1,1,0
贵州省,贵阳市,西藏自治区,山南市,2019,0,1,0
贵州省,贵阳市,西藏自治区,山南市,2020,5,8,0
贵州省,贵阳市,新疆维吾尔自治区,哈密市,2018,2,0,0
贵州省,贵阳市,新疆维吾尔自治区,乌鲁木齐市,2019,3,0,0
贵州省,贵阳市,新疆维吾尔自治区,乌鲁木齐市,2020,9,1,0
贵州省,贵阳市,云南省,昆明市,2018,12,9,0
贵州省,贵阳市,云南省,昆明市,2019,12,4,0
贵州省,贵阳市,云南省,昆明市,2020,3,3,0
贵州省,贵阳市,云南省,曲靖市,2020,1,0,0
贵州省,贵阳市,浙江省,杭州市,2018,13,22,0
贵州省,贵阳市,浙江省,杭州市,2019,8,4,0
贵州省,贵阳市,浙江省,杭州市,2020,12,1,0
贵州省,贵阳市,浙江省,嘉兴市,2018,1,0,0
贵州省,贵阳市,浙江省,嘉兴市,2020,2,2,0
贵州省,贵阳市,浙江省,丽水市,2020,2,0,0
贵州省,贵阳市,浙江省,宁波市,2018,1,7,0
贵州省,贵阳市,浙江省,宁波市,2019,1,0,0
贵州省,贵阳市,浙江省,宁波市,2020,0,2,0
贵州省,贵阳市,浙江省,衢州市,2018,0,1,0
贵州省,贵阳市,浙江省,台州市,2018,0,2,0
贵州省,贵阳市,浙江省,温州市,2019,1,1,0
贵州省,贵阳市,浙江省,温州市,2020,1,0,0
贵州省,六盘水市,新疆维吾尔自治区,乌鲁木齐市,2018,3,0,0
贵州省,六盘水市,新疆维吾尔自治区,乌鲁木齐市,2019,2,3,0
贵州省,黔东南苗族侗族自治州,北京市,北京市,2018,0,1,0
贵州省,黔东南苗族侗族自治州,贵州省,贵阳市,2018,4,5,0
贵州省,黔东南苗族侗族自治州,贵州省,贵阳市,2019,3,9,0
贵州省,黔东南苗族侗族自治州,贵州省,贵阳市,2020,2,7,1
贵州省,黔东南苗族侗族自治州,贵州省,凯里市,2020,0,0,3
贵州省,黔东南苗族侗族自治州,贵州省,六盘水市,2019,0,3,0
贵州省,黔东南苗族侗族自治州,贵州省,铜仁市,2019,0,4,0
贵州省,黔东南苗族侗族自治州,湖北省,襄阳市,2020,2,1,0
贵州省,黔东南苗族侗族自治州,湖北省,宜昌市,2020,0,1,0
贵州省,黔东南苗族侗族自治州,湖南省,长沙市,2018,1,1,0
贵州省,黔东南苗族侗族自治州,湖南省,湘潭市,2019,0,1,0
贵州省,黔东南苗族侗族自治州,江苏省,南京市,2018,2,3,0
贵州省,黔东南苗族侗族自治州,江苏省,南京市,2019,4,0,0
贵州省,黔东南苗族侗族自治州,江苏省,南京市,2020,1,1,0
贵州省,黔东南苗族侗族自治州,江西省,南昌市,2020,1,0,0
贵州省,黔东南苗族侗族自治州,山西省,朔州市,2020,1,6,0
贵州省,黔东南苗族侗族自治州,上海市,上海市,2018,1,3,0
贵州省,黔东南苗族侗族自治州,四川省,成都市,2020,1,1,0
贵州省,黔东南苗族侗族自治州,浙江省,杭州市,2018,1,8,0
贵州省,黔东南苗族侗族自治州,浙江省,嘉兴市,2018,2,0,0
贵州省,黔东南苗族侗族自治州,浙江省,绍兴市,2018,1,1,0
贵州省,黔东南苗族侗族自治州,浙江省,绍兴市,2019,2,0,0
贵州省,黔东南苗族侗族自治州,重庆市,重庆市,2020,1,0,0
贵州省,黔南布依族苗族自治州,北京市,北京市,2018,1,13,0
贵州省,黔南布依族苗族自治州,北京市,北京市,2020,0,1,0
贵州省,黔南布依族苗族自治州,福建省,厦门市,2018,4,0,0
贵州省,黔南布依族苗族自治州,福建省,厦门市,2019,6,1,0
贵州省,黔南布依族苗族自治州,福建省,厦门市,2020,2,0,0
贵州省,黔南布依族苗族自治州,福建省,漳州市,2020,1,0,0
贵州省,黔南布依族苗族自治州,广东省,广州市,2019,0,7,0
贵州省,黔南布依族苗族自治州,广东省,深圳市,2018,14,3,0
贵州省,黔南布依族苗族自治州,广东省,深圳市,2020,2,0,0
贵州省,黔南布依族苗族自治州,广西壮族自治区,贵港市,2020,1,0,0
贵州省,黔南布依族苗族自治州,贵州省,贵阳市,2018,15,16,0
贵州省,黔南布依族苗族自治州,贵州省,贵阳市,2019,16,10,0
贵州省,黔南布依族苗族自治州,贵州省,贵阳市,2020,6,7,0
贵州省,黔南布依族苗族自治州,贵州省,遵义市,2019,0,6,0
贵州省,黔南布依族苗族自治州,贵州省,遵义市,2020,2,0,0
贵州省,黔南布依族苗族自治州,河北省,保定市,2020,0,1,0
贵州省,黔南布依族苗族自治州,湖北省,武汉市,2020,1,1,0
贵州省,黔南布依族苗族自治州,江苏省,连云港市,2020,1,0,0
贵州省,黔南布依族苗族自治州,江苏省,南京市,2018,1,0,0
贵州省,黔南布依族苗族自治州,江苏省,南京市,2020,2,0,0
贵州省,黔南布依族苗族自治州,江苏省,徐州市,2020,1,1,0
贵州省,黔南布依族苗族自治州,辽宁省,铁岭市,2019,1,0,0
贵州省,黔南布依族苗族自治州,山东省,菏泽市,2018,1,0,0
贵州省,黔南布依族苗族自治州,山东省,菏泽市,2019,2,0,0
贵州省,黔南布依族苗族自治州,山东省,菏泽市,2020,2,0,0
贵州省,黔南布依族苗族自治州,山东省,临沂市,2018,2,0,0
贵州省,黔南布依族苗族自治州,山东省,临沂市,2019,2,0,0
贵州省,黔南布依族苗族自治州,山东省,临沂市,2020,2,0,0
贵州省,黔南布依族苗族自治州,山东省,青岛市,2019,1,0,0
贵州省,黔南布依族苗族自治州,山东省,青岛市,2020,3,0,0
贵州省,黔南布依族苗族自治州,陕西省,渭南市,2019,1,0,0
贵州省,黔南布依族苗族自治州,陕西省,西安市,2020,1,0,0
贵州省,黔南布依族苗族自治州,云南省,昆明市,2018,1,0,0
贵州省,黔南布依族苗族自治州,云南省,昆明市,2020,1,3,0
贵州省,黔南布依族苗族自治州,浙江省,杭州市,2020,0,1,0
贵州省,黔南布依族苗族自治州,浙江省,嘉兴市,2020,3,0,0
贵州省,黔南布依族苗族自治州,重庆市,重庆市,2019,6,5,0
贵州省,黔西南布依族苗族自治州,安徽省,合肥市,2018,3,0,0
贵州省,黔西南布依族苗族自治州,北京市,北京市,2018,1,0,0
贵州省,黔西南布依族苗族自治州,北京市,北京市,2020,1,0,0
贵州省,黔西南布依族苗族自治州,广东省,广州市,2018,6,1,0
贵州省,黔西南布依族苗族自治州,广东省,广州市,2019,5,6,0
贵州省,黔西南布依族苗族自治州,广东省,广州市,2020,3,4,0
贵州省,黔西南布依族苗族自治州,广东省,湛江市,2018,1,0,0
贵州省,黔西南布依族苗族自治州,广东省,湛江市,2019,1,0,0
贵州省,黔西南布依族苗族自治州,广东省,中山市,2019,0,2,0
贵州省,黔西南布依族苗族自治州,贵州省,贵阳市,2018,10,6,0
贵州省,黔西南布依族苗族自治州,贵州省,贵阳市,2019,13,7,0
贵州省,黔西南布依族苗族自治州,贵州省,贵阳市,2020,10,4,0
贵州省,黔西南布依族苗族自治州,贵州省,黔东南苗族侗族自治州,2018,0,1,0
贵州省,黔西南布依族苗族自治州,贵州省,黔东南苗族侗族自治州,2019,0,1,0
贵州省,黔西南布依族苗族自治州,海南省,儋州市（含洋浦）,2018,1,0,0
贵州省,黔西南布依族苗族自治州,海南省,海口市,2019,2,1,0
贵州省,黔西南布依族苗族自治州,黑龙江省,哈尔滨市,2018,0,1,0
贵州省,黔西南布依族苗族自治州,黑龙江省,哈尔滨市,2019,1,0,0
贵州省,黔西南布依族苗族自治州,湖北省,武汉市,2018,2,0,0
贵州省,黔西南布依族苗族自治州,湖北省,武汉市,2019,1,2,0
贵州省,黔西南布依族苗族自治州,湖南省,长沙市,2018,1,0,0
贵州省,黔西南布依族苗族自治州,湖南省,湘潭市,2020,3,0,0
贵州省,黔西南布依族苗族自治州,湖南省,湘西土家族苗族自治州,2019,1,0,0
贵州省,黔西南布依族苗族自治州,江苏省,南京市,2018,3,2,0
贵州省,黔西南布依族苗族自治州,江苏省,南京市,2019,0,1,0
贵州省,黔西南布依族苗族自治州,江苏省,南京市,2020,10,2,0
贵州省,黔西南布依族苗族自治州,辽宁省,鞍山市,2018,0,1,0
贵州省,黔西南布依族苗族自治州,辽宁省,鞍山市,2019,0,1,0
贵州省,黔西南布依族苗族自治州,辽宁省,沈阳市,2018,1,1,0
贵州省,黔西南布依族苗族自治州,陕西省,西安市,2018,1,2,0
贵州省,黔西南布依族苗族自治州,陕西省,西安市,2020,5,0,0
贵州省,黔西南布依族苗族自治州,上海市,上海市,2019,0,1,0
贵州省,黔西南布依族苗族自治州,上海市,上海市,2020,1,0,0
贵州省,黔西南布依族苗族自治州,天津市,天津市,2019,6,0,0
贵州省,黔西南布依族苗族自治州,天津市,天津市,2020,2,0,0
贵州省,黔西南布依族苗族自治州,云南省,昆明市,2018,1,1,0
贵州省,黔西南布依族苗族自治州,云南省,临沧市,2019,1,0,0
贵州省,黔西南布依族苗族自治州,浙江省,杭州市,2018,0,1,0
贵州省,黔西南布依族苗族自治州,浙江省,杭州市,2019,0,2,0
贵州省,黔西南布依族苗族自治州,浙江省,丽水市,2019,0,3,0
贵州省,铜仁市,北京市,北京市,2018,2,1,0
贵州省,铜仁市,北京市,北京市,2020,2,0,0
贵州省,铜仁市,广东省,广州市,2020,1,1,0
贵州省,铜仁市,广东省,深圳市,2019,2,0,0
贵州省,铜仁市,贵州省,贵阳市,2018,30,5,0
贵州省,铜仁市,贵州省,贵阳市,2019,17,8,0
贵州省,铜仁市,贵州省,贵阳市,2020,5,8,0
贵州省,铜仁市,贵州省,六盘水市,2018,4,0,0
贵州省,铜仁市,贵州省,遵义市,2019,0,6,0
贵州省,铜仁市,湖北省,武汉市,2018,1,0,0
贵州省,铜仁市,湖北省,武汉市,2020,0,2,0
贵州省,铜仁市,湖北省,咸宁市,2018,2,2,0
贵州省,铜仁市,湖南省,邵阳市,2020,0,0,12
贵州省,铜仁市,江苏省,南京市,2018,1,0,0
贵州省,铜仁市,江苏省,南京市,2020,1,1,0
贵州省,铜仁市,江苏省,无锡市,2019,1,2,0
贵州省,铜仁市,江苏省,盐城市,2019,2,15,0
贵州省,铜仁市,江西省,景德镇市,2019,1,0,0
贵州省,铜仁市,江西省,南昌市,2019,0,1,0
贵州省,铜仁市,辽宁省,大连市,2018,2,0,0
贵州省,铜仁市,辽宁省,大连市,2019,1,0,0
贵州省,铜仁市,陕西省,西安市,2020,1,0,0
贵州省,铜仁市,陕西省,延安市,2019,2,0,0
贵州省,铜仁市,四川省,成都市,2018,0,1,0
贵州省,铜仁市,四川省,绵阳市,2019,2,0,0
贵州省,遵义市,北京市,北京市,2018,8,3,0
贵州省,遵义市,北京市,北京市,2019,9,2,0
贵州省,遵义市,北京市,北京市,2020,8,1,0
贵州省,遵义市,福建省,南平市,2018,1,0,0
贵州省,遵义市,福建省,泉州市,2018,1,0,0
贵州省,遵义市,广东省,佛山市,2018,0,1,0
贵州省,遵义市,广东省,佛山市,2020,0,2,0
贵州省,遵义市,广东省,广州市,2019,6,11,0
贵州省,遵义市,广东省,广州市,2020,27,45,0
贵州省,遵义市,广东省,梅州市,2020,1,6,0
贵州省,遵义市,广东省,清远市,2020,3,3,0
贵州省,遵义市,广东省,深圳市,2018,1,0,0
贵州省,遵义市,广东省,深圳市,2019,4,3,0
贵州省,遵义市,广东省,深圳市,2020,0,4,0
贵州省,遵义市,广东省,珠海市,2018,0,1,0
贵州省,遵义市,广西壮族自治区,贵港市,2020,0,3,0
贵州省,遵义市,广西壮族自治区,梧州市,2020,3,3,0
贵州省,遵义市,贵州省,安顺市,2020,0,11,0
贵州省,遵义市,贵州省,毕节市,2018,0,1,0
贵州省,遵义市,贵州省,毕节市,2019,0,7,0
贵州省,遵义市,贵州省,毕节市,2020,1,0,0
贵州省,遵义市,贵州省,贵阳市,2018,16,5,0
贵州省,遵义市,贵州省,贵阳市,2019,9,14,0
贵州省,遵义市,贵州省,贵阳市,2020,12,16,0
贵州省,遵义市,河北省,保定市,2018,1,0,0
贵州省,遵义市,黑龙江省,哈尔滨市,2019,1,0,0
贵州省,遵义市,湖北省,武汉市,2020,3,1,0
贵州省,遵义市,湖北省,襄阳市,2020,0,3,0
贵州省,遵义市,湖南省,娄底市,2020,0,2,0
贵州省,遵义市,湖南省,益阳市,2020,1,0,0
贵州省,遵义市,江苏省,南京市,2019,6,0,0
贵州省,遵义市,江苏省,南京市,2020,7,1,0
贵州省,遵义市,江苏省,苏州市,2020,0,1,0
贵州省,遵义市,宁夏回族自治区,石嘴山市,2019,1,1,0
贵州省,遵义市,宁夏回族自治区,石嘴山市,2020,1,1,0
贵州省,遵义市,山东省,济南市,2018,1,0,0
贵州省,遵义市,山东省,济宁市,2019,1,0,0
贵州省,遵义市,山东省,潍坊市,2020,2,0,0
贵州省,遵义市,山东省,淄博市,2019,1,0,0
贵州省,遵义市,山东省,淄博市,2020,1,0,0
贵州省,遵义市,陕西省,西安市,2019,2,0,0
贵州省,遵义市,陕西省,西安市,2020,6,4,0
贵州省,遵义市,陕西省,延安市,2019,4,0,0
贵州省,遵义市,上海市,上海市,2019,4,4,0
贵州省,遵义市,上海市,上海市,2020,2,0,0
贵州省,遵义市,四川省,成都市,2019,4,0,0
贵州省,遵义市,四川省,成都市,2020,1,0,0
贵州省,遵义市,四川省,内江市,2018,0,3,3
贵州省,遵义市,四川省,内江市,2019,0,0,2
贵州省,遵义市,天津市,天津市,2020,0,3,0
贵州省,遵义市,云南省,昆明市,2020,2,0,0
贵州省,遵义市,浙江省,台州市,2018,1,0,0
海南省,儋州市（含洋浦）,海南省,儋州市,2020,1,3,0
海南省,儋州市（含洋浦）,新疆维吾尔自治区,乌鲁木齐市,2020,1,0,0
海南省,海口市,安徽省,合肥市,2018,2,0,0
海南省,海口市,安徽省,合肥市,2020,2,1,0
海南省,海口市,北京市,北京市,2018,19,3,0
海南省,海口市,北京市,北京市,2019,22,15,0
海南省,海口市,北京市,北京市,2020,60,5,3
海南省,海口市,福建省,厦门市,2020,1,0,0
海南省,海口市,广东省,东莞市,2020,0,2,0
海南省,海口市,广东省,广州市,2018,4,1,0
海南省,海口市,广东省,广州市,2019,5,9,4
海南省,海口市,广东省,广州市,2020,13,14,0
海南省,海口市,广东省,惠州市,2020,1,0,0
海南省,海口市,广东省,中山市,2019,1,2,0
海南省,海口市,广西壮族自治区,桂林市,2018,1,4,0
海南省,海口市,广西壮族自治区,桂林市,2019,0,3,0
海南省,海口市,广西壮族自治区,桂林市,2020,1,4,0
海南省,海口市,广西壮族自治区,南宁市,2018,2,0,0
海南省,海口市,海南省,儋州市,2019,1,0,0
海南省,海口市,海南省,儋州市,2020,6,6,1
海南省,海口市,海南省,儋州市（含洋浦）,2018,0,1,0
海南省,海口市,海南省,儋州市（含洋浦）,2019,7,1,0
海南省,海口市,海南省,儋州市（含洋浦）,2020,3,0,0
海南省,海口市,海南省,三沙市,2018,1,0,0
海南省,海口市,海南省,三沙市,2019,3,5,0
海南省,海口市,海南省,三沙市,2020,2,0,0
海南省,海口市,海南省,三亚市,2018,0,3,0
海南省,海口市,海南省,三亚市,2019,1,2,0
海南省,海口市,海南省,三亚市,2020,5,2,0
海南省,海口市,河北省,保定市,2018,1,0,0
海南省,海口市,河北省,保定市,2019,2,0,0
海南省,海口市,河北省,保定市,2020,10,0,0
海南省,海口市,河北省,沧州市,2019,2,0,0
海南省,海口市,河北省,沧州市,2020,0,1,0
海南省,海口市,黑龙江省,哈尔滨市,2018,1,0,0
海南省,海口市,黑龙江省,哈尔滨市,2020,2,0,0
海南省,海口市,湖北省,武汉市,2018,3,3,0
海南省,海口市,湖北省,武汉市,2019,1,0,0
海南省,海口市,湖北省,武汉市,2020,1,0,0
海南省,海口市,湖南省,永州市,2019,1,0,0
海南省,海口市,江苏省,南京市,2018,10,0,0
海南省,海口市,江苏省,南京市,2019,10,0,1
海南省,海口市,江苏省,南京市,2020,14,1,1
海南省,海口市,江苏省,南通市,2020,4,0,0
海南省,海口市,江苏省,无锡市,2018,1,0,0
海南省,海口市,江苏省,无锡市,2019,1,1,0
海南省,海口市,江苏省,扬州市,2020,0,1,2
海南省,海口市,江西省,景德镇市,2018,1,0,0
海南省,海口市,江西省,南昌市,2018,1,1,0
海南省,海口市,辽宁省,抚顺市,2018,1,0,0
海南省,海口市,辽宁省,沈阳市,2019,1,1,0
海南省,海口市,山东省,济南市,2019,2,0,0
海南省,海口市,山西省,太原市,2020,3,1,0
海南省,海口市,上海市,上海市,2018,4,0,0
海南省,海口市,上海市,上海市,2019,2,0,3
海南省,海口市,上海市,上海市,2020,8,4,3
海南省,海口市,四川省,成都市,2019,3,0,0
海南省,海口市,四川省,成都市,2020,13,6,2
海南省,海口市,四川省,广安市,2019,0,3,0
海南省,海口市,四川省,广安市,2020,2,1,0
海南省,海口市,天津市,天津市,2018,1,0,0
海南省,海口市,天津市,天津市,2020,6,1,0
海南省,海口市,新疆维吾尔自治区,乌鲁木齐市,2019,3,3,0
海南省,海口市,新疆维吾尔自治区,乌鲁木齐市,2020,1,2,0
海南省,海口市,云南省,昆明市,2018,0,1,0
海南省,海口市,云南省,昆明市,2020,2,1,0
海南省,海口市,浙江省,杭州市,2018,1,0,0
海南省,海口市,浙江省,杭州市,2019,7,0,0
海南省,海口市,浙江省,杭州市,2020,10,2,0
海南省,三沙市,海南省,三亚市,2018,1,0,0
海南省,三沙市,海南省,三亚市,2020,1,1,0
海南省,省直辖县级行政区划,安徽省,合肥市,2020,2,1,0
海南省,省直辖县级行政区划,北京市,北京市,2018,0,23,0
海南省,省直辖县级行政区划,北京市,北京市,2020,0,0,2
海南省,省直辖县级行政区划,福建省,厦门市,2020,0,4,0
海南省,省直辖县级行政区划,福建省,漳州市,2018,3,6,0
海南省,省直辖县级行政区划,福建省,漳州市,2020,10,0,0
海南省,省直辖县级行政区划,广东省,东莞市,2019,1,2,0
海南省,省直辖县级行政区划,广东省,佛山市,2020,0,3,0
海南省,省直辖县级行政区划,广东省,广州市,2018,0,5,0
海南省,省直辖县级行政区划,广东省,广州市,2020,5,1,0
海南省,省直辖县级行政区划,广东省,江门市,2020,0,1,0
海南省,省直辖县级行政区划,广东省,深圳市,2018,0,3,0
海南省,省直辖县级行政区划,广东省,深圳市,2020,0,1,0
海南省,省直辖县级行政区划,广东省,湛江市,2018,0,4,0
海南省,省直辖县级行政区划,广东省,湛江市,2020,3,2,0
海南省,省直辖县级行政区划,广东省,中山市,2019,3,0,0
海南省,省直辖县级行政区划,广东省,珠海市,2019,0,7,2
海南省,省直辖县级行政区划,广西壮族自治区,南宁市,2018,1,0,0
海南省,省直辖县级行政区划,广西壮族自治区,玉林市,2019,2,4,0
海南省,省直辖县级行政区划,海南省,儋州市,2020,2,3,0
海南省,省直辖县级行政区划,海南省,海口市,2018,11,7,0
海南省,省直辖县级行政区划,海南省,海口市,2019,14,13,0
海南省,省直辖县级行政区划,海南省,海口市,2020,31,37,1
海南省,省直辖县级行政区划,海南省,三亚市,2018,6,2,1
海南省,省直辖县级行政区划,海南省,三亚市,2019,5,3,7
海南省,省直辖县级行政区划,海南省,三亚市,2020,8,5,1
海南省,省直辖县级行政区划,河南省,濮阳市,2019,1,0,0
海南省,省直辖县级行政区划,黑龙江省,大庆市,2020,1,0,0
海南省,省直辖县级行政区划,湖北省,宜昌市,2018,1,0,0
海南省,省直辖县级行政区划,湖北省,宜昌市,2019,4,1,0
海南省,省直辖县级行政区划,江苏省,无锡市,2019,3,0,0
海南省,省直辖县级行政区划,江西省,九江市,2020,1,0,0
海南省,省直辖县级行政区划,江西省,南昌市,2019,1,0,0
海南省,省直辖县级行政区划,内蒙古自治区,呼和浩特市,2019,0,4,0
海南省,省直辖县级行政区划,山东省,滨州市,2020,3,3,0
海南省,省直辖县级行政区划,山东省,东营市,2020,0,1,0
海南省,省直辖县级行政区划,山东省,临沂市,2020,0,3,0
海南省,省直辖县级行政区划,山东省,烟台市,2020,1,1,0
海南省,省直辖县级行政区划,上海市,上海市,2018,6,6,1
海南省,省直辖县级行政区划,上海市,上海市,2019,7,4,7
海南省,省直辖县级行政区划,上海市,上海市,2020,9,5,1
海南省,省直辖县级行政区划,四川省,成都市,2020,7,0,0
海南省,省直辖县级行政区划,天津市,天津市,2018,2,0,0
海南省,省直辖县级行政区划,天津市,天津市,2020,8,0,0
海南省,省直辖县级行政区划,新疆维吾尔自治区,伊犁哈萨克自治州,2019,15,0,0
海南省,省直辖县级行政区划,云南省,楚雄彝族自治州,2019,2,0,0
海南省,省直辖县级行政区划,云南省,大理白族自治州,2018,0,7,0
海南省,省直辖县级行政区划,云南省,大理白族自治州,2019,1,15,0
海南省,省直辖县级行政区划,云南省,昆明市,2018,0,11,0
海南省,省直辖县级行政区划,云南省,昆明市,2019,2,16,0
海南省,省直辖县级行政区划,云南省,昆明市,2020,0,3,0
海南省,省直辖县级行政区划,浙江省,嘉兴市,2020,1,0,0
河北省,霸州市,山东省,济南市,2020,0,0,1
河北省,霸州市,云南省,昆明市,2020,0,1,1
河北省,保定市,广东省,佛山市,2018,2,3,0
河北省,保定市,内蒙古自治区,乌兰察布市,2019,0,1,0
河北省,保定市,上海市,上海市,2018,2,5,0
河北省,保定市,上海市,上海市,2019,14,17,5
河北省,保定市,上海市,上海市,2020,22,3,0
河北省,保定市,新疆维吾尔自治区,乌鲁木齐市,2019,2,2,0
河北省,保定市,新疆维吾尔自治区,乌鲁木齐市,2020,3,0,0
河北省,沧州市,安徽省,合肥市,2019,1,1,0
河北省,沧州市,安徽省,合肥市,2020,1,1,0
河北省,沧州市,北京市,北京市,2018,233,64,0
河北省,沧州市,北京市,北京市,2019,143,106,1
河北省,沧州市,北京市,北京市,2020,133,71,2
河北省,沧州市,福建省,厦门市,2018,0,1,0
河北省,沧州市,甘肃省,兰州市,2019,0,1,0
河北省,沧州市,甘肃省,兰州市,2020,1,0,0
河北省,沧州市,广东省,广州市,2018,3,4,1
河北省,沧州市,广东省,广州市,2020,0,1,0
河北省,沧州市,广西壮族自治区,南宁市,2020,1,0,0
河北省,沧州市,河北省,保定市,2018,3,0,0
河北省,沧州市,河北省,保定市,2019,2,1,0
河北省,沧州市,河北省,保定市,2020,2,2,0
河北省,沧州市,河北省,廊坊市,2019,1,2,0
河北省,沧州市,河北省,廊坊市,2020,1,7,0
河北省,沧州市,河北省,唐山市,2018,6,102,0
河北省,沧州市,河北省,唐山市,2019,0,40,0
河北省,沧州市,河北省,唐山市,2020,0,13,0
河北省,沧州市,河南省,三门峡市,2020,1,0,0
河北省,沧州市,黑龙江省,大庆市,2018,4,0,0
河北省,沧州市,黑龙江省,大庆市,2019,0,1,0
河北省,沧州市,湖北省,武汉市,2019,1,0,0
河北省,沧州市,湖北省,武汉市,2020,0,5,0
河北省,沧州市,湖南省,株洲市,2018,1,0,0
河北省,沧州市,湖南省,株洲市,2019,1,0,0
河北省,沧州市,湖南省,株洲市,2020,1,0,0
河北省,沧州市,吉林省,吉林市,2019,1,1,0
河北省,沧州市,江苏省,常州市,2020,0,1,0
河北省,沧州市,江苏省,南京市,2018,2,5,0
河北省,沧州市,江苏省,南京市,2019,2,0,0
河北省,沧州市,江苏省,南京市,2020,1,1,0
河北省,沧州市,江苏省,南通市,2020,0,1,0
河北省,沧州市,江苏省,无锡市,2019,0,1,0
河北省,沧州市,江苏省,无锡市,2020,0,3,0
河北省,沧州市,江西省,九江市,2019,0,3,0
河北省,沧州市,江西省,九江市,2020,0,9,0
河北省,沧州市,江西省,南昌市,2018,0,1,0
河北省,沧州市,辽宁省,大连市,2018,0,2,0
河北省,沧州市,辽宁省,大连市,2019,2,0,0
河北省,沧州市,辽宁省,大连市,2020,2,0,0
河北省,沧州市,辽宁省,沈阳市,2018,0,1,0
河北省,沧州市,辽宁省,沈阳市,2019,1,0,0
河北省,沧州市,辽宁省,沈阳市,2020,1,0,0
河北省,沧州市,内蒙古自治区,呼和浩特市,2020,1,1,0
河北省,沧州市,内蒙古自治区,呼伦贝尔市,2019,3,3,0
河北省,沧州市,山东省,德州市,2020,0,2,0
河北省,沧州市,山东省,东营市,2018,1,0,0
河北省,沧州市,山东省,威海市,2020,0,2,0
河北省,沧州市,山西省,大同市,2020,0,1,0
河北省,沧州市,山西省,太原市,2019,1,1,0
河北省,沧州市,山西省,太原市,2020,1,0,0
河北省,沧州市,上海市,上海市,2018,2,2,0
河北省,沧州市,上海市,上海市,2019,5,4,0
河北省,沧州市,上海市,上海市,2020,1,6,0
河北省,沧州市,四川省,成都市,2018,1,0,0
河北省,沧州市,四川省,成都市,2019,1,1,0
河北省,沧州市,天津市,天津市,2018,14,31,0
河北省,沧州市,天津市,天津市,2019,14,24,0
河北省,沧州市,天津市,天津市,2020,33,38,0
河北省,沧州市,浙江省,杭州市,2018,0,2,0
河北省,沧州市,浙江省,杭州市,2019,1,19,0
河北省,沧州市,浙江省,杭州市,2020,2,1,0
河北省,沧州市,浙江省,嘉兴市,2020,2,1,0
河北省,承德市,北京市,北京市,2018,26,36,0
河北省,承德市,北京市,北京市,2019,30,40,0
河北省,承德市,北京市,北京市,2020,48,36,0
河北省,承德市,福建省,厦门市,2018,1,0,0
河北省,承德市,甘肃省,张掖市,2018,0,2,0
河北省,承德市,广东省,佛山市,2019,2,0,0
河北省,承德市,广西壮族自治区,北海市,2019,0,2,0
河北省,承德市,海南省,儋州市（含洋浦）,2019,1,0,0
河北省,承德市,河北省,保定市,2019,2,12,0
河北省,承德市,河北省,保定市,2020,0,1,0
河北省,承德市,河北省,廊坊市,2020,1,0,0
河北省,承德市,河北省,唐山市,2018,1,1,0
河北省,承德市,河北省,唐山市,2019,1,0,0
河北省,承德市,河北省,张家口市,2019,3,0,0
河北省,承德市,河北省,张家口市,2020,1,0,0
河北省,承德市,江苏省,南京市,2018,0,2,0
河北省,承德市,江西省,吉安市,2020,1,1,0
河北省,承德市,江西省,南昌市,2020,1,1,0
河北省,承德市,山西省,太原市,2019,0,2,0
河北省,承德市,上海市,上海市,2018,1,0,0
河北省,承德市,上海市,上海市,2019,0,12,0
河北省,承德市,四川省,成都市,2018,0,2,0
河北省,承德市,四川省,成都市,2019,0,2,0
河北省,承德市,四川省,成都市,2020,1,1,0
河北省,承德市,天津市,天津市,2018,1,3,0
河北省,承德市,天津市,天津市,2019,2,1,0
河北省,承德市,天津市,天津市,2020,3,2,1
河北省,承德市,浙江省,嘉兴市,2018,0,1,0
河北省,邯郸市,安徽省,蚌埠市,2020,4,2,0
河北省,邯郸市,安徽省,亳州市,2020,2,2,0
河北省,邯郸市,安徽省,合肥市,2018,4,0,0
河北省,邯郸市,安徽省,合肥市,2019,2,0,0
河北省,邯郸市,安徽省,合肥市,2020,1,0,0
河北省,邯郸市,安徽省,芜湖市,2020,0,0,9
河北省,邯郸市,北京市,北京市,2018,75,64,0
河北省,邯郸市,北京市,北京市,2019,103,54,1
河北省,邯郸市,北京市,北京市,2020,90,82,0
河北省,邯郸市,福建省,厦门市,2020,0,2,0
河北省,邯郸市,广东省,佛山市,2018,5,7,0
河北省,邯郸市,广东省,佛山市,2019,6,13,0
河北省,邯郸市,广东省,佛山市,2020,11,33,0
河北省,邯郸市,广东省,广州市,2018,3,3,0
河北省,邯郸市,广东省,广州市,2019,1,0,0
河北省,邯郸市,广东省,广州市,2020,2,0,0
河北省,邯郸市,广东省,深圳市,2018,0,1,0
河北省,邯郸市,广东省,珠海市,2018,61,57,0
河北省,邯郸市,广东省,珠海市,2019,23,40,0
河北省,邯郸市,广东省,珠海市,2020,19,26,2
河北省,邯郸市,广西壮族自治区,柳州市,2020,1,0,0
河北省,邯郸市,广西壮族自治区,南宁市,2018,0,1,0
河北省,邯郸市,广西壮族自治区,梧州市,2018,0,1,0
河北省,邯郸市,河北省,保定市,2019,1,0,0
河北省,邯郸市,河北省,保定市,2020,1,2,2
河北省,邯郸市,河北省,衡水市,2019,1,6,0
河北省,邯郸市,河北省,廊坊市,2020,2,0,0
河北省,邯郸市,河北省,秦皇岛市,2020,4,4,0
河北省,邯郸市,河北省,石家庄市,2018,52,44,0
河北省,邯郸市,河北省,石家庄市,2019,78,9,2
河北省,邯郸市,河北省,石家庄市,2020,44,6,0
河北省,邯郸市,河北省,唐山市,2018,1,0,0
河北省,邯郸市,河北省,唐山市,2020,2,0,0
河北省,邯郸市,河北省,邢台市,2020,1,0,0
河北省,邯郸市,河北省,张家口市,2020,1,1,0
河北省,邯郸市,河南省,安阳市,2019,1,4,0
河北省,邯郸市,河南省,安阳市,2020,2,0,0
河北省,邯郸市,河南省,焦作市,2020,1,0,0
河北省,邯郸市,河南省,濮阳市,2019,1,0,0
河北省,邯郸市,河南省,新乡市,2020,1,1,0
河北省,邯郸市,黑龙江省,哈尔滨市,2018,1,0,0
河北省,邯郸市,黑龙江省,哈尔滨市,2020,1,0,0
河北省,邯郸市,湖北省,武汉市,2018,3,0,0
河北省,邯郸市,湖北省,武汉市,2019,2,0,0
河北省,邯郸市,湖北省,武汉市,2020,3,0,0
河北省,邯郸市,湖北省,宜昌市,2020,0,2,0
河北省,邯郸市,江苏省,南京市,2018,3,3,0
河北省,邯郸市,江苏省,南京市,2020,3,1,0
河北省,邯郸市,江苏省,无锡市,2019,1,0,0
河北省,邯郸市,江苏省,无锡市,2020,5,0,0
河北省,邯郸市,江苏省,徐州市,2018,2,1,0
河北省,邯郸市,江苏省,徐州市,2019,1,0,0
河北省,邯郸市,江苏省,徐州市,2020,1,0,0
河北省,邯郸市,江苏省,扬州市,2019,0,1,0
河北省,邯郸市,江西省,赣州市,2020,2,0,0
河北省,邯郸市,江西省,南昌市,2018,1,0,0
河北省,邯郸市,江西省,南昌市,2020,2,0,0
河北省,邯郸市,江西省,新余市,2020,1,1,0
河北省,邯郸市,江西省,宜春市,2019,0,1,0
河北省,邯郸市,江西省,宜春市,2020,0,2,0
河北省,邯郸市,辽宁省,沈阳市,2018,1,0,0
河北省,邯郸市,辽宁省,沈阳市,2019,5,0,0
河北省,邯郸市,辽宁省,沈阳市,2020,2,2,0
河北省,邯郸市,山东省,济南市,2018,1,0,0
河北省,邯郸市,山东省,济南市,2020,1,0,0
河北省,邯郸市,山西省,晋城市,2019,1,1,0
河北省,邯郸市,山西省,晋中市,2020,0,1,0
河北省,邯郸市,山西省,临汾市,2019,2,3,0
河北省,邯郸市,山西省,临汾市,2020,1,1,0
河北省,邯郸市,山西省,太原市,2018,0,1,0
河北省,邯郸市,山西省,太原市,2020,1,1,0
河北省,邯郸市,陕西省,西安市,2018,3,2,0
河北省,邯郸市,陕西省,西安市,2019,5,1,0
河北省,邯郸市,陕西省,西安市,2020,3,1,0
河北省,邯郸市,陕西省,咸阳市,2019,0,1,0
河北省,邯郸市,陕西省,延安市,2019,0,1,0
河北省,邯郸市,陕西省,榆林市,2018,2,1,0
河北省,邯郸市,陕西省,榆林市,2020,1,0,0
河北省,邯郸市,上海市,上海市,2018,4,0,0
河北省,邯郸市,上海市,上海市,2019,1,0,0
河北省,邯郸市,上海市,上海市,2020,8,6,0
河北省,邯郸市,四川省,成都市,2018,0,1,0
河北省,邯郸市,四川省,成都市,2019,1,12,0
河北省,邯郸市,四川省,绵阳市,2019,1,0,0
河北省,邯郸市,天津市,天津市,2018,8,3,0
河北省,邯郸市,天津市,天津市,2019,5,2,0
河北省,邯郸市,天津市,天津市,2020,13,22,0
河北省,邯郸市,新疆维吾尔自治区,喀什地区,2018,1,0,0
河北省,邯郸市,新疆维吾尔自治区,乌鲁木齐市,2018,2,4,0
河北省,邯郸市,云南省,保山市,2020,1,0,0
河北省,邯郸市,云南省,昆明市,2018,1,1,0
河北省,邯郸市,云南省,昆明市,2019,1,0,0
河北省,邯郸市,云南省,曲靖市,2018,3,1,0
河北省,邯郸市,浙江省,杭州市,2020,0,2,0
河北省,邯郸市,浙江省,宁波市,2018,0,1,0
河北省,衡水市,安徽省,滁州市,2019,1,1,0
河北省,衡水市,安徽省,合肥市,2020,1,0,0
河北省,衡水市,北京市,北京市,2018,44,27,0
河北省,衡水市,北京市,北京市,2019,80,27,0
河北省,衡水市,北京市,北京市,2020,47,18,1
河北省,衡水市,福建省,福州市,2019,1,2,0
河北省,衡水市,甘肃省,兰州市,2018,0,1,0
河北省,衡水市,甘肃省,兰州市,2019,0,1,0
河北省,衡水市,甘肃省,兰州市,2020,1,1,0
河北省,衡水市,广东省,广州市,2019,1,2,0
河北省,衡水市,广东省,广州市,2020,0,1,0
河北省,衡水市,广东省,深圳市,2020,1,1,0
河北省,衡水市,广东省,湛江市,2020,1,0,0
河北省,衡水市,广东省,珠海市,2019,2,0,0
河北省,衡水市,广西壮族自治区,南宁市,2020,0,1,0
河北省,衡水市,广西壮族自治区,玉林市,2019,0,2,0
河北省,衡水市,海南省,海口市,2020,1,3,0
河北省,衡水市,河北省,保定市,2019,11,4,0
河北省,衡水市,河北省,保定市,2020,7,7,0
河北省,衡水市,河北省,沧州市,2018,4,5,0
河北省,衡水市,河北省,石家庄市,2018,25,23,0
河北省,衡水市,河北省,石家庄市,2019,63,18,1
河北省,衡水市,河北省,石家庄市,2020,34,8,2
河北省,衡水市,河北省,唐山市,2018,4,2,0
河北省,衡水市,河北省,张家口市,2019,0,1,0
河北省,衡水市,湖北省,武汉市,2018,3,4,0
河北省,衡水市,湖北省,武汉市,2019,3,4,0
河北省,衡水市,湖北省,武汉市,2020,2,2,0
河北省,衡水市,吉林省,吉林市,2018,1,0,0
河北省,衡水市,江苏省,南京市,2018,0,2,0
河北省,衡水市,江苏省,南京市,2019,1,0,0
河北省,衡水市,辽宁省,沈阳市,2018,1,0,0
河北省,衡水市,辽宁省,沈阳市,2020,1,0,0
河北省,衡水市,内蒙古自治区,包头市,2018,5,2,0
河北省,衡水市,内蒙古自治区,呼和浩特市,2018,1,3,0
河北省,衡水市,内蒙古自治区,呼和浩特市,2019,0,2,0
河北省,衡水市,内蒙古自治区,呼和浩特市,2020,1,0,0
河北省,衡水市,山东省,济南市,2019,0,2,0
河北省,衡水市,山东省,济南市,2020,4,1,0
河北省,衡水市,山东省,潍坊市,2020,1,0,0
河北省,衡水市,山西省,太原市,2020,0,2,0
河北省,衡水市,陕西省,渭南市,2018,1,1,0
河北省,衡水市,上海市,上海市,2019,0,3,2
河北省,衡水市,上海市,上海市,2020,0,5,0
河北省,衡水市,四川省,成都市,2018,1,2,0
河北省,衡水市,四川省,成都市,2019,0,2,0
河北省,衡水市,四川省,成都市,2020,5,14,0
河北省,衡水市,天津市,天津市,2018,1,4,0
河北省,衡水市,天津市,天津市,2019,6,4,0
河北省,衡水市,天津市,天津市,2020,13,13,0
河北省,衡水市,新疆维吾尔自治区,克拉玛依市,2019,1,1,0
河北省,衡水市,新疆维吾尔自治区,乌鲁木齐市,2018,0,2,0
河北省,衡水市,新疆维吾尔自治区,乌鲁木齐市,2020,0,1,0
河北省,廊坊市,安徽省,合肥市,2018,16,5,0
河北省,廊坊市,安徽省,合肥市,2019,13,9,0
河北省,廊坊市,安徽省,合肥市,2020,14,0,0
河北省,廊坊市,北京市,北京市,2018,248,136,3
河北省,廊坊市,北京市,北京市,2019,298,233,8
河北省,廊坊市,北京市,北京市,2020,217,167,12
河北省,廊坊市,福建省,宁德市,2018,0,1,0
河北省,廊坊市,广东省,佛山市,2018,4,4,0
河北省,廊坊市,广东省,佛山市,2020,1,0,0
河北省,廊坊市,广东省,广州市,2018,18,18,0
河北省,廊坊市,广东省,广州市,2019,12,3,0
河北省,廊坊市,广东省,广州市,2020,49,36,0
河北省,廊坊市,广东省,中山市,2018,2,0,0
河北省,廊坊市,广西壮族自治区,南宁市,2018,0,4,0
河北省,廊坊市,广西壮族自治区,南宁市,2020,0,2,0
河北省,廊坊市,河北省,保定市,2018,1,1,0
河北省,廊坊市,河北省,保定市,2019,7,0,0
河北省,廊坊市,河北省,保定市,2020,6,4,0
河北省,廊坊市,河北省,唐山市,2018,1,1,0
河北省,廊坊市,河北省,唐山市,2019,1,2,0
河北省,廊坊市,河北省,唐山市,2020,1,0,0
河北省,廊坊市,河南省,三门峡市,2018,0,1,0
河北省,廊坊市,河南省,商丘市,2020,1,0,0
河北省,廊坊市,黑龙江省,哈尔滨市,2019,1,0,0
河北省,廊坊市,黑龙江省,哈尔滨市,2020,1,1,0
河北省,廊坊市,江苏省,常州市,2019,3,0,0
河北省,廊坊市,江苏省,常州市,2020,9,0,0
河北省,廊坊市,江苏省,南京市,2019,1,0,0
河北省,廊坊市,江苏省,南京市,2020,2,2,0
河北省,廊坊市,江苏省,南通市,2020,5,0,0
河北省,廊坊市,江西省,九江市,2018,6,0,0
河北省,廊坊市,江西省,九江市,2019,2,0,1
河北省,廊坊市,江西省,九江市,2020,4,1,0
河北省,廊坊市,江西省,南昌市,2018,2,0,0
河北省,廊坊市,江西省,南昌市,2019,2,0,0
河北省,廊坊市,江西省,南昌市,2020,3,0,0
河北省,廊坊市,内蒙古自治区,包头市,2019,2,2,0
河北省,廊坊市,内蒙古自治区,包头市,2020,0,1,0
河北省,廊坊市,内蒙古自治区,呼和浩特市,2018,0,2,0
河北省,廊坊市,内蒙古自治区,呼伦贝尔市,2020,0,1,0
河北省,廊坊市,山东省,威海市,2018,16,5,0
河北省,廊坊市,山东省,威海市,2020,4,0,0
河北省,廊坊市,山西省,临汾市,2020,1,0,0
河北省,廊坊市,山西省,吕梁市,2020,3,2,0
河北省,廊坊市,山西省,太原市,2018,2,8,0
河北省,廊坊市,山西省,太原市,2019,2,5,0
河北省,廊坊市,山西省,太原市,2020,3,18,1
河北省,廊坊市,上海市,上海市,2018,14,1,0
河北省,廊坊市,上海市,上海市,2019,10,0,0
河北省,廊坊市,上海市,上海市,2020,4,0,0
河北省,廊坊市,四川省,宜宾市,2018,1,1,0
河北省,廊坊市,四川省,宜宾市,2020,2,3,0
河北省,廊坊市,天津市,天津市,2018,5,6,0
河北省,廊坊市,天津市,天津市,2019,17,31,1
河北省,廊坊市,天津市,天津市,2020,10,20,0
河北省,廊坊市,新疆维吾尔自治区,克拉玛依市,2020,1,0,0
河北省,廊坊市,浙江省,宁波市,2019,0,1,0
河北省,廊坊市,浙江省,宁波市,2020,0,1,2
河北省,秦皇岛市,安徽省,合肥市,2019,4,3,0
河北省,秦皇岛市,安徽省,合肥市,2020,5,3,0
河北省,秦皇岛市,北京市,北京市,2018,37,34,5
河北省,秦皇岛市,北京市,北京市,2019,47,44,0
河北省,秦皇岛市,北京市,北京市,2020,51,45,0
河北省,秦皇岛市,福建省,福州市,2020,3,0,0
河北省,秦皇岛市,广东省,佛山市,2018,1,0,0
河北省,秦皇岛市,广东省,广州市,2018,1,1,0
河北省,秦皇岛市,广东省,广州市,2019,2,2,0
河北省,秦皇岛市,广东省,广州市,2020,2,2,0
河北省,秦皇岛市,广东省,深圳市,2018,47,0,0
河北省,秦皇岛市,广东省,深圳市,2019,41,1,0
河北省,秦皇岛市,广东省,深圳市,2020,53,0,0
河北省,秦皇岛市,广东省,珠海市,2019,1,0,0
河北省,秦皇岛市,广西壮族自治区,柳州市,2020,1,0,0
河北省,秦皇岛市,河北省,保定市,2019,4,12,0
河北省,秦皇岛市,河北省,保定市,2020,3,1,0
河北省,秦皇岛市,河北省,沧州市,2019,3,0,0
河北省,秦皇岛市,河北省,沧州市,2020,2,0,0
河北省,秦皇岛市,河北省,承德市,2018,1,0,0
河北省,秦皇岛市,河北省,承德市,2019,2,12,0
河北省,秦皇岛市,河北省,承德市,2020,2,0,0
河北省,秦皇岛市,河北省,廊坊市,2020,1,0,0
河北省,秦皇岛市,河北省,石家庄市,2018,2,0,0
河北省,秦皇岛市,河北省,石家庄市,2019,7,0,0
河北省,秦皇岛市,河北省,石家庄市,2020,3,5,0
河北省,秦皇岛市,河北省,唐山市,2018,3,1,0
河北省,秦皇岛市,河北省,唐山市,2019,21,8,0
河北省,秦皇岛市,河北省,唐山市,2020,8,4,0
河北省,秦皇岛市,河北省,张家口市,2018,1,0,0
河北省,秦皇岛市,河北省,张家口市,2020,2,0,0
河北省,秦皇岛市,河南省,平顶山市,2020,1,0,0
河北省,秦皇岛市,河南省,新乡市,2020,1,2,0
河北省,秦皇岛市,黑龙江省,大兴安岭地区,2020,0,1,0
河北省,秦皇岛市,黑龙江省,哈尔滨市,2019,0,1,0
河北省,秦皇岛市,黑龙江省,哈尔滨市,2020,0,1,0
河北省,秦皇岛市,吉林省,吉林市,2020,0,1,0
河北省,秦皇岛市,吉林省,松原市,2018,2,0,0
河北省,秦皇岛市,江苏省,常州市,2018,0,4,0
河北省,秦皇岛市,江苏省,常州市,2019,1,0,0
河北省,秦皇岛市,江苏省,常州市,2020,3,0,0
河北省,秦皇岛市,江苏省,淮安市,2019,1,0,0
河北省,秦皇岛市,江苏省,南京市,2018,2,0,0
河北省,秦皇岛市,江苏省,南京市,2019,7,2,0
河北省,秦皇岛市,江苏省,南京市,2020,3,1,0
河北省,秦皇岛市,江苏省,南通市,2020,2,0,0
河北省,秦皇岛市,江苏省,泰州市,2018,1,0,0
河北省,秦皇岛市,江苏省,泰州市,2019,4,3,0
河北省,秦皇岛市,江苏省,泰州市,2020,1,10,0
河北省,秦皇岛市,江苏省,徐州市,2018,0,1,0
河北省,秦皇岛市,江苏省,徐州市,2020,0,1,0
河北省,秦皇岛市,江西省,南昌市,2020,1,1,0
河北省,秦皇岛市,辽宁省,沈阳市,2019,0,1,0
河北省,秦皇岛市,辽宁省,沈阳市,2020,4,0,0
河北省,秦皇岛市,内蒙古自治区,巴彦淖尔市,2019,3,2,0
河北省,秦皇岛市,内蒙古自治区,巴彦淖尔市,2020,2,2,0
河北省,秦皇岛市,内蒙古自治区,包头市,2018,1,1,5
河北省,秦皇岛市,内蒙古自治区,包头市,2019,2,1,0
河北省,秦皇岛市,内蒙古自治区,呼和浩特市,2020,1,1,0
河北省,秦皇岛市,内蒙古自治区,乌海市,2018,6,0,0
河北省,秦皇岛市,内蒙古自治区,乌兰察布市,2018,1,1,0
河北省,秦皇岛市,山东省,济南市,2019,0,2,0
河北省,秦皇岛市,山东省,烟台市,2019,1,1,0
河北省,秦皇岛市,山西省,晋中市,2020,1,0,0
河北省,秦皇岛市,山西省,太原市,2019,1,0,0
河北省,秦皇岛市,山西省,太原市,2020,2,2,0
河北省,秦皇岛市,陕西省,宝鸡市,2020,3,0,0
河北省,秦皇岛市,陕西省,渭南市,2020,1,1,0
河北省,秦皇岛市,陕西省,咸阳市,2020,0,1,0
河北省,秦皇岛市,上海市,上海市,2018,1,1,3
河北省,秦皇岛市,上海市,上海市,2019,15,26,0
河北省,秦皇岛市,上海市,上海市,2020,14,6,0
河北省,秦皇岛市,四川省,成都市,2018,1,0,0
河北省,秦皇岛市,四川省,成都市,2019,8,5,0
河北省,秦皇岛市,四川省,成都市,2020,7,1,0
河北省,秦皇岛市,四川省,德阳市,2018,3,0,0
河北省,秦皇岛市,天津市,天津市,2018,15,25,0
河北省,秦皇岛市,天津市,天津市,2019,12,22,0
河北省,秦皇岛市,天津市,天津市,2020,10,50,0
河北省,秦皇岛市,云南省,昆明市,2019,8,0,0
河北省,秦皇岛市,云南省,昆明市,2020,2,0,0
河北省,秦皇岛市,云南省,玉溪市,2019,1,0,0
河北省,秦皇岛市,浙江省,杭州市,2019,1,0,0
河北省,秦皇岛市,浙江省,杭州市,2020,2,1,0
河北省,秦皇岛市,浙江省,宁波市,2019,1,1,0
河北省,石家庄,北京市,北京市,2018,0,2,0
河北省,石家庄,北京市,北京市,2019,0,7,0
河北省,石家庄,河北省,沧州市,2018,0,1,0
河北省,石家庄市,安徽省,安庆市,2020,2,2,0
河北省,石家庄市,安徽省,合肥市,2018,9,1,0
河北省,石家庄市,安徽省,合肥市,2019,4,0,0
河北省,石家庄市,安徽省,合肥市,2020,2,1,0
河北省,石家庄市,安徽省,淮南市,2019,1,0,0
河北省,石家庄市,安徽省,淮南市,2020,2,1,0
河北省,石家庄市,北京市,北京市,2018,953,328,0
河北省,石家庄市,北京市,北京市,2019,1049,158,7
河北省,石家庄市,北京市,北京市,2020,1186,211,7
河北省,石家庄市,福建省,泉州市,2019,1,0,0
河北省,石家庄市,福建省,三明市,2020,0,1,0
河北省,石家庄市,福建省,厦门市,2020,6,2,0
河北省,石家庄市,甘肃省,白银市,2020,0,1,0
河北省,石家庄市,甘肃省,兰州市,2018,3,6,0
河北省,石家庄市,甘肃省,兰州市,2019,3,0,0
河北省,石家庄市,甘肃省,兰州市,2020,1,4,0
河北省,石家庄市,甘肃省,天水市,2018,2,0,0
河北省,石家庄市,甘肃省,天水市,2020,1,0,0
河北省,石家庄市,甘肃省,武威市,2020,0,3,0
河北省,石家庄市,广东省,东莞市,2020,2,0,0
河北省,石家庄市,广东省,佛山市,2018,0,1,0
河北省,石家庄市,广东省,广州市,2018,7,1,0
河北省,石家庄市,广东省,广州市,2019,4,5,0
河北省,石家庄市,广东省,广州市,2020,6,5,0
河北省,石家庄市,广东省,惠州市,2020,0,3,0
河北省,石家庄市,广东省,深圳市,2018,9,2,0
河北省,石家庄市,广东省,深圳市,2019,6,1,0
河北省,石家庄市,广东省,深圳市,2020,13,6,0
河北省,石家庄市,广东省,湛江市,2018,1,1,0
河北省,石家庄市,广东省,湛江市,2019,1,0,0
河北省,石家庄市,广东省,湛江市,2020,3,0,0
河北省,石家庄市,广东省,中山市,2019,0,2,0
河北省,石家庄市,广东省,中山市,2020,4,5,0
河北省,石家庄市,广东省,珠海市,2018,31,47,0
河北省,石家庄市,广东省,珠海市,2019,26,61,8
河北省,石家庄市,广东省,珠海市,2020,24,63,2
河北省,石家庄市,广西壮族自治区,桂林市,2018,2,0,0
河北省,石家庄市,广西壮族自治区,桂林市,2019,1,0,0
河北省,石家庄市,广西壮族自治区,桂林市,2020,3,0,0
河北省,石家庄市,广西壮族自治区,南宁市,2018,0,3,0
河北省,石家庄市,广西壮族自治区,南宁市,2019,2,1,0
河北省,石家庄市,广西壮族自治区,南宁市,2020,2,5,0
河北省,石家庄市,贵州省,安顺市,2019,0,1,0
河北省,石家庄市,贵州省,六盘水市,2019,1,0,0
河北省,石家庄市,海南省,海口市,2019,1,0,0
河北省,石家庄市,海南省,海口市,2020,1,0,0
河北省,石家庄市,河北省,保定市,2018,88,20,0
河北省,石家庄市,河北省,保定市,2019,114,21,0
河北省,石家庄市,河北省,保定市,2020,135,35,0
河北省,石家庄市,河北省,沧州市,2018,167,16,0
河北省,石家庄市,河北省,沧州市,2019,98,24,0
河北省,石家庄市,河北省,沧州市,2020,63,19,0
河北省,石家庄市,河北省,承德市,2018,0,1,0
河北省,石家庄市,河北省,承德市,2019,1,2,0
河北省,石家庄市,河北省,廊坊市,2018,4,0,0
河北省,石家庄市,河北省,廊坊市,2019,9,0,0
河北省,石家庄市,河北省,廊坊市,2020,4,0,0
河北省,石家庄市,河北省,石家庄,2018,0,2,0
河北省,石家庄市,河北省,石家庄,2019,0,7,0
河北省,石家庄市,河北省,石家庄,2020,0,5,0
河北省,石家庄市,河北省,唐山市,2018,8,0,0
河北省,石家庄市,河北省,唐山市,2019,6,2,0
河北省,石家庄市,河北省,唐山市,2020,24,11,0
河北省,石家庄市,河北省,张家口市,2018,2,2,0
河北省,石家庄市,河北省,张家口市,2019,3,2,0
河北省,石家庄市,河北省,张家口市,2020,11,5,0
河北省,石家庄市,河南省,安阳市,2020,2,0,0
河北省,石家庄市,河南省,焦作市,2020,5,0,0
河北省,石家庄市,河南省,开封市,2019,0,1,0
河北省,石家庄市,河南省,洛阳市,2020,1,2,7
河北省,石家庄市,河南省,漯河市,2019,1,0,0
河北省,石家庄市,河南省,平顶山市,2018,1,0,0
河北省,石家庄市,河南省,平顶山市,2019,2,0,0
河北省,石家庄市,河南省,平顶山市,2020,1,0,0
河北省,石家庄市,河南省,商丘市,2018,1,0,0
河北省,石家庄市,黑龙江省,哈尔滨市,2018,5,0,0
河北省,石家庄市,黑龙江省,哈尔滨市,2019,11,3,0
河北省,石家庄市,黑龙江省,哈尔滨市,2020,6,1,0
河北省,石家庄市,湖北省,十堰市,2020,4,2,0
河北省,石家庄市,湖北省,武汉市,2018,16,8,0
河北省,石家庄市,湖北省,武汉市,2019,11,7,0
河北省,石家庄市,湖北省,武汉市,2020,20,9,0
河北省,石家庄市,湖南省,湘潭市,2019,1,2,0
河北省,石家庄市,吉林省,吉林市,2020,3,0,0
河北省,石家庄市,吉林省,四平市,2018,0,2,0
河北省,石家庄市,吉林省,延边朝鲜族自治州,2020,3,0,0
河北省,石家庄市,江苏省,常州市,2018,1,0,0
河北省,石家庄市,江苏省,常州市,2019,1,0,0
河北省,石家庄市,江苏省,常州市,2020,2,1,0
河北省,石家庄市,江苏省,淮安市,2020,1,0,0
河北省,石家庄市,江苏省,南京市,2018,27,7,0
河北省,石家庄市,江苏省,南京市,2019,23,2,0
河北省,石家庄市,江苏省,南京市,2020,41,6,0
河北省,石家庄市,江苏省,南通市,2018,2,0,0
河北省,石家庄市,江苏省,南通市,2019,1,3,0
河北省,石家庄市,江苏省,宿迁市,2018,13,8,0
河北省,石家庄市,江苏省,宿迁市,2019,3,6,0
河北省,石家庄市,江苏省,宿迁市,2020,1,2,0
河北省,石家庄市,江苏省,泰州市,2019,1,1,0
河北省,石家庄市,江苏省,无锡市,2018,9,8,0
河北省,石家庄市,江苏省,无锡市,2019,3,2,0
河北省,石家庄市,江苏省,无锡市,2020,2,0,0
河北省,石家庄市,江苏省,徐州市,2018,4,0,0
河北省,石家庄市,江苏省,徐州市,2019,6,1,0
河北省,石家庄市,江苏省,徐州市,2020,1,1,0
河北省,石家庄市,江苏省,盐城市,2019,0,2,0
河北省,石家庄市,江西省,抚州市,2020,1,0,0
河北省,石家庄市,江西省,南昌市,2018,1,0,0
河北省,石家庄市,江西省,南昌市,2020,4,2,0
河北省,石家庄市,辽宁省,大连市,2018,5,0,0
河北省,石家庄市,辽宁省,大连市,2019,4,9,0
河北省,石家庄市,辽宁省,大连市,2020,4,7,0
河北省,石家庄市,辽宁省,抚顺市,2020,1,0,0
河北省,石家庄市,辽宁省,沈阳市,2018,10,7,0
河北省,石家庄市,辽宁省,沈阳市,2019,3,2,0
河北省,石家庄市,辽宁省,沈阳市,2020,5,0,0
河北省,石家庄市,内蒙古自治区,包头市,2019,4,0,0
河北省,石家庄市,内蒙古自治区,包头市,2020,1,1,0
河北省,石家庄市,内蒙古自治区,呼和浩特市,2018,0,1,0
河北省,石家庄市,内蒙古自治区,呼和浩特市,2019,3,0,0
河北省,石家庄市,内蒙古自治区,呼和浩特市,2020,2,0,0
河北省,石家庄市,内蒙古自治区,呼伦贝尔市,2018,1,1,0
河北省,石家庄市,内蒙古自治区,呼伦贝尔市,2020,0,1,0
河北省,石家庄市,内蒙古自治区,乌海市,2019,0,1,0
河北省,石家庄市,内蒙古自治区,乌兰察布市,2020,0,2,0
河北省,石家庄市,山东省,德州市,2020,0,2,0
河北省,石家庄市,山东省,济南市,2018,13,4,0
河北省,石家庄市,山东省,济南市,2019,4,4,0
河北省,石家庄市,山东省,济南市,2020,9,9,0
河北省,石家庄市,山东省,临沂市,2020,0,2,0
河北省,石家庄市,山东省,泰安市,2018,2,0,0
河北省,石家庄市,山东省,泰安市,2019,3,2,0
河北省,石家庄市,山东省,泰安市,2020,1,0,0
河北省,石家庄市,山东省,威海市,2019,2,0,0
河北省,石家庄市,山东省,烟台市,2018,0,1,0
河北省,石家庄市,山东省,烟台市,2019,1,0,0
河北省,石家庄市,山东省,烟台市,2020,4,0,0
河北省,石家庄市,山东省,枣庄市,2020,1,0,0
河北省,石家庄市,山东省,淄博市,2020,0,2,0
河北省,石家庄市,山西省,大同市,2018,0,3,0
河北省,石家庄市,山西省,大同市,2020,0,2,0
河北省,石家庄市,山西省,晋城市,2020,0,4,0
河北省,石家庄市,山西省,晋中市,2019,8,10,0
河北省,石家庄市,山西省,晋中市,2020,1,0,0
河北省,石家庄市,山西省,太原市,2018,27,23,0
河北省,石家庄市,山西省,太原市,2019,13,24,0
河北省,石家庄市,山西省,太原市,2020,24,21,0
河北省,石家庄市,陕西省,宝鸡市,2019,1,0,0
河北省,石家庄市,陕西省,咸阳市,2018,0,1,0
河北省,石家庄市,陕西省,咸阳市,2019,1,0,0
河北省,石家庄市,上海市,上海市,2018,8,4,0
河北省,石家庄市,上海市,上海市,2019,10,11,0
河北省,石家庄市,上海市,上海市,2020,18,7,0
河北省,石家庄市,四川省,成都市,2018,15,13,0
河北省,石家庄市,四川省,成都市,2019,23,10,0
河北省,石家庄市,四川省,成都市,2020,17,11,1
河北省,石家庄市,四川省,德阳市,2018,0,6,0
河北省,石家庄市,天津市,天津市,2018,9,8,0
河北省,石家庄市,天津市,天津市,2019,20,7,0
河北省,石家庄市,天津市,天津市,2020,37,16,0
河北省,石家庄市,西藏自治区,拉萨市,2018,2,0,0
河北省,石家庄市,新疆维吾尔自治区,巴音郭楞蒙古自治州,2019,0,1,0
河北省,石家庄市,新疆维吾尔自治区,塔城地区,2019,0,1,0
河北省,石家庄市,新疆维吾尔自治区,乌鲁木齐市,2018,1,3,0
河北省,石家庄市,新疆维吾尔自治区,乌鲁木齐市,2020,3,0,0
河北省,石家庄市,云南省,楚雄彝族自治州,2020,0,2,0
河北省,石家庄市,云南省,昆明市,2018,2,0,0
河北省,石家庄市,云南省,昆明市,2019,4,5,0
河北省,石家庄市,云南省,昆明市,2020,1,0,0
河北省,石家庄市,云南省,昭通市,2020,1,0,0
河北省,石家庄市,浙江省,杭州市,2018,7,1,0
河北省,石家庄市,浙江省,杭州市,2019,12,5,0
河北省,石家庄市,浙江省,杭州市,2020,11,4,0
河北省,石家庄市,浙江省,湖州市,2018,8,7,0
河北省,石家庄市,浙江省,湖州市,2019,2,3,7
河北省,石家庄市,浙江省,嘉兴市,2020,5,4,0
河北省,石家庄市,浙江省,宁波市,2018,3,3,0
河北省,石家庄市,浙江省,宁波市,2019,1,0,0
河北省,石家庄市,浙江省,宁波市,2020,2,0,0
河北省,石家庄市,浙江省,台州市,2018,1,0,0
河北省,石家庄市,浙江省,温州市,2019,1,0,0
河北省,石家庄市,浙江省,温州市,2020,1,0,0
河北省,唐山市,安徽省,合肥市,2019,1,0,0
河北省,唐山市,北京市,北京市,2018,116,79,0
河北省,唐山市,北京市,北京市,2019,133,111,4
河北省,唐山市,北京市,北京市,2020,138,77,6
河北省,唐山市,福建省,三明市,2018,3,9,0
河北省,唐山市,福建省,三明市,2020,0,1,0
河北省,唐山市,福建省,厦门市,2020,2,3,0
河北省,唐山市,甘肃省,兰州市,2019,1,0,0
河北省,唐山市,甘肃省,兰州市,2020,0,1,0
河北省,唐山市,广东省,中山市,2018,1,0,0
河北省,唐山市,广东省,中山市,2020,0,1,0
河北省,唐山市,河北省,保定市,2020,9,3,0
河北省,唐山市,河南省,南阳市,2018,10,5,0
河北省,唐山市,河南省,南阳市,2019,2,2,0
河北省,唐山市,河南省,南阳市,2020,7,6,0
河北省,唐山市,黑龙江省,哈尔滨市,2018,1,0,0
河北省,唐山市,吉林省,吉林市,2019,1,0,0
河北省,唐山市,吉林省,吉林市,2020,3,0,0
河北省,唐山市,江苏省,南京市,2018,2,1,0
河北省,唐山市,江苏省,南京市,2020,1,6,0
河北省,唐山市,江苏省,南通市,2019,1,4,0
河北省,唐山市,江苏省,南通市,2020,0,1,0
河北省,唐山市,江西省,南昌市,2018,1,1,0
河北省,唐山市,江西省,南昌市,2019,1,1,0
河北省,唐山市,内蒙古自治区,乌海市,2020,0,0,1
河北省,唐山市,上海市,上海市,2018,7,8,0
河北省,唐山市,上海市,上海市,2019,12,9,1
河北省,唐山市,上海市,上海市,2020,9,14,0
河北省,唐山市,新疆维吾尔自治区,吐鲁番市,2018,0,1,0
河北省,邢台市,安徽省,滁州市,2020,4,27,0
河北省,邢台市,安徽省,合肥市,2019,1,0,0
河北省,邢台市,安徽省,六安市,2019,0,1,0
河北省,邢台市,安徽省,六安市,2020,0,3,0
河北省,邢台市,北京市,北京市,2018,58,19,0
河北省,邢台市,北京市,北京市,2019,90,6,0
河北省,邢台市,北京市,北京市,2020,130,25,0
河北省,邢台市,广东省,深圳市,2018,0,1,0
河北省,邢台市,广东省,深圳市,2019,0,1,0
河北省,邢台市,广东省,深圳市,2020,1,0,0
河北省,邢台市,河北省,保定市,2018,4,3,0
河北省,邢台市,河北省,保定市,2019,5,2,0
河北省,邢台市,河北省,保定市,2020,3,0,0
河北省,邢台市,河北省,廊坊市,2020,3,0,0
河北省,邢台市,河北省,秦皇岛市,2019,5,0,0
河北省,邢台市,河北省,秦皇岛市,2020,2,0,0
河北省,邢台市,河北省,石家庄市,2018,50,9,0
河北省,邢台市,河北省,石家庄市,2019,94,11,0
河北省,邢台市,河北省,石家庄市,2020,108,25,0
河北省,邢台市,河北省,唐山市,2019,3,2,0
河北省,邢台市,河北省,唐山市,2020,2,0,0
河北省,邢台市,河南省,焦作市,2020,1,0,0
河北省,邢台市,黑龙江省,大庆市,2020,0,1,0
河北省,邢台市,黑龙江省,哈尔滨市,2020,0,1,0
河北省,邢台市,湖北省,武汉市,2018,3,0,0
河北省,邢台市,湖北省,武汉市,2019,5,0,1
河北省,邢台市,湖北省,武汉市,2020,2,5,0
河北省,邢台市,江苏省,常州市,2020,1,0,0
河北省,邢台市,江苏省,连云港市,2019,2,0,0
河北省,邢台市,江苏省,南京市,2019,1,0,0
河北省,邢台市,江苏省,南京市,2020,0,1,0
河北省,邢台市,江苏省,苏州市,2019,1,1,0
河北省,邢台市,江苏省,无锡市,2019,1,1,0
河北省,邢台市,江苏省,无锡市,2020,24,99,25
河北省,邢台市,江苏省,扬州市,2018,5,0,0
河北省,邢台市,江苏省,扬州市,2019,4,0,0
河北省,邢台市,江苏省,扬州市,2020,1,0,0
河北省,邢台市,辽宁省,沈阳市,2019,1,0,0
河北省,邢台市,辽宁省,沈阳市,2020,1,0,0
河北省,邢台市,内蒙古自治区,通辽市,2020,7,2,0
河北省,邢台市,山东省,日照市,2019,0,1,0
河北省,邢台市,山东省,威海市,2020,2,0,0
河北省,邢台市,山东省,潍坊市,2018,0,1,0
河北省,邢台市,山西省,临汾市,2020,1,1,0
河北省,邢台市,陕西省,西安市,2020,4,0,0
河北省,邢台市,上海市,上海市,2018,10,7,0
河北省,邢台市,上海市,上海市,2019,23,12,0
河北省,邢台市,上海市,上海市,2020,17,15,0
河北省,邢台市,四川省,成都市,2019,1,1,0
河北省,邢台市,天津市,天津市,2018,0,3,0
河北省,邢台市,天津市,天津市,2019,3,1,0
河北省,邢台市,天津市,天津市,2020,0,1,0
河北省,邢台市,浙江省,杭州市,2019,2,1,0
河北省,邢台市,浙江省,宁波市,2019,1,0,0
河北省,张家口市,北京市,北京市,2018,25,59,0
河北省,张家口市,北京市,北京市,2019,54,48,0
河北省,张家口市,北京市,北京市,2020,36,22,0
河北省,张家口市,甘肃省,兰州市,2018,0,5,0
河北省,张家口市,广东省,中山市,2020,2,0,0
河北省,张家口市,河北省,保定市,2018,1,1,0
河北省,张家口市,河北省,保定市,2019,3,3,0
河北省,张家口市,河北省,保定市,2020,1,1,0
河北省,张家口市,河北省,廊坊市,2020,1,0,0
河北省,张家口市,河北省,唐山市,2019,2,0,0
河北省,张家口市,河北省,唐山市,2020,1,0,0
河北省,张家口市,黑龙江省,哈尔滨市,2018,4,0,0
河北省,张家口市,黑龙江省,哈尔滨市,2019,13,0,0
河北省,张家口市,黑龙江省,哈尔滨市,2020,1,0,0
河北省,张家口市,江苏省,南京市,2018,1,0,0
河北省,张家口市,江苏省,南京市,2019,2,1,0
河北省,张家口市,江苏省,南京市,2020,1,1,0
河北省,张家口市,宁夏回族自治区,吴忠市,2018,1,0,0
河北省,张家口市,山西省,太原市,2020,0,1,0
河北省,张家口市,上海市,上海市,2018,2,2,0
河北省,张家口市,上海市,上海市,2020,0,2,0
河北省,张家口市,四川省,广元市,2020,0,1,0
河北省,张家口市,天津市,天津市,2018,3,4,0
河北省,张家口市,天津市,天津市,2019,3,4,0
河北省,张家口市,天津市,天津市,2020,4,2,0
河南省,安阳市,安徽省,合肥市,2019,3,0,0
河南省,安阳市,北京市,北京市,2018,26,4,0
河南省,安阳市,北京市,北京市,2019,20,5,0
河南省,安阳市,北京市,北京市,2020,12,15,0
河南省,安阳市,福建省,厦门市,2019,1,0,0
河南省,安阳市,福建省,厦门市,2020,7,6,0
河南省,安阳市,广东省,云浮市,2018,0,2,0
河南省,安阳市,广西壮族自治区,南宁市,2020,1,0,0
河南省,安阳市,河南省,南阳市,2020,1,0,0
河南省,安阳市,河南省,三门峡市,2019,0,2,0
河南省,安阳市,河南省,商丘市,2019,0,1,0
河南省,安阳市,河南省,信阳市,2020,1,0,0
河南省,安阳市,江苏省,南京市,2018,1,0,0
河南省,安阳市,江苏省,南京市,2020,1,0,0
河南省,安阳市,内蒙古自治区,呼和浩特市,2020,2,0,0
河南省,安阳市,山东省,东营市,2019,3,0,0
河南省,安阳市,山东省,东营市,2020,2,0,0
河南省,安阳市,上海市,上海市,2019,1,0,0
河南省,安阳市,天津市,天津市,2019,6,0,0
河南省,安阳市,新疆维吾尔自治区,乌鲁木齐市,2020,1,0,0
河南省,邓州市,广东省,广州市,2020,0,0,5
河南省,鹤壁市,北京市,北京市,2018,1,0,0
河南省,鹤壁市,北京市,北京市,2019,1,4,0
河南省,鹤壁市,北京市,北京市,2020,14,0,0
河南省,鹤壁市,福建省,福州市,2018,0,4,0
河南省,鹤壁市,福建省,福州市,2019,0,3,0
河南省,鹤壁市,广东省,广州市,2018,0,2,0
河南省,鹤壁市,广东省,惠州市,2018,0,4,0
河南省,鹤壁市,广东省,惠州市,2019,0,3,0
河南省,鹤壁市,广东省,深圳市,2018,0,2,0
河南省,鹤壁市,河南省,焦作市,2020,1,3,0
河南省,鹤壁市,河南省,平顶山市,2018,0,8,0
河南省,鹤壁市,河南省,平顶山市,2019,0,1,0
河南省,鹤壁市,河南省,商丘市,2019,0,1,0
河南省,鹤壁市,河南省,郑州市,2018,4,9,0
河南省,鹤壁市,河南省,郑州市,2019,2,16,0
河南省,鹤壁市,河南省,郑州市,2020,4,1,0
河南省,鹤壁市,湖北省,武汉市,2019,2,0,0
河南省,鹤壁市,湖南省,长沙市,2019,1,0,0
河南省,鹤壁市,江苏省,南京市,2018,1,0,0
河南省,鹤壁市,江苏省,无锡市,2018,2,0,0
河南省,鹤壁市,江苏省,无锡市,2019,1,0,0
河南省,鹤壁市,辽宁省,沈阳市,2018,1,1,0
河南省,鹤壁市,山东省,青岛市,2018,1,0,0
河南省,鹤壁市,山西省,长治市,2018,0,1,0
河南省,鹤壁市,陕西省,西安市,2019,0,1,0
河南省,鹤壁市,四川省,成都市,2018,0,4,0
河南省,鹤壁市,四川省,成都市,2019,0,5,0
河南省,鹤壁市,四川省,成都市,2020,0,1,0
河南省,鹤壁市,天津市,天津市,2020,1,0,0
河南省,济源市,河南省,新乡市,2019,1,0,0
河南省,焦作市,安徽省,合肥市,2019,2,0,0
河南省,焦作市,安徽省,合肥市,2020,2,0,0
河南省,焦作市,安徽省,淮南市,2019,1,0,0
河南省,焦作市,北京市,北京市,2018,46,16,0
河南省,焦作市,北京市,北京市,2019,41,36,0
河南省,焦作市,北京市,北京市,2020,59,35,0
河南省,焦作市,广东省,佛山市,2020,0,1,0
河南省,焦作市,广东省,广州市,2018,1,0,0
河南省,焦作市,广东省,广州市,2019,1,0,0
河南省,焦作市,广东省,广州市,2020,1,0,0
河南省,焦作市,广东省,深圳市,2019,2,0,0
河南省,焦作市,广东省,深圳市,2020,1,1,0
河南省,焦作市,广东省,中山市,2019,1,0,0
河南省,焦作市,广东省,中山市,2020,3,0,0
河南省,焦作市,广西壮族自治区,桂林市,2019,1,0,0
河南省,焦作市,河北省,沧州市,2018,1,0,0
河南省,焦作市,河北省,沧州市,2020,1,0,0
河南省,焦作市,河北省,廊坊市,2020,1,0,0
河南省,焦作市,河北省,唐山市,2019,0,1,0
河南省,焦作市,河南省,安阳市,2019,1,0,0
河南省,焦作市,河南省,安阳市,2020,0,8,0
河南省,焦作市,河南省,开封市,2018,1,0,0
河南省,焦作市,河南省,开封市,2020,0,3,0
河南省,焦作市,河南省,洛阳市,2018,0,2,0
河南省,焦作市,河南省,洛阳市,2019,6,4,0
河南省,焦作市,河南省,洛阳市,2020,6,1,0
河南省,焦作市,河南省,南阳市,2018,1,0,0
河南省,焦作市,河南省,平顶山市,2019,2,0,0
河南省,焦作市,河南省,平顶山市,2020,3,0,0
河南省,焦作市,河南省,商丘市,2018,1,0,0
河南省,焦作市,河南省,商丘市,2020,1,2,0
河南省,焦作市,河南省,新乡市,2019,2,1,0
河南省,焦作市,河南省,新乡市,2020,0,1,0
河南省,焦作市,江苏省,淮安市,2020,1,0,0
河南省,焦作市,江苏省,南京市,2018,1,0,0
河南省,焦作市,江苏省,南京市,2019,5,0,0
河南省,焦作市,江苏省,南通市,2020,4,2,0
河南省,焦作市,江苏省,徐州市,2018,1,0,0
河南省,焦作市,江苏省,徐州市,2020,0,1,0
河南省,焦作市,辽宁省,大连市,2020,1,0,0
河南省,焦作市,山东省,济宁市,2019,3,0,0
河南省,焦作市,山东省,济宁市,2020,0,1,0
河南省,焦作市,山东省,临沂市,2018,1,0,0
河南省,焦作市,山西省,大同市,2018,1,0,0
河南省,焦作市,山西省,晋城市,2019,1,0,0
河南省,焦作市,山西省,晋城市,2020,0,1,0
河南省,焦作市,山西省,晋中市,2019,1,1,0
河南省,焦作市,山西省,临汾市,2018,0,2,0
河南省,焦作市,山西省,太原市,2018,1,0,0
河南省,焦作市,山西省,太原市,2020,4,0,0
河南省,焦作市,山西省,忻州市,2018,1,0,0
河南省,焦作市,陕西省,咸阳市,2019,2,0,0
河南省,焦作市,陕西省,延安市,2020,0,2,0
河南省,焦作市,上海市,上海市,2018,2,1,0
河南省,焦作市,上海市,上海市,2019,2,0,0
河南省,焦作市,上海市,上海市,2020,3,0,0
河南省,焦作市,四川省,成都市,2020,2,1,0
河南省,焦作市,四川省,广安市,2020,0,2,0
河南省,焦作市,四川省,攀枝花市,2019,1,0,0
河南省,焦作市,四川省,攀枝花市,2020,1,0,0
河南省,焦作市,天津市,天津市,2019,1,1,0
河南省,焦作市,天津市,天津市,2020,1,0,0
河南省,焦作市,浙江省,杭州市,2019,0,6,0
河南省,焦作市,浙江省,杭州市,2020,3,4,0
河南省,焦作市,浙江省,湖州市,2019,1,0,0
河南省,开封市,安徽省,合肥市,2020,14,0,0
河南省,开封市,北京市,北京市,2018,43,21,0
河南省,开封市,北京市,北京市,2019,34,17,0
河南省,开封市,北京市,北京市,2020,41,49,0
河南省,开封市,甘肃省,兰州市,2019,0,1,0
河南省,开封市,甘肃省,兰州市,2020,1,0,0
河南省,开封市,广东省,东莞市,2019,0,1,0
河南省,开封市,广东省,东莞市,2020,1,1,0
河南省,开封市,广东省,广州市,2020,1,0,0
河南省,开封市,河南省,安阳市,2020,0,3,0
河南省,开封市,河南省,南阳市,2019,1,0,0
河南省,开封市,河南省,平顶山市,2018,2,2,0
河南省,开封市,河南省,商丘市,2019,2,0,0
河南省,开封市,河南省,信阳市,2018,1,0,0
河南省,开封市,江苏省,南京市,2018,1,1,0
河南省,开封市,江苏省,南京市,2019,1,1,0
河南省,开封市,内蒙古自治区,呼伦贝尔市,2020,1,1,0
河南省,开封市,陕西省,咸阳市,2019,1,0,0
河南省,开封市,上海市,上海市,2018,3,0,0
河南省,开封市,上海市,上海市,2019,5,4,0
河南省,开封市,上海市,上海市,2020,8,0,0
河南省,开封市,天津市,天津市,2019,20,0,0
河南省,洛阳市,安徽省,合肥市,2018,1,0,0
河南省,洛阳市,北京市,北京市,2018,168,140,0
河南省,洛阳市,北京市,北京市,2019,127,173,5
河南省,洛阳市,北京市,北京市,2020,177,213,3
河南省,洛阳市,福建省,厦门市,2018,9,2,0
河南省,洛阳市,福建省,厦门市,2020,2,0,0
河南省,洛阳市,甘肃省,兰州市,2019,1,0,0
河南省,洛阳市,甘肃省,兰州市,2020,1,0,0
河南省,洛阳市,广东省,东莞市,2018,5,0,0
河南省,洛阳市,广东省,东莞市,2020,1,11,0
河南省,洛阳市,广东省,佛山市,2018,3,3,0
河南省,洛阳市,广东省,佛山市,2019,3,0,0
河南省,洛阳市,广东省,佛山市,2020,2,8,0
河南省,洛阳市,广东省,广州市,2018,22,3,0
河南省,洛阳市,广东省,广州市,2019,9,3,1
河南省,洛阳市,广东省,广州市,2020,3,0,0
河南省,洛阳市,广东省,惠州市,2019,0,1,0
河南省,洛阳市,广东省,中山市,2020,0,2,0
河南省,洛阳市,广西壮族自治区,桂林市,2020,0,1,0
河南省,洛阳市,贵州省,毕节市,2020,0,1,0
河南省,洛阳市,河北省,廊坊市,2020,1,0,0
河南省,洛阳市,河北省,唐山市,2018,1,2,0
河南省,洛阳市,河南省,开封市,2019,0,1,0
河南省,洛阳市,河南省,开封市,2020,0,1,0
河南省,洛阳市,河南省,平顶山市,2019,1,0,0
河南省,洛阳市,河南省,平顶山市,2020,1,0,0
河南省,洛阳市,河南省,三门峡市,2018,1,0,0
河南省,洛阳市,河南省,三门峡市,2019,6,9,0
河南省,洛阳市,河南省,三门峡市,2020,5,12,0
河南省,洛阳市,河南省,商丘市,2018,0,1,0
河南省,洛阳市,河南省,周口市,2019,3,9,4
河南省,洛阳市,湖北省,十堰市,2020,1,1,0
河南省,洛阳市,湖北省,武汉市,2018,4,2,0
河南省,洛阳市,湖北省,武汉市,2019,8,3,0
河南省,洛阳市,湖北省,武汉市,2020,7,6,0
河南省,洛阳市,湖北省,孝感市,2018,0,1,0
河南省,洛阳市,江苏省,常州市,2018,78,57,0
河南省,洛阳市,江苏省,常州市,2019,4,8,0
河南省,洛阳市,江苏省,常州市,2020,24,96,0
河南省,洛阳市,江苏省,南京市,2019,6,1,0
河南省,洛阳市,江苏省,南京市,2020,31,17,0
河南省,洛阳市,江苏省,无锡市,2020,0,1,0
河南省,洛阳市,江苏省,扬州市,2019,2,0,0
河南省,洛阳市,江苏省,扬州市,2020,0,2,0
河南省,洛阳市,辽宁省,沈阳市,2018,3,0,0
河南省,洛阳市,辽宁省,沈阳市,2019,3,0,0
河南省,洛阳市,辽宁省,沈阳市,2020,2,0,0
河南省,洛阳市,内蒙古自治区,呼和浩特市,2019,3,0,0
河南省,洛阳市,内蒙古自治区,呼和浩特市,2020,1,2,0
河南省,洛阳市,内蒙古自治区,兴安盟,2020,1,0,0
河南省,洛阳市,山东省,东营市,2018,0,1,0
河南省,洛阳市,山东省,泰安市,2020,0,0,1
河南省,洛阳市,山东省,威海市,2020,1,0,0
河南省,洛阳市,山西省,太原市,2018,1,0,0
河南省,洛阳市,山西省,太原市,2019,1,0,0
河南省,洛阳市,山西省,太原市,2020,1,0,0
河南省,洛阳市,上海市,上海市,2018,12,6,0
河南省,洛阳市,上海市,上海市,2019,21,16,0
河南省,洛阳市,上海市,上海市,2020,10,8,0
河南省,洛阳市,四川省,成都市,2018,32,26,0
河南省,洛阳市,四川省,成都市,2019,9,4,0
河南省,洛阳市,四川省,成都市,2020,6,12,0
河南省,洛阳市,四川省,德阳市,2020,1,0,0
河南省,洛阳市,天津市,天津市,2018,23,53,0
河南省,洛阳市,天津市,天津市,2019,25,38,0
河南省,洛阳市,天津市,天津市,2020,29,43,0
河南省,洛阳市,云南省,昆明市,2019,1,0,0
河南省,洛阳市,浙江省,杭州市,2018,0,1,0
河南省,洛阳市,浙江省,杭州市,2019,2,3,1
河南省,洛阳市,浙江省,杭州市,2020,3,2,1
河南省,洛阳市,浙江省,宁波市,2018,2,7,0
河南省,洛阳市,浙江省,宁波市,2019,3,2,0
河南省,洛阳市,浙江省,宁波市,2020,1,0,0
河南省,洛阳市,浙江省,台州市,2020,2,0,0
河南省,洛阳市,浙江省,义乌市,2020,0,1,1
河南省,漯河市,北京市,北京市,2018,1,0,0
河南省,漯河市,北京市,北京市,2020,3,4,0
河南省,漯河市,河南省,安阳市,2019,0,1,0
河南省,漯河市,河南省,开封市,2018,0,1,0
河南省,漯河市,河南省,洛阳市,2020,1,2,0
河南省,漯河市,河南省,周口市,2018,0,1,0
河南省,漯河市,黑龙江省,哈尔滨市,2019,2,2,0
河南省,漯河市,湖北省,武汉市,2020,3,0,0
河南省,漯河市,湖南省,株洲市,2018,1,0,0
河南省,漯河市,江苏省,南京市,2019,1,2,0
河南省,漯河市,江苏省,无锡市,2018,0,5,0
河南省,漯河市,江苏省,无锡市,2019,2,1,0
河南省,漯河市,辽宁省,大连市,2018,1,0,0
河南省,南阳市,北京市,北京市,2018,48,60,0
河南省,南阳市,北京市,北京市,2019,59,64,0
河南省,南阳市,北京市,北京市,2020,63,65,0
河南省,南阳市,甘肃省,兰州市,2020,1,0,0
河南省,南阳市,广东省,东莞市,2019,0,1,0
河南省,南阳市,广东省,东莞市,2020,1,1,0
河南省,南阳市,河南省,信阳市,2020,1,0,0
河南省,南阳市,江苏省,南京市,2018,0,1,0
河南省,南阳市,江苏省,南京市,2019,1,0,0
河南省,南阳市,江苏省,南京市,2020,1,2,0
河南省,南阳市,江西省,南昌市,2018,1,0,0
河南省,南阳市,山东省,临沂市,2020,1,0,0
河南省,南阳市,山西省,临汾市,2018,2,0,0
河南省,南阳市,上海市,上海市,2018,1,3,0
河南省,南阳市,上海市,上海市,2019,3,0,0
河南省,南阳市,新疆维吾尔自治区,克拉玛依市,2020,1,0,0
河南省,平顶山市,安徽省,合肥市,2018,6,0,0
河南省,平顶山市,安徽省,合肥市,2019,7,0,0
河南省,平顶山市,安徽省,合肥市,2020,8,1,0
河南省,平顶山市,北京市,北京市,2018,291,44,0
河南省,平顶山市,北京市,北京市,2019,301,28,4
河南省,平顶山市,北京市,北京市,2020,303,104,4
河南省,平顶山市,甘肃省,兰州市,2019,2,0,0
河南省,平顶山市,广西壮族自治区,南宁市,2020,1,0,0
河南省,平顶山市,河北省,保定市,2019,1,0,0
河南省,平顶山市,河北省,保定市,2020,5,0,0
河南省,平顶山市,河南省,安阳市,2019,0,2,0
河南省,平顶山市,河南省,南阳市,2019,2,3,0
河南省,平顶山市,河南省,商丘市,2020,1,3,0
河南省,平顶山市,河南省,信阳市,2018,1,0,0
河南省,平顶山市,河南省,信阳市,2019,1,0,0
河南省,平顶山市,河南省,周口市,2020,2,0,0
河南省,平顶山市,黑龙江省,哈尔滨市,2019,1,0,0
河南省,平顶山市,黑龙江省,哈尔滨市,2020,3,2,0
河南省,平顶山市,江苏省,南京市,2018,25,5,0
河南省,平顶山市,江苏省,南京市,2019,15,0,0
河南省,平顶山市,江苏省,南京市,2020,17,6,0
河南省,平顶山市,江西省,南昌市,2020,6,2,0
河南省,平顶山市,辽宁省,大连市,2020,1,0,0
河南省,平顶山市,山东省,临沂市,2019,1,0,0
河南省,平顶山市,山东省,临沂市,2020,2,0,0
河南省,平顶山市,山东省,威海市,2018,2,0,0
河南省,平顶山市,山东省,威海市,2020,3,0,0
河南省,平顶山市,山西省,太原市,2018,3,0,0
河南省,平顶山市,山西省,太原市,2020,3,3,0
河南省,平顶山市,陕西省,咸阳市,2018,1,0,0
河南省,平顶山市,上海市,上海市,2018,16,2,0
河南省,平顶山市,上海市,上海市,2019,20,6,0
河南省,平顶山市,上海市,上海市,2020,32,5,0
河南省,平顶山市,四川省,宜宾市,2019,1,0,0
河南省,平顶山市,天津市,天津市,2018,23,0,0
河南省,平顶山市,天津市,天津市,2019,27,1,0
河南省,平顶山市,天津市,天津市,2020,32,6,0
河南省,平顶山市,新疆维吾尔自治区,乌鲁木齐市,2020,6,0,0
河南省,平顶山市,浙江省,嘉兴市,2020,1,0,0
河南省,平顶山市,浙江省,宁波市,2019,1,1,0
河南省,濮阳市,安徽省,安庆市,2020,1,0,0
河南省,濮阳市,北京市,北京市,2018,135,105,0
河南省,濮阳市,北京市,北京市,2019,94,105,0
河南省,濮阳市,北京市,北京市,2020,111,125,0
河南省,濮阳市,福建省,漳州市,2019,5,0,0
河南省,濮阳市,甘肃省,兰州市,2018,2,0,0
河南省,濮阳市,甘肃省,兰州市,2020,1,1,0
河南省,濮阳市,广东省,广州市,2018,0,3,0
河南省,濮阳市,广东省,广州市,2019,5,0,0
河南省,濮阳市,河北省,保定市,2018,1,0,0
河南省,濮阳市,河南省,安阳市,2019,1,0,0
河南省,濮阳市,河南省,开封市,2018,0,12,0
河南省,濮阳市,河南省,开封市,2019,1,12,0
河南省,濮阳市,河南省,开封市,2020,0,13,0
河南省,濮阳市,河南省,洛阳市,2018,2,1,0
河南省,濮阳市,河南省,洛阳市,2019,0,1,0
河南省,濮阳市,河南省,洛阳市,2020,1,2,0
河南省,濮阳市,河南省,漯河市,2018,1,0,0
河南省,濮阳市,河南省,南阳市,2018,1,0,0
河南省,濮阳市,湖北省,武汉市,2019,1,0,0
河南省,濮阳市,江苏省,南京市,2019,5,4,0
河南省,濮阳市,江苏省,南京市,2020,2,0,0
河南省,濮阳市,江苏省,泰州市,2018,1,0,0
河南省,濮阳市,江苏省,泰州市,2019,5,0,0
河南省,濮阳市,江苏省,无锡市,2020,1,0,0
河南省,濮阳市,江西省,抚州市,2019,0,6,0
河南省,濮阳市,江西省,南昌市,2020,0,2,0
河南省,濮阳市,山东省,济南市,2018,0,1,0
河南省,濮阳市,山东省,威海市,2020,2,0,0
河南省,濮阳市,山东省,淄博市,2018,1,0,0
河南省,濮阳市,上海市,上海市,2018,2,1,0
河南省,濮阳市,上海市,上海市,2019,3,3,0
河南省,濮阳市,上海市,上海市,2020,1,1,0
河南省,濮阳市,四川省,成都市,2018,3,1,0
河南省,濮阳市,四川省,成都市,2019,1,0,0
河南省,濮阳市,四川省,成都市,2020,1,4,0
河南省,濮阳市,天津市,天津市,2018,0,1,0
河南省,濮阳市,天津市,天津市,2020,1,0,0
河南省,濮阳市,新疆维吾尔自治区,乌鲁木齐市,2019,1,0,0
河南省,濮阳市,浙江省,杭州市,2019,1,1,0
河南省,濮阳市,浙江省,杭州市,2020,1,1,0
河南省,商丘市,安徽省,合肥市,2019,1,0,0
河南省,商丘市,北京市,北京市,2018,3,3,0
河南省,商丘市,北京市,北京市,2019,2,4,0
河南省,商丘市,北京市,北京市,2020,5,0,0
河南省,商丘市,河北省,保定市,2019,0,1,0
河南省,商丘市,河南省,三门峡市,2019,1,1,0
河南省,商丘市,河南省,周口市,2018,2,0,0
河南省,商丘市,河南省,周口市,2019,0,4,0
河南省,商丘市,河南省,周口市,2020,1,0,0
河南省,商丘市,江苏省,南京市,2018,0,3,0
河南省,商丘市,江苏省,南京市,2019,0,3,0
河南省,商丘市,上海市,上海市,2020,2,4,0
河南省,商丘市,浙江省,台州市,2018,1,0,0
河南省,省直辖县级行政区划,甘肃省,兰州市,2020,1,0,0
河南省,省直辖县级行政区划,河北省,保定市,2019,1,1,0
河南省,省直辖县级行政区划,河南省,焦作市,2018,0,1,0
河南省,省直辖县级行政区划,河南省,焦作市,2019,2,0,0
河南省,省直辖县级行政区划,河南省,焦作市,2020,2,4,0
河南省,省直辖县级行政区划,河南省,开封市,2018,2,0,0
河南省,省直辖县级行政区划,河南省,开封市,2019,5,0,0
河南省,省直辖县级行政区划,河南省,开封市,2020,5,0,0
河南省,省直辖县级行政区划,河南省,洛阳市,2019,1,0,0
河南省,省直辖县级行政区划,河南省,洛阳市,2020,1,0,0
河南省,省直辖县级行政区划,河南省,平顶山市,2020,3,2,0
河南省,省直辖县级行政区划,黑龙江省,哈尔滨市,2020,4,3,0
河南省,省直辖县级行政区划,江苏省,常州市,2019,1,0,0
河南省,省直辖县级行政区划,江苏省,南京市,2018,1,0,0
河南省,省直辖县级行政区划,云南省,昆明市,2020,1,0,0
河南省,新乡市,北京市,北京市,2018,36,66,0
河南省,新乡市,北京市,北京市,2019,32,67,0
河南省,新乡市,北京市,北京市,2020,50,52,0
河南省,新乡市,福建省,厦门市,2018,5,0,0
河南省,新乡市,福建省,厦门市,2019,1,0,0
河南省,新乡市,福建省,厦门市,2020,1,0,0
河南省,新乡市,广东省,佛山市,2018,0,1,0
河南省,新乡市,广东省,佛山市,2019,1,2,0
河南省,新乡市,广东省,广州市,2018,2,2,0
河南省,新乡市,广东省,广州市,2020,2,2,0
河南省,新乡市,河南省,安阳市,2019,1,3,0
河南省,新乡市,河南省,安阳市,2020,3,0,0
河南省,新乡市,河南省,开封市,2020,0,1,0
河南省,新乡市,河南省,南阳市,2020,1,0,0
河南省,新乡市,河南省,商丘市,2020,1,0,0
河南省,新乡市,河南省,信阳市,2020,1,0,0
河南省,新乡市,河南省,周口市,2020,1,0,0
河南省,新乡市,江苏省,南京市,2019,2,1,0
河南省,新乡市,江苏省,南京市,2020,2,3,0
河南省,新乡市,江苏省,宿迁市,2020,1,0,0
河南省,新乡市,江苏省,徐州市,2018,1,0,0
河南省,新乡市,江西省,九江市,2020,1,1,0
河南省,新乡市,江西省,南昌市,2018,0,2,0
河南省,新乡市,辽宁省,大连市,2019,0,6,0
河南省,新乡市,辽宁省,抚顺市,2019,0,6,0
河南省,新乡市,宁夏回族自治区,固原市,2020,2,0,0
河南省,新乡市,山东省,威海市,2020,1,1,0
河南省,新乡市,山西省,太原市,2018,2,2,0
河南省,新乡市,上海市,上海市,2018,2,4,0
河南省,新乡市,上海市,上海市,2019,8,3,0
河南省,新乡市,上海市,上海市,2020,1,0,0
河南省,新乡市,四川省,成都市,2019,1,1,0
河南省,新乡市,四川省,成都市,2020,12,0,0
河南省,新乡市,天津市,天津市,2020,1,2,0
河南省,新乡市,浙江省,嘉兴市,2020,3,0,0
河南省,新乡市,浙江省,台州市,2019,0,1,0
河南省,信阳市,广东省,东莞市,2018,7,16,0
河南省,信阳市,广东省,东莞市,2019,2,3,0
河南省,信阳市,广东省,东莞市,2020,5,3,0
河南省,信阳市,上海市,上海市,2020,1,0,1
河南省,许昌市,安徽省,合肥市,2018,7,2,0
河南省,许昌市,安徽省,合肥市,2019,7,1,0
河南省,许昌市,安徽省,合肥市,2020,3,0,0
河南省,许昌市,北京市,北京市,2018,201,42,0
河南省,许昌市,北京市,北京市,2019,194,40,3
河南省,许昌市,北京市,北京市,2020,245,35,1
河南省,许昌市,福建省,福州市,2019,2,3,0
河南省,许昌市,福建省,福州市,2020,4,0,0
河南省,许昌市,福建省,宁德市,2020,2,0,0
河南省,许昌市,福建省,厦门市,2019,1,0,0
河南省,许昌市,甘肃省,兰州市,2018,3,0,0
河南省,许昌市,广东省,广州市,2018,1,1,0
河南省,许昌市,广东省,广州市,2019,4,0,0
河南省,许昌市,广东省,广州市,2020,10,2,0
河南省,许昌市,广东省,深圳市,2018,3,0,0
河南省,许昌市,广东省,珠海市,2018,4,0,0
河南省,许昌市,广东省,珠海市,2019,9,1,0
河南省,许昌市,广东省,珠海市,2020,3,2,0
河南省,许昌市,广西壮族自治区,柳州市,2018,1,0,0
河南省,许昌市,广西壮族自治区,柳州市,2019,1,0,0
河南省,许昌市,贵州省,毕节市,2018,1,2,0
河南省,许昌市,贵州省,毕节市,2020,2,3,0
河南省,许昌市,河北省,保定市,2019,2,0,0
河南省,许昌市,河北省,保定市,2020,18,1,0
河南省,许昌市,河北省,沧州市,2019,1,0,0
河南省,许昌市,河北省,石家庄市,2018,4,0,0
河南省,许昌市,河北省,石家庄市,2019,5,0,0
河南省,许昌市,河北省,石家庄市,2020,4,0,0
河南省,许昌市,河北省,张家口市,2018,4,1,0
河南省,许昌市,河北省,张家口市,2019,2,2,0
河南省,许昌市,河南省,安阳市,2018,1,2,0
河南省,许昌市,河南省,安阳市,2020,1,0,0
河南省,许昌市,河南省,焦作市,2018,1,3,0
河南省,许昌市,河南省,开封市,2019,4,0,0
河南省,许昌市,河南省,洛阳市,2018,3,0,0
河南省,许昌市,河南省,洛阳市,2020,2,3,0
河南省,许昌市,河南省,平顶山市,2018,0,8,0
河南省,许昌市,河南省,平顶山市,2019,6,5,0
河南省,许昌市,河南省,平顶山市,2020,3,0,0
河南省,许昌市,河南省,濮阳市,2020,1,0,0
河南省,许昌市,河南省,三门峡市,2019,1,0,0
河南省,许昌市,河南省,三门峡市,2020,2,1,0
河南省,许昌市,河南省,新乡市,2018,1,0,0
河南省,许昌市,河南省,新乡市,2020,2,1,0
河南省,许昌市,河南省,信阳市,2018,1,0,0
河南省,许昌市,河南省,周口市,2018,1,0,0
河南省,许昌市,黑龙江省,哈尔滨市,2020,1,0,0
河南省,许昌市,湖北省,恩施土家族苗族自治州,2018,0,1,0
河南省,许昌市,湖北省,武汉市,2018,1,0,0
河南省,许昌市,湖北省,武汉市,2019,11,0,0
河南省,许昌市,湖北省,武汉市,2020,7,0,0
河南省,许昌市,湖北省,宜昌市,2020,0,1,0
河南省,许昌市,吉林省,吉林市,2020,2,0,0
河南省,许昌市,江苏省,常州市,2020,1,0,0
河南省,许昌市,江苏省,南京市,2018,11,1,0
河南省,许昌市,江苏省,南京市,2019,13,0,0
河南省,许昌市,江苏省,南京市,2020,21,0,0
河南省,许昌市,江苏省,南通市,2018,0,1,0
河南省,许昌市,江苏省,苏州市,2018,0,1,0
河南省,许昌市,江苏省,泰州市,2018,1,0,0
河南省,许昌市,江苏省,无锡市,2019,0,1,0
河南省,许昌市,江苏省,徐州市,2019,3,5,0
河南省,许昌市,江苏省,徐州市,2020,1,0,0
河南省,许昌市,江苏省,扬州市,2018,0,1,0
河南省,许昌市,江西省,南昌市,2018,2,0,0
河南省,许昌市,江西省,南昌市,2019,2,2,0
河南省,许昌市,江西省,南昌市,2020,5,3,0
河南省,许昌市,辽宁省,丹东市,2018,1,0,0
河南省,许昌市,辽宁省,沈阳市,2018,14,0,0
河南省,许昌市,辽宁省,沈阳市,2019,11,0,0
河南省,许昌市,辽宁省,沈阳市,2020,21,1,0
河南省,许昌市,辽宁省,营口市,2018,1,0,0
河南省,许昌市,青海省,西宁市,2018,3,0,0
河南省,许昌市,青海省,西宁市,2020,1,0,0
河南省,许昌市,山东省,济南市,2018,8,1,0
河南省,许昌市,山东省,济南市,2019,5,0,0
河南省,许昌市,山东省,济南市,2020,11,1,0
河南省,许昌市,山东省,聊城市,2019,3,0,0
河南省,许昌市,山东省,威海市,2020,1,0,0
河南省,许昌市,山东省,潍坊市,2020,1,1,0
河南省,许昌市,山西省,晋城市,2019,1,5,0
河南省,许昌市,山西省,太原市,2018,2,0,0
河南省,许昌市,山西省,太原市,2019,1,0,0
河南省,许昌市,山西省,太原市,2020,6,2,0
河南省,许昌市,陕西省,西安市,2018,36,1,0
河南省,许昌市,陕西省,西安市,2019,32,8,0
河南省,许昌市,陕西省,西安市,2020,46,7,0
河南省,许昌市,上海市,上海市,2018,18,4,0
河南省,许昌市,上海市,上海市,2019,19,13,0
河南省,许昌市,上海市,上海市,2020,22,6,0
河南省,许昌市,四川省,成都市,2018,5,1,0
河南省,许昌市,四川省,成都市,2019,2,3,0
河南省,许昌市,四川省,成都市,2020,6,0,0
河南省,许昌市,天津市,天津市,2018,1,0,0
河南省,许昌市,天津市,天津市,2019,1,0,0
河南省,许昌市,天津市,天津市,2020,3,0,0
河南省,许昌市,西藏自治区,拉萨市,2018,2,0,0
河南省,许昌市,西藏自治区,拉萨市,2019,8,2,0
河南省,许昌市,新疆维吾尔自治区,乌鲁木齐市,2018,6,0,0
河南省,许昌市,新疆维吾尔自治区,乌鲁木齐市,2019,4,0,0
河南省,许昌市,新疆维吾尔自治区,乌鲁木齐市,2020,1,0,0
河南省,许昌市,云南省,大理白族自治州,2018,1,2,0
河南省,许昌市,云南省,大理白族自治州,2020,2,0,0
河南省,许昌市,云南省,昆明市,2018,1,4,0
河南省,许昌市,云南省,昆明市,2020,2,0,0
河南省,许昌市,云南省,曲靖市,2020,1,0,0
河南省,许昌市,浙江省,杭州市,2018,27,2,0
河南省,许昌市,浙江省,杭州市,2019,14,5,0
河南省,许昌市,浙江省,杭州市,2020,28,1,0
河南省,许昌市,浙江省,湖州市,2018,0,1,0
河南省,许昌市,浙江省,嘉兴市,2018,3,0,0
河南省,许昌市,浙江省,嘉兴市,2019,3,0,0
河南省,许昌市,浙江省,嘉兴市,2020,2,0,0
河南省,许昌市,浙江省,宁波市,2018,1,0,0
河南省,许昌市,浙江省,衢州市,2020,1,0,0
河南省,许昌市,浙江省,绍兴市,2018,0,1,0
河南省,许昌市,浙江省,台州市,2018,1,0,0
河南省,许昌市,浙江省,台州市,2019,2,0,0
河南省,许昌市,浙江省,温州市,2019,1,1,0
河南省,郑州市,安徽省,合肥市,2018,9,6,0
河南省,郑州市,安徽省,合肥市,2019,19,10,0
河南省,郑州市,安徽省,合肥市,2020,11,4,0
河南省,郑州市,安徽省,淮南市,2019,1,1,0
河南省,郑州市,安徽省,六安市,2018,2,2,0
河南省,郑州市,安徽省,芜湖市,2020,1,0,0
河南省,郑州市,安徽省,宣城市,2019,2,4,0
河南省,郑州市,安徽省,宣城市,2020,2,1,0
河南省,郑州市,北京市,北京市,2018,491,365,0
河南省,郑州市,北京市,北京市,2019,600,337,12
河南省,郑州市,北京市,北京市,2020,629,448,7
河南省,郑州市,福建省,福州市,2018,6,2,0
河南省,郑州市,福建省,福州市,2019,3,4,0
河南省,郑州市,福建省,福州市,2020,5,2,0
河南省,郑州市,福建省,南平市,2018,6,1,0
河南省,郑州市,福建省,南平市,2019,1,0,0
河南省,郑州市,福建省,南平市,2020,2,0,0
河南省,郑州市,福建省,泉州市,2018,0,2,0
河南省,郑州市,福建省,泉州市,2020,3,0,0
河南省,郑州市,福建省,三明市,2018,2,0,0
河南省,郑州市,福建省,厦门市,2018,2,0,0
河南省,郑州市,福建省,厦门市,2019,8,1,0
河南省,郑州市,福建省,厦门市,2020,6,5,0
河南省,郑州市,甘肃省,兰州市,2018,3,7,0
河南省,郑州市,甘肃省,兰州市,2019,4,3,0
河南省,郑州市,甘肃省,兰州市,2020,2,1,0
河南省,郑州市,广东省,潮州市,2020,1,1,1
河南省,郑州市,广东省,东莞市,2018,12,0,0
河南省,郑州市,广东省,东莞市,2019,8,4,0
河南省,郑州市,广东省,东莞市,2020,8,1,1
河南省,郑州市,广东省,佛山市,2018,1,1,0
河南省,郑州市,广东省,佛山市,2019,1,1,0
河南省,郑州市,广东省,佛山市,2020,1,1,0
河南省,郑州市,广东省,广州市,2018,49,42,0
河南省,郑州市,广东省,广州市,2019,159,33,1
河南省,郑州市,广东省,广州市,2020,113,12,0
河南省,郑州市,广东省,惠州市,2018,3,0,0
河南省,郑州市,广东省,惠州市,2019,13,3,0
河南省,郑州市,广东省,清远市,2019,0,1,0
河南省,郑州市,广东省,汕头市,2018,2,2,0
河南省,郑州市,广东省,汕头市,2019,6,0,0
河南省,郑州市,广东省,汕头市,2020,5,0,0
河南省,郑州市,广东省,深圳市,2018,23,16,0
河南省,郑州市,广东省,深圳市,2019,25,16,2
河南省,郑州市,广东省,深圳市,2020,19,39,0
河南省,郑州市,广东省,云浮市,2018,0,1,0
河南省,郑州市,广东省,云浮市,2020,1,0,0
河南省,郑州市,广东省,中山市,2019,2,4,0
河南省,郑州市,广东省,珠海市,2018,25,37,0
河南省,郑州市,广东省,珠海市,2019,54,66,0
河南省,郑州市,广东省,珠海市,2020,88,30,0
河南省,郑州市,广西壮族自治区,百色市,2018,2,0,0
河南省,郑州市,广西壮族自治区,桂林市,2019,3,0,0
河南省,郑州市,广西壮族自治区,桂林市,2020,1,0,0
河南省,郑州市,广西壮族自治区,柳州市,2019,1,1,0
河南省,郑州市,广西壮族自治区,南宁市,2019,5,1,0
河南省,郑州市,广西壮族自治区,南宁市,2020,1,1,0
河南省,郑州市,贵州省,安顺市,2020,1,1,0
河南省,郑州市,贵州省,毕节市,2018,1,1,0
河南省,郑州市,贵州省,毕节市,2019,2,0,0
河南省,郑州市,贵州省,毕节市,2020,1,1,0
河南省,郑州市,贵州省,贵阳市,2018,4,0,0
河南省,郑州市,贵州省,贵阳市,2019,5,5,0
河南省,郑州市,贵州省,贵阳市,2020,0,1,0
河南省,郑州市,贵州省,遵义市,2019,1,0,0
河南省,郑州市,海南省,海口市,2018,1,52,23
河南省,郑州市,海南省,海口市,2019,1,2,0
河南省,郑州市,河北省,保定市,2018,13,10,0
河南省,郑州市,河北省,保定市,2019,2,3,0
河南省,郑州市,河北省,保定市,2020,12,20,0
河南省,郑州市,河北省,沧州市,2020,0,1,0
河南省,郑州市,河北省,邯郸市,2019,1,0,0
河南省,郑州市,河北省,邯郸市,2020,2,0,0
河南省,郑州市,河北省,衡水市,2019,1,1,0
河南省,郑州市,河北省,衡水市,2020,0,1,0
河南省,郑州市,河北省,廊坊市,2020,1,3,0
河南省,郑州市,河北省,秦皇岛市,2018,1,0,0
河南省,郑州市,河北省,秦皇岛市,2019,0,1,0
河南省,郑州市,河北省,秦皇岛市,2020,1,0,0
河南省,郑州市,河北省,石家庄市,2018,27,80,0
河南省,郑州市,河北省,石家庄市,2019,15,19,0
河南省,郑州市,河北省,石家庄市,2020,9,13,0
河南省,郑州市,河北省,邢台市,2020,0,1,0
河南省,郑州市,河南省,安阳市,2018,6,10,0
河南省,郑州市,河南省,安阳市,2019,3,7,10
河南省,郑州市,河南省,安阳市,2020,20,19,0
河南省,郑州市,河南省,焦作市,2018,14,7,0
河南省,郑州市,河南省,焦作市,2019,31,15,0
河南省,郑州市,河南省,焦作市,2020,41,37,0
河南省,郑州市,河南省,开封市,2018,25,13,0
河南省,郑州市,河南省,开封市,2019,8,21,0
河南省,郑州市,河南省,开封市,2020,16,7,0
河南省,郑州市,河南省,洛阳市,2018,55,12,0
河南省,郑州市,河南省,洛阳市,2019,48,24,2
河南省,郑州市,河南省,洛阳市,2020,26,15,0
河南省,郑州市,河南省,漯河市,2018,1,5,0
河南省,郑州市,河南省,漯河市,2019,7,3,0
河南省,郑州市,河南省,漯河市,2020,6,7,0
河南省,郑州市,河南省,南阳市,2018,4,3,0
河南省,郑州市,河南省,南阳市,2019,13,10,0
河南省,郑州市,河南省,南阳市,2020,16,7,0
河南省,郑州市,河南省,平顶山市,2018,11,32,0
河南省,郑州市,河南省,平顶山市,2019,15,29,4
河南省,郑州市,河南省,平顶山市,2020,21,75,4
河南省,郑州市,河南省,濮阳市,2018,2,6,0
河南省,郑州市,河南省,濮阳市,2019,6,9,0
河南省,郑州市,河南省,濮阳市,2020,5,6,0
河南省,郑州市,河南省,三门峡市,2018,69,83,0
河南省,郑州市,河南省,三门峡市,2019,64,147,0
河南省,郑州市,河南省,三门峡市,2020,122,300,0
河南省,郑州市,河南省,商丘市,2018,6,3,0
河南省,郑州市,河南省,商丘市,2019,2,2,0
河南省,郑州市,河南省,商丘市,2020,5,8,0
河南省,郑州市,河南省,省直辖县级行政区划,2018,7,2,0
河南省,郑州市,河南省,省直辖县级行政区划,2019,0,6,0
河南省,郑州市,河南省,省直辖县级行政区划,2020,1,1,0
河南省,郑州市,河南省,新乡市,2018,16,7,0
河南省,郑州市,河南省,新乡市,2019,22,15,0
河南省,郑州市,河南省,新乡市,2020,23,15,0
河南省,郑州市,河南省,信阳市,2018,7,1,0
河南省,郑州市,河南省,信阳市,2019,4,11,0
河南省,郑州市,河南省,信阳市,2020,1,3,0
河南省,郑州市,河南省,许昌市,2018,25,46,1
河南省,郑州市,河南省,许昌市,2019,45,57,4
河南省,郑州市,河南省,许昌市,2020,20,63,0
河南省,郑州市,河南省,周口市,2018,4,5,0
河南省,郑州市,河南省,周口市,2019,15,14,0
河南省,郑州市,河南省,周口市,2020,12,11,0
河南省,郑州市,黑龙江省,哈尔滨市,2018,0,2,0
河南省,郑州市,黑龙江省,哈尔滨市,2019,3,1,0
河南省,郑州市,黑龙江省,哈尔滨市,2020,7,5,0
河南省,郑州市,黑龙江省,佳木斯市,2020,1,1,0
河南省,郑州市,黑龙江省,牡丹江市,2018,1,0,0
河南省,郑州市,湖北省,恩施土家族苗族自治州,2018,1,0,0
河南省,郑州市,湖北省,荆门市,2020,4,5,0
河南省,郑州市,湖北省,荆州市,2020,3,0,0
河南省,郑州市,湖北省,十堰市,2018,0,1,0
河南省,郑州市,湖北省,武汉市,2018,30,13,0
河南省,郑州市,湖北省,武汉市,2019,67,36,0
河南省,郑州市,湖北省,武汉市,2020,72,38,0
河南省,郑州市,湖北省,襄阳市,2019,4,5,0
河南省,郑州市,湖北省,襄阳市,2020,2,3,0
河南省,郑州市,湖北省,宜昌市,2019,2,0,0
河南省,郑州市,湖北省,宜昌市,2020,4,4,0
河南省,郑州市,湖南省,常德市,2018,2,0,0
河南省,郑州市,湖南省,常德市,2019,2,1,0
河南省,郑州市,湖南省,常德市,2020,2,2,0
河南省,郑州市,湖南省,衡阳市,2018,1,0,0
河南省,郑州市,湖南省,衡阳市,2019,1,1,0
河南省,郑州市,湖南省,衡阳市,2020,0,1,0
河南省,郑州市,湖南省,湘潭市,2019,0,1,0
河南省,郑州市,湖南省,株洲市,2020,0,1,0
河南省,郑州市,吉林省,吉林市,2019,1,0,0
河南省,郑州市,吉林省,吉林市,2020,1,0,0
河南省,郑州市,吉林省,延边朝鲜族自治州,2019,0,1,0
河南省,郑州市,江苏省,常州市,2018,0,1,0
河南省,郑州市,江苏省,常州市,2019,1,0,0
河南省,郑州市,江苏省,常州市,2020,4,8,0
河南省,郑州市,江苏省,淮安市,2018,1,1,0
河南省,郑州市,江苏省,淮安市,2019,0,1,0
河南省,郑州市,江苏省,南京市,2018,38,7,0
河南省,郑州市,江苏省,南京市,2019,31,3,0
河南省,郑州市,江苏省,南京市,2020,53,57,0
河南省,郑州市,江苏省,南通市,2018,1,3,0
河南省,郑州市,江苏省,南通市,2020,1,1,0
河南省,郑州市,江苏省,苏州市,2018,7,5,0
河南省,郑州市,江苏省,苏州市,2019,17,7,0
河南省,郑州市,江苏省,苏州市,2020,6,1,0
河南省,郑州市,江苏省,宿迁市,2019,1,0,0
河南省,郑州市,江苏省,泰州市,2018,0,3,0
河南省,郑州市,江苏省,泰州市,2019,0,2,0
河南省,郑州市,江苏省,泰州市,2020,3,0,0
河南省,郑州市,江苏省,无锡市,2019,2,1,0
河南省,郑州市,江苏省,无锡市,2020,2,1,0
河南省,郑州市,江苏省,徐州市,2018,15,4,0
河南省,郑州市,江苏省,徐州市,2019,10,2,0
河南省,郑州市,江苏省,徐州市,2020,3,0,0
河南省,郑州市,江苏省,扬州市,2018,2,0,0
河南省,郑州市,江苏省,扬州市,2019,1,0,0
河南省,郑州市,江苏省,扬州市,2020,3,2,0
河南省,郑州市,江西省,抚州市,2018,1,0,0
河南省,郑州市,江西省,赣州市,2019,1,1,0
河南省,郑州市,江西省,赣州市,2020,2,2,0
河南省,郑州市,江西省,九江市,2018,1,0,0
河南省,郑州市,江西省,九江市,2019,1,0,0
河南省,郑州市,江西省,九江市,2020,0,1,0
河南省,郑州市,江西省,南昌市,2018,3,6,0
河南省,郑州市,江西省,南昌市,2019,6,1,0
河南省,郑州市,江西省,南昌市,2020,5,7,0
河南省,郑州市,辽宁省,大连市,2018,4,0,0
河南省,郑州市,辽宁省,大连市,2019,5,0,0
河南省,郑州市,辽宁省,大连市,2020,7,1,0
河南省,郑州市,辽宁省,丹东市,2018,3,4,0
河南省,郑州市,辽宁省,沈阳市,2018,2,4,0
河南省,郑州市,辽宁省,沈阳市,2019,5,9,0
河南省,郑州市,辽宁省,沈阳市,2020,3,6,0
河南省,郑州市,内蒙古自治区,巴彦淖尔市,2018,0,1,0
河南省,郑州市,内蒙古自治区,包头市,2019,1,1,0
河南省,郑州市,内蒙古自治区,包头市,2020,2,3,0
河南省,郑州市,内蒙古自治区,呼和浩特市,2020,2,5,0
河南省,郑州市,内蒙古自治区,通辽市,2019,0,1,0
河南省,郑州市,内蒙古自治区,乌兰察布市,2020,0,1,0
河南省,郑州市,宁夏回族自治区,固原市,2020,2,0,0
河南省,郑州市,宁夏回族自治区,石嘴山市,2020,1,1,0
河南省,郑州市,青海省,西宁市,2018,1,1,0
河南省,郑州市,青海省,西宁市,2019,1,5,0
河南省,郑州市,青海省,西宁市,2020,3,1,0
河南省,郑州市,山东省,滨州市,2018,1,0,0
河南省,郑州市,山东省,滨州市,2019,1,0,0
河南省,郑州市,山东省,滨州市,2020,0,2,0
河南省,郑州市,山东省,德州市,2018,1,1,0
河南省,郑州市,山东省,德州市,2019,1,0,0
河南省,郑州市,山东省,东营市,2018,3,1,0
河南省,郑州市,山东省,济南市,2018,21,3,0
河南省,郑州市,山东省,济南市,2019,12,3,1
河南省,郑州市,山东省,济南市,2020,31,17,0
河南省,郑州市,山东省,聊城市,2018,2,0,0
河南省,郑州市,山东省,日照市,2019,0,2,0
河南省,郑州市,山东省,日照市,2020,1,0,0
河南省,郑州市,山东省,泰安市,2020,1,0,0
河南省,郑州市,山东省,威海市,2020,3,2,0
河南省,郑州市,山东省,潍坊市,2019,1,1,0
河南省,郑州市,山东省,潍坊市,2020,0,3,0
河南省,郑州市,山东省,烟台市,2019,2,1,0
河南省,郑州市,山东省,烟台市,2020,1,1,0
河南省,郑州市,山东省,枣庄市,2018,3,0,0
河南省,郑州市,山东省,淄博市,2019,2,0,0
河南省,郑州市,山西省,晋中市,2019,1,0,0
河南省,郑州市,山西省,晋中市,2020,0,1,0
河南省,郑州市,山西省,临汾市,2020,0,2,0
河南省,郑州市,山西省,吕梁市,2020,0,1,0
河南省,郑州市,山西省,朔州市,2019,0,1,0
河南省,郑州市,山西省,太原市,2018,1,1,0
河南省,郑州市,山西省,太原市,2019,2,0,0
河南省,郑州市,山西省,太原市,2020,6,1,0
河南省,郑州市,陕西省,汉中市,2018,1,1,0
河南省,郑州市,陕西省,渭南市,2019,0,1,0
河南省,郑州市,陕西省,西安市,2018,23,11,0
河南省,郑州市,陕西省,西安市,2019,46,35,0
河南省,郑州市,陕西省,西安市,2020,24,34,0
河南省,郑州市,陕西省,咸阳市,2018,3,5,0
河南省,郑州市,陕西省,咸阳市,2019,1,5,0
河南省,郑州市,陕西省,咸阳市,2020,3,3,0
河南省,郑州市,陕西省,延安市,2020,1,2,0
河南省,郑州市,陕西省,榆林市,2018,1,0,0
河南省,郑州市,陕西省,榆林市,2019,1,1,0
河南省,郑州市,上海市,上海市,2018,61,37,0
河南省,郑州市,上海市,上海市,2019,66,48,6
河南省,郑州市,上海市,上海市,2020,47,55,4
河南省,郑州市,四川省,成都市,2018,7,15,0
河南省,郑州市,四川省,成都市,2019,23,17,1
河南省,郑州市,四川省,成都市,2020,30,10,0
河南省,郑州市,四川省,德阳市,2018,0,6,0
河南省,郑州市,四川省,德阳市,2019,0,1,0
河南省,郑州市,四川省,凉山彝族自治州,2018,1,0,0
河南省,郑州市,四川省,凉山彝族自治州,2020,1,0,0
河南省,郑州市,四川省,泸州市,2018,1,0,0
河南省,郑州市,四川省,泸州市,2019,1,2,0
河南省,郑州市,四川省,绵阳市,2019,3,6,0
河南省,郑州市,四川省,绵阳市,2020,0,3,0
河南省,郑州市,四川省,内江市,2018,1,1,0
河南省,郑州市,四川省,南充市,2020,1,0,0
河南省,郑州市,四川省,攀枝花市,2019,0,2,0
河南省,郑州市,四川省,宜宾市,2018,2,0,0
河南省,郑州市,四川省,宜宾市,2019,3,0,0
河南省,郑州市,四川省,宜宾市,2020,1,0,0
河南省,郑州市,天津市,天津市,2018,33,6,0
河南省,郑州市,天津市,天津市,2019,9,18,0
河南省,郑州市,天津市,天津市,2020,10,23,0
河南省,郑州市,西藏自治区,拉萨市,2018,1,0,0
河南省,郑州市,西藏自治区,拉萨市,2019,1,2,0
河南省,郑州市,西藏自治区,拉萨市,2020,4,2,0
河南省,郑州市,西藏自治区,那曲市,2018,1,0,0
河南省,郑州市,西藏自治区,日喀则市,2020,1,0,0
河南省,郑州市,新疆维吾尔自治区,哈密市,2018,1,0,0
河南省,郑州市,新疆维吾尔自治区,哈密市,2020,1,3,0
河南省,郑州市,新疆维吾尔自治区,和田地区,2018,0,1,0
河南省,郑州市,新疆维吾尔自治区,和田地区,2019,1,1,0
河南省,郑州市,新疆维吾尔自治区,喀什地区,2018,1,0,0
河南省,郑州市,新疆维吾尔自治区,吐鲁番市,2020,1,0,0
河南省,郑州市,新疆维吾尔自治区,乌鲁木齐市,2018,2,1,0
河南省,郑州市,新疆维吾尔自治区,乌鲁木齐市,2019,5,7,0
河南省,郑州市,新疆维吾尔自治区,乌鲁木齐市,2020,4,6,0
河南省,郑州市,新疆维吾尔自治区,自治区直辖县级行政区划,2019,1,1,0
河南省,郑州市,新疆维吾尔自治区,自治区直辖县级行政区划,2020,1,1,0
河南省,郑州市,云南省,大理白族自治州,2020,0,1,0
河南省,郑州市,云南省,昆明市,2018,2,1,0
河南省,郑州市,云南省,昆明市,2019,3,1,0
河南省,郑州市,云南省,昆明市,2020,58,58,0
河南省,郑州市,云南省,曲靖市,2018,0,2,0
河南省,郑州市,云南省,玉溪市,2018,1,0,0
河南省,郑州市,云南省,玉溪市,2019,3,0,0
河南省,郑州市,云南省,昭通市,2019,0,1,0
河南省,郑州市,浙江省,杭州市,2018,7,4,0
河南省,郑州市,浙江省,杭州市,2019,15,8,0
河南省,郑州市,浙江省,杭州市,2020,20,17,1
河南省,郑州市,浙江省,湖州市,2019,1,2,0
河南省,郑州市,浙江省,湖州市,2020,2,0,0
河南省,郑州市,浙江省,嘉兴市,2020,3,0,0
河南省,郑州市,浙江省,宁波市,2018,4,8,0
河南省,郑州市,浙江省,宁波市,2019,22,7,0
河南省,郑州市,浙江省,宁波市,2020,11,2,0
河南省,郑州市,浙江省,绍兴市,2019,4,5,0
河南省,郑州市,浙江省,台州市,2019,1,0,0
河南省,郑州市,浙江省,温州市,2019,1,1,0
河南省,郑州市,浙江省,温州市,2020,3,2,0
河南省,周口市,安徽省,亳州市,2019,2,0,0
河南省,周口市,北京市,北京市,2018,2,13,0
河南省,周口市,北京市,北京市,2019,13,24,0
河南省,周口市,北京市,北京市,2020,14,19,2
河南省,周口市,河南省,南阳市,2020,2,0,0
河南省,周口市,江苏省,南京市,2018,1,0,0
河南省,周口市,江苏省,南京市,2019,1,2,0
河南省,周口市,江苏省,南京市,2020,0,1,0
河南省,驻马店市,北京市,北京市,2018,24,17,0
河南省,驻马店市,北京市,北京市,2019,23,28,0
河南省,驻马店市,北京市,北京市,2020,16,9,0
河南省,驻马店市,广东省,深圳市,2018,6,15,0
河南省,驻马店市,广东省,深圳市,2019,1,16,0
河南省,驻马店市,广东省,深圳市,2020,6,9,0
河南省,驻马店市,广东省,珠海市,2019,1,2,0
河南省,驻马店市,河北省,邯郸市,2019,0,14,0
河南省,驻马店市,河北省,邯郸市,2020,0,2,0
河南省,驻马店市,河南省,洛阳市,2019,0,1,0
河南省,驻马店市,河南省,洛阳市,2020,0,1,0
河南省,驻马店市,河南省,南阳市,2018,1,0,0
河南省,驻马店市,河南省,平顶山市,2019,0,2,0
河南省,驻马店市,河南省,省直辖县级行政区划,2019,0,4,0
河南省,驻马店市,河南省,新乡市,2018,8,0,0
河南省,驻马店市,河南省,信阳市,2020,0,5,0
河南省,驻马店市,河南省,许昌市,2018,1,2,0
河南省,驻马店市,河南省,许昌市,2019,0,2,0
河南省,驻马店市,河南省,郑州市,2018,0,8,0
河南省,驻马店市,河南省,郑州市,2019,6,6,0
河南省,驻马店市,河南省,郑州市,2020,15,14,0
河南省,驻马店市,湖北省,武汉市,2019,0,2,0
河南省,驻马店市,湖北省,武汉市,2020,11,1,0
河南省,驻马店市,江苏省,南京市,2020,4,3,0
河南省,驻马店市,宁夏回族自治区,吴忠市,2018,2,0,0
河南省,驻马店市,宁夏回族自治区,吴忠市,2019,2,0,0
河南省,驻马店市,山东省,菏泽市,2019,0,1,0
河南省,驻马店市,山东省,临沂市,2019,0,1,0
河南省,驻马店市,陕西省,西安市,2018,0,2,0
河南省,驻马店市,上海市,上海市,2019,3,0,0
河南省,驻马店市,上海市,上海市,2020,1,0,0
河南省,驻马店市,天津市,天津市,2019,1,0,0
河南省,驻马店市,云南省,昆明市,2019,0,1,0
河南省,驻马店市,浙江省,杭州市,2019,0,2,0
黑龙江省,大庆市,安徽省,合肥市,2020,0,1,0
黑龙江省,大庆市,北京市,北京市,2018,132,166,0
黑龙江省,大庆市,北京市,北京市,2019,87,92,0
黑龙江省,大庆市,北京市,北京市,2020,227,124,0
黑龙江省,大庆市,黑龙江省,哈尔滨市,2018,5,1,0
黑龙江省,大庆市,黑龙江省,哈尔滨市,2019,3,0,0
黑龙江省,大庆市,黑龙江省,哈尔滨市,2020,4,1,0
黑龙江省,大庆市,黑龙江省,伊春市,2020,1,0,0
黑龙江省,大庆市,江西省,南昌市,2019,0,1,0
黑龙江省,大庆市,江西省,南昌市,2020,0,1,0
黑龙江省,大庆市,山东省,东营市,2018,1,0,0
黑龙江省,大庆市,山东省,东营市,2019,1,0,0
黑龙江省,大庆市,山东省,东营市,2020,1,0,0
黑龙江省,大庆市,上海市,上海市,2018,0,3,0
黑龙江省,大兴安岭地区,北京市,北京市,2018,4,3,0
黑龙江省,大兴安岭地区,北京市,北京市,2019,5,7,0
黑龙江省,大兴安岭地区,北京市,北京市,2020,6,6,0
黑龙江省,大兴安岭地区,黑龙江省,哈尔滨市,2019,1,1,0
黑龙江省,大兴安岭地区,黑龙江省,哈尔滨市,2020,0,1,0
黑龙江省,哈尔滨市,安徽省,合肥市,2018,4,1,0
黑龙江省,哈尔滨市,安徽省,合肥市,2019,1,1,0
黑龙江省,哈尔滨市,安徽省,合肥市,2020,4,2,0
黑龙江省,哈尔滨市,北京市,北京市,2018,194,88,0
黑龙江省,哈尔滨市,北京市,北京市,2019,192,82,0
黑龙江省,哈尔滨市,北京市,北京市,2020,256,72,0
黑龙江省,哈尔滨市,福建省,厦门市,2018,1,1,0
黑龙江省,哈尔滨市,甘肃省,兰州市,2018,1,0,0
黑龙江省,哈尔滨市,甘肃省,兰州市,2020,0,1,0
黑龙江省,哈尔滨市,广东省,东莞市,2019,10,0,0
黑龙江省,哈尔滨市,广东省,佛山市,2019,1,0,0
黑龙江省,哈尔滨市,广东省,佛山市,2020,3,0,0
黑龙江省,哈尔滨市,广东省,中山市,2018,5,7,0
黑龙江省,哈尔滨市,广西壮族自治区,南宁市,2020,5,0,0
黑龙江省,哈尔滨市,海南省,三亚市,2020,0,2,0
黑龙江省,哈尔滨市,河北省,保定市,2018,1,0,0
黑龙江省,哈尔滨市,河北省,保定市,2019,4,0,0
黑龙江省,哈尔滨市,河北省,保定市,2020,2,2,0
黑龙江省,哈尔滨市,河南省,南阳市,2019,1,0,0
黑龙江省,哈尔滨市,黑龙江省,佳木斯市,2018,0,2,0
黑龙江省,哈尔滨市,黑龙江省,佳木斯市,2019,0,2,0
黑龙江省,哈尔滨市,黑龙江省,佳木斯市,2020,4,13,0
黑龙江省,哈尔滨市,黑龙江省,七台河市,2018,1,7,0
黑龙江省,哈尔滨市,黑龙江省,七台河市,2019,1,1,0
黑龙江省,哈尔滨市,黑龙江省,七台河市,2020,3,9,0
黑龙江省,哈尔滨市,黑龙江省,双鸭山市,2018,0,5,0
黑龙江省,哈尔滨市,黑龙江省,双鸭山市,2019,1,1,0
黑龙江省,哈尔滨市,黑龙江省,伊春市,2019,0,1,0
黑龙江省,哈尔滨市,黑龙江省,伊春市,2020,0,3,0
黑龙江省,哈尔滨市,吉林省,吉林市,2018,4,3,0
黑龙江省,哈尔滨市,吉林省,吉林市,2019,3,3,0
黑龙江省,哈尔滨市,吉林省,吉林市,2020,3,0,0
黑龙江省,哈尔滨市,江苏省,南京市,2018,23,3,0
黑龙江省,哈尔滨市,江苏省,南京市,2019,15,3,0
黑龙江省,哈尔滨市,江苏省,南京市,2020,28,2,0
黑龙江省,哈尔滨市,江苏省,南通市,2018,2,2,0
黑龙江省,哈尔滨市,江苏省,南通市,2019,2,1,0
黑龙江省,哈尔滨市,江苏省,南通市,2020,3,1,0
黑龙江省,哈尔滨市,江西省,九江市,2018,1,1,0
黑龙江省,哈尔滨市,江西省,南昌市,2020,1,0,0
黑龙江省,哈尔滨市,辽宁省,丹东市,2020,2,2,0
黑龙江省,哈尔滨市,内蒙古自治区,包头市,2020,0,1,0
黑龙江省,哈尔滨市,内蒙古自治区,呼和浩特市,2020,3,1,0
黑龙江省,哈尔滨市,内蒙古自治区,呼伦贝尔市,2018,1,0,0
黑龙江省,哈尔滨市,内蒙古自治区,呼伦贝尔市,2019,1,0,0
黑龙江省,哈尔滨市,内蒙古自治区,呼伦贝尔市,2020,3,1,0
黑龙江省,哈尔滨市,内蒙古自治区,乌兰察布市,2020,0,1,0
黑龙江省,哈尔滨市,内蒙古自治区,兴安盟,2019,0,1,0
黑龙江省,哈尔滨市,宁夏回族自治区,吴忠市,2020,0,1,0
黑龙江省,哈尔滨市,山东省,临沂市,2020,3,1,0
黑龙江省,哈尔滨市,陕西省,咸阳市,2020,1,1,0
黑龙江省,哈尔滨市,上海市,上海市,2018,21,2,0
黑龙江省,哈尔滨市,上海市,上海市,2019,22,1,0
黑龙江省,哈尔滨市,上海市,上海市,2020,25,16,0
黑龙江省,哈尔滨市,新疆维吾尔自治区,哈密市,2020,0,3,0
黑龙江省,哈尔滨市,新疆维吾尔自治区,乌鲁木齐市,2018,1,0,0
黑龙江省,哈尔滨市,新疆维吾尔自治区,乌鲁木齐市,2020,5,0,0
黑龙江省,鹤岗市,北京市,北京市,2018,7,3,0
黑龙江省,鹤岗市,北京市,北京市,2019,7,2,0
黑龙江省,鹤岗市,北京市,北京市,2020,7,3,0
黑龙江省,鹤岗市,广东省,珠海市,2020,2,0,0
黑龙江省,鹤岗市,黑龙江省,哈尔滨市,2018,2,0,0
黑龙江省,鹤岗市,黑龙江省,哈尔滨市,2019,1,0,0
黑龙江省,鹤岗市,湖北省,武汉市,2018,1,0,0
黑龙江省,鹤岗市,辽宁省,大连市,2019,2,0,0
黑龙江省,鹤岗市,辽宁省,沈阳市,2018,1,0,0
黑龙江省,黑河市,北京市,北京市,2018,1,1,0
黑龙江省,黑河市,北京市,北京市,2019,2,1,0
黑龙江省,黑河市,北京市,北京市,2020,1,12,0
黑龙江省,黑河市,福建省,厦门市,2018,1,0,0
黑龙江省,黑河市,黑龙江省,大庆市,2018,1,0,0
黑龙江省,黑河市,黑龙江省,哈尔滨市,2018,0,2,0
黑龙江省,黑河市,黑龙江省,哈尔滨市,2019,1,1,0
黑龙江省,黑河市,黑龙江省,哈尔滨市,2020,1,1,0
黑龙江省,黑河市,吉林省,吉林市,2019,1,1,0
黑龙江省,黑河市,江苏省,无锡市,2019,1,0,0
黑龙江省,黑河市,陕西省,西安市,2019,1,0,0
黑龙江省,黑河市,新疆维吾尔自治区,自治区直辖县级行政区划,2020,0,1,0
黑龙江省,鸡西市,北京市,北京市,2018,4,5,0
黑龙江省,鸡西市,北京市,北京市,2019,4,5,0
黑龙江省,鸡西市,北京市,北京市,2020,5,5,0
黑龙江省,鸡西市,广东省,深圳市,2020,1,0,0
黑龙江省,鸡西市,黑龙江省,哈尔滨市,2018,22,0,0
黑龙江省,鸡西市,黑龙江省,哈尔滨市,2019,6,0,0
黑龙江省,鸡西市,黑龙江省,哈尔滨市,2020,7,2,0
黑龙江省,鸡西市,黑龙江省,牡丹江市,2020,0,2,0
黑龙江省,鸡西市,江苏省,南京市,2018,1,0,0
黑龙江省,鸡西市,辽宁省,鞍山市,2019,1,0,0
黑龙江省,鸡西市,辽宁省,鞍山市,2020,4,1,0
黑龙江省,鸡西市,辽宁省,大连市,2019,0,1,0
黑龙江省,鸡西市,辽宁省,抚顺市,2019,0,1,0
黑龙江省,鸡西市,内蒙古自治区,通辽市,2019,0,1,0
黑龙江省,鸡西市,天津市,天津市,2018,1,1,0
黑龙江省,佳木斯市,海南省,三亚市,2018,0,3,0
黑龙江省,牡丹江市,北京市,北京市,2018,13,15,0
黑龙江省,牡丹江市,北京市,北京市,2019,13,10,0
黑龙江省,牡丹江市,北京市,北京市,2020,15,21,0
黑龙江省,牡丹江市,福建省,泉州市,2018,0,2,0
黑龙江省,牡丹江市,福建省,泉州市,2019,0,2,0
黑龙江省,牡丹江市,海南省,海口市,2018,3,1,0
黑龙江省,牡丹江市,海南省,海口市,2020,6,0,0
黑龙江省,牡丹江市,黑龙江省,哈尔滨市,2019,0,6,0
黑龙江省,牡丹江市,黑龙江省,哈尔滨市,2020,5,3,0
黑龙江省,牡丹江市,湖北省,恩施土家族苗族自治州,2018,1,0,0
黑龙江省,牡丹江市,湖北省,武汉市,2019,1,0,0
黑龙江省,牡丹江市,湖北省,武汉市,2020,0,1,0
黑龙江省,牡丹江市,江苏省,南京市,2019,1,0,0
黑龙江省,牡丹江市,江苏省,南京市,2020,1,0,0
黑龙江省,牡丹江市,江苏省,无锡市,2019,1,2,0
黑龙江省,牡丹江市,辽宁省,沈阳市,2020,0,2,0
黑龙江省,牡丹江市,山东省,泰安市,2018,3,0,0
黑龙江省,牡丹江市,天津市,天津市,2018,1,0,0
黑龙江省,牡丹江市,天津市,天津市,2019,6,0,0
黑龙江省,牡丹江市,天津市,天津市,2020,1,0,0
黑龙江省,牡丹江市,云南省,文山壮族苗族自治州,2019,0,0,17
黑龙江省,齐齐哈尔市,北京市,北京市,2018,6,1,0
黑龙江省,齐齐哈尔市,北京市,北京市,2019,22,15,0
黑龙江省,齐齐哈尔市,北京市,北京市,2020,39,28,1
黑龙江省,齐齐哈尔市,甘肃省,兰州市,2019,2,2,0
黑龙江省,齐齐哈尔市,甘肃省,兰州市,2020,6,4,0
黑龙江省,齐齐哈尔市,广东省,深圳市,2020,3,0,0
黑龙江省,齐齐哈尔市,河南省,省直辖县级行政区划,2018,1,0,0
黑龙江省,齐齐哈尔市,河南省,郑州市,2018,1,0,0
黑龙江省,齐齐哈尔市,黑龙江省,哈尔滨市,2018,5,3,0
黑龙江省,齐齐哈尔市,黑龙江省,哈尔滨市,2019,1,0,0
黑龙江省,齐齐哈尔市,黑龙江省,哈尔滨市,2020,7,6,0
黑龙江省,齐齐哈尔市,黑龙江省,绥化市,2018,2,0,0
黑龙江省,齐齐哈尔市,湖北省,武汉市,2020,0,1,0
黑龙江省,齐齐哈尔市,吉林省,长春市,2018,4,0,0
黑龙江省,齐齐哈尔市,吉林省,长春市,2020,4,0,0
黑龙江省,齐齐哈尔市,江苏省,苏州市,2020,3,0,0
黑龙江省,齐齐哈尔市,江苏省,盐城市,2020,0,6,0
黑龙江省,齐齐哈尔市,辽宁省,大连市,2018,9,2,0
黑龙江省,齐齐哈尔市,辽宁省,大连市,2019,51,28,0
黑龙江省,齐齐哈尔市,辽宁省,大连市,2020,48,28,1
黑龙江省,齐齐哈尔市,辽宁省,丹东市,2019,1,1,0
黑龙江省,齐齐哈尔市,辽宁省,沈阳市,2019,1,1,0
黑龙江省,齐齐哈尔市,辽宁省,沈阳市,2020,4,0,0
黑龙江省,齐齐哈尔市,内蒙古自治区,呼和浩特市,2020,5,0,0
黑龙江省,齐齐哈尔市,山东省,滨州市,2019,1,1,0
黑龙江省,齐齐哈尔市,山东省,菏泽市,2020,1,0,0
黑龙江省,齐齐哈尔市,山东省,烟台市,2020,1,1,0
黑龙江省,齐齐哈尔市,山西省,大同市,2020,1,2,0
黑龙江省,齐齐哈尔市,山西省,太原市,2018,3,0,0
黑龙江省,齐齐哈尔市,山西省,太原市,2020,1,2,0
黑龙江省,齐齐哈尔市,陕西省,延安市,2020,1,0,0
黑龙江省,齐齐哈尔市,上海市,上海市,2019,1,0,0
黑龙江省,齐齐哈尔市,上海市,上海市,2020,1,0,0
黑龙江省,齐齐哈尔市,四川省,成都市,2020,2,0,0
黑龙江省,齐齐哈尔市,天津市,天津市,2018,10,1,0
黑龙江省,齐齐哈尔市,天津市,天津市,2019,8,3,0
黑龙江省,齐齐哈尔市,天津市,天津市,2020,21,12,0
黑龙江省,齐齐哈尔市,新疆维吾尔自治区,自治区直辖县级行政区划,2018,0,1,0
黑龙江省,齐齐哈尔市,新疆维吾尔自治区,自治区直辖县级行政区划,2020,1,1,0
黑龙江省,齐齐哈尔市,浙江省,杭州市,2018,0,2,0
黑龙江省,双鸭山市,北京市,北京市,2018,7,2,0
黑龙江省,双鸭山市,北京市,北京市,2019,2,3,0
黑龙江省,双鸭山市,北京市,北京市,2020,2,5,1
黑龙江省,绥化市,北京市,北京市,2018,11,5,0
黑龙江省,绥化市,北京市,北京市,2019,6,3,0
黑龙江省,绥化市,北京市,北京市,2020,3,10,0
黑龙江省,绥化市,广东省,广州市,2020,3,0,0
黑龙江省,绥化市,河北省,沧州市,2020,1,0,0
黑龙江省,绥化市,河北省,石家庄市,2019,1,0,0
黑龙江省,绥化市,河北省,石家庄市,2020,3,2,0
黑龙江省,绥化市,黑龙江省,大庆市,2020,1,1,0
黑龙江省,绥化市,黑龙江省,哈尔滨市,2018,3,1,0
黑龙江省,绥化市,黑龙江省,哈尔滨市,2019,2,1,0
黑龙江省,绥化市,黑龙江省,哈尔滨市,2020,3,30,0
黑龙江省,绥化市,辽宁省,抚顺市,2018,0,1,0
黑龙江省,绥化市,辽宁省,沈阳市,2018,0,3,0
黑龙江省,绥化市,山西省,太原市,2019,1,0,0
黑龙江省,绥化市,浙江省,杭州市,2018,2,0,0
黑龙江省,绥化市,浙江省,杭州市,2019,2,0,0
黑龙江省,绥化市,浙江省,杭州市,2020,1,0,0
黑龙江省,绥化市,浙江省,绍兴市,2018,4,0,0
黑龙江省,绥化市,浙江省,绍兴市,2019,3,0,0
黑龙江省,绥化市,浙江省,绍兴市,2020,4,0,0
湖北省,赤壁市,广东省,河源市,2020,0,5,1
湖北省,鄂州市,安徽省,亳州市,2020,1,1,0
湖北省,鄂州市,北京市,北京市,2018,1,1,0
湖北省,鄂州市,北京市,北京市,2019,1,1,1
湖北省,鄂州市,北京市,北京市,2020,3,4,0
湖北省,鄂州市,广东省,佛山市,2020,0,1,0
湖北省,鄂州市,广东省,广州市,2020,1,0,0
湖北省,鄂州市,广东省,深圳市,2019,4,0,0
湖北省,鄂州市,河南省,郑州市,2018,1,2,0
湖北省,鄂州市,湖北省,恩施土家族苗族自治州,2018,1,0,0
湖北省,鄂州市,湖北省,武汉市,2018,116,3,0
湖北省,鄂州市,湖北省,武汉市,2019,120,14,1
湖北省,鄂州市,湖北省,武汉市,2020,100,18,0
湖北省,鄂州市,江苏省,南京市,2018,4,0,0
湖北省,鄂州市,江苏省,南京市,2019,0,1,0
湖北省,鄂州市,江苏省,苏州市,2019,1,0,0
湖北省,鄂州市,江苏省,无锡市,2019,0,1,0
湖北省,鄂州市,江西省,赣州市,2019,1,0,0
湖北省,鄂州市,山东省,烟台市,2018,1,0,0
湖北省,鄂州市,四川省,成都市,2019,0,5,0
湖北省,鄂州市,四川省,成都市,2020,1,1,0
湖北省,鄂州市,天津市,天津市,2020,1,2,0
湖北省,鄂州市,浙江省,杭州市,2020,4,12,2
湖北省,恩施土家族苗族自治州,北京市,北京市,2018,8,26,0
湖北省,恩施土家族苗族自治州,北京市,北京市,2019,3,11,0
湖北省,恩施土家族苗族自治州,北京市,北京市,2020,3,10,0
湖北省,恩施土家族苗族自治州,广东省,广州市,2018,0,1,0
湖北省,恩施土家族苗族自治州,广东省,广州市,2020,1,2,0
湖北省,恩施土家族苗族自治州,广西壮族自治区,南宁市,2019,1,2,0
湖北省,恩施土家族苗族自治州,江苏省,南京市,2019,2,0,0
湖北省,恩施土家族苗族自治州,上海市,上海市,2018,0,4,0
湖北省,恩施土家族苗族自治州,上海市,上海市,2020,2,0,0
湖北省,恩施土家族苗族自治州,浙江省,宁波市,2018,2,0,0
湖北省,恩施土家族苗族自治州,浙江省,宁波市,2019,2,11,0
湖北省,恩施土家族苗族自治州,浙江省,宁波市,2020,0,1,0
湖北省,黄冈市,安徽省,合肥市,2019,1,2,0
湖北省,黄冈市,安徽省,合肥市,2020,1,0,0
湖北省,黄冈市,安徽省,芜湖市,2019,1,1,0
湖北省,黄冈市,北京市,北京市,2018,9,18,0
湖北省,黄冈市,北京市,北京市,2019,3,10,0
湖北省,黄冈市,北京市,北京市,2020,19,11,0
湖北省,黄冈市,福建省,泉州市,2020,2,0,0
湖北省,黄冈市,广东省,东莞市,2019,0,5,0
湖北省,黄冈市,广东省,东莞市,2020,0,9,0
湖北省,黄冈市,广东省,广州市,2018,1,0,0
湖北省,黄冈市,广东省,广州市,2019,10,6,0
湖北省,黄冈市,广东省,广州市,2020,5,0,0
湖北省,黄冈市,广东省,深圳市,2018,4,13,0
湖北省,黄冈市,广东省,深圳市,2019,2,16,5
湖北省,黄冈市,广东省,深圳市,2020,11,9,1
湖北省,黄冈市,广东省,中山市,2019,1,6,0
湖北省,黄冈市,广东省,中山市,2020,0,1,0
湖北省,黄冈市,海南省,省直辖县级行政区划,2020,1,0,0
湖北省,黄冈市,河北省,唐山市,2020,0,1,0
湖北省,黄冈市,河南省,驻马店市,2019,0,2,0
湖北省,黄冈市,湖北省,省直辖县级行政区划,2019,1,3,0
湖北省,黄冈市,湖北省,随州市,2020,0,1,0
湖北省,黄冈市,湖北省,武汉市,2018,19,8,0
湖北省,黄冈市,湖北省,武汉市,2019,30,21,0
湖北省,黄冈市,湖北省,武汉市,2020,23,14,0
湖北省,黄冈市,湖南省,常德市,2019,0,5,0
湖北省,黄冈市,湖南省,常德市,2020,0,1,0
湖北省,黄冈市,江苏省,南京市,2020,2,2,0
湖北省,黄冈市,江苏省,苏州市,2018,1,0,0
湖北省,黄冈市,江苏省,苏州市,2019,0,3,0
湖北省,黄冈市,江苏省,苏州市,2020,0,2,0
湖北省,黄冈市,江苏省,镇江市,2019,1,1,0
湖北省,黄冈市,江苏省,镇江市,2020,2,0,0
湖北省,黄冈市,江西省,南昌市,2018,2,0,0
湖北省,黄冈市,江西省,上饶市,2020,1,1,0
湖北省,黄冈市,内蒙古自治区,呼和浩特市,2019,1,0,0
湖北省,黄冈市,山西省,朔州市,2020,0,1,0
湖北省,黄冈市,上海市,上海市,2018,1,0,0
湖北省,黄冈市,上海市,上海市,2019,3,4,1
湖北省,黄冈市,上海市,上海市,2020,2,4,0
湖北省,黄冈市,四川省,成都市,2020,1,0,0
湖北省,黄冈市,天津市,天津市,2020,5,3,0
湖北省,黄冈市,新疆维吾尔自治区,乌鲁木齐市,2020,3,0,0
湖北省,黄冈市,浙江省,杭州市,2020,1,1,0
湖北省,黄冈市,浙江省,嘉兴市,2019,0,5,0
湖北省,黄冈市,浙江省,嘉兴市,2020,0,3,0
湖北省,黄冈市,浙江省,台州市,2018,3,5,0
湖北省,黄冈市,浙江省,台州市,2019,1,0,0
湖北省,黄石市,安徽省,芜湖市,2020,29,0,0
湖北省,黄石市,北京市,北京市,2018,15,12,0
湖北省,黄石市,北京市,北京市,2019,10,2,0
湖北省,黄石市,北京市,北京市,2020,15,10,0
湖北省,黄石市,福建省,厦门市,2020,1,0,0
湖北省,黄石市,广东省,东莞市,2018,1,0,0
湖北省,黄石市,广东省,佛山市,2019,0,1,0
湖北省,黄石市,广东省,佛山市,2020,0,3,0
湖北省,黄石市,广东省,广州市,2018,0,1,0
湖北省,黄石市,广东省,韶关市,2020,7,0,0
湖北省,黄石市,广东省,深圳市,2018,6,0,0
湖北省,黄石市,广东省,肇庆市,2020,0,3,0
湖北省,黄石市,广东省,珠海市,2019,1,0,0
湖北省,黄石市,海南省,省直辖县级行政区划,2020,0,3,0
湖北省,黄石市,河北省,沧州市,2019,0,1,0
湖北省,黄石市,河北省,邯郸市,2020,0,2,0
湖北省,黄石市,河北省,唐山市,2018,0,3,0
湖北省,黄石市,湖北省,鄂州市,2018,1,0,0
湖北省,黄石市,湖北省,鄂州市,2019,0,6,0
湖北省,黄石市,湖北省,鄂州市,2020,1,0,0
湖北省,黄石市,湖北省,黄冈市,2018,1,0,0
湖北省,黄石市,湖北省,黄冈市,2019,2,0,0
湖北省,黄石市,湖北省,黄冈市,2020,3,0,0
湖北省,黄石市,湖北省,荆州市,2020,0,3,0
湖北省,黄石市,湖北省,武汉市,2018,13,11,0
湖北省,黄石市,湖北省,武汉市,2019,16,7,0
湖北省,黄石市,湖北省,武汉市,2020,22,5,5
湖北省,黄石市,湖北省,咸宁市,2018,1,0,0
湖北省,黄石市,湖北省,襄阳市,2018,1,0,0
湖北省,黄石市,湖北省,孝感市,2018,1,0,0
湖北省,黄石市,湖北省,宜昌市,2018,1,0,0
湖北省,黄石市,湖南省,长沙市,2019,4,0,0
湖北省,黄石市,湖南省,长沙市,2020,1,0,0
湖北省,黄石市,湖南省,娄底市,2020,7,0,0
湖北省,黄石市,吉林省,长春市,2020,1,0,0
湖北省,黄石市,江苏省,南京市,2019,0,1,0
湖北省,黄石市,江苏省,无锡市,2018,1,1,0
湖北省,黄石市,辽宁省,沈阳市,2018,1,0,0
湖北省,黄石市,山东省,临沂市,2020,0,3,0
湖北省,黄石市,陕西省,西安市,2020,1,1,0
湖北省,黄石市,上海市,上海市,2018,1,1,0
湖北省,黄石市,上海市,上海市,2019,1,0,0
湖北省,黄石市,上海市,上海市,2020,1,0,0
湖北省,黄石市,天津市,天津市,2020,30,27,8
湖北省,黄石市,西藏自治区,拉萨市,2018,1,0,0
湖北省,黄石市,浙江省,杭州市,2018,2,2,0
湖北省,黄石市,浙江省,杭州市,2020,2,2,0
湖北省,黄石市,重庆市,重庆市,2018,0,1,0
湖北省,荆门市,安徽省,合肥市,2019,1,0,0
湖北省,荆门市,安徽省,合肥市,2020,1,0,0
湖北省,荆门市,北京市,北京市,2018,6,50,0
湖北省,荆门市,北京市,北京市,2019,15,82,4
湖北省,荆门市,北京市,北京市,2020,16,25,0
湖北省,荆门市,福建省,泉州市,2018,1,0,0
湖北省,荆门市,福建省,厦门市,2018,1,0,0
湖北省,荆门市,广东省,东莞市,2018,1,0,0
湖北省,荆门市,广东省,广州市,2020,2,1,0
湖北省,荆门市,广东省,惠州市,2018,2,0,0
湖北省,荆门市,广东省,惠州市,2019,4,2,0
湖北省,荆门市,广东省,惠州市,2020,15,10,1
湖北省,荆门市,广东省,江门市,2020,0,1,0
湖北省,荆门市,广东省,深圳市,2018,61,35,0
湖北省,荆门市,广东省,深圳市,2019,30,7,0
湖北省,荆门市,广东省,深圳市,2020,29,7,0
湖北省,荆门市,海南省,省直辖县级行政区划,2018,0,1,0
湖北省,荆门市,海南省,省直辖县级行政区划,2019,0,1,0
湖北省,荆门市,海南省,省直辖县级行政区划,2020,1,1,0
湖北省,荆门市,河北省,保定市,2019,0,9,0
湖北省,荆门市,河南省,开封市,2019,7,8,0
湖北省,荆门市,湖北省,省直辖县级行政区划,2019,3,0,0
湖北省,荆门市,湖北省,武汉市,2018,11,3,0
湖北省,荆门市,湖北省,武汉市,2019,29,21,0
湖北省,荆门市,湖北省,武汉市,2020,9,0,1
湖北省,荆门市,湖北省,宜昌市,2020,2,14,0
湖北省,荆门市,江苏省,南京市,2018,0,1,0
湖北省,荆门市,江苏省,南京市,2020,7,0,0
湖北省,荆门市,江苏省,泰州市,2018,19,0,0
湖北省,荆门市,江苏省,泰州市,2019,1,0,0
湖北省,荆门市,江苏省,无锡市,2018,1,0,0
湖北省,荆门市,江苏省,无锡市,2019,13,12,0
湖北省,荆门市,江苏省,无锡市,2020,0,2,0
湖北省,荆门市,江西省,南昌市,2018,0,1,0
湖北省,荆门市,江西省,宜春市,2018,1,1,0
湖北省,荆门市,江西省,宜春市,2019,3,7,0
湖北省,荆门市,山东省,济南市,2019,1,1,0
湖北省,荆门市,陕西省,咸阳市,2018,0,1,0
湖北省,荆门市,上海市,上海市,2018,3,2,0
湖北省,荆门市,上海市,上海市,2019,1,2,0
湖北省,荆门市,上海市,上海市,2020,1,1,0
湖北省,荆门市,四川省,成都市,2020,2,2,0
湖北省,荆门市,四川省,绵阳市,2020,1,0,0
湖北省,荆门市,四川省,自贡市,2020,0,2,0
湖北省,荆门市,天津市,天津市,2019,7,0,0
湖北省,荆门市,浙江省,嘉兴市,2020,1,2,0
湖北省,荆门市,浙江省,温州市,2020,1,0,0
湖北省,荆州市,北京市,北京市,2018,42,31,0
湖北省,荆州市,北京市,北京市,2019,29,46,0
湖北省,荆州市,北京市,北京市,2020,38,38,1
湖北省,荆州市,甘肃省,兰州市,2018,2,0,0
湖北省,荆州市,广东省,东莞市,2019,1,1,0
湖北省,荆州市,广东省,佛山市,2018,0,1,0
湖北省,荆州市,广东省,佛山市,2020,0,5,0
湖北省,荆州市,广东省,广州市,2019,2,4,1
湖北省,荆州市,广东省,深圳市,2018,14,25,0
湖北省,荆州市,广东省,深圳市,2019,8,13,2
湖北省,荆州市,广东省,深圳市,2020,1,0,0
湖北省,荆州市,广东省,湛江市,2018,8,1,0
湖北省,荆州市,广东省,肇庆市,2020,0,3,0
湖北省,荆州市,广东省,珠海市,2019,1,1,0
湖北省,荆州市,海南省,省直辖县级行政区划,2020,0,3,0
湖北省,荆州市,河北省,保定市,2018,1,0,0
湖北省,荆州市,河北省,承德市,2019,0,1,0
湖北省,荆州市,河北省,廊坊市,2020,0,1,0
湖北省,荆州市,河南省,安阳市,2018,1,0,0
湖北省,荆州市,河南省,南阳市,2018,1,0,0
湖北省,荆州市,河南省,濮阳市,2020,1,0,0
湖北省,荆州市,湖北省,恩施土家族苗族自治州,2019,0,1,0
湖北省,荆州市,湖北省,省直辖县级行政区划,2018,2,0,0
湖北省,荆州市,湖北省,省直辖县级行政区划,2019,2,2,0
湖北省,荆州市,湖北省,武汉市,2018,47,54,0
湖北省,荆州市,湖北省,武汉市,2019,32,68,0
湖北省,荆州市,湖北省,武汉市,2020,36,50,2
湖北省,荆州市,湖北省,宜昌市,2019,2,1,0
湖北省,荆州市,湖北省,宜昌市,2020,4,2,0
湖北省,荆州市,湖南省,益阳市,2018,0,1,0
湖北省,荆州市,江苏省,常州市,2020,1,0,0
湖北省,荆州市,江苏省,淮安市,2020,0,2,0
湖北省,荆州市,江苏省,苏州市,2019,0,0,1
湖北省,荆州市,江西省,南昌市,2018,4,0,0
湖北省,荆州市,江西省,南昌市,2020,2,0,0
湖北省,荆州市,内蒙古自治区,巴彦淖尔市,2019,0,1,0
湖北省,荆州市,山东省,德州市,2019,1,1,0
湖北省,荆州市,山东省,临沂市,2020,0,3,0
湖北省,荆州市,山东省,威海市,2020,1,0,0
湖北省,荆州市,陕西省,宝鸡市,2019,0,1,0
湖北省,荆州市,陕西省,渭南市,2019,0,1,0
湖北省,荆州市,陕西省,咸阳市,2019,0,1,0
湖北省,荆州市,陕西省,延安市,2020,0,1,0
湖北省,荆州市,上海市,上海市,2018,9,0,0
湖北省,荆州市,上海市,上海市,2019,2,0,0
湖北省,荆州市,四川省,成都市,2019,1,0,0
湖北省,荆州市,四川省,绵阳市,2018,0,1,0
湖北省,荆州市,天津市,天津市,2018,4,1,0
湖北省,荆州市,天津市,天津市,2019,2,0,0
湖北省,荆州市,天津市,天津市,2020,1,0,0
湖北省,荆州市,新疆维吾尔自治区,喀什地区,2018,2,3,0
湖北省,荆州市,新疆维吾尔自治区,喀什地区,2019,0,2,0
湖北省,荆州市,新疆维吾尔自治区,克拉玛依市,2018,1,0,0
湖北省,荆州市,新疆维吾尔自治区,克拉玛依市,2019,3,2,0
湖北省,荆州市,新疆维吾尔自治区,克拉玛依市,2020,2,1,0
湖北省,荆州市,浙江省,杭州市,2019,1,0,0
湖北省,荆州市,浙江省,嘉兴市,2019,1,2,0
湖北省,荆州市,浙江省,嘉兴市,2020,0,2,0
湖北省,荆州市,浙江省,宁波市,2019,2,1,0
湖北省,荆州市,浙江省,宁波市,2020,2,2,0
湖北省,省直辖县级行政区划,安徽省,滁州市,2020,1,0,0
湖北省,省直辖县级行政区划,安徽省,合肥市,2019,1,0,0
湖北省,省直辖县级行政区划,北京市,北京市,2018,33,0,0
湖北省,省直辖县级行政区划,北京市,北京市,2019,43,44,0
湖北省,省直辖县级行政区划,北京市,北京市,2020,57,52,0
湖北省,省直辖县级行政区划,福建省,厦门市,2018,2,1,0
湖北省,省直辖县级行政区划,福建省,厦门市,2019,1,0,0
湖北省,省直辖县级行政区划,福建省,厦门市,2020,5,0,0
湖北省,省直辖县级行政区划,广东省,东莞市,2018,0,16,0
湖北省,省直辖县级行政区划,广东省,广州市,2019,2,2,2
湖北省,省直辖县级行政区划,广东省,清远市,2019,1,0,0
湖北省,省直辖县级行政区划,广东省,深圳市,2018,2,0,0
湖北省,省直辖县级行政区划,广东省,深圳市,2019,4,8,1
湖北省,省直辖县级行政区划,广东省,深圳市,2020,6,0,0
湖北省,省直辖县级行政区划,河南省,安阳市,2019,1,0,0
湖北省,省直辖县级行政区划,河南省,安阳市,2020,2,2,0
湖北省,省直辖县级行政区划,湖北省,武汉市,2018,17,9,0
湖北省,省直辖县级行政区划,湖北省,武汉市,2019,30,39,1
湖北省,省直辖县级行政区划,湖北省,武汉市,2020,38,25,0
湖北省,省直辖县级行政区划,湖北省,宜昌市,2020,7,0,0
湖北省,省直辖县级行政区划,江苏省,泰州市,2018,1,0,0
湖北省,省直辖县级行政区划,江苏省,泰州市,2019,2,0,0
湖北省,省直辖县级行政区划,江苏省,泰州市,2020,3,2,0
湖北省,省直辖县级行政区划,江苏省,无锡市,2018,2,1,0
湖北省,省直辖县级行政区划,江苏省,无锡市,2020,2,0,0
湖北省,省直辖县级行政区划,江苏省,盐城市,2019,18,0,0
湖北省,省直辖县级行政区划,山东省,临沂市,2019,1,0,0
湖北省,省直辖县级行政区划,四川省,成都市,2019,2,1,0
湖北省,省直辖县级行政区划,浙江省,杭州市,2020,2,0,0
湖北省,十堰市,北京市,北京市,2018,6,10,0
湖北省,十堰市,北京市,北京市,2019,5,38,0
湖北省,十堰市,北京市,北京市,2020,15,26,3
湖北省,十堰市,上海市,上海市,2019,3,16,0
湖北省,十堰市,上海市,上海市,2020,0,4,0
湖北省,随州市,北京市,北京市,2018,16,21,0
湖北省,随州市,北京市,北京市,2019,7,11,2
湖北省,随州市,北京市,北京市,2020,6,21,0
湖北省,随州市,河北省,邯郸市,2020,0,0,2
湖北省,随州市,河南省,许昌市,2019,1,1,0
湖北省,随州市,河南省,许昌市,2020,4,0,0
湖北省,随州市,河南省,郑州市,2020,0,4,0
湖北省,随州市,湖北省,十堰市,2018,1,2,0
湖北省,随州市,湖北省,武汉市,2018,10,0,0
湖北省,随州市,湖北省,武汉市,2019,11,1,0
湖北省,随州市,湖北省,武汉市,2020,2,4,0
湖北省,随州市,湖北省,孝感市,2020,0,1,0
湖北省,随州市,湖北省,宜昌市,2020,1,1,0
湖北省,随州市,宁夏回族自治区,银川市,2020,1,0,0
湖北省,随州市,四川省,成都市,2018,2,0,0
湖北省,随州市,四川省,成都市,2020,0,1,0
湖北省,随州市,天津市,天津市,2019,1,1,0
湖北省,随州市,浙江省,杭州市,2018,0,7,0
湖北省,武汉市,安徽省,安庆市,2019,7,1,0
湖北省,武汉市,安徽省,安庆市,2020,6,1,0
湖北省,武汉市,安徽省,合肥市,2018,33,10,0
湖北省,武汉市,安徽省,合肥市,2019,65,14,3
湖北省,武汉市,安徽省,合肥市,2020,40,5,1
湖北省,武汉市,安徽省,六安市,2018,2,1,0
湖北省,武汉市,安徽省,六安市,2019,1,0,0
湖北省,武汉市,安徽省,宿州市,2018,1,1,0
湖北省,武汉市,安徽省,宣城市,2018,1,0,0
湖北省,武汉市,安徽省,宣城市,2019,0,1,0
湖北省,武汉市,北京市,北京市,2018,724,429,3
湖北省,武汉市,北京市,北京市,2019,977,554,10
湖北省,武汉市,北京市,北京市,2020,972,465,14
湖北省,武汉市,福建省,南平市,2018,1,4,0
湖北省,武汉市,福建省,宁德市,2019,1,1,0
湖北省,武汉市,福建省,三明市,2019,2,0,0
湖北省,武汉市,福建省,三明市,2020,3,10,0
湖北省,武汉市,福建省,厦门市,2018,5,1,0
湖北省,武汉市,福建省,厦门市,2019,8,3,0
湖北省,武汉市,福建省,厦门市,2020,8,5,0
湖北省,武汉市,甘肃省,定西市,2020,3,1,0
湖北省,武汉市,甘肃省,嘉峪关市,2018,1,0,0
湖北省,武汉市,甘肃省,兰州市,2018,11,0,0
湖北省,武汉市,甘肃省,兰州市,2019,5,8,0
湖北省,武汉市,甘肃省,兰州市,2020,2,13,0
湖北省,武汉市,甘肃省,天水市,2019,2,0,0
湖北省,武汉市,广东省,东莞市,2018,4,4,0
湖北省,武汉市,广东省,东莞市,2019,17,8,0
湖北省,武汉市,广东省,东莞市,2020,18,7,0
湖北省,武汉市,广东省,佛山市,2018,58,52,0
湖北省,武汉市,广东省,佛山市,2019,32,71,0
湖北省,武汉市,广东省,佛山市,2020,22,32,0
湖北省,武汉市,广东省,广州市,2018,76,35,1
湖北省,武汉市,广东省,广州市,2019,88,34,4
湖北省,武汉市,广东省,广州市,2020,113,49,11
湖北省,武汉市,广东省,惠州市,2018,1,1,0
湖北省,武汉市,广东省,云浮市,2019,2,0,0
湖北省,武汉市,广东省,中山市,2018,7,3,0
湖北省,武汉市,广东省,中山市,2019,2,1,0
湖北省,武汉市,广东省,中山市,2020,9,5,0
湖北省,武汉市,广西壮族自治区,北海市,2019,1,5,0
湖北省,武汉市,广西壮族自治区,北海市,2020,0,1,0
湖北省,武汉市,广西壮族自治区,桂林市,2018,2,1,0
湖北省,武汉市,广西壮族自治区,桂林市,2019,7,1,0
湖北省,武汉市,广西壮族自治区,桂林市,2020,42,51,0
湖北省,武汉市,广西壮族自治区,来宾市,2019,1,1,0
湖北省,武汉市,广西壮族自治区,来宾市,2020,1,1,0
湖北省,武汉市,广西壮族自治区,柳州市,2018,0,1,0
湖北省,武汉市,广西壮族自治区,柳州市,2019,22,3,0
湖北省,武汉市,广西壮族自治区,柳州市,2020,2,4,0
湖北省,武汉市,广西壮族自治区,南宁市,2018,4,3,0
湖北省,武汉市,广西壮族自治区,南宁市,2019,7,5,0
湖北省,武汉市,广西壮族自治区,南宁市,2020,7,5,2
湖北省,武汉市,贵州省,六盘水市,2018,3,1,0
湖北省,武汉市,贵州省,六盘水市,2019,1,0,0
湖北省,武汉市,河北省,保定市,2018,11,8,0
湖北省,武汉市,河北省,保定市,2019,4,1,0
湖北省,武汉市,河北省,保定市,2020,2,15,0
湖北省,武汉市,河北省,承德市,2018,2,4,0
湖北省,武汉市,河北省,承德市,2019,1,2,0
湖北省,武汉市,河北省,承德市,2020,0,3,0
湖北省,武汉市,河北省,廊坊市,2018,2,1,0
湖北省,武汉市,河北省,廊坊市,2019,11,4,0
湖北省,武汉市,河北省,廊坊市,2020,5,9,0
湖北省,武汉市,河北省,唐山市,2018,1,0,0
湖北省,武汉市,河北省,唐山市,2019,1,0,0
湖北省,武汉市,河北省,唐山市,2020,1,0,0
湖北省,武汉市,河北省,张家口市,2018,1,0,0
湖北省,武汉市,河北省,张家口市,2019,3,0,0
湖北省,武汉市,河北省,张家口市,2020,0,1,0
湖北省,武汉市,河南省,安阳市,2018,3,2,0
湖北省,武汉市,河南省,安阳市,2019,3,2,0
湖北省,武汉市,河南省,开封市,2018,1,0,0
湖北省,武汉市,河南省,开封市,2019,35,19,0
湖北省,武汉市,河南省,开封市,2020,1,0,0
湖北省,武汉市,河南省,南阳市,2018,1,1,0
湖北省,武汉市,河南省,南阳市,2019,1,0,0
湖北省,武汉市,河南省,南阳市,2020,16,0,0
湖北省,武汉市,河南省,平顶山市,2018,4,0,0
湖北省,武汉市,河南省,平顶山市,2019,6,3,0
湖北省,武汉市,河南省,平顶山市,2020,3,0,0
湖北省,武汉市,河南省,新乡市,2018,0,1,0
湖北省,武汉市,河南省,新乡市,2019,0,1,0
湖北省,武汉市,河南省,信阳市,2018,3,3,0
湖北省,武汉市,河南省,信阳市,2019,0,2,0
湖北省,武汉市,河南省,信阳市,2020,1,0,0
湖北省,武汉市,黑龙江省,哈尔滨市,2018,6,1,0
湖北省,武汉市,黑龙江省,哈尔滨市,2019,9,1,0
湖北省,武汉市,黑龙江省,哈尔滨市,2020,13,6,0
湖北省,武汉市,湖北省,恩施土家族苗族自治州,2018,7,3,0
湖北省,武汉市,湖北省,恩施土家族苗族自治州,2019,7,10,0
湖北省,武汉市,湖北省,恩施土家族苗族自治州,2020,5,7,0
湖北省,武汉市,湖北省,十堰市,2018,38,35,0
湖北省,武汉市,湖北省,十堰市,2019,15,32,0
湖北省,武汉市,湖北省,十堰市,2020,40,76,0
湖北省,武汉市,湖北省,咸宁市,2018,8,12,0
湖北省,武汉市,湖北省,咸宁市,2019,10,7,0
湖北省,武汉市,湖北省,咸宁市,2020,8,25,0
湖北省,武汉市,湖北省,孝感市,2018,8,6,0
湖北省,武汉市,湖北省,孝感市,2019,22,14,0
湖北省,武汉市,湖北省,孝感市,2020,18,14,6
湖北省,武汉市,湖北省,宜昌市,2018,32,17,0
湖北省,武汉市,湖北省,宜昌市,2019,31,32,1
湖北省,武汉市,湖北省,宜昌市,2020,60,70,2
湖北省,武汉市,湖南省,常德市,2019,0,1,0
湖北省,武汉市,湖南省,常德市,2020,1,0,0
湖北省,武汉市,湖南省,怀化市,2018,3,0,0
湖北省,武汉市,湖南省,怀化市,2019,3,0,0
湖北省,武汉市,湖南省,怀化市,2020,3,3,0
湖北省,武汉市,湖南省,娄底市,2018,9,3,0
湖北省,武汉市,湖南省,娄底市,2019,3,1,0
湖北省,武汉市,湖南省,娄底市,2020,7,0,0
湖北省,武汉市,湖南省,岳阳市,2019,1,0,0
湖北省,武汉市,湖南省,岳阳市,2020,2,0,1
湖北省,武汉市,湖南省,株洲市,2018,1,0,0
湖北省,武汉市,湖南省,株洲市,2019,0,3,0
湖北省,武汉市,湖南省,株洲市,2020,2,0,0
湖北省,武汉市,吉林省,吉林市,2020,3,1,0
湖北省,武汉市,吉林省,延边朝鲜族自治州,2020,1,0,0
湖北省,武汉市,江苏省,常州市,2018,8,7,0
湖北省,武汉市,江苏省,常州市,2019,8,20,4
湖北省,武汉市,江苏省,常州市,2020,13,32,1
湖北省,武汉市,江苏省,南京市,2018,120,33,0
湖北省,武汉市,江苏省,南京市,2019,164,58,1
湖北省,武汉市,江苏省,南京市,2020,163,77,3
湖北省,武汉市,江苏省,南通市,2018,5,1,0
湖北省,武汉市,江苏省,南通市,2019,5,3,0
湖北省,武汉市,江苏省,南通市,2020,9,8,0
湖北省,武汉市,江苏省,宿迁市,2018,1,1,0
湖北省,武汉市,江苏省,宿迁市,2019,3,3,0
湖北省,武汉市,江苏省,宿迁市,2020,3,1,0
湖北省,武汉市,江苏省,太仓市,2018,0,1,0
湖北省,武汉市,江苏省,太仓市,2020,0,8,3
湖北省,武汉市,江苏省,无锡市,2018,35,11,0
湖北省,武汉市,江苏省,无锡市,2019,24,15,0
湖北省,武汉市,江苏省,无锡市,2020,28,19,0
湖北省,武汉市,江苏省,徐州市,2018,3,2,0
湖北省,武汉市,江苏省,徐州市,2019,6,4,0
湖北省,武汉市,江苏省,徐州市,2020,3,5,0
湖北省,武汉市,江苏省,扬州市,2018,11,7,0
湖北省,武汉市,江苏省,扬州市,2019,11,5,0
湖北省,武汉市,江苏省,扬州市,2020,7,1,0
湖北省,武汉市,江西省,抚州市,2018,0,1,0
湖北省,武汉市,江西省,吉安市,2020,0,3,0
湖北省,武汉市,江西省,景德镇市,2018,0,2,0
湖北省,武汉市,江西省,九江市,2018,2,5,0
湖北省,武汉市,江西省,九江市,2019,32,16,0
湖北省,武汉市,江西省,九江市,2020,10,8,0
湖北省,武汉市,江西省,南昌市,2018,35,6,0
湖北省,武汉市,江西省,南昌市,2019,19,3,0
湖北省,武汉市,江西省,南昌市,2020,28,4,0
湖北省,武汉市,江西省,新余市,2018,1,0,0
湖北省,武汉市,江西省,宜春市,2018,13,17,0
湖北省,武汉市,江西省,宜春市,2019,4,3,0
湖北省,武汉市,江西省,宜春市,2020,4,4,0
湖北省,武汉市,辽宁省,朝阳市,2020,2,0,0
湖北省,武汉市,辽宁省,大连市,2018,7,2,0
湖北省,武汉市,辽宁省,大连市,2019,10,13,0
湖北省,武汉市,辽宁省,大连市,2020,12,0,0
湖北省,武汉市,辽宁省,丹东市,2018,3,0,0
湖北省,武汉市,辽宁省,丹东市,2019,1,0,0
湖北省,武汉市,辽宁省,丹东市,2020,1,0,0
湖北省,武汉市,内蒙古自治区,包头市,2018,3,0,0
湖北省,武汉市,内蒙古自治区,包头市,2019,0,2,0
湖北省,武汉市,内蒙古自治区,包头市,2020,1,0,0
湖北省,武汉市,内蒙古自治区,呼和浩特市,2018,12,6,0
湖北省,武汉市,内蒙古自治区,呼和浩特市,2019,16,6,0
湖北省,武汉市,内蒙古自治区,呼和浩特市,2020,16,5,0
湖北省,武汉市,内蒙古自治区,呼伦贝尔市,2020,5,0,0
湖北省,武汉市,内蒙古自治区,乌兰察布市,2019,1,0,0
湖北省,武汉市,内蒙古自治区,乌兰察布市,2020,2,0,0
湖北省,武汉市,宁夏回族自治区,中卫市,2020,0,3,0
湖北省,武汉市,山东省,德州市,2019,0,4,0
湖北省,武汉市,山东省,德州市,2020,1,5,0
湖北省,武汉市,山东省,东营市,2018,9,10,0
湖北省,武汉市,山东省,东营市,2019,1,3,0
湖北省,武汉市,山东省,东营市,2020,3,2,0
湖北省,武汉市,山东省,临沂市,2019,1,0,0
湖北省,武汉市,山东省,临沂市,2020,2,0,0
湖北省,武汉市,山东省,日照市,2018,2,0,0
湖北省,武汉市,山东省,威海市,2018,6,6,0
湖北省,武汉市,山东省,威海市,2020,9,8,0
湖北省,武汉市,山西省,晋城市,2020,1,0,0
湖北省,武汉市,山西省,晋中市,2018,3,3,0
湖北省,武汉市,山西省,晋中市,2020,1,1,0
湖北省,武汉市,山西省,临汾市,2020,0,1,0
湖北省,武汉市,山西省,朔州市,2018,3,2,0
湖北省,武汉市,山西省,太原市,2018,18,3,0
湖北省,武汉市,山西省,太原市,2019,15,2,0
湖北省,武汉市,山西省,太原市,2020,27,12,0
湖北省,武汉市,山西省,忻州市,2019,4,0,0
湖北省,武汉市,陕西省,安康市,2020,2,1,0
湖北省,武汉市,陕西省,宝鸡市,2018,5,5,0
湖北省,武汉市,陕西省,宝鸡市,2019,0,2,0
湖北省,武汉市,陕西省,宝鸡市,2020,2,1,0
湖北省,武汉市,陕西省,咸阳市,2018,2,0,0
湖北省,武汉市,陕西省,咸阳市,2019,2,2,0
湖北省,武汉市,陕西省,咸阳市,2020,2,1,0
湖北省,武汉市,陕西省,榆林市,2018,1,0,0
湖北省,武汉市,陕西省,榆林市,2020,2,1,0
湖北省,武汉市,上海市,上海市,2018,65,33,0
湖北省,武汉市,上海市,上海市,2019,95,41,4
湖北省,武汉市,上海市,上海市,2020,154,57,10
湖北省,武汉市,四川省,成都市,2018,60,28,0
湖北省,武汉市,四川省,成都市,2019,74,42,0
湖北省,武汉市,四川省,成都市,2020,76,34,1
湖北省,武汉市,四川省,德阳市,2019,18,1,0
湖北省,武汉市,四川省,德阳市,2020,1,2,0
湖北省,武汉市,四川省,广安市,2018,0,1,0
湖北省,武汉市,四川省,乐山市,2018,1,0,0
湖北省,武汉市,四川省,乐山市,2019,1,1,0
湖北省,武汉市,四川省,乐山市,2020,1,0,0
湖北省,武汉市,四川省,凉山彝族自治州,2019,1,3,0
湖北省,武汉市,四川省,南充市,2020,0,2,0
湖北省,武汉市,四川省,攀枝花市,2019,1,1,0
湖北省,武汉市,四川省,宜宾市,2018,1,1,0
湖北省,武汉市,四川省,宜宾市,2019,1,0,0
湖北省,武汉市,四川省,宜宾市,2020,1,3,0
湖北省,武汉市,天津市,天津市,2018,26,13,0
湖北省,武汉市,天津市,天津市,2019,77,30,3
湖北省,武汉市,天津市,天津市,2020,45,28,0
湖北省,武汉市,西藏自治区,拉萨市,2018,5,2,0
湖北省,武汉市,西藏自治区,拉萨市,2019,1,0,0
湖北省,武汉市,西藏自治区,拉萨市,2020,6,3,0
湖北省,武汉市,西藏自治区,林芝市,2020,4,1,0
湖北省,武汉市,西藏自治区,山南市,2019,4,0,0
湖北省,武汉市,西藏自治区,山南市,2020,0,1,0
湖北省,武汉市,新疆维吾尔自治区,巴音郭楞蒙古自治州,2020,2,0,0
湖北省,武汉市,新疆维吾尔自治区,昌吉回族自治州,2018,1,1,0
湖北省,武汉市,新疆维吾尔自治区,哈密市,2019,0,1,0
湖北省,武汉市,新疆维吾尔自治区,和田地区,2019,1,0,0
湖北省,武汉市,新疆维吾尔自治区,和田地区,2020,0,1,0
湖北省,武汉市,新疆维吾尔自治区,克拉玛依市,2018,1,1,0
湖北省,武汉市,新疆维吾尔自治区,乌鲁木齐市,2018,20,4,0
湖北省,武汉市,新疆维吾尔自治区,乌鲁木齐市,2019,27,2,0
湖北省,武汉市,新疆维吾尔自治区,乌鲁木齐市,2020,38,9,0
湖北省,武汉市,新疆维吾尔自治区,伊犁哈萨克自治州,2019,4,1,0
湖北省,武汉市,新疆维吾尔自治区,伊犁哈萨克自治州,2020,0,1,0
湖北省,武汉市,云南省,保山市,2019,2,1,0
湖北省,武汉市,云南省,楚雄彝族自治州,2018,1,0,0
湖北省,武汉市,云南省,大理白族自治州,2018,0,1,0
湖北省,武汉市,云南省,大理白族自治州,2020,5,0,0
湖北省,武汉市,云南省,昆明市,2018,26,27,0
湖北省,武汉市,云南省,昆明市,2019,41,42,0
湖北省,武汉市,云南省,昆明市,2020,48,44,0
湖北省,武汉市,云南省,临沧市,2018,1,0,0
湖北省,武汉市,云南省,普洱市,2018,1,0,0
湖北省,武汉市,云南省,普洱市,2019,0,2,0
湖北省,武汉市,云南省,普洱市,2020,1,0,0
湖北省,武汉市,云南省,曲靖市,2018,4,6,0
湖北省,武汉市,云南省,曲靖市,2019,1,0,0
湖北省,武汉市,云南省,曲靖市,2020,2,0,0
湖北省,武汉市,云南省,文山壮族苗族自治州,2020,1,2,0
湖北省,武汉市,云南省,昭通市,2018,0,3,0
湖北省,武汉市,云南省,昭通市,2019,1,0,0
湖北省,武汉市,浙江省,杭州市,2018,67,15,1
湖北省,武汉市,浙江省,杭州市,2019,80,32,3
湖北省,武汉市,浙江省,杭州市,2020,83,42,4
湖北省,武汉市,浙江省,嘉兴市,2018,1,1,0
湖北省,武汉市,浙江省,嘉兴市,2019,3,2,0
湖北省,武汉市,浙江省,嘉兴市,2020,21,10,0
湖北省,武汉市,浙江省,丽水市,2018,1,0,0
湖北省,武汉市,浙江省,丽水市,2019,4,0,0
湖北省,武汉市,浙江省,丽水市,2020,1,0,0
湖北省,武汉市,浙江省,宁波市,2018,5,2,0
湖北省,武汉市,浙江省,宁波市,2019,6,8,0
湖北省,武汉市,浙江省,宁波市,2020,6,11,2
湖北省,武汉市,浙江省,台州市,2018,0,1,0
湖北省,武汉市,浙江省,台州市,2019,1,1,0
湖北省,武汉市,浙江省,台州市,2020,10,4,0
湖北省,咸宁市,北京市,北京市,2018,19,14,0
湖北省,咸宁市,北京市,北京市,2019,16,7,1
湖北省,咸宁市,北京市,北京市,2020,10,3,0
湖北省,咸宁市,广东省,东莞市,2018,3,3,0
湖北省,咸宁市,广东省,东莞市,2019,3,7,0
湖北省,咸宁市,广东省,东莞市,2020,4,11,9
湖北省,咸宁市,湖北省,十堰市,2018,1,5,0
湖北省,咸宁市,湖北省,十堰市,2019,0,1,0
湖北省,咸宁市,江苏省,南京市,2019,1,1,0
湖北省,咸宁市,上海市,上海市,2019,11,30,0
湖北省,咸宁市,上海市,上海市,2020,3,0,0
湖北省,襄阳市,安徽省,合肥市,2018,2,3,0
湖北省,襄阳市,安徽省,芜湖市,2019,4,0,0
湖北省,襄阳市,安徽省,芜湖市,2020,6,1,0
湖北省,襄阳市,北京市,北京市,2018,18,11,0
湖北省,襄阳市,北京市,北京市,2019,23,22,0
湖北省,襄阳市,北京市,北京市,2020,28,32,1
湖北省,襄阳市,福建省,福州市,2019,1,3,0
湖北省,襄阳市,福建省,福州市,2020,0,3,0
湖北省,襄阳市,福建省,三明市,2018,1,0,0
湖北省,襄阳市,福建省,三明市,2020,3,6,0
湖北省,襄阳市,广东省,佛山市,2018,4,4,0
湖北省,襄阳市,广东省,广州市,2018,7,3,0
湖北省,襄阳市,广东省,广州市,2019,19,0,0
湖北省,襄阳市,广东省,广州市,2020,26,0,0
湖北省,襄阳市,广东省,深圳市,2018,0,1,0
湖北省,襄阳市,广东省,深圳市,2019,1,0,0
湖北省,襄阳市,广东省,深圳市,2020,0,1,0
湖北省,襄阳市,广西壮族自治区,南宁市,2019,0,1,0
湖北省,襄阳市,广西壮族自治区,南宁市,2020,2,2,0
湖北省,襄阳市,河北省,沧州市,2018,1,2,0
湖北省,襄阳市,河北省,廊坊市,2018,4,4,0
湖北省,襄阳市,河北省,廊坊市,2020,9,9,0
湖北省,襄阳市,河北省,石家庄市,2018,1,0,0
湖北省,襄阳市,湖北省,恩施土家族苗族自治州,2020,1,0,0
湖北省,襄阳市,湖北省,荆门市,2018,1,0,0
湖北省,襄阳市,湖北省,荆门市,2019,1,0,0
湖北省,襄阳市,湖北省,十堰市,2018,2,4,0
湖北省,襄阳市,湖北省,十堰市,2019,2,0,0
湖北省,襄阳市,湖北省,十堰市,2020,0,1,0
湖北省,襄阳市,湖北省,武汉市,2018,38,61,0
湖北省,襄阳市,湖北省,武汉市,2019,52,74,0
湖北省,襄阳市,湖北省,武汉市,2020,49,82,1
湖北省,襄阳市,湖北省,孝感市,2018,1,0,0
湖北省,襄阳市,湖北省,宜昌市,2018,1,0,0
湖北省,襄阳市,湖南省,张家界市,2020,0,1,0
湖北省,襄阳市,湖南省,株洲市,2020,2,1,0
湖北省,襄阳市,江苏省,常州市,2018,7,3,0
湖北省,襄阳市,江苏省,常州市,2019,14,0,0
湖北省,襄阳市,江苏省,常州市,2020,3,0,0
湖北省,襄阳市,江苏省,南京市,2019,0,1,0
湖北省,襄阳市,江苏省,南京市,2020,2,0,0
湖北省,襄阳市,江苏省,苏州市,2018,1,0,0
湖北省,襄阳市,江苏省,苏州市,2020,0,1,0
湖北省,襄阳市,江苏省,徐州市,2018,0,1,0
湖北省,襄阳市,江苏省,徐州市,2020,1,0,0
湖北省,襄阳市,江西省,南昌市,2018,3,1,0
湖北省,襄阳市,辽宁省,沈阳市,2019,4,1,0
湖北省,襄阳市,内蒙古自治区,呼和浩特市,2018,0,5,0
湖北省,襄阳市,山东省,德州市,2019,1,2,0
湖北省,襄阳市,山东省,济南市,2018,1,0,0
湖北省,襄阳市,山东省,潍坊市,2020,0,1,0
湖北省,襄阳市,山西省,太原市,2018,3,0,0
湖北省,襄阳市,山西省,太原市,2019,1,0,0
湖北省,襄阳市,山西省,太原市,2020,2,0,0
湖北省,襄阳市,上海市,上海市,2018,8,3,0
湖北省,襄阳市,上海市,上海市,2019,25,3,0
湖北省,襄阳市,上海市,上海市,2020,31,14,1
湖北省,襄阳市,四川省,成都市,2018,0,1,0
湖北省,襄阳市,四川省,成都市,2020,0,1,0
湖北省,襄阳市,天津市,天津市,2018,1,1,0
湖北省,襄阳市,天津市,天津市,2019,1,0,0
湖北省,襄阳市,天津市,天津市,2020,1,5,0
湖北省,襄阳市,云南省,红河哈尼族彝族自治州,2020,0,4,0
湖北省,襄阳市,云南省,昆明市,2020,5,3,0
湖北省,襄阳市,浙江省,杭州市,2019,1,2,0
湖北省,襄阳市,浙江省,嘉兴市,2020,0,1,1
湖北省,襄阳市,浙江省,宁波市,2018,1,0,0
湖北省,孝感市,安徽省,合肥市,2018,0,1,0
湖北省,孝感市,安徽省,合肥市,2019,1,1,0
湖北省,孝感市,北京市,北京市,2018,7,24,0
湖北省,孝感市,北京市,北京市,2019,9,12,1
湖北省,孝感市,北京市,北京市,2020,13,9,0
湖北省,孝感市,福建省,厦门市,2020,0,1,0
湖北省,孝感市,广东省,东莞市,2018,6,4,0
湖北省,孝感市,广东省,东莞市,2019,6,6,0
湖北省,孝感市,广东省,东莞市,2020,7,15,0
湖北省,孝感市,广东省,佛山市,2018,0,1,0
湖北省,孝感市,广东省,中山市,2020,1,7,0
湖北省,孝感市,广西壮族自治区,南宁市,2018,1,0,0
湖北省,孝感市,广西壮族自治区,南宁市,2019,0,1,0
湖北省,孝感市,广西壮族自治区,南宁市,2020,1,0,0
湖北省,孝感市,黑龙江省,哈尔滨市,2019,3,0,0
湖北省,孝感市,黑龙江省,哈尔滨市,2020,1,1,0
湖北省,孝感市,江苏省,南京市,2018,0,1,0
湖北省,孝感市,江苏省,南通市,2018,1,0,0
湖北省,孝感市,江西省,吉安市,2018,1,0,0
湖北省,孝感市,江西省,吉安市,2019,0,1,0
湖北省,孝感市,江西省,吉安市,2020,0,1,0
湖北省,孝感市,上海市,上海市,2018,3,1,0
湖北省,孝感市,上海市,上海市,2019,3,2,0
湖北省,孝感市,上海市,上海市,2020,0,1,0
湖北省,孝感市,四川省,乐山市,2018,1,0,0
湖北省,孝感市,天津市,天津市,2020,1,0,0
湖北省,孝感市,浙江省,台州市,2018,1,9,0
湖北省,孝感市,浙江省,台州市,2019,0,3,3
湖北省,孝感市,浙江省,台州市,2020,1,3,57
湖北省,宜昌市,安徽省,合肥市,2020,3,1,0
湖北省,宜昌市,安徽省,六安市,2020,1,0,0
湖北省,宜昌市,北京市,北京市,2018,29,51,0
湖北省,宜昌市,北京市,北京市,2019,30,39,0
湖北省,宜昌市,北京市,北京市,2020,21,15,0
湖北省,宜昌市,福建省,宁德市,2018,1,1,0
湖北省,宜昌市,广东省,东莞市,2018,3,3,0
湖北省,宜昌市,广东省,东莞市,2019,11,1,0
湖北省,宜昌市,广东省,东莞市,2020,7,0,0
湖北省,宜昌市,广西壮族自治区,南宁市,2019,0,1,0
湖北省,宜昌市,广西壮族自治区,南宁市,2020,1,0,0
湖北省,宜昌市,贵州省,六盘水市,2018,1,0,0
湖北省,宜昌市,河南省,信阳市,2020,1,0,0
湖北省,宜昌市,黑龙江省,哈尔滨市,2018,0,2,0
湖北省,宜昌市,黑龙江省,哈尔滨市,2020,2,4,0
湖北省,宜昌市,湖北省,十堰市,2019,1,0,0
湖北省,宜昌市,湖北省,孝感市,2018,7,2,0
湖北省,宜昌市,湖北省,孝感市,2019,2,0,3
湖北省,宜昌市,湖北省,孝感市,2020,0,8,3
湖北省,宜昌市,江苏省,南京市,2018,4,4,0
湖北省,宜昌市,江苏省,南京市,2019,5,3,0
湖北省,宜昌市,江苏省,南京市,2020,6,3,0
湖北省,宜昌市,江苏省,南通市,2018,0,1,0
湖北省,宜昌市,江苏省,南通市,2019,1,1,0
湖北省,宜昌市,辽宁省,大连市,2018,1,1,0
湖北省,宜昌市,辽宁省,大连市,2020,1,2,0
湖北省,宜昌市,内蒙古自治区,呼和浩特市,2018,1,0,0
湖北省,宜昌市,内蒙古自治区,呼和浩特市,2019,1,0,0
湖北省,宜昌市,内蒙古自治区,呼和浩特市,2020,1,2,0
湖北省,宜昌市,内蒙古自治区,乌兰察布市,2020,1,0,0
湖北省,宜昌市,山东省,临沂市,2019,1,0,0
湖北省,宜昌市,山东省,威海市,2018,1,0,0
湖北省,宜昌市,山东省,威海市,2020,2,2,0
湖北省,宜昌市,山西省,吕梁市,2020,2,2,0
湖北省,宜昌市,山西省,太原市,2020,0,2,0
湖北省,宜昌市,上海市,上海市,2018,1,1,0
湖北省,宜昌市,上海市,上海市,2019,0,6,0
湖北省,宜昌市,上海市,上海市,2020,6,2,0
湖北省,宜昌市,天津市,天津市,2018,1,0,0
湖北省,宜昌市,天津市,天津市,2019,2,0,0
湖北省,宜昌市,天津市,天津市,2020,5,1,0
湖北省,宜昌市,新疆维吾尔自治区,乌鲁木齐市,2019,1,1,0
湖北省,宜昌市,浙江省,嘉兴市,2019,1,0,0
湖北省,宜昌市,浙江省,宁波市,2019,2,2,0
湖北省,宜昌市,浙江省,宁波市,2020,2,2,0
湖北省,宜昌市,浙江省,台州市,2019,2,0,0
湖南省,长沙市,安徽省,安庆市,2018,1,0,0
湖南省,长沙市,安徽省,亳州市,2020,0,1,0
湖南省,长沙市,安徽省,池州市,2019,1,5,0
湖南省,长沙市,安徽省,池州市,2020,2,7,0
湖南省,长沙市,安徽省,滁州市,2019,2,0,0
湖南省,长沙市,安徽省,合肥市,2018,9,1,0
湖南省,长沙市,安徽省,合肥市,2019,6,1,1
湖南省,长沙市,安徽省,合肥市,2020,9,5,0
湖南省,长沙市,安徽省,淮北市,2019,0,2,0
湖南省,长沙市,安徽省,六安市,2020,1,0,0
湖南省,长沙市,安徽省,宿州市,2018,2,2,0
湖南省,长沙市,安徽省,宿州市,2019,1,7,0
湖南省,长沙市,安徽省,铜陵市,2018,2,3,0
湖南省,长沙市,安徽省,铜陵市,2019,4,1,0
湖南省,长沙市,安徽省,铜陵市,2020,8,2,0
湖南省,长沙市,安徽省,芜湖市,2020,8,4,0
湖南省,长沙市,安徽省,宣城市,2018,0,2,0
湖南省,长沙市,安徽省,宣城市,2019,1,2,0
湖南省,长沙市,北京市,北京市,2018,434,198,0
湖南省,长沙市,北京市,北京市,2019,574,197,4
湖南省,长沙市,北京市,北京市,2020,657,397,8
湖南省,长沙市,福建省,福州市,2018,2,3,0
湖南省,长沙市,福建省,福州市,2019,2,3,0
湖南省,长沙市,福建省,福州市,2020,8,2,0
湖南省,长沙市,福建省,宁德市,2019,4,3,0
湖南省,长沙市,福建省,宁德市,2020,7,2,0
湖南省,长沙市,福建省,泉州市,2019,1,0,0
湖南省,长沙市,福建省,三明市,2020,1,1,0
湖南省,长沙市,福建省,厦门市,2018,1,1,0
湖南省,长沙市,福建省,厦门市,2019,1,2,0
湖南省,长沙市,福建省,厦门市,2020,7,0,0
湖南省,长沙市,甘肃省,白银市,2020,1,2,0
湖南省,长沙市,甘肃省,定西市,2020,0,1,0
湖南省,长沙市,甘肃省,金昌市,2018,1,1,0
湖南省,长沙市,甘肃省,金昌市,2019,0,2,0
湖南省,长沙市,甘肃省,兰州市,2018,0,1,0
湖南省,长沙市,甘肃省,兰州市,2020,3,1,0
湖南省,长沙市,甘肃省,天水市,2020,1,0,0
湖南省,长沙市,广东省,东莞市,2018,1,2,0
湖南省,长沙市,广东省,东莞市,2019,1,0,0
湖南省,长沙市,广东省,东莞市,2020,1,0,0
湖南省,长沙市,广东省,佛山市,2018,38,14,0
湖南省,长沙市,广东省,佛山市,2019,40,24,0
湖南省,长沙市,广东省,佛山市,2020,91,55,1
湖南省,长沙市,广东省,广州市,2018,61,18,0
湖南省,长沙市,广东省,广州市,2019,79,30,0
湖南省,长沙市,广东省,广州市,2020,67,39,0
湖南省,长沙市,广东省,河源市,2018,1,0,0
湖南省,长沙市,广东省,河源市,2020,2,0,0
湖南省,长沙市,广东省,惠州市,2019,1,0,0
湖南省,长沙市,广东省,江门市,2018,0,4,0
湖南省,长沙市,广东省,江门市,2019,3,1,0
湖南省,长沙市,广东省,江门市,2020,2,0,0
湖南省,长沙市,广东省,茂名市,2018,1,1,0
湖南省,长沙市,广东省,清远市,2018,3,0,0
湖南省,长沙市,广东省,清远市,2019,9,1,0
湖南省,长沙市,广东省,清远市,2020,6,30,0
湖南省,长沙市,广东省,汕头市,2018,3,0,0
湖南省,长沙市,广东省,汕头市,2020,1,2,0
湖南省,长沙市,广东省,汕尾市,2019,1,0,0
湖南省,长沙市,广东省,深圳市,2018,32,10,0
湖南省,长沙市,广东省,深圳市,2019,53,34,2
湖南省,长沙市,广东省,深圳市,2020,58,50,0
湖南省,长沙市,广东省,湛江市,2019,1,0,0
湖南省,长沙市,广东省,肇庆市,2019,1,1,0
湖南省,长沙市,广东省,肇庆市,2020,0,1,0
湖南省,长沙市,广东省,中山市,2018,2,0,0
湖南省,长沙市,广东省,中山市,2020,2,1,0
湖南省,长沙市,广东省,珠海市,2018,38,34,0
湖南省,长沙市,广东省,珠海市,2019,20,33,0
湖南省,长沙市,广东省,珠海市,2020,27,31,0
湖南省,长沙市,广西壮族自治区,百色市,2020,2,0,0
湖南省,长沙市,广西壮族自治区,北海市,2018,1,0,0
湖南省,长沙市,广西壮族自治区,北海市,2019,0,1,0
湖南省,长沙市,广西壮族自治区,北海市,2020,3,0,0
湖南省,长沙市,广西壮族自治区,崇左市,2020,1,0,0
湖南省,长沙市,广西壮族自治区,桂林市,2018,3,2,0
湖南省,长沙市,广西壮族自治区,桂林市,2020,2,4,0
湖南省,长沙市,广西壮族自治区,河池市,2019,0,2,0
湖南省,长沙市,广西壮族自治区,河池市,2020,1,10,0
湖南省,长沙市,广西壮族自治区,贺州市,2019,2,0,0
湖南省,长沙市,广西壮族自治区,贺州市,2020,1,2,0
湖南省,长沙市,广西壮族自治区,来宾市,2019,1,0,0
湖南省,长沙市,广西壮族自治区,来宾市,2020,3,0,0
湖南省,长沙市,广西壮族自治区,柳州市,2018,5,1,0
湖南省,长沙市,广西壮族自治区,柳州市,2019,4,1,0
湖南省,长沙市,广西壮族自治区,柳州市,2020,4,4,0
湖南省,长沙市,广西壮族自治区,南宁市,2018,2,3,0
湖南省,长沙市,广西壮族自治区,南宁市,2019,10,23,0
湖南省,长沙市,广西壮族自治区,南宁市,2020,9,7,0
湖南省,长沙市,广西壮族自治区,钦州市,2018,3,5,0
湖南省,长沙市,广西壮族自治区,钦州市,2020,4,0,0
湖南省,长沙市,广西壮族自治区,玉林市,2019,1,0,0
湖南省,长沙市,贵州省,贵阳市,2018,18,7,0
湖南省,长沙市,贵州省,贵阳市,2019,6,2,0
湖南省,长沙市,贵州省,贵阳市,2020,24,16,0
湖南省,长沙市,贵州省,铜仁市,2018,5,0,0
湖南省,长沙市,贵州省,铜仁市,2020,2,0,0
湖南省,长沙市,贵州省,遵义市,2019,1,0,0
湖南省,长沙市,贵州省,遵义市,2020,0,1,0
湖南省,长沙市,海南省,海口市,2018,10,2,0
湖南省,长沙市,海南省,海口市,2019,3,1,0
湖南省,长沙市,海南省,海口市,2020,9,2,0
湖南省,长沙市,海南省,三沙市,2019,0,2,0
湖南省,长沙市,海南省,三亚市,2018,0,1,0
湖南省,长沙市,海南省,省直辖县级行政区划,2019,2,0,0
湖南省,长沙市,河北省,保定市,2018,1,0,0
湖南省,长沙市,河北省,保定市,2019,1,0,0
湖南省,长沙市,河北省,保定市,2020,5,0,0
湖南省,长沙市,河北省,沧州市,2019,3,0,0
湖南省,长沙市,河北省,沧州市,2020,1,0,0
湖南省,长沙市,河北省,衡水市,2020,1,1,0
湖南省,长沙市,河北省,廊坊市,2018,9,0,0
湖南省,长沙市,河北省,廊坊市,2020,1,3,0
湖南省,长沙市,河北省,秦皇岛市,2018,1,0,0
湖南省,长沙市,河北省,石家庄市,2018,5,0,0
湖南省,长沙市,河北省,石家庄市,2019,1,1,0
湖南省,长沙市,河北省,石家庄市,2020,7,7,0
湖南省,长沙市,河北省,唐山市,2018,3,5,0
湖南省,长沙市,河北省,唐山市,2019,5,5,0
湖南省,长沙市,河北省,唐山市,2020,12,10,0
湖南省,长沙市,河北省,张家口市,2020,1,0,0
湖南省,长沙市,河南省,安阳市,2019,0,1,0
湖南省,长沙市,河南省,焦作市,2018,1,0,0
湖南省,长沙市,河南省,洛阳市,2018,6,1,0
湖南省,长沙市,河南省,洛阳市,2019,3,3,0
湖南省,长沙市,河南省,洛阳市,2020,3,4,0
湖南省,长沙市,河南省,平顶山市,2018,2,1,0
湖南省,长沙市,河南省,平顶山市,2019,0,3,0
湖南省,长沙市,河南省,三门峡市,2018,0,1,0
湖南省,长沙市,河南省,三门峡市,2020,0,1,0
湖南省,长沙市,河南省,省直辖县级行政区划,2020,2,0,0
湖南省,长沙市,河南省,新乡市,2020,1,0,0
湖南省,长沙市,河南省,信阳市,2019,1,0,0
湖南省,长沙市,河南省,许昌市,2018,6,0,0
湖南省,长沙市,河南省,许昌市,2019,2,0,0
湖南省,长沙市,河南省,郑州市,2018,7,3,0
湖南省,长沙市,河南省,郑州市,2019,11,7,0
湖南省,长沙市,河南省,郑州市,2020,32,16,0
湖南省,长沙市,黑龙江省,哈尔滨市,2018,4,2,0
湖南省,长沙市,黑龙江省,哈尔滨市,2019,3,1,0
湖南省,长沙市,黑龙江省,哈尔滨市,2020,3,3,0
湖南省,长沙市,黑龙江省,牡丹江市,2018,5,2,0
湖南省,长沙市,黑龙江省,牡丹江市,2019,1,0,0
湖南省,长沙市,黑龙江省,牡丹江市,2020,15,0,0
湖南省,长沙市,湖北省,荆门市,2020,0,1,0
湖南省,长沙市,湖北省,武汉市,2018,16,15,0
湖南省,长沙市,湖北省,武汉市,2019,40,24,0
湖南省,长沙市,湖北省,武汉市,2020,32,11,0
湖南省,长沙市,湖北省,孝感市,2018,0,2,0
湖南省,长沙市,湖北省,宜昌市,2019,1,2,0
湖南省,长沙市,湖北省,宜昌市,2020,1,1,0
湖南省,长沙市,湖南省,常德市,2018,23,3,0
湖南省,长沙市,湖南省,常德市,2019,46,9,0
湖南省,长沙市,湖南省,常德市,2020,54,22,4
湖南省,长沙市,湖南省,郴州市,2018,14,0,0
湖南省,长沙市,湖南省,郴州市,2019,10,6,0
湖南省,长沙市,湖南省,郴州市,2020,5,8,0
湖南省,长沙市,湖南省,衡阳市,2018,8,10,0
湖南省,长沙市,湖南省,衡阳市,2019,12,11,0
湖南省,长沙市,湖南省,衡阳市,2020,10,21,0
湖南省,长沙市,湖南省,怀化市,2018,11,2,0
湖南省,长沙市,湖南省,怀化市,2019,20,8,0
湖南省,长沙市,湖南省,怀化市,2020,9,5,0
湖南省,长沙市,湖南省,娄底市,2018,9,3,0
湖南省,长沙市,湖南省,娄底市,2019,19,27,0
湖南省,长沙市,湖南省,娄底市,2020,21,31,0
湖南省,长沙市,湖南省,邵阳市,2018,5,4,0
湖南省,长沙市,湖南省,邵阳市,2019,8,5,1
湖南省,长沙市,湖南省,邵阳市,2020,6,1,0
湖南省,长沙市,湖南省,湘潭市,2018,23,22,0
湖南省,长沙市,湖南省,湘潭市,2019,52,47,0
湖南省,长沙市,湖南省,湘潭市,2020,75,47,0
湖南省,长沙市,湖南省,湘西土家族苗族自治州,2018,7,5,0
湖南省,长沙市,湖南省,湘西土家族苗族自治州,2019,7,0,0
湖南省,长沙市,湖南省,湘西土家族苗族自治州,2020,3,5,0
湖南省,长沙市,湖南省,益阳市,2018,6,1,0
湖南省,长沙市,湖南省,益阳市,2019,28,17,0
湖南省,长沙市,湖南省,益阳市,2020,19,8,0
湖南省,长沙市,湖南省,永州市,2018,5,4,0
湖南省,长沙市,湖南省,永州市,2019,2,10,0
湖南省,长沙市,湖南省,永州市,2020,7,11,15
湖南省,长沙市,湖南省,岳阳市,2018,40,23,0
湖南省,长沙市,湖南省,岳阳市,2019,44,24,0
湖南省,长沙市,湖南省,岳阳市,2020,85,66,7
湖南省,长沙市,湖南省,张家界市,2018,2,4,0
湖南省,长沙市,湖南省,张家界市,2019,0,1,0
湖南省,长沙市,湖南省,张家界市,2020,3,3,0
湖南省,长沙市,湖南省,株洲市,2018,19,9,0
湖南省,长沙市,湖南省,株洲市,2019,33,21,0
湖南省,长沙市,湖南省,株洲市,2020,53,20,1
湖南省,长沙市,吉林省,长春市,2019,3,1,0
湖南省,长沙市,吉林省,长春市,2020,3,2,0
湖南省,长沙市,吉林省,通化市,2018,3,0,0
湖南省,长沙市,江苏省,常州市,2018,1,1,0
湖南省,长沙市,江苏省,常州市,2019,1,1,0
湖南省,长沙市,江苏省,常州市,2020,2,0,0
湖南省,长沙市,江苏省,淮安市,2019,1,0,0
湖南省,长沙市,江苏省,南京市,2018,25,22,0
湖南省,长沙市,江苏省,南京市,2019,32,5,0
湖南省,长沙市,江苏省,南京市,2020,34,10,0
湖南省,长沙市,江苏省,南通市,2018,6,0,0
湖南省,长沙市,江苏省,南通市,2019,1,1,0
湖南省,长沙市,江苏省,南通市,2020,2,0,0
湖南省,长沙市,江苏省,苏州市,2018,16,2,0
湖南省,长沙市,江苏省,苏州市,2019,13,7,2
湖南省,长沙市,江苏省,苏州市,2020,5,6,0
湖南省,长沙市,江苏省,宿迁市,2019,1,0,0
湖南省,长沙市,江苏省,宿迁市,2020,6,0,0
湖南省,长沙市,江苏省,泰州市,2019,2,1,0
湖南省,长沙市,江苏省,无锡市,2018,2,0,0
湖南省,长沙市,江苏省,无锡市,2019,7,0,0
湖南省,长沙市,江苏省,无锡市,2020,6,2,0
湖南省,长沙市,江苏省,徐州市,2018,2,2,0
湖南省,长沙市,江苏省,徐州市,2019,4,3,0
湖南省,长沙市,江苏省,徐州市,2020,2,0,0
湖南省,长沙市,江苏省,扬州市,2018,1,2,0
湖南省,长沙市,江苏省,扬州市,2019,4,0,0
湖南省,长沙市,江苏省,扬州市,2020,1,0,0
湖南省,长沙市,江苏省,镇江市,2018,1,2,0
湖南省,长沙市,江苏省,镇江市,2020,0,1,0
湖南省,长沙市,江西省,抚州市,2018,2,0,0
湖南省,长沙市,江西省,抚州市,2019,2,0,0
湖南省,长沙市,江西省,赣州市,2018,1,0,0
湖南省,长沙市,江西省,赣州市,2019,5,1,0
湖南省,长沙市,江西省,赣州市,2020,4,0,0
湖南省,长沙市,江西省,九江市,2018,1,4,0
湖南省,长沙市,江西省,九江市,2019,1,3,0
湖南省,长沙市,江西省,九江市,2020,1,0,0
湖南省,长沙市,江西省,南昌市,2018,12,6,0
湖南省,长沙市,江西省,南昌市,2019,9,16,0
湖南省,长沙市,江西省,南昌市,2020,14,0,0
湖南省,长沙市,江西省,萍乡市,2020,4,0,0
湖南省,长沙市,江西省,上饶市,2019,8,3,0
湖南省,长沙市,江西省,上饶市,2020,2,0,0
湖南省,长沙市,江西省,新余市,2019,2,0,1
湖南省,长沙市,江西省,宜春市,2018,1,0,0
湖南省,长沙市,江西省,宜春市,2019,4,1,0
湖南省,长沙市,江西省,宜春市,2020,1,0,0
湖南省,长沙市,辽宁省,大连市,2018,4,3,0
湖南省,长沙市,辽宁省,大连市,2020,3,3,0
湖南省,长沙市,辽宁省,抚顺市,2020,0,2,0
湖南省,长沙市,辽宁省,锦州市,2018,1,1,0
湖南省,长沙市,辽宁省,沈阳市,2018,4,1,0
湖南省,长沙市,辽宁省,沈阳市,2019,3,0,0
湖南省,长沙市,辽宁省,沈阳市,2020,5,1,0
湖南省,长沙市,辽宁省,营口市,2020,0,1,0
湖南省,长沙市,内蒙古自治区,巴彦淖尔市,2019,3,0,0
湖南省,长沙市,内蒙古自治区,巴彦淖尔市,2020,1,1,0
湖南省,长沙市,内蒙古自治区,包头市,2018,0,1,0
湖南省,长沙市,内蒙古自治区,包头市,2019,6,0,0
湖南省,长沙市,内蒙古自治区,包头市,2020,2,0,0
湖南省,长沙市,内蒙古自治区,鄂尔多斯市,2018,0,2,0
湖南省,长沙市,内蒙古自治区,鄂尔多斯市,2020,1,2,0
湖南省,长沙市,内蒙古自治区,呼和浩特市,2018,1,0,0
湖南省,长沙市,内蒙古自治区,呼和浩特市,2019,2,0,0
湖南省,长沙市,内蒙古自治区,呼和浩特市,2020,2,1,0
湖南省,长沙市,内蒙古自治区,通辽市,2020,0,1,0
湖南省,长沙市,内蒙古自治区,锡林郭勒盟,2019,1,1,0
湖南省,长沙市,宁夏回族自治区,石嘴山市,2019,1,0,0
湖南省,长沙市,宁夏回族自治区,石嘴山市,2020,1,0,0
湖南省,长沙市,宁夏回族自治区,银川市,2020,2,0,0
湖南省,长沙市,青海省,海北藏族自治州,2020,1,1,0
湖南省,长沙市,青海省,海东市,2018,1,0,0
湖南省,长沙市,青海省,西宁市,2018,1,2,0
湖南省,长沙市,青海省,西宁市,2019,2,0,0
湖南省,长沙市,青海省,西宁市,2020,14,18,0
湖南省,长沙市,山东省,滨州市,2020,1,0,0
湖南省,长沙市,山东省,德州市,2018,3,0,0
湖南省,长沙市,山东省,德州市,2019,0,1,0
湖南省,长沙市,山东省,济南市,2018,9,12,0
湖南省,长沙市,山东省,济南市,2019,7,8,0
湖南省,长沙市,山东省,济南市,2020,17,3,0
湖南省,长沙市,山东省,济宁市,2018,0,1,0
湖南省,长沙市,山东省,济宁市,2019,0,1,0
湖南省,长沙市,山东省,济宁市,2020,2,3,0
湖南省,长沙市,山东省,临沂市,2019,2,3,0
湖南省,长沙市,山东省,日照市,2019,2,4,0
湖南省,长沙市,山东省,威海市,2019,2,0,0
湖南省,长沙市,山东省,威海市,2020,1,0,0
湖南省,长沙市,山东省,潍坊市,2020,1,0,0
湖南省,长沙市,山东省,烟台市,2018,7,0,0
湖南省,长沙市,山东省,烟台市,2019,2,1,0
湖南省,长沙市,山东省,烟台市,2020,8,2,0
湖南省,长沙市,山东省,淄博市,2018,1,0,0
湖南省,长沙市,山东省,淄博市,2020,1,0,0
湖南省,长沙市,山西省,大同市,2020,0,1,0
湖南省,长沙市,山西省,晋中市,2020,4,0,0
湖南省,长沙市,山西省,临汾市,2020,0,3,0
湖南省,长沙市,山西省,吕梁市,2019,1,2,0
湖南省,长沙市,山西省,吕梁市,2020,1,4,0
湖南省,长沙市,山西省,太原市,2018,9,11,0
湖南省,长沙市,山西省,太原市,2019,11,20,0
湖南省,长沙市,山西省,太原市,2020,4,4,0
湖南省,长沙市,山西省,运城市,2019,1,0,0
湖南省,长沙市,陕西省,宝鸡市,2018,2,0,0
湖南省,长沙市,陕西省,宝鸡市,2019,0,1,0
湖南省,长沙市,陕西省,渭南市,2018,11,1,0
湖南省,长沙市,陕西省,渭南市,2019,13,2,4
湖南省,长沙市,陕西省,渭南市,2020,26,13,3
湖南省,长沙市,陕西省,西安市,2018,13,4,0
湖南省,长沙市,陕西省,西安市,2019,10,6,0
湖南省,长沙市,陕西省,西安市,2020,29,27,0
湖南省,长沙市,陕西省,咸阳市,2019,3,1,0
湖南省,长沙市,陕西省,咸阳市,2020,3,1,0
湖南省,长沙市,陕西省,榆林市,2019,1,4,0
湖南省,长沙市,上海市,上海市,2018,33,8,0
湖南省,长沙市,上海市,上海市,2019,39,8,0
湖南省,长沙市,上海市,上海市,2020,75,29,4
湖南省,长沙市,四川省,成都市,2018,16,5,0
湖南省,长沙市,四川省,成都市,2019,17,4,0
湖南省,长沙市,四川省,成都市,2020,31,11,0
湖南省,长沙市,四川省,德阳市,2019,1,0,0
湖南省,长沙市,四川省,德阳市,2020,1,0,0
湖南省,长沙市,四川省,甘孜藏族自治州,2018,0,3,0
湖南省,长沙市,四川省,甘孜藏族自治州,2020,3,2,0
湖南省,长沙市,四川省,凉山彝族自治州,2020,0,1,0
湖南省,长沙市,四川省,绵阳市,2018,2,1,0
湖南省,长沙市,四川省,绵阳市,2019,0,1,0
湖南省,长沙市,四川省,绵阳市,2020,2,1,0
湖南省,长沙市,四川省,南充市,2020,0,1,0
湖南省,长沙市,四川省,攀枝花市,2019,3,0,0
湖南省,长沙市,四川省,宜宾市,2020,2,0,0
湖南省,长沙市,四川省,自贡市,2019,1,1,0
湖南省,长沙市,四川省,自贡市,2020,6,0,0
湖南省,长沙市,天津市,天津市,2018,10,8,0
湖南省,长沙市,天津市,天津市,2019,13,16,0
湖南省,长沙市,天津市,天津市,2020,32,20,0
湖南省,长沙市,西藏自治区,拉萨市,2018,8,5,0
湖南省,长沙市,西藏自治区,拉萨市,2020,1,3,0
湖南省,长沙市,西藏自治区,林芝市,2019,1,0,0
湖南省,长沙市,西藏自治区,林芝市,2020,1,0,0
湖南省,长沙市,西藏自治区,日喀则市,2020,1,0,0
湖南省,长沙市,新疆维吾尔自治区,哈密市,2018,2,1,0
湖南省,长沙市,新疆维吾尔自治区,吐鲁番市,2020,3,2,0
湖南省,长沙市,新疆维吾尔自治区,乌鲁木齐市,2018,20,17,0
湖南省,长沙市,新疆维吾尔自治区,乌鲁木齐市,2019,8,2,0
湖南省,长沙市,新疆维吾尔自治区,乌鲁木齐市,2020,25,9,0
湖南省,长沙市,新疆维吾尔自治区,伊犁哈萨克自治州,2019,1,1,0
湖南省,长沙市,云南省,德宏傣族景颇族自治州,2020,0,2,0
湖南省,长沙市,云南省,迪庆藏族自治州,2018,1,0,0
湖南省,长沙市,云南省,红河哈尼族彝族自治州,2018,1,0,0
湖南省,长沙市,云南省,红河哈尼族彝族自治州,2019,1,0,0
湖南省,长沙市,云南省,昆明市,2018,2,6,0
湖南省,长沙市,云南省,昆明市,2019,12,8,0
湖南省,长沙市,云南省,昆明市,2020,17,4,0
湖南省,长沙市,云南省,曲靖市,2018,1,0,0
湖南省,长沙市,云南省,曲靖市,2020,0,1,0
湖南省,长沙市,云南省,玉溪市,2019,1,0,0
湖南省,长沙市,云南省,玉溪市,2020,1,0,0
湖南省,长沙市,浙江省,杭州市,2018,15,3,0
湖南省,长沙市,浙江省,杭州市,2019,16,5,0
湖南省,长沙市,浙江省,杭州市,2020,20,7,0
湖南省,长沙市,浙江省,湖州市,2019,4,7,0
湖南省,长沙市,浙江省,湖州市,2020,11,8,0
湖南省,长沙市,浙江省,嘉兴市,2018,1,1,0
湖南省,长沙市,浙江省,嘉兴市,2019,2,2,0
湖南省,长沙市,浙江省,嘉兴市,2020,1,0,0
湖南省,长沙市,浙江省,金华市,2018,2,0,0
湖南省,长沙市,浙江省,宁波市,2018,3,1,0
湖南省,长沙市,浙江省,宁波市,2019,20,0,0
湖南省,长沙市,浙江省,宁波市,2020,16,2,0
湖南省,长沙市,浙江省,绍兴市,2018,1,0,0
湖南省,长沙市,浙江省,绍兴市,2019,1,0,0
湖南省,长沙市,浙江省,绍兴市,2020,1,0,0
湖南省,长沙市,浙江省,温州市,2019,1,1,0
湖南省,长沙市,浙江省,温州市,2020,6,3,0
湖南省,长沙市,重庆市,重庆市,2018,10,12,0
湖南省,长沙市,重庆市,重庆市,2019,21,13,0
湖南省,长沙市,重庆市,重庆市,2020,12,11,0
湖南省,常德市,安徽省,合肥市,2019,2,0,0
湖南省,常德市,北京市,北京市,2018,1,4,0
湖南省,常德市,北京市,北京市,2019,4,2,0
湖南省,常德市,北京市,北京市,2020,9,2,0
湖南省,常德市,广东省,东莞市,2019,2,17,0
湖南省,常德市,广东省,东莞市,2020,6,1,0
湖南省,常德市,广东省,佛山市,2018,0,3,0
湖南省,常德市,广东省,佛山市,2019,2,0,0
湖南省,常德市,广东省,佛山市,2020,0,2,0
湖南省,常德市,广东省,中山市,2019,0,5,0
湖南省,常德市,河南省,安阳市,2020,1,0,0
湖南省,常德市,湖南省,岳阳市,2020,1,0,0
湖南省,常德市,上海市,上海市,2018,2,0,0
湖南省,常德市,上海市,上海市,2020,0,3,0
湖南省,常德市,浙江省,嘉兴市,2019,0,16,0
湖南省,常德市,浙江省,嘉兴市,2020,1,1,0
湖南省,郴州市,北京市,北京市,2018,6,0,0
湖南省,郴州市,北京市,北京市,2019,0,1,0
湖南省,郴州市,北京市,北京市,2020,1,4,0
湖南省,郴州市,福建省,南平市,2020,0,1,0
湖南省,郴州市,福建省,漳州市,2020,2,0,0
湖南省,郴州市,广东省,潮州市,2018,1,0,0
湖南省,郴州市,广东省,东莞市,2018,0,4,0
湖南省,郴州市,广东省,东莞市,2019,0,8,0
湖南省,郴州市,广东省,佛山市,2018,0,3,0
湖南省,郴州市,广东省,广州市,2018,9,0,0
湖南省,郴州市,广东省,广州市,2019,1,0,0
湖南省,郴州市,广东省,河源市,2020,1,0,0
湖南省,郴州市,广东省,深圳市,2018,1,1,0
湖南省,郴州市,广东省,深圳市,2019,1,1,0
湖南省,郴州市,广西壮族自治区,南宁市,2020,1,0,0
湖南省,郴州市,贵州省,贵阳市,2018,3,1,0
湖南省,郴州市,贵州省,贵阳市,2019,3,2,0
湖南省,郴州市,贵州省,贵阳市,2020,4,2,0
湖南省,郴州市,河南省,郑州市,2018,1,1,0
湖南省,郴州市,河南省,郑州市,2020,1,2,0
湖南省,郴州市,湖南省,衡阳市,2018,1,0,0
湖南省,郴州市,湖南省,湘潭市,2020,0,1,0
湖南省,郴州市,湖南省,株洲市,2018,1,1,0
湖南省,郴州市,湖南省,株洲市,2020,1,0,0
湖南省,郴州市,江苏省,常州市,2020,1,0,0
湖南省,郴州市,江苏省,南京市,2020,2,0,0
湖南省,郴州市,江西省,赣州市,2019,1,0,0
湖南省,郴州市,江西省,九江市,2018,0,3,0
湖南省,郴州市,云南省,昆明市,2020,1,0,0
湖南省,郴州市,浙江省,杭州市,2020,1,0,0
湖南省,衡阳市,安徽省,合肥市,2020,1,0,0
湖南省,衡阳市,北京市,北京市,2018,9,9,0
湖南省,衡阳市,北京市,北京市,2019,6,11,0
湖南省,衡阳市,北京市,北京市,2020,4,10,0
湖南省,衡阳市,广东省,东莞市,2020,2,0,0
湖南省,衡阳市,广东省,广州市,2018,1,0,0
湖南省,衡阳市,广东省,广州市,2019,1,1,0
湖南省,衡阳市,广东省,广州市,2020,1,0,1
湖南省,衡阳市,广东省,深圳市,2020,5,0,0
湖南省,衡阳市,广西壮族自治区,桂林市,2018,0,2,0
湖南省,衡阳市,河北省,石家庄市,2020,4,0,0
湖南省,衡阳市,河南省,焦作市,2020,1,1,0
湖南省,衡阳市,河南省,南阳市,2018,1,0,0
湖南省,衡阳市,湖北省,武汉市,2018,1,0,0
湖南省,衡阳市,湖北省,武汉市,2019,1,1,0
湖南省,衡阳市,湖北省,武汉市,2020,0,1,0
湖南省,衡阳市,湖北省,宜昌市,2020,1,1,0
湖南省,衡阳市,湖南省,永州市,2018,0,2,0
湖南省,衡阳市,湖南省,岳阳市,2020,2,0,0
湖南省,衡阳市,湖南省,株洲市,2019,1,0,0
湖南省,衡阳市,江苏省,南京市,2019,2,0,0
湖南省,衡阳市,江苏省,南京市,2020,3,2,0
湖南省,衡阳市,江苏省,苏州市,2019,0,11,0
湖南省,衡阳市,江苏省,苏州市,2020,58,33,0
湖南省,衡阳市,江苏省,无锡市,2019,1,0,0
湖南省,衡阳市,江苏省,无锡市,2020,1,0,0
湖南省,衡阳市,辽宁省,沈阳市,2020,2,0,0
湖南省,衡阳市,内蒙古自治区,呼和浩特市,2020,1,0,0
湖南省,衡阳市,山东省,烟台市,2020,5,0,0
湖南省,衡阳市,山西省,太原市,2019,49,0,0
湖南省,衡阳市,上海市,上海市,2019,51,1,0
湖南省,衡阳市,四川省,成都市,2019,1,1,0
湖南省,衡阳市,四川省,成都市,2020,2,2,0
湖南省,衡阳市,四川省,绵阳市,2019,49,13,0
湖南省,衡阳市,四川省,绵阳市,2020,58,2,0
湖南省,衡阳市,天津市,天津市,2020,0,1,0
湖南省,衡阳市,新疆维吾尔自治区,伊犁哈萨克自治州,2018,1,0,0
湖南省,衡阳市,云南省,昆明市,2019,1,0,0
湖南省,衡阳市,浙江省,杭州市,2018,0,1,0
湖南省,衡阳市,浙江省,绍兴市,2019,3,2,0
湖南省,衡阳市,浙江省,绍兴市,2020,4,0,0
湖南省,怀化市,安徽省,合肥市,2019,2,2,0
湖南省,怀化市,北京市,北京市,2018,0,1,0
湖南省,怀化市,北京市,北京市,2019,0,2,0
湖南省,怀化市,北京市,北京市,2020,0,1,0
湖南省,怀化市,广东省,广州市,2018,1,0,0
湖南省,怀化市,广东省,广州市,2019,0,4,0
湖南省,怀化市,河北省,保定市,2019,0,1,0
湖南省,怀化市,湖北省,宜昌市,2020,0,4,0
湖南省,怀化市,江西省,九江市,2019,2,2,0
湖南省,怀化市,江西省,南昌市,2020,2,1,0
湖南省,娄底市,北京市,北京市,2018,11,9,0
湖南省,娄底市,北京市,北京市,2019,4,4,0
湖南省,娄底市,北京市,北京市,2020,3,3,0
湖南省,娄底市,广东省,东莞市,2019,1,0,0
湖南省,娄底市,广东省,东莞市,2020,1,0,0
湖南省,娄底市,广东省,佛山市,2020,0,2,0
湖南省,娄底市,广西壮族自治区,南宁市,2020,1,0,0
湖南省,娄底市,江苏省,南京市,2019,1,0,0
湖南省,娄底市,上海市,上海市,2018,0,5,0
湖南省,娄底市,上海市,上海市,2019,4,4,0
湖南省,娄底市,上海市,上海市,2020,2,8,0
湖南省,邵阳市,北京市,北京市,2018,2,4,0
湖南省,邵阳市,北京市,北京市,2019,3,4,0
湖南省,邵阳市,北京市,北京市,2020,2,1,0
湖南省,邵阳市,福建省,泉州市,2020,0,1,0
湖南省,邵阳市,广东省,东莞市,2019,2,2,0
湖南省,邵阳市,广东省,东莞市,2020,0,2,0
湖南省,邵阳市,广东省,广州市,2020,0,4,0
湖南省,邵阳市,广东省,深圳市,2018,1,1,0
湖南省,邵阳市,广东省,深圳市,2019,3,3,0
湖南省,邵阳市,广东省,深圳市,2020,2,4,1
湖南省,邵阳市,河南省,南阳市,2018,3,0,0
湖南省,邵阳市,湖北省,武汉市,2019,2,0,0
湖南省,邵阳市,湖南省,衡阳市,2020,0,1,0
湖南省,邵阳市,湖南省,湘潭市,2018,2,7,0
湖南省,邵阳市,江苏省,南京市,2020,2,4,0
湖南省,邵阳市,江苏省,泰州市,2018,1,0,0
湖南省,邵阳市,上海市,上海市,2020,1,1,0
湖南省,湘潭市,安徽省,池州市,2019,2,0,0
湖南省,湘潭市,安徽省,合肥市,2020,2,0,0
湖南省,湘潭市,安徽省,淮南市,2020,1,0,0
湖南省,湘潭市,北京市,北京市,2018,13,6,0
湖南省,湘潭市,北京市,北京市,2019,14,7,0
湖南省,湘潭市,北京市,北京市,2020,19,2,0
湖南省,湘潭市,福建省,厦门市,2018,1,0,0
湖南省,湘潭市,福建省,厦门市,2020,2,0,0
湖南省,湘潭市,广东省,东莞市,2018,0,1,0
湖南省,湘潭市,广东省,佛山市,2018,1,0,0
湖南省,湘潭市,广东省,佛山市,2020,12,0,0
湖南省,湘潭市,广东省,广州市,2018,6,16,0
湖南省,湘潭市,广东省,广州市,2019,7,19,0
湖南省,湘潭市,广东省,广州市,2020,21,21,0
湖南省,湘潭市,广东省,河源市,2020,2,0,0
湖南省,湘潭市,广东省,深圳市,2018,4,4,0
湖南省,湘潭市,广东省,深圳市,2019,32,58,1
湖南省,湘潭市,广东省,深圳市,2020,7,9,0
湖南省,湘潭市,广西壮族自治区,来宾市,2019,1,0,0
湖南省,湘潭市,广西壮族自治区,来宾市,2020,4,0,0
湖南省,湘潭市,广西壮族自治区,柳州市,2020,2,0,0
湖南省,湘潭市,海南省,海口市,2020,2,0,0
湖南省,湘潭市,海南省,三亚市,2020,3,3,0
湖南省,湘潭市,河北省,唐山市,2019,1,0,0
湖南省,湘潭市,河南省,洛阳市,2018,1,1,0
湖南省,湘潭市,河南省,平顶山市,2019,1,2,0
湖南省,湘潭市,黑龙江省,哈尔滨市,2020,2,0,0
湖南省,湘潭市,湖北省,十堰市,2020,1,0,0
湖南省,湘潭市,湖北省,武汉市,2018,1,0,0
湖南省,湘潭市,湖北省,武汉市,2020,4,0,0
湖南省,湘潭市,湖北省,宜昌市,2018,1,0,0
湖南省,湘潭市,湖南省,常德市,2018,1,0,0
湖南省,湘潭市,湖南省,永州市,2018,5,0,0
湖南省,湘潭市,湖南省,岳阳市,2019,3,2,0
湖南省,湘潭市,湖南省,株洲市,2018,3,0,0
湖南省,湘潭市,湖南省,株洲市,2019,1,2,0
湖南省,湘潭市,湖南省,株洲市,2020,5,3,0
湖南省,湘潭市,江苏省,南京市,2018,2,0,0
湖南省,湘潭市,江苏省,南京市,2019,8,8,0
湖南省,湘潭市,江苏省,南京市,2020,5,2,0
湖南省,湘潭市,江苏省,南通市,2018,4,0,0
湖南省,湘潭市,江苏省,南通市,2020,1,0,0
湖南省,湘潭市,江苏省,宿迁市,2018,3,0,0
湖南省,湘潭市,江苏省,宿迁市,2020,2,0,0
湖南省,湘潭市,江苏省,无锡市,2019,2,0,0
湖南省,湘潭市,江苏省,徐州市,2018,0,1,0
湖南省,湘潭市,江苏省,扬州市,2020,0,2,0
湖南省,湘潭市,江西省,吉安市,2020,1,0,0
湖南省,湘潭市,江西省,南昌市,2018,4,1,0
湖南省,湘潭市,江西省,南昌市,2019,2,0,0
湖南省,湘潭市,江西省,南昌市,2020,1,1,0
湖南省,湘潭市,江西省,新余市,2019,1,0,0
湖南省,湘潭市,辽宁省,大连市,2019,1,0,0
湖南省,湘潭市,辽宁省,沈阳市,2018,1,0,0
湖南省,湘潭市,山西省,太原市,2018,0,2,0
湖南省,湘潭市,上海市,上海市,2018,3,15,0
湖南省,湘潭市,上海市,上海市,2019,8,18,0
湖南省,湘潭市,上海市,上海市,2020,4,2,0
湖南省,湘潭市,四川省,成都市,2019,2,2,0
湖南省,湘潭市,四川省,广元市,2019,0,1,0
湖南省,湘潭市,天津市,天津市,2018,1,0,0
湖南省,湘潭市,西藏自治区,拉萨市,2019,1,0,0
湖南省,湘潭市,西藏自治区,林芝地区,2018,1,0,0
湖南省,湘潭市,西藏自治区,林芝市,2018,84,5,0
湖南省,湘潭市,西藏自治区,日喀则市,2020,1,0,0
湖南省,湘潭市,西藏自治区,山南市,2018,1,0,0
湖南省,湘潭市,新疆维吾尔自治区,乌鲁木齐市,2020,0,1,0
湖南省,湘潭市,云南省,昆明市,2018,1,0,0
湖南省,湘潭市,云南省,昆明市,2019,2,1,0
湖南省,湘潭市,浙江省,杭州市,2018,21,43,0
湖南省,湘潭市,浙江省,杭州市,2019,10,11,0
湖南省,湘潭市,浙江省,杭州市,2020,1,7,0
湖南省,湘潭市,浙江省,湖州市,2020,1,0,0
湖南省,湘潭市,浙江省,嘉兴市,2020,2,0,0
湖南省,湘潭市,浙江省,宁波市,2019,1,0,0
湖南省,湘潭市,浙江省,宁波市,2020,1,0,0
湖南省,湘西土家族苗族自治州,北京市,北京市,2018,1,0,0
湖南省,湘西土家族苗族自治州,北京市,北京市,2019,1,0,0
湖南省,湘西土家族苗族自治州,北京市,北京市,2020,3,0,0
湖南省,湘西土家族苗族自治州,广东省,广州市,2018,1,0,0
湖南省,湘西土家族苗族自治州,广东省,广州市,2019,1,0,0
湖南省,湘西土家族苗族自治州,广东省,惠州市,2018,2,0,0
湖南省,湘西土家族苗族自治州,广东省,惠州市,2019,1,2,0
湖南省,湘西土家族苗族自治州,广东省,惠州市,2020,8,0,0
湖南省,湘西土家族苗族自治州,广东省,深圳市,2020,1,1,0
湖南省,湘西土家族苗族自治州,湖北省,恩施土家族苗族自治州,2019,0,1,0
湖南省,湘西土家族苗族自治州,湖南省,常德市,2019,1,0,0
湖南省,湘西土家族苗族自治州,湖南省,娄底市,2018,0,1,0
湖南省,湘西土家族苗族自治州,湖南省,娄底市,2019,0,1,0
湖南省,湘西土家族苗族自治州,湖南省,湘潭市,2018,1,0,0
湖南省,湘西土家族苗族自治州,湖南省,湘潭市,2019,1,0,0
湖南省,湘西土家族苗族自治州,湖南省,湘潭市,2020,0,1,0
湖南省,湘西土家族苗族自治州,湖南省,岳阳市,2018,1,0,0
湖南省,湘西土家族苗族自治州,湖南省,张家界市,2019,2,0,0
湖南省,湘西土家族苗族自治州,江苏省,宿迁市,2020,1,0,0
湖南省,湘西土家族苗族自治州,陕西省,汉中市,2020,8,0,0
湖南省,湘西土家族苗族自治州,上海市,上海市,2018,2,0,0
湖南省,湘西土家族苗族自治州,上海市,上海市,2020,1,0,0
湖南省,益阳市,安徽省,合肥市,2019,1,0,0
湖南省,益阳市,北京市,北京市,2018,2,0,0
湖南省,益阳市,北京市,北京市,2019,0,2,0
湖南省,益阳市,北京市,北京市,2020,3,3,0
湖南省,益阳市,广东省,东莞市,2018,25,103,0
湖南省,益阳市,广东省,东莞市,2019,26,88,0
湖南省,益阳市,广东省,东莞市,2020,5,5,0
湖南省,益阳市,广东省,广州市,2019,0,4,0
湖南省,益阳市,广东省,广州市,2020,1,0,0
湖南省,益阳市,广东省,惠州市,2020,2,9,0
湖南省,益阳市,广东省,清远市,2018,2,7,0
湖南省,益阳市,广东省,深圳市,2019,5,38,2
湖南省,益阳市,广东省,深圳市,2020,0,11,0
湖南省,益阳市,广东省,珠海市,2020,1,0,0
湖南省,益阳市,海南省,海口市,2020,1,0,0
湖南省,益阳市,湖北省,宜昌市,2018,2,0,0
湖南省,益阳市,湖南省,怀化市,2019,0,4,0
湖南省,益阳市,湖南省,株洲市,2018,20,62,0
湖南省,益阳市,湖南省,株洲市,2019,17,33,0
湖南省,益阳市,湖南省,株洲市,2020,5,5,0
湖南省,益阳市,上海市,上海市,2019,4,0,0
湖南省,益阳市,上海市,上海市,2020,2,0,0
湖南省,益阳市,四川省,成都市,2019,1,0,0
湖南省,永州市,北京市,北京市,2018,0,2,0
湖南省,永州市,北京市,北京市,2019,0,2,0
湖南省,永州市,北京市,北京市,2020,2,3,0
湖南省,永州市,广东省,东莞市,2019,2,1,0
湖南省,永州市,广东省,东莞市,2020,2,3,0
湖南省,永州市,广东省,广州市,2020,1,0,0
湖南省,永州市,广西壮族自治区,桂林市,2018,0,2,0
湖南省,永州市,黑龙江省,哈尔滨市,2020,1,0,0
湖南省,永州市,湖南省,株洲市,2018,1,0,0
湖南省,永州市,江苏省,南京市,2018,1,0,0
湖南省,永州市,江苏省,南京市,2019,1,0,0
湖南省,永州市,江苏省,南京市,2020,1,0,1
湖南省,永州市,江西省,南昌市,2020,1,0,0
湖南省,永州市,上海市,上海市,2018,4,0,0
湖南省,永州市,云南省,昆明市,2020,0,1,0
湖南省,永州市,浙江省,宁波市,2020,0,1,0
湖南省,岳阳市,北京市,北京市,2018,33,8,0
湖南省,岳阳市,北京市,北京市,2019,44,11,0
湖南省,岳阳市,北京市,北京市,2020,64,13,0
湖南省,岳阳市,广东省,东莞市,2019,2,11,0
湖南省,岳阳市,广东省,佛山市,2019,1,0,0
湖南省,岳阳市,黑龙江省,哈尔滨市,2018,2,0,0
湖南省,岳阳市,黑龙江省,哈尔滨市,2020,2,0,0
湖南省,岳阳市,江苏省,南京市,2018,2,0,0
湖南省,岳阳市,江西省,南昌市,2020,1,0,0
湖南省,岳阳市,山东省,威海市,2019,1,2,0
湖南省,岳阳市,山西省,太原市,2020,2,1,0
湖南省,岳阳市,上海市,上海市,2018,2,0,0
湖南省,岳阳市,上海市,上海市,2020,5,0,0
湖南省,张家界市,北京市,北京市,2018,1,2,0
湖南省,张家界市,北京市,北京市,2019,0,1,0
湖南省,张家界市,北京市,北京市,2020,0,3,0
湖南省,张家界市,河北省,保定市,2018,0,2,0
湖南省,株洲市,安徽省,合肥市,2018,2,2,0
湖南省,株洲市,安徽省,合肥市,2020,1,2,0
湖南省,株洲市,北京市,北京市,2018,23,11,0
湖南省,株洲市,北京市,北京市,2019,9,9,0
湖南省,株洲市,北京市,北京市,2020,20,12,0
湖南省,株洲市,福建省,南平市,2018,0,1,0
湖南省,株洲市,福建省,厦门市,2018,1,0,0
湖南省,株洲市,福建省,厦门市,2019,2,0,0
湖南省,株洲市,福建省,厦门市,2020,1,0,0
湖南省,株洲市,甘肃省,兰州市,2020,2,2,0
湖南省,株洲市,广东省,东莞市,2018,19,68,0
湖南省,株洲市,广东省,东莞市,2019,16,32,0
湖南省,株洲市,广东省,东莞市,2020,18,33,0
湖南省,株洲市,广东省,佛山市,2018,2,0,0
湖南省,株洲市,广东省,佛山市,2019,1,0,0
湖南省,株洲市,广东省,佛山市,2020,0,1,0
湖南省,株洲市,广东省,广州市,2018,4,0,0
湖南省,株洲市,广东省,广州市,2019,8,3,0
湖南省,株洲市,广东省,广州市,2020,3,5,1
湖南省,株洲市,广东省,惠州市,2018,0,3,0
湖南省,株洲市,广东省,惠州市,2020,0,14,0
湖南省,株洲市,广西壮族自治区,南宁市,2019,2,0,0
湖南省,株洲市,河北省,廊坊市,2020,1,4,0
湖南省,株洲市,黑龙江省,哈尔滨市,2020,1,0,0
湖南省,株洲市,湖南省,常德市,2018,14,0,0
湖南省,株洲市,湖南省,常德市,2019,14,0,0
湖南省,株洲市,湖南省,常德市,2020,8,0,0
湖南省,株洲市,湖南省,娄底市,2018,0,1,0
湖南省,株洲市,湖南省,娄底市,2020,2,0,0
湖南省,株洲市,湖南省,岳阳市,2018,1,0,0
湖南省,株洲市,江苏省,常州市,2018,0,1,0
湖南省,株洲市,江苏省,常州市,2019,1,0,0
湖南省,株洲市,江苏省,南京市,2018,2,0,0
湖南省,株洲市,江苏省,南京市,2019,2,0,0
湖南省,株洲市,江苏省,南京市,2020,3,2,0
湖南省,株洲市,江苏省,无锡市,2020,2,0,0
湖南省,株洲市,江苏省,徐州市,2018,3,0,0
湖南省,株洲市,江西省,南昌市,2018,1,0,0
湖南省,株洲市,江西省,南昌市,2019,1,0,1
湖南省,株洲市,辽宁省,大连市,2020,0,2,0
湖南省,株洲市,内蒙古自治区,巴彦淖尔市,2019,2,0,0
湖南省,株洲市,山东省,枣庄市,2020,1,0,0
湖南省,株洲市,山西省,太原市,2020,1,2,0
湖南省,株洲市,陕西省,宝鸡市,2018,8,6,0
湖南省,株洲市,陕西省,宝鸡市,2019,8,5,0
湖南省,株洲市,陕西省,宝鸡市,2020,5,5,0
湖南省,株洲市,上海市,上海市,2018,2,1,0
湖南省,株洲市,上海市,上海市,2019,7,0,0
湖南省,株洲市,上海市,上海市,2020,22,4,1
湖南省,株洲市,四川省,成都市,2018,1,0,0
湖南省,株洲市,四川省,成都市,2019,7,1,0
湖南省,株洲市,四川省,成都市,2020,8,5,0
湖南省,株洲市,四川省,内江市,2018,2,0,0
湖南省,株洲市,天津市,天津市,2018,0,3,0
湖南省,株洲市,天津市,天津市,2019,4,0,0
湖南省,株洲市,天津市,天津市,2020,3,1,0
湖南省,株洲市,云南省,昆明市,2020,1,0,0
湖南省,株洲市,浙江省,杭州市,2020,4,0,0
湖南省,株洲市,浙江省,嘉兴市,2018,1,0,0
湖南省,株洲市,浙江省,宁波市,2018,2,0,0
湖南省,株洲市,浙江省,宁波市,2020,0,0,1
湖南省,株洲市,浙江省,台州市,2019,1,1,0
吉林省,白城市,北京市,北京市,2018,7,8,0
吉林省,白城市,北京市,北京市,2019,1,5,0
吉林省,白城市,北京市,北京市,2020,6,3,0
吉林省,白城市,广东省,河源市,2019,0,1,0
吉林省,白城市,广东省,云浮市,2019,0,1,0
吉林省,白城市,黑龙江省,哈尔滨市,2018,1,0,0
吉林省,白城市,吉林省,吉林市,2019,0,3,0
吉林省,白城市,吉林省,四平市,2018,0,1,0
吉林省,白城市,江苏省,南京市,2018,2,0,0
吉林省,白城市,江苏省,南通市,2018,2,0,0
吉林省,白城市,辽宁省,大连市,2019,0,1,0
吉林省,白城市,辽宁省,沈阳市,2018,1,0,0
吉林省,白城市,山东省,烟台市,2020,1,1,0
吉林省,白城市,四川省,成都市,2019,1,0,0
吉林省,白城市,浙江省,杭州市,2020,1,0,0
吉林省,白山市,北京市,北京市,2018,12,3,0
吉林省,白山市,北京市,北京市,2019,9,4,0
吉林省,白山市,北京市,北京市,2020,13,3,0
吉林省,白山市,河北省,保定市,2020,0,2,0
吉林省,白山市,黑龙江省,哈尔滨市,2019,0,3,0
吉林省,白山市,湖北省,武汉市,2018,2,0,0
吉林省,白山市,吉林省,吉林市,2019,1,0,0
吉林省,白山市,吉林省,吉林市,2020,1,0,0
吉林省,白山市,吉林省,四平市,2019,0,1,0
吉林省,白山市,江苏省,南京市,2019,0,1,0
吉林省,白山市,辽宁省,大连市,2019,0,2,1
吉林省,白山市,辽宁省,大连市,2020,0,11,0
吉林省,白山市,辽宁省,丹东市,2019,0,1,0
吉林省,白山市,辽宁省,丹东市,2020,1,0,0
吉林省,白山市,内蒙古自治区,呼和浩特市,2020,1,0,0
吉林省,白山市,山东省,烟台市,2020,1,0,0
吉林省,白山市,上海市,上海市,2019,1,1,0
吉林省,白山市,四川省,凉山彝族自治州,2019,0,1,0
吉林省,长春市,安徽省,蚌埠市,2018,14,0,0
吉林省,长春市,安徽省,蚌埠市,2019,3,0,0
吉林省,长春市,安徽省,蚌埠市,2020,43,1,0
吉林省,长春市,安徽省,合肥市,2020,4,0,0
吉林省,长春市,安徽省,铜陵市,2018,1,0,0
吉林省,长春市,安徽省,铜陵市,2020,3,1,0
吉林省,长春市,北京市,北京市,2018,144,68,0
吉林省,长春市,北京市,北京市,2019,149,57,5
吉林省,长春市,北京市,北京市,2020,181,65,3
吉林省,长春市,福建省,福州市,2019,1,0,0
吉林省,长春市,福建省,三明市,2020,0,3,0
吉林省,长春市,福建省,厦门市,2019,1,1,0
吉林省,长春市,甘肃省,兰州市,2018,3,0,0
吉林省,长春市,甘肃省,兰州市,2019,2,0,0
吉林省,长春市,广东省,东莞市,2019,1,1,0
吉林省,长春市,广东省,佛山市,2019,0,1,0
吉林省,长春市,广东省,佛山市,2020,11,1,0
吉林省,长春市,广东省,广州市,2018,0,1,0
吉林省,长春市,广东省,广州市,2019,1,0,0
吉林省,长春市,广东省,广州市,2020,6,0,0
吉林省,长春市,广东省,惠州市,2018,1,0,0
吉林省,长春市,广东省,清远市,2019,0,1,0
吉林省,长春市,广东省,汕头市,2019,1,0,0
吉林省,长春市,广东省,汕尾市,2018,2,0,0
吉林省,长春市,广东省,深圳市,2018,4,0,0
吉林省,长春市,广东省,深圳市,2019,7,5,0
吉林省,长春市,广东省,深圳市,2020,13,5,0
吉林省,长春市,广东省,肇庆市,2019,0,1,0
吉林省,长春市,广东省,珠海市,2018,7,0,0
吉林省,长春市,广东省,珠海市,2019,4,1,0
吉林省,长春市,广东省,珠海市,2020,3,0,0
吉林省,长春市,广西壮族自治区,北海市,2018,1,0,0
吉林省,长春市,广西壮族自治区,北海市,2020,6,1,0
吉林省,长春市,广西壮族自治区,柳州市,2020,3,3,0
吉林省,长春市,广西壮族自治区,南宁市,2019,4,0,0
吉林省,长春市,广西壮族自治区,南宁市,2020,1,1,0
吉林省,长春市,贵州省,贵阳市,2018,2,2,0
吉林省,长春市,贵州省,贵阳市,2019,6,7,0
吉林省,长春市,贵州省,贵阳市,2020,5,4,0
吉林省,长春市,河北省,保定市,2018,1,3,0
吉林省,长春市,河北省,保定市,2019,3,0,0
吉林省,长春市,河北省,保定市,2020,1,1,0
吉林省,长春市,河北省,邯郸市,2018,2,4,0
吉林省,长春市,河北省,廊坊市,2018,1,1,0
吉林省,长春市,河北省,廊坊市,2019,2,0,0
吉林省,长春市,河北省,秦皇岛市,2018,0,2,1
吉林省,长春市,河北省,秦皇岛市,2020,3,0,0
吉林省,长春市,河北省,石家庄市,2018,5,1,0
吉林省,长春市,河北省,石家庄市,2019,1,5,0
吉林省,长春市,河北省,石家庄市,2020,2,0,0
吉林省,长春市,河北省,唐山市,2020,4,1,0
吉林省,长春市,河北省,邢台市,2019,1,0,0
吉林省,长春市,河南省,开封市,2018,1,0,0
吉林省,长春市,河南省,开封市,2020,2,0,0
吉林省,长春市,河南省,洛阳市,2018,1,0,0
吉林省,长春市,河南省,洛阳市,2019,3,3,0
吉林省,长春市,河南省,洛阳市,2020,2,1,0
吉林省,长春市,河南省,平顶山市,2019,2,0,0
吉林省,长春市,河南省,新乡市,2019,2,0,0
吉林省,长春市,河南省,新乡市,2020,1,0,0
吉林省,长春市,河南省,许昌市,2018,1,0,0
吉林省,长春市,河南省,许昌市,2020,1,1,0
吉林省,长春市,河南省,郑州市,2019,2,2,0
吉林省,长春市,河南省,郑州市,2020,4,0,0
吉林省,长春市,黑龙江省,哈尔滨市,2018,12,6,0
吉林省,长春市,黑龙江省,哈尔滨市,2019,6,8,0
吉林省,长春市,黑龙江省,哈尔滨市,2020,16,7,2
吉林省,长春市,黑龙江省,佳木斯市,2020,1,0,0
吉林省,长春市,黑龙江省,双鸭山市,2018,0,1,0
吉林省,长春市,黑龙江省,绥化市,2018,10,0,0
吉林省,长春市,黑龙江省,绥化市,2020,1,0,0
吉林省,长春市,湖北省,鄂州市,2019,1,0,0
吉林省,长春市,湖北省,荆门市,2020,2,0,0
吉林省,长春市,湖北省,武汉市,2018,2,0,0
吉林省,长春市,湖北省,武汉市,2019,6,0,0
吉林省,长春市,湖北省,武汉市,2020,7,3,0
吉林省,长春市,湖南省,株洲市,2020,1,0,0
吉林省,长春市,吉林省,白城市,2018,4,1,0
吉林省,长春市,吉林省,白城市,2019,4,6,0
吉林省,长春市,吉林省,白城市,2020,4,0,0
吉林省,长春市,吉林省,白山市,2020,8,0,0
吉林省,长春市,吉林省,吉林市,2018,17,4,0
吉林省,长春市,吉林省,吉林市,2019,33,8,0
吉林省,长春市,吉林省,吉林市,2020,51,24,2
吉林省,长春市,吉林省,辽源市,2018,5,8,0
吉林省,长春市,吉林省,辽源市,2019,3,3,0
吉林省,长春市,吉林省,辽源市,2020,1,0,0
吉林省,长春市,吉林省,四平市,2018,6,0,0
吉林省,长春市,吉林省,四平市,2019,9,2,0
吉林省,长春市,吉林省,四平市,2020,4,9,0
吉林省,长春市,吉林省,松原市,2018,0,1,0
吉林省,长春市,吉林省,松原市,2019,3,3,0
吉林省,长春市,吉林省,松原市,2020,1,0,0
吉林省,长春市,吉林省,通化市,2018,1,0,0
吉林省,长春市,吉林省,通化市,2019,1,0,0
吉林省,长春市,吉林省,通化市,2020,2,2,0
吉林省,长春市,吉林省,延边朝鲜族自治州,2018,2,1,0
吉林省,长春市,吉林省,延边朝鲜族自治州,2019,4,1,0
吉林省,长春市,吉林省,延边朝鲜族自治州,2020,4,1,0
吉林省,长春市,江苏省,常州市,2018,9,4,0
吉林省,长春市,江苏省,常州市,2019,7,1,0
吉林省,长春市,江苏省,常州市,2020,1,0,0
吉林省,长春市,江苏省,南京市,2018,5,2,0
吉林省,长春市,江苏省,南京市,2019,13,3,0
吉林省,长春市,江苏省,南京市,2020,11,4,0
吉林省,长春市,江苏省,南通市,2019,1,0,0
吉林省,长春市,江苏省,南通市,2020,1,0,0
吉林省,长春市,江苏省,苏州市,2018,3,2,0
吉林省,长春市,江苏省,苏州市,2019,10,9,0
吉林省,长春市,江苏省,苏州市,2020,2,8,1
吉林省,长春市,江苏省,泰州市,2019,4,0,0
吉林省,长春市,江苏省,泰州市,2020,1,0,0
吉林省,长春市,江苏省,无锡市,2018,1,5,0
吉林省,长春市,江苏省,无锡市,2019,5,1,0
吉林省,长春市,江苏省,无锡市,2020,7,1,0
吉林省,长春市,江苏省,盐城市,2018,1,0,0
吉林省,长春市,江西省,赣州市,2019,2,1,0
吉林省,长春市,江西省,南昌市,2020,3,0,0
吉林省,长春市,辽宁省,大连市,2018,10,4,0
吉林省,长春市,辽宁省,大连市,2019,6,10,0
吉林省,长春市,辽宁省,大连市,2020,9,11,0
吉林省,长春市,辽宁省,丹东市,2020,5,2,0
吉林省,长春市,辽宁省,抚顺市,2018,1,2,0
吉林省,长春市,辽宁省,抚顺市,2019,6,6,0
吉林省,长春市,辽宁省,抚顺市,2020,3,0,0
吉林省,长春市,辽宁省,葫芦岛市,2020,0,1,0
吉林省,长春市,辽宁省,锦州市,2018,2,1,0
吉林省,长春市,辽宁省,锦州市,2020,1,1,0
吉林省,长春市,辽宁省,辽阳市,2020,1,0,0
吉林省,长春市,辽宁省,盘锦市,2020,1,0,0
吉林省,长春市,辽宁省,沈阳市,2018,5,7,0
吉林省,长春市,辽宁省,沈阳市,2019,9,4,0
吉林省,长春市,辽宁省,沈阳市,2020,21,6,2
吉林省,长春市,辽宁省,铁岭市,2018,1,1,0
吉林省,长春市,辽宁省,铁岭市,2019,1,1,0
吉林省,长春市,辽宁省,铁岭市,2020,4,0,0
吉林省,长春市,辽宁省,营口市,2019,0,1,0
吉林省,长春市,内蒙古自治区,包头市,2019,4,0,0
吉林省,长春市,内蒙古自治区,包头市,2020,0,1,0
吉林省,长春市,内蒙古自治区,赤峰市,2018,1,0,0
吉林省,长春市,内蒙古自治区,赤峰市,2020,1,0,0
吉林省,长春市,内蒙古自治区,鄂尔多斯市,2018,2,2,0
吉林省,长春市,内蒙古自治区,呼和浩特市,2018,3,0,0
吉林省,长春市,内蒙古自治区,呼和浩特市,2019,2,3,0
吉林省,长春市,内蒙古自治区,呼和浩特市,2020,6,20,0
吉林省,长春市,内蒙古自治区,锡林郭勒盟,2020,1,19,0
吉林省,长春市,青海省,西宁市,2019,0,4,0
吉林省,长春市,山东省,滨州市,2020,2,0,0
吉林省,长春市,山东省,东营市,2019,0,4,0
吉林省,长春市,山东省,东营市,2020,2,5,0
吉林省,长春市,山东省,济南市,2018,1,0,0
吉林省,长春市,山东省,济南市,2019,7,3,0
吉林省,长春市,山东省,济南市,2020,6,14,1
吉林省,长春市,山东省,聊城市,2019,7,2,0
吉林省,长春市,山东省,聊城市,2020,1,0,0
吉林省,长春市,山东省,泰安市,2020,1,0,0
吉林省,长春市,山东省,威海市,2018,7,0,0
吉林省,长春市,山东省,威海市,2019,8,4,0
吉林省,长春市,山东省,威海市,2020,12,4,0
吉林省,长春市,山东省,潍坊市,2018,3,4,0
吉林省,长春市,山东省,潍坊市,2019,1,1,0
吉林省,长春市,山东省,烟台市,2019,0,3,0
吉林省,长春市,山东省,烟台市,2020,2,0,0
吉林省,长春市,山东省,淄博市,2018,2,0,0
吉林省,长春市,山西省,太原市,2018,2,0,0
吉林省,长春市,陕西省,渭南市,2020,1,1,0
吉林省,长春市,陕西省,西安市,2018,1,0,0
吉林省,长春市,陕西省,西安市,2020,6,8,0
吉林省,长春市,上海市,上海市,2018,6,14,0
吉林省,长春市,上海市,上海市,2019,15,16,2
吉林省,长春市,上海市,上海市,2020,18,14,1
吉林省,长春市,四川省,成都市,2018,2,9,0
吉林省,长春市,四川省,成都市,2019,6,12,0
吉林省,长春市,四川省,成都市,2020,5,13,0
吉林省,长春市,四川省,广安市,2019,1,0,0
吉林省,长春市,四川省,广安市,2020,2,0,0
吉林省,长春市,四川省,宜宾市,2019,1,0,0
吉林省,长春市,天津市,天津市,2018,10,4,0
吉林省,长春市,天津市,天津市,2019,5,23,0
吉林省,长春市,天津市,天津市,2020,4,2,0
吉林省,长春市,西藏自治区,拉萨市,2020,0,1,0
吉林省,长春市,西藏自治区,林芝市,2020,0,1,0
吉林省,长春市,新疆维吾尔自治区,乌鲁木齐市,2018,7,0,0
吉林省,长春市,云南省,昆明市,2020,1,0,0
吉林省,长春市,云南省,临沧市,2019,0,2,0
吉林省,长春市,云南省,玉溪市,2019,0,1,0
吉林省,长春市,云南省,玉溪市,2020,1,0,0
吉林省,长春市,浙江省,杭州市,2019,12,1,0
吉林省,长春市,浙江省,杭州市,2020,14,3,0
吉林省,长春市,浙江省,湖州市,2020,1,1,0
吉林省,长春市,浙江省,嘉兴市,2018,1,0,0
吉林省,长春市,浙江省,嘉兴市,2020,1,0,0
吉林省,长春市,浙江省,金华市,2018,2,1,0
吉林省,长春市,浙江省,金华市,2019,4,0,0
吉林省,长春市,浙江省,宁波市,2018,0,1,0
吉林省,长春市,浙江省,宁波市,2019,3,2,0
吉林省,长春市,浙江省,宁波市,2020,8,0,0
吉林省,长春市,浙江省,绍兴市,2018,0,1,0
吉林省,长春市,浙江省,台州市,2020,1,1,0
吉林省,长春市,浙江省,温州市,2020,1,0,0
吉林省,长春市,重庆市,重庆市,2018,2,2,0
吉林省,长春市,重庆市,重庆市,2019,1,2,0
吉林省,长春市,重庆市,重庆市,2020,13,9,0
吉林省,吉林市,安徽省,合肥市,2019,0,1,0
吉林省,吉林市,北京市,北京市,2018,60,26,0
吉林省,吉林市,北京市,北京市,2019,83,38,0
吉林省,吉林市,北京市,北京市,2020,71,29,0
吉林省,吉林市,甘肃省,兰州市,2018,3,0,0
吉林省,吉林市,甘肃省,兰州市,2019,1,1,0
吉林省,吉林市,甘肃省,兰州市,2020,3,3,0
吉林省,吉林市,河北省,保定市,2018,0,1,0
吉林省,吉林市,黑龙江省,佳木斯市,2018,2,1,0
吉林省,吉林市,黑龙江省,佳木斯市,2020,0,1,0
吉林省,吉林市,黑龙江省,七台河市,2019,2,0,0
吉林省,吉林市,黑龙江省,伊春市,2020,2,0,0
吉林省,吉林市,江苏省,南京市,2018,3,0,0
吉林省,吉林市,江苏省,南京市,2019,6,1,0
吉林省,吉林市,江苏省,南京市,2020,8,1,0
吉林省,吉林市,江西省,南昌市,2019,0,2,0
吉林省,吉林市,辽宁省,丹东市,2019,0,1,0
吉林省,吉林市,辽宁省,丹东市,2020,5,0,0
吉林省,吉林市,上海市,上海市,2018,4,0,0
吉林省,吉林市,上海市,上海市,2019,2,1,0
吉林省,吉林市,上海市,上海市,2020,1,1,0
吉林省,吉林市,新疆维吾尔自治区,乌鲁木齐市,2019,2,0,0
吉林省,辽源市,北京市,北京市,2018,7,5,0
吉林省,辽源市,北京市,北京市,2019,9,8,0
吉林省,辽源市,北京市,北京市,2020,9,3,0
吉林省,辽源市,辽宁省,丹东市,2019,0,1,0
吉林省,辽源市,山东省,济宁市,2018,5,0,0
吉林省,辽源市,浙江省,嘉兴市,2018,1,0,0
吉林省,四平市,北京市,北京市,2018,1,3,0
吉林省,四平市,北京市,北京市,2020,1,0,0
吉林省,四平市,河北省,保定市,2019,1,0,0
吉林省,四平市,江苏省,南京市,2018,1,0,0
吉林省,四平市,辽宁省,丹东市,2019,0,1,0
吉林省,四平市,四川省,凉山彝族自治州,2019,0,1,0
吉林省,四平市,四川省,内江市,2018,0,1,0
吉林省,四平市,新疆维吾尔自治区,伊犁哈萨克自治州,2018,1,2,0
吉林省,松原市,北京市,北京市,2019,3,3,0
吉林省,松原市,北京市,北京市,2020,3,3,0
吉林省,松原市,福建省,三明市,2020,1,0,0
吉林省,松原市,河北省,唐山市,2018,1,0,0
吉林省,松原市,黑龙江省,哈尔滨市,2019,3,0,0
吉林省,松原市,吉林省,吉林市,2019,7,0,0
吉林省,松原市,江苏省,南京市,2018,0,1,0
吉林省,松原市,辽宁省,大连市,2020,1,0,0
吉林省,松原市,辽宁省,丹东市,2020,1,1,0
吉林省,松原市,上海市,上海市,2019,1,0,0
吉林省,松原市,四川省,成都市,2018,1,0,0
吉林省,松原市,四川省,成都市,2019,7,0,0
吉林省,松原市,四川省,成都市,2020,4,0,0
吉林省,松原市,天津市,天津市,2019,12,0,0
吉林省,松原市,天津市,天津市,2020,4,0,0
吉林省,松原市,新疆维吾尔自治区,克拉玛依市,2018,1,0,0
吉林省,松原市,新疆维吾尔自治区,乌鲁木齐市,2019,1,8,2
吉林省,通化市,北京市,北京市,2018,12,5,0
吉林省,通化市,北京市,北京市,2019,16,7,0
吉林省,通化市,北京市,北京市,2020,45,8,0
吉林省,通化市,吉林省,吉林市,2019,1,1,0
吉林省,通化市,吉林省,吉林市,2020,13,0,0
吉林省,通化市,吉林省,延边朝鲜族自治州,2019,2,0,0
吉林省,通化市,辽宁省,沈阳市,2018,0,1,0
吉林省,通化市,内蒙古自治区,赤峰市,2020,1,0,0
吉林省,通化市,山东省,东营市,2019,1,1,0
吉林省,通化市,上海市,上海市,2020,0,1,0
吉林省,通化市,四川省,成都市,2019,1,0,0
吉林省,通化市,天津市,天津市,2018,1,0,0
吉林省,通化市,天津市,天津市,2020,0,1,0
吉林省,延边朝鲜族自治州,北京市,北京市,2018,3,10,0
吉林省,延边朝鲜族自治州,北京市,北京市,2019,6,16,0
吉林省,延边朝鲜族自治州,北京市,北京市,2020,3,8,0
吉林省,延边朝鲜族自治州,甘肃省,定西市,2020,0,1,0
吉林省,延边朝鲜族自治州,黑龙江省,哈尔滨市,2019,1,6,0
吉林省,延边朝鲜族自治州,黑龙江省,哈尔滨市,2020,1,1,0
吉林省,延边朝鲜族自治州,吉林省,四平市,2018,0,1,0
吉林省,延边朝鲜族自治州,吉林省,四平市,2020,0,1,0
吉林省,延边朝鲜族自治州,江西省,吉安市,2019,1,0,0
吉林省,延边朝鲜族自治州,辽宁省,大连市,2018,0,1,0
吉林省,延边朝鲜族自治州,辽宁省,大连市,2019,1,1,0
吉林省,延边朝鲜族自治州,辽宁省,大连市,2020,0,1,0
吉林省,延边朝鲜族自治州,上海市,上海市,2018,1,0,0
吉林省,延边朝鲜族自治州,上海市,上海市,2019,2,0,0
吉林省,延边朝鲜族自治州,上海市,上海市,2020,4,1,0
吉林省,延边朝鲜族自治州,天津市,天津市,2018,0,1,0
吉林省,延边朝鲜族自治州,新疆维吾尔自治区,乌鲁木齐市,2019,1,1,0
吉林省,延边朝鲜族自治州,新疆维吾尔自治区,伊犁哈萨克自治州,2018,0,1,0
江苏省,常州市,安徽省,安庆市,2018,0,1,0
江苏省,常州市,安徽省,安庆市,2020,0,2,0
江苏省,常州市,安徽省,亳州市,2020,3,0,0
江苏省,常州市,安徽省,合肥市,2018,2,0,0
江苏省,常州市,安徽省,合肥市,2019,5,6,0
江苏省,常州市,安徽省,合肥市,2020,10,5,0
江苏省,常州市,安徽省,六安市,2019,1,1,0
江苏省,常州市,安徽省,宿州市,2019,2,0,0
江苏省,常州市,安徽省,宿州市,2020,1,1,0
江苏省,常州市,安徽省,宣城市,2020,1,1,0
江苏省,常州市,北京市,北京市,2018,106,40,0
江苏省,常州市,北京市,北京市,2019,111,58,5
江苏省,常州市,北京市,北京市,2020,141,68,13
江苏省,常州市,福建省,宁德市,2019,1,5,0
江苏省,常州市,福建省,厦门市,2018,2,0,0
江苏省,常州市,甘肃省,兰州市,2018,0,1,0
江苏省,常州市,甘肃省,兰州市,2020,1,1,0
江苏省,常州市,广东省,东莞市,2020,5,4,0
江苏省,常州市,广东省,佛山市,2019,0,5,0
江苏省,常州市,广东省,佛山市,2020,0,9,0
江苏省,常州市,广东省,中山市,2020,0,1,0
江苏省,常州市,广西壮族自治区,南宁市,2019,1,1,0
江苏省,常州市,广西壮族自治区,南宁市,2020,1,1,0
江苏省,常州市,河北省,保定市,2018,1,3,0
江苏省,常州市,河北省,保定市,2020,2,3,0
江苏省,常州市,河北省,唐山市,2019,0,1,1
江苏省,常州市,河北省,唐山市,2020,1,2,0
江苏省,常州市,河南省,安阳市,2018,1,0,0
江苏省,常州市,河南省,南阳市,2020,2,2,0
江苏省,常州市,黑龙江省,哈尔滨市,2018,0,1,0
江苏省,常州市,湖北省,十堰市,2019,2,2,0
江苏省,常州市,湖北省,宜昌市,2018,1,0,0
江苏省,常州市,吉林省,吉林市,2018,0,2,0
江苏省,常州市,江苏省,南京市,2018,126,64,0
江苏省,常州市,江苏省,南京市,2019,131,70,2
江苏省,常州市,江苏省,南京市,2020,198,200,3
江苏省,常州市,江苏省,南通市,2018,9,7,0
江苏省,常州市,江苏省,南通市,2019,6,13,0
江苏省,常州市,江苏省,南通市,2020,11,14,0
江苏省,常州市,江苏省,宿迁市,2019,4,0,0
江苏省,常州市,江苏省,宿迁市,2020,3,1,0
江苏省,常州市,江西省,吉安市,2020,1,0,0
江苏省,常州市,江西省,南昌市,2019,1,0,0
江苏省,常州市,江西省,南昌市,2020,5,1,0
江苏省,常州市,江西省,上饶市,2019,7,0,0
江苏省,常州市,江西省,宜春市,2020,1,0,0
江苏省,常州市,辽宁省,大连市,2018,2,1,0
江苏省,常州市,辽宁省,大连市,2020,3,3,0
江苏省,常州市,内蒙古自治区,巴彦淖尔市,2020,0,1,0
江苏省,常州市,内蒙古自治区,呼和浩特市,2020,2,4,0
江苏省,常州市,山东省,临沂市,2020,5,1,0
江苏省,常州市,山东省,威海市,2018,1,0,0
江苏省,常州市,山西省,太原市,2020,14,11,1
江苏省,常州市,陕西省,宝鸡市,2018,2,1,0
江苏省,常州市,陕西省,咸阳市,2020,2,2,0
江苏省,常州市,上海市,上海市,2018,81,69,18
江苏省,常州市,上海市,上海市,2019,124,91,16
江苏省,常州市,上海市,上海市,2020,171,69,20
江苏省,常州市,天津市,天津市,2018,5,2,0
江苏省,常州市,天津市,天津市,2019,7,16,0
江苏省,常州市,天津市,天津市,2020,3,7,0
江苏省,常州市,新疆维吾尔自治区,乌鲁木齐市,2020,0,2,0
江苏省,常州市,新疆维吾尔自治区,伊犁哈萨克自治州,2020,1,0,0
江苏省,常州市,浙江省,嘉兴市,2018,0,1,0
江苏省,常州市,浙江省,嘉兴市,2019,1,0,0
江苏省,常州市,浙江省,宁波市,2018,2,2,0
江苏省,常州市,浙江省,宁波市,2019,0,2,0
江苏省,常州市,浙江省,宁波市,2020,5,4,1
江苏省,常州市,浙江省,台州市,2018,1,0,0
江苏省,常州市,浙江省,台州市,2019,0,1,0
江苏省,常州市,浙江省,台州市,2020,2,0,0
江苏省,丹阳市,上海市,上海市,2019,0,11,2
江苏省,海门市,广东省,广州市,2020,0,2,0
江苏省,海门市,江苏省,南京市,2019,0,1,2
江苏省,海门市,江苏省,南通市,2019,0,1,0
江苏省,淮安市,安徽省,亳州市,2020,0,3,0
江苏省,淮安市,北京市,北京市,2018,16,5,0
江苏省,淮安市,北京市,北京市,2019,20,8,0
江苏省,淮安市,北京市,北京市,2020,32,11,0
江苏省,淮安市,甘肃省,兰州市,2018,1,0,0
江苏省,淮安市,甘肃省,兰州市,2019,12,0,0
江苏省,淮安市,甘肃省,兰州市,2020,6,4,0
江苏省,淮安市,甘肃省,平凉市,2020,2,0,0
江苏省,淮安市,广东省,佛山市,2018,5,0,0
江苏省,淮安市,广东省,佛山市,2019,5,1,0
江苏省,淮安市,广东省,佛山市,2020,10,24,0
江苏省,淮安市,广东省,惠州市,2020,0,11,0
江苏省,淮安市,河北省,保定市,2020,1,0,0
江苏省,淮安市,湖北省,武汉市,2019,3,2,0
江苏省,淮安市,湖北省,武汉市,2020,1,2,0
江苏省,淮安市,江苏省,常州市,2018,3,3,0
江苏省,淮安市,江苏省,常州市,2019,0,2,0
江苏省,淮安市,江苏省,南京市,2018,42,27,0
江苏省,淮安市,江苏省,南京市,2019,36,24,0
江苏省,淮安市,江苏省,南京市,2020,38,35,0
江苏省,淮安市,江苏省,南通市,2018,6,0,0
江苏省,淮安市,江苏省,南通市,2019,2,0,0
江苏省,淮安市,江苏省,南通市,2020,0,3,0
江苏省,淮安市,江苏省,泰州市,2019,3,0,0
江苏省,淮安市,江苏省,泰州市,2020,1,0,1
江苏省,淮安市,江苏省,无锡市,2018,1,0,0
江苏省,淮安市,江苏省,无锡市,2019,3,0,0
江苏省,淮安市,江苏省,无锡市,2020,7,2,0
江苏省,淮安市,江苏省,徐州市,2019,0,1,0
江苏省,淮安市,江苏省,徐州市,2020,4,2,0
江苏省,淮安市,江苏省,扬州市,2018,5,0,0
江苏省,淮安市,江苏省,扬州市,2019,3,3,0
江苏省,淮安市,江苏省,扬州市,2020,5,2,0
江苏省,淮安市,辽宁省,大连市,2020,3,3,0
江苏省,淮安市,辽宁省,沈阳市,2018,2,0,0
江苏省,淮安市,辽宁省,沈阳市,2019,1,0,0
江苏省,淮安市,山东省,东营市,2020,0,2,0
江苏省,淮安市,山东省,济南市,2018,2,0,0
江苏省,淮安市,山东省,济南市,2020,0,1,0
江苏省,淮安市,山东省,济宁市,2018,1,0,0
江苏省,淮安市,山东省,临沂市,2018,0,1,0
江苏省,淮安市,山西省,太原市,2018,0,2,0
江苏省,淮安市,陕西省,咸阳市,2018,1,0,0
江苏省,淮安市,陕西省,咸阳市,2019,0,6,0
江苏省,淮安市,上海市,上海市,2018,7,4,0
江苏省,淮安市,上海市,上海市,2019,16,18,0
江苏省,淮安市,上海市,上海市,2020,17,15,0
江苏省,淮安市,四川省,成都市,2019,1,0,0
江苏省,淮安市,四川省,成都市,2020,2,0,0
江苏省,淮安市,天津市,天津市,2020,0,0,1
江苏省,淮安市,云南省,昆明市,2020,1,2,0
江苏省,淮安市,浙江省,杭州市,2018,1,1,0
江苏省,淮安市,浙江省,杭州市,2019,3,1,0
江苏省,淮安市,浙江省,杭州市,2020,3,0,0
江苏省,淮安市,浙江省,嘉兴市,2018,1,4,0
江苏省,淮安市,浙江省,嘉兴市,2019,1,1,0
江苏省,淮安市,浙江省,嘉兴市,2020,0,3,0
江苏省,淮安市,浙江省,宁波市,2018,5,5,0
江苏省,淮安市,浙江省,宁波市,2019,0,1,0
江苏省,淮安市,浙江省,宁波市,2020,3,3,0
江苏省,淮安市,浙江省,台州市,2020,0,0,2
江苏省,靖江市,江苏省,苏州市,2019,0,1,0
江苏省,靖江市,江苏省,苏州市,2020,0,6,1
江苏省,昆山市,北京市,北京市,2020,0,1,1
江苏省,昆山市,河北省,保定市,2019,0,0,6
江苏省,昆山市,江苏省,徐州市,2018,0,9,0
江苏省,昆山市,江苏省,徐州市,2019,0,26,0
江苏省,昆山市,江苏省,徐州市,2020,0,1,0
江苏省,昆山市,上海市,上海市,2019,0,4,4
江苏省,昆山市,上海市,上海市,2020,0,1,1
江苏省,昆山市,天津市,天津市,2018,0,1,0
江苏省,昆山市,浙江省,宁波市,2019,0,0,1
江苏省,连云港市,安徽省,合肥市,2018,1,0,0
江苏省,连云港市,安徽省,合肥市,2019,1,1,0
江苏省,连云港市,安徽省,合肥市,2020,0,2,0
江苏省,连云港市,安徽省,淮南市,2019,1,0,0
江苏省,连云港市,安徽省,芜湖市,2019,1,0,0
江苏省,连云港市,北京市,北京市,2018,54,55,0
江苏省,连云港市,北京市,北京市,2019,33,11,6
江苏省,连云港市,北京市,北京市,2020,27,8,1
江苏省,连云港市,福建省,福州市,2020,2,14,0
江苏省,连云港市,福建省,厦门市,2018,1,0,0
江苏省,连云港市,福建省,厦门市,2019,1,0,0
江苏省,连云港市,福建省,厦门市,2020,4,0,0
江苏省,连云港市,甘肃省,兰州市,2019,1,0,0
江苏省,连云港市,广东省,东莞市,2019,0,0,2
江苏省,连云港市,广东省,东莞市,2020,0,0,1
江苏省,连云港市,广东省,广州市,2018,2,0,0
江苏省,连云港市,广东省,广州市,2019,2,0,0
江苏省,连云港市,广东省,广州市,2020,1,0,0
江苏省,连云港市,广东省,深圳市,2018,0,2,0
江苏省,连云港市,广东省,深圳市,2019,2,0,0
江苏省,连云港市,广东省,深圳市,2020,3,0,0
江苏省,连云港市,广东省,珠海市,2020,8,8,2
江苏省,连云港市,广西壮族自治区,北海市,2018,3,2,0
江苏省,连云港市,广西壮族自治区,北海市,2019,1,4,0
江苏省,连云港市,广西壮族自治区,桂林市,2018,0,1,0
江苏省,连云港市,贵州省,贵阳市,2019,1,1,0
江苏省,连云港市,河北省,保定市,2020,5,0,0
江苏省,连云港市,河南省,安阳市,2020,3,1,0
江苏省,连云港市,黑龙江省,哈尔滨市,2020,0,1,0
江苏省,连云港市,湖北省,武汉市,2018,2,1,0
江苏省,连云港市,湖北省,武汉市,2019,3,1,0
江苏省,连云港市,湖北省,武汉市,2020,7,5,0
江苏省,连云港市,湖北省,宜昌市,2019,1,0,0
江苏省,连云港市,江苏省,常州市,2019,14,0,0
江苏省,连云港市,江苏省,常州市,2020,20,1,0
江苏省,连云港市,江苏省,淮安市,2018,1,1,0
江苏省,连云港市,江苏省,淮安市,2020,2,4,0
江苏省,连云港市,江苏省,南京市,2018,39,7,0
江苏省,连云港市,江苏省,南京市,2019,32,11,0
江苏省,连云港市,江苏省,南京市,2020,79,55,0
江苏省,连云港市,江苏省,南通市,2018,3,0,0
江苏省,连云港市,江苏省,南通市,2019,1,0,0
江苏省,连云港市,江苏省,南通市,2020,4,1,0
江苏省,连云港市,江苏省,苏州市,2018,7,0,0
江苏省,连云港市,江苏省,苏州市,2019,18,0,0
江苏省,连云港市,江苏省,苏州市,2020,14,1,0
江苏省,连云港市,江苏省,宿迁市,2018,1,5,0
江苏省,连云港市,江苏省,宿迁市,2019,3,26,0
江苏省,连云港市,江苏省,宿迁市,2020,1,19,0
江苏省,连云港市,江苏省,泰州市,2018,0,1,0
江苏省,连云港市,江苏省,无锡市,2018,3,0,0
江苏省,连云港市,江苏省,无锡市,2019,7,2,0
江苏省,连云港市,江苏省,无锡市,2020,8,11,0
江苏省,连云港市,江苏省,徐州市,2018,2,0,0
江苏省,连云港市,江苏省,徐州市,2019,1,0,0
江苏省,连云港市,江苏省,徐州市,2020,1,1,0
江苏省,连云港市,江苏省,盐城市,2018,9,5,0
江苏省,连云港市,江苏省,盐城市,2019,4,0,0
江苏省,连云港市,江苏省,盐城市,2020,11,11,0
江苏省,连云港市,江苏省,扬州市,2018,16,0,0
江苏省,连云港市,江苏省,扬州市,2019,53,7,0
江苏省,连云港市,江苏省,扬州市,2020,55,2,0
江苏省,连云港市,江西省,抚州市,2019,14,5,0
江苏省,连云港市,江西省,抚州市,2020,1,1,0
江苏省,连云港市,江西省,景德镇市,2018,1,0,0
江苏省,连云港市,江西省,南昌市,2018,3,0,0
江苏省,连云港市,江西省,新余市,2018,6,2,0
江苏省,连云港市,江西省,新余市,2019,1,0,0
江苏省,连云港市,辽宁省,大连市,2018,1,0,0
江苏省,连云港市,辽宁省,大连市,2019,3,0,0
江苏省,连云港市,宁夏回族自治区,中卫市,2019,6,0,0
江苏省,连云港市,宁夏回族自治区,中卫市,2020,40,1,0
江苏省,连云港市,山东省,济宁市,2020,0,1,0
江苏省,连云港市,山东省,临沂市,2018,1,0,0
江苏省,连云港市,山东省,临沂市,2020,1,0,0
江苏省,连云港市,山东省,日照市,2018,0,1,0
江苏省,连云港市,山东省,日照市,2019,1,0,0
江苏省,连云港市,山东省,日照市,2020,1,0,0
江苏省,连云港市,山东省,烟台市,2018,1,0,0
江苏省,连云港市,山东省,烟台市,2020,1,0,0
江苏省,连云港市,山东省,淄博市,2018,3,2,0
江苏省,连云港市,山东省,淄博市,2019,18,5,0
江苏省,连云港市,山东省,淄博市,2020,1,1,0
江苏省,连云港市,陕西省,西安市,2018,3,0,0
江苏省,连云港市,陕西省,西安市,2019,1,0,0
江苏省,连云港市,陕西省,西安市,2020,1,3,0
江苏省,连云港市,陕西省,榆林市,2019,1,1,0
江苏省,连云港市,陕西省,榆林市,2020,0,2,0
江苏省,连云港市,上海市,上海市,2018,77,12,3
江苏省,连云港市,上海市,上海市,2019,126,9,0
江苏省,连云港市,上海市,上海市,2020,143,9,0
江苏省,连云港市,四川省,成都市,2018,6,1,0
江苏省,连云港市,四川省,成都市,2019,5,0,0
江苏省,连云港市,四川省,成都市,2020,3,0,0
江苏省,连云港市,四川省,达州市,2018,1,1,0
江苏省,连云港市,四川省,宜宾市,2019,1,1,0
江苏省,连云港市,天津市,天津市,2018,3,2,0
江苏省,连云港市,天津市,天津市,2019,1,1,0
江苏省,连云港市,天津市,天津市,2020,3,0,0
江苏省,连云港市,浙江省,杭州市,2018,1,0,0
江苏省,连云港市,浙江省,杭州市,2019,2,1,0
江苏省,连云港市,浙江省,杭州市,2020,2,0,0
江苏省,连云港市,浙江省,嘉兴市,2020,1,0,0
江苏省,连云港市,浙江省,台州市,2018,6,0,0
江苏省,连云港市,浙江省,台州市,2019,1,0,0
江苏省,连云港市,浙江省,台州市,2020,1,0,0
江苏省,连云港市,浙江省,舟山市,2019,1,1,0
江苏省,南京市,安徽省,亳州市,2018,1,2,0
江苏省,南京市,安徽省,亳州市,2020,1,5,0
江苏省,南京市,安徽省,六安市,2018,5,6,0
江苏省,南京市,安徽省,六安市,2019,9,4,0
江苏省,南京市,安徽省,六安市,2020,7,2,0
江苏省,南京市,北京市,北京市,2018,1765,413,6
江苏省,南京市,北京市,北京市,2019,2075,438,9
江苏省,南京市,北京市,北京市,2020,2221,554,20
江苏省,南京市,福建省,三明市,2018,2,0,0
江苏省,南京市,福建省,三明市,2019,0,2,0
江苏省,南京市,甘肃省,兰州市,2018,16,4,0
江苏省,南京市,甘肃省,兰州市,2019,20,1,0
江苏省,南京市,甘肃省,兰州市,2020,37,1,0
江苏省,南京市,广东省,东莞市,2018,79,49,0
江苏省,南京市,广东省,东莞市,2019,75,85,0
江苏省,南京市,广东省,东莞市,2020,66,146,8
江苏省,南京市,广东省,佛山市,2018,15,5,0
江苏省,南京市,广东省,佛山市,2019,2,1,0
江苏省,南京市,广东省,佛山市,2020,4,3,0
江苏省,南京市,广东省,云浮市,2018,1,0,0
江苏省,南京市,广东省,云浮市,2019,2,0,0
江苏省,南京市,广东省,云浮市,2020,6,3,0
江苏省,南京市,广东省,中山市,2019,3,2,0
江苏省,南京市,广东省,中山市,2020,1,0,0
江苏省,南京市,广西壮族自治区,北海市,2019,1,1,0
江苏省,南京市,海南省,儋州市（含洋浦）,2020,1,0,0
江苏省,南京市,海南省,三亚市,2018,1,2,0
江苏省,南京市,海南省,三亚市,2020,1,0,0
江苏省,南京市,河北省,保定市,2018,18,9,0
江苏省,南京市,河北省,保定市,2019,9,6,0
江苏省,南京市,河北省,保定市,2020,26,10,0
江苏省,南京市,河南省,三门峡市,2019,2,0,0
江苏省,南京市,湖北省,十堰市,2020,4,20,0
江苏省,南京市,江西省,九江市,2018,1,0,0
江苏省,南京市,江西省,九江市,2019,8,0,0
江苏省,南京市,江西省,九江市,2020,5,4,0
江苏省,南京市,江西省,上饶市,2019,1,4,0
江苏省,南京市,江西省,上饶市,2020,1,0,0
江苏省,南京市,辽宁省,丹东市,2018,3,0,0
江苏省,南京市,辽宁省,丹东市,2019,1,0,0
江苏省,南京市,辽宁省,丹东市,2020,1,1,0
江苏省,南京市,内蒙古自治区,包头市,2018,2,0,0
江苏省,南京市,内蒙古自治区,包头市,2020,0,1,0
江苏省,南京市,内蒙古自治区,乌兰察布市,2018,1,0,0
江苏省,南京市,内蒙古自治区,乌兰察布市,2019,1,2,0
江苏省,南京市,内蒙古自治区,乌兰察布市,2020,1,0,0
江苏省,南京市,宁夏回族自治区,中卫市,2018,1,0,0
江苏省,南京市,山东省,东营市,2018,4,0,0
江苏省,南京市,山东省,东营市,2019,5,0,0
江苏省,南京市,山东省,东营市,2020,0,1,0
江苏省,南京市,山东省,临沂市,2018,5,0,0
江苏省,南京市,山东省,临沂市,2019,3,0,0
江苏省,南京市,山东省,临沂市,2020,4,0,0
江苏省,南京市,山西省,临汾市,2018,1,0,0
江苏省,南京市,山西省,临汾市,2019,1,0,0
江苏省,南京市,上海市,上海市,2018,242,127,3
江苏省,南京市,上海市,上海市,2019,281,196,6
江苏省,南京市,上海市,上海市,2020,378,97,12
江苏省,南京市,四川省,乐山市,2019,1,0,0
江苏省,南京市,新疆维吾尔自治区,克孜勒苏柯尔克孜自治州,2019,0,1,0
江苏省,南京市,新疆维吾尔自治区,克孜勒苏柯尔克孜自治州,2020,0,6,0
江苏省,南京市,新疆维吾尔自治区,乌鲁木齐市,2018,19,8,0
江苏省,南京市,新疆维吾尔自治区,乌鲁木齐市,2019,23,3,1
江苏省,南京市,新疆维吾尔自治区,乌鲁木齐市,2020,34,0,0
江苏省,南京市,新疆维吾尔自治区,伊犁哈萨克自治州,2019,1,0,0
江苏省,南京市,新疆维吾尔自治区,伊犁哈萨克自治州,2020,2,0,0
江苏省,南京市,云南省,保山市,2019,0,11,0
江苏省,南京市,云南省,保山市,2020,2,2,0
江苏省,南京市,云南省,丽江市,2018,0,1,0
江苏省,南京市,云南省,丽江市,2019,3,0,0
江苏省,南京市,浙江省,丽水市,2018,0,1,0
江苏省,南京市,浙江省,丽水市,2020,1,0,0
江苏省,南通市,北京市,北京市,2018,37,28,0
江苏省,南通市,北京市,北京市,2019,62,39,0
江苏省,南通市,北京市,北京市,2020,59,38,4
江苏省,南通市,福建省,三明市,2018,1,0,0
江苏省,南通市,甘肃省,兰州市,2018,1,0,0
江苏省,南通市,甘肃省,兰州市,2019,5,3,0
江苏省,南通市,甘肃省,兰州市,2020,3,0,0
江苏省,南通市,广东省,东莞市,2018,6,16,0
江苏省,南通市,广东省,东莞市,2019,2,3,0
江苏省,南通市,广东省,东莞市,2020,1,0,0
江苏省,南通市,广东省,佛山市,2020,1,0,0
江苏省,南通市,广东省,中山市,2020,3,1,0
江苏省,南通市,广西壮族自治区,南宁市,2018,0,1,0
江苏省,南通市,广西壮族自治区,南宁市,2019,0,1,0
江苏省,南通市,河北省,保定市,2018,0,1,0
江苏省,南通市,河北省,保定市,2019,1,0,0
江苏省,南通市,河南省,三门峡市,2020,1,0,0
江苏省,南通市,江苏省,南京市,2018,60,38,0
江苏省,南通市,江苏省,南京市,2019,83,38,0
江苏省,南通市,江苏省,南京市,2020,86,42,1
江苏省,南通市,江西省,南昌市,2018,7,0,0
江苏省,南通市,江西省,南昌市,2020,2,0,0
江苏省,南通市,上海市,上海市,2018,224,78,9
江苏省,南通市,上海市,上海市,2019,186,108,12
江苏省,南通市,上海市,上海市,2020,192,127,6
江苏省,南通市,新疆维吾尔自治区,乌鲁木齐市,2018,3,0,0
江苏省,南通市,浙江省,丽水市,2020,0,1,0
江苏省,苏州市,安徽省,滁州市,2019,1,0,0
江苏省,苏州市,安徽省,滁州市,2020,1,1,0
江苏省,苏州市,安徽省,合肥市,2018,27,34,0
江苏省,苏州市,安徽省,合肥市,2019,29,46,0
江苏省,苏州市,安徽省,合肥市,2020,47,45,0
江苏省,苏州市,安徽省,淮北市,2018,1,2,0
江苏省,苏州市,安徽省,淮南市,2019,1,0,0
江苏省,苏州市,安徽省,宿州市,2018,2,1,0
江苏省,苏州市,安徽省,宿州市,2019,10,0,0
江苏省,苏州市,安徽省,芜湖市,2019,2,0,2
江苏省,苏州市,安徽省,芜湖市,2020,2,2,0
江苏省,苏州市,安徽省,宣城市,2018,6,2,0
江苏省,苏州市,安徽省,宣城市,2019,10,18,0
江苏省,苏州市,安徽省,宣城市,2020,7,18,0
江苏省,苏州市,北京市,北京市,2018,400,173,1
江苏省,苏州市,北京市,北京市,2019,521,253,27
江苏省,苏州市,北京市,北京市,2020,581,221,59
江苏省,苏州市,福建省,福州市,2019,0,2,0
江苏省,苏州市,福建省,福州市,2020,3,0,0
江苏省,苏州市,福建省,南平市,2020,0,6,0
江苏省,苏州市,福建省,宁德市,2018,4,0,0
江苏省,苏州市,福建省,宁德市,2019,5,2,0
江苏省,苏州市,福建省,宁德市,2020,1,0,0
江苏省,苏州市,福建省,泉州市,2019,1,0,0
江苏省,苏州市,福建省,三明市,2019,1,0,0
江苏省,苏州市,福建省,三明市,2020,2,3,0
江苏省,苏州市,福建省,厦门市,2019,2,4,0
江苏省,苏州市,福建省,厦门市,2020,4,0,0
江苏省,苏州市,甘肃省,白银市,2018,5,0,0
江苏省,苏州市,甘肃省,兰州市,2018,9,0,0
江苏省,苏州市,甘肃省,兰州市,2019,29,7,1
江苏省,苏州市,甘肃省,兰州市,2020,18,1,0
江苏省,苏州市,甘肃省,张掖市,2019,1,0,0
江苏省,苏州市,甘肃省,张掖市,2020,1,0,0
江苏省,苏州市,广东省,潮州市,2020,1,1,0
江苏省,苏州市,广东省,东莞市,2018,15,14,0
江苏省,苏州市,广东省,东莞市,2019,7,19,1
江苏省,苏州市,广东省,东莞市,2020,32,15,2
江苏省,苏州市,广东省,佛山市,2018,132,187,0
江苏省,苏州市,广东省,佛山市,2019,105,93,8
江苏省,苏州市,广东省,佛山市,2020,137,90,25
江苏省,苏州市,广东省,广州市,2018,52,19,0
江苏省,苏州市,广东省,广州市,2019,52,12,0
江苏省,苏州市,广东省,广州市,2020,49,25,5
江苏省,苏州市,广东省,河源市,2018,2,0,0
江苏省,苏州市,广东省,惠州市,2020,2,2,0
江苏省,苏州市,广东省,江门市,2020,2,1,0
江苏省,苏州市,广东省,揭阳市,2020,2,1,0
江苏省,苏州市,广东省,清远市,2020,2,0,0
江苏省,苏州市,广东省,汕头市,2018,2,0,0
江苏省,苏州市,广东省,汕头市,2019,4,1,0
江苏省,苏州市,广东省,深圳市,2018,186,101,1
江苏省,苏州市,广东省,深圳市,2019,256,155,9
江苏省,苏州市,广东省,深圳市,2020,290,182,9
江苏省,苏州市,广东省,云浮市,2020,0,1,0
江苏省,苏州市,广东省,肇庆市,2019,1,3,0
江苏省,苏州市,广东省,肇庆市,2020,12,4,0
江苏省,苏州市,广东省,中山市,2020,0,1,0
江苏省,苏州市,广东省,珠海市,2018,7,2,0
江苏省,苏州市,广东省,珠海市,2019,6,15,0
江苏省,苏州市,广东省,珠海市,2020,11,8,0
江苏省,苏州市,广西壮族自治区,桂林市,2019,4,2,0
江苏省,苏州市,广西壮族自治区,河池市,2019,1,1,0
江苏省,苏州市,广西壮族自治区,河池市,2020,0,5,0
江苏省,苏州市,广西壮族自治区,南宁市,2018,7,0,0
江苏省,苏州市,广西壮族自治区,南宁市,2019,2,4,0
江苏省,苏州市,广西壮族自治区,南宁市,2020,1,2,0
江苏省,苏州市,贵州省,毕节市,2018,1,1,0
江苏省,苏州市,海南省,海口市,2019,3,4,0
江苏省,苏州市,海南省,海口市,2020,4,5,1
江苏省,苏州市,海南省,三亚市,2018,5,2,1
江苏省,苏州市,海南省,三亚市,2019,5,3,7
江苏省,苏州市,海南省,三亚市,2020,7,5,1
江苏省,苏州市,海南省,省直辖县级行政区划,2018,9,4,1
江苏省,苏州市,海南省,省直辖县级行政区划,2019,5,3,7
江苏省,苏州市,海南省,省直辖县级行政区划,2020,7,5,1
江苏省,苏州市,河北省,保定市,2018,1,1,0
江苏省,苏州市,河北省,保定市,2019,2,0,0
江苏省,苏州市,河北省,保定市,2020,2,2,0
江苏省,苏州市,河北省,沧州市,2019,0,1,0
江苏省,苏州市,河北省,廊坊市,2018,8,1,0
江苏省,苏州市,河北省,廊坊市,2020,2,3,0
江苏省,苏州市,河北省,秦皇岛市,2018,8,5,0
江苏省,苏州市,河北省,石家庄市,2018,7,12,0
江苏省,苏州市,河北省,石家庄市,2019,10,13,0
江苏省,苏州市,河北省,石家庄市,2020,2,1,0
江苏省,苏州市,河北省,唐山市,2018,1,0,0
江苏省,苏州市,河北省,唐山市,2019,2,0,0
江苏省,苏州市,河北省,唐山市,2020,1,1,0
江苏省,苏州市,河北省,张家口市,2019,1,0,0
江苏省,苏州市,河南省,焦作市,2019,1,0,0
江苏省,苏州市,河南省,焦作市,2020,2,0,0
江苏省,苏州市,河南省,开封市,2020,2,0,0
江苏省,苏州市,河南省,洛阳市,2018,6,5,0
江苏省,苏州市,河南省,洛阳市,2019,7,19,0
江苏省,苏州市,河南省,洛阳市,2020,2,21,0
江苏省,苏州市,河南省,漯河市,2018,2,0,0
江苏省,苏州市,河南省,南阳市,2018,0,1,0
江苏省,苏州市,河南省,平顶山市,2019,1,0,0
江苏省,苏州市,黑龙江省,大庆市,2018,1,0,0
江苏省,苏州市,黑龙江省,哈尔滨市,2018,4,3,0
江苏省,苏州市,黑龙江省,哈尔滨市,2019,1,1,0
江苏省,苏州市,黑龙江省,哈尔滨市,2020,17,1,0
江苏省,苏州市,黑龙江省,佳木斯市,2019,0,1,0
江苏省,苏州市,湖北省,武汉市,2018,21,4,0
江苏省,苏州市,湖北省,武汉市,2019,33,25,1
江苏省,苏州市,湖北省,武汉市,2020,95,67,9
江苏省,苏州市,湖北省,孝感市,2020,0,3,0
江苏省,苏州市,湖北省,宜昌市,2020,4,14,0
江苏省,苏州市,湖南省,常德市,2020,3,4,0
江苏省,苏州市,湖南省,怀化市,2020,0,2,0
江苏省,苏州市,湖南省,湘潭市,2019,1,0,0
江苏省,苏州市,湖南省,湘潭市,2020,3,2,0
江苏省,苏州市,湖南省,岳阳市,2020,1,1,0
江苏省,苏州市,湖南省,株洲市,2018,1,0,0
江苏省,苏州市,湖南省,株洲市,2019,0,1,0
江苏省,苏州市,湖南省,株洲市,2020,7,1,0
江苏省,苏州市,吉林省,吉林市,2020,3,0,0
江苏省,苏州市,江苏省,常州市,2018,9,14,0
江苏省,苏州市,江苏省,常州市,2019,11,11,0
江苏省,苏州市,江苏省,常州市,2020,62,49,0
江苏省,苏州市,江苏省,淮安市,2018,1,0,0
江苏省,苏州市,江苏省,淮安市,2019,3,1,0
江苏省,苏州市,江苏省,淮安市,2020,3,5,0
江苏省,苏州市,江苏省,昆山市,2018,0,5,0
江苏省,苏州市,江苏省,昆山市,2019,0,14,0
江苏省,苏州市,江苏省,昆山市,2020,0,8,2
江苏省,苏州市,江苏省,南京市,2018,196,102,19
江苏省,苏州市,江苏省,南京市,2019,165,176,38
江苏省,苏州市,江苏省,南京市,2020,227,192,36
江苏省,苏州市,江苏省,南通市,2018,118,19,0
江苏省,苏州市,江苏省,南通市,2019,74,9,0
江苏省,苏州市,江苏省,南通市,2020,84,7,0
江苏省,苏州市,江苏省,宿迁市,2018,1,3,0
江苏省,苏州市,江苏省,宿迁市,2019,3,6,0
江苏省,苏州市,江苏省,宿迁市,2020,3,13,0
江苏省,苏州市,江苏省,太仓市,2020,0,8,3
江苏省,苏州市,江苏省,泰州市,2018,5,1,0
江苏省,苏州市,江苏省,泰州市,2019,10,8,1
江苏省,苏州市,江苏省,泰州市,2020,7,3,0
江苏省,苏州市,江苏省,无锡市,2018,49,28,0
江苏省,苏州市,江苏省,无锡市,2019,50,22,4
江苏省,苏州市,江苏省,无锡市,2020,70,49,7
江苏省,苏州市,江苏省,徐州市,2018,13,5,0
江苏省,苏州市,江苏省,徐州市,2019,29,2,0
江苏省,苏州市,江苏省,徐州市,2020,20,25,0
江苏省,苏州市,江苏省,盐城市,2018,23,23,0
江苏省,苏州市,江苏省,盐城市,2019,29,29,0
江苏省,苏州市,江苏省,盐城市,2020,31,42,0
江苏省,苏州市,江苏省,扬州市,2018,6,5,0
江苏省,苏州市,江苏省,扬州市,2019,27,20,0
江苏省,苏州市,江苏省,扬州市,2020,11,5,0
江苏省,苏州市,江苏省,张家港市,2019,0,17,5
江苏省,苏州市,江苏省,张家港市,2020,0,47,56
江苏省,苏州市,江西省,九江市,2018,7,0,0
江苏省,苏州市,江西省,九江市,2019,4,0,0
江苏省,苏州市,江西省,九江市,2020,13,0,0
江苏省,苏州市,江西省,南昌市,2018,7,1,0
江苏省,苏州市,江西省,南昌市,2019,4,0,0
江苏省,苏州市,江西省,南昌市,2020,8,1,3
江苏省,苏州市,江西省,上饶市,2020,0,3,0
江苏省,苏州市,江西省,新余市,2020,2,0,0
江苏省,苏州市,辽宁省,本溪市,2018,0,1,0
江苏省,苏州市,辽宁省,本溪市,2019,1,0,0
江苏省,苏州市,辽宁省,大连市,2018,6,6,0
江苏省,苏州市,辽宁省,大连市,2019,7,5,0
江苏省,苏州市,辽宁省,大连市,2020,14,6,0
江苏省,苏州市,辽宁省,丹东市,2018,1,1,0
江苏省,苏州市,辽宁省,丹东市,2020,2,1,0
江苏省,苏州市,辽宁省,抚顺市,2019,0,1,0
江苏省,苏州市,辽宁省,盘锦市,2019,2,0,0
江苏省,苏州市,辽宁省,沈阳市,2018,8,1,0
江苏省,苏州市,辽宁省,沈阳市,2019,11,8,0
江苏省,苏州市,辽宁省,沈阳市,2020,14,3,1
江苏省,苏州市,内蒙古自治区,包头市,2018,0,14,0
江苏省,苏州市,内蒙古自治区,包头市,2019,8,38,0
江苏省,苏州市,内蒙古自治区,包头市,2020,11,22,0
江苏省,苏州市,内蒙古自治区,呼和浩特市,2018,3,0,0
江苏省,苏州市,内蒙古自治区,呼和浩特市,2019,3,3,0
江苏省,苏州市,内蒙古自治区,呼和浩特市,2020,5,3,2
江苏省,苏州市,内蒙古自治区,呼伦贝尔市,2020,3,5,0
江苏省,苏州市,内蒙古自治区,乌兰察布市,2020,1,0,0
江苏省,苏州市,宁夏回族自治区,石嘴山市,2018,5,8,0
江苏省,苏州市,宁夏回族自治区,石嘴山市,2019,3,4,0
江苏省,苏州市,宁夏回族自治区,吴忠市,2019,3,3,0
江苏省,苏州市,山东省,滨州市,2018,8,0,0
江苏省,苏州市,山东省,滨州市,2019,2,0,0
江苏省,苏州市,山东省,滨州市,2020,2,2,0
江苏省,苏州市,山东省,德州市,2018,1,0,0
江苏省,苏州市,山东省,德州市,2019,2,0,0
江苏省,苏州市,山东省,东营市,2019,1,0,0
江苏省,苏州市,山东省,济南市,2018,20,6,0
江苏省,苏州市,山东省,济南市,2019,8,5,0
江苏省,苏州市,山东省,济南市,2020,33,17,2
江苏省,苏州市,山东省,济宁市,2018,3,3,0
江苏省,苏州市,山东省,济宁市,2019,3,1,0
江苏省,苏州市,山东省,济宁市,2020,2,1,0
江苏省,苏州市,山东省,临沂市,2018,2,0,0
江苏省,苏州市,山东省,临沂市,2019,2,4,1
江苏省,苏州市,山东省,日照市,2019,1,2,1
江苏省,苏州市,山东省,日照市,2020,3,0,0
江苏省,苏州市,山东省,泰安市,2019,1,0,0
江苏省,苏州市,山东省,泰安市,2020,1,0,0
江苏省,苏州市,山东省,威海市,2018,3,2,0
江苏省,苏州市,山东省,威海市,2019,3,3,0
江苏省,苏州市,山东省,威海市,2020,8,0,0
江苏省,苏州市,山东省,潍坊市,2018,1,0,0
江苏省,苏州市,山东省,潍坊市,2019,1,2,0
江苏省,苏州市,山东省,潍坊市,2020,2,1,0
江苏省,苏州市,山东省,烟台市,2018,1,4,0
江苏省,苏州市,山东省,烟台市,2019,10,0,1
江苏省,苏州市,山东省,烟台市,2020,5,4,11
江苏省,苏州市,山东省,枣庄市,2019,1,0,0
江苏省,苏州市,山西省,晋城市,2019,0,1,0
江苏省,苏州市,山西省,晋中市,2020,1,1,0
江苏省,苏州市,山西省,朔州市,2020,1,1,0
江苏省,苏州市,山西省,太原市,2018,0,2,0
江苏省,苏州市,山西省,太原市,2019,0,1,1
江苏省,苏州市,山西省,太原市,2020,3,4,0
江苏省,苏州市,陕西省,安康市,2019,1,0,0
江苏省,苏州市,上海市,上海市,2018,428,387,7
江苏省,苏州市,上海市,上海市,2019,490,455,28
江苏省,苏州市,上海市,上海市,2020,620,513,29
江苏省,苏州市,四川省,成都市,2018,9,2,0
江苏省,苏州市,四川省,成都市,2019,13,15,1
江苏省,苏州市,四川省,成都市,2020,20,7,0
江苏省,苏州市,四川省,眉山市,2020,2,0,0
江苏省,苏州市,四川省,绵阳市,2018,7,8,0
江苏省,苏州市,四川省,绵阳市,2020,59,0,0
江苏省,苏州市,四川省,宜宾市,2019,5,4,0
江苏省,苏州市,四川省,宜宾市,2020,1,0,0
江苏省,苏州市,四川省,自贡市,2018,6,6,0
江苏省,苏州市,天津市,天津市,2018,16,13,0
江苏省,苏州市,天津市,天津市,2019,10,6,6
江苏省,苏州市,天津市,天津市,2020,25,9,0
江苏省,苏州市,西藏自治区,拉萨市,2018,5,6,0
江苏省,苏州市,西藏自治区,拉萨市,2019,4,6,23
江苏省,苏州市,西藏自治区,拉萨市,2020,8,14,13
江苏省,苏州市,新疆维吾尔自治区,乌鲁木齐市,2018,0,1,0
江苏省,苏州市,新疆维吾尔自治区,乌鲁木齐市,2019,1,1,0
江苏省,苏州市,新疆维吾尔自治区,乌鲁木齐市,2020,1,2,0
江苏省,苏州市,新疆维吾尔自治区,伊犁哈萨克自治州,2020,1,0,0
江苏省,苏州市,云南省,昆明市,2018,6,0,0
江苏省,苏州市,云南省,昆明市,2019,3,4,0
江苏省,苏州市,云南省,昆明市,2020,5,9,0
江苏省,苏州市,云南省,曲靖市,2018,3,0,0
江苏省,苏州市,云南省,文山壮族苗族自治州,2020,0,1,0
江苏省,苏州市,浙江省,杭州市,2018,27,31,0
江苏省,苏州市,浙江省,杭州市,2019,22,17,1
江苏省,苏州市,浙江省,杭州市,2020,25,9,2
江苏省,苏州市,浙江省,湖州市,2018,14,5,0
江苏省,苏州市,浙江省,湖州市,2019,9,4,0
江苏省,苏州市,浙江省,湖州市,2020,18,5,0
江苏省,苏州市,浙江省,嘉兴市,2018,8,7,0
江苏省,苏州市,浙江省,嘉兴市,2019,6,11,0
江苏省,苏州市,浙江省,嘉兴市,2020,23,45,0
江苏省,苏州市,浙江省,丽水市,2018,1,0,0
江苏省,苏州市,浙江省,丽水市,2019,4,0,0
江苏省,苏州市,浙江省,宁波市,2018,13,9,0
江苏省,苏州市,浙江省,宁波市,2019,16,4,0
江苏省,苏州市,浙江省,宁波市,2020,9,9,0
江苏省,苏州市,浙江省,绍兴市,2018,7,0,0
江苏省,苏州市,浙江省,绍兴市,2019,2,0,0
江苏省,苏州市,浙江省,绍兴市,2020,5,4,0
江苏省,苏州市,浙江省,台州市,2018,2,2,0
江苏省,苏州市,浙江省,台州市,2019,2,0,0
江苏省,苏州市,浙江省,台州市,2020,1,1,0
江苏省,苏州市,浙江省,温州市,2018,4,6,0
江苏省,苏州市,浙江省,温州市,2019,4,6,0
江苏省,苏州市,浙江省,温州市,2020,3,1,0
江苏省,苏州市,浙江省,舟山市,2018,8,0,0
江苏省,苏州市,浙江省,舟山市,2019,1,0,0
江苏省,苏州市,浙江省,舟山市,2020,1,0,0
江苏省,宿迁市,北京市,北京市,2018,32,33,0
江苏省,宿迁市,北京市,北京市,2019,40,48,2
江苏省,宿迁市,北京市,北京市,2020,28,41,3
江苏省,宿迁市,福建省,厦门市,2020,1,0,0
江苏省,宿迁市,广东省,东莞市,2020,1,1,0
江苏省,宿迁市,广东省,佛山市,2018,22,9,2
江苏省,宿迁市,广东省,佛山市,2019,1,2,0
江苏省,宿迁市,广东省,佛山市,2020,6,1,0
江苏省,宿迁市,广东省,中山市,2019,1,1,0
江苏省,宿迁市,河北省,保定市,2018,0,1,0
江苏省,宿迁市,江苏省,南京市,2018,52,39,0
江苏省,宿迁市,江苏省,南京市,2019,79,52,0
江苏省,宿迁市,江苏省,南京市,2020,67,69,0
江苏省,宿迁市,江苏省,南通市,2018,5,2,0
江苏省,宿迁市,江苏省,南通市,2019,7,2,0
江苏省,宿迁市,江苏省,南通市,2020,5,1,0
江苏省,宿迁市,江西省,南昌市,2018,2,0,0
江苏省,宿迁市,江西省,南昌市,2019,1,1,0
江苏省,宿迁市,江西省,南昌市,2020,1,0,0
江苏省,宿迁市,江西省,上饶市,2020,1,0,0
江苏省,宿迁市,山东省,临沂市,2018,0,8,0
江苏省,宿迁市,山东省,临沂市,2019,1,0,0
江苏省,宿迁市,山东省,威海市,2020,0,1,0
江苏省,宿迁市,陕西省,咸阳市,2019,1,0,0
江苏省,宿迁市,上海市,上海市,2018,5,3,0
江苏省,宿迁市,上海市,上海市,2019,3,2,0
江苏省,宿迁市,上海市,上海市,2020,4,1,0
江苏省,宿迁市,天津市,天津市,2018,4,5,0
江苏省,宿迁市,天津市,天津市,2019,15,9,0
江苏省,宿迁市,天津市,天津市,2020,8,1,0
江苏省,宿迁市,浙江省,嘉兴市,2020,0,3,0
江苏省,宿迁市,浙江省,宁波市,2020,2,3,0
江苏省,宿迁市,浙江省,台州市,2018,1,7,0
江苏省,宿迁市,浙江省,台州市,2019,1,2,1
江苏省,宿迁市,浙江省,台州市,2020,0,0,1
江苏省,太仓市,上海市,上海市,2018,0,1,0
江苏省,太仓市,上海市,上海市,2020,0,8,3
江苏省,泰州市,安徽省,合肥市,2020,1,0,0
江苏省,泰州市,北京市,北京市,2018,33,17,0
江苏省,泰州市,北京市,北京市,2019,46,36,2
江苏省,泰州市,北京市,北京市,2020,68,32,1
江苏省,泰州市,福建省,厦门市,2018,9,3,0
江苏省,泰州市,福建省,厦门市,2019,4,3,0
江苏省,泰州市,福建省,厦门市,2020,13,6,0
江苏省,泰州市,甘肃省,兰州市,2020,1,1,0
江苏省,泰州市,广东省,东莞市,2018,1,0,0
江苏省,泰州市,广东省,东莞市,2020,1,1,0
江苏省,泰州市,广东省,广州市,2018,14,0,0
江苏省,泰州市,广东省,广州市,2019,8,0,0
江苏省,泰州市,广东省,广州市,2020,9,0,0
江苏省,泰州市,广东省,惠州市,2018,1,1,0
江苏省,泰州市,广东省,江门市,2019,3,2,0
江苏省,泰州市,广东省,江门市,2020,10,8,0
江苏省,泰州市,广西壮族自治区,柳州市,2020,4,6,0
江苏省,泰州市,河北省,保定市,2018,2,2,0
江苏省,泰州市,河北省,保定市,2019,0,1,0
江苏省,泰州市,河北省,保定市,2020,0,1,0
江苏省,泰州市,河北省,廊坊市,2018,4,12,0
江苏省,泰州市,河北省,廊坊市,2020,1,3,0
江苏省,泰州市,河南省,安阳市,2019,1,0,0
江苏省,泰州市,河南省,安阳市,2020,7,5,0
江苏省,泰州市,河南省,信阳市,2019,0,1,0
江苏省,泰州市,黑龙江省,大庆市,2019,2,2,0
江苏省,泰州市,黑龙江省,哈尔滨市,2020,13,1,0
江苏省,泰州市,湖北省,武汉市,2019,1,3,0
江苏省,泰州市,湖北省,武汉市,2020,4,4,0
江苏省,泰州市,湖北省,宜昌市,2019,1,1,0
江苏省,泰州市,湖南省,岳阳市,2018,1,1,0
江苏省,泰州市,湖南省,岳阳市,2019,0,4,3
江苏省,泰州市,江苏省,常州市,2018,3,0,0
江苏省,泰州市,江苏省,常州市,2019,13,12,0
江苏省,泰州市,江苏省,常州市,2020,2,3,0
江苏省,泰州市,江苏省,南京市,2018,126,34,0
江苏省,泰州市,江苏省,南京市,2019,96,33,0
江苏省,泰州市,江苏省,南京市,2020,138,88,2
江苏省,泰州市,江苏省,南通市,2018,8,5,0
江苏省,泰州市,江苏省,南通市,2019,11,5,0
江苏省,泰州市,江苏省,南通市,2020,3,7,3
江苏省,泰州市,江苏省,宿迁市,2019,0,2,0
江苏省,泰州市,江苏省,宿迁市,2020,1,1,0
江苏省,泰州市,江苏省,无锡市,2018,23,9,0
江苏省,泰州市,江苏省,无锡市,2019,6,2,0
江苏省,泰州市,江苏省,无锡市,2020,7,8,0
江苏省,泰州市,江苏省,徐州市,2019,3,1,0
江苏省,泰州市,江苏省,徐州市,2020,0,3,0
江苏省,泰州市,江苏省,扬州市,2018,7,5,0
江苏省,泰州市,江苏省,扬州市,2019,0,1,0
江苏省,泰州市,江苏省,扬州市,2020,0,1,0
江苏省,泰州市,江西省,九江市,2020,1,1,0
江苏省,泰州市,辽宁省,大连市,2020,1,1,0
江苏省,泰州市,辽宁省,沈阳市,2018,1,0,0
江苏省,泰州市,辽宁省,沈阳市,2019,5,4,0
江苏省,泰州市,辽宁省,沈阳市,2020,8,2,0
江苏省,泰州市,内蒙古自治区,呼和浩特市,2019,5,5,0
江苏省,泰州市,山东省,临沂市,2018,1,0,0
江苏省,泰州市,山东省,临沂市,2019,1,0,0
江苏省,泰州市,山西省,太原市,2018,1,1,0
江苏省,泰州市,山西省,太原市,2020,0,1,0
江苏省,泰州市,陕西省,咸阳市,2020,0,1,0
江苏省,泰州市,上海市,上海市,2018,38,18,1
江苏省,泰州市,上海市,上海市,2019,55,26,0
江苏省,泰州市,上海市,上海市,2020,94,51,0
江苏省,泰州市,四川省,成都市,2018,0,1,0
江苏省,泰州市,四川省,成都市,2019,3,0,0
江苏省,泰州市,四川省,成都市,2020,3,2,0
江苏省,泰州市,四川省,德阳市,2018,1,0,0
江苏省,泰州市,四川省,宜宾市,2020,2,2,0
江苏省,泰州市,天津市,天津市,2018,9,2,0
江苏省,泰州市,天津市,天津市,2019,2,1,0
江苏省,泰州市,天津市,天津市,2020,17,0,0
江苏省,泰州市,新疆维吾尔自治区,昌吉回族自治州,2018,7,0,0
江苏省,泰州市,新疆维吾尔自治区,昌吉回族自治州,2019,1,0,0
江苏省,泰州市,新疆维吾尔自治区,昌吉回族自治州,2020,2,0,0
江苏省,泰州市,新疆维吾尔自治区,乌鲁木齐市,2018,1,1,0
江苏省,泰州市,云南省,昆明市,2018,1,0,0
江苏省,泰州市,云南省,昆明市,2019,1,0,0
江苏省,泰州市,云南省,昆明市,2020,0,3,0
江苏省,泰州市,浙江省,杭州市,2018,7,1,0
江苏省,泰州市,浙江省,杭州市,2019,8,6,0
江苏省,泰州市,浙江省,杭州市,2020,9,4,0
江苏省,泰州市,浙江省,嘉兴市,2018,0,1,0
江苏省,泰州市,浙江省,宁波市,2018,4,6,0
江苏省,泰州市,浙江省,宁波市,2019,0,1,0
江苏省,泰州市,浙江省,宁波市,2020,0,2,0
江苏省,泰州市,浙江省,台州市,2020,0,2,0
江苏省,无锡市,安徽省,安庆市,2018,0,1,0
江苏省,无锡市,安徽省,亳州市,2020,3,0,0
江苏省,无锡市,安徽省,合肥市,2018,2,4,0
江苏省,无锡市,安徽省,合肥市,2019,8,4,0
江苏省,无锡市,安徽省,合肥市,2020,8,4,0
江苏省,无锡市,安徽省,宣城市,2020,4,1,0
江苏省,无锡市,北京市,北京市,2018,102,82,0
江苏省,无锡市,北京市,北京市,2019,113,102,7
江苏省,无锡市,北京市,北京市,2020,156,105,9
江苏省,无锡市,福建省,三明市,2019,2,2,0
江苏省,无锡市,福建省,厦门市,2018,5,1,0
江苏省,无锡市,福建省,厦门市,2019,1,1,0
江苏省,无锡市,福建省,厦门市,2020,4,5,0
江苏省,无锡市,甘肃省,兰州市,2018,2,0,0
江苏省,无锡市,甘肃省,兰州市,2019,4,1,0
江苏省,无锡市,甘肃省,兰州市,2020,1,3,0
江苏省,无锡市,广东省,东莞市,2018,4,5,0
江苏省,无锡市,广东省,东莞市,2019,0,2,0
江苏省,无锡市,广东省,东莞市,2020,2,1,0
江苏省,无锡市,广东省,佛山市,2018,23,5,1
江苏省,无锡市,广东省,佛山市,2019,18,7,0
江苏省,无锡市,广东省,佛山市,2020,9,2,2
江苏省,无锡市,广东省,广州市,2018,33,24,0
江苏省,无锡市,广东省,广州市,2019,27,13,0
江苏省,无锡市,广东省,广州市,2020,27,13,0
江苏省,无锡市,广东省,中山市,2018,8,0,0
江苏省,无锡市,广东省,中山市,2019,4,0,0
江苏省,无锡市,广东省,中山市,2020,5,0,0
江苏省,无锡市,广西壮族自治区,崇左市,2020,1,0,0
江苏省,无锡市,广西壮族自治区,南宁市,2019,0,2,0
江苏省,无锡市,广西壮族自治区,南宁市,2020,0,1,0
江苏省,无锡市,贵州省,六盘水市,2020,1,1,0
江苏省,无锡市,海南省,三亚市,2020,0,0,1
江苏省,无锡市,河北省,保定市,2019,0,1,0
江苏省,无锡市,河北省,廊坊市,2018,1,1,0
江苏省,无锡市,河北省,廊坊市,2020,0,2,0
江苏省,无锡市,河北省,唐山市,2019,8,7,0
江苏省,无锡市,河北省,唐山市,2020,4,4,0
江苏省,无锡市,河南省,安阳市,2018,3,0,0
江苏省,无锡市,河南省,南阳市,2018,1,0,0
江苏省,无锡市,河南省,平顶山市,2020,4,0,0
江苏省,无锡市,河南省,三门峡市,2020,1,0,0
江苏省,无锡市,黑龙江省,哈尔滨市,2019,1,1,0
江苏省,无锡市,黑龙江省,哈尔滨市,2020,1,4,2
江苏省,无锡市,湖北省,恩施土家族苗族自治州,2019,1,0,0
江苏省,无锡市,湖北省,恩施土家族苗族自治州,2020,1,0,0
江苏省,无锡市,湖北省,宜昌市,2020,1,0,0
江苏省,无锡市,湖南省,常德市,2018,4,0,0
江苏省,无锡市,湖南省,常德市,2019,2,0,0
江苏省,无锡市,湖南省,岳阳市,2020,1,0,0
江苏省,无锡市,江苏省,常州市,2018,7,6,0
江苏省,无锡市,江苏省,常州市,2019,11,7,0
江苏省,无锡市,江苏省,常州市,2020,7,19,0
江苏省,无锡市,江苏省,南京市,2018,108,52,0
江苏省,无锡市,江苏省,南京市,2019,103,53,1
江苏省,无锡市,江苏省,南京市,2020,89,44,1
江苏省,无锡市,江苏省,南通市,2018,63,31,12
江苏省,无锡市,江苏省,南通市,2019,53,46,1
江苏省,无锡市,江苏省,南通市,2020,41,14,0
江苏省,无锡市,江苏省,宿迁市,2018,2,0,0
江苏省,无锡市,江苏省,宿迁市,2019,4,0,0
江苏省,无锡市,江苏省,宿迁市,2020,11,0,0
江苏省,无锡市,江苏省,徐州市,2018,14,23,0
江苏省,无锡市,江苏省,徐州市,2019,4,2,0
江苏省,无锡市,江苏省,徐州市,2020,11,3,0
江苏省,无锡市,江苏省,扬州市,2018,18,2,0
江苏省,无锡市,江苏省,扬州市,2019,24,3,0
江苏省,无锡市,江苏省,扬州市,2020,23,3,0
江苏省,无锡市,江西省,抚州市,2020,4,4,0
江苏省,无锡市,江西省,九江市,2018,1,1,0
江苏省,无锡市,江西省,南昌市,2018,27,0,0
江苏省,无锡市,江西省,南昌市,2019,0,1,0
江苏省,无锡市,江西省,南昌市,2020,2,2,0
江苏省,无锡市,江西省,宜春市,2018,9,0,0
江苏省,无锡市,江西省,宜春市,2020,2,0,0
江苏省,无锡市,辽宁省,大连市,2019,5,3,0
江苏省,无锡市,辽宁省,大连市,2020,9,8,0
江苏省,无锡市,辽宁省,抚顺市,2018,3,2,0
江苏省,无锡市,内蒙古自治区,巴彦淖尔市,2018,1,0,0
江苏省,无锡市,内蒙古自治区,巴彦淖尔市,2019,1,0,0
江苏省,无锡市,内蒙古自治区,呼和浩特市,2018,1,0,0
江苏省,无锡市,内蒙古自治区,呼和浩特市,2019,2,0,0
江苏省,无锡市,内蒙古自治区,呼和浩特市,2020,1,0,0
江苏省,无锡市,内蒙古自治区,呼伦贝尔市,2018,2,0,0
江苏省,无锡市,内蒙古自治区,呼伦贝尔市,2019,0,1,0
江苏省,无锡市,内蒙古自治区,呼伦贝尔市,2020,0,2,0
江苏省,无锡市,内蒙古自治区,乌海市,2020,0,1,0
江苏省,无锡市,山东省,德州市,2018,3,0,0
江苏省,无锡市,山东省,德州市,2019,1,0,0
江苏省,无锡市,山东省,德州市,2020,2,0,0
江苏省,无锡市,山东省,东营市,2018,0,1,0
江苏省,无锡市,山东省,临沂市,2018,1,0,0
江苏省,无锡市,山东省,临沂市,2019,3,2,0
江苏省,无锡市,山东省,临沂市,2020,2,3,0
江苏省,无锡市,山东省,威海市,2018,3,0,0
江苏省,无锡市,山东省,威海市,2020,6,1,0
江苏省,无锡市,山西省,吕梁市,2019,2,0,0
江苏省,无锡市,山西省,太原市,2018,10,7,0
江苏省,无锡市,山西省,太原市,2019,3,1,0
江苏省,无锡市,山西省,太原市,2020,8,6,0
江苏省,无锡市,陕西省,咸阳市,2019,1,0,0
江苏省,无锡市,上海市,上海市,2018,36,48,6
江苏省,无锡市,上海市,上海市,2019,88,64,14
江苏省,无锡市,上海市,上海市,2020,224,136,38
江苏省,无锡市,四川省,成都市,2018,12,9,0
江苏省,无锡市,四川省,成都市,2019,6,8,0
江苏省,无锡市,四川省,成都市,2020,28,31,1
江苏省,无锡市,四川省,广安市,2019,1,0,0
江苏省,无锡市,四川省,宜宾市,2019,0,2,0
江苏省,无锡市,天津市,天津市,2018,16,5,0
江苏省,无锡市,天津市,天津市,2019,18,23,5
江苏省,无锡市,天津市,天津市,2020,52,79,7
江苏省,无锡市,西藏自治区,拉萨市,2019,1,0,0
江苏省,无锡市,新疆维吾尔自治区,巴音郭楞蒙古自治州,2020,2,0,0
江苏省,无锡市,新疆维吾尔自治区,乌鲁木齐市,2018,2,0,0
江苏省,无锡市,新疆维吾尔自治区,乌鲁木齐市,2020,3,2,0
江苏省,无锡市,新疆维吾尔自治区,伊犁哈萨克自治州,2019,4,0,0
江苏省,无锡市,云南省,大理白族自治州,2019,1,12,0
江苏省,无锡市,云南省,大理白族自治州,2020,2,5,0
江苏省,无锡市,浙江省,嘉兴市,2018,7,3,0
江苏省,无锡市,浙江省,嘉兴市,2019,3,3,0
江苏省,无锡市,浙江省,嘉兴市,2020,4,7,0
江苏省,无锡市,浙江省,丽水市,2018,1,2,0
江苏省,无锡市,浙江省,丽水市,2020,0,1,0
江苏省,无锡市,浙江省,宁波市,2018,8,1,0
江苏省,无锡市,浙江省,宁波市,2019,9,1,0
江苏省,无锡市,浙江省,宁波市,2020,5,3,0
江苏省,无锡市,浙江省,台州市,2020,1,0,0
江苏省,徐州市,安徽省,亳州市,2019,0,8,0
江苏省,徐州市,安徽省,合肥市,2018,9,10,0
江苏省,徐州市,安徽省,合肥市,2019,2,4,0
江苏省,徐州市,安徽省,合肥市,2020,5,2,0
江苏省,徐州市,安徽省,宿州市,2018,7,6,0
江苏省,徐州市,安徽省,宿州市,2019,2,2,0
江苏省,徐州市,安徽省,宿州市,2020,3,9,0
江苏省,徐州市,北京市,北京市,2018,129,102,0
江苏省,徐州市,北京市,北京市,2019,146,85,0
江苏省,徐州市,北京市,北京市,2020,84,38,1
江苏省,徐州市,福建省,三明市,2020,0,4,0
江苏省,徐州市,福建省,厦门市,2018,1,1,0
江苏省,徐州市,福建省,厦门市,2020,1,0,0
江苏省,徐州市,甘肃省,兰州市,2019,3,0,0
江苏省,徐州市,甘肃省,平凉市,2019,1,1,0
江苏省,徐州市,甘肃省,平凉市,2020,7,1,0
江苏省,徐州市,广东省,东莞市,2018,16,31,0
江苏省,徐州市,广东省,东莞市,2019,11,18,2
江苏省,徐州市,广东省,东莞市,2020,17,35,0
江苏省,徐州市,广东省,佛山市,2019,1,0,0
江苏省,徐州市,广东省,广州市,2018,5,0,0
江苏省,徐州市,广东省,广州市,2019,1,0,0
江苏省,徐州市,广东省,广州市,2020,10,5,1
江苏省,徐州市,贵州省,六盘水市,2019,5,4,0
江苏省,徐州市,贵州省,六盘水市,2020,1,0,0
江苏省,徐州市,河北省,保定市,2018,0,2,0
江苏省,徐州市,河北省,廊坊市,2018,0,3,0
江苏省,徐州市,河北省,廊坊市,2020,1,2,0
江苏省,徐州市,河北省,唐山市,2018,1,1,0
江苏省,徐州市,河北省,唐山市,2019,7,1,0
江苏省,徐州市,河北省,唐山市,2020,3,0,0
江苏省,徐州市,河南省,安阳市,2020,1,0,0
江苏省,徐州市,河南省,平顶山市,2018,5,10,0
江苏省,徐州市,河南省,平顶山市,2019,6,11,0
江苏省,徐州市,河南省,平顶山市,2020,2,0,0
江苏省,徐州市,河南省,三门峡市,2020,2,0,0
江苏省,徐州市,河南省,商丘市,2020,1,2,0
江苏省,徐州市,黑龙江省,哈尔滨市,2018,4,2,0
江苏省,徐州市,黑龙江省,哈尔滨市,2019,3,1,0
江苏省,徐州市,江苏省,常州市,2018,1,0,0
江苏省,徐州市,江苏省,常州市,2019,1,0,0
江苏省,徐州市,江苏省,常州市,2020,9,8,0
江苏省,徐州市,江苏省,南京市,2018,24,16,0
江苏省,徐州市,江苏省,南京市,2019,98,45,1
江苏省,徐州市,江苏省,南京市,2020,34,29,0
江苏省,徐州市,江苏省,南通市,2018,0,1,0
江苏省,徐州市,江苏省,南通市,2019,7,2,0
江苏省,徐州市,江苏省,宿迁市,2019,1,0,0
江苏省,徐州市,江苏省,宿迁市,2020,1,2,0
江苏省,徐州市,江西省,九江市,2018,0,1,0
江苏省,徐州市,江西省,南昌市,2018,1,1,0
江苏省,徐州市,江西省,南昌市,2019,1,0,0
江苏省,徐州市,江西省,南昌市,2020,1,1,0
江苏省,徐州市,辽宁省,大连市,2018,2,1,0
江苏省,徐州市,辽宁省,大连市,2019,1,0,0
江苏省,徐州市,辽宁省,大连市,2020,1,0,0
江苏省,徐州市,内蒙古自治区,呼伦贝尔市,2019,1,0,0
江苏省,徐州市,内蒙古自治区,乌海市,2019,3,3,0
江苏省,徐州市,内蒙古自治区,乌海市,2020,4,0,0
江苏省,徐州市,山东省,临沂市,2019,1,0,0
江苏省,徐州市,山东省,临沂市,2020,0,1,0
江苏省,徐州市,山东省,威海市,2019,1,0,0
江苏省,徐州市,山东省,威海市,2020,9,0,0
江苏省,徐州市,山西省,大同市,2019,3,0,0
江苏省,徐州市,山西省,大同市,2020,5,1,0
江苏省,徐州市,山西省,临汾市,2019,2,2,0
江苏省,徐州市,山西省,吕梁市,2018,0,1,0
江苏省,徐州市,山西省,吕梁市,2020,8,0,0
江苏省,徐州市,山西省,太原市,2018,3,0,0
江苏省,徐州市,山西省,太原市,2019,9,2,0
江苏省,徐州市,山西省,太原市,2020,5,3,0
江苏省,徐州市,陕西省,安康市,2020,1,1,0
江苏省,徐州市,陕西省,咸阳市,2020,4,0,0
江苏省,徐州市,上海市,上海市,2018,23,20,4
江苏省,徐州市,上海市,上海市,2019,33,32,2
江苏省,徐州市,上海市,上海市,2020,20,14,1
江苏省,徐州市,四川省,广元市,2020,0,1,0
江苏省,徐州市,天津市,天津市,2018,0,3,0
江苏省,徐州市,天津市,天津市,2019,2,9,0
江苏省,徐州市,天津市,天津市,2020,5,9,0
江苏省,徐州市,新疆维吾尔自治区,克孜勒苏柯尔克孜自治州,2018,0,2,0
江苏省,徐州市,新疆维吾尔自治区,乌鲁木齐市,2018,1,1,0
江苏省,徐州市,新疆维吾尔自治区,乌鲁木齐市,2019,2,0,0
江苏省,徐州市,新疆维吾尔自治区,乌鲁木齐市,2020,0,4,0
江苏省,徐州市,新疆维吾尔自治区,伊犁哈萨克自治州,2020,0,3,0
江苏省,徐州市,浙江省,嘉兴市,2020,1,0,0
江苏省,徐州市,浙江省,宁波市,2019,3,5,0
江苏省,徐州市,浙江省,台州市,2018,6,3,0
江苏省,盐城市,安徽省,池州市,2019,1,0,0
江苏省,盐城市,北京市,北京市,2018,112,69,0
江苏省,盐城市,北京市,北京市,2019,89,54,0
江苏省,盐城市,北京市,北京市,2020,92,64,0
江苏省,盐城市,福建省,厦门市,2020,3,0,0
江苏省,盐城市,广东省,东莞市,2019,0,1,0
江苏省,盐城市,广东省,广州市,2019,2,1,0
江苏省,盐城市,广东省,深圳市,2018,2,4,0
江苏省,盐城市,广东省,深圳市,2019,17,15,0
江苏省,盐城市,广东省,深圳市,2020,7,14,1
江苏省,盐城市,广东省,珠海市,2019,0,2,2
江苏省,盐城市,广东省,珠海市,2020,3,4,10
江苏省,盐城市,河北省,保定市,2019,1,0,0
江苏省,盐城市,河北省,廊坊市,2020,1,1,0
江苏省,盐城市,河南省,洛阳市,2020,2,0,0
江苏省,盐城市,黑龙江省,哈尔滨市,2018,1,2,0
江苏省,盐城市,黑龙江省,哈尔滨市,2020,2,7,0
江苏省,盐城市,黑龙江省,佳木斯市,2019,0,3,0
江苏省,盐城市,湖北省,武汉市,2018,0,2,0
江苏省,盐城市,湖北省,武汉市,2019,5,4,0
江苏省,盐城市,湖北省,武汉市,2020,2,0,0
江苏省,盐城市,吉林省,吉林市,2019,1,0,0
江苏省,盐城市,江苏省,常州市,2018,5,1,0
江苏省,盐城市,江苏省,常州市,2019,1,1,0
江苏省,盐城市,江苏省,淮安市,2019,0,2,0
江苏省,盐城市,江苏省,淮安市,2020,4,0,0
江苏省,盐城市,江苏省,南京市,2018,30,21,0
江苏省,盐城市,江苏省,南京市,2019,67,30,0
江苏省,盐城市,江苏省,南京市,2020,79,69,0
江苏省,盐城市,江苏省,南通市,2018,6,3,0
江苏省,盐城市,江苏省,南通市,2019,12,1,0
江苏省,盐城市,江苏省,南通市,2020,4,4,0
江苏省,盐城市,江苏省,宿迁市,2018,0,3,0
江苏省,盐城市,江苏省,宿迁市,2019,2,3,0
江苏省,盐城市,江苏省,宿迁市,2020,2,0,0
江苏省,盐城市,江苏省,泰州市,2019,3,3,0
江苏省,盐城市,江苏省,泰州市,2020,1,2,0
江苏省,盐城市,江苏省,无锡市,2018,12,2,0
江苏省,盐城市,江苏省,无锡市,2019,7,2,0
江苏省,盐城市,江苏省,无锡市,2020,10,1,0
江苏省,盐城市,江苏省,徐州市,2018,12,0,0
江苏省,盐城市,江苏省,徐州市,2019,11,0,0
江苏省,盐城市,江苏省,徐州市,2020,14,0,0
江苏省,盐城市,江苏省,扬州市,2018,1,0,0
江苏省,盐城市,江苏省,扬州市,2019,2,0,0
江苏省,盐城市,江苏省,扬州市,2020,4,1,0
江苏省,盐城市,江西省,九江市,2020,2,1,0
江苏省,盐城市,江西省,南昌市,2020,1,2,0
江苏省,盐城市,辽宁省,大连市,2019,0,2,0
江苏省,盐城市,辽宁省,大连市,2020,0,1,0
江苏省,盐城市,辽宁省,沈阳市,2018,1,0,0
江苏省,盐城市,辽宁省,沈阳市,2019,1,0,0
江苏省,盐城市,内蒙古自治区,包头市,2019,5,5,0
江苏省,盐城市,内蒙古自治区,包头市,2020,2,10,0
江苏省,盐城市,内蒙古自治区,乌海市,2020,1,1,0
江苏省,盐城市,宁夏回族自治区,吴忠市,2018,1,1,0
江苏省,盐城市,山东省,德州市,2018,2,0,0
江苏省,盐城市,山东省,德州市,2020,1,0,0
江苏省,盐城市,山东省,东营市,2018,9,4,0
江苏省,盐城市,山东省,东营市,2019,3,0,0
江苏省,盐城市,山东省,烟台市,2018,9,4,0
江苏省,盐城市,山东省,烟台市,2019,7,0,0
江苏省,盐城市,山东省,烟台市,2020,1,1,0
江苏省,盐城市,山西省,太原市,2020,0,1,0
江苏省,盐城市,陕西省,渭南市,2020,1,0,0
江苏省,盐城市,上海市,上海市,2018,62,57,0
江苏省,盐城市,上海市,上海市,2019,53,31,2
江苏省,盐城市,上海市,上海市,2020,27,44,3
江苏省,盐城市,四川省,成都市,2019,1,0,0
江苏省,盐城市,四川省,成都市,2020,15,3,0
江苏省,盐城市,天津市,天津市,2018,1,0,0
江苏省,盐城市,天津市,天津市,2019,3,1,0
江苏省,盐城市,天津市,天津市,2020,2,0,0
江苏省,盐城市,新疆维吾尔自治区,乌鲁木齐市,2018,1,0,0
江苏省,盐城市,新疆维吾尔自治区,伊犁哈萨克自治州,2020,0,3,0
江苏省,盐城市,云南省,保山市,2019,2,2,0
江苏省,盐城市,云南省,昆明市,2019,1,0,0
江苏省,盐城市,云南省,昆明市,2020,2,0,0
江苏省,盐城市,浙江省,杭州市,2018,11,10,0
江苏省,盐城市,浙江省,杭州市,2019,1,2,0
江苏省,盐城市,浙江省,杭州市,2020,2,5,0
江苏省,盐城市,浙江省,嘉兴市,2019,2,7,0
江苏省,盐城市,浙江省,宁波市,2018,0,6,0
江苏省,盐城市,浙江省,台州市,2018,2,0,0
江苏省,盐城市,浙江省,台州市,2019,2,0,0
江苏省,盐城市,浙江省,台州市,2020,5,1,0
江苏省,扬州市,安徽省,合肥市,2019,8,0,0
江苏省,扬州市,安徽省,合肥市,2020,4,0,0
江苏省,扬州市,安徽省,六安市,2019,1,0,0
江苏省,扬州市,北京市,北京市,2018,82,26,0
江苏省,扬州市,北京市,北京市,2019,60,17,0
江苏省,扬州市,北京市,北京市,2020,86,23,3
江苏省,扬州市,福建省,厦门市,2018,4,0,0
江苏省,扬州市,福建省,厦门市,2019,1,0,0
江苏省,扬州市,福建省,厦门市,2020,3,0,0
江苏省,扬州市,甘肃省,兰州市,2018,3,0,0
江苏省,扬州市,甘肃省,兰州市,2019,2,3,0
江苏省,扬州市,广东省,东莞市,2018,10,27,0
江苏省,扬州市,广东省,东莞市,2019,8,40,3
江苏省,扬州市,广东省,东莞市,2020,11,41,2
江苏省,扬州市,广东省,佛山市,2019,0,2,0
江苏省,扬州市,广东省,佛山市,2020,2,0,0
江苏省,扬州市,广东省,广州市,2018,13,7,0
江苏省,扬州市,广东省,广州市,2019,11,2,0
江苏省,扬州市,广东省,广州市,2020,13,8,0
江苏省,扬州市,广东省,中山市,2018,3,0,1
江苏省,扬州市,广东省,中山市,2019,7,5,16
江苏省,扬州市,广东省,中山市,2020,4,4,47
江苏省,扬州市,广西壮族自治区,南宁市,2018,1,0,0
江苏省,扬州市,广西壮族自治区,南宁市,2019,1,0,0
江苏省,扬州市,河北省,保定市,2020,2,1,0
江苏省,扬州市,河南省,平顶山市,2020,1,1,0
江苏省,扬州市,黑龙江省,哈尔滨市,2018,3,0,0
江苏省,扬州市,黑龙江省,哈尔滨市,2019,0,1,0
江苏省,扬州市,黑龙江省,哈尔滨市,2020,4,0,0
江苏省,扬州市,湖北省,十堰市,2019,8,0,0
江苏省,扬州市,湖南省,娄底市,2020,2,2,0
江苏省,扬州市,江苏省,常州市,2018,1,2,0
江苏省,扬州市,江苏省,常州市,2019,0,1,0
江苏省,扬州市,江苏省,常州市,2020,1,1,0
江苏省,扬州市,江苏省,南京市,2018,50,41,0
江苏省,扬州市,江苏省,南京市,2019,108,158,0
江苏省,扬州市,江苏省,南京市,2020,130,59,0
江苏省,扬州市,江苏省,南通市,2018,10,7,0
江苏省,扬州市,江苏省,南通市,2019,6,6,0
江苏省,扬州市,江苏省,南通市,2020,26,3,0
江苏省,扬州市,江苏省,宿迁市,2018,2,1,0
江苏省,扬州市,江苏省,宿迁市,2019,0,1,0
江苏省,扬州市,江苏省,宿迁市,2020,3,1,0
江苏省,扬州市,江苏省,徐州市,2018,6,7,0
江苏省,扬州市,江苏省,徐州市,2019,7,2,0
江苏省,扬州市,江苏省,徐州市,2020,19,5,0
江苏省,扬州市,江西省,九江市,2019,2,3,0
江苏省,扬州市,江西省,南昌市,2019,5,2,0
江苏省,扬州市,江西省,南昌市,2020,0,2,0
江苏省,扬州市,江西省,宜春市,2020,1,3,0
江苏省,扬州市,辽宁省,大连市,2018,1,0,0
江苏省,扬州市,辽宁省,大连市,2019,1,3,0
江苏省,扬州市,辽宁省,大连市,2020,3,0,0
江苏省,扬州市,宁夏回族自治区,中卫市,2018,10,0,0
江苏省,扬州市,宁夏回族自治区,中卫市,2019,20,3,0
江苏省,扬州市,宁夏回族自治区,中卫市,2020,48,1,0
江苏省,扬州市,山东省,威海市,2018,0,2,0
江苏省,扬州市,山西省,太原市,2019,2,0,0
江苏省,扬州市,山西省,太原市,2020,1,0,0
江苏省,扬州市,陕西省,宝鸡市,2018,8,7,0
江苏省,扬州市,陕西省,宝鸡市,2019,10,2,0
江苏省,扬州市,陕西省,宝鸡市,2020,12,2,0
江苏省,扬州市,陕西省,咸阳市,2019,2,0,0
江苏省,扬州市,陕西省,咸阳市,2020,2,0,0
江苏省,扬州市,上海市,上海市,2018,9,12,0
江苏省,扬州市,上海市,上海市,2019,24,18,0
江苏省,扬州市,上海市,上海市,2020,29,50,2
江苏省,扬州市,四川省,成都市,2018,2,1,0
江苏省,扬州市,四川省,成都市,2019,2,1,0
江苏省,扬州市,四川省,成都市,2020,13,2,0
江苏省,扬州市,四川省,德阳市,2019,0,1,0
江苏省,扬州市,天津市,天津市,2018,6,0,0
江苏省,扬州市,天津市,天津市,2019,3,5,0
江苏省,扬州市,天津市,天津市,2020,13,3,0
江苏省,扬州市,新疆维吾尔自治区,乌鲁木齐市,2019,1,0,0
江苏省,扬州市,新疆维吾尔自治区,乌鲁木齐市,2020,1,1,0
江苏省,扬州市,浙江省,嘉兴市,2020,1,0,0
江苏省,扬州市,浙江省,丽水市,2019,2,0,0
江苏省,扬州市,浙江省,丽水市,2020,2,0,0
江苏省,扬州市,浙江省,宁波市,2018,1,0,0
江苏省,扬州市,浙江省,宁波市,2019,3,1,0
江苏省,扬州市,浙江省,宁波市,2020,2,0,0
江苏省,扬州市,浙江省,台州市,2018,1,0,0
江苏省,张家港市,上海市,上海市,2020,0,2,0
江苏省,镇江市,安徽省,滁州市,2020,3,0,0
江苏省,镇江市,安徽省,合肥市,2018,3,2,0
江苏省,镇江市,安徽省,合肥市,2019,4,3,1
江苏省,镇江市,安徽省,合肥市,2020,4,0,0
江苏省,镇江市,安徽省,淮北市,2019,0,1,0
江苏省,镇江市,安徽省,淮北市,2020,0,2,0
江苏省,镇江市,安徽省,宿州市,2020,0,1,0
江苏省,镇江市,北京市,北京市,2018,37,12,0
江苏省,镇江市,北京市,北京市,2019,39,23,1
江苏省,镇江市,北京市,北京市,2020,32,19,5
江苏省,镇江市,福建省,福州市,2018,2,4,0
江苏省,镇江市,福建省,福州市,2019,1,1,0
江苏省,镇江市,福建省,泉州市,2019,1,3,0
江苏省,镇江市,福建省,厦门市,2019,0,1,0
江苏省,镇江市,福建省,厦门市,2020,4,3,0
江苏省,镇江市,甘肃省,兰州市,2020,0,2,0
江苏省,镇江市,广东省,佛山市,2018,2,2,0
江苏省,镇江市,广东省,佛山市,2019,2,2,0
江苏省,镇江市,广东省,佛山市,2020,1,7,0
江苏省,镇江市,广东省,广州市,2018,22,14,0
江苏省,镇江市,广东省,广州市,2019,25,7,0
江苏省,镇江市,广东省,广州市,2020,8,9,0
江苏省,镇江市,广东省,河源市,2018,1,0,0
江苏省,镇江市,广东省,河源市,2019,4,3,0
江苏省,镇江市,广东省,河源市,2020,0,1,0
江苏省,镇江市,广东省,茂名市,2018,10,9,0
江苏省,镇江市,广东省,茂名市,2019,2,2,0
江苏省,镇江市,广东省,茂名市,2020,2,11,0
江苏省,镇江市,广东省,深圳市,2018,1,2,0
江苏省,镇江市,广东省,深圳市,2019,8,8,0
江苏省,镇江市,广东省,深圳市,2020,13,14,1
江苏省,镇江市,广东省,肇庆市,2018,1,5,0
江苏省,镇江市,广东省,肇庆市,2019,0,6,0
江苏省,镇江市,广东省,肇庆市,2020,2,6,0
江苏省,镇江市,广东省,中山市,2018,9,5,0
江苏省,镇江市,广东省,中山市,2019,11,11,0
江苏省,镇江市,广东省,珠海市,2018,0,1,0
江苏省,镇江市,广东省,珠海市,2019,0,1,1
江苏省,镇江市,广东省,珠海市,2020,1,0,0
江苏省,镇江市,广西壮族自治区,柳州市,2019,3,0,0
江苏省,镇江市,广西壮族自治区,梧州市,2018,7,0,0
江苏省,镇江市,广西壮族自治区,梧州市,2019,11,4,0
江苏省,镇江市,河北省,保定市,2018,0,1,0
江苏省,镇江市,河北省,保定市,2019,1,0,0
江苏省,镇江市,河北省,保定市,2020,12,2,0
江苏省,镇江市,河北省,沧州市,2020,2,1,0
江苏省,镇江市,河北省,秦皇岛市,2018,7,0,0
江苏省,镇江市,河北省,秦皇岛市,2020,2,2,0
江苏省,镇江市,河北省,石家庄市,2020,3,11,0
江苏省,镇江市,河南省,安阳市,2018,2,0,0
江苏省,镇江市,河南省,焦作市,2020,0,1,0
江苏省,镇江市,河南省,开封市,2019,1,0,0
江苏省,镇江市,河南省,郑州市,2019,3,0,0
江苏省,镇江市,河南省,郑州市,2020,6,9,0
江苏省,镇江市,黑龙江省,哈尔滨市,2018,2,0,0
江苏省,镇江市,湖北省,武汉市,2018,6,7,0
江苏省,镇江市,湖北省,武汉市,2019,3,4,0
江苏省,镇江市,湖北省,武汉市,2020,3,3,0
江苏省,镇江市,湖北省,襄阳市,2018,5,4,0
江苏省,镇江市,湖北省,襄阳市,2019,3,0,0
江苏省,镇江市,湖北省,襄阳市,2020,3,0,0
江苏省,镇江市,湖南省,岳阳市,2020,0,1,0
江苏省,镇江市,湖南省,株洲市,2019,1,1,0
江苏省,镇江市,湖南省,株洲市,2020,1,3,0
江苏省,镇江市,吉林省,通化市,2018,4,4,0
江苏省,镇江市,江苏省,常州市,2018,30,6,0
江苏省,镇江市,江苏省,常州市,2019,16,13,0
江苏省,镇江市,江苏省,常州市,2020,23,24,0
江苏省,镇江市,江苏省,丹阳市,2019,0,1,1
江苏省,镇江市,江苏省,淮安市,2018,2,0,0
江苏省,镇江市,江苏省,淮安市,2020,2,0,0
江苏省,镇江市,江苏省,连云港市,2020,1,1,0
江苏省,镇江市,江苏省,南京市,2018,115,90,11
江苏省,镇江市,江苏省,南京市,2019,74,71,27
江苏省,镇江市,江苏省,南京市,2020,123,124,32
江苏省,镇江市,江苏省,南通市,2018,3,4,0
江苏省,镇江市,江苏省,南通市,2019,4,1,0
江苏省,镇江市,江苏省,南通市,2020,16,9,0
江苏省,镇江市,江苏省,苏州市,2018,33,45,7
江苏省,镇江市,江苏省,苏州市,2019,17,51,26
江苏省,镇江市,江苏省,苏州市,2020,41,95,33
江苏省,镇江市,江苏省,宿迁市,2018,1,0,0
江苏省,镇江市,江苏省,宿迁市,2019,5,1,0
江苏省,镇江市,江苏省,泰州市,2018,13,4,0
江苏省,镇江市,江苏省,泰州市,2019,9,5,0
江苏省,镇江市,江苏省,泰州市,2020,5,3,0
江苏省,镇江市,江苏省,无锡市,2018,16,10,0
江苏省,镇江市,江苏省,无锡市,2019,19,5,0
江苏省,镇江市,江苏省,无锡市,2020,7,7,0
江苏省,镇江市,江苏省,徐州市,2018,3,2,0
江苏省,镇江市,江苏省,徐州市,2019,2,0,0
江苏省,镇江市,江苏省,徐州市,2020,8,3,0
江苏省,镇江市,江苏省,盐城市,2018,1,0,0
江苏省,镇江市,江苏省,盐城市,2019,4,0,0
江苏省,镇江市,江苏省,盐城市,2020,9,9,0
江苏省,镇江市,江苏省,扬州市,2018,5,1,0
江苏省,镇江市,江苏省,扬州市,2019,11,20,0
江苏省,镇江市,江苏省,扬州市,2020,8,5,0
江苏省,镇江市,江西省,抚州市,2018,1,2,0
江苏省,镇江市,江西省,抚州市,2019,1,2,0
江苏省,镇江市,江西省,抚州市,2020,1,3,0
江苏省,镇江市,江西省,赣州市,2019,3,22,2
江苏省,镇江市,江西省,赣州市,2020,10,19,1
江苏省,镇江市,江西省,九江市,2020,1,0,0
江苏省,镇江市,江西省,南昌市,2019,2,0,0
江苏省,镇江市,江西省,上饶市,2019,1,0,0
江苏省,镇江市,辽宁省,大连市,2018,2,0,0
江苏省,镇江市,辽宁省,大连市,2019,6,0,0
江苏省,镇江市,辽宁省,大连市,2020,2,0,0
江苏省,镇江市,辽宁省,沈阳市,2018,1,0,0
江苏省,镇江市,辽宁省,沈阳市,2020,4,1,0
江苏省,镇江市,辽宁省,铁岭市,2018,7,5,0
江苏省,镇江市,辽宁省,铁岭市,2019,11,11,0
江苏省,镇江市,内蒙古自治区,包头市,2018,1,0,0
江苏省,镇江市,内蒙古自治区,包头市,2019,3,0,0
江苏省,镇江市,内蒙古自治区,包头市,2020,9,4,0
江苏省,镇江市,内蒙古自治区,呼和浩特市,2019,2,1,0
江苏省,镇江市,内蒙古自治区,呼和浩特市,2020,0,1,0
江苏省,镇江市,内蒙古自治区,乌海市,2018,6,0,0
江苏省,镇江市,宁夏回族自治区,银川市,2019,1,0,0
江苏省,镇江市,宁夏回族自治区,银川市,2020,2,0,0
江苏省,镇江市,青海省,海西蒙古族藏族自治州,2019,1,0,0
江苏省,镇江市,青海省,西宁市,2018,1,0,0
江苏省,镇江市,山东省,德州市,2018,1,0,0
江苏省,镇江市,山东省,济南市,2018,2,2,0
江苏省,镇江市,山东省,济宁市,2020,3,3,0
江苏省,镇江市,山东省,临沂市,2019,1,1,0
江苏省,镇江市,山东省,潍坊市,2020,1,0,0
江苏省,镇江市,山东省,淄博市,2018,1,5,0
江苏省,镇江市,陕西省,宝鸡市,2018,1,0,0
江苏省,镇江市,陕西省,西安市,2019,12,12,0
江苏省,镇江市,陕西省,西安市,2020,5,5,0
江苏省,镇江市,陕西省,咸阳市,2019,2,0,0
江苏省,镇江市,上海市,上海市,2018,23,16,0
江苏省,镇江市,上海市,上海市,2019,28,25,0
江苏省,镇江市,上海市,上海市,2020,12,9,0
江苏省,镇江市,四川省,成都市,2019,1,2,0
江苏省,镇江市,四川省,成都市,2020,3,4,1
江苏省,镇江市,四川省,眉山市,2020,5,0,0
江苏省,镇江市,四川省,遂宁市,2020,2,0,0
江苏省,镇江市,四川省,自贡市,2020,2,0,0
江苏省,镇江市,天津市,天津市,2018,11,5,0
江苏省,镇江市,天津市,天津市,2019,14,6,0
江苏省,镇江市,天津市,天津市,2020,1,13,0
江苏省,镇江市,西藏自治区,拉萨市,2018,8,6,0
江苏省,镇江市,西藏自治区,拉萨市,2019,3,6,15
江苏省,镇江市,西藏自治区,拉萨市,2020,8,13,13
江苏省,镇江市,新疆维吾尔自治区,昌吉回族自治州,2020,3,0,0
江苏省,镇江市,云南省,昆明市,2018,0,1,0
江苏省,镇江市,云南省,昆明市,2019,4,0,0
江苏省,镇江市,云南省,昆明市,2020,4,0,0
江苏省,镇江市,浙江省,杭州市,2018,5,0,0
江苏省,镇江市,浙江省,杭州市,2019,1,0,0
江苏省,镇江市,浙江省,杭州市,2020,10,2,0
江苏省,镇江市,浙江省,湖州市,2018,1,0,0
江苏省,镇江市,浙江省,湖州市,2019,1,0,0
江苏省,镇江市,浙江省,湖州市,2020,1,2,0
江苏省,镇江市,浙江省,嘉兴市,2018,2,2,0
江苏省,镇江市,浙江省,嘉兴市,2020,3,1,0
江苏省,镇江市,浙江省,宁波市,2018,1,0,0
江苏省,镇江市,浙江省,宁波市,2019,2,0,0
江苏省,镇江市,浙江省,宁波市,2020,0,1,0
江苏省,镇江市,浙江省,衢州市,2020,2,2,0
江苏省,镇江市,浙江省,绍兴市,2018,3,0,0
江苏省,镇江市,浙江省,绍兴市,2019,3,1,0
江苏省,镇江市,浙江省,绍兴市,2020,1,1,0
江苏省,镇江市,浙江省,温州市,2018,4,0,0
江苏省,镇江市,浙江省,舟山市,2018,2,0,0
江苏省,镇江市,浙江省,舟山市,2020,2,2,0
江苏省,镇江市,重庆市,重庆市,2018,1,0,0
江苏省,镇江市,重庆市,重庆市,2019,1,1,0
江苏省,镇江市,重庆市,重庆市,2020,1,0,0
江西省,抚州市,安徽省,宣城市,2020,4,1,0
江西省,抚州市,北京市,北京市,2018,9,28,0
江西省,抚州市,北京市,北京市,2019,3,8,0
江西省,抚州市,北京市,北京市,2020,5,6,0
江西省,抚州市,福建省,厦门市,2018,3,0,0
江西省,抚州市,福建省,厦门市,2020,1,0,0
江西省,抚州市,广东省,东莞市,2018,1,1,0
江西省,抚州市,广东省,东莞市,2019,0,1,0
江西省,抚州市,广东省,广州市,2020,2,5,0
江西省,抚州市,河南省,信阳市,2020,2,0,0
江西省,抚州市,湖北省,宜昌市,2019,2,0,0
江西省,抚州市,江苏省,南京市,2018,1,1,0
江西省,抚州市,江苏省,南京市,2020,1,0,0
江西省,抚州市,江苏省,南通市,2020,4,4,0
江西省,抚州市,江西省,南昌市,2018,6,6,0
江西省,抚州市,江西省,南昌市,2019,9,25,0
江西省,抚州市,江西省,南昌市,2020,11,21,0
江西省,抚州市,江西省,上饶市,2019,0,2,0
江西省,抚州市,江西省,宜春市,2018,4,2,0
江西省,抚州市,江西省,宜春市,2019,0,3,0
江西省,抚州市,江西省,宜春市,2020,1,2,0
江西省,抚州市,上海市,上海市,2020,4,4,0
江西省,抚州市,四川省,成都市,2018,0,2,0
江西省,抚州市,四川省,成都市,2020,1,0,0
江西省,赣州市,安徽省,池州市,2019,1,0,0
江西省,赣州市,安徽省,池州市,2020,1,0,0
江西省,赣州市,安徽省,合肥市,2020,1,2,0
江西省,赣州市,北京市,北京市,2018,12,4,0
江西省,赣州市,北京市,北京市,2019,6,13,0
江西省,赣州市,北京市,北京市,2020,22,4,0
江西省,赣州市,福建省,福州市,2020,1,0,0
江西省,赣州市,福建省,三明市,2020,2,2,0
江西省,赣州市,福建省,厦门市,2020,2,0,0
江西省,赣州市,福建省,漳州市,2020,8,0,0
江西省,赣州市,甘肃省,白银市,2019,1,0,0
江西省,赣州市,甘肃省,白银市,2020,2,0,0
江西省,赣州市,广东省,东莞市,2018,1,1,0
江西省,赣州市,广东省,佛山市,2019,2,0,0
江西省,赣州市,广东省,佛山市,2020,4,0,0
江西省,赣州市,广东省,广州市,2018,0,1,0
江西省,赣州市,广东省,广州市,2019,4,2,0
江西省,赣州市,广东省,广州市,2020,2,1,0
江西省,赣州市,广东省,惠州市,2018,2,4,1
江西省,赣州市,广东省,惠州市,2019,5,5,0
江西省,赣州市,广东省,惠州市,2020,3,4,0
江西省,赣州市,广东省,江门市,2020,1,0,0
江西省,赣州市,广东省,清远市,2018,3,0,0
江西省,赣州市,广东省,清远市,2019,2,0,0
江西省,赣州市,广东省,汕头市,2018,2,0,0
江西省,赣州市,广东省,汕头市,2020,0,1,0
江西省,赣州市,广东省,深圳市,2018,26,60,0
江西省,赣州市,广东省,深圳市,2019,11,38,0
江西省,赣州市,广东省,深圳市,2020,14,15,0
江西省,赣州市,贵州省,贵阳市,2020,0,1,0
江西省,赣州市,海南省,海口市,2020,12,0,0
江西省,赣州市,海南省,省直辖县级行政区划,2020,10,0,0
江西省,赣州市,河北省,保定市,2020,0,5,0
江西省,赣州市,河南省,省直辖县级行政区划,2018,1,0,0
江西省,赣州市,湖北省,十堰市,2020,2,2,0
江西省,赣州市,湖南省,衡阳市,2020,2,0,0
江西省,赣州市,湖南省,株洲市,2019,0,1,0
江西省,赣州市,江苏省,南京市,2019,1,2,0
江西省,赣州市,江苏省,南京市,2020,3,5,0
江西省,赣州市,江西省,抚州市,2018,3,0,0
江西省,赣州市,江西省,抚州市,2020,1,0,0
江西省,赣州市,江西省,吉安市,2019,1,2,0
江西省,赣州市,江西省,吉安市,2020,2,0,0
江西省,赣州市,江西省,景德镇市,2018,1,0,0
江西省,赣州市,江西省,九江市,2018,2,0,0
江西省,赣州市,江西省,南昌市,2018,5,3,0
江西省,赣州市,江西省,南昌市,2019,27,5,0
江西省,赣州市,江西省,南昌市,2020,32,10,0
江西省,赣州市,江西省,上饶市,2019,1,0,0
江西省,赣州市,江西省,上饶市,2020,4,2,0
江西省,赣州市,江西省,新余市,2018,1,1,0
江西省,赣州市,江西省,新余市,2019,2,0,0
江西省,赣州市,江西省,宜春市,2018,1,0,0
江西省,赣州市,江西省,宜春市,2020,2,0,0
江西省,赣州市,内蒙古自治区,包头市,2020,4,0,0
江西省,赣州市,青海省,西宁市,2018,1,0,0
江西省,赣州市,青海省,西宁市,2019,3,0,0
江西省,赣州市,山东省,德州市,2020,1,0,0
江西省,赣州市,山东省,潍坊市,2020,3,0,0
江西省,赣州市,山西省,吕梁市,2020,4,0,0
江西省,赣州市,山西省,太原市,2018,2,0,0
江西省,赣州市,山西省,太原市,2019,1,1,0
江西省,赣州市,山西省,太原市,2020,4,2,0
江西省,赣州市,陕西省,西安市,2019,2,1,0
江西省,赣州市,陕西省,西安市,2020,15,16,0
江西省,赣州市,上海市,上海市,2018,0,1,0
江西省,赣州市,上海市,上海市,2020,3,0,0
江西省,赣州市,四川省,成都市,2018,16,1,0
江西省,赣州市,四川省,成都市,2020,3,0,0
江西省,赣州市,四川省,攀枝花市,2020,1,0,0
江西省,赣州市,天津市,天津市,2018,2,0,0
江西省,赣州市,天津市,天津市,2019,0,2,0
江西省,赣州市,西藏自治区,昌都市,2019,1,0,0
江西省,赣州市,云南省,昆明市,2019,5,0,0
江西省,赣州市,云南省,昆明市,2020,1,0,0
江西省,赣州市,浙江省,杭州市,2019,1,3,0
江西省,赣州市,浙江省,杭州市,2020,1,0,0
江西省,吉安市,安徽省,合肥市,2020,2,0,0
江西省,吉安市,安徽省,六安市,2018,1,0,0
江西省,吉安市,北京市,北京市,2018,6,13,0
江西省,吉安市,北京市,北京市,2019,2,4,0
江西省,吉安市,北京市,北京市,2020,12,16,0
江西省,吉安市,福建省,厦门市,2020,0,2,0
江西省,吉安市,广东省,佛山市,2019,5,16,3
江西省,吉安市,广东省,佛山市,2020,3,30,0
江西省,吉安市,广西壮族自治区,南宁市,2018,1,0,0
江西省,吉安市,广西壮族自治区,南宁市,2019,2,4,0
江西省,吉安市,广西壮族自治区,南宁市,2020,2,2,0
江西省,吉安市,河南省,南阳市,2020,0,7,0
江西省,吉安市,江苏省,南京市,2020,4,5,0
江西省,吉安市,江苏省,南通市,2020,1,0,0
江西省,吉安市,江西省,南昌市,2018,1,0,0
江西省,吉安市,江西省,南昌市,2019,3,0,0
江西省,吉安市,江西省,南昌市,2020,16,2,0
江西省,吉安市,江西省,上饶市,2020,1,0,0
江西省,吉安市,上海市,上海市,2019,5,0,0
江西省,吉安市,四川省,乐山市,2018,1,0,0
江西省,吉安市,浙江省,台州市,2019,3,0,0
江西省,吉安市,浙江省,台州市,2020,2,0,0
江西省,景德镇市,北京市,北京市,2018,7,27,0
江西省,景德镇市,北京市,北京市,2019,2,10,0
江西省,景德镇市,北京市,北京市,2020,8,4,0
江西省,景德镇市,广东省,佛山市,2018,11,2,0
江西省,景德镇市,广东省,佛山市,2019,8,9,11
江西省,景德镇市,广东省,佛山市,2020,9,6,20
江西省,景德镇市,江苏省,南京市,2020,2,0,0
江西省,景德镇市,江西省,南昌市,2018,1,1,0
江西省,景德镇市,江西省,南昌市,2019,2,2,0
江西省,景德镇市,江西省,南昌市,2020,2,0,0
江西省,景德镇市,江西省,上饶市,2018,5,3,0
江西省,景德镇市,江西省,宜春市,2018,1,1,0
江西省,景德镇市,辽宁省,大连市,2020,2,0,0
江西省,景德镇市,内蒙古自治区,呼和浩特市,2020,0,1,0
江西省,景德镇市,上海市,上海市,2019,1,0,0
江西省,九江市,广东省,东莞市,2018,3,3,0
江西省,九江市,广东省,东莞市,2019,2,12,0
江西省,九江市,广东省,东莞市,2020,4,31,0
江西省,九江市,海南省,三亚市,2020,1,0,0
江西省,九江市,江西省,上饶市,2018,1,0,0
江西省,九江市,江西省,上饶市,2019,1,1,0
江西省,九江市,上海市,上海市,2018,3,0,0
江西省,九江市,上海市,上海市,2020,1,0,0
江西省,南昌市,安徽省,亳州市,2020,1,1,0
江西省,南昌市,北京市,北京市,2018,345,215,0
江西省,南昌市,北京市,北京市,2019,233,59,0
江西省,南昌市,北京市,北京市,2020,328,76,3
江西省,南昌市,甘肃省,兰州市,2018,9,1,0
江西省,南昌市,甘肃省,兰州市,2019,0,1,0
江西省,南昌市,甘肃省,兰州市,2020,3,0,0
江西省,南昌市,广东省,东莞市,2018,3,0,0
江西省,南昌市,广东省,东莞市,2019,1,0,0
江西省,南昌市,广东省,东莞市,2020,1,0,0
江西省,南昌市,广东省,佛山市,2020,1,0,0
江西省,南昌市,广东省,中山市,2018,1,0,0
江西省,南昌市,广东省,中山市,2020,1,6,0
江西省,南昌市,广西壮族自治区,北海市,2018,1,0,0
江西省,南昌市,广西壮族自治区,南宁市,2020,2,0,0
江西省,南昌市,河北省,保定市,2018,1,1,0
江西省,南昌市,河北省,保定市,2020,1,0,0
江西省,南昌市,江苏省,南京市,2018,42,39,0
江西省,南昌市,江苏省,南京市,2019,39,38,0
江西省,南昌市,江苏省,南京市,2020,15,5,0
江西省,南昌市,江西省,九江市,2018,2,9,0
江西省,南昌市,江西省,九江市,2019,9,15,0
江西省,南昌市,江西省,九江市,2020,12,14,0
江西省,南昌市,江西省,上饶市,2018,2,2,0
江西省,南昌市,江西省,上饶市,2019,2,3,0
江西省,南昌市,江西省,上饶市,2020,5,5,0
江西省,南昌市,山东省,临沂市,2018,1,2,0
江西省,南昌市,山东省,临沂市,2020,1,0,0
江西省,南昌市,上海市,上海市,2018,38,35,1
江西省,南昌市,上海市,上海市,2019,56,54,3
江西省,南昌市,上海市,上海市,2020,71,72,17
江西省,南昌市,四川省,凉山彝族自治州,2018,0,1,0
江西省,南昌市,四川省,凉山彝族自治州,2019,2,0,0
江西省,南昌市,云南省,保山市,2019,1,0,0
江西省,萍乡市,安徽省,合肥市,2018,8,3,0
江西省,萍乡市,安徽省,合肥市,2019,4,2,0
江西省,萍乡市,安徽省,淮南市,2020,2,0,0
江西省,萍乡市,安徽省,芜湖市,2018,1,1,0
江西省,萍乡市,北京市,北京市,2018,5,19,0
江西省,萍乡市,北京市,北京市,2019,25,20,0
江西省,萍乡市,北京市,北京市,2020,19,6,0
江西省,萍乡市,福建省,福州市,2020,3,0,0
江西省,萍乡市,广东省,惠州市,2018,1,8,0
江西省,萍乡市,广东省,惠州市,2019,0,6,0
江西省,萍乡市,广东省,惠州市,2020,1,3,0
江西省,萍乡市,广东省,深圳市,2018,4,0,0
江西省,萍乡市,广东省,深圳市,2019,6,2,0
江西省,萍乡市,广东省,深圳市,2020,2,0,0
江西省,萍乡市,广西壮族自治区,桂林市,2020,7,0,0
江西省,萍乡市,河北省,保定市,2019,0,1,0
江西省,萍乡市,河北省,保定市,2020,2,1,0
江西省,萍乡市,湖北省,武汉市,2019,1,0,0
江西省,萍乡市,湖北省,武汉市,2020,1,0,0
江西省,萍乡市,江西省,南昌市,2018,2,2,0
江西省,萍乡市,江西省,南昌市,2020,1,0,0
江西省,萍乡市,山东省,泰安市,2019,1,0,0
江西省,萍乡市,山东省,泰安市,2020,1,0,0
江西省,萍乡市,山东省,淄博市,2020,2,1,0
江西省,萍乡市,四川省,成都市,2018,1,8,0
江西省,萍乡市,四川省,成都市,2019,0,1,0
江西省,萍乡市,四川省,成都市,2020,1,1,0
江西省,萍乡市,天津市,天津市,2018,0,3,0
江西省,萍乡市,天津市,天津市,2020,1,0,0
江西省,上饶市,上海市,上海市,2018,2,0,0
江西省,上饶市,上海市,上海市,2019,1,0,0
江西省,上饶市,上海市,上海市,2020,10,2,1
江西省,新余市,北京市,北京市,2018,3,2,0
江西省,新余市,北京市,北京市,2019,3,8,0
江西省,新余市,北京市,北京市,2020,7,4,0
江西省,新余市,广西壮族自治区,南宁市,2019,3,0,0
江西省,新余市,黑龙江省,哈尔滨市,2018,2,0,0
江西省,新余市,黑龙江省,哈尔滨市,2019,2,1,0
江西省,新余市,江苏省,南京市,2018,0,6,0
江西省,新余市,江苏省,南通市,2020,1,0,0
江西省,新余市,江西省,南昌市,2018,4,9,0
江西省,新余市,江西省,南昌市,2019,1,8,0
江西省,新余市,江西省,南昌市,2020,7,4,2
江西省,新余市,上海市,上海市,2018,2,4,0
江西省,新余市,上海市,上海市,2019,0,2,0
江西省,新余市,上海市,上海市,2020,25,37,0
江西省,新余市,浙江省,宁波市,2019,6,0,0
江西省,新余市,浙江省,宁波市,2020,4,0,0
江西省,宜春市,安徽省,合肥市,2020,1,0,0
江西省,宜春市,北京市,北京市,2018,8,25,0
江西省,宜春市,北京市,北京市,2019,16,15,0
江西省,宜春市,北京市,北京市,2020,11,23,0
江西省,宜春市,福建省,厦门市,2020,5,2,0
江西省,宜春市,广东省,东莞市,2018,15,1,0
江西省,宜春市,广东省,东莞市,2019,58,3,0
江西省,宜春市,广东省,东莞市,2020,41,10,0
江西省,宜春市,广东省,佛山市,2018,13,15,0
江西省,宜春市,广东省,佛山市,2019,9,7,0
江西省,宜春市,广东省,佛山市,2020,8,5,0
江西省,宜春市,广东省,中山市,2018,0,1,0
江西省,宜春市,江苏省,南京市,2019,1,0,0
江西省,宜春市,江西省,九江市,2019,0,1,0
江西省,宜春市,江西省,九江市,2020,0,1,0
江西省,宜春市,江西省,南昌市,2018,26,5,0
江西省,宜春市,江西省,南昌市,2019,17,5,0
江西省,宜春市,江西省,南昌市,2020,15,9,0
江西省,宜春市,辽宁省,大连市,2019,1,0,0
江西省,宜春市,上海市,上海市,2018,2,0,0
江西省,宜春市,上海市,上海市,2019,6,10,0
江西省,宜春市,上海市,上海市,2020,12,4,0
江西省,宜春市,天津市,天津市,2018,9,0,0
江西省,宜春市,浙江省,宁波市,2020,1,0,0
江西省,鹰潭市,安徽省,合肥市,2020,0,2,0
江西省,鹰潭市,安徽省,马鞍山市,2020,1,0,0
江西省,鹰潭市,北京市,北京市,2018,2,1,0
江西省,鹰潭市,北京市,北京市,2019,8,6,1
江西省,鹰潭市,北京市,北京市,2020,7,2,0
江西省,鹰潭市,广东省,佛山市,2018,5,18,0
江西省,鹰潭市,广东省,深圳市,2018,1,0,0
江西省,鹰潭市,广东省,深圳市,2020,0,1,0
江西省,鹰潭市,河南省,郑州市,2020,0,1,0
江西省,鹰潭市,湖北省,武汉市,2018,1,2,0
江西省,鹰潭市,湖北省,武汉市,2019,2,2,0
江西省,鹰潭市,湖北省,武汉市,2020,1,27,0
江西省,鹰潭市,湖南省,长沙市,2019,2,2,0
江西省,鹰潭市,江苏省,南京市,2020,1,0,0
江西省,鹰潭市,江苏省,苏州市,2019,0,1,0
江西省,鹰潭市,江苏省,徐州市,2020,4,2,0
江西省,鹰潭市,江苏省,镇江市,2019,0,1,0
江西省,鹰潭市,江西省,赣州市,2018,2,0,0
江西省,鹰潭市,江西省,赣州市,2019,4,0,0
江西省,鹰潭市,江西省,赣州市,2020,1,0,0
江西省,鹰潭市,江西省,九江市,2020,0,1,0
江西省,鹰潭市,江西省,南昌市,2018,1,0,0
江西省,鹰潭市,江西省,南昌市,2019,4,2,0
江西省,鹰潭市,江西省,南昌市,2020,3,0,1
江西省,鹰潭市,江西省,上饶市,2020,1,0,0
江西省,鹰潭市,山东省,青岛市,2019,1,0,0
江西省,鹰潭市,山东省,威海市,2020,0,1,0
江西省,鹰潭市,陕西省,西安市,2020,0,1,0
江西省,鹰潭市,上海市,上海市,2019,0,2,0
江西省,鹰潭市,上海市,上海市,2020,2,0,0
江西省,鹰潭市,天津市,天津市,2019,0,2,0
江西省,鹰潭市,浙江省,绍兴市,2018,0,10,0
江西省,鹰潭市,浙江省,绍兴市,2019,13,37,13
江西省,鹰潭市,浙江省,绍兴市,2020,11,11,1
辽宁省,鞍山市,安徽省,合肥市,2019,0,1,0
辽宁省,鞍山市,安徽省,合肥市,2020,0,2,1
辽宁省,鞍山市,北京市,北京市,2018,27,17,0
辽宁省,鞍山市,北京市,北京市,2019,49,36,2
辽宁省,鞍山市,北京市,北京市,2020,41,36,4
辽宁省,鞍山市,福建省,厦门市,2018,8,3,0
辽宁省,鞍山市,福建省,厦门市,2019,4,4,0
辽宁省,鞍山市,福建省,厦门市,2020,10,7,0
辽宁省,鞍山市,广东省,广州市,2018,1,1,0
辽宁省,鞍山市,广东省,广州市,2019,9,3,0
辽宁省,鞍山市,广东省,清远市,2018,2,0,0
辽宁省,鞍山市,广东省,深圳市,2019,5,1,0
辽宁省,鞍山市,广东省,深圳市,2020,3,4,0
辽宁省,鞍山市,广东省,珠海市,2020,2,1,0
辽宁省,鞍山市,广西壮族自治区,南宁市,2018,1,2,0
辽宁省,鞍山市,河北省,沧州市,2020,0,4,0
辽宁省,鞍山市,河北省,秦皇岛市,2020,1,0,0
辽宁省,鞍山市,河北省,唐山市,2019,1,1,0
辽宁省,鞍山市,河北省,唐山市,2020,1,0,0
辽宁省,鞍山市,河南省,安阳市,2019,1,0,0
辽宁省,鞍山市,河南省,安阳市,2020,7,6,0
辽宁省,鞍山市,河南省,焦作市,2018,1,0,0
辽宁省,鞍山市,河南省,洛阳市,2018,2,0,0
辽宁省,鞍山市,河南省,洛阳市,2019,0,1,0
辽宁省,鞍山市,河南省,南阳市,2018,2,2,0
辽宁省,鞍山市,河南省,郑州市,2020,1,0,0
辽宁省,鞍山市,湖北省,省直辖县级行政区划,2019,1,0,0
辽宁省,鞍山市,湖北省,省直辖县级行政区划,2020,3,2,0
辽宁省,鞍山市,吉林省,吉林市,2019,6,0,0
辽宁省,鞍山市,吉林省,吉林市,2020,3,0,0
辽宁省,鞍山市,江苏省,南京市,2018,2,0,0
辽宁省,鞍山市,江苏省,南京市,2019,2,3,0
辽宁省,鞍山市,江苏省,南京市,2020,4,7,0
辽宁省,鞍山市,江苏省,苏州市,2019,2,0,0
辽宁省,鞍山市,江苏省,苏州市,2020,0,2,0
辽宁省,鞍山市,江苏省,泰州市,2018,8,3,0
辽宁省,鞍山市,江苏省,泰州市,2019,4,3,0
辽宁省,鞍山市,江苏省,泰州市,2020,10,6,0
辽宁省,鞍山市,江苏省,无锡市,2018,2,0,0
辽宁省,鞍山市,江苏省,无锡市,2019,0,1,0
辽宁省,鞍山市,江苏省,无锡市,2020,1,0,0
辽宁省,鞍山市,江西省,吉安市,2018,2,0,0
辽宁省,鞍山市,江西省,吉安市,2019,2,0,0
辽宁省,鞍山市,辽宁省,本溪市,2019,1,0,0
辽宁省,鞍山市,辽宁省,朝阳市,2020,2,4,0
辽宁省,鞍山市,辽宁省,大连市,2018,3,2,0
辽宁省,鞍山市,辽宁省,大连市,2019,2,2,0
辽宁省,鞍山市,辽宁省,大连市,2020,2,1,0
辽宁省,鞍山市,辽宁省,辽阳市,2020,3,0,0
辽宁省,鞍山市,辽宁省,盘锦市,2020,7,8,0
辽宁省,鞍山市,辽宁省,沈阳市,2018,8,9,0
辽宁省,鞍山市,辽宁省,沈阳市,2019,14,6,0
辽宁省,鞍山市,辽宁省,沈阳市,2020,21,18,0
辽宁省,鞍山市,辽宁省,营口市,2018,0,1,0
辽宁省,鞍山市,辽宁省,营口市,2019,0,1,0
辽宁省,鞍山市,内蒙古自治区,乌海市,2020,0,4,5
辽宁省,鞍山市,内蒙古自治区,锡林郭勒盟,2020,0,1,0
辽宁省,鞍山市,宁夏回族自治区,银川市,2018,1,1,0
辽宁省,鞍山市,青海省,海西蒙古族藏族自治州,2020,0,1,0
辽宁省,鞍山市,山东省,青岛市,2019,1,1,0
辽宁省,鞍山市,山东省,潍坊市,2020,2,1,0
辽宁省,鞍山市,上海市,上海市,2018,1,0,0
辽宁省,鞍山市,上海市,上海市,2019,3,2,0
辽宁省,鞍山市,上海市,上海市,2020,0,3,2
辽宁省,鞍山市,四川省,成都市,2018,1,0,0
辽宁省,鞍山市,四川省,成都市,2019,1,0,0
辽宁省,鞍山市,四川省,绵阳市,2018,2,0,0
辽宁省,鞍山市,四川省,绵阳市,2020,1,2,0
辽宁省,鞍山市,四川省,攀枝花市,2020,1,0,0
辽宁省,鞍山市,四川省,资阳市,2018,4,1,0
辽宁省,鞍山市,四川省,资阳市,2019,5,4,0
辽宁省,鞍山市,四川省,资阳市,2020,8,6,0
辽宁省,鞍山市,天津市,天津市,2018,1,0,0
辽宁省,鞍山市,天津市,天津市,2019,0,1,0
辽宁省,鞍山市,天津市,天津市,2020,0,1,0
辽宁省,鞍山市,新疆维吾尔自治区,乌鲁木齐市,2020,5,0,0
辽宁省,鞍山市,浙江省,嘉兴市,2020,1,1,0
辽宁省,鞍山市,浙江省,金华市,2018,1,0,0
辽宁省,鞍山市,浙江省,金华市,2019,2,0,0
辽宁省,鞍山市,浙江省,绍兴市,2018,2,2,0
辽宁省,鞍山市,浙江省,绍兴市,2020,0,8,0
辽宁省,鞍山市,重庆市,重庆市,2019,5,0,0
辽宁省,鞍山市,重庆市,重庆市,2020,5,0,0
辽宁省,本溪市,北京市,北京市,2018,22,18,0
辽宁省,本溪市,北京市,北京市,2019,28,16,0
辽宁省,本溪市,北京市,北京市,2020,30,17,0
辽宁省,本溪市,福建省,厦门市,2018,1,0,0
辽宁省,本溪市,黑龙江省,哈尔滨市,2020,1,1,0
辽宁省,本溪市,吉林省,吉林市,2020,1,0,0
辽宁省,本溪市,江苏省,南京市,2018,1,0,0
辽宁省,本溪市,江苏省,南京市,2019,2,0,0
辽宁省,本溪市,江苏省,南京市,2020,1,1,0
辽宁省,本溪市,辽宁省,朝阳市,2019,0,3,0
辽宁省,本溪市,辽宁省,大连市,2020,1,4,0
辽宁省,本溪市,内蒙古自治区,乌兰察布市,2020,0,1,0
辽宁省,本溪市,上海市,上海市,2019,1,0,0
辽宁省,本溪市,上海市,上海市,2020,1,0,0
辽宁省,本溪市,浙江省,宁波市,2020,1,2,0
辽宁省,朝阳市,北京市,北京市,2018,17,17,0
辽宁省,朝阳市,北京市,北京市,2019,24,29,1
辽宁省,朝阳市,北京市,北京市,2020,25,36,3
辽宁省,朝阳市,吉林省,四平市,2018,0,1,0
辽宁省,朝阳市,吉林省,延边朝鲜族自治州,2018,0,1,0
辽宁省,朝阳市,江苏省,南京市,2019,1,0,1
辽宁省,朝阳市,江苏省,南京市,2020,0,1,0
辽宁省,朝阳市,辽宁省,大连市,2018,0,2,0
辽宁省,朝阳市,辽宁省,大连市,2019,0,1,0
辽宁省,朝阳市,辽宁省,大连市,2020,3,2,0
辽宁省,朝阳市,山东省,德州市,2018,0,1,0
辽宁省,朝阳市,山西省,大同市,2020,1,0,0
辽宁省,朝阳市,四川省,乐山市,2018,0,1,0
辽宁省,朝阳市,天津市,天津市,2019,4,0,0
辽宁省,朝阳市,天津市,天津市,2020,2,2,0
辽宁省,朝阳市,新疆维吾尔自治区,乌鲁木齐市,2019,1,1,0
辽宁省,朝阳市,新疆维吾尔自治区,伊犁哈萨克自治州,2018,0,1,0
辽宁省,朝阳市,浙江省,台州市,2018,1,0,0
辽宁省,大连市,安徽省,合肥市,2018,2,0,0
辽宁省,大连市,安徽省,合肥市,2019,2,0,0
辽宁省,大连市,安徽省,合肥市,2020,15,1,0
辽宁省,大连市,安徽省,六安市,2020,1,0,0
辽宁省,大连市,北京市,北京市,2018,680,52,0
辽宁省,大连市,北京市,北京市,2019,705,51,0
辽宁省,大连市,北京市,北京市,2020,725,86,1
辽宁省,大连市,福建省,三明市,2020,1,3,0
辽宁省,大连市,福建省,厦门市,2018,0,7,0
辽宁省,大连市,福建省,厦门市,2019,0,1,1
辽宁省,大连市,福建省,厦门市,2020,1,15,0
辽宁省,大连市,甘肃省,兰州市,2020,7,0,0
辽宁省,大连市,广东省,东莞市,2018,6,8,0
辽宁省,大连市,广东省,东莞市,2019,3,4,0
辽宁省,大连市,广东省,东莞市,2020,11,8,0
辽宁省,大连市,广东省,佛山市,2018,0,1,0
辽宁省,大连市,广东省,佛山市,2019,1,0,0
辽宁省,大连市,广东省,佛山市,2020,1,1,0
辽宁省,大连市,广东省,云浮市,2019,0,2,0
辽宁省,大连市,广东省,云浮市,2020,0,1,0
辽宁省,大连市,广西壮族自治区,北海市,2020,1,0,0
辽宁省,大连市,广西壮族自治区,南宁市,2019,3,0,0
辽宁省,大连市,海南省,三亚市,2018,1,1,0
辽宁省,大连市,海南省,三亚市,2020,0,1,0
辽宁省,大连市,河北省,保定市,2018,3,1,0
辽宁省,大连市,河北省,保定市,2019,1,1,0
辽宁省,大连市,河北省,保定市,2020,8,2,0
辽宁省,大连市,河北省,唐山市,2018,5,2,0
辽宁省,大连市,河北省,唐山市,2020,3,1,0
辽宁省,大连市,黑龙江省,大庆市,2018,0,1,0
辽宁省,大连市,黑龙江省,哈尔滨市,2018,3,5,0
辽宁省,大连市,黑龙江省,哈尔滨市,2019,3,0,0
辽宁省,大连市,黑龙江省,哈尔滨市,2020,8,1,0
辽宁省,大连市,湖北省,十堰市,2020,1,0,0
辽宁省,大连市,吉林省,吉林市,2018,3,0,0
辽宁省,大连市,吉林省,四平市,2018,1,3,0
辽宁省,大连市,吉林省,四平市,2019,0,1,0
辽宁省,大连市,吉林省,四平市,2020,0,1,0
辽宁省,大连市,江苏省,南京市,2018,3,0,0
辽宁省,大连市,江苏省,南京市,2019,10,0,0
辽宁省,大连市,江苏省,南京市,2020,9,7,0
辽宁省,大连市,江苏省,南通市,2018,1,0,0
辽宁省,大连市,江苏省,南通市,2020,1,0,0
辽宁省,大连市,江西省,南昌市,2019,1,0,0
辽宁省,大连市,江西省,南昌市,2020,1,0,0
辽宁省,大连市,辽宁省,丹东市,2019,2,2,0
辽宁省,大连市,内蒙古自治区,包头市,2020,2,0,0
辽宁省,大连市,内蒙古自治区,呼和浩特市,2018,2,0,0
辽宁省,大连市,内蒙古自治区,呼和浩特市,2019,0,1,0
辽宁省,大连市,内蒙古自治区,乌海市,2019,1,0,0
辽宁省,大连市,内蒙古自治区,乌兰察布市,2020,0,1,0
辽宁省,大连市,宁夏回族自治区,吴忠市,2018,1,0,0
辽宁省,大连市,山东省,东营市,2019,1,2,0
辽宁省,大连市,山西省,大同市,2018,2,0,0
辽宁省,大连市,陕西省,商洛市,2018,2,0,0
辽宁省,大连市,陕西省,咸阳市,2018,0,1,0
辽宁省,大连市,陕西省,咸阳市,2020,1,1,0
辽宁省,大连市,上海市,上海市,2018,15,8,0
辽宁省,大连市,上海市,上海市,2019,22,1,0
辽宁省,大连市,上海市,上海市,2020,28,22,0
辽宁省,大连市,四川省,乐山市,2018,0,1,0
辽宁省,大连市,四川省,乐山市,2020,0,1,0
辽宁省,大连市,四川省,凉山彝族自治州,2019,0,1,0
辽宁省,大连市,四川省,内江市,2018,0,1,0
辽宁省,大连市,四川省,内江市,2020,1,0,0
辽宁省,大连市,四川省,南充市,2018,1,1,0
辽宁省,大连市,新疆维吾尔自治区,博尔塔拉蒙古自治州,2018,2,0,0
辽宁省,大连市,新疆维吾尔自治区,哈密市,2020,0,1,0
辽宁省,大连市,新疆维吾尔自治区,克拉玛依市,2018,1,0,0
辽宁省,大连市,新疆维吾尔自治区,克拉玛依市,2019,4,0,0
辽宁省,大连市,新疆维吾尔自治区,克拉玛依市,2020,11,0,0
辽宁省,大连市,新疆维吾尔自治区,塔城地区,2019,1,0,0
辽宁省,大连市,新疆维吾尔自治区,乌鲁木齐市,2018,7,0,0
辽宁省,大连市,新疆维吾尔自治区,乌鲁木齐市,2019,10,3,0
辽宁省,大连市,新疆维吾尔自治区,乌鲁木齐市,2020,7,0,0
辽宁省,大连市,新疆维吾尔自治区,伊犁哈萨克自治州,2018,1,2,0
辽宁省,大连市,浙江省,嘉兴市,2018,1,1,0
辽宁省,大连市,浙江省,嘉兴市,2019,2,2,0
辽宁省,大连市,浙江省,嘉兴市,2020,3,0,0
辽宁省,大连市,浙江省,台州市,2020,4,0,0
辽宁省,丹东市,上海市,上海市,2018,1,0,0
辽宁省,抚顺市,北京市,北京市,2018,27,20,0
辽宁省,抚顺市,北京市,北京市,2019,38,33,0
辽宁省,抚顺市,北京市,北京市,2020,26,24,0
辽宁省,抚顺市,甘肃省,庆阳市,2020,0,1,0
辽宁省,抚顺市,广东省,广州市,2019,1,0,0
辽宁省,抚顺市,广东省,广州市,2020,1,1,0
辽宁省,抚顺市,河南省,商丘市,2020,1,2,0
辽宁省,抚顺市,黑龙江省,哈尔滨市,2019,1,0,0
辽宁省,抚顺市,吉林省,吉林市,2020,1,0,0
辽宁省,抚顺市,江苏省,南京市,2019,2,0,0
辽宁省,抚顺市,江苏省,徐州市,2020,0,1,0
辽宁省,抚顺市,辽宁省,大连市,2019,0,7,0
辽宁省,抚顺市,辽宁省,大连市,2020,1,5,0
辽宁省,抚顺市,山东省,东营市,2018,1,1,0
辽宁省,抚顺市,山西省,太原市,2020,1,0,0
辽宁省,抚顺市,陕西省,咸阳市,2020,1,0,0
辽宁省,抚顺市,上海市,上海市,2018,3,1,0
辽宁省,抚顺市,上海市,上海市,2019,6,7,0
辽宁省,抚顺市,上海市,上海市,2020,1,1,0
辽宁省,抚顺市,天津市,天津市,2018,1,0,0
辽宁省,阜新市,安徽省,芜湖市,2018,4,4,0
辽宁省,阜新市,北京市,北京市,2018,21,26,0
辽宁省,阜新市,北京市,北京市,2019,24,18,0
辽宁省,阜新市,北京市,北京市,2020,22,22,0
辽宁省,阜新市,甘肃省,平凉市,2018,1,0,0
辽宁省,阜新市,甘肃省,平凉市,2019,1,1,0
辽宁省,阜新市,甘肃省,庆阳市,2020,3,5,0
辽宁省,阜新市,广东省,佛山市,2020,2,0,0
辽宁省,阜新市,广东省,深圳市,2020,1,0,0
辽宁省,阜新市,河北省,廊坊市,2020,4,0,0
辽宁省,阜新市,河南省,平顶山市,2018,1,1,0
辽宁省,阜新市,河南省,平顶山市,2019,1,0,0
辽宁省,阜新市,河南省,商丘市,2018,2,0,0
辽宁省,阜新市,河南省,郑州市,2020,1,0,0
辽宁省,阜新市,黑龙江省,双鸭山市,2019,1,0,0
辽宁省,阜新市,湖北省,武汉市,2019,1,0,0
辽宁省,阜新市,湖北省,武汉市,2020,1,0,0
辽宁省,阜新市,吉林省,吉林市,2018,2,0,0
辽宁省,阜新市,吉林省,吉林市,2019,1,0,0
辽宁省,阜新市,吉林省,吉林市,2020,1,0,0
辽宁省,阜新市,江苏省,南京市,2018,5,0,0
辽宁省,阜新市,江苏省,南京市,2019,3,0,0
辽宁省,阜新市,江苏省,南京市,2020,1,0,0
辽宁省,阜新市,江西省,九江市,2020,2,0,0
辽宁省,阜新市,辽宁省,沈阳市,2018,10,0,0
辽宁省,阜新市,辽宁省,沈阳市,2019,15,0,0
辽宁省,阜新市,辽宁省,沈阳市,2020,10,2,0
辽宁省,阜新市,内蒙古自治区,包头市,2019,2,0,0
辽宁省,阜新市,内蒙古自治区,包头市,2020,1,0,0
辽宁省,阜新市,内蒙古自治区,鄂尔多斯市,2018,0,3,0
辽宁省,阜新市,内蒙古自治区,通辽市,2020,1,0,0
辽宁省,阜新市,内蒙古自治区,锡林郭勒盟,2018,1,1,0
辽宁省,阜新市,山东省,济南市,2020,1,0,0
辽宁省,阜新市,山东省,烟台市,2020,1,1,0
辽宁省,阜新市,山西省,长治市,2018,12,2,0
辽宁省,阜新市,山西省,长治市,2019,0,2,0
辽宁省,阜新市,山西省,长治市,2020,4,6,0
辽宁省,阜新市,山西省,大同市,2019,0,2,0
辽宁省,阜新市,山西省,大同市,2020,0,8,0
辽宁省,阜新市,山西省,临汾市,2019,0,2,0
辽宁省,阜新市,山西省,吕梁市,2020,1,3,0
辽宁省,阜新市,山西省,朔州市,2018,2,1,0
辽宁省,阜新市,山西省,太原市,2018,2,1,0
辽宁省,阜新市,山西省,太原市,2019,1,0,0
辽宁省,阜新市,陕西省,西安市,2019,1,0,0
辽宁省,阜新市,陕西省,西安市,2020,1,0,0
辽宁省,阜新市,上海市,上海市,2019,1,0,0
辽宁省,阜新市,天津市,天津市,2020,3,4,0
辽宁省,阜新市,新疆维吾尔自治区,昌吉回族自治州,2019,3,3,0
辽宁省,阜新市,新疆维吾尔自治区,乌鲁木齐市,2020,2,0,0
辽宁省,葫芦岛市,安徽省,合肥市,2018,0,1,0
辽宁省,葫芦岛市,安徽省,芜湖市,2018,0,1,0
辽宁省,葫芦岛市,北京市,北京市,2018,3,8,0
辽宁省,葫芦岛市,北京市,北京市,2019,14,13,0
辽宁省,葫芦岛市,北京市,北京市,2020,20,6,0
辽宁省,葫芦岛市,广东省,深圳市,2018,1,0,0
辽宁省,葫芦岛市,广东省,深圳市,2020,0,1,0
辽宁省,葫芦岛市,河北省,唐山市,2018,1,0,0
辽宁省,葫芦岛市,河南省,新乡市,2020,1,1,0
辽宁省,葫芦岛市,黑龙江省,哈尔滨市,2018,1,0,0
辽宁省,葫芦岛市,湖北省,武汉市,2018,1,1,0
辽宁省,葫芦岛市,江苏省,常州市,2018,0,1,0
辽宁省,葫芦岛市,江苏省,南京市,2020,1,0,0
辽宁省,葫芦岛市,江苏省,苏州市,2018,1,0,0
辽宁省,葫芦岛市,江苏省,无锡市,2018,4,0,0
辽宁省,葫芦岛市,江苏省,无锡市,2019,4,0,0
辽宁省,葫芦岛市,江苏省,无锡市,2020,2,0,0
辽宁省,葫芦岛市,江苏省,徐州市,2020,1,0,0
辽宁省,葫芦岛市,辽宁省,朝阳市,2020,1,1,0
辽宁省,葫芦岛市,辽宁省,大连市,2020,1,0,0
辽宁省,葫芦岛市,辽宁省,盘锦市,2020,0,4,0
辽宁省,葫芦岛市,辽宁省,沈阳市,2018,2,0,0
辽宁省,葫芦岛市,辽宁省,沈阳市,2019,15,11,0
辽宁省,葫芦岛市,辽宁省,沈阳市,2020,19,7,0
辽宁省,葫芦岛市,山西省,大同市,2020,0,1,0
辽宁省,葫芦岛市,上海市,上海市,2019,2,0,0
辽宁省,葫芦岛市,上海市,上海市,2020,2,0,0
辽宁省,葫芦岛市,四川省,成都市,2020,1,0,0
辽宁省,葫芦岛市,天津市,天津市,2019,1,0,0
辽宁省,葫芦岛市,西藏自治区,山南市,2020,1,0,0
辽宁省,葫芦岛市,浙江省,温州市,2020,2,0,0
辽宁省,锦州市,北京市,北京市,2018,33,25,0
辽宁省,锦州市,北京市,北京市,2019,47,26,0
辽宁省,锦州市,北京市,北京市,2020,40,27,0
辽宁省,锦州市,福建省,厦门市,2020,1,0,0
辽宁省,锦州市,广东省,广州市,2019,0,6,0
辽宁省,锦州市,河北省,秦皇岛市,2019,0,1,0
辽宁省,锦州市,河北省,石家庄市,2019,8,12,0
辽宁省,锦州市,河北省,石家庄市,2020,0,2,0
辽宁省,锦州市,河南省,洛阳市,2019,2,1,0
辽宁省,锦州市,黑龙江省,哈尔滨市,2018,1,0,0
辽宁省,锦州市,湖北省,武汉市,2018,6,0,0
辽宁省,锦州市,湖北省,武汉市,2019,1,0,0
辽宁省,锦州市,湖北省,宜昌市,2019,2,0,0
辽宁省,锦州市,江苏省,南京市,2018,4,0,0
辽宁省,锦州市,江苏省,南京市,2019,4,0,0
辽宁省,锦州市,江苏省,南京市,2020,1,0,0
辽宁省,锦州市,辽宁省,本溪市,2019,1,0,0
辽宁省,锦州市,辽宁省,大连市,2018,4,1,0
辽宁省,锦州市,辽宁省,大连市,2019,9,0,0
辽宁省,锦州市,辽宁省,大连市,2020,1,0,0
辽宁省,锦州市,辽宁省,丹东市,2018,0,1,0
辽宁省,锦州市,辽宁省,葫芦岛市,2018,1,0,0
辽宁省,锦州市,辽宁省,葫芦岛市,2020,0,1,0
辽宁省,锦州市,辽宁省,辽阳市,2020,0,1,0
辽宁省,锦州市,辽宁省,盘锦市,2018,1,0,0
辽宁省,锦州市,辽宁省,盘锦市,2020,1,0,0
辽宁省,锦州市,辽宁省,沈阳市,2018,5,3,0
辽宁省,锦州市,辽宁省,沈阳市,2019,17,2,0
辽宁省,锦州市,辽宁省,沈阳市,2020,9,2,0
辽宁省,锦州市,内蒙古自治区,赤峰市,2018,6,0,0
辽宁省,锦州市,内蒙古自治区,呼和浩特市,2020,0,2,0
辽宁省,锦州市,内蒙古自治区,兴安盟,2019,8,1,0
辽宁省,锦州市,内蒙古自治区,兴安盟,2020,4,1,0
辽宁省,锦州市,宁夏回族自治区,石嘴山市,2019,0,1,0
辽宁省,锦州市,山东省,济南市,2018,1,0,0
辽宁省,锦州市,山东省,济南市,2020,3,0,0
辽宁省,锦州市,陕西省,铜川市,2020,0,1,0
辽宁省,锦州市,陕西省,渭南市,2020,1,1,0
辽宁省,锦州市,上海市,上海市,2018,1,0,0
辽宁省,锦州市,上海市,上海市,2019,0,1,0
辽宁省,锦州市,上海市,上海市,2020,1,0,0
辽宁省,锦州市,四川省,绵阳市,2018,1,2,0
辽宁省,锦州市,四川省,绵阳市,2019,3,3,0
辽宁省,锦州市,天津市,天津市,2019,0,1,0
辽宁省,锦州市,天津市,天津市,2020,1,1,0
辽宁省,锦州市,新疆维吾尔自治区,乌鲁木齐市,2019,2,0,0
辽宁省,锦州市,浙江省,宁波市,2018,0,1,0
辽宁省,辽阳市,北京市,北京市,2018,19,28,0
辽宁省,辽阳市,北京市,北京市,2019,22,23,0
辽宁省,辽阳市,北京市,北京市,2020,41,56,0
辽宁省,辽阳市,河北省,沧州市,2019,1,1,0
辽宁省,辽阳市,河北省,石家庄市,2019,1,0,0
辽宁省,辽阳市,河南省,平顶山市,2020,1,2,0
辽宁省,辽阳市,河南省,许昌市,2019,1,0,0
辽宁省,辽阳市,河南省,许昌市,2020,9,1,0
辽宁省,辽阳市,江苏省,常州市,2018,1,0,0
辽宁省,辽阳市,江苏省,扬州市,2018,1,0,0
辽宁省,辽阳市,辽宁省,沈阳市,2018,15,7,0
辽宁省,辽阳市,辽宁省,沈阳市,2019,12,8,0
辽宁省,辽阳市,辽宁省,沈阳市,2020,17,6,0
辽宁省,辽阳市,山东省,济南市,2020,1,0,0
辽宁省,辽阳市,山东省,临沂市,2018,1,1,0
辽宁省,辽阳市,山东省,烟台市,2020,1,1,0
辽宁省,辽阳市,陕西省,宝鸡市,2020,0,8,0
辽宁省,辽阳市,陕西省,西安市,2018,0,1,0
辽宁省,辽阳市,陕西省,西安市,2019,0,1,0
辽宁省,辽阳市,上海市,上海市,2018,1,0,0
辽宁省,辽阳市,上海市,上海市,2019,2,0,0
辽宁省,辽阳市,天津市,天津市,2018,1,1,0
辽宁省,辽阳市,天津市,天津市,2019,1,2,0
辽宁省,辽阳市,浙江省,杭州市,2020,0,2,0
辽宁省,盘锦市,北京市,北京市,2018,23,15,0
辽宁省,盘锦市,北京市,北京市,2019,24,14,0
辽宁省,盘锦市,北京市,北京市,2020,27,12,0
辽宁省,盘锦市,广东省,深圳市,2019,2,0,0
辽宁省,盘锦市,海南省,三亚市,2018,1,0,0
辽宁省,盘锦市,江西省,九江市,2019,1,0,0
辽宁省,盘锦市,江西省,九江市,2020,1,0,0
辽宁省,盘锦市,辽宁省,大连市,2018,0,3,0
辽宁省,盘锦市,辽宁省,大连市,2019,8,1,0
辽宁省,盘锦市,辽宁省,大连市,2020,6,1,0
辽宁省,盘锦市,辽宁省,抚顺市,2018,1,0,0
辽宁省,盘锦市,辽宁省,沈阳市,2018,3,0,0
辽宁省,盘锦市,辽宁省,沈阳市,2019,4,2,0
辽宁省,盘锦市,辽宁省,沈阳市,2020,3,0,0
辽宁省,盘锦市,内蒙古自治区,兴安盟,2020,1,0,0
辽宁省,盘锦市,山东省,东营市,2018,0,1,0
辽宁省,盘锦市,山东省,东营市,2020,0,1,0
辽宁省,盘锦市,山东省,威海市,2018,2,0,0
辽宁省,盘锦市,山西省,太原市,2019,0,1,0
辽宁省,盘锦市,上海市,上海市,2020,0,1,0
辽宁省,盘锦市,四川省,成都市,2018,4,2,0
辽宁省,盘锦市,四川省,德阳市,2020,4,0,0
辽宁省,盘锦市,天津市,天津市,2018,1,1,0
辽宁省,盘锦市,天津市,天津市,2019,1,0,0
辽宁省,盘锦市,云南省,昆明市,2020,1,0,0
辽宁省,沈阳市,安徽省,安庆市,2020,0,1,0
辽宁省,沈阳市,安徽省,合肥市,2018,5,3,0
辽宁省,沈阳市,安徽省,合肥市,2019,6,0,0
辽宁省,沈阳市,安徽省,合肥市,2020,6,3,0
辽宁省,沈阳市,安徽省,宿州市,2018,4,4,0
辽宁省,沈阳市,安徽省,宣城市,2020,1,0,0
辽宁省,沈阳市,北京市,北京市,2018,406,160,2
辽宁省,沈阳市,北京市,北京市,2019,596,204,1
辽宁省,沈阳市,北京市,北京市,2020,509,154,2
辽宁省,沈阳市,福建省,南平市,2019,1,0,0
辽宁省,沈阳市,福建省,宁德市,2018,1,0,0
辽宁省,沈阳市,福建省,厦门市,2019,4,0,0
辽宁省,沈阳市,福建省,厦门市,2020,6,0,0
辽宁省,沈阳市,甘肃省,兰州市,2018,1,0,0
辽宁省,沈阳市,甘肃省,兰州市,2019,10,0,0
辽宁省,沈阳市,甘肃省,兰州市,2020,1,0,0
辽宁省,沈阳市,广东省,佛山市,2018,7,6,0
辽宁省,沈阳市,广东省,佛山市,2019,7,2,0
辽宁省,沈阳市,广东省,佛山市,2020,5,1,0
辽宁省,沈阳市,广东省,广州市,2018,22,13,0
辽宁省,沈阳市,广东省,广州市,2019,23,3,0
辽宁省,沈阳市,广东省,广州市,2020,28,9,0
辽宁省,沈阳市,广东省,惠州市,2018,2,0,0
辽宁省,沈阳市,广东省,惠州市,2019,1,0,0
辽宁省,沈阳市,广东省,惠州市,2020,0,2,0
辽宁省,沈阳市,广东省,汕头市,2018,1,0,0
辽宁省,沈阳市,广西壮族自治区,柳州市,2020,0,2,0
辽宁省,沈阳市,广西壮族自治区,南宁市,2019,1,0,0
辽宁省,沈阳市,广西壮族自治区,南宁市,2020,4,5,0
辽宁省,沈阳市,贵州省,毕节市,2020,1,2,0
辽宁省,沈阳市,河北省,保定市,2018,8,0,0
辽宁省,沈阳市,河北省,保定市,2019,3,3,0
辽宁省,沈阳市,河北省,保定市,2020,7,5,0
辽宁省,沈阳市,河北省,承德市,2018,1,0,0
辽宁省,沈阳市,河北省,承德市,2019,7,0,0
辽宁省,沈阳市,河北省,承德市,2020,2,0,0
辽宁省,沈阳市,河北省,廊坊市,2018,3,0,0
辽宁省,沈阳市,河北省,廊坊市,2019,6,0,0
辽宁省,沈阳市,河北省,廊坊市,2020,2,0,0
辽宁省,沈阳市,河北省,唐山市,2018,1,0,0
辽宁省,沈阳市,河北省,唐山市,2019,2,2,0
辽宁省,沈阳市,河北省,唐山市,2020,4,3,0
辽宁省,沈阳市,河北省,张家口市,2018,1,0,0
辽宁省,沈阳市,河北省,张家口市,2019,1,0,0
辽宁省,沈阳市,河南省,安阳市,2020,1,0,0
辽宁省,沈阳市,河南省,平顶山市,2018,4,0,0
辽宁省,沈阳市,河南省,平顶山市,2019,6,0,0
辽宁省,沈阳市,河南省,平顶山市,2020,9,1,0
辽宁省,沈阳市,河南省,新乡市,2019,0,1,0
辽宁省,沈阳市,河南省,周口市,2019,0,2,0
辽宁省,沈阳市,黑龙江省,哈尔滨市,2018,8,1,0
辽宁省,沈阳市,黑龙江省,哈尔滨市,2019,7,5,0
辽宁省,沈阳市,黑龙江省,哈尔滨市,2020,14,17,2
辽宁省,沈阳市,湖北省,武汉市,2018,21,4,0
辽宁省,沈阳市,湖北省,武汉市,2019,23,8,0
辽宁省,沈阳市,湖北省,武汉市,2020,12,1,0
辽宁省,沈阳市,湖北省,宜昌市,2018,1,2,0
辽宁省,沈阳市,湖北省,宜昌市,2019,2,0,0
辽宁省,沈阳市,湖南省,娄底市,2018,3,0,0
辽宁省,沈阳市,湖南省,娄底市,2020,3,0,0
辽宁省,沈阳市,湖南省,株洲市,2019,0,1,2
辽宁省,沈阳市,吉林省,吉林市,2018,28,3,0
辽宁省,沈阳市,吉林省,吉林市,2019,39,1,0
辽宁省,沈阳市,吉林省,吉林市,2020,14,1,0
辽宁省,沈阳市,吉林省,四平市,2018,1,0,0
辽宁省,沈阳市,吉林省,四平市,2019,1,18,0
辽宁省,沈阳市,吉林省,延边朝鲜族自治州,2018,2,1,0
辽宁省,沈阳市,江苏省,常州市,2018,2,0,0
辽宁省,沈阳市,江苏省,常州市,2019,2,1,0
辽宁省,沈阳市,江苏省,常州市,2020,1,1,0
辽宁省,沈阳市,江苏省,昆山市,2018,0,1,0
辽宁省,沈阳市,江苏省,廊坊市,2020,0,1,0
辽宁省,沈阳市,江苏省,南京市,2018,44,5,0
辽宁省,沈阳市,江苏省,南京市,2019,45,8,0
辽宁省,沈阳市,江苏省,南京市,2020,79,8,0
辽宁省,沈阳市,江苏省,南通市,2018,4,3,0
辽宁省,沈阳市,江苏省,南通市,2019,11,15,0
辽宁省,沈阳市,江苏省,南通市,2020,11,6,2
辽宁省,沈阳市,江苏省,宿迁市,2018,1,2,0
辽宁省,沈阳市,江苏省,宿迁市,2019,1,1,0
辽宁省,沈阳市,江苏省,无锡市,2018,4,4,0
辽宁省,沈阳市,江苏省,无锡市,2019,2,5,0
辽宁省,沈阳市,江苏省,无锡市,2020,6,5,0
辽宁省,沈阳市,江苏省,徐州市,2018,2,0,0
辽宁省,沈阳市,江苏省,徐州市,2019,3,2,0
辽宁省,沈阳市,江苏省,徐州市,2020,2,0,0
辽宁省,沈阳市,江苏省,扬州市,2018,1,0,0
辽宁省,沈阳市,江苏省,扬州市,2019,13,3,0
辽宁省,沈阳市,江苏省,扬州市,2020,46,2,0
辽宁省,沈阳市,江西省,九江市,2020,0,2,0
辽宁省,沈阳市,江西省,南昌市,2018,4,2,0
辽宁省,沈阳市,江西省,南昌市,2019,1,1,0
辽宁省,沈阳市,江西省,南昌市,2020,2,1,0
辽宁省,沈阳市,辽宁省,本溪市,2019,15,8,0
辽宁省,沈阳市,辽宁省,本溪市,2020,8,1,0
辽宁省,沈阳市,辽宁省,朝阳市,2018,1,2,0
辽宁省,沈阳市,辽宁省,朝阳市,2019,7,4,0
辽宁省,沈阳市,辽宁省,朝阳市,2020,2,3,0
辽宁省,沈阳市,辽宁省,大连市,2018,18,9,0
辽宁省,沈阳市,辽宁省,大连市,2019,65,9,0
辽宁省,沈阳市,辽宁省,大连市,2020,31,18,0
辽宁省,沈阳市,辽宁省,丹东市,2018,4,2,0
辽宁省,沈阳市,辽宁省,丹东市,2019,2,1,0
辽宁省,沈阳市,辽宁省,抚顺市,2018,17,7,0
辽宁省,沈阳市,辽宁省,抚顺市,2019,15,6,0
辽宁省,沈阳市,辽宁省,抚顺市,2020,15,6,0
辽宁省,沈阳市,内蒙古自治区,包头市,2018,9,3,0
辽宁省,沈阳市,内蒙古自治区,呼和浩特市,2019,9,3,0
辽宁省,沈阳市,内蒙古自治区,呼和浩特市,2020,1,1,0
辽宁省,沈阳市,内蒙古自治区,呼伦贝尔市,2019,1,0,0
辽宁省,沈阳市,内蒙古自治区,呼伦贝尔市,2020,1,0,0
辽宁省,沈阳市,内蒙古自治区,乌海市,2020,1,0,0
辽宁省,沈阳市,内蒙古自治区,兴安盟,2018,1,0,0
辽宁省,沈阳市,内蒙古自治区,兴安盟,2019,0,1,0
辽宁省,沈阳市,内蒙古自治区,兴安盟,2020,1,0,0
辽宁省,沈阳市,宁夏回族自治区,吴忠市,2020,1,1,0
辽宁省,沈阳市,宁夏回族自治区,中卫市,2018,4,4,0
辽宁省,沈阳市,山东省,东营市,2018,2,0,0
辽宁省,沈阳市,山东省,东营市,2019,3,0,0
辽宁省,沈阳市,山东省,东营市,2020,1,2,0
辽宁省,沈阳市,山东省,威海市,2018,1,1,0
辽宁省,沈阳市,山东省,威海市,2019,3,0,0
辽宁省,沈阳市,山东省,威海市,2020,1,0,0
辽宁省,沈阳市,山西省,晋城市,2019,1,2,0
辽宁省,沈阳市,山西省,晋城市,2020,1,3,0
辽宁省,沈阳市,山西省,晋中市,2020,0,1,0
辽宁省,沈阳市,山西省,太原市,2018,1,3,0
辽宁省,沈阳市,山西省,太原市,2019,4,2,0
辽宁省,沈阳市,山西省,太原市,2020,4,1,0
辽宁省,沈阳市,陕西省,宝鸡市,2018,4,0,0
辽宁省,沈阳市,陕西省,咸阳市,2019,0,1,0
辽宁省,沈阳市,陕西省,咸阳市,2020,0,3,0
辽宁省,沈阳市,陕西省,榆林市,2019,0,2,0
辽宁省,沈阳市,陕西省,榆林市,2020,2,2,0
辽宁省,沈阳市,上海市,上海市,2018,29,27,0
辽宁省,沈阳市,上海市,上海市,2019,70,13,2
辽宁省,沈阳市,上海市,上海市,2020,59,20,0
辽宁省,沈阳市,四川省,成都市,2018,7,1,0
辽宁省,沈阳市,四川省,成都市,2019,30,4,0
辽宁省,沈阳市,四川省,成都市,2020,20,3,0
辽宁省,沈阳市,四川省,德阳市,2018,0,1,0
辽宁省,沈阳市,四川省,凉山彝族自治州,2020,3,0,0
辽宁省,沈阳市,四川省,攀枝花市,2020,2,0,0
辽宁省,沈阳市,四川省,宜宾市,2018,1,0,0
辽宁省,沈阳市,四川省,宜宾市,2020,2,2,0
辽宁省,沈阳市,天津市,天津市,2018,6,6,0
辽宁省,沈阳市,天津市,天津市,2019,26,23,0
辽宁省,沈阳市,天津市,天津市,2020,17,10,2
辽宁省,沈阳市,西藏自治区,拉萨市,2018,2,0,0
辽宁省,沈阳市,西藏自治区,拉萨市,2019,11,0,0
辽宁省,沈阳市,西藏自治区,拉萨市,2020,0,1,0
辽宁省,沈阳市,新疆维吾尔自治区,昌吉回族自治州,2018,11,12,0
辽宁省,沈阳市,新疆维吾尔自治区,昌吉回族自治州,2019,22,13,0
辽宁省,沈阳市,新疆维吾尔自治区,昌吉回族自治州,2020,0,2,0
辽宁省,沈阳市,新疆维吾尔自治区,喀什地区,2019,1,1,0
辽宁省,沈阳市,新疆维吾尔自治区,克拉玛依市,2020,4,4,0
辽宁省,沈阳市,新疆维吾尔自治区,乌鲁木齐市,2018,11,0,0
辽宁省,沈阳市,新疆维吾尔自治区,乌鲁木齐市,2019,2,1,0
辽宁省,沈阳市,新疆维吾尔自治区,乌鲁木齐市,2020,3,0,0
辽宁省,沈阳市,云南省,昆明市,2018,2,0,0
辽宁省,沈阳市,云南省,昆明市,2020,2,0,0
辽宁省,沈阳市,云南省,文山壮族苗族自治州,2018,1,0,0
辽宁省,沈阳市,浙江省,杭州市,2018,10,6,0
辽宁省,沈阳市,浙江省,杭州市,2019,20,6,0
辽宁省,沈阳市,浙江省,杭州市,2020,13,3,0
辽宁省,沈阳市,浙江省,嘉兴市,2019,1,1,0
辽宁省,沈阳市,浙江省,嘉兴市,2020,1,1,0
辽宁省,沈阳市,浙江省,宁波市,2018,0,1,0
辽宁省,沈阳市,浙江省,宁波市,2019,3,10,2
辽宁省,沈阳市,浙江省,宁波市,2020,2,2,0
辽宁省,沈阳市,浙江省,台州市,2019,1,5,0
辽宁省,沈阳市,浙江省,台州市,2020,3,7,0
辽宁省,铁岭市,北京市,北京市,2018,17,15,0
辽宁省,铁岭市,北京市,北京市,2019,24,17,0
辽宁省,铁岭市,北京市,北京市,2020,24,16,0
辽宁省,铁岭市,广东省,广州市,2018,7,5,0
辽宁省,铁岭市,广东省,广州市,2019,11,4,0
辽宁省,铁岭市,广东省,深圳市,2020,1,10,0
辽宁省,铁岭市,广东省,中山市,2018,7,5,0
辽宁省,铁岭市,广东省,中山市,2019,11,11,0
辽宁省,铁岭市,广西壮族自治区,梧州市,2018,7,0,0
辽宁省,铁岭市,广西壮族自治区,梧州市,2019,11,4,0
辽宁省,铁岭市,江苏省,南京市,2020,1,0,0
辽宁省,铁岭市,江苏省,苏州市,2018,2,1,0
辽宁省,铁岭市,江苏省,苏州市,2019,1,0,0
辽宁省,铁岭市,江苏省,苏州市,2020,3,2,0
辽宁省,铁岭市,辽宁省,大连市,2019,0,2,0
辽宁省,铁岭市,辽宁省,辽阳市,2019,1,0,0
辽宁省,铁岭市,辽宁省,盘锦市,2018,1,1,0
辽宁省,铁岭市,辽宁省,沈阳市,2018,1,0,0
辽宁省,铁岭市,辽宁省,沈阳市,2019,5,7,0
辽宁省,铁岭市,辽宁省,沈阳市,2020,17,2,0
辽宁省,铁岭市,宁夏回族自治区,石嘴山市,2018,2,1,0
辽宁省,铁岭市,宁夏回族自治区,石嘴山市,2019,1,0,0
辽宁省,铁岭市,山东省,德州市,2020,0,1,0
辽宁省,铁岭市,山东省,菏泽市,2019,1,0,0
辽宁省,铁岭市,山东省,临沂市,2019,1,0,0
辽宁省,铁岭市,上海市,上海市,2019,1,0,0
辽宁省,铁岭市,上海市,上海市,2020,16,3,0
辽宁省,铁岭市,天津市,天津市,2018,11,13,0
辽宁省,铁岭市,天津市,天津市,2019,11,8,0
辽宁省,营口市,安徽省,合肥市,2020,0,1,0
辽宁省,营口市,安徽省,芜湖市,2020,0,1,0
辽宁省,营口市,北京市,北京市,2018,20,25,0
辽宁省,营口市,北京市,北京市,2019,20,26,0
辽宁省,营口市,北京市,北京市,2020,26,26,0
辽宁省,营口市,福建省,宁德市,2018,0,4,0
辽宁省,营口市,广东省,广州市,2018,1,7,0
辽宁省,营口市,广东省,广州市,2019,0,14,1
辽宁省,营口市,广东省,深圳市,2018,1,1,0
辽宁省,营口市,海南省,海口市,2020,0,1,0
辽宁省,营口市,河北省,保定市,2018,0,1,0
辽宁省,营口市,河北省,廊坊市,2018,1,1,0
辽宁省,营口市,河北省,石家庄市,2018,1,4,0
辽宁省,营口市,河北省,石家庄市,2019,3,13,0
辽宁省,营口市,河北省,石家庄市,2020,0,1,0
辽宁省,营口市,黑龙江省,哈尔滨市,2018,1,0,0
辽宁省,营口市,黑龙江省,哈尔滨市,2019,1,0,0
辽宁省,营口市,湖北省,武汉市,2019,1,0,0
辽宁省,营口市,江苏省,淮安市,2020,1,1,0
辽宁省,营口市,江苏省,南京市,2020,1,0,0
辽宁省,营口市,辽宁省,大连市,2018,3,2,0
辽宁省,营口市,辽宁省,大连市,2019,1,0,0
辽宁省,营口市,辽宁省,大连市,2020,7,3,0
辽宁省,营口市,辽宁省,丹东市,2020,1,0,0
辽宁省,营口市,辽宁省,盘锦市,2020,1,0,0
辽宁省,营口市,辽宁省,沈阳市,2018,2,2,0
辽宁省,营口市,辽宁省,沈阳市,2019,5,3,0
辽宁省,营口市,辽宁省,沈阳市,2020,4,6,0
辽宁省,营口市,内蒙古自治区,兴安盟,2020,0,2,0
辽宁省,营口市,青海省,海西蒙古族藏族自治州,2020,1,0,0
辽宁省,营口市,山西省,太原市,2018,2,1,0
辽宁省,营口市,山西省,太原市,2020,2,1,0
辽宁省,营口市,上海市,上海市,2020,0,1,0
辽宁省,营口市,天津市,天津市,2018,3,6,0
辽宁省,营口市,天津市,天津市,2019,0,4,0
辽宁省,营口市,天津市,天津市,2020,2,2,0
辽宁省,营口市,浙江省,嘉兴市,2018,1,0,0
内蒙古自治区,阿拉善盟,北京市,北京市,2018,1,0,0
内蒙古自治区,阿拉善盟,甘肃省,张掖市,2020,1,0,0
内蒙古自治区,阿拉善盟,广东省,广州市,2018,1,0,0
内蒙古自治区,阿拉善盟,广东省,珠海市,2020,3,2,0
内蒙古自治区,阿拉善盟,河北省,石家庄市,2020,3,4,0
内蒙古自治区,阿拉善盟,江苏省,常州市,2018,2,0,0
内蒙古自治区,阿拉善盟,江苏省,常州市,2019,6,0,0
内蒙古自治区,阿拉善盟,江苏省,常州市,2020,5,0,0
内蒙古自治区,阿拉善盟,江苏省,连云港市,2019,6,0,0
内蒙古自治区,阿拉善盟,江苏省,连云港市,2020,5,0,0
内蒙古自治区,阿拉善盟,江苏省,南京市,2020,1,0,0
内蒙古自治区,阿拉善盟,江苏省,泰州市,2018,1,0,0
内蒙古自治区,阿拉善盟,内蒙古自治区,呼和浩特市,2019,0,2,0
内蒙古自治区,阿拉善盟,上海市,上海市,2019,0,1,0
内蒙古自治区,阿拉善盟,天津市,天津市,2018,1,0,0
内蒙古自治区,巴彦淖尔市,安徽省,合肥市,2019,4,3,0
内蒙古自治区,巴彦淖尔市,安徽省,合肥市,2020,5,9,0
内蒙古自治区,巴彦淖尔市,北京市,北京市,2018,1,0,0
内蒙古自治区,巴彦淖尔市,北京市,北京市,2019,3,0,0
内蒙古自治区,巴彦淖尔市,北京市,北京市,2020,4,0,0
内蒙古自治区,巴彦淖尔市,甘肃省,兰州市,2019,0,1,0
内蒙古自治区,巴彦淖尔市,河北省,保定市,2019,2,0,0
内蒙古自治区,巴彦淖尔市,江苏省,南京市,2018,0,1,0
内蒙古自治区,巴彦淖尔市,内蒙古自治区,包头市,2018,1,0,0
内蒙古自治区,巴彦淖尔市,内蒙古自治区,包头市,2020,0,3,0
内蒙古自治区,巴彦淖尔市,内蒙古自治区,呼和浩特市,2018,4,3,0
内蒙古自治区,巴彦淖尔市,内蒙古自治区,呼和浩特市,2019,1,3,0
内蒙古自治区,巴彦淖尔市,内蒙古自治区,呼和浩特市,2020,7,15,0
内蒙古自治区,巴彦淖尔市,内蒙古自治区,乌海市,2020,6,3,0
内蒙古自治区,巴彦淖尔市,内蒙古自治区,乌兰察布市,2020,0,3,0
内蒙古自治区,巴彦淖尔市,上海市,上海市,2018,1,0,0
内蒙古自治区,巴彦淖尔市,上海市,上海市,2019,2,0,0
内蒙古自治区,巴彦淖尔市,上海市,上海市,2020,4,0,0
内蒙古自治区,巴彦淖尔市,天津市,天津市,2019,1,0,0
内蒙古自治区,巴彦淖尔市,天津市,天津市,2020,2,0,0
内蒙古自治区,包头市,福建省,三明市,2020,6,5,0
内蒙古自治区,包头市,甘肃省,兰州市,2019,1,0,0
内蒙古自治区,包头市,甘肃省,兰州市,2020,3,0,0
内蒙古自治区,包头市,河北省,保定市,2020,0,1,0
内蒙古自治区,包头市,内蒙古自治区,乌海市,2018,1,1,0
内蒙古自治区,包头市,内蒙古自治区,乌兰察布市,2020,0,3,0
内蒙古自治区,包头市,上海市,上海市,2018,4,0,0
内蒙古自治区,包头市,上海市,上海市,2019,4,3,0
内蒙古自治区,包头市,上海市,上海市,2020,6,2,0
内蒙古自治区,赤峰市,安徽省,合肥市,2018,1,1,0
内蒙古自治区,赤峰市,北京市,北京市,2018,11,19,0
内蒙古自治区,赤峰市,北京市,北京市,2019,6,17,0
内蒙古自治区,赤峰市,北京市,北京市,2020,28,21,0
内蒙古自治区,赤峰市,广东省,珠海市,2020,0,2,0
内蒙古自治区,赤峰市,河北省,承德市,2018,2,3,0
内蒙古自治区,赤峰市,河北省,承德市,2019,1,2,0
内蒙古自治区,赤峰市,河北省,廊坊市,2019,0,1,0
内蒙古自治区,赤峰市,河北省,石家庄市,2018,0,1,0
内蒙古自治区,赤峰市,河南省,南阳市,2018,0,19,0
内蒙古自治区,赤峰市,湖北省,武汉市,2020,2,0,0
内蒙古自治区,赤峰市,吉林省,吉林市,2020,2,0,0
内蒙古自治区,赤峰市,江苏省,常州市,2018,2,0,0
内蒙古自治区,赤峰市,江苏省,常州市,2019,1,0,0
内蒙古自治区,赤峰市,江苏省,常州市,2020,15,0,0
内蒙古自治区,赤峰市,江苏省,南京市,2018,2,2,0
内蒙古自治区,赤峰市,江苏省,南京市,2020,2,0,0
内蒙古自治区,赤峰市,辽宁省,沈阳市,2018,1,2,0
内蒙古自治区,赤峰市,辽宁省,沈阳市,2019,1,1,0
内蒙古自治区,赤峰市,辽宁省,沈阳市,2020,1,0,0
内蒙古自治区,赤峰市,内蒙古自治区,呼和浩特市,2018,3,5,0
内蒙古自治区,赤峰市,内蒙古自治区,呼和浩特市,2019,0,1,0
内蒙古自治区,赤峰市,内蒙古自治区,呼和浩特市,2020,5,3,0
内蒙古自治区,赤峰市,内蒙古自治区,呼伦贝尔市,2018,2,0,0
内蒙古自治区,赤峰市,内蒙古自治区,呼伦贝尔市,2020,0,1,0
内蒙古自治区,赤峰市,青海省,西宁市,2020,1,0,0
内蒙古自治区,赤峰市,山东省,济南市,2019,0,1,0
内蒙古自治区,赤峰市,上海市,上海市,2019,1,0,0
内蒙古自治区,赤峰市,四川省,成都市,2020,2,0,0
内蒙古自治区,赤峰市,天津市,天津市,2018,3,0,0
内蒙古自治区,赤峰市,天津市,天津市,2020,3,1,0
内蒙古自治区,鄂尔多斯市,安徽省,合肥市,2019,1,0,0
内蒙古自治区,鄂尔多斯市,安徽省,合肥市,2020,0,4,0
内蒙古自治区,鄂尔多斯市,安徽省,淮南市,2018,7,2,0
内蒙古自治区,鄂尔多斯市,安徽省,淮南市,2019,1,0,0
内蒙古自治区,鄂尔多斯市,安徽省,淮南市,2020,2,2,0
内蒙古自治区,鄂尔多斯市,北京市,北京市,2018,346,378,0
内蒙古自治区,鄂尔多斯市,北京市,北京市,2019,183,228,0
内蒙古自治区,鄂尔多斯市,北京市,北京市,2020,158,39,0
内蒙古自治区,鄂尔多斯市,甘肃省,兰州市,2018,2,0,0
内蒙古自治区,鄂尔多斯市,甘肃省,武威市,2018,0,1,0
内蒙古自治区,鄂尔多斯市,甘肃省,武威市,2019,1,1,0
内蒙古自治区,鄂尔多斯市,广东省,河源市,2019,0,1,0
内蒙古自治区,鄂尔多斯市,广东省,深圳市,2019,1,0,0
内蒙古自治区,鄂尔多斯市,广东省,深圳市,2020,5,0,0
内蒙古自治区,鄂尔多斯市,广东省,云浮市,2019,0,1,0
内蒙古自治区,鄂尔多斯市,广西壮族自治区,柳州市,2020,0,2,0
内蒙古自治区,鄂尔多斯市,河北省,保定市,2018,0,1,0
内蒙古自治区,鄂尔多斯市,河北省,邯郸市,2020,0,1,0
内蒙古自治区,鄂尔多斯市,河北省,廊坊市,2019,0,3,0
内蒙古自治区,鄂尔多斯市,河南省,焦作市,2019,1,0,0
内蒙古自治区,鄂尔多斯市,河南省,新乡市,2020,1,2,0
内蒙古自治区,鄂尔多斯市,河南省,郑州市,2019,0,3,0
内蒙古自治区,鄂尔多斯市,河南省,郑州市,2020,1,0,0
内蒙古自治区,鄂尔多斯市,黑龙江省,哈尔滨市,2018,3,0,0
内蒙古自治区,鄂尔多斯市,黑龙江省,哈尔滨市,2019,2,1,0
内蒙古自治区,鄂尔多斯市,黑龙江省,哈尔滨市,2020,2,0,0
内蒙古自治区,鄂尔多斯市,湖北省,武汉市,2018,0,3,0
内蒙古自治区,鄂尔多斯市,湖北省,孝感市,2018,0,1,0
内蒙古自治区,鄂尔多斯市,湖南省,株洲市,2020,0,1,0
内蒙古自治区,鄂尔多斯市,吉林省,白城市,2019,0,1,0
内蒙古自治区,鄂尔多斯市,吉林省,吉林市,2018,1,0,0
内蒙古自治区,鄂尔多斯市,江苏省,连云港市,2019,0,6,0
内蒙古自治区,鄂尔多斯市,江苏省,南京市,2018,0,1,0
内蒙古自治区,鄂尔多斯市,江苏省,南京市,2020,2,2,0
内蒙古自治区,鄂尔多斯市,江苏省,南通市,2019,2,0,0
内蒙古自治区,鄂尔多斯市,江苏省,苏州市,2019,0,1,0
内蒙古自治区,鄂尔多斯市,江苏省,徐州市,2019,3,3,0
内蒙古自治区,鄂尔多斯市,江苏省,徐州市,2020,2,1,1
内蒙古自治区,鄂尔多斯市,辽宁省,大连市,2019,0,1,0
内蒙古自治区,鄂尔多斯市,辽宁省,大连市,2020,2,7,0
内蒙古自治区,鄂尔多斯市,辽宁省,抚顺市,2018,0,1,0
内蒙古自治区,鄂尔多斯市,辽宁省,沈阳市,2018,2,0,0
内蒙古自治区,鄂尔多斯市,辽宁省,沈阳市,2019,1,0,0
内蒙古自治区,鄂尔多斯市,辽宁省,沈阳市,2020,2,2,0
内蒙古自治区,鄂尔多斯市,内蒙古自治区,巴彦淖尔市,2020,0,3,0
内蒙古自治区,鄂尔多斯市,内蒙古自治区,包头市,2018,3,1,0
内蒙古自治区,鄂尔多斯市,内蒙古自治区,包头市,2019,0,2,0
内蒙古自治区,鄂尔多斯市,内蒙古自治区,包头市,2020,0,5,0
内蒙古自治区,鄂尔多斯市,内蒙古自治区,呼和浩特市,2018,2,4,0
内蒙古自治区,鄂尔多斯市,内蒙古自治区,呼和浩特市,2019,0,5,0
内蒙古自治区,鄂尔多斯市,内蒙古自治区,呼和浩特市,2020,5,13,0
内蒙古自治区,鄂尔多斯市,内蒙古自治区,乌海市,2018,1,13,0
内蒙古自治区,鄂尔多斯市,内蒙古自治区,乌海市,2019,2,17,0
内蒙古自治区,鄂尔多斯市,内蒙古自治区,乌海市,2020,14,28,0
内蒙古自治区,鄂尔多斯市,内蒙古自治区,乌兰察布市,2020,0,3,0
内蒙古自治区,鄂尔多斯市,宁夏回族自治区,石嘴山市,2018,1,0,0
内蒙古自治区,鄂尔多斯市,宁夏回族自治区,石嘴山市,2019,1,1,0
内蒙古自治区,鄂尔多斯市,宁夏回族自治区,石嘴山市,2020,4,4,0
内蒙古自治区,鄂尔多斯市,山东省,滨州市,2018,1,0,0
内蒙古自治区,鄂尔多斯市,山东省,济南市,2018,1,0,0
内蒙古自治区,鄂尔多斯市,山东省,济南市,2019,1,0,0
内蒙古自治区,鄂尔多斯市,山东省,济南市,2020,6,2,0
内蒙古自治区,鄂尔多斯市,山东省,济宁市,2018,1,0,0
内蒙古自治区,鄂尔多斯市,山东省,济宁市,2019,1,2,0
内蒙古自治区,鄂尔多斯市,山东省,济宁市,2020,1,1,0
内蒙古自治区,鄂尔多斯市,山东省,聊城市,2020,1,0,0
内蒙古自治区,鄂尔多斯市,山东省,泰安市,2019,0,2,0
内蒙古自治区,鄂尔多斯市,山东省,泰安市,2020,1,3,0
内蒙古自治区,鄂尔多斯市,山东省,潍坊市,2020,4,1,0
内蒙古自治区,鄂尔多斯市,山东省,烟台市,2018,0,3,0
内蒙古自治区,鄂尔多斯市,山东省,烟台市,2019,0,1,0
内蒙古自治区,鄂尔多斯市,山东省,烟台市,2020,2,3,0
内蒙古自治区,鄂尔多斯市,山东省,枣庄市,2020,0,2,0
内蒙古自治区,鄂尔多斯市,山东省,淄博市,2019,2,9,0
内蒙古自治区,鄂尔多斯市,山西省,晋中市,2019,2,7,0
内蒙古自治区,鄂尔多斯市,山西省,太原市,2018,0,2,0
内蒙古自治区,鄂尔多斯市,陕西省,西安市,2018,4,3,0
内蒙古自治区,鄂尔多斯市,陕西省,西安市,2019,6,7,0
内蒙古自治区,鄂尔多斯市,陕西省,西安市,2020,8,3,1
内蒙古自治区,鄂尔多斯市,陕西省,榆林市,2018,1,5,0
内蒙古自治区,鄂尔多斯市,陕西省,榆林市,2019,2,9,0
内蒙古自治区,鄂尔多斯市,陕西省,榆林市,2020,4,11,0
内蒙古自治区,鄂尔多斯市,上海市,上海市,2018,2,5,0
内蒙古自治区,鄂尔多斯市,上海市,上海市,2019,0,3,0
内蒙古自治区,鄂尔多斯市,上海市,上海市,2020,6,6,0
内蒙古自治区,鄂尔多斯市,四川省,成都市,2018,1,1,0
内蒙古自治区,鄂尔多斯市,四川省,成都市,2019,0,3,0
内蒙古自治区,鄂尔多斯市,四川省,成都市,2020,1,4,2
内蒙古自治区,鄂尔多斯市,天津市,天津市,2018,1,0,0
内蒙古自治区,鄂尔多斯市,天津市,天津市,2019,0,8,0
内蒙古自治区,鄂尔多斯市,天津市,天津市,2020,1,3,0
内蒙古自治区,鄂尔多斯市,西藏自治区,山南市,2018,1,3,0
内蒙古自治区,鄂尔多斯市,西藏自治区,山南市,2019,1,0,0
内蒙古自治区,鄂尔多斯市,浙江省,杭州市,2019,4,3,0
内蒙古自治区,鄂尔多斯市,浙江省,湖州市,2018,0,1,0
内蒙古自治区,鄂尔多斯市,浙江省,宁波市,2019,3,0,0
内蒙古自治区,呼和浩特市,安徽省,合肥市,2018,5,3,0
内蒙古自治区,呼和浩特市,安徽省,合肥市,2019,2,9,0
内蒙古自治区,呼和浩特市,安徽省,合肥市,2020,4,2,0
内蒙古自治区,呼和浩特市,北京市,北京市,2018,108,60,0
内蒙古自治区,呼和浩特市,北京市,北京市,2019,143,69,0
内蒙古自治区,呼和浩特市,北京市,北京市,2020,125,92,3
内蒙古自治区,呼和浩特市,福建省,三明市,2019,4,4,1
内蒙古自治区,呼和浩特市,福建省,厦门市,2018,4,0,0
内蒙古自治区,呼和浩特市,福建省,厦门市,2019,5,0,0
内蒙古自治区,呼和浩特市,福建省,厦门市,2020,9,0,0
内蒙古自治区,呼和浩特市,甘肃省,兰州市,2020,6,1,0
内蒙古自治区,呼和浩特市,广东省,东莞市,2018,1,3,0
内蒙古自治区,呼和浩特市,广东省,东莞市,2019,0,4,0
内蒙古自治区,呼和浩特市,广东省,东莞市,2020,2,7,0
内蒙古自治区,呼和浩特市,广东省,佛山市,2020,4,2,0
内蒙古自治区,呼和浩特市,河北省,保定市,2020,1,1,0
内蒙古自治区,呼和浩特市,吉林省,吉林市,2018,1,0,0
内蒙古自治区,呼和浩特市,吉林省,吉林市,2019,3,0,0
内蒙古自治区,呼和浩特市,吉林省,吉林市,2020,10,0,0
内蒙古自治区,呼和浩特市,江苏省,南京市,2018,4,1,0
内蒙古自治区,呼和浩特市,江苏省,南京市,2019,13,0,0
内蒙古自治区,呼和浩特市,江苏省,南京市,2020,23,2,1
内蒙古自治区,呼和浩特市,江苏省,南通市,2018,1,0,0
内蒙古自治区,呼和浩特市,辽宁省,丹东市,2020,5,0,0
内蒙古自治区,呼和浩特市,内蒙古自治区,包头市,2018,3,1,0
内蒙古自治区,呼和浩特市,内蒙古自治区,包头市,2019,8,4,0
内蒙古自治区,呼和浩特市,内蒙古自治区,包头市,2020,14,5,0
内蒙古自治区,呼和浩特市,内蒙古自治区,呼伦贝尔市,2018,5,1,0
内蒙古自治区,呼和浩特市,内蒙古自治区,呼伦贝尔市,2019,8,4,0
内蒙古自治区,呼和浩特市,内蒙古自治区,呼伦贝尔市,2020,3,5,1
内蒙古自治区,呼和浩特市,内蒙古自治区,乌兰察布市,2018,1,2,0
内蒙古自治区,呼和浩特市,内蒙古自治区,乌兰察布市,2019,1,6,0
内蒙古自治区,呼和浩特市,内蒙古自治区,乌兰察布市,2020,4,5,0
内蒙古自治区,呼和浩特市,内蒙古自治区,兴安盟,2018,2,0,0
内蒙古自治区,呼和浩特市,内蒙古自治区,兴安盟,2019,0,1,0
内蒙古自治区,呼和浩特市,内蒙古自治区,兴安盟,2020,7,0,0
内蒙古自治区,呼和浩特市,上海市,上海市,2018,6,3,0
内蒙古自治区,呼和浩特市,上海市,上海市,2019,6,3,0
内蒙古自治区,呼和浩特市,上海市,上海市,2020,9,1,0
内蒙古自治区,呼和浩特市,新疆维吾尔自治区,乌鲁木齐市,2018,1,1,0
内蒙古自治区,呼和浩特市,浙江省,台州市,2018,0,1,0
内蒙古自治区,呼伦贝尔市,安徽省,合肥市,2019,0,1,0
内蒙古自治区,呼伦贝尔市,北京市,北京市,2018,6,11,0
内蒙古自治区,呼伦贝尔市,北京市,北京市,2019,23,21,0
内蒙古自治区,呼伦贝尔市,北京市,北京市,2020,35,30,1
内蒙古自治区,呼伦贝尔市,河北省,保定市,2018,0,3,0
内蒙古自治区,呼伦贝尔市,吉林省,吉林市,2019,4,2,0
内蒙古自治区,呼伦贝尔市,吉林省,吉林市,2020,6,2,0
内蒙古自治区,呼伦贝尔市,江苏省,南京市,2019,3,2,0
内蒙古自治区,呼伦贝尔市,江苏省,南京市,2020,4,6,0
内蒙古自治区,呼伦贝尔市,内蒙古自治区,兴安盟,2020,1,0,0
内蒙古自治区,呼伦贝尔市,浙江省,台州市,2020,1,0,0
内蒙古自治区,通辽市,安徽省,合肥市,2018,0,1,0
内蒙古自治区,通辽市,安徽省,合肥市,2019,0,1,0
内蒙古自治区,通辽市,北京市,北京市,2018,4,1,0
内蒙古自治区,通辽市,北京市,北京市,2019,6,10,0
内蒙古自治区,通辽市,北京市,北京市,2020,19,26,0
内蒙古自治区,通辽市,福建省,泉州市,2019,0,1,0
内蒙古自治区,通辽市,河北省,秦皇岛市,2020,0,1,0
内蒙古自治区,通辽市,河北省,石家庄市,2018,2,1,0
内蒙古自治区,通辽市,河北省,石家庄市,2020,1,0,0
内蒙古自治区,通辽市,河南省,新乡市,2020,0,1,0
内蒙古自治区,通辽市,河南省,许昌市,2019,0,1,0
内蒙古自治区,通辽市,湖北省,武汉市,2018,2,0,0
内蒙古自治区,通辽市,湖北省,武汉市,2019,5,4,0
内蒙古自治区,通辽市,湖北省,武汉市,2020,2,2,0
内蒙古自治区,通辽市,吉林省,吉林市,2019,3,0,0
内蒙古自治区,通辽市,吉林省,吉林市,2020,2,1,0
内蒙古自治区,通辽市,江苏省,南京市,2019,1,1,0
内蒙古自治区,通辽市,江苏省,南京市,2020,3,2,0
内蒙古自治区,通辽市,江苏省,苏州市,2019,2,0,0
内蒙古自治区,通辽市,辽宁省,大连市,2018,1,1,0
内蒙古自治区,通辽市,辽宁省,大连市,2019,0,1,0
内蒙古自治区,通辽市,辽宁省,抚顺市,2019,0,1,0
内蒙古自治区,通辽市,辽宁省,沈阳市,2018,4,4,0
内蒙古自治区,通辽市,辽宁省,沈阳市,2019,2,0,0
内蒙古自治区,通辽市,辽宁省,沈阳市,2020,0,1,0
内蒙古自治区,通辽市,内蒙古自治区,赤峰市,2019,1,0,0
内蒙古自治区,通辽市,内蒙古自治区,呼和浩特市,2020,4,6,0
内蒙古自治区,通辽市,内蒙古自治区,呼伦贝尔市,2018,1,2,0
内蒙古自治区,通辽市,宁夏回族自治区,中卫市,2018,4,4,0
内蒙古自治区,通辽市,陕西省,西安市,2020,2,0,0
内蒙古自治区,通辽市,上海市,上海市,2019,1,0,0
内蒙古自治区,通辽市,上海市,上海市,2020,4,1,0
内蒙古自治区,通辽市,四川省,成都市,2020,0,9,0
内蒙古自治区,通辽市,天津市,天津市,2020,0,1,0
内蒙古自治区,通辽市,新疆维吾尔自治区,乌鲁木齐市,2020,3,10,0
内蒙古自治区,通辽市,浙江省,杭州市,2020,4,5,0
内蒙古自治区,通辽市,浙江省,温州市,2020,0,0,3
内蒙古自治区,乌海市,上海市,上海市,2020,4,1,0
内蒙古自治区,乌兰察布市,上海市,上海市,2018,3,2,0
内蒙古自治区,乌兰察布市,上海市,上海市,2020,5,4,0
内蒙古自治区,锡林郭勒盟,北京市,北京市,2018,6,9,0
内蒙古自治区,锡林郭勒盟,北京市,北京市,2019,13,20,0
内蒙古自治区,锡林郭勒盟,北京市,北京市,2020,4,7,0
内蒙古自治区,锡林郭勒盟,甘肃省,兰州市,2018,1,1,0
内蒙古自治区,锡林郭勒盟,广东省,珠海市,2019,0,2,0
内蒙古自治区,锡林郭勒盟,河北省,保定市,2020,1,1,0
内蒙古自治区,锡林郭勒盟,河北省,唐山市,2020,0,1,0
内蒙古自治区,锡林郭勒盟,黑龙江省,哈尔滨市,2020,0,1,0
内蒙古自治区,锡林郭勒盟,吉林省,白城市,2019,3,1,0
内蒙古自治区,锡林郭勒盟,江苏省,南通市,2018,0,2,0
内蒙古自治区,锡林郭勒盟,辽宁省,朝阳市,2020,0,2,0
内蒙古自治区,锡林郭勒盟,辽宁省,葫芦岛市,2020,1,0,0
内蒙古自治区,锡林郭勒盟,辽宁省,沈阳市,2020,0,1,0
内蒙古自治区,锡林郭勒盟,内蒙古自治区,包头市,2020,1,0,0
内蒙古自治区,锡林郭勒盟,内蒙古自治区,呼和浩特市,2018,6,1,0
内蒙古自治区,锡林郭勒盟,内蒙古自治区,呼和浩特市,2019,1,5,0
内蒙古自治区,锡林郭勒盟,内蒙古自治区,呼和浩特市,2020,7,41,0
内蒙古自治区,锡林郭勒盟,山东省,德州市,2018,2,0,0
内蒙古自治区,锡林郭勒盟,山东省,德州市,2019,2,0,0
内蒙古自治区,锡林郭勒盟,山东省,烟台市,2018,0,1,0
内蒙古自治区,锡林郭勒盟,陕西省,西安市,2019,2,3,0
内蒙古自治区,锡林郭勒盟,陕西省,西安市,2020,1,4,0
内蒙古自治区,锡林郭勒盟,四川省,成都市,2018,0,1,0
内蒙古自治区,锡林郭勒盟,天津市,天津市,2020,3,4,0
内蒙古自治区,锡林郭勒盟,新疆维吾尔自治区,乌鲁木齐市,2020,1,1,0
内蒙古自治区,兴安盟,广东省,中山市,2020,1,0,0
宁夏回族自治区,固原市,北京市,北京市,2018,0,1,0
宁夏回族自治区,固原市,北京市,北京市,2019,2,1,0
宁夏回族自治区,固原市,北京市,北京市,2020,0,1,0
宁夏回族自治区,固原市,甘肃省,兰州市,2018,1,0,0
宁夏回族自治区,固原市,宁夏回族自治区,吴忠市,2019,1,0,0
宁夏回族自治区,固原市,宁夏回族自治区,中卫市,2019,1,0,0
宁夏回族自治区,固原市,陕西省,咸阳市,2018,4,4,0
宁夏回族自治区,固原市,陕西省,咸阳市,2019,0,1,0
宁夏回族自治区,固原市,陕西省,咸阳市,2020,1,0,0
宁夏回族自治区,固原市,上海市,上海市,2020,1,2,0
宁夏回族自治区,石嘴山市,安徽省,合肥市,2018,2,0,0
宁夏回族自治区,石嘴山市,安徽省,宿州市,2018,2,0,0
宁夏回族自治区,石嘴山市,北京市,北京市,2018,5,3,0
宁夏回族自治区,石嘴山市,北京市,北京市,2019,11,2,0
宁夏回族自治区,石嘴山市,北京市,北京市,2020,6,9,0
宁夏回族自治区,石嘴山市,甘肃省,兰州市,2019,1,0,0
宁夏回族自治区,石嘴山市,广东省,广州市,2019,1,0,0
宁夏回族自治区,石嘴山市,河南省,洛阳市,2020,1,1,0
宁夏回族自治区,石嘴山市,黑龙江省,哈尔滨市,2018,1,0,0
宁夏回族自治区,石嘴山市,黑龙江省,哈尔滨市,2019,2,1,0
宁夏回族自治区,石嘴山市,湖北省,武汉市,2019,2,0,0
宁夏回族自治区,石嘴山市,吉林省,吉林市,2018,1,0,0
宁夏回族自治区,石嘴山市,江苏省,南京市,2018,2,2,0
宁夏回族自治区,石嘴山市,江苏省,南通市,2018,3,10,0
宁夏回族自治区,石嘴山市,江苏省,南通市,2019,6,3,0
宁夏回族自治区,石嘴山市,江苏省,南通市,2020,6,4,0
宁夏回族自治区,石嘴山市,宁夏回族自治区,吴忠市,2019,1,2,0
宁夏回族自治区,石嘴山市,宁夏回族自治区,中卫市,2019,1,1,0
宁夏回族自治区,石嘴山市,山东省,济宁市,2020,2,3,0
宁夏回族自治区,石嘴山市,山东省,泰安市,2018,0,1,0
宁夏回族自治区,石嘴山市,山东省,威海市,2019,0,1,0
宁夏回族自治区,石嘴山市,山东省,淄博市,2019,1,1,0
宁夏回族自治区,石嘴山市,陕西省,咸阳市,2018,0,1,0
宁夏回族自治区,石嘴山市,陕西省,榆林市,2019,0,5,0
宁夏回族自治区,石嘴山市,上海市,上海市,2019,1,0,0
宁夏回族自治区,石嘴山市,浙江省,杭州市,2020,1,0,0
宁夏回族自治区,吴忠市,北京市,北京市,2018,1,1,0
宁夏回族自治区,吴忠市,北京市,北京市,2019,3,2,0
宁夏回族自治区,吴忠市,北京市,北京市,2020,1,1,0
宁夏回族自治区,吴忠市,甘肃省,兰州市,2020,0,1,0
宁夏回族自治区,吴忠市,江苏省,南京市,2020,0,0,2
宁夏回族自治区,吴忠市,宁夏回族自治区,中卫市,2019,2,1,0
宁夏回族自治区,银川市,安徽省,池州市,2019,0,4,0
宁夏回族自治区,银川市,安徽省,合肥市,2018,2,1,0
宁夏回族自治区,银川市,安徽省,合肥市,2019,6,2,0
宁夏回族自治区,银川市,安徽省,合肥市,2020,18,1,0
宁夏回族自治区,银川市,安徽省,淮北市,2019,6,3,0
宁夏回族自治区,银川市,安徽省,淮北市,2020,1,0,0
宁夏回族自治区,银川市,安徽省,淮南市,2020,1,0,0
宁夏回族自治区,银川市,北京市,北京市,2018,125,99,0
宁夏回族自治区,银川市,北京市,北京市,2019,118,61,0
宁夏回族自治区,银川市,北京市,北京市,2020,148,36,4
宁夏回族自治区,银川市,福建省,福州市,2018,1,0,0
宁夏回族自治区,银川市,福建省,福州市,2019,2,1,0
宁夏回族自治区,银川市,福建省,福州市,2020,1,0,0
宁夏回族自治区,银川市,福建省,厦门市,2019,3,1,0
宁夏回族自治区,银川市,福建省,厦门市,2020,1,0,0
宁夏回族自治区,银川市,甘肃省,兰州市,2018,3,3,0
宁夏回族自治区,银川市,甘肃省,兰州市,2019,2,3,0
宁夏回族自治区,银川市,甘肃省,兰州市,2020,3,5,0
宁夏回族自治区,银川市,甘肃省,临夏回族自治州,2020,0,1,0
宁夏回族自治区,银川市,甘肃省,武威市,2018,0,1,0
宁夏回族自治区,银川市,甘肃省,武威市,2020,0,1,0
宁夏回族自治区,银川市,甘肃省,张掖市,2019,3,0,0
宁夏回族自治区,银川市,广东省,广州市,2019,2,2,0
宁夏回族自治区,银川市,广东省,广州市,2020,0,1,0
宁夏回族自治区,银川市,广东省,深圳市,2018,0,1,0
宁夏回族自治区,银川市,广东省,深圳市,2019,1,0,0
宁夏回族自治区,银川市,广东省,深圳市,2020,1,1,0
宁夏回族自治区,银川市,广东省,湛江市,2020,1,0,0
宁夏回族自治区,银川市,河北省,保定市,2018,1,1,0
宁夏回族自治区,银川市,河北省,保定市,2019,3,1,0
宁夏回族自治区,银川市,河北省,保定市,2020,1,2,0
宁夏回族自治区,银川市,河北省,廊坊市,2019,0,3,1
宁夏回族自治区,银川市,河北省,秦皇岛市,2019,0,1,0
宁夏回族自治区,银川市,河北省,石家庄市,2018,2,0,0
宁夏回族自治区,银川市,河北省,石家庄市,2019,1,0,0
宁夏回族自治区,银川市,河北省,石家庄市,2020,1,0,0
宁夏回族自治区,银川市,河北省,唐山市,2020,1,0,0
宁夏回族自治区,银川市,河北省,张家口市,2019,0,1,0
宁夏回族自治区,银川市,河南省,开封市,2020,1,1,0
宁夏回族自治区,银川市,河南省,平顶山市,2018,4,0,0
宁夏回族自治区,银川市,河南省,许昌市,2018,6,0,0
宁夏回族自治区,银川市,河南省,许昌市,2019,8,2,0
宁夏回族自治区,银川市,河南省,许昌市,2020,7,1,0
宁夏回族自治区,银川市,河南省,郑州市,2019,1,0,0
宁夏回族自治区,银川市,河南省,郑州市,2020,1,4,0
宁夏回族自治区,银川市,黑龙江省,哈尔滨市,2018,1,0,0
宁夏回族自治区,银川市,黑龙江省,哈尔滨市,2019,2,1,0
宁夏回族自治区,银川市,黑龙江省,哈尔滨市,2020,0,1,0
宁夏回族自治区,银川市,湖北省,荆州市,2019,1,0,0
宁夏回族自治区,银川市,湖北省,武汉市,2018,9,3,0
宁夏回族自治区,银川市,湖北省,武汉市,2019,9,1,0
宁夏回族自治区,银川市,湖北省,武汉市,2020,17,1,0
宁夏回族自治区,银川市,湖北省,宜昌市,2020,1,0,0
宁夏回族自治区,银川市,湖南省,湘潭市,2020,2,0,0
宁夏回族自治区,银川市,吉林省,吉林市,2018,2,0,0
宁夏回族自治区,银川市,吉林省,延边朝鲜族自治州,2020,1,0,0
宁夏回族自治区,银川市,江苏省,常州市,2018,0,1,0
宁夏回族自治区,银川市,江苏省,常州市,2019,2,1,0
宁夏回族自治区,银川市,江苏省,常州市,2020,2,0,0
宁夏回族自治区,银川市,江苏省,南京市,2018,32,5,0
宁夏回族自治区,银川市,江苏省,南京市,2019,29,0,0
宁夏回族自治区,银川市,江苏省,南京市,2020,52,6,0
宁夏回族自治区,银川市,江苏省,南通市,2019,2,1,0
宁夏回族自治区,银川市,江苏省,苏州市,2020,3,3,0
宁夏回族自治区,银川市,江苏省,无锡市,2018,2,1,0
宁夏回族自治区,银川市,江苏省,无锡市,2019,3,2,0
宁夏回族自治区,银川市,江苏省,徐州市,2019,8,4,0
宁夏回族自治区,银川市,江苏省,徐州市,2020,1,1,0
宁夏回族自治区,银川市,江苏省,盐城市,2019,1,0,0
宁夏回族自治区,银川市,江苏省,盐城市,2020,3,3,0
宁夏回族自治区,银川市,江西省,南昌市,2020,4,2,0
宁夏回族自治区,银川市,辽宁省,大连市,2018,1,0,0
宁夏回族自治区,银川市,辽宁省,大连市,2019,3,0,0
宁夏回族自治区,银川市,辽宁省,大连市,2020,2,0,0
宁夏回族自治区,银川市,辽宁省,沈阳市,2018,8,3,0
宁夏回族自治区,银川市,辽宁省,沈阳市,2020,2,1,0
宁夏回族自治区,银川市,内蒙古自治区,鄂尔多斯市,2018,0,1,0
宁夏回族自治区,银川市,内蒙古自治区,鄂尔多斯市,2020,1,1,0
宁夏回族自治区,银川市,内蒙古自治区,呼和浩特市,2019,0,1,0
宁夏回族自治区,银川市,内蒙古自治区,通辽市,2019,0,1,0
宁夏回族自治区,银川市,内蒙古自治区,兴安盟,2019,0,1,0
宁夏回族自治区,银川市,宁夏回族自治区,固原市,2018,1,3,0
宁夏回族自治区,银川市,宁夏回族自治区,固原市,2019,3,4,0
宁夏回族自治区,银川市,宁夏回族自治区,固原市,2020,0,1,0
宁夏回族自治区,银川市,宁夏回族自治区,石嘴山市,2018,4,3,0
宁夏回族自治区,银川市,宁夏回族自治区,石嘴山市,2019,7,35,0
宁夏回族自治区,银川市,宁夏回族自治区,石嘴山市,2020,7,11,0
宁夏回族自治区,银川市,宁夏回族自治区,吴忠市,2018,3,2,0
宁夏回族自治区,银川市,宁夏回族自治区,吴忠市,2019,10,11,1
宁夏回族自治区,银川市,宁夏回族自治区,吴忠市,2020,12,31,0
宁夏回族自治区,银川市,宁夏回族自治区,中卫市,2018,5,4,0
宁夏回族自治区,银川市,宁夏回族自治区,中卫市,2019,7,3,0
宁夏回族自治区,银川市,宁夏回族自治区,中卫市,2020,6,36,1
宁夏回族自治区,银川市,青海省,西宁市,2019,2,0,0
宁夏回族自治区,银川市,青海省,西宁市,2020,5,0,0
宁夏回族自治区,银川市,山东省,滨州市,2020,0,1,0
宁夏回族自治区,银川市,山东省,德州市,2020,0,1,0
宁夏回族自治区,银川市,山东省,济南市,2019,5,10,0
宁夏回族自治区,银川市,山东省,济南市,2020,3,1,0
宁夏回族自治区,银川市,山东省,日照市,2020,1,0,0
宁夏回族自治区,银川市,山东省,泰安市,2019,1,0,0
宁夏回族自治区,银川市,山东省,泰安市,2020,1,0,0
宁夏回族自治区,银川市,山东省,威海市,2019,0,2,0
宁夏回族自治区,银川市,山东省,烟台市,2019,1,0,0
宁夏回族自治区,银川市,山东省,烟台市,2020,12,12,0
宁夏回族自治区,银川市,山东省,淄博市,2019,1,1,0
宁夏回族自治区,银川市,山西省,临汾市,2018,1,0,0
宁夏回族自治区,银川市,山西省,太原市,2018,2,1,0
宁夏回族自治区,银川市,山西省,太原市,2019,0,2,0
宁夏回族自治区,银川市,山西省,太原市,2020,6,5,0
宁夏回族自治区,银川市,陕西省,安康市,2019,1,1,0
宁夏回族自治区,银川市,陕西省,西安市,2018,19,5,0
宁夏回族自治区,银川市,陕西省,西安市,2019,15,4,0
宁夏回族自治区,银川市,陕西省,西安市,2020,44,21,0
宁夏回族自治区,银川市,陕西省,咸阳市,2018,0,2,0
宁夏回族自治区,银川市,陕西省,咸阳市,2019,0,2,0
宁夏回族自治区,银川市,陕西省,咸阳市,2020,11,4,0
宁夏回族自治区,银川市,上海市,上海市,2018,5,3,0
宁夏回族自治区,银川市,上海市,上海市,2019,17,1,0
宁夏回族自治区,银川市,上海市,上海市,2020,40,26,1
宁夏回族自治区,银川市,四川省,成都市,2018,2,0,0
宁夏回族自治区,银川市,四川省,成都市,2019,6,2,0
宁夏回族自治区,银川市,四川省,成都市,2020,12,0,0
宁夏回族自治区,银川市,四川省,绵阳市,2018,0,1,0
宁夏回族自治区,银川市,天津市,天津市,2018,2,1,0
宁夏回族自治区,银川市,天津市,天津市,2019,4,4,0
宁夏回族自治区,银川市,天津市,天津市,2020,12,1,0
宁夏回族自治区,银川市,新疆维吾尔自治区,塔城地区,2019,1,0,0
宁夏回族自治区,银川市,新疆维吾尔自治区,乌鲁木齐市,2018,10,0,0
宁夏回族自治区,银川市,新疆维吾尔自治区,乌鲁木齐市,2019,7,1,0
宁夏回族自治区,银川市,新疆维吾尔自治区,乌鲁木齐市,2020,1,0,0
宁夏回族自治区,银川市,新疆维吾尔自治区,伊犁哈萨克自治州,2020,0,1,0
宁夏回族自治区,银川市,浙江省,杭州市,2018,6,3,0
宁夏回族自治区,银川市,浙江省,杭州市,2019,4,2,0
宁夏回族自治区,银川市,浙江省,杭州市,2020,24,4,0
宁夏回族自治区,银川市,浙江省,嘉兴市,2018,4,2,2
宁夏回族自治区,银川市,浙江省,嘉兴市,2020,2,2,0
宁夏回族自治区,银川市,浙江省,宁波市,2019,1,0,0
宁夏回族自治区,银川市,浙江省,宁波市,2020,1,1,0
宁夏回族自治区,银川市,浙江省,绍兴市,2020,1,0,0
宁夏回族自治区,银川市,重庆市,重庆市,2018,3,0,0
宁夏回族自治区,银川市,重庆市,重庆市,2019,8,2,0
宁夏回族自治区,银川市,重庆市,重庆市,2020,4,4,0
宁夏回族自治区,中卫市,上海市,上海市,2020,1,0,0
青海省,果洛藏族自治州,北京市,北京市,2020,7,3,0
青海省,果洛藏族自治州,上海市,上海市,2019,3,5,0
青海省,果洛藏族自治州,上海市,上海市,2020,0,1,0
青海省,果洛藏族自治州,浙江省,杭州市,2020,6,2,0
青海省,海北藏族自治州,北京市,北京市,2018,12,7,0
青海省,海北藏族自治州,北京市,北京市,2019,10,1,0
青海省,海北藏族自治州,北京市,北京市,2020,8,14,0
青海省,海北藏族自治州,四川省,成都市,2020,2,3,0
青海省,海东市,北京市,北京市,2018,5,0,0
青海省,海东市,北京市,北京市,2019,1,2,0
青海省,海东市,北京市,北京市,2020,1,0,0
青海省,海东市,广东省,广州市,2020,0,2,0
青海省,海东市,江苏省,无锡市,2019,2,0,0
青海省,海东市,江西省,南昌市,2019,1,0,0
青海省,海东市,上海市,上海市,2018,1,4,0
青海省,海东市,上海市,上海市,2020,0,1,0
青海省,海南藏族自治州,安徽省,合肥市,2019,1,0,0
青海省,海南藏族自治州,北京市,北京市,2018,1,10,0
青海省,海南藏族自治州,北京市,北京市,2020,8,10,0
青海省,海南藏族自治州,青海省,海东市,2020,2,6,0
青海省,海南藏族自治州,山东省,济南市,2019,0,0,1
青海省,海西蒙古族藏族自治州,北京市,北京市,2018,1,0,0
青海省,海西蒙古族藏族自治州,北京市,北京市,2019,14,2,0
青海省,海西蒙古族藏族自治州,北京市,北京市,2020,19,31,0
青海省,海西蒙古族藏族自治州,甘肃省,兰州市,2019,1,0,0
青海省,海西蒙古族藏族自治州,甘肃省,张掖市,2020,0,3,0
青海省,海西蒙古族藏族自治州,河北省,保定市,2018,2,0,0
青海省,海西蒙古族藏族自治州,河北省,保定市,2019,4,1,0
青海省,海西蒙古族藏族自治州,河北省,保定市,2020,0,5,0
青海省,海西蒙古族藏族自治州,河南省,开封市,2019,0,4,0
青海省,海西蒙古族藏族自治州,湖北省,武汉市,2020,4,0,0
青海省,海西蒙古族藏族自治州,江苏省,南京市,2018,0,1,0
青海省,海西蒙古族藏族自治州,江苏省,南通市,2018,1,0,0
青海省,海西蒙古族藏族自治州,辽宁省,沈阳市,2019,1,0,0
青海省,海西蒙古族藏族自治州,青海省,海东市,2018,1,4,0
青海省,海西蒙古族藏族自治州,青海省,海东市,2020,1,1,0
青海省,海西蒙古族藏族自治州,青海省,海南藏族自治州,2020,1,1,0
青海省,海西蒙古族藏族自治州,山东省,济南市,2019,0,0,1
青海省,海西蒙古族藏族自治州,陕西省,咸阳市,2018,1,0,0
青海省,海西蒙古族藏族自治州,陕西省,咸阳市,2019,1,0,0
青海省,海西蒙古族藏族自治州,陕西省,延安市,2020,0,1,0
青海省,海西蒙古族藏族自治州,陕西省,榆林市,2020,0,3,0
青海省,海西蒙古族藏族自治州,上海市,上海市,2018,1,4,0
青海省,海西蒙古族藏族自治州,四川省,乐山市,2020,1,0,0
青海省,海西蒙古族藏族自治州,新疆维吾尔自治区,哈密市,2020,0,1,0
青海省,海西蒙古族藏族自治州,浙江省,杭州市,2018,1,0,0
青海省,黄南藏族自治州,北京市,北京市,2018,10,9,0
青海省,黄南藏族自治州,北京市,北京市,2019,9,12,0
青海省,黄南藏族自治州,北京市,北京市,2020,15,15,0
青海省,黄南藏族自治州,青海省,海北藏族自治州,2020,0,1,1
青海省,黄南藏族自治州,青海省,西宁市,2018,10,7,0
青海省,黄南藏族自治州,青海省,西宁市,2019,9,11,0
青海省,黄南藏族自治州,青海省,西宁市,2020,15,15,0
青海省,黄南藏族自治州,四川省,阿坝藏族羌族自治州,2018,0,2,0
青海省,黄南藏族自治州,四川省,阿坝藏族羌族自治州,2019,0,1,0
青海省,黄南藏族自治州,四川省,阿坝藏族羌族自治州,2020,1,0,0
青海省,黄南藏族自治州,西藏自治区,拉萨市,2018,0,2,0
青海省,黄南藏族自治州,西藏自治区,拉萨市,2019,0,1,0
青海省,黄南藏族自治州,西藏自治区,拉萨市,2020,1,0,0
青海省,黄南藏族自治州,重庆市,重庆市,2020,0,2,2
青海省,西宁市,安徽省,合肥市,2018,1,1,0
青海省,西宁市,安徽省,合肥市,2020,4,0,1
青海省,西宁市,北京市,北京市,2018,151,76,1
青海省,西宁市,北京市,北京市,2019,169,85,0
青海省,西宁市,北京市,北京市,2020,230,154,5
青海省,西宁市,福建省,福州市,2020,1,3,0
青海省,西宁市,福建省,厦门市,2020,3,0,0
青海省,西宁市,甘肃省,定西市,2019,1,1,0
青海省,西宁市,甘肃省,嘉峪关市,2018,1,0,0
青海省,西宁市,甘肃省,兰州市,2018,2,2,0
青海省,西宁市,甘肃省,兰州市,2019,3,5,0
青海省,西宁市,甘肃省,兰州市,2020,3,8,1
青海省,西宁市,甘肃省,武威市,2018,0,1,0
青海省,西宁市,广东省,东莞市,2018,3,0,0
青海省,西宁市,广东省,广州市,2018,3,0,0
青海省,西宁市,广东省,广州市,2019,1,0,0
青海省,西宁市,广东省,广州市,2020,0,4,0
青海省,西宁市,广东省,深圳市,2019,10,4,0
青海省,西宁市,广东省,深圳市,2020,7,7,1
青海省,西宁市,广东省,珠海市,2019,0,2,0
青海省,西宁市,广东省,珠海市,2020,2,12,1
青海省,西宁市,广西壮族自治区,百色市,2020,1,0,0
青海省,西宁市,广西壮族自治区,南宁市,2018,2,0,0
青海省,西宁市,海南省,海口市,2020,2,0,0
青海省,西宁市,河北省,保定市,2018,4,0,0
青海省,西宁市,河北省,保定市,2019,7,2,0
青海省,西宁市,河北省,保定市,2020,1,1,0
青海省,西宁市,河北省,廊坊市,2019,1,0,0
青海省,西宁市,河北省,石家庄市,2018,2,0,0
青海省,西宁市,河北省,石家庄市,2019,2,4,0
青海省,西宁市,河北省,石家庄市,2020,1,3,0
青海省,西宁市,河北省,唐山市,2020,2,3,0
青海省,西宁市,河南省,洛阳市,2020,1,0,0
青海省,西宁市,河南省,南阳市,2020,1,0,0
青海省,西宁市,河南省,平顶山市,2018,1,0,0
青海省,西宁市,河南省,三门峡市,2019,4,1,0
青海省,西宁市,黑龙江省,哈尔滨市,2018,1,0,0
青海省,西宁市,黑龙江省,哈尔滨市,2020,1,1,0
青海省,西宁市,湖北省,荆州市,2018,1,0,0
青海省,西宁市,湖北省,武汉市,2018,10,4,0
青海省,西宁市,湖北省,武汉市,2019,15,5,0
青海省,西宁市,湖北省,武汉市,2020,10,8,0
青海省,西宁市,湖北省,襄阳市,2019,0,1,0
青海省,西宁市,吉林省,吉林市,2018,2,0,0
青海省,西宁市,吉林省,吉林市,2019,2,0,0
青海省,西宁市,吉林省,吉林市,2020,3,0,0
青海省,西宁市,江苏省,常州市,2019,3,5,0
青海省,西宁市,江苏省,常州市,2020,0,1,0
青海省,西宁市,江苏省,淮安市,2020,1,0,0
青海省,西宁市,江苏省,南京市,2018,15,1,0
青海省,西宁市,江苏省,南京市,2019,17,0,0
青海省,西宁市,江苏省,南京市,2020,31,4,0
青海省,西宁市,江苏省,南通市,2020,0,1,0
青海省,西宁市,江苏省,苏州市,2018,2,3,0
青海省,西宁市,江苏省,苏州市,2019,2,1,0
青海省,西宁市,江苏省,苏州市,2020,0,3,1
青海省,西宁市,江苏省,无锡市,2018,1,1,0
青海省,西宁市,江苏省,无锡市,2019,3,0,0
青海省,西宁市,江苏省,无锡市,2020,7,3,0
青海省,西宁市,江苏省,徐州市,2018,1,0,0
青海省,西宁市,江苏省,扬州市,2020,0,1,0
青海省,西宁市,江西省,南昌市,2019,1,4,0
青海省,西宁市,辽宁省,大连市,2020,0,1,0
青海省,西宁市,辽宁省,沈阳市,2018,2,0,0
青海省,西宁市,辽宁省,沈阳市,2019,1,0,0
青海省,西宁市,辽宁省,沈阳市,2020,3,0,0
青海省,西宁市,辽宁省,营口市,2020,1,0,0
青海省,西宁市,内蒙古自治区,巴彦淖尔市,2018,3,0,0
青海省,西宁市,内蒙古自治区,呼和浩特市,2020,1,0,0
青海省,西宁市,宁夏回族自治区,吴忠市,2020,0,1,0
青海省,西宁市,青海省,果洛藏族自治州,2018,1,1,0
青海省,西宁市,青海省,果洛藏族自治州,2019,3,8,0
青海省,西宁市,青海省,果洛藏族自治州,2020,9,7,0
青海省,西宁市,青海省,海北藏族自治州,2018,10,7,0
青海省,西宁市,青海省,海北藏族自治州,2019,9,1,0
青海省,西宁市,青海省,海北藏族自治州,2020,9,22,0
青海省,西宁市,青海省,海东市,2018,14,16,0
青海省,西宁市,青海省,海东市,2019,25,30,0
青海省,西宁市,青海省,海东市,2020,17,28,0
青海省,西宁市,青海省,海南藏族自治州,2018,1,10,0
青海省,西宁市,青海省,海南藏族自治州,2019,0,1,0
青海省,西宁市,青海省,海南藏族自治州,2020,12,17,0
青海省,西宁市,青海省,海西蒙古族藏族自治州,2018,10,8,0
青海省,西宁市,青海省,海西蒙古族藏族自治州,2019,31,38,0
青海省,西宁市,青海省,海西蒙古族藏族自治州,2020,31,26,0
青海省,西宁市,山东省,东营市,2019,1,1,0
青海省,西宁市,山东省,济南市,2018,1,0,0
青海省,西宁市,山东省,济南市,2019,3,5,0
青海省,西宁市,山东省,济南市,2020,2,1,0
青海省,西宁市,山东省,泰安市,2020,1,0,0
青海省,西宁市,山东省,烟台市,2020,0,0,1
青海省,西宁市,山西省,太原市,2019,1,1,0
青海省,西宁市,山西省,太原市,2020,2,1,0
青海省,西宁市,陕西省,宝鸡市,2019,1,1,0
青海省,西宁市,陕西省,渭南市,2018,1,0,0
青海省,西宁市,陕西省,咸阳市,2018,0,2,0
青海省,西宁市,陕西省,咸阳市,2019,1,0,0
青海省,西宁市,陕西省,咸阳市,2020,0,1,0
青海省,西宁市,上海市,上海市,2018,2,0,0
青海省,西宁市,上海市,上海市,2019,9,8,0
青海省,西宁市,上海市,上海市,2020,6,8,0
青海省,西宁市,四川省,成都市,2018,12,8,0
青海省,西宁市,四川省,成都市,2019,14,13,0
青海省,西宁市,四川省,成都市,2020,11,14,0
青海省,西宁市,四川省,德阳市,2020,1,1,0
青海省,西宁市,四川省,甘孜藏族自治州,2020,2,2,0
青海省,西宁市,四川省,广元市,2019,1,0,0
青海省,西宁市,四川省,凉山彝族自治州,2020,1,0,0
青海省,西宁市,四川省,绵阳市,2018,2,0,0
青海省,西宁市,四川省,绵阳市,2019,0,1,0
青海省,西宁市,四川省,绵阳市,2020,0,2,0
青海省,西宁市,四川省,自贡市,2019,0,1,0
青海省,西宁市,天津市,天津市,2018,5,4,0
青海省,西宁市,天津市,天津市,2019,3,1,0
青海省,西宁市,天津市,天津市,2020,2,2,0
青海省,西宁市,西藏自治区,昌都市,2019,1,0,0
青海省,西宁市,西藏自治区,拉萨市,2019,4,0,0
青海省,西宁市,西藏自治区,拉萨市,2020,1,2,0
青海省,西宁市,西藏自治区,林芝市,2020,0,0,1
青海省,西宁市,新疆维吾尔自治区,哈密市,2019,3,11,0
青海省,西宁市,新疆维吾尔自治区,哈密市,2020,1,7,0
青海省,西宁市,新疆维吾尔自治区,乌鲁木齐市,2019,4,1,0
青海省,西宁市,新疆维吾尔自治区,乌鲁木齐市,2020,7,4,0
青海省,西宁市,新疆维吾尔自治区,自治区直辖县级行政区划,2020,1,0,0
青海省,西宁市,云南省,昆明市,2019,4,2,0
青海省,西宁市,浙江省,杭州市,2018,1,0,0
青海省,西宁市,浙江省,杭州市,2019,6,2,0
青海省,西宁市,浙江省,杭州市,2020,16,7,0
青海省,西宁市,浙江省,湖州市,2018,2,1,0
青海省,西宁市,浙江省,湖州市,2019,8,0,0
青海省,西宁市,浙江省,嘉兴市,2018,1,0,0
青海省,西宁市,浙江省,宁波市,2018,1,0,0
青海省,西宁市,浙江省,绍兴市,2018,0,1,0
青海省,西宁市,浙江省,台州市,2020,2,5,1
青海省,玉树藏族自治州,北京市,北京市,2019,0,2,0
山东省,滨州市,安徽省,宿州市,2018,2,0,0
山东省,滨州市,北京市,北京市,2018,34,7,0
山东省,滨州市,北京市,北京市,2019,30,6,0
山东省,滨州市,北京市,北京市,2020,58,18,2
山东省,滨州市,福建省,泉州市,2020,1,0,0
山东省,滨州市,甘肃省,定西市,2020,0,1,0
山东省,滨州市,广东省,广州市,2020,4,0,0
山东省,滨州市,广东省,深圳市,2018,2,0,0
山东省,滨州市,广东省,深圳市,2019,3,2,0
山东省,滨州市,广东省,深圳市,2020,3,2,0
山东省,滨州市,广东省,湛江市,2018,1,5,0
山东省,滨州市,广西壮族自治区,北海市,2018,0,4,0
山东省,滨州市,海南省,海口市,2019,2,0,0
山东省,滨州市,河北省,廊坊市,2020,1,0,0
山东省,滨州市,河南省,开封市,2019,0,7,0
山东省,滨州市,河南省,开封市,2020,0,5,0
山东省,滨州市,河南省,南阳市,2020,1,0,0
山东省,滨州市,河南省,平顶山市,2019,5,0,0
山东省,滨州市,河南省,平顶山市,2020,3,0,0
山东省,滨州市,黑龙江省,佳木斯市,2019,0,1,0
山东省,滨州市,湖北省,武汉市,2019,2,7,0
山东省,滨州市,湖北省,武汉市,2020,1,0,0
山东省,滨州市,吉林省,四平市,2020,0,1,0
山东省,滨州市,吉林省,延边朝鲜族自治州,2019,1,1,0
山东省,滨州市,吉林省,延边朝鲜族自治州,2020,0,1,0
山东省,滨州市,江苏省,南京市,2018,9,2,0
山东省,滨州市,江苏省,南京市,2019,4,2,0
山东省,滨州市,江苏省,南京市,2020,3,2,0
山东省,滨州市,江苏省,南通市,2018,2,0,0
山东省,滨州市,江苏省,无锡市,2019,4,5,0
山东省,滨州市,江苏省,徐州市,2019,5,0,0
山东省,滨州市,江西省,吉安市,2020,1,0,0
山东省,滨州市,辽宁省,大连市,2018,3,0,0
山东省,滨州市,辽宁省,大连市,2019,3,4,0
山东省,滨州市,辽宁省,大连市,2020,0,1,0
山东省,滨州市,辽宁省,丹东市,2019,1,1,0
山东省,滨州市,辽宁省,抚顺市,2018,0,1,0
山东省,滨州市,辽宁省,沈阳市,2018,0,1,0
山东省,滨州市,辽宁省,沈阳市,2020,2,1,0
山东省,滨州市,山东省,德州市,2020,1,1,0
山东省,滨州市,山东省,东营市,2018,1,14,0
山东省,滨州市,山东省,东营市,2019,1,18,0
山东省,滨州市,山东省,东营市,2020,4,12,0
山东省,滨州市,山东省,济南市,2018,12,10,0
山东省,滨州市,山东省,济南市,2019,5,1,0
山东省,滨州市,山东省,济南市,2020,6,5,0
山东省,滨州市,山东省,临沂市,2019,5,0,0
山东省,滨州市,山东省,临沂市,2020,0,1,0
山东省,滨州市,山东省,泰安市,2020,1,0,0
山东省,滨州市,山东省,淄博市,2018,4,0,0
山东省,滨州市,山东省,淄博市,2019,0,1,0
山东省,滨州市,山东省,淄博市,2020,6,3,0
山东省,滨州市,山西省,太原市,2020,1,0,0
山东省,滨州市,上海市,上海市,2018,9,4,0
山东省,滨州市,上海市,上海市,2019,6,1,0
山东省,滨州市,上海市,上海市,2020,2,2,1
山东省,滨州市,四川省,成都市,2018,1,0,0
山东省,滨州市,四川省,成都市,2019,1,0,0
山东省,滨州市,天津市,天津市,2018,3,0,0
山东省,滨州市,天津市,天津市,2019,4,0,0
山东省,滨州市,新疆维吾尔自治区,克拉玛依市,2019,1,0,0
山东省,滨州市,新疆维吾尔自治区,克拉玛依市,2020,1,0,0
山东省,滨州市,新疆维吾尔自治区,乌鲁木齐市,2019,1,1,0
山东省,滨州市,浙江省,宁波市,2019,1,1,0
山东省,滨州市,浙江省,宁波市,2020,1,0,0
山东省,滨州市,浙江省,温州市,2018,2,0,0
山东省,滨州市,浙江省,温州市,2019,1,0,0
山东省,德州市,安徽省,合肥市,2018,1,1,0
山东省,德州市,安徽省,合肥市,2020,1,1,0
山东省,德州市,北京市,北京市,2018,30,30,0
山东省,德州市,北京市,北京市,2019,32,16,0
山东省,德州市,北京市,北京市,2020,55,34,0
山东省,德州市,甘肃省,兰州市,2020,1,0,0
山东省,德州市,广东省,中山市,2019,0,2,0
山东省,德州市,广东省,中山市,2020,0,0,1
山东省,德州市,河北省,保定市,2020,0,1,0
山东省,德州市,黑龙江省,大庆市,2019,0,1,0
山东省,德州市,黑龙江省,哈尔滨市,2018,10,0,0
山东省,德州市,黑龙江省,哈尔滨市,2019,1,0,0
山东省,德州市,吉林省,四平市,2018,1,3,0
山东省,德州市,吉林省,延边朝鲜族自治州,2018,0,1,0
山东省,德州市,江苏省,常州市,2020,2,0,0
山东省,德州市,江苏省,南京市,2018,0,1,0
山东省,德州市,江苏省,南京市,2019,1,0,0
山东省,德州市,江苏省,南京市,2020,1,0,0
山东省,德州市,辽宁省,大连市,2018,1,3,0
山东省,德州市,内蒙古自治区,呼和浩特市,2018,0,1,0
山东省,德州市,山东省,东营市,2019,2,1,0
山东省,德州市,山东省,威海市,2020,0,3,0
山东省,德州市,山西省,太原市,2020,0,3,0
山东省,德州市,陕西省,咸阳市,2019,1,0,0
山东省,德州市,上海市,上海市,2018,6,5,0
山东省,德州市,上海市,上海市,2019,4,6,0
山东省,德州市,上海市,上海市,2020,1,4,0
山东省,德州市,四川省,内江市,2018,0,1,0
山东省,德州市,天津市,天津市,2018,3,0,0
山东省,德州市,天津市,天津市,2019,3,0,0
山东省,德州市,天津市,天津市,2020,3,2,0
山东省,德州市,新疆维吾尔自治区,伊犁哈萨克自治州,2018,1,2,0
山东省,德州市,浙江省,台州市,2018,1,0,0
山东省,德州市,浙江省,台州市,2020,1,0,0
山东省,东营市,上海市,上海市,2018,18,5,0
山东省,东营市,上海市,上海市,2019,13,3,0
山东省,东营市,上海市,上海市,2020,5,11,0
山东省,海阳市,山东省,济南市,2020,0,0,1
山东省,菏泽市,安徽省,合肥市,2019,3,0,0
山东省,菏泽市,安徽省,合肥市,2020,9,0,0
山东省,菏泽市,安徽省,淮北市,2018,0,1,0
山东省,菏泽市,安徽省,淮南市,2020,6,0,0
山东省,菏泽市,北京市,北京市,2018,11,11,0
山东省,菏泽市,北京市,北京市,2019,28,20,0
山东省,菏泽市,北京市,北京市,2020,48,39,0
山东省,菏泽市,甘肃省,兰州市,2019,1,0,0
山东省,菏泽市,广东省,潮州市,2020,38,54,0
山东省,菏泽市,广东省,清远市,2019,3,0,0
山东省,菏泽市,广东省,深圳市,2019,0,1,0
山东省,菏泽市,广东省,深圳市,2020,38,54,0
山东省,菏泽市,广西壮族自治区,桂林市,2020,38,54,0
山东省,菏泽市,河南省,洛阳市,2019,0,1,0
山东省,菏泽市,河南省,洛阳市,2020,2,1,0
山东省,菏泽市,湖北省,省直辖县级行政区划,2019,1,0,0
山东省,菏泽市,湖北省,武汉市,2020,37,51,0
山东省,菏泽市,湖北省,宜昌市,2018,0,1,0
山东省,菏泽市,吉林省,白山市,2019,0,1,0
山东省,菏泽市,吉林省,四平市,2019,0,1,0
山东省,菏泽市,江苏省,常州市,2019,3,9,0
山东省,菏泽市,江苏省,南京市,2018,3,1,0
山东省,菏泽市,江苏省,南京市,2019,2,0,0
山东省,菏泽市,江苏省,南京市,2020,1,1,0
山东省,菏泽市,江苏省,苏州市,2018,4,0,0
山东省,菏泽市,江苏省,苏州市,2020,2,0,0
山东省,菏泽市,江苏省,徐州市,2020,1,1,1
山东省,菏泽市,辽宁省,朝阳市,2018,0,1,0
山东省,菏泽市,辽宁省,大连市,2019,0,1,0
山东省,菏泽市,辽宁省,丹东市,2018,1,1,0
山东省,菏泽市,辽宁省,丹东市,2019,0,1,0
山东省,菏泽市,辽宁省,沈阳市,2019,1,1,0
山东省,菏泽市,山东省,德州市,2018,1,0,0
山东省,菏泽市,山东省,济南市,2018,19,9,0
山东省,菏泽市,山东省,济南市,2019,13,7,0
山东省,菏泽市,山东省,济南市,2020,24,16,0
山东省,菏泽市,山东省,济宁市,2018,0,2,0
山东省,菏泽市,山东省,济宁市,2019,0,2,0
山东省,菏泽市,山东省,聊城市,2019,0,1,0
山东省,菏泽市,山东省,临沂市,2018,7,3,0
山东省,菏泽市,山东省,临沂市,2019,10,1,0
山东省,菏泽市,山东省,临沂市,2020,2,0,0
山东省,菏泽市,山东省,泰安市,2019,1,2,0
山东省,菏泽市,山东省,泰安市,2020,3,1,0
山东省,菏泽市,山东省,威海市,2020,1,0,0
山东省,菏泽市,山东省,潍坊市,2018,2,0,0
山东省,菏泽市,山东省,烟台市,2020,2,0,0
山东省,菏泽市,山东省,淄博市,2018,0,1,0
山东省,菏泽市,山东省,淄博市,2020,0,2,0
山东省,菏泽市,陕西省,渭南市,2019,1,0,0
山东省,菏泽市,上海市,上海市,2018,1,1,0
山东省,菏泽市,四川省,凉山彝族自治州,2019,0,1,0
山东省,菏泽市,新疆维吾尔自治区,昌吉回族自治州,2018,1,0,0
山东省,菏泽市,新疆维吾尔自治区,昌吉回族自治州,2019,2,0,0
山东省,菏泽市,云南省,昆明市,2018,1,0,0
山东省,菏泽市,云南省,昆明市,2019,0,1,0
山东省,菏泽市,浙江省,杭州市,2019,1,0,0
山东省,菏泽市,浙江省,杭州市,2020,1,0,0
山东省,济南市,安徽省,安庆市,2018,1,1,0
山东省,济南市,安徽省,安庆市,2019,1,0,0
山东省,济南市,安徽省,合肥市,2018,5,6,0
山东省,济南市,安徽省,合肥市,2019,25,8,0
山东省,济南市,安徽省,合肥市,2020,61,15,0
山东省,济南市,安徽省,六安市,2020,5,1,0
山东省,济南市,北京市,北京市,2018,913,215,0
山东省,济南市,北京市,北京市,2019,823,128,4
山东省,济南市,北京市,北京市,2020,1136,197,10
山东省,济南市,福建省,南平市,2018,1,0,0
山东省,济南市,福建省,宁德市,2018,0,1,0
山东省,济南市,福建省,宁德市,2019,1,1,0
山东省,济南市,福建省,泉州市,2020,1,0,0
山东省,济南市,福建省,三明市,2018,1,0,0
山东省,济南市,福建省,厦门市,2018,0,3,0
山东省,济南市,福建省,厦门市,2019,3,1,0
山东省,济南市,福建省,厦门市,2020,1,0,0
山东省,济南市,甘肃省,嘉峪关市,2018,0,1,0
山东省,济南市,甘肃省,兰州市,2018,7,7,0
山东省,济南市,甘肃省,兰州市,2019,2,3,0
山东省,济南市,甘肃省,兰州市,2020,2,1,0
山东省,济南市,广东省,东莞市,2019,1,0,0
山东省,济南市,广东省,东莞市,2020,1,0,0
山东省,济南市,广东省,佛山市,2018,1,1,0
山东省,济南市,广东省,佛山市,2019,2,0,0
山东省,济南市,广东省,佛山市,2020,1,0,0
山东省,济南市,广东省,广州市,2018,14,5,0
山东省,济南市,广东省,广州市,2019,8,3,0
山东省,济南市,广东省,广州市,2020,22,20,0
山东省,济南市,广西壮族自治区,柳州市,2020,0,4,0
山东省,济南市,广西壮族自治区,南宁市,2018,0,1,0
山东省,济南市,广西壮族自治区,南宁市,2019,3,1,0
山东省,济南市,广西壮族自治区,南宁市,2020,5,2,0
山东省,济南市,贵州省,毕节市,2018,0,1,0
山东省,济南市,河北省,保定市,2018,20,8,16
山东省,济南市,河北省,保定市,2019,13,5,0
山东省,济南市,河北省,保定市,2020,9,2,0
山东省,济南市,河北省,廊坊市,2018,4,2,0
山东省,济南市,河北省,廊坊市,2019,0,2,0
山东省,济南市,河北省,廊坊市,2020,4,3,0
山东省,济南市,河北省,唐山市,2019,0,1,0
山东省,济南市,河北省,唐山市,2020,2,0,0
山东省,济南市,河北省,张家口市,2018,0,4,0
山东省,济南市,河南省,洛阳市,2020,1,2,0
山东省,济南市,河南省,平顶山市,2018,13,0,0
山东省,济南市,河南省,平顶山市,2019,7,1,0
山东省,济南市,河南省,平顶山市,2020,14,0,0
山东省,济南市,河南省,新乡市,2020,0,1,0
山东省,济南市,黑龙江省,哈尔滨市,2018,2,5,0
山东省,济南市,黑龙江省,哈尔滨市,2019,7,17,0
山东省,济南市,黑龙江省,哈尔滨市,2020,7,2,0
山东省,济南市,黑龙江省,佳木斯市,2020,0,4,0
山东省,济南市,黑龙江省,七台河市,2018,1,0,0
山东省,济南市,湖北省,恩施土家族苗族自治州,2018,0,4,0
山东省,济南市,湖北省,武汉市,2018,24,3,0
山东省,济南市,湖北省,武汉市,2019,14,9,3
山东省,济南市,湖北省,武汉市,2020,59,14,4
山东省,济南市,湖北省,宜昌市,2018,2,15,0
山东省,济南市,湖南省,株洲市,2020,2,0,0
山东省,济南市,吉林省,吉林市,2018,2,2,0
山东省,济南市,吉林省,吉林市,2019,2,0,0
山东省,济南市,吉林省,吉林市,2020,15,0,0
山东省,济南市,江苏省,常州市,2018,6,2,0
山东省,济南市,江苏省,常州市,2019,0,3,0
山东省,济南市,江苏省,常州市,2020,5,11,0
山东省,济南市,江苏省,南京市,2018,59,10,0
山东省,济南市,江苏省,南京市,2019,44,17,0
山东省,济南市,江苏省,南京市,2020,176,33,5
山东省,济南市,江苏省,南通市,2018,2,0,0
山东省,济南市,江苏省,南通市,2019,5,0,0
山东省,济南市,江苏省,南通市,2020,9,0,0
山东省,济南市,江苏省,宿迁市,2020,3,0,0
山东省,济南市,江苏省,泰州市,2019,0,1,0
山东省,济南市,江苏省,泰州市,2020,0,1,0
山东省,济南市,江苏省,无锡市,2018,2,1,0
山东省,济南市,江苏省,无锡市,2019,4,0,0
山东省,济南市,江苏省,无锡市,2020,6,2,0
山东省,济南市,江苏省,徐州市,2018,1,0,0
山东省,济南市,江苏省,徐州市,2019,11,9,0
山东省,济南市,江苏省,徐州市,2020,9,1,0
山东省,济南市,江苏省,扬州市,2018,0,4,0
山东省,济南市,江苏省,扬州市,2019,8,2,0
山东省,济南市,江苏省,扬州市,2020,3,2,0
山东省,济南市,江西省,抚州市,2019,0,2,0
山东省,济南市,江西省,九江市,2019,3,3,0
山东省,济南市,江西省,南昌市,2019,3,12,0
山东省,济南市,江西省,南昌市,2020,3,8,0
山东省,济南市,江西省,新余市,2020,1,2,0
山东省,济南市,江西省,宜春市,2019,1,1,0
山东省,济南市,辽宁省,大连市,2019,2,2,0
山东省,济南市,辽宁省,大连市,2020,3,3,0
山东省,济南市,辽宁省,丹东市,2018,2,0,0
山东省,济南市,辽宁省,丹东市,2019,3,1,0
山东省,济南市,辽宁省,丹东市,2020,0,1,0
山东省,济南市,辽宁省,沈阳市,2018,1,0,0
山东省,济南市,辽宁省,沈阳市,2019,10,3,0
山东省,济南市,辽宁省,沈阳市,2020,17,2,0
山东省,济南市,内蒙古自治区,呼和浩特市,2018,8,0,0
山东省,济南市,内蒙古自治区,呼和浩特市,2019,4,1,0
山东省,济南市,内蒙古自治区,呼和浩特市,2020,6,0,0
山东省,济南市,内蒙古自治区,呼伦贝尔市,2020,0,2,0
山东省,济南市,内蒙古自治区,乌海市,2019,0,1,0
山东省,济南市,内蒙古自治区,乌兰察布市,2019,1,0,0
山东省,济南市,青海省,果洛藏族自治州,2019,3,5,0
山东省,济南市,青海省,果洛藏族自治州,2020,0,1,0
山东省,济南市,山东省,德州市,2018,26,8,0
山东省,济南市,山东省,德州市,2019,52,21,0
山东省,济南市,山东省,德州市,2020,46,24,0
山东省,济南市,山东省,东营市,2018,5,2,0
山东省,济南市,山东省,东营市,2019,11,7,0
山东省,济南市,山东省,东营市,2020,12,2,0
山东省,济南市,山东省,临沂市,2018,13,16,0
山东省,济南市,山东省,临沂市,2019,31,7,0
山东省,济南市,山东省,临沂市,2020,34,33,2
山东省,济南市,山东省,日照市,2018,1,3,0
山东省,济南市,山东省,日照市,2019,9,5,0
山东省,济南市,山东省,日照市,2020,22,10,0
山东省,济南市,山东省,泰安市,2018,43,58,0
山东省,济南市,山东省,泰安市,2019,38,15,1
山东省,济南市,山东省,泰安市,2020,64,38,0
山东省,济南市,山东省,威海市,2018,5,3,0
山东省,济南市,山东省,威海市,2019,7,1,0
山东省,济南市,山东省,威海市,2020,20,13,0
山东省,济南市,山东省,枣庄市,2018,27,5,0
山东省,济南市,山东省,枣庄市,2019,18,7,0
山东省,济南市,山东省,枣庄市,2020,8,6,0
山东省,济南市,山西省,大同市,2020,0,1,0
山东省,济南市,山西省,晋中市,2019,2,0,0
山东省,济南市,山西省,太原市,2018,2,2,0
山东省,济南市,山西省,太原市,2019,8,1,0
山东省,济南市,山西省,太原市,2020,11,3,0
山东省,济南市,陕西省,咸阳市,2018,1,0,0
山东省,济南市,陕西省,咸阳市,2019,1,0,0
山东省,济南市,陕西省,咸阳市,2020,1,0,0
山东省,济南市,陕西省,榆林市,2020,0,1,0
山东省,济南市,上海市,上海市,2018,38,15,0
山东省,济南市,上海市,上海市,2019,49,15,4
山东省,济南市,上海市,上海市,2020,41,16,7
山东省,济南市,四川省,成都市,2018,10,4,0
山东省,济南市,四川省,成都市,2019,5,5,0
山东省,济南市,四川省,成都市,2020,23,15,0
山东省,济南市,四川省,乐山市,2020,1,1,0
山东省,济南市,四川省,凉山彝族自治州,2018,1,0,0
山东省,济南市,四川省,宜宾市,2020,1,0,0
山东省,济南市,天津市,天津市,2018,28,16,0
山东省,济南市,天津市,天津市,2019,26,23,1
山东省,济南市,天津市,天津市,2020,32,10,0
山东省,济南市,西藏自治区,昌都市,2018,3,0,0
山东省,济南市,西藏自治区,拉萨市,2019,0,1,0
山东省,济南市,西藏自治区,拉萨市,2020,1,1,0
山东省,济南市,新疆维吾尔自治区,哈密市,2018,1,0,0
山东省,济南市,新疆维吾尔自治区,乌鲁木齐市,2019,2,3,0
山东省,济南市,新疆维吾尔自治区,乌鲁木齐市,2020,12,6,0
山东省,济南市,新疆维吾尔自治区,伊犁哈萨克自治州,2018,1,1,0
山东省,济南市,新疆维吾尔自治区,伊犁哈萨克自治州,2020,1,0,0
山东省,济南市,云南省,保山市,2020,2,1,0
山东省,济南市,云南省,楚雄彝族自治州,2020,0,3,0
山东省,济南市,云南省,昆明市,2018,2,0,0
山东省,济南市,云南省,昆明市,2019,1,0,0
山东省,济南市,云南省,昆明市,2020,6,6,0
山东省,济南市,云南省,临沧市,2019,0,1,0
山东省,济南市,云南省,曲靖市,2019,1,0,0
山东省,济南市,浙江省,杭州市,2018,23,6,0
山东省,济南市,浙江省,杭州市,2019,26,6,0
山东省,济南市,浙江省,杭州市,2020,39,16,1
山东省,济南市,浙江省,嘉兴市,2018,4,5,0
山东省,济南市,浙江省,嘉兴市,2019,7,7,2
山东省,济南市,浙江省,嘉兴市,2020,5,2,0
山东省,济南市,浙江省,丽水市,2018,1,0,0
山东省,济南市,浙江省,宁波市,2018,0,3,0
山东省,济南市,浙江省,宁波市,2019,2,0,0
山东省,济南市,浙江省,宁波市,2020,1,3,0
山东省,济南市,浙江省,台州市,2018,1,0,0
山东省,济南市,浙江省,台州市,2019,1,0,0
山东省,济宁市,安徽省,合肥市,2018,1,0,0
山东省,济宁市,北京市,北京市,2018,59,33,0
山东省,济宁市,北京市,北京市,2019,104,82,1
山东省,济宁市,北京市,北京市,2020,107,80,0
山东省,济宁市,甘肃省,平凉市,2019,1,0,0
山东省,济宁市,广东省,东莞市,2018,0,2,0
山东省,济宁市,广东省,广州市,2018,0,1,0
山东省,济宁市,广东省,广州市,2019,0,1,0
山东省,济宁市,广东省,广州市,2020,5,7,0
山东省,济宁市,广西壮族自治区,北海市,2020,0,1,0
山东省,济宁市,广西壮族自治区,南宁市,2018,3,0,0
山东省,济宁市,贵州省,毕节市,2019,0,3,0
山东省,济宁市,贵州省,毕节市,2020,0,2,0
山东省,济宁市,河北省,保定市,2019,1,3,0
山东省,济宁市,河北省,廊坊市,2019,2,0,0
山东省,济宁市,河北省,唐山市,2020,2,0,0
山东省,济宁市,河北省,张家口市,2018,5,0,0
山东省,济宁市,河北省,张家口市,2020,2,2,0
山东省,济宁市,河南省,平顶山市,2018,1,0,0
山东省,济宁市,河南省,新乡市,2020,1,0,0
山东省,济宁市,黑龙江省,哈尔滨市,2020,3,5,0
山东省,济宁市,湖北省,武汉市,2018,3,1,0
山东省,济宁市,湖北省,武汉市,2019,4,1,0
山东省,济宁市,湖北省,武汉市,2020,1,1,0
山东省,济宁市,江苏省,常州市,2019,1,2,0
山东省,济宁市,江苏省,南京市,2018,1,0,0
山东省,济宁市,江苏省,南京市,2019,1,2,0
山东省,济宁市,江苏省,南京市,2020,3,7,0
山东省,济宁市,江苏省,南通市,2018,2,0,0
山东省,济宁市,江苏省,南通市,2019,1,0,0
山东省,济宁市,江苏省,南通市,2020,2,1,0
山东省,济宁市,江苏省,无锡市,2019,1,0,0
山东省,济宁市,江苏省,无锡市,2020,1,0,0
山东省,济宁市,江苏省,徐州市,2018,3,6,0
山东省,济宁市,江苏省,徐州市,2019,4,0,0
山东省,济宁市,江苏省,徐州市,2020,8,0,0
山东省,济宁市,辽宁省,大连市,2020,0,1,0
山东省,济宁市,辽宁省,丹东市,2018,1,0,0
山东省,济宁市,辽宁省,丹东市,2019,3,1,0
山东省,济宁市,辽宁省,丹东市,2020,0,1,0
山东省,济宁市,辽宁省,抚顺市,2019,1,0,0
山东省,济宁市,辽宁省,沈阳市,2018,1,0,0
山东省,济宁市,内蒙古自治区,包头市,2020,1,1,0
山东省,济宁市,内蒙古自治区,呼和浩特市,2019,1,0,0
山东省,济宁市,山东省,德州市,2019,0,1,0
山东省,济宁市,山东省,德州市,2020,3,5,0
山东省,济宁市,山东省,济南市,2018,65,45,0
山东省,济宁市,山东省,济南市,2019,53,30,0
山东省,济宁市,山东省,济南市,2020,55,113,0
山东省,济宁市,山东省,临沂市,2018,2,3,0
山东省,济宁市,山东省,临沂市,2019,5,2,0
山东省,济宁市,山东省,临沂市,2020,1,1,0
山东省,济宁市,山东省,日照市,2018,1,1,0
山东省,济宁市,山东省,日照市,2019,1,1,0
山东省,济宁市,山东省,日照市,2020,2,7,0
山东省,济宁市,山东省,泰安市,2018,3,1,0
山东省,济宁市,山东省,泰安市,2019,2,4,0
山东省,济宁市,山东省,泰安市,2020,3,12,0
山东省,济宁市,山东省,威海市,2018,1,0,0
山东省,济宁市,山东省,威海市,2020,2,1,0
山东省,济宁市,山东省,枣庄市,2018,1,1,0
山东省,济宁市,山东省,枣庄市,2019,6,0,0
山东省,济宁市,山东省,枣庄市,2020,3,2,0
山东省,济宁市,山西省,临汾市,2019,0,1,0
山东省,济宁市,山西省,临汾市,2020,0,1,0
山东省,济宁市,山西省,太原市,2020,3,0,0
山东省,济宁市,陕西省,榆林市,2018,0,9,0
山东省,济宁市,上海市,上海市,2018,11,4,0
山东省,济宁市,上海市,上海市,2019,7,2,0
山东省,济宁市,上海市,上海市,2020,7,2,0
山东省,济宁市,四川省,成都市,2019,3,1,0
山东省,济宁市,四川省,成都市,2020,3,3,0
山东省,济宁市,天津市,天津市,2018,1,2,0
山东省,济宁市,天津市,天津市,2019,2,1,0
山东省,济宁市,西藏自治区,拉萨市,2020,3,5,0
山东省,济宁市,新疆维吾尔自治区,塔城地区,2019,3,0,0
山东省,济宁市,新疆维吾尔自治区,塔城地区,2020,4,0,0
山东省,济宁市,新疆维吾尔自治区,乌鲁木齐市,2020,2,0,0
山东省,济宁市,浙江省,杭州市,2018,2,0,0
山东省,济宁市,浙江省,杭州市,2019,6,0,0
山东省,济宁市,浙江省,杭州市,2020,2,0,0
山东省,济宁市,浙江省,嘉兴市,2018,1,0,0
山东省,济宁市,浙江省,宁波市,2020,0,1,0
山东省,聊城市,北京市,北京市,2018,29,3,0
山东省,聊城市,北京市,北京市,2019,53,6,0
山东省,聊城市,北京市,北京市,2020,44,3,0
山东省,聊城市,甘肃省,兰州市,2018,1,0,0
山东省,聊城市,广东省,佛山市,2018,0,1,0
山东省,聊城市,广东省,深圳市,2019,0,1,0
山东省,聊城市,广东省,中山市,2018,0,1,0
山东省,聊城市,广东省,中山市,2019,0,2,0
山东省,聊城市,河北省,石家庄市,2020,1,0,0
山东省,聊城市,河北省,唐山市,2018,0,2,0
山东省,聊城市,河北省,唐山市,2019,0,1,0
山东省,聊城市,河南省,开封市,2020,0,3,0
山东省,聊城市,河南省,洛阳市,2020,2,0,0
山东省,聊城市,河南省,濮阳市,2018,3,1,0
山东省,聊城市,河南省,濮阳市,2020,2,3,0
山东省,聊城市,黑龙江省,绥化市,2019,0,1,0
山东省,聊城市,江苏省,南通市,2019,7,0,0
山东省,聊城市,江苏省,无锡市,2020,2,5,0
山东省,聊城市,辽宁省,大连市,2018,2,0,0
山东省,聊城市,辽宁省,大连市,2019,2,0,0
山东省,聊城市,辽宁省,大连市,2020,1,1,0
山东省,聊城市,山东省,东营市,2019,6,0,0
山东省,聊城市,山东省,济南市,2018,12,1,0
山东省,聊城市,山东省,济南市,2019,14,10,0
山东省,聊城市,山东省,济南市,2020,12,5,0
山东省,聊城市,山东省,潍坊市,2018,13,10,0
山东省,聊城市,山东省,潍坊市,2019,13,2,0
山东省,聊城市,山东省,潍坊市,2020,8,8,0
山东省,聊城市,山东省,烟台市,2020,0,2,0
山东省,聊城市,山东省,枣庄市,2020,1,3,0
山东省,聊城市,山东省,淄博市,2018,1,0,0
山东省,聊城市,山东省,淄博市,2019,1,0,0
山东省,聊城市,山东省,淄博市,2020,0,2,0
山东省,聊城市,上海市,上海市,2019,5,1,0
山东省,聊城市,上海市,上海市,2020,1,0,0
山东省,聊城市,四川省,成都市,2018,2,1,0
山东省,聊城市,四川省,成都市,2019,2,0,0
山东省,聊城市,四川省,成都市,2020,1,4,0
山东省,聊城市,四川省,绵阳市,2020,1,3,0
山东省,聊城市,天津市,天津市,2018,1,0,0
山东省,聊城市,新疆维吾尔自治区,昌吉回族自治州,2020,1,2,0
山东省,聊城市,浙江省,杭州市,2018,0,1,0
山东省,聊城市,浙江省,杭州市,2019,3,1,0
山东省,聊城市,浙江省,温州市,2019,1,1,0
山东省,临沂市,广东省,东莞市,2019,1,0,0
山东省,临沂市,山东省,东营市,2020,0,10,0
山东省,临沂市,上海市,上海市,2018,18,1,0
山东省,临沂市,上海市,上海市,2019,13,6,0
山东省,临沂市,上海市,上海市,2020,7,1,0
山东省,青岛市,安徽省,安庆市,2018,1,0,0
山东省,青岛市,安徽省,安庆市,2020,35,0,0
山东省,青岛市,安徽省,蚌埠市,2018,4,2,0
山东省,青岛市,安徽省,蚌埠市,2019,8,1,0
山东省,青岛市,安徽省,蚌埠市,2020,3,3,0
山东省,青岛市,安徽省,阜阳市,2019,2,0,0
山东省,青岛市,安徽省,合肥市,2018,17,7,1
山东省,青岛市,安徽省,合肥市,2019,32,29,0
山东省,青岛市,安徽省,合肥市,2020,32,42,6
山东省,青岛市,安徽省,芜湖市,2019,0,1,0
山东省,青岛市,安徽省,芜湖市,2020,1,0,0
山东省,青岛市,北京市,北京市,2018,405,103,0
山东省,青岛市,北京市,北京市,2019,536,129,6
山东省,青岛市,北京市,北京市,2020,747,271,39
山东省,青岛市,福建省,福州市,2018,2,0,0
山东省,青岛市,福建省,福州市,2019,2,0,0
山东省,青岛市,福建省,福州市,2020,4,1,0
山东省,青岛市,福建省,南平市,2018,1,0,0
山东省,青岛市,福建省,南平市,2019,2,0,0
山东省,青岛市,福建省,南平市,2020,2,0,0
山东省,青岛市,福建省,宁德市,2018,2,0,0
山东省,青岛市,福建省,泉州市,2018,2,0,0
山东省,青岛市,福建省,泉州市,2019,3,0,0
山东省,青岛市,福建省,泉州市,2020,3,0,0
山东省,青岛市,福建省,三明市,2018,1,0,0
山东省,青岛市,福建省,三明市,2019,1,0,0
山东省,青岛市,福建省,三明市,2020,2,0,0
山东省,青岛市,福建省,厦门市,2018,0,1,0
山东省,青岛市,福建省,厦门市,2019,1,2,0
山东省,青岛市,福建省,厦门市,2020,2,4,3
山东省,青岛市,甘肃省,白银市,2018,4,0,0
山东省,青岛市,甘肃省,兰州市,2018,8,2,0
山东省,青岛市,甘肃省,兰州市,2019,17,1,0
山东省,青岛市,甘肃省,兰州市,2020,36,2,0
山东省,青岛市,甘肃省,陇南市,2019,1,0,0
山东省,青岛市,广东省,潮州市,2020,1,0,0
山东省,青岛市,广东省,东莞市,2018,2,9,0
山东省,青岛市,广东省,东莞市,2019,7,25,0
山东省,青岛市,广东省,东莞市,2020,4,9,0
山东省,青岛市,广东省,佛山市,2018,6,7,0
山东省,青岛市,广东省,佛山市,2019,21,11,0
山东省,青岛市,广东省,佛山市,2020,46,66,2
山东省,青岛市,广东省,广州市,2018,13,10,0
山东省,青岛市,广东省,广州市,2019,23,19,0
山东省,青岛市,广东省,广州市,2020,19,17,2
山东省,青岛市,广东省,惠州市,2018,0,1,0
山东省,青岛市,广东省,惠州市,2019,2,0,0
山东省,青岛市,广东省,江门市,2019,1,0,0
山东省,青岛市,广东省,江门市,2020,1,0,0
山东省,青岛市,广东省,深圳市,2018,14,35,0
山东省,青岛市,广东省,深圳市,2019,26,40,3
山东省,青岛市,广东省,深圳市,2020,32,24,7
山东省,青岛市,广东省,湛江市,2018,5,7,0
山东省,青岛市,广东省,湛江市,2019,4,3,0
山东省,青岛市,广东省,湛江市,2020,3,0,0
山东省,青岛市,广东省,中山市,2020,1,0,0
山东省,青岛市,广东省,珠海市,2019,9,0,0
山东省,青岛市,广东省,珠海市,2020,5,6,2
山东省,青岛市,广西壮族自治区,百色市,2019,3,0,0
山东省,青岛市,广西壮族自治区,北海市,2018,0,4,0
山东省,青岛市,广西壮族自治区,北海市,2019,1,0,0
山东省,青岛市,广西壮族自治区,桂林市,2018,1,0,0
山东省,青岛市,广西壮族自治区,桂林市,2020,0,3,0
山东省,青岛市,广西壮族自治区,南宁市,2018,1,1,0
山东省,青岛市,广西壮族自治区,南宁市,2019,3,1,0
山东省,青岛市,广西壮族自治区,南宁市,2020,2,0,0
山东省,青岛市,广西壮族自治区,玉林市,2019,0,1,0
山东省,青岛市,贵州省,毕节市,2018,1,1,0
山东省,青岛市,贵州省,贵阳市,2018,3,1,0
山东省,青岛市,贵州省,贵阳市,2019,1,3,0
山东省,青岛市,贵州省,贵阳市,2020,6,0,0
山东省,青岛市,贵州省,遵义市,2018,2,0,0
山东省,青岛市,贵州省,遵义市,2019,5,0,0
山东省,青岛市,贵州省,遵义市,2020,6,1,0
山东省,青岛市,海南省,海口市,2018,3,0,0
山东省,青岛市,海南省,海口市,2019,6,0,0
山东省,青岛市,海南省,海口市,2020,4,4,0
山东省,青岛市,海南省,三亚市,2018,3,0,0
山东省,青岛市,海南省,三亚市,2020,0,1,0
山东省,青岛市,海南省,省直辖县级行政区划,2019,1,0,0
山东省,青岛市,河北省,保定市,2018,3,0,0
山东省,青岛市,河北省,保定市,2019,4,2,0
山东省,青岛市,河北省,保定市,2020,3,0,0
山东省,青岛市,河北省,沧州市,2019,5,0,0
山东省,青岛市,河北省,沧州市,2020,3,0,0
山东省,青岛市,河北省,邯郸市,2019,3,3,1
山东省,青岛市,河北省,衡水市,2018,1,4,0
山东省,青岛市,河北省,衡水市,2019,0,3,0
山东省,青岛市,河北省,衡水市,2020,3,3,0
山东省,青岛市,河北省,廊坊市,2018,1,0,0
山东省,青岛市,河北省,廊坊市,2020,2,0,0
山东省,青岛市,河北省,秦皇岛市,2018,1,1,3
山东省,青岛市,河北省,秦皇岛市,2019,3,5,0
山东省,青岛市,河北省,秦皇岛市,2020,1,5,0
山东省,青岛市,河北省,石家庄市,2018,1,0,0
山东省,青岛市,河北省,石家庄市,2019,1,4,0
山东省,青岛市,河北省,石家庄市,2020,9,8,0
山东省,青岛市,河北省,唐山市,2018,6,3,0
山东省,青岛市,河北省,唐山市,2019,3,1,0
山东省,青岛市,河北省,唐山市,2020,5,2,1
山东省,青岛市,河北省,邢台市,2020,2,5,0
山东省,青岛市,河南省,安阳市,2020,1,0,0
山东省,青岛市,河南省,焦作市,2020,0,1,0
山东省,青岛市,河南省,开封市,2020,0,1,0
山东省,青岛市,河南省,洛阳市,2019,1,0,0
山东省,青岛市,河南省,洛阳市,2020,2,1,0
山东省,青岛市,河南省,南阳市,2020,1,0,0
山东省,青岛市,河南省,平顶山市,2018,0,1,0
山东省,青岛市,河南省,濮阳市,2018,4,0,0
山东省,青岛市,河南省,濮阳市,2019,9,0,0
山东省,青岛市,河南省,濮阳市,2020,6,0,0
山东省,青岛市,河南省,三门峡市,2019,1,0,0
山东省,青岛市,河南省,信阳市,2018,1,0,0
山东省,青岛市,河南省,许昌市,2019,1,0,0
山东省,青岛市,河南省,郑州市,2018,6,0,0
山东省,青岛市,河南省,郑州市,2019,1,1,0
山东省,青岛市,河南省,郑州市,2020,9,10,0
山东省,青岛市,黑龙江省,大庆市,2018,3,1,0
山东省,青岛市,黑龙江省,大庆市,2019,1,0,0
山东省,青岛市,黑龙江省,大庆市,2020,1,0,0
山东省,青岛市,黑龙江省,哈尔滨市,2018,8,6,0
山东省,青岛市,黑龙江省,哈尔滨市,2019,12,3,3
山东省,青岛市,黑龙江省,哈尔滨市,2020,11,4,0
山东省,青岛市,黑龙江省,绥化市,2020,0,2,0
山东省,青岛市,湖北省,荆州市,2018,4,0,0
山东省,青岛市,湖北省,荆州市,2019,3,1,0
山东省,青岛市,湖北省,荆州市,2020,2,1,0
山东省,青岛市,湖北省,武汉市,2018,12,6,0
山东省,青岛市,湖北省,武汉市,2019,11,5,0
山东省,青岛市,湖北省,武汉市,2020,16,13,0
山东省,青岛市,湖北省,襄阳市,2018,1,0,0
山东省,青岛市,湖南省,长沙市,2018,10,2,0
山东省,青岛市,湖南省,长沙市,2019,7,3,0
山东省,青岛市,湖南省,长沙市,2020,26,0,0
山东省,青岛市,湖南省,怀化市,2019,1,0,0
山东省,青岛市,湖南省,湘潭市,2020,2,0,0
山东省,青岛市,湖南省,岳阳市,2020,3,1,0
山东省,青岛市,湖南省,株洲市,2018,0,1,0
山东省,青岛市,湖南省,株洲市,2019,2,1,0
山东省,青岛市,湖南省,株洲市,2020,4,1,0
山东省,青岛市,吉林省,长春市,2018,12,12,0
山东省,青岛市,吉林省,长春市,2019,28,31,0
山东省,青岛市,吉林省,长春市,2020,29,39,7
山东省,青岛市,吉林省,吉林市,2018,1,0,0
山东省,青岛市,吉林省,松原市,2019,0,1,0
山东省,青岛市,江苏省,常州市,2018,3,0,0
山东省,青岛市,江苏省,常州市,2019,3,0,0
山东省,青岛市,江苏省,常州市,2020,7,1,0
山东省,青岛市,江苏省,淮安市,2018,1,1,0
山东省,青岛市,江苏省,连云港市,2018,1,3,0
山东省,青岛市,江苏省,连云港市,2019,3,1,0
山东省,青岛市,江苏省,连云港市,2020,3,0,0
山东省,青岛市,江苏省,南京市,2018,20,5,0
山东省,青岛市,江苏省,南京市,2019,35,2,0
山东省,青岛市,江苏省,南京市,2020,31,7,0
山东省,青岛市,江苏省,南通市,2018,5,2,0
山东省,青岛市,江苏省,南通市,2019,2,0,0
山东省,青岛市,江苏省,南通市,2020,1,1,0
山东省,青岛市,江苏省,苏州市,2018,8,7,0
山东省,青岛市,江苏省,苏州市,2019,3,13,1
山东省,青岛市,江苏省,苏州市,2020,7,8,3
山东省,青岛市,江苏省,宿迁市,2018,1,1,0
山东省,青岛市,江苏省,泰州市,2018,1,0,0
山东省,青岛市,江苏省,泰州市,2019,5,0,0
山东省,青岛市,江苏省,泰州市,2020,1,2,0
山东省,青岛市,江苏省,无锡市,2018,0,1,0
山东省,青岛市,江苏省,无锡市,2019,8,8,0
山东省,青岛市,江苏省,无锡市,2020,22,16,0
山东省,青岛市,江苏省,徐州市,2018,5,3,0
山东省,青岛市,江苏省,徐州市,2019,8,0,0
山东省,青岛市,江苏省,徐州市,2020,1,2,1
山东省,青岛市,江苏省,盐城市,2018,1,0,0
山东省,青岛市,江苏省,盐城市,2019,2,0,0
山东省,青岛市,江苏省,盐城市,2020,1,1,0
山东省,青岛市,江苏省,扬州市,2018,2,0,0
山东省,青岛市,江苏省,扬州市,2020,10,1,0
山东省,青岛市,江苏省,镇江市,2018,2,9,0
山东省,青岛市,江苏省,镇江市,2019,1,0,0
山东省,青岛市,江苏省,镇江市,2020,5,2,0
山东省,青岛市,江西省,抚州市,2019,0,1,0
山东省,青岛市,江西省,九江市,2020,1,1,0
山东省,青岛市,江西省,南昌市,2019,7,0,0
山东省,青岛市,江西省,南昌市,2020,3,0,0
山东省,青岛市,辽宁省,朝阳市,2018,0,1,0
山东省,青岛市,辽宁省,朝阳市,2019,0,1,0
山东省,青岛市,辽宁省,大连市,2018,7,19,0
山东省,青岛市,辽宁省,大连市,2019,4,3,0
山东省,青岛市,辽宁省,大连市,2020,14,17,0
山东省,青岛市,辽宁省,阜新市,2020,2,0,0
山东省,青岛市,辽宁省,葫芦岛市,2020,2,0,0
山东省,青岛市,辽宁省,辽阳市,2018,1,0,0
山东省,青岛市,辽宁省,沈阳市,2018,11,8,0
山东省,青岛市,辽宁省,沈阳市,2019,8,16,3
山东省,青岛市,辽宁省,沈阳市,2020,82,19,1
山东省,青岛市,辽宁省,营口市,2020,0,1,0
山东省,青岛市,内蒙古自治区,赤峰市,2018,0,1,0
山东省,青岛市,内蒙古自治区,鄂尔多斯市,2018,1,0,0
山东省,青岛市,内蒙古自治区,鄂尔多斯市,2019,1,1,0
山东省,青岛市,内蒙古自治区,鄂尔多斯市,2020,1,2,1
山东省,青岛市,内蒙古自治区,呼伦贝尔市,2019,0,1,0
山东省,青岛市,内蒙古自治区,呼伦贝尔市,2020,1,2,0
山东省,青岛市,内蒙古自治区,通辽市,2018,5,5,0
山东省,青岛市,内蒙古自治区,通辽市,2019,1,1,0
山东省,青岛市,内蒙古自治区,通辽市,2020,3,16,2
山东省,青岛市,内蒙古自治区,乌海市,2020,3,1,1
山东省,青岛市,宁夏回族自治区,银川市,2018,1,1,0
山东省,青岛市,宁夏回族自治区,银川市,2019,0,1,0
山东省,青岛市,宁夏回族自治区,银川市,2020,3,3,0
山东省,青岛市,宁夏回族自治区,中卫市,2018,4,4,0
山东省,青岛市,青海省,果洛藏族自治州,2020,2,2,0
山东省,青岛市,青海省,海西蒙古族藏族自治州,2018,1,1,0
山东省,青岛市,青海省,西宁市,2019,1,2,0
山东省,青岛市,青海省,西宁市,2020,2,2,0
山东省,青岛市,山东省,滨州市,2018,4,6,0
山东省,青岛市,山东省,滨州市,2019,10,0,0
山东省,青岛市,山东省,滨州市,2020,18,3,0
山东省,青岛市,山东省,德州市,2018,5,6,0
山东省,青岛市,山东省,德州市,2019,15,1,0
山东省,青岛市,山东省,德州市,2020,24,13,0
山东省,青岛市,山东省,东营市,2018,28,19,0
山东省,青岛市,山东省,东营市,2019,39,26,3
山东省,青岛市,山东省,东营市,2020,67,32,1
山东省,青岛市,山东省,菏泽市,2018,3,7,0
山东省,青岛市,山东省,菏泽市,2019,2,0,0
山东省,青岛市,山东省,菏泽市,2020,0,1,0
山东省,青岛市,山东省,济南市,2018,60,18,0
山东省,青岛市,山东省,济南市,2019,104,35,2
山东省,青岛市,山东省,济南市,2020,125,57,0
山东省,青岛市,山东省,济宁市,2018,7,6,0
山东省,青岛市,山东省,济宁市,2019,6,3,0
山东省,青岛市,山东省,济宁市,2020,19,34,0
山东省,青岛市,山东省,聊城市,2018,1,1,0
山东省,青岛市,山东省,聊城市,2019,2,3,0
山东省,青岛市,山东省,聊城市,2020,3,4,0
山东省,青岛市,山东省,临沂市,2018,4,3,0
山东省,青岛市,山东省,临沂市,2019,6,3,0
山东省,青岛市,山东省,临沂市,2020,2,9,0
山东省,青岛市,山东省,日照市,2018,4,0,0
山东省,青岛市,山东省,日照市,2019,3,3,1
山东省,青岛市,山东省,日照市,2020,32,13,23
山东省,青岛市,山东省,泰安市,2018,7,3,0
山东省,青岛市,山东省,泰安市,2019,23,1,0
山东省,青岛市,山东省,泰安市,2020,17,4,0
山东省,青岛市,山东省,威海市,2018,12,3,0
山东省,青岛市,山东省,威海市,2019,11,10,0
山东省,青岛市,山东省,威海市,2020,27,4,0
山东省,青岛市,山东省,潍坊市,2018,50,28,0
山东省,青岛市,山东省,潍坊市,2019,39,20,0
山东省,青岛市,山东省,潍坊市,2020,68,102,3
山东省,青岛市,山东省,烟台市,2018,24,16,0
山东省,青岛市,山东省,烟台市,2019,25,33,0
山东省,青岛市,山东省,烟台市,2020,38,39,0
山东省,青岛市,山东省,枣庄市,2018,5,2,0
山东省,青岛市,山东省,枣庄市,2019,1,0,0
山东省,青岛市,山东省,枣庄市,2020,1,1,0
山东省,青岛市,山东省,淄博市,2018,12,4,0
山东省,青岛市,山东省,淄博市,2019,7,8,0
山东省,青岛市,山东省,淄博市,2020,18,9,0
山东省,青岛市,山西省,长治市,2018,0,1,0
山东省,青岛市,山西省,长治市,2019,1,2,0
山东省,青岛市,山西省,长治市,2020,0,1,0
山东省,青岛市,山西省,大同市,2019,0,1,0
山东省,青岛市,山西省,太原市,2018,0,2,0
山东省,青岛市,山西省,太原市,2019,3,2,0
山东省,青岛市,山西省,太原市,2020,6,0,0
山东省,青岛市,山西省,忻州市,2019,2,2,0
山东省,青岛市,陕西省,安康市,2019,2,0,0
山东省,青岛市,陕西省,安康市,2020,1,0,0
山东省,青岛市,陕西省,宝鸡市,2018,1,12,0
山东省,青岛市,陕西省,宝鸡市,2019,2,1,0
山东省,青岛市,陕西省,宝鸡市,2020,1,0,0
山东省,青岛市,陕西省,汉中市,2020,1,0,0
山东省,青岛市,陕西省,商洛市,2020,1,0,0
山东省,青岛市,陕西省,西安市,2018,11,4,0
山东省,青岛市,陕西省,西安市,2019,25,15,0
山东省,青岛市,陕西省,西安市,2020,44,4,1
山东省,青岛市,陕西省,咸阳市,2019,0,2,0
山东省,青岛市,陕西省,咸阳市,2020,1,0,0
山东省,青岛市,陕西省,延安市,2019,3,0,0
山东省,青岛市,陕西省,延安市,2020,2,0,0
山东省,青岛市,陕西省,榆林市,2018,2,0,0
山东省,青岛市,陕西省,榆林市,2020,0,1,0
山东省,青岛市,上海市,上海市,2018,36,10,3
山东省,青岛市,上海市,上海市,2019,65,33,12
山东省,青岛市,上海市,上海市,2020,142,51,23
山东省,青岛市,四川省,成都市,2018,28,12,0
山东省,青岛市,四川省,成都市,2019,22,6,0
山东省,青岛市,四川省,成都市,2020,50,37,2
山东省,青岛市,四川省,德阳市,2018,1,1,0
山东省,青岛市,四川省,德阳市,2020,4,0,0
山东省,青岛市,四川省,广元市,2018,1,0,0
山东省,青岛市,四川省,广元市,2020,0,1,0
山东省,青岛市,四川省,乐山市,2020,1,0,0
山东省,青岛市,四川省,凉山彝族自治州,2018,2,0,0
山东省,青岛市,四川省,凉山彝族自治州,2019,7,0,0
山东省,青岛市,四川省,凉山彝族自治州,2020,8,0,0
山东省,青岛市,四川省,泸州市,2018,3,0,0
山东省,青岛市,四川省,绵阳市,2018,3,0,0
山东省,青岛市,四川省,绵阳市,2019,57,57,0
山东省,青岛市,四川省,绵阳市,2020,70,114,0
山东省,青岛市,四川省,攀枝花市,2020,0,1,0
山东省,青岛市,四川省,宜宾市,2018,1,0,0
山东省,青岛市,天津市,天津市,2018,66,76,0
山东省,青岛市,天津市,天津市,2019,77,75,0
山东省,青岛市,天津市,天津市,2020,126,111,1
山东省,青岛市,西藏自治区,拉萨市,2019,8,0,0
山东省,青岛市,西藏自治区,拉萨市,2020,13,8,0
山东省,青岛市,西藏自治区,山南市,2018,1,0,0
山东省,青岛市,新疆维吾尔自治区,喀什地区,2018,1,0,0
山东省,青岛市,新疆维吾尔自治区,喀什地区,2020,1,0,0
山东省,青岛市,新疆维吾尔自治区,克拉玛依市,2018,1,0,0
山东省,青岛市,新疆维吾尔自治区,克拉玛依市,2020,2,0,0
山东省,青岛市,新疆维吾尔自治区,吐鲁番市,2019,1,0,0
山东省,青岛市,新疆维吾尔自治区,乌鲁木齐市,2018,13,7,0
山东省,青岛市,新疆维吾尔自治区,乌鲁木齐市,2019,8,0,0
山东省,青岛市,新疆维吾尔自治区,乌鲁木齐市,2020,16,10,0
山东省,青岛市,新疆维吾尔自治区,伊犁哈萨克自治州,2019,4,9,0
山东省,青岛市,新疆维吾尔自治区,伊犁哈萨克自治州,2020,2,13,0
山东省,青岛市,云南省,保山市,2019,2,0,0
山东省,青岛市,云南省,保山市,2020,2,0,0
山东省,青岛市,云南省,大理白族自治州,2018,1,0,0
山东省,青岛市,云南省,大理白族自治州,2019,1,0,0
山东省,青岛市,云南省,红河哈尼族彝族自治州,2020,4,0,0
山东省,青岛市,云南省,昆明市,2018,0,1,0
山东省,青岛市,云南省,昆明市,2019,6,5,0
山东省,青岛市,云南省,昆明市,2020,6,0,0
山东省,青岛市,云南省,玉溪市,2020,1,0,0
山东省,青岛市,浙江省,杭州市,2018,12,7,0
山东省,青岛市,浙江省,杭州市,2019,19,10,0
山东省,青岛市,浙江省,杭州市,2020,34,4,0
山东省,青岛市,浙江省,湖州市,2019,1,4,0
山东省,青岛市,浙江省,嘉兴市,2019,4,1,0
山东省,青岛市,浙江省,金华市,2019,0,3,0
山东省,青岛市,浙江省,丽水市,2018,0,1,0
山东省,青岛市,浙江省,宁波市,2018,5,1,0
山东省,青岛市,浙江省,宁波市,2019,12,11,0
山东省,青岛市,浙江省,宁波市,2020,16,14,1
山东省,青岛市,浙江省,衢州市,2020,2,0,0
山东省,青岛市,浙江省,绍兴市,2018,0,7,0
山东省,青岛市,浙江省,绍兴市,2019,6,9,0
山东省,青岛市,浙江省,绍兴市,2020,2,4,0
山东省,青岛市,浙江省,台州市,2018,10,8,0
山东省,青岛市,浙江省,台州市,2019,0,1,0
山东省,青岛市,浙江省,台州市,2020,2,0,0
山东省,青岛市,浙江省,温州市,2018,1,0,0
山东省,青岛市,浙江省,温州市,2019,1,1,0
山东省,青岛市,浙江省,温州市,2020,0,7,1
山东省,青岛市,浙江省,舟山市,2018,2,0,0
山东省,青岛市,浙江省,舟山市,2019,2,0,0
山东省,青岛市,浙江省,舟山市,2020,1,0,0
山东省,青岛市,重庆市,重庆市,2018,12,5,0
山东省,青岛市,重庆市,重庆市,2019,21,30,0
山东省,青岛市,重庆市,重庆市,2020,50,30,0
山东省,日照市,北京市,北京市,2018,15,26,0
山东省,日照市,北京市,北京市,2019,10,10,0
山东省,日照市,北京市,北京市,2020,51,19,2
山东省,日照市,广东省,佛山市,2019,1,1,0
山东省,日照市,广东省,广州市,2019,2,0,0
山东省,日照市,广东省,广州市,2020,1,0,0
山东省,日照市,河北省,保定市,2020,2,0,0
山东省,日照市,河南省,南阳市,2020,1,0,0
山东省,日照市,江苏省,南京市,2019,2,0,0
山东省,日照市,江苏省,扬州市,2019,0,0,1
山东省,日照市,辽宁省,丹东市,2020,0,2,0
山东省,日照市,山东省,德州市,2019,4,1,0
山东省,日照市,山东省,临沂市,2019,5,2,0
山东省,日照市,山东省,临沂市,2020,4,2,0
山东省,日照市,上海市,上海市,2018,3,4,0
山东省,日照市,上海市,上海市,2019,9,0,0
山东省,日照市,上海市,上海市,2020,2,0,0
山东省,日照市,四川省,成都市,2018,2,0,0
山东省,日照市,四川省,成都市,2019,1,1,0
山东省,日照市,四川省,乐山市,2020,0,4,0
山东省,泰安市,安徽省,合肥市,2018,3,0,0
山东省,泰安市,安徽省,宣城市,2018,1,0,0
山东省,泰安市,北京市,北京市,2018,72,70,0
山东省,泰安市,北京市,北京市,2019,117,123,12
山东省,泰安市,北京市,北京市,2020,124,109,0
山东省,泰安市,甘肃省,天水市,2018,0,3,0
山东省,泰安市,广东省,佛山市,2018,6,6,3
山东省,泰安市,广东省,广州市,2018,0,2,0
山东省,泰安市,广东省,广州市,2019,0,5,12
山东省,泰安市,广东省,广州市,2020,1,1,0
山东省,泰安市,广东省,汕头市,2019,3,0,0
山东省,泰安市,广东省,汕头市,2020,2,0,0
山东省,泰安市,海南省,三亚市,2019,1,0,0
山东省,泰安市,河北省,保定市,2018,1,0,0
山东省,泰安市,河北省,廊坊市,2018,1,1,0
山东省,泰安市,河北省,廊坊市,2020,1,0,0
山东省,泰安市,河南省,新乡市,2018,1,1,0
山东省,泰安市,黑龙江省,哈尔滨市,2018,3,0,0
山东省,泰安市,湖北省,武汉市,2018,3,1,0
山东省,泰安市,湖北省,武汉市,2019,4,1,0
山东省,泰安市,湖北省,武汉市,2020,0,1,0
山东省,泰安市,江苏省,常州市,2018,1,0,0
山东省,泰安市,江苏省,南京市,2018,3,0,0
山东省,泰安市,江苏省,南京市,2020,10,1,0
山东省,泰安市,江苏省,宿迁市,2018,0,15,0
山东省,泰安市,江苏省,宿迁市,2020,1,0,0
山东省,泰安市,江苏省,无锡市,2019,7,0,0
山东省,泰安市,江苏省,无锡市,2020,5,0,0
山东省,泰安市,江苏省,徐州市,2018,4,0,0
山东省,泰安市,江苏省,徐州市,2019,2,2,0
山东省,泰安市,江苏省,徐州市,2020,1,0,0
山东省,泰安市,江苏省,扬州市,2019,1,0,0
山东省,泰安市,江西省,南昌市,2018,2,0,0
山东省,泰安市,辽宁省,沈阳市,2019,2,4,0
山东省,泰安市,内蒙古自治区,呼和浩特市,2019,0,1,0
山东省,泰安市,内蒙古自治区,呼和浩特市,2020,2,0,0
山东省,泰安市,山东省,德州市,2019,3,0,0
山东省,泰安市,山东省,东营市,2020,1,0,0
山东省,泰安市,山东省,临沂市,2018,3,0,0
山东省,泰安市,山东省,临沂市,2019,1,4,0
山东省,泰安市,山东省,临沂市,2020,5,0,0
山东省,泰安市,山东省,日照市,2018,0,1,0
山东省,泰安市,山东省,日照市,2019,0,1,0
山东省,泰安市,山东省,日照市,2020,4,0,0
山东省,泰安市,山东省,威海市,2020,1,3,0
山东省,泰安市,山东省,枣庄市,2018,1,0,0
山东省,泰安市,山东省,枣庄市,2020,0,1,0
山东省,泰安市,山西省,吕梁市,2020,2,0,0
山东省,泰安市,山西省,太原市,2020,1,0,0
山东省,泰安市,上海市,上海市,2018,11,1,0
山东省,泰安市,上海市,上海市,2019,4,5,0
山东省,泰安市,四川省,成都市,2018,2,1,0
山东省,泰安市,四川省,成都市,2019,1,3,12
山东省,泰安市,四川省,成都市,2020,1,2,0
山东省,泰安市,四川省,内江市,2020,0,1,0
山东省,泰安市,天津市,天津市,2018,2,5,0
山东省,泰安市,天津市,天津市,2019,0,5,0
山东省,泰安市,天津市,天津市,2020,0,1,0
山东省,泰安市,云南省,昆明市,2019,3,4,1
山东省,泰安市,云南省,昆明市,2020,1,1,0
山东省,泰安市,浙江省,宁波市,2018,1,0,0
山东省,威海市,安徽省,亳州市,2018,1,0,0
山东省,威海市,安徽省,合肥市,2018,16,5,0
山东省,威海市,北京市,北京市,2018,55,25,0
山东省,威海市,北京市,北京市,2019,60,20,0
山东省,威海市,北京市,北京市,2020,104,23,0
山东省,威海市,广东省,东莞市,2018,1,0,0
山东省,威海市,广东省,佛山市,2019,0,1,0
山东省,威海市,河北省,保定市,2018,0,3,0
山东省,威海市,河北省,保定市,2019,0,6,0
山东省,威海市,河北省,保定市,2020,1,18,0
山东省,威海市,黑龙江省,哈尔滨市,2018,2,4,0
山东省,威海市,黑龙江省,哈尔滨市,2019,6,3,1
山东省,威海市,黑龙江省,哈尔滨市,2020,5,2,0
山东省,威海市,江苏省,南京市,2019,3,0,0
山东省,威海市,江苏省,南京市,2020,4,5,0
山东省,威海市,辽宁省,大连市,2018,5,0,0
山东省,威海市,辽宁省,大连市,2019,4,1,0
山东省,威海市,辽宁省,大连市,2020,4,0,0
山东省,威海市,内蒙古自治区,包头市,2020,0,6,0
山东省,威海市,宁夏回族自治区,吴忠市,2019,0,1,0
山东省,威海市,山东省,临沂市,2020,1,0,0
山东省,威海市,山西省,太原市,2018,3,0,0
山东省,威海市,上海市,上海市,2018,3,1,0
山东省,威海市,上海市,上海市,2019,3,1,0
山东省,威海市,上海市,上海市,2020,9,3,0
山东省,威海市,天津市,天津市,2018,8,0,0
山东省,威海市,天津市,天津市,2019,3,2,0
山东省,威海市,天津市,天津市,2020,1,9,0
山东省,潍坊市,安徽省,亳州市,2020,0,1,0
山东省,潍坊市,安徽省,合肥市,2018,1,0,0
山东省,潍坊市,安徽省,合肥市,2019,1,2,0
山东省,潍坊市,北京市,北京市,2018,184,69,0
山东省,潍坊市,北京市,北京市,2019,205,50,0
山东省,潍坊市,北京市,北京市,2020,235,119,8
山东省,潍坊市,福建省,泉州市,2019,2,0,0
山东省,潍坊市,福建省,三明市,2020,1,0,0
山东省,潍坊市,福建省,厦门市,2019,1,0,0
山东省,潍坊市,福建省,厦门市,2020,1,0,0
山东省,潍坊市,福建省,漳州市,2019,2,0,0
山东省,潍坊市,广东省,东莞市,2019,2,0,0
山东省,潍坊市,广东省,佛山市,2018,0,1,0
山东省,潍坊市,广东省,佛山市,2019,1,0,0
山东省,潍坊市,广东省,佛山市,2020,0,1,0
山东省,潍坊市,广东省,广州市,2018,2,0,0
山东省,潍坊市,广东省,广州市,2019,4,14,0
山东省,潍坊市,广东省,广州市,2020,5,17,1
山东省,潍坊市,广东省,汕头市,2020,0,1,0
山东省,潍坊市,广东省,深圳市,2019,7,14,0
山东省,潍坊市,广东省,中山市,2020,1,0,0
山东省,潍坊市,广西壮族自治区,南宁市,2019,2,0,0
山东省,潍坊市,海南省,海口市,2020,2,4,0
山东省,潍坊市,河北省,保定市,2018,1,0,0
山东省,潍坊市,河北省,保定市,2020,2,0,0
山东省,潍坊市,河北省,沧州市,2018,0,10,0
山东省,潍坊市,河北省,沧州市,2019,1,0,0
山东省,潍坊市,河北省,沧州市,2020,0,1,0
山东省,潍坊市,河北省,廊坊市,2020,1,0,0
山东省,潍坊市,河北省,唐山市,2018,0,8,0
山东省,潍坊市,河北省,唐山市,2020,1,0,0
山东省,潍坊市,河南省,开封市,2020,2,0,0
山东省,潍坊市,河南省,南阳市,2019,1,1,0
山东省,潍坊市,黑龙江省,哈尔滨市,2018,0,1,0
山东省,潍坊市,黑龙江省,哈尔滨市,2020,1,0,0
山东省,潍坊市,湖北省,武汉市,2019,2,1,0
山东省,潍坊市,湖北省,武汉市,2020,4,0,0
山东省,潍坊市,湖南省,常德市,2020,3,0,0
山东省,潍坊市,吉林省,吉林市,2020,5,0,0
山东省,潍坊市,江苏省,常州市,2018,3,0,0
山东省,潍坊市,江苏省,常州市,2019,2,1,0
山东省,潍坊市,江苏省,南京市,2018,1,0,0
山东省,潍坊市,江苏省,南京市,2019,6,7,0
山东省,潍坊市,江苏省,南京市,2020,3,1,0
山东省,潍坊市,江苏省,南通市,2018,1,1,0
山东省,潍坊市,江苏省,泰州市,2018,1,0,0
山东省,潍坊市,江苏省,无锡市,2018,0,2,0
山东省,潍坊市,江苏省,无锡市,2019,2,0,0
山东省,潍坊市,江苏省,无锡市,2020,6,0,0
山东省,潍坊市,江苏省,徐州市,2018,2,0,0
山东省,潍坊市,江苏省,徐州市,2019,0,1,0
山东省,潍坊市,江苏省,扬州市,2018,0,2,0
山东省,潍坊市,江苏省,扬州市,2019,2,2,0
山东省,潍坊市,江苏省,扬州市,2020,3,7,0
山东省,潍坊市,江西省,景德镇市,2020,1,0,0
山东省,潍坊市,江西省,南昌市,2019,0,1,0
山东省,潍坊市,辽宁省,大连市,2019,4,1,0
山东省,潍坊市,辽宁省,大连市,2020,6,4,0
山东省,潍坊市,内蒙古自治区,呼和浩特市,2018,0,1,0
山东省,潍坊市,山东省,滨州市,2018,3,4,0
山东省,潍坊市,山东省,滨州市,2020,4,1,0
山东省,潍坊市,山东省,德州市,2019,1,0,0
山东省,潍坊市,山东省,东营市,2018,4,0,0
山东省,潍坊市,山东省,东营市,2019,20,0,0
山东省,潍坊市,山东省,东营市,2020,16,4,0
山东省,潍坊市,山东省,济南市,2018,39,13,0
山东省,潍坊市,山东省,济南市,2019,35,35,0
山东省,潍坊市,山东省,济南市,2020,33,24,0
山东省,潍坊市,山东省,济宁市,2019,1,0,0
山东省,潍坊市,山东省,济宁市,2020,1,2,0
山东省,潍坊市,山东省,临沂市,2018,0,3,0
山东省,潍坊市,山东省,临沂市,2019,1,0,0
山东省,潍坊市,山东省,日照市,2019,1,0,0
山东省,潍坊市,山东省,日照市,2020,8,5,0
山东省,潍坊市,山东省,泰安市,2018,7,2,0
山东省,潍坊市,山东省,泰安市,2019,7,4,0
山东省,潍坊市,山东省,泰安市,2020,7,2,0
山东省,潍坊市,山东省,威海市,2018,9,0,0
山东省,潍坊市,山东省,威海市,2020,0,6,0
山东省,潍坊市,山东省,淄博市,2018,7,2,0
山东省,潍坊市,山东省,淄博市,2019,7,18,0
山东省,潍坊市,山东省,淄博市,2020,12,2,0
山东省,潍坊市,山西省,太原市,2019,2,2,0
山东省,潍坊市,山西省,太原市,2020,2,3,0
山东省,潍坊市,山西省,忻州市,2020,1,0,0
山东省,潍坊市,陕西省,咸阳市,2020,1,0,0
山东省,潍坊市,陕西省,榆林市,2019,0,3,0
山东省,潍坊市,上海市,上海市,2018,7,1,0
山东省,潍坊市,上海市,上海市,2019,14,11,0
山东省,潍坊市,上海市,上海市,2020,7,6,0
山东省,潍坊市,四川省,成都市,2018,1,1,0
山东省,潍坊市,四川省,成都市,2019,2,2,0
山东省,潍坊市,四川省,成都市,2020,1,1,0
山东省,潍坊市,四川省,凉山彝族自治州,2020,1,0,0
山东省,潍坊市,四川省,泸州市,2019,1,2,0
山东省,潍坊市,四川省,泸州市,2020,0,1,0
山东省,潍坊市,天津市,天津市,2018,19,23,0
山东省,潍坊市,天津市,天津市,2019,5,2,0
山东省,潍坊市,天津市,天津市,2020,2,2,0
山东省,潍坊市,西藏自治区,拉萨市,2020,0,2,0
山东省,潍坊市,西藏自治区,日喀则市,2020,1,1,0
山东省,潍坊市,新疆维吾尔自治区,昌吉回族自治州,2020,1,1,0
山东省,潍坊市,云南省,昆明市,2019,0,4,0
山东省,潍坊市,云南省,昆明市,2020,2,1,0
山东省,潍坊市,浙江省,杭州市,2018,5,1,0
山东省,潍坊市,浙江省,杭州市,2019,11,0,0
山东省,潍坊市,浙江省,杭州市,2020,8,0,0
山东省,潍坊市,浙江省,嘉兴市,2019,5,1,0
山东省,潍坊市,浙江省,嘉兴市,2020,4,0,0
山东省,潍坊市,浙江省,宁波市,2019,5,5,0
山东省,潍坊市,浙江省,宁波市,2020,1,6,3
山东省,潍坊市,浙江省,台州市,2018,1,0,0
山东省,潍坊市,浙江省,温州市,2020,10,0,0
山东省,烟台市,安徽省,合肥市,2018,1,2,0
山东省,烟台市,安徽省,合肥市,2019,1,1,0
山东省,烟台市,安徽省,合肥市,2020,1,0,0
山东省,烟台市,安徽省,淮南市,2018,2,0,0
山东省,烟台市,安徽省,宿州市,2019,10,0,0
山东省,烟台市,北京市,北京市,2018,258,34,0
山东省,烟台市,北京市,北京市,2019,118,21,2
山东省,烟台市,北京市,北京市,2020,211,50,1
山东省,烟台市,福建省,厦门市,2018,1,0,0
山东省,烟台市,福建省,厦门市,2020,1,0,0
山东省,烟台市,甘肃省,兰州市,2019,3,0,0
山东省,烟台市,甘肃省,兰州市,2020,1,0,0
山东省,烟台市,广东省,东莞市,2020,3,1,1
山东省,烟台市,广东省,佛山市,2018,2,0,0
山东省,烟台市,广东省,广州市,2018,8,17,0
山东省,烟台市,广东省,广州市,2019,13,18,0
山东省,烟台市,广东省,广州市,2020,7,0,0
山东省,烟台市,广东省,惠州市,2020,2,2,0
山东省,烟台市,广东省,深圳市,2018,32,27,2
山东省,烟台市,广东省,深圳市,2019,22,17,3
山东省,烟台市,广东省,深圳市,2020,23,12,1
山东省,烟台市,广西壮族自治区,南宁市,2020,1,0,0
山东省,烟台市,海南省,海口市,2020,0,2,0
山东省,烟台市,河北省,保定市,2018,0,4,0
山东省,烟台市,河北省,保定市,2019,1,0,0
山东省,烟台市,河北省,保定市,2020,1,1,0
山东省,烟台市,河北省,沧州市,2019,9,4,0
山东省,烟台市,河北省,唐山市,2018,0,1,0
山东省,烟台市,河北省,唐山市,2019,0,1,0
山东省,烟台市,河南省,平顶山市,2020,0,1,0
山东省,烟台市,黑龙江省,哈尔滨市,2019,1,1,0
山东省,烟台市,黑龙江省,哈尔滨市,2020,4,0,0
山东省,烟台市,湖北省,武汉市,2018,4,0,0
山东省,烟台市,湖北省,武汉市,2019,3,6,0
山东省,烟台市,湖北省,武汉市,2020,10,7,0
山东省,烟台市,湖南省,湘潭市,2018,1,13,0
山东省,烟台市,湖南省,湘潭市,2019,9,17,0
山东省,烟台市,湖南省,湘潭市,2020,1,0,0
山东省,烟台市,湖南省,永州市,2020,1,0,0
山东省,烟台市,吉林省,吉林市,2019,1,1,0
山东省,烟台市,江苏省,常州市,2020,0,1,0
山东省,烟台市,江苏省,南京市,2018,10,0,0
山东省,烟台市,江苏省,南京市,2019,8,1,0
山东省,烟台市,江苏省,南京市,2020,6,1,0
山东省,烟台市,江苏省,南通市,2018,1,0,0
山东省,烟台市,江苏省,南通市,2020,2,0,0
山东省,烟台市,江苏省,泰州市,2020,1,1,0
山东省,烟台市,江苏省,无锡市,2018,3,0,0
山东省,烟台市,江苏省,无锡市,2019,1,0,0
山东省,烟台市,江苏省,徐州市,2018,1,0,0
山东省,烟台市,江苏省,徐州市,2020,0,1,0
山东省,烟台市,江西省,九江市,2020,2,2,0
山东省,烟台市,江西省,南昌市,2019,1,0,0
山东省,烟台市,江西省,南昌市,2020,1,0,0
山东省,烟台市,辽宁省,大连市,2018,12,0,0
山东省,烟台市,辽宁省,大连市,2019,3,0,0
山东省,烟台市,辽宁省,大连市,2020,9,7,0
山东省,烟台市,辽宁省,沈阳市,2018,1,0,0
山东省,烟台市,辽宁省,沈阳市,2019,5,0,0
山东省,烟台市,辽宁省,沈阳市,2020,5,0,0
山东省,烟台市,内蒙古自治区,呼和浩特市,2018,1,2,0
山东省,烟台市,内蒙古自治区,呼和浩特市,2019,2,0,0
山东省,烟台市,内蒙古自治区,呼和浩特市,2020,2,0,0
山东省,烟台市,内蒙古自治区,乌海市,2020,1,1,1
山东省,烟台市,山东省,滨州市,2018,4,10,0
山东省,烟台市,山东省,滨州市,2019,1,3,0
山东省,烟台市,山东省,滨州市,2020,0,1,0
山东省,烟台市,山东省,德州市,2018,1,0,0
山东省,烟台市,山东省,德州市,2019,1,1,0
山东省,烟台市,山东省,东营市,2018,13,4,0
山东省,烟台市,山东省,东营市,2019,18,4,0
山东省,烟台市,山东省,东营市,2020,10,16,0
山东省,烟台市,山东省,海阳市,2018,0,4,1
山东省,烟台市,山东省,海阳市,2019,0,5,0
山东省,烟台市,山东省,海阳市,2020,0,0,1
山东省,烟台市,山东省,济南市,2018,14,8,0
山东省,烟台市,山东省,济南市,2019,26,9,0
山东省,烟台市,山东省,济南市,2020,46,15,0
山东省,烟台市,山东省,济宁市,2019,1,1,0
山东省,烟台市,山东省,济宁市,2020,1,0,0
山东省,烟台市,山东省,临沂市,2019,0,2,0
山东省,烟台市,山东省,日照市,2018,0,1,0
山东省,烟台市,山东省,泰安市,2018,1,2,0
山东省,烟台市,山东省,泰安市,2019,3,1,0
山东省,烟台市,山东省,泰安市,2020,0,2,0
山东省,烟台市,山东省,威海市,2018,1,6,0
山东省,烟台市,山东省,威海市,2019,5,1,0
山东省,烟台市,山东省,威海市,2020,4,0,1
山东省,烟台市,山东省,潍坊市,2018,3,3,0
山东省,烟台市,山东省,潍坊市,2020,7,6,0
山东省,烟台市,山东省,枣庄市,2020,0,2,0
山东省,烟台市,山东省,淄博市,2018,10,1,0
山东省,烟台市,山东省,淄博市,2019,14,9,0
山东省,烟台市,山东省,淄博市,2020,4,3,0
山东省,烟台市,山西省,晋城市,2019,2,0,0
山东省,烟台市,山西省,晋中市,2018,1,0,0
山东省,烟台市,陕西省,渭南市,2020,0,1,0
山东省,烟台市,陕西省,榆林市,2018,0,1,0
山东省,烟台市,上海市,上海市,2018,88,24,0
山东省,烟台市,上海市,上海市,2019,57,25,0
山东省,烟台市,上海市,上海市,2020,48,20,0
山东省,烟台市,四川省,成都市,2019,0,2,0
山东省,烟台市,四川省,成都市,2020,1,3,0
山东省,烟台市,四川省,泸州市,2018,1,1,0
山东省,烟台市,四川省,南充市,2018,0,1,0
山东省,烟台市,四川省,宜宾市,2020,2,2,0
山东省,烟台市,天津市,天津市,2018,1,1,0
山东省,烟台市,天津市,天津市,2019,4,3,0
山东省,烟台市,天津市,天津市,2020,3,1,0
山东省,烟台市,西藏自治区,拉萨市,2018,1,1,0
山东省,烟台市,新疆维吾尔自治区,哈密市,2020,1,0,0
山东省,烟台市,新疆维吾尔自治区,乌鲁木齐市,2018,1,1,0
山东省,烟台市,新疆维吾尔自治区,乌鲁木齐市,2019,0,1,1
山东省,烟台市,云南省,昆明市,2020,0,2,0
山东省,烟台市,云南省,普洱市,2020,0,1,0
山东省,烟台市,浙江省,杭州市,2018,4,0,0
山东省,烟台市,浙江省,杭州市,2019,8,5,0
山东省,烟台市,浙江省,杭州市,2020,1,2,2
山东省,烟台市,浙江省,湖州市,2020,0,1,0
山东省,烟台市,浙江省,嘉兴市,2019,1,0,0
山东省,烟台市,浙江省,宁波市,2018,114,0,0
山东省,烟台市,浙江省,宁波市,2019,181,0,0
山东省,烟台市,浙江省,宁波市,2020,169,0,0
山东省,烟台市,浙江省,台州市,2018,1,0,0
山东省,烟台市,浙江省,台州市,2020,0,1,0
山东省,烟台市,浙江省,温州市,2020,2,0,0
山东省,枣庄市,北京市,北京市,2018,37,28,0
山东省,枣庄市,北京市,北京市,2019,48,24,0
山东省,枣庄市,北京市,北京市,2020,42,20,0
山东省,枣庄市,广东省,佛山市,2018,0,4,0
山东省,枣庄市,广东省,佛山市,2019,0,1,1
山东省,枣庄市,广东省,佛山市,2020,0,2,0
山东省,枣庄市,海南省,三亚市,2018,0,2,0
山东省,枣庄市,河北省,保定市,2020,1,1,0
山东省,枣庄市,吉林省,四平市,2018,1,1,0
山东省,枣庄市,江苏省,南京市,2018,1,0,0
山东省,枣庄市,江苏省,南京市,2019,5,1,0
山东省,枣庄市,江苏省,南京市,2020,7,1,0
山东省,枣庄市,江苏省,徐州市,2018,1,0,0
山东省,枣庄市,江苏省,徐州市,2019,3,1,0
山东省,枣庄市,江苏省,扬州市,2018,0,1,0
山东省,枣庄市,江苏省,扬州市,2020,0,1,0
山东省,枣庄市,辽宁省,大连市,2018,1,1,0
山东省,枣庄市,山东省,德州市,2018,1,1,0
山东省,枣庄市,山东省,德州市,2020,1,0,0
山东省,枣庄市,山东省,临沂市,2020,0,1,0
山东省,枣庄市,山西省,临汾市,2019,1,1,0
山东省,枣庄市,山西省,太原市,2019,1,0,0
山东省,枣庄市,陕西省,宝鸡市,2019,1,0,0
山东省,枣庄市,陕西省,咸阳市,2020,1,0,0
山东省,枣庄市,上海市,上海市,2018,4,0,0
山东省,枣庄市,上海市,上海市,2019,4,2,1
山东省,枣庄市,上海市,上海市,2020,6,3,0
山东省,枣庄市,四川省,成都市,2020,1,3,0
山东省,枣庄市,天津市,天津市,2018,0,1,0
山东省,枣庄市,天津市,天津市,2020,0,1,0
山东省,枣庄市,新疆维吾尔自治区,昌吉回族自治州,2018,1,1,0
山东省,枣庄市,新疆维吾尔自治区,伊犁哈萨克自治州,2018,1,1,0
山东省,枣庄市,云南省,昆明市,2018,1,0,0
山东省,枣庄市,云南省,昆明市,2019,1,0,0
山东省,枣庄市,浙江省,杭州市,2019,1,0,0
山东省,枣庄市,浙江省,杭州市,2020,1,0,0
山东省,淄博市,安徽省,合肥市,2019,2,1,0
山东省,淄博市,安徽省,合肥市,2020,1,1,0
山东省,淄博市,安徽省,六安市,2018,1,1,6
山东省,淄博市,安徽省,六安市,2019,1,9,3
山东省,淄博市,安徽省,六安市,2020,6,9,18
山东省,淄博市,北京市,北京市,2018,93,19,0
山东省,淄博市,北京市,北京市,2019,66,22,0
山东省,淄博市,北京市,北京市,2020,86,37,9
山东省,淄博市,福建省,厦门市,2018,4,0,0
山东省,淄博市,福建省,厦门市,2019,1,0,0
山东省,淄博市,福建省,厦门市,2020,1,0,0
山东省,淄博市,甘肃省,兰州市,2018,1,0,0
山东省,淄博市,广东省,佛山市,2018,5,3,0
山东省,淄博市,广东省,佛山市,2019,5,2,0
山东省,淄博市,广东省,佛山市,2020,11,3,0
山东省,淄博市,广东省,广州市,2018,0,1,0
山东省,淄博市,广东省,广州市,2019,8,14,1
山东省,淄博市,广东省,汕头市,2020,2,0,0
山东省,淄博市,广西壮族自治区,柳州市,2020,1,0,0
山东省,淄博市,广西壮族自治区,南宁市,2019,0,1,0
山东省,淄博市,河北省,保定市,2020,2,0,0
山东省,淄博市,河北省,沧州市,2018,6,0,0
山东省,淄博市,河北省,廊坊市,2018,0,1,0
山东省,淄博市,河北省,唐山市,2020,0,2,0
山东省,淄博市,河南省,洛阳市,2018,2,0,0
山东省,淄博市,河南省,洛阳市,2019,1,3,0
山东省,淄博市,河南省,洛阳市,2020,3,3,0
山东省,淄博市,河南省,南阳市,2018,1,1,0
山东省,淄博市,河南省,平顶山市,2020,1,0,0
山东省,淄博市,黑龙江省,哈尔滨市,2020,1,0,0
山东省,淄博市,湖北省,武汉市,2018,7,5,0
山东省,淄博市,湖北省,武汉市,2019,6,6,0
山东省,淄博市,湖北省,武汉市,2020,1,6,0
山东省,淄博市,江苏省,常州市,2018,3,0,0
山东省,淄博市,江苏省,常州市,2020,1,0,0
山东省,淄博市,江苏省,南京市,2018,10,3,0
山东省,淄博市,江苏省,南京市,2019,15,4,0
山东省,淄博市,江苏省,南京市,2020,4,1,0
山东省,淄博市,江苏省,南通市,2019,1,0,0
山东省,淄博市,江苏省,南通市,2020,1,0,0
山东省,淄博市,江苏省,无锡市,2019,5,4,0
山东省,淄博市,江苏省,无锡市,2020,3,8,0
山东省,淄博市,江西省,抚州市,2019,14,5,0
山东省,淄博市,江西省,抚州市,2020,1,1,0
山东省,淄博市,江西省,新余市,2018,3,2,0
山东省,淄博市,江西省,新余市,2019,1,0,0
山东省,淄博市,辽宁省,大连市,2019,5,0,0
山东省,淄博市,辽宁省,大连市,2020,23,0,0
山东省,淄博市,辽宁省,丹东市,2018,1,1,0
山东省,淄博市,辽宁省,沈阳市,2018,2,0,0
山东省,淄博市,辽宁省,沈阳市,2019,1,0,0
山东省,淄博市,内蒙古自治区,呼和浩特市,2019,2,0,0
山东省,淄博市,宁夏回族自治区,中卫市,2018,0,1,0
山东省,淄博市,山东省,德州市,2018,7,4,0
山东省,淄博市,山东省,德州市,2019,11,2,0
山东省,淄博市,山东省,德州市,2020,2,1,0
山东省,淄博市,山东省,东营市,2018,2,3,0
山东省,淄博市,山东省,东营市,2019,2,3,0
山东省,淄博市,山东省,东营市,2020,8,2,0
山东省,淄博市,山东省,济南市,2018,25,18,0
山东省,淄博市,山东省,济南市,2019,23,4,0
山东省,淄博市,山东省,济南市,2020,48,34,0
山东省,淄博市,山东省,济宁市,2019,1,0,0
山东省,淄博市,山东省,临沂市,2020,1,3,0
山东省,淄博市,山东省,日照市,2019,0,1,0
山东省,淄博市,山东省,日照市,2020,1,1,0
山东省,淄博市,山东省,泰安市,2018,2,2,0
山东省,淄博市,山东省,泰安市,2019,3,2,0
山东省,淄博市,山东省,威海市,2018,1,0,0
山东省,淄博市,山东省,威海市,2019,8,14,0
山东省,淄博市,山东省,威海市,2020,6,8,0
山东省,淄博市,山东省,枣庄市,2018,1,6,0
山东省,淄博市,山东省,枣庄市,2019,0,1,0
山东省,淄博市,山东省,枣庄市,2020,2,6,0
山东省,淄博市,山西省,大同市,2020,1,0,0
山东省,淄博市,山西省,朔州市,2020,0,1,0
山东省,淄博市,山西省,太原市,2019,1,0,0
山东省,淄博市,山西省,太原市,2020,2,0,0
山东省,淄博市,上海市,上海市,2018,8,19,2
山东省,淄博市,上海市,上海市,2019,9,13,1
山东省,淄博市,上海市,上海市,2020,17,15,16
山东省,淄博市,四川省,成都市,2018,1,0,0
山东省,淄博市,四川省,成都市,2020,2,2,0
山东省,淄博市,天津市,天津市,2018,3,3,0
山东省,淄博市,天津市,天津市,2019,1,2,0
山东省,淄博市,天津市,天津市,2020,5,7,0
山东省,淄博市,西藏自治区,拉萨市,2018,0,2,0
山东省,淄博市,云南省,昆明市,2019,1,0,0
山东省,淄博市,浙江省,杭州市,2018,6,0,0
山东省,淄博市,浙江省,杭州市,2019,3,2,0
山东省,淄博市,浙江省,杭州市,2020,12,0,0
山东省,淄博市,浙江省,嘉兴市,2019,1,0,0
山东省,淄博市,浙江省,宁波市,2019,2,0,0
山东省,淄博市,浙江省,台州市,2018,0,1,0
山西省,长治市,安徽省,合肥市,2020,3,0,0
山西省,长治市,安徽省,淮南市,2019,2,4,0
山西省,长治市,北京市,北京市,2018,25,62,0
山西省,长治市,北京市,北京市,2019,34,52,0
山西省,长治市,北京市,北京市,2020,8,12,0
山西省,长治市,福建省,宁德市,2019,0,1,0
山西省,长治市,福建省,厦门市,2018,5,0,0
山西省,长治市,福建省,厦门市,2019,1,4,0
山西省,长治市,广东省,东莞市,2019,2,0,0
山西省,长治市,广东省,深圳市,2018,0,1,0
山西省,长治市,广东省,深圳市,2019,3,2,0
山西省,长治市,河北省,邯郸市,2019,0,2,0
山西省,长治市,河北省,廊坊市,2018,0,2,0
山西省,长治市,河北省,廊坊市,2019,1,0,0
山西省,长治市,河北省,廊坊市,2020,5,0,0
山西省,长治市,河北省,秦皇岛市,2018,0,1,0
山西省,长治市,河南省,安阳市,2019,1,0,0
山西省,长治市,河南省,焦作市,2019,1,2,0
山西省,长治市,河南省,焦作市,2020,1,0,0
山西省,长治市,河南省,开封市,2018,1,0,0
山西省,长治市,河南省,洛阳市,2018,1,1,0
山西省,长治市,河南省,平顶山市,2019,1,0,0
山西省,长治市,河南省,平顶山市,2020,1,2,0
山西省,长治市,河南省,濮阳市,2019,1,5,0
山西省,长治市,河南省,新乡市,2019,1,0,0
山西省,长治市,河南省,郑州市,2018,2,0,0
山西省,长治市,河南省,郑州市,2019,7,6,0
山西省,长治市,河南省,郑州市,2020,1,6,0
山西省,长治市,黑龙江省,哈尔滨市,2018,1,0,0
山西省,长治市,黑龙江省,哈尔滨市,2020,0,2,0
山西省,长治市,湖北省,武汉市,2019,1,0,0
山西省,长治市,湖北省,武汉市,2020,3,3,0
山西省,长治市,湖南省,长沙市,2018,0,1,0
山西省,长治市,湖南省,湘潭市,2020,1,4,0
山西省,长治市,吉林省,长春市,2019,0,1,0
山西省,长治市,江苏省,常州市,2020,0,2,0
山西省,长治市,江苏省,南京市,2019,7,5,0
山西省,长治市,江苏省,南京市,2020,1,3,0
山西省,长治市,江苏省,苏州市,2019,0,1,0
山西省,长治市,江苏省,苏州市,2020,0,1,0
山西省,长治市,江苏省,泰州市,2020,0,2,0
山西省,长治市,江苏省,徐州市,2018,1,9,0
山西省,长治市,江苏省,徐州市,2019,1,6,0
山西省,长治市,江苏省,徐州市,2020,3,9,0
山西省,长治市,江西省,上饶市,2020,1,0,0
山西省,长治市,辽宁省,本溪市,2020,0,1,0
山西省,长治市,辽宁省,大连市,2019,6,3,0
山西省,长治市,辽宁省,大连市,2020,0,1,0
山西省,长治市,辽宁省,抚顺市,2018,0,2,0
山西省,长治市,辽宁省,抚顺市,2020,2,1,0
山西省,长治市,辽宁省,沈阳市,2018,1,2,0
山西省,长治市,辽宁省,沈阳市,2019,0,1,0
山西省,长治市,辽宁省,沈阳市,2020,1,3,0
山西省,长治市,内蒙古自治区,乌兰察布市,2020,0,1,0
山西省,长治市,山东省,济宁市,2019,0,1,0
山西省,长治市,山东省,济宁市,2020,0,1,0
山西省,长治市,山西省,大同市,2019,1,3,0
山西省,长治市,山西省,大同市,2020,0,6,0
山西省,长治市,山西省,晋城市,2019,0,1,0
山西省,长治市,山西省,晋中市,2018,1,1,0
山西省,长治市,山西省,晋中市,2020,1,2,0
山西省,长治市,山西省,临汾市,2020,0,2,0
山西省,长治市,山西省,太原市,2018,4,4,0
山西省,长治市,山西省,太原市,2019,18,16,0
山西省,长治市,山西省,太原市,2020,5,29,0
山西省,长治市,陕西省,西安市,2018,2,6,0
山西省,长治市,陕西省,西安市,2019,10,4,0
山西省,长治市,陕西省,西安市,2020,0,2,0
山西省,长治市,陕西省,榆林市,2019,1,1,0
山西省,长治市,上海市,上海市,2018,6,3,0
山西省,长治市,上海市,上海市,2019,6,2,0
山西省,长治市,上海市,上海市,2020,0,1,0
山西省,长治市,新疆维吾尔自治区,巴音郭楞蒙古自治州,2018,1,0,0
山西省,长治市,浙江省,杭州市,2018,2,0,0
山西省,长治市,浙江省,杭州市,2019,9,10,0
山西省,长治市,浙江省,嘉兴市,2020,0,1,0
山西省,长治市,浙江省,舟山市,2018,0,1,0
山西省,长治市,浙江省,舟山市,2019,0,1,0
山西省,长治市,重庆市,重庆市,2018,2,2,0
山西省,长治市,重庆市,重庆市,2020,2,7,0
山西省,大同市,北京市,北京市,2018,10,9,0
山西省,大同市,北京市,北京市,2019,10,1,0
山西省,大同市,北京市,北京市,2020,16,5,0
山西省,大同市,河北省,唐山市,2020,2,0,0
山西省,大同市,黑龙江省,哈尔滨市,2018,1,0,0
山西省,大同市,江苏省,南京市,2018,2,0,0
山西省,大同市,江苏省,南京市,2019,4,0,0
山西省,大同市,江苏省,南京市,2020,2,0,0
山西省,大同市,山西省,临汾市,2019,0,2,0
山西省,大同市,山西省,吕梁市,2019,2,0,0
山西省,大同市,山西省,吕梁市,2020,1,0,0
山西省,大同市,上海市,上海市,2018,3,0,0
山西省,大同市,上海市,上海市,2019,1,0,0
山西省,大同市,上海市,上海市,2020,0,1,0
山西省,大同市,新疆维吾尔自治区,克拉玛依市,2018,1,0,0
山西省,晋城市,北京市,北京市,2018,7,5,0
山西省,晋城市,北京市,北京市,2019,4,4,0
山西省,晋城市,北京市,北京市,2020,9,6,0
山西省,晋城市,广东省,广州市,2018,1,1,0
山西省,晋城市,河北省,保定市,2020,6,0,0
山西省,晋城市,江苏省,徐州市,2020,1,1,0
山西省,晋城市,辽宁省,抚顺市,2020,1,0,0
山西省,晋城市,山东省,德州市,2020,1,0,0
山西省,晋城市,山东省,东营市,2018,1,1,0
山西省,晋城市,山西省,晋中市,2018,0,3,0
山西省,晋城市,山西省,吕梁市,2018,0,2,0
山西省,晋城市,山西省,太原市,2018,3,7,0
山西省,晋城市,山西省,太原市,2019,1,6,0
山西省,晋城市,山西省,太原市,2020,2,4,0
山西省,晋城市,天津市,天津市,2020,6,11,0
山西省,晋城市,浙江省,宁波市,2019,0,1,0
山西省,晋中市,北京市,北京市,2018,12,8,0
山西省,晋中市,北京市,北京市,2019,15,2,0
山西省,晋中市,北京市,北京市,2020,22,15,0
山西省,晋中市,广东省,广州市,2018,4,0,0
山西省,晋中市,广东省,广州市,2020,0,1,0
山西省,晋中市,河北省,保定市,2020,0,1,0
山西省,晋中市,河北省,承德市,2020,1,0,0
山西省,晋中市,河北省,廊坊市,2020,0,3,0
山西省,晋中市,江苏省,南京市,2019,2,0,0
山西省,晋中市,江苏省,南通市,2019,1,0,0
山西省,晋中市,江苏省,无锡市,2019,4,3,0
山西省,晋中市,江苏省,无锡市,2020,2,0,0
山西省,晋中市,江苏省,扬州市,2019,0,4,0
山西省,晋中市,辽宁省,大连市,2020,0,1,0
山西省,晋中市,辽宁省,抚顺市,2020,1,0,0
山西省,晋中市,山西省,大同市,2020,0,2,0
山西省,晋中市,山西省,临汾市,2020,1,0,0
山西省,晋中市,山西省,吕梁市,2018,0,1,0
山西省,晋中市,山西省,吕梁市,2019,0,1,0
山西省,晋中市,山西省,吕梁市,2020,8,6,0
山西省,晋中市,山西省,太原市,2018,37,51,0
山西省,晋中市,山西省,太原市,2019,15,28,0
山西省,晋中市,山西省,太原市,2020,26,74,2
山西省,晋中市,山西省,忻州市,2020,5,0,0
山西省,晋中市,上海市,上海市,2018,2,2,0
山西省,晋中市,上海市,上海市,2019,2,0,0
山西省,晋中市,上海市,上海市,2020,4,6,0
山西省,晋中市,四川省,成都市,2018,4,4,0
山西省,晋中市,四川省,成都市,2019,2,3,0
山西省,晋中市,四川省,成都市,2020,1,1,0
山西省,晋中市,四川省,南充市,2018,0,6,1
山西省,晋中市,四川省,南充市,2019,3,0,0
山西省,晋中市,四川省,南充市,2020,11,0,0
山西省,晋中市,天津市,天津市,2018,5,2,0
山西省,晋中市,天津市,天津市,2020,1,0,0
山西省,临汾市,上海市,上海市,2020,1,1,0
山西省,吕梁市,北京市,北京市,2018,8,24,0
山西省,吕梁市,北京市,北京市,2019,11,9,0
山西省,吕梁市,北京市,北京市,2020,12,8,0
山西省,吕梁市,江苏省,南京市,2019,0,3,0
山西省,吕梁市,内蒙古自治区,包头市,2020,0,2,0
山西省,吕梁市,山西省,临汾市,2019,1,0,0
山西省,吕梁市,上海市,上海市,2018,3,0,0
山西省,吕梁市,上海市,上海市,2019,1,0,0
山西省,朔州市,北京市,北京市,2018,10,17,0
山西省,朔州市,北京市,北京市,2019,16,2,0
山西省,朔州市,北京市,北京市,2020,2,8,1
山西省,朔州市,江苏省,南京市,2018,1,0,0
山西省,朔州市,江苏省,南京市,2020,1,0,0
山西省,朔州市,江苏省,无锡市,2020,0,1,0
山西省,朔州市,辽宁省,抚顺市,2020,1,0,0
山西省,朔州市,内蒙古自治区,呼和浩特市,2018,1,0,0
山西省,朔州市,山西省,晋中市,2020,0,2,0
山西省,朔州市,山西省,太原市,2018,0,1,0
山西省,朔州市,山西省,太原市,2019,1,0,0
山西省,朔州市,山西省,太原市,2020,4,6,0
山西省,朔州市,上海市,上海市,2020,1,2,0
山西省,朔州市,四川省,成都市,2020,1,0,0
山西省,朔州市,天津市,天津市,2020,0,2,0
山西省,太原市,安徽省,合肥市,2019,5,0,0
山西省,太原市,安徽省,合肥市,2020,3,0,0
山西省,太原市,安徽省,六安市,2018,0,3,0
山西省,太原市,安徽省,六安市,2019,2,6,0
山西省,太原市,安徽省,六安市,2020,0,1,0
山西省,太原市,北京市,北京市,2018,171,81,0
山西省,太原市,北京市,北京市,2019,159,76,0
山西省,太原市,北京市,北京市,2020,219,95,1
山西省,太原市,福建省,厦门市,2020,5,1,0
山西省,太原市,甘肃省,嘉峪关市,2020,0,1,0
山西省,太原市,甘肃省,兰州市,2018,11,1,0
山西省,太原市,甘肃省,兰州市,2019,2,3,0
山西省,太原市,甘肃省,兰州市,2020,0,1,0
山西省,太原市,甘肃省,天水市,2018,1,0,0
山西省,太原市,广东省,东莞市,2018,1,0,0
山西省,太原市,广东省,东莞市,2019,2,1,0
山西省,太原市,广东省,东莞市,2020,0,3,0
山西省,太原市,广东省,佛山市,2020,0,1,1
山西省,太原市,海南省,儋州市（含洋浦）,2018,1,0,0
山西省,太原市,海南省,儋州市（含洋浦）,2020,2,0,0
山西省,太原市,海南省,三亚市,2018,1,0,0
山西省,太原市,河北省,保定市,2018,3,0,0
山西省,太原市,河北省,保定市,2019,2,3,0
山西省,太原市,河北省,保定市,2020,4,3,0
山西省,太原市,河北省,唐山市,2018,1,0,0
山西省,太原市,河北省,唐山市,2019,0,1,0
山西省,太原市,河南省,南阳市,2019,1,4,0
山西省,太原市,河南省,南阳市,2020,3,3,0
山西省,太原市,河南省,信阳市,2018,2,0,0
山西省,太原市,河南省,周口市,2019,2,2,0
山西省,太原市,河南省,周口市,2020,0,1,0
山西省,太原市,黑龙江省,哈尔滨市,2018,2,1,0
山西省,太原市,黑龙江省,哈尔滨市,2019,4,1,0
山西省,太原市,黑龙江省,哈尔滨市,2020,3,1,0
山西省,太原市,湖北省,十堰市,2020,4,2,0
山西省,太原市,吉林省,吉林市,2018,1,1,0
山西省,太原市,吉林省,吉林市,2019,2,0,0
山西省,太原市,吉林省,吉林市,2020,2,0,0
山西省,太原市,江苏省,南京市,2018,22,28,0
山西省,太原市,江苏省,南京市,2019,21,12,0
山西省,太原市,江苏省,南京市,2020,22,20,0
山西省,太原市,江苏省,南通市,2018,0,4,0
山西省,太原市,江苏省,南通市,2019,3,2,0
山西省,太原市,江苏省,南通市,2020,16,3,0
山西省,太原市,江西省,南昌市,2018,15,10,0
山西省,太原市,江西省,南昌市,2019,3,0,0
山西省,太原市,江西省,南昌市,2020,0,1,0
山西省,太原市,辽宁省,大连市,2018,1,0,0
山西省,太原市,辽宁省,大连市,2019,1,2,0
山西省,太原市,辽宁省,大连市,2020,2,1,0
山西省,太原市,内蒙古自治区,呼和浩特市,2018,16,0,0
山西省,太原市,内蒙古自治区,呼和浩特市,2019,2,0,0
山西省,太原市,内蒙古自治区,呼和浩特市,2020,5,12,0
山西省,太原市,内蒙古自治区,乌海市,2020,1,0,0
山西省,太原市,内蒙古自治区,乌兰察布市,2019,0,1,0
山西省,太原市,山西省,大同市,2018,3,4,0
山西省,太原市,山西省,大同市,2019,7,3,0
山西省,太原市,山西省,大同市,2020,5,4,0
山西省,太原市,山西省,临汾市,2018,2,5,0
山西省,太原市,山西省,临汾市,2019,7,4,0
山西省,太原市,山西省,临汾市,2020,6,8,0
山西省,太原市,山西省,吕梁市,2018,3,3,0
山西省,太原市,山西省,吕梁市,2019,12,18,0
山西省,太原市,山西省,吕梁市,2020,7,14,0
山西省,太原市,陕西省,咸阳市,2018,1,0,0
山西省,太原市,陕西省,咸阳市,2019,1,0,0
山西省,太原市,上海市,上海市,2018,11,6,0
山西省,太原市,上海市,上海市,2019,71,14,0
山西省,太原市,上海市,上海市,2020,32,17,0
山西省,太原市,天津市,天津市,2018,14,49,0
山西省,太原市,天津市,天津市,2019,16,58,0
山西省,太原市,天津市,天津市,2020,24,72,0
山西省,太原市,新疆维吾尔自治区,克拉玛依市,2018,1,0,0
山西省,太原市,新疆维吾尔自治区,塔城地区,2020,8,0,0
山西省,太原市,新疆维吾尔自治区,乌鲁木齐市,2018,2,2,0
山西省,太原市,新疆维吾尔自治区,乌鲁木齐市,2020,2,0,0
山西省,太原市,浙江省,嘉兴市,2020,3,0,0
山西省,太原市,浙江省,台州市,2018,1,0,0
山西省,太原市,浙江省,台州市,2019,0,2,0
山西省,忻州市,北京市,北京市,2018,5,17,0
山西省,忻州市,北京市,北京市,2019,4,30,0
山西省,忻州市,北京市,北京市,2020,12,19,0
山西省,忻州市,河北省,唐山市,2020,1,5,0
山西省,忻州市,山西省,太原市,2018,1,2,0
山西省,忻州市,山西省,太原市,2019,3,15,0
山西省,忻州市,山西省,太原市,2020,7,13,0
山西省,阳泉市,安徽省,合肥市,2018,2,0,0
山西省,阳泉市,安徽省,合肥市,2019,0,1,0
山西省,阳泉市,安徽省,合肥市,2020,3,6,0
山西省,阳泉市,北京市,北京市,2018,17,5,0
山西省,阳泉市,北京市,北京市,2019,11,8,0
山西省,阳泉市,北京市,北京市,2020,12,1,0
山西省,阳泉市,福建省,厦门市,2020,0,1,0
山西省,阳泉市,广东省,深圳市,2020,0,1,0
山西省,阳泉市,河北省,石家庄市,2020,1,2,0
山西省,阳泉市,河南省,平顶山市,2019,2,0,0
山西省,阳泉市,河南省,平顶山市,2020,1,5,0
山西省,阳泉市,湖北省,武汉市,2018,1,1,0
山西省,阳泉市,湖北省,武汉市,2020,2,0,0
山西省,阳泉市,吉林省,四平市,2018,0,1,0
山西省,阳泉市,江苏省,南京市,2018,5,0,0
山西省,阳泉市,江苏省,徐州市,2019,1,1,0
山西省,阳泉市,江苏省,徐州市,2020,0,3,0
山西省,阳泉市,江西省,萍乡市,2020,0,1,0
山西省,阳泉市,辽宁省,大连市,2018,0,1,0
山西省,阳泉市,辽宁省,大连市,2020,0,1,0
山西省,阳泉市,辽宁省,阜新市,2019,1,0,0
山西省,阳泉市,辽宁省,锦州市,2018,0,2,0
山西省,阳泉市,辽宁省,沈阳市,2019,0,1,0
山西省,阳泉市,山东省,德州市,2018,0,1,0
山西省,阳泉市,山东省,泰安市,2019,1,1,0
山西省,阳泉市,山西省,长治市,2019,0,3,0
山西省,阳泉市,山西省,晋中市,2020,0,1,0
山西省,阳泉市,山西省,吕梁市,2020,1,0,0
山西省,阳泉市,山西省,太原市,2018,0,1,0
山西省,阳泉市,山西省,太原市,2019,11,4,0
山西省,阳泉市,山西省,太原市,2020,14,7,0
山西省,阳泉市,山西省,运城市,2018,1,0,0
山西省,阳泉市,陕西省,西安市,2018,2,0,0
山西省,阳泉市,陕西省,西安市,2020,0,1,0
山西省,阳泉市,上海市,上海市,2018,2,0,0
山西省,阳泉市,上海市,上海市,2019,1,0,0
山西省,阳泉市,上海市,上海市,2020,1,0,0
山西省,阳泉市,四川省,内江市,2018,0,1,0
山西省,阳泉市,天津市,天津市,2018,2,0,0
山西省,阳泉市,天津市,天津市,2019,1,0,0
山西省,阳泉市,新疆维吾尔自治区,乌鲁木齐市,2018,1,0,0
山西省,阳泉市,浙江省,杭州市,2020,2,0,0
山西省,运城市,北京市,北京市,2018,7,1,0
山西省,运城市,北京市,北京市,2019,5,3,0
山西省,运城市,北京市,北京市,2020,7,0,0
山西省,运城市,广东省,深圳市,2019,1,0,0
山西省,运城市,贵州省,贵阳市,2019,2,0,0
山西省,运城市,河北省,廊坊市,2019,2,6,0
山西省,运城市,河北省,石家庄市,2020,1,0,0
山西省,运城市,河南省,安阳市,2018,1,0,0
山西省,运城市,河南省,焦作市,2019,3,0,0
山西省,运城市,河南省,平顶山市,2020,1,0,0
山西省,运城市,河南省,新乡市,2020,1,1,0
山西省,运城市,河南省,许昌市,2020,1,0,0
山西省,运城市,湖北省,武汉市,2019,2,0,0
山西省,运城市,湖北省,武汉市,2020,2,0,0
山西省,运城市,湖北省,宜昌市,2020,0,2,0
山西省,运城市,江苏省,南京市,2018,1,0,0
山西省,运城市,江苏省,苏州市,2018,2,0,0
山西省,运城市,内蒙古自治区,呼和浩特市,2018,14,0,0
山西省,运城市,内蒙古自治区,呼和浩特市,2019,2,0,0
山西省,运城市,内蒙古自治区,呼和浩特市,2020,4,12,0
山西省,运城市,山东省,潍坊市,2019,1,0,0
山西省,运城市,山东省,烟台市,2019,0,2,0
山西省,运城市,山西省,大同市,2020,1,0,0
山西省,运城市,山西省,晋中市,2020,3,0,0
山西省,运城市,山西省,太原市,2018,16,4,0
山西省,运城市,山西省,太原市,2019,18,3,0
山西省,运城市,山西省,太原市,2020,7,16,0
山西省,运城市,陕西省,西安市,2018,3,1,0
山西省,运城市,陕西省,西安市,2019,0,1,0
山西省,运城市,陕西省,西安市,2020,1,1,0
山西省,运城市,陕西省,咸阳市,2018,0,1,0
山西省,运城市,陕西省,咸阳市,2020,0,1,0
山西省,运城市,上海市,上海市,2019,1,0,0
山西省,运城市,四川省,成都市,2020,1,0,0
山西省,运城市,浙江省,宁波市,2020,1,1,0
陕西省,安康市,安徽省,合肥市,2020,0,1,0
陕西省,安康市,北京市,北京市,2018,4,2,0
陕西省,安康市,北京市,北京市,2019,5,5,0
陕西省,安康市,北京市,北京市,2020,3,4,0
陕西省,安康市,吉林省,四平市,2018,0,2,0
陕西省,安康市,江苏省,南京市,2020,1,0,0
陕西省,安康市,辽宁省,大连市,2018,8,1,0
陕西省,安康市,辽宁省,大连市,2019,4,0,0
陕西省,安康市,辽宁省,大连市,2020,4,0,0
陕西省,安康市,陕西省,咸阳市,2019,2,0,0
陕西省,安康市,上海市,上海市,2019,2,0,0
陕西省,安康市,上海市,上海市,2020,1,0,0
陕西省,宝鸡市,北京市,北京市,2018,36,25,0
陕西省,宝鸡市,北京市,北京市,2019,31,40,2
陕西省,宝鸡市,北京市,北京市,2020,139,62,2
陕西省,宝鸡市,甘肃省,兰州市,2018,0,2,0
陕西省,宝鸡市,甘肃省,兰州市,2019,0,1,0
陕西省,宝鸡市,甘肃省,天水市,2018,1,1,0
陕西省,宝鸡市,甘肃省,天水市,2020,1,0,0
陕西省,宝鸡市,广东省,东莞市,2020,0,1,0
陕西省,宝鸡市,河北省,保定市,2018,12,24,0
陕西省,宝鸡市,河北省,保定市,2019,10,11,0
陕西省,宝鸡市,江苏省,南京市,2019,1,1,0
陕西省,宝鸡市,江苏省,南京市,2020,10,6,0
陕西省,宝鸡市,江西省,南昌市,2020,1,1,0
陕西省,宝鸡市,辽宁省,大连市,2019,0,2,0
陕西省,宝鸡市,内蒙古自治区,呼和浩特市,2020,1,1,0
陕西省,宝鸡市,宁夏回族自治区,固原市,2020,1,0,0
陕西省,宝鸡市,山西省,大同市,2019,1,1,0
陕西省,宝鸡市,陕西省,咸阳市,2019,0,1,0
陕西省,宝鸡市,陕西省,咸阳市,2020,5,0,0
陕西省,宝鸡市,上海市,上海市,2018,4,0,0
陕西省,宝鸡市,上海市,上海市,2019,1,0,0
陕西省,宝鸡市,上海市,上海市,2020,3,27,0
陕西省,宝鸡市,四川省,乐山市,2019,1,0,0
陕西省,宝鸡市,天津市,天津市,2018,3,4,0
陕西省,宝鸡市,天津市,天津市,2019,1,4,0
陕西省,宝鸡市,天津市,天津市,2020,2,1,0
陕西省,宝鸡市,新疆维吾尔自治区,克拉玛依市,2020,0,1,0
陕西省,宝鸡市,新疆维吾尔自治区,乌鲁木齐市,2020,1,0,0
陕西省,汉中市,北京市,北京市,2018,8,2,3
陕西省,汉中市,北京市,北京市,2019,6,1,0
陕西省,汉中市,北京市,北京市,2020,6,1,0
陕西省,汉中市,福建省,厦门市,2019,2,0,0
陕西省,汉中市,广东省,惠州市,2020,8,14,0
陕西省,汉中市,河北省,保定市,2019,1,1,0
陕西省,汉中市,河北省,保定市,2020,0,1,0
陕西省,汉中市,湖北省,武汉市,2018,0,1,0
陕西省,汉中市,湖南省,株洲市,2020,0,14,0
陕西省,汉中市,山西省,吕梁市,2018,1,0,0
陕西省,汉中市,山西省,太原市,2018,1,0,0
陕西省,汉中市,山西省,太原市,2019,1,0,0
陕西省,汉中市,陕西省,宝鸡市,2020,1,0,0
陕西省,汉中市,陕西省,商洛市,2019,0,1,0
陕西省,汉中市,陕西省,咸阳市,2018,2,1,0
陕西省,汉中市,陕西省,咸阳市,2019,1,0,0
陕西省,汉中市,陕西省,榆林市,2019,1,0,0
陕西省,汉中市,陕西省,榆林市,2020,1,0,0
陕西省,汉中市,上海市,上海市,2020,1,1,0
陕西省,汉中市,四川省,成都市,2018,1,1,0
陕西省,汉中市,四川省,成都市,2020,0,1,0
陕西省,汉中市,新疆维吾尔自治区,乌鲁木齐市,2020,0,1,0
陕西省,汉中市,云南省,昆明市,2019,0,1,0
陕西省,汉中市,云南省,昆明市,2020,1,1,0
陕西省,汉中市,云南省,文山壮族苗族自治州,2018,1,1,0
陕西省,汉中市,浙江省,杭州市,2019,1,0,0
陕西省,商洛市,北京市,北京市,2018,2,0,0
陕西省,商洛市,北京市,北京市,2019,2,2,0
陕西省,商洛市,北京市,北京市,2020,1,1,1
陕西省,铜川市,北京市,北京市,2018,3,0,0
陕西省,铜川市,北京市,北京市,2019,4,1,0
陕西省,铜川市,北京市,北京市,2020,8,4,0
陕西省,铜川市,福建省,泉州市,2019,1,0,0
陕西省,铜川市,福建省,泉州市,2020,2,0,0
陕西省,铜川市,广东省,广州市,2020,1,1,0
陕西省,铜川市,河北省,保定市,2018,1,0,0
陕西省,铜川市,河北省,保定市,2019,2,0,0
陕西省,铜川市,河南省,焦作市,2020,1,1,0
陕西省,铜川市,湖北省,武汉市,2020,1,0,0
陕西省,铜川市,江苏省,南京市,2019,1,0,0
陕西省,铜川市,江苏省,苏州市,2018,1,0,0
陕西省,铜川市,江苏省,徐州市,2020,0,2,0
陕西省,铜川市,陕西省,西安市,2018,1,16,0
陕西省,铜川市,陕西省,西安市,2019,8,7,0
陕西省,铜川市,陕西省,西安市,2020,12,13,3
陕西省,铜川市,陕西省,咸阳市,2018,2,0,0
陕西省,铜川市,陕西省,延安市,2020,1,0,0
陕西省,铜川市,四川省,自贡市,2020,1,1,0
陕西省,铜川市,云南省,昆明市,2020,1,1,0
陕西省,铜川市,浙江省,杭州市,2018,1,0,0
陕西省,铜川市,浙江省,杭州市,2019,1,0,0
陕西省,渭南市,北京市,北京市,2018,8,7,0
陕西省,渭南市,北京市,北京市,2019,8,10,0
陕西省,渭南市,北京市,北京市,2020,8,5,0
陕西省,渭南市,河南省,南阳市,2018,0,5,0
陕西省,渭南市,河南省,三门峡市,2018,1,0,0
陕西省,渭南市,湖北省,武汉市,2020,1,0,0
陕西省,渭南市,江苏省,南京市,2019,0,1,0
陕西省,渭南市,江苏省,南京市,2020,1,0,0
陕西省,渭南市,江苏省,无锡市,2020,1,0,0
陕西省,渭南市,江苏省,徐州市,2018,1,1,0
陕西省,渭南市,江苏省,徐州市,2020,2,1,0
陕西省,渭南市,辽宁省,沈阳市,2020,1,0,0
陕西省,渭南市,山东省,济南市,2018,2,0,0
陕西省,渭南市,山东省,济宁市,2019,0,2,0
陕西省,渭南市,山东省,临沂市,2019,1,0,0
陕西省,渭南市,山东省,日照市,2018,0,1,0
陕西省,渭南市,山西省,临汾市,2019,0,1,0
陕西省,渭南市,山西省,太原市,2018,1,0,0
陕西省,渭南市,陕西省,宝鸡市,2018,1,1,0
陕西省,渭南市,陕西省,宝鸡市,2019,0,1,0
陕西省,渭南市,陕西省,宝鸡市,2020,2,1,0
陕西省,渭南市,陕西省,汉中市,2019,1,0,0
陕西省,渭南市,陕西省,咸阳市,2018,0,1,0
陕西省,渭南市,陕西省,咸阳市,2019,5,1,0
陕西省,渭南市,陕西省,咸阳市,2020,4,1,0
陕西省,渭南市,陕西省,延安市,2019,0,4,0
陕西省,渭南市,陕西省,榆林市,2019,1,1,0
陕西省,渭南市,陕西省,榆林市,2020,1,3,0
陕西省,渭南市,天津市,天津市,2020,0,1,0
陕西省,渭南市,浙江省,杭州市,2020,11,0,0
陕西省,西安市,安徽省,安庆市,2019,2,0,0
陕西省,西安市,安徽省,安庆市,2020,0,1,0
陕西省,西安市,安徽省,滁州市,2018,0,1,0
陕西省,西安市,安徽省,合肥市,2018,37,7,0
陕西省,西安市,安徽省,合肥市,2019,27,5,0
陕西省,西安市,安徽省,合肥市,2020,44,22,2
陕西省,西安市,安徽省,淮北市,2019,4,3,0
陕西省,西安市,安徽省,淮南市,2018,1,0,0
陕西省,西安市,安徽省,淮南市,2019,2,0,0
陕西省,西安市,安徽省,淮南市,2020,3,0,0
陕西省,西安市,安徽省,六安市,2018,2,1,0
陕西省,西安市,安徽省,宿州市,2020,1,3,0
陕西省,西安市,安徽省,芜湖市,2018,1,0,0
陕西省,西安市,安徽省,芜湖市,2019,1,0,0
陕西省,西安市,安徽省,芜湖市,2020,11,2,0
陕西省,西安市,安徽省,宣城市,2020,4,2,0
陕西省,西安市,北京市,北京市,2018,686,241,1
陕西省,西安市,北京市,北京市,2019,788,308,2
陕西省,西安市,北京市,北京市,2020,1053,439,2
陕西省,西安市,福建省,福州市,2018,8,3,0
陕西省,西安市,福建省,福州市,2019,10,5,0
陕西省,西安市,福建省,福州市,2020,2,3,0
陕西省,西安市,福建省,宁德市,2020,1,1,0
陕西省,西安市,福建省,泉州市,2018,1,3,0
陕西省,西安市,福建省,泉州市,2019,5,5,0
陕西省,西安市,福建省,泉州市,2020,9,10,0
陕西省,西安市,福建省,三明市,2019,0,3,0
陕西省,西安市,福建省,三明市,2020,0,3,0
陕西省,西安市,福建省,厦门市,2018,21,9,0
陕西省,西安市,福建省,厦门市,2019,19,16,0
陕西省,西安市,福建省,厦门市,2020,12,12,0
陕西省,西安市,福建省,漳州市,2020,0,1,1
陕西省,西安市,甘肃省,定西市,2018,1,2,0
陕西省,西安市,甘肃省,定西市,2019,1,0,0
陕西省,西安市,甘肃省,定西市,2020,1,4,0
陕西省,西安市,甘肃省,兰州市,2018,9,10,0
陕西省,西安市,甘肃省,兰州市,2019,28,24,0
陕西省,西安市,甘肃省,兰州市,2020,18,20,0
陕西省,西安市,甘肃省,平凉市,2019,1,0,0
陕西省,西安市,甘肃省,平凉市,2020,2,4,0
陕西省,西安市,甘肃省,庆阳市,2018,0,1,0
陕西省,西安市,甘肃省,庆阳市,2020,3,7,0
陕西省,西安市,甘肃省,天水市,2018,2,1,0
陕西省,西安市,甘肃省,天水市,2019,4,0,0
陕西省,西安市,甘肃省,天水市,2020,1,0,0
陕西省,西安市,甘肃省,武威市,2020,0,2,0
陕西省,西安市,广东省,东莞市,2018,4,8,0
陕西省,西安市,广东省,东莞市,2019,10,7,3
陕西省,西安市,广东省,东莞市,2020,24,7,0
陕西省,西安市,广东省,佛山市,2018,20,2,0
陕西省,西安市,广东省,佛山市,2019,7,1,1
陕西省,西安市,广东省,佛山市,2020,10,3,3
陕西省,西安市,广东省,广州市,2018,36,12,0
陕西省,西安市,广东省,广州市,2019,48,32,4
陕西省,西安市,广东省,广州市,2020,76,39,4
陕西省,西安市,广东省,惠州市,2018,20,12,0
陕西省,西安市,广东省,惠州市,2019,16,6,0
陕西省,西安市,广东省,惠州市,2020,14,9,0
陕西省,西安市,广东省,江门市,2018,2,1,0
陕西省,西安市,广东省,茂名市,2020,2,1,0
陕西省,西安市,广东省,梅州市,2018,1,0,0
陕西省,西安市,广东省,梅州市,2020,0,5,0
陕西省,西安市,广东省,清远市,2018,1,2,0
陕西省,西安市,广东省,清远市,2020,3,3,0
陕西省,西安市,广东省,汕头市,2018,2,2,0
陕西省,西安市,广东省,汕头市,2019,0,1,0
陕西省,西安市,广东省,汕头市,2020,1,6,0
陕西省,西安市,广东省,汕尾市,2019,0,1,0
陕西省,西安市,广东省,深圳市,2018,119,103,1
陕西省,西安市,广东省,深圳市,2019,131,104,6
陕西省,西安市,广东省,深圳市,2020,163,118,5
陕西省,西安市,广东省,湛江市,2020,3,2,0
陕西省,西安市,广东省,肇庆市,2019,2,1,0
陕西省,西安市,广东省,肇庆市,2020,4,0,0
陕西省,西安市,广东省,中山市,2018,2,2,0
陕西省,西安市,广东省,中山市,2020,1,0,0
陕西省,西安市,广东省,珠海市,2018,9,2,0
陕西省,西安市,广东省,珠海市,2019,9,17,0
陕西省,西安市,广东省,珠海市,2020,5,8,0
陕西省,西安市,广西壮族自治区,百色市,2019,1,0,0
陕西省,西安市,广西壮族自治区,百色市,2020,2,1,0
陕西省,西安市,广西壮族自治区,桂林市,2018,1,3,0
陕西省,西安市,广西壮族自治区,桂林市,2020,1,0,0
陕西省,西安市,广西壮族自治区,柳州市,2019,1,0,0
陕西省,西安市,广西壮族自治区,柳州市,2020,1,1,0
陕西省,西安市,广西壮族自治区,南宁市,2018,3,1,0
陕西省,西安市,广西壮族自治区,南宁市,2019,3,4,0
陕西省,西安市,广西壮族自治区,南宁市,2020,3,0,0
陕西省,西安市,广西壮族自治区,梧州市,2018,0,1,0
陕西省,西安市,广西壮族自治区,梧州市,2020,3,3,0
陕西省,西安市,贵州省,毕节市,2018,1,0,0
陕西省,西安市,贵州省,毕节市,2019,0,2,0
陕西省,西安市,贵州省,毕节市,2020,2,2,0
陕西省,西安市,贵州省,六盘水市,2020,1,3,0
陕西省,西安市,海南省,儋州市（含洋浦）,2020,0,1,0
陕西省,西安市,海南省,海口市,2018,1,0,0
陕西省,西安市,海南省,海口市,2019,3,1,0
陕西省,西安市,海南省,三亚市,2018,6,4,1
陕西省,西安市,海南省,三亚市,2019,5,3,7
陕西省,西安市,海南省,三亚市,2020,6,5,1
陕西省,西安市,海南省,省直辖县级行政区划,2018,8,4,1
陕西省,西安市,海南省,省直辖县级行政区划,2019,20,4,7
陕西省,西安市,海南省,省直辖县级行政区划,2020,11,7,1
陕西省,西安市,河北省,保定市,2018,1,7,0
陕西省,西安市,河北省,保定市,2019,8,20,0
陕西省,西安市,河北省,保定市,2020,1,30,0
陕西省,西安市,河北省,沧州市,2019,3,0,0
陕西省,西安市,河北省,沧州市,2020,4,3,0
陕西省,西安市,河北省,承德市,2018,1,2,0
陕西省,西安市,河北省,承德市,2019,2,3,0
陕西省,西安市,河北省,承德市,2020,4,1,0
陕西省,西安市,河北省,衡水市,2018,1,0,0
陕西省,西安市,河北省,衡水市,2019,1,1,0
陕西省,西安市,河北省,衡水市,2020,0,2,0
陕西省,西安市,河北省,廊坊市,2018,2,1,0
陕西省,西安市,河北省,廊坊市,2019,8,13,0
陕西省,西安市,河北省,廊坊市,2020,2,2,0
陕西省,西安市,河北省,石家庄市,2018,32,9,0
陕西省,西安市,河北省,石家庄市,2019,47,10,0
陕西省,西安市,河北省,石家庄市,2020,53,8,0
陕西省,西安市,河北省,唐山市,2018,2,1,0
陕西省,西安市,河北省,唐山市,2019,4,0,0
陕西省,西安市,河北省,唐山市,2020,3,5,0
陕西省,西安市,河北省,张家口市,2018,0,1,0
陕西省,西安市,河北省,张家口市,2020,2,1,0
陕西省,西安市,河南省,焦作市,2018,1,0,0
陕西省,西安市,河南省,焦作市,2019,3,4,0
陕西省,西安市,河南省,焦作市,2020,5,2,0
陕西省,西安市,河南省,开封市,2020,1,0,0
陕西省,西安市,河南省,洛阳市,2018,4,5,0
陕西省,西安市,河南省,洛阳市,2019,3,5,0
陕西省,西安市,河南省,洛阳市,2020,5,5,0
陕西省,西安市,河南省,南阳市,2019,1,5,0
陕西省,西安市,河南省,南阳市,2020,2,0,0
陕西省,西安市,河南省,平顶山市,2018,8,2,0
陕西省,西安市,河南省,平顶山市,2019,10,3,0
陕西省,西安市,河南省,平顶山市,2020,12,6,0
陕西省,西安市,河南省,濮阳市,2018,2,2,0
陕西省,西安市,河南省,濮阳市,2019,0,1,0
陕西省,西安市,河南省,濮阳市,2020,3,2,0
陕西省,西安市,河南省,三门峡市,2018,1,0,0
陕西省,西安市,河南省,三门峡市,2019,5,6,0
陕西省,西安市,河南省,三门峡市,2020,1,5,0
陕西省,西安市,河南省,新乡市,2019,1,0,0
陕西省,西安市,河南省,新乡市,2020,2,0,0
陕西省,西安市,河南省,信阳市,2020,0,2,0
陕西省,西安市,河南省,周口市,2018,8,2,0
陕西省,西安市,河南省,周口市,2019,3,0,0
陕西省,西安市,河南省,周口市,2020,0,2,0
陕西省,西安市,黑龙江省,大庆市,2018,0,1,0
陕西省,西安市,黑龙江省,大庆市,2019,0,1,0
陕西省,西安市,黑龙江省,大庆市,2020,2,0,0
陕西省,西安市,黑龙江省,哈尔滨市,2018,4,2,0
陕西省,西安市,黑龙江省,哈尔滨市,2019,3,3,0
陕西省,西安市,黑龙江省,哈尔滨市,2020,2,6,0
陕西省,西安市,黑龙江省,伊春市,2020,4,3,0
陕西省,西安市,湖北省,荆门市,2020,1,0,0
陕西省,西安市,湖北省,荆州市,2018,1,1,0
陕西省,西安市,湖北省,荆州市,2019,2,2,0
陕西省,西安市,湖北省,荆州市,2020,2,1,0
陕西省,西安市,湖北省,十堰市,2019,0,2,0
陕西省,西安市,湖北省,十堰市,2020,3,3,0
陕西省,西安市,湖北省,武汉市,2018,38,18,0
陕西省,西安市,湖北省,武汉市,2019,37,15,0
陕西省,西安市,湖北省,武汉市,2020,45,20,0
陕西省,西安市,湖北省,襄阳市,2018,0,1,0
陕西省,西安市,湖北省,襄阳市,2019,1,0,0
陕西省,西安市,湖北省,孝感市,2020,1,0,0
陕西省,西安市,湖北省,宜昌市,2018,3,0,0
陕西省,西安市,湖北省,宜昌市,2019,3,3,0
陕西省,西安市,湖北省,宜昌市,2020,4,0,0
陕西省,西安市,湖南省,常德市,2020,1,1,0
陕西省,西安市,湖南省,衡阳市,2018,0,1,0
陕西省,西安市,湖南省,衡阳市,2019,1,1,0
陕西省,西安市,湖南省,湘潭市,2019,3,0,0
陕西省,西安市,湖南省,湘潭市,2020,4,2,0
陕西省,西安市,湖南省,益阳市,2018,2,0,0
陕西省,西安市,湖南省,岳阳市,2019,0,3,2
陕西省,西安市,湖南省,岳阳市,2020,2,5,3
陕西省,西安市,湖南省,株洲市,2019,1,0,0
陕西省,西安市,湖南省,株洲市,2020,2,1,0
陕西省,西安市,吉林省,白城市,2020,1,0,0
陕西省,西安市,吉林省,吉林市,2018,3,3,0
陕西省,西安市,吉林省,吉林市,2019,0,1,0
陕西省,西安市,吉林省,吉林市,2020,1,0,0
陕西省,西安市,吉林省,四平市,2020,1,2,0
陕西省,西安市,吉林省,松原市,2018,1,0,0
陕西省,西安市,江苏省,常州市,2018,5,14,0
陕西省,西安市,江苏省,常州市,2019,4,11,0
陕西省,西安市,江苏省,常州市,2020,12,24,1
陕西省,西安市,江苏省,淮安市,2019,1,0,0
陕西省,西安市,江苏省,淮安市,2020,0,1,0
陕西省,西安市,江苏省,南京市,2018,51,3,0
陕西省,西安市,江苏省,南京市,2019,85,24,0
陕西省,西安市,江苏省,南京市,2020,110,24,5
陕西省,西安市,江苏省,南通市,2018,9,8,0
陕西省,西安市,江苏省,南通市,2019,7,3,0
陕西省,西安市,江苏省,南通市,2020,4,5,0
陕西省,西安市,江苏省,苏州市,2018,59,19,1
陕西省,西安市,江苏省,苏州市,2019,64,41,7
陕西省,西安市,江苏省,苏州市,2020,135,94,1
陕西省,西安市,江苏省,太仓市,2020,0,4,0
陕西省,西安市,江苏省,泰州市,2018,2,1,0
陕西省,西安市,江苏省,泰州市,2019,4,0,0
陕西省,西安市,江苏省,泰州市,2020,5,2,0
陕西省,西安市,江苏省,无锡市,2018,12,8,0
陕西省,西安市,江苏省,无锡市,2019,18,15,0
陕西省,西安市,江苏省,无锡市,2020,15,22,0
陕西省,西安市,江苏省,徐州市,2018,5,2,0
陕西省,西安市,江苏省,徐州市,2019,0,3,0
陕西省,西安市,江苏省,徐州市,2020,17,2,0
陕西省,西安市,江苏省,盐城市,2020,5,2,0
陕西省,西安市,江苏省,扬州市,2018,10,3,0
陕西省,西安市,江苏省,扬州市,2019,3,6,0
陕西省,西安市,江西省,抚州市,2018,1,4,0
陕西省,西安市,江西省,抚州市,2019,1,0,0
陕西省,西安市,江西省,吉安市,2018,18,58,1
陕西省,西安市,江西省,吉安市,2019,37,82,2
陕西省,西安市,江西省,吉安市,2020,50,81,2
陕西省,西安市,江西省,九江市,2019,1,0,0
陕西省,西安市,江西省,九江市,2020,1,3,2
陕西省,西安市,江西省,南昌市,2018,2,6,0
陕西省,西安市,江西省,南昌市,2019,4,1,0
陕西省,西安市,江西省,南昌市,2020,12,7,0
陕西省,西安市,江西省,萍乡市,2020,0,1,0
陕西省,西安市,江西省,新余市,2019,2,0,0
陕西省,西安市,江西省,新余市,2020,2,0,0
陕西省,西安市,辽宁省,朝阳市,2020,1,2,0
陕西省,西安市,辽宁省,大连市,2018,3,1,0
陕西省,西安市,辽宁省,大连市,2019,6,2,0
陕西省,西安市,辽宁省,大连市,2020,10,11,0
陕西省,西安市,辽宁省,丹东市,2018,0,1,0
陕西省,西安市,辽宁省,丹东市,2019,1,2,0
陕西省,西安市,辽宁省,抚顺市,2020,1,0,0
陕西省,西安市,辽宁省,葫芦岛市,2020,2,0,0
陕西省,西安市,辽宁省,盘锦市,2019,1,0,0
陕西省,西安市,辽宁省,沈阳市,2018,14,9,0
陕西省,西安市,辽宁省,沈阳市,2019,19,4,0
陕西省,西安市,辽宁省,沈阳市,2020,12,9,3
陕西省,西安市,辽宁省,营口市,2018,2,2,0
陕西省,西安市,辽宁省,营口市,2020,1,1,0
陕西省,西安市,内蒙古自治区,巴彦淖尔市,2018,1,1,0
陕西省,西安市,内蒙古自治区,巴彦淖尔市,2020,3,4,0
陕西省,西安市,内蒙古自治区,包头市,2019,3,3,0
陕西省,西安市,内蒙古自治区,包头市,2020,0,2,0
陕西省,西安市,内蒙古自治区,呼和浩特市,2018,5,5,0
陕西省,西安市,内蒙古自治区,呼和浩特市,2019,3,4,0
陕西省,西安市,内蒙古自治区,呼和浩特市,2020,3,3,0
陕西省,西安市,内蒙古自治区,呼伦贝尔市,2019,0,2,0
陕西省,西安市,内蒙古自治区,呼伦贝尔市,2020,6,2,0
陕西省,西安市,内蒙古自治区,乌海市,2019,0,1,0
陕西省,西安市,宁夏回族自治区,固原市,2018,5,1,0
陕西省,西安市,宁夏回族自治区,固原市,2019,4,1,0
陕西省,西安市,宁夏回族自治区,固原市,2020,0,6,0
陕西省,西安市,宁夏回族自治区,石嘴山市,2018,1,0,0
陕西省,西安市,宁夏回族自治区,石嘴山市,2019,3,0,0
陕西省,西安市,宁夏回族自治区,石嘴山市,2020,1,0,0
陕西省,西安市,宁夏回族自治区,吴忠市,2018,0,1,0
陕西省,西安市,宁夏回族自治区,吴忠市,2019,2,1,0
陕西省,西安市,宁夏回族自治区,吴忠市,2020,0,1,0
陕西省,西安市,宁夏回族自治区,中卫市,2019,1,1,0
陕西省,西安市,青海省,果洛藏族自治州,2020,1,0,0
陕西省,西安市,青海省,海北藏族自治州,2018,2,2,0
陕西省,西安市,青海省,海北藏族自治州,2020,0,1,0
陕西省,西安市,青海省,海南藏族自治州,2018,0,1,0
陕西省,西安市,青海省,海西蒙古族藏族自治州,2019,1,1,0
陕西省,西安市,青海省,海西蒙古族藏族自治州,2020,1,3,0
陕西省,西安市,青海省,西宁市,2018,58,94,0
陕西省,西安市,青海省,西宁市,2019,124,56,0
陕西省,西安市,青海省,西宁市,2020,125,128,4
陕西省,西安市,山东省,滨州市,2019,0,1,0
陕西省,西安市,山东省,滨州市,2020,1,0,0
陕西省,西安市,山东省,德州市,2018,1,0,0
陕西省,西安市,山东省,德州市,2019,3,0,0
陕西省,西安市,山东省,德州市,2020,2,2,0
陕西省,西安市,山东省,东营市,2018,4,1,0
陕西省,西安市,山东省,东营市,2019,1,1,0
陕西省,西安市,山东省,东营市,2020,10,8,0
陕西省,西安市,山东省,济南市,2018,27,14,0
陕西省,西安市,山东省,济南市,2019,40,20,0
陕西省,西安市,山东省,济南市,2020,34,51,0
陕西省,西安市,山东省,济宁市,2018,5,2,0
陕西省,西安市,山东省,济宁市,2019,3,2,0
陕西省,西安市,山东省,济宁市,2020,10,6,0
陕西省,西安市,山东省,聊城市,2018,1,1,0
陕西省,西安市,山东省,聊城市,2019,5,0,0
陕西省,西安市,山东省,聊城市,2020,1,0,0
陕西省,西安市,山东省,临沂市,2018,1,1,0
陕西省,西安市,山东省,临沂市,2019,5,5,0
陕西省,西安市,山东省,临沂市,2020,1,2,0
陕西省,西安市,山东省,日照市,2018,2,1,0
陕西省,西安市,山东省,日照市,2019,3,3,0
陕西省,西安市,山东省,日照市,2020,3,4,0
陕西省,西安市,山东省,泰安市,2018,1,1,0
陕西省,西安市,山东省,泰安市,2020,4,4,0
陕西省,西安市,山东省,威海市,2018,5,4,0
陕西省,西安市,山东省,威海市,2019,3,6,0
陕西省,西安市,山东省,威海市,2020,11,10,0
陕西省,西安市,山东省,潍坊市,2020,1,1,1
陕西省,西安市,山东省,烟台市,2018,1,1,0
陕西省,西安市,山东省,烟台市,2019,9,2,0
陕西省,西安市,山东省,烟台市,2020,8,8,0
陕西省,西安市,山东省,枣庄市,2018,2,2,0
陕西省,西安市,山东省,枣庄市,2020,2,0,0
陕西省,西安市,山东省,淄博市,2018,6,1,0
陕西省,西安市,山东省,淄博市,2019,1,1,0
陕西省,西安市,山东省,淄博市,2020,1,0,0
陕西省,西安市,山西省,大同市,2020,0,2,0
陕西省,西安市,山西省,晋城市,2019,0,3,0
陕西省,西安市,山西省,晋城市,2020,0,1,0
陕西省,西安市,山西省,晋中市,2019,2,3,1
陕西省,西安市,山西省,晋中市,2020,1,4,0
陕西省,西安市,山西省,临汾市,2018,1,0,0
陕西省,西安市,山西省,临汾市,2019,0,1,0
陕西省,西安市,山西省,临汾市,2020,0,1,0
陕西省,西安市,山西省,吕梁市,2018,0,2,0
陕西省,西安市,山西省,吕梁市,2020,2,1,0
陕西省,西安市,山西省,朔州市,2020,1,0,0
陕西省,西安市,山西省,太原市,2018,25,64,0
陕西省,西安市,山西省,太原市,2019,31,89,0
陕西省,西安市,山西省,太原市,2020,25,108,0
陕西省,西安市,山西省,忻州市,2020,1,0,0
陕西省,西安市,陕西省,安康市,2018,6,1,0
陕西省,西安市,陕西省,安康市,2019,6,4,0
陕西省,西安市,陕西省,安康市,2020,6,6,0
陕西省,西安市,陕西省,宝鸡市,2018,18,33,0
陕西省,西安市,陕西省,宝鸡市,2019,19,36,3
陕西省,西安市,陕西省,宝鸡市,2020,30,65,5
陕西省,西安市,陕西省,汉中市,2018,13,24,0
陕西省,西安市,陕西省,汉中市,2019,13,6,0
陕西省,西安市,陕西省,汉中市,2020,20,6,1
陕西省,西安市,陕西省,商洛市,2018,3,11,0
陕西省,西安市,陕西省,商洛市,2019,4,3,0
陕西省,西安市,陕西省,商洛市,2020,6,5,0
陕西省,西安市,陕西省,渭南市,2018,12,9,0
陕西省,西安市,陕西省,渭南市,2019,16,17,0
陕西省,西安市,陕西省,渭南市,2020,13,27,0
陕西省,西安市,陕西省,咸阳市,2018,46,28,2
陕西省,西安市,陕西省,咸阳市,2019,67,56,0
陕西省,西安市,陕西省,咸阳市,2020,81,98,1
陕西省,西安市,陕西省,延安市,2018,10,8,0
陕西省,西安市,陕西省,延安市,2019,5,5,0
陕西省,西安市,陕西省,延安市,2020,5,7,0
陕西省,西安市,陕西省,榆林市,2018,10,9,0
陕西省,西安市,陕西省,榆林市,2019,28,43,0
陕西省,西安市,陕西省,榆林市,2020,29,42,0
陕西省,西安市,上海市,上海市,2018,85,30,1
陕西省,西安市,上海市,上海市,2019,85,61,8
陕西省,西安市,上海市,上海市,2020,114,60,4
陕西省,西安市,四川省,成都市,2018,62,26,0
陕西省,西安市,四川省,成都市,2019,111,77,0
陕西省,西安市,四川省,成都市,2020,86,39,0
陕西省,西安市,四川省,德阳市,2018,0,1,0
陕西省,西安市,四川省,德阳市,2019,1,2,0
陕西省,西安市,四川省,德阳市,2020,17,9,0
陕西省,西安市,四川省,甘孜藏族自治州,2019,1,2,0
陕西省,西安市,四川省,甘孜藏族自治州,2020,4,3,0
陕西省,西安市,四川省,广安市,2020,1,0,0
陕西省,西安市,四川省,凉山彝族自治州,2020,0,1,0
陕西省,西安市,四川省,绵阳市,2018,4,2,0
陕西省,西安市,四川省,绵阳市,2019,15,4,0
陕西省,西安市,四川省,绵阳市,2020,6,1,0
陕西省,西安市,四川省,内江市,2020,1,0,0
陕西省,西安市,四川省,攀枝花市,2019,1,0,0
陕西省,西安市,四川省,宜宾市,2020,1,0,0
陕西省,西安市,四川省,自贡市,2018,0,1,0
陕西省,西安市,四川省,自贡市,2019,5,6,0
陕西省,西安市,四川省,自贡市,2020,1,0,0
陕西省,西安市,天津市,天津市,2018,14,7,0
陕西省,西安市,天津市,天津市,2019,22,21,0
陕西省,西安市,天津市,天津市,2020,32,29,0
陕西省,西安市,西藏自治区,拉萨市,2018,4,4,0
陕西省,西安市,西藏自治区,拉萨市,2019,0,1,0
陕西省,西安市,西藏自治区,拉萨市,2020,2,2,0
陕西省,西安市,新疆维吾尔自治区,巴音郭楞蒙古自治州,2018,0,1,0
陕西省,西安市,新疆维吾尔自治区,巴音郭楞蒙古自治州,2019,1,0,0
陕西省,西安市,新疆维吾尔自治区,昌吉回族自治州,2018,0,7,0
陕西省,西安市,新疆维吾尔自治区,昌吉回族自治州,2019,0,5,0
陕西省,西安市,新疆维吾尔自治区,昌吉回族自治州,2020,7,3,0
陕西省,西安市,新疆维吾尔自治区,哈密市,2018,0,1,0
陕西省,西安市,新疆维吾尔自治区,哈密市,2019,2,3,0
陕西省,西安市,新疆维吾尔自治区,哈密市,2020,2,3,0
陕西省,西安市,新疆维吾尔自治区,和田地区,2020,1,0,0
陕西省,西安市,新疆维吾尔自治区,喀什地区,2019,1,0,0
陕西省,西安市,新疆维吾尔自治区,克拉玛依市,2018,1,0,0
陕西省,西安市,新疆维吾尔自治区,克拉玛依市,2019,3,2,0
陕西省,西安市,新疆维吾尔自治区,克拉玛依市,2020,1,5,0
陕西省,西安市,新疆维吾尔自治区,塔城地区,2020,1,0,0
陕西省,西安市,新疆维吾尔自治区,吐鲁番市,2018,1,0,0
陕西省,西安市,新疆维吾尔自治区,吐鲁番市,2019,1,2,0
陕西省,西安市,新疆维吾尔自治区,吐鲁番市,2020,2,2,0
陕西省,西安市,新疆维吾尔自治区,乌鲁木齐市,2018,23,14,0
陕西省,西安市,新疆维吾尔自治区,乌鲁木齐市,2019,40,52,8
陕西省,西安市,新疆维吾尔自治区,乌鲁木齐市,2020,46,40,0
陕西省,西安市,新疆维吾尔自治区,伊犁哈萨克自治州,2018,1,0,0
陕西省,西安市,新疆维吾尔自治区,伊犁哈萨克自治州,2019,15,0,0
陕西省,西安市,新疆维吾尔自治区,自治区直辖县级行政区划,2018,1,0,0
陕西省,西安市,新疆维吾尔自治区,自治区直辖县级行政区划,2019,2,2,0
陕西省,西安市,新疆维吾尔自治区,自治区直辖县级行政区划,2020,2,3,0
陕西省,西安市,云南省,大理白族自治州,2019,6,2,0
陕西省,西安市,云南省,大理白族自治州,2020,1,0,0
陕西省,西安市,云南省,昆明市,2018,16,1,0
陕西省,西安市,云南省,昆明市,2019,17,6,0
陕西省,西安市,云南省,昆明市,2020,25,6,0
陕西省,西安市,云南省,普洱市,2018,2,2,0
陕西省,西安市,云南省,曲靖市,2018,7,0,0
陕西省,西安市,云南省,曲靖市,2019,1,0,0
陕西省,西安市,云南省,曲靖市,2020,2,1,0
陕西省,西安市,云南省,文山壮族苗族自治州,2018,1,2,0
陕西省,西安市,云南省,文山壮族苗族自治州,2019,2,3,0
陕西省,西安市,云南省,文山壮族苗族自治州,2020,1,4,0
陕西省,西安市,云南省,西双版纳傣族自治州,2018,1,1,0
陕西省,西安市,云南省,西双版纳傣族自治州,2020,1,5,0
陕西省,西安市,浙江省,杭州市,2018,45,12,0
陕西省,西安市,浙江省,杭州市,2019,38,7,0
陕西省,西安市,浙江省,杭州市,2020,79,27,4
陕西省,西安市,浙江省,湖州市,2018,0,1,0
陕西省,西安市,浙江省,湖州市,2019,1,1,0
陕西省,西安市,浙江省,湖州市,2020,1,4,0
陕西省,西安市,浙江省,嘉兴市,2018,2,1,0
陕西省,西安市,浙江省,嘉兴市,2020,6,4,0
陕西省,西安市,浙江省,丽水市,2019,0,1,0
陕西省,西安市,浙江省,宁波市,2018,6,0,0
陕西省,西安市,浙江省,宁波市,2019,4,0,0
陕西省,西安市,浙江省,宁波市,2020,7,1,0
陕西省,西安市,浙江省,衢州市,2019,2,0,0
陕西省,西安市,浙江省,衢州市,2020,1,5,0
陕西省,西安市,浙江省,绍兴市,2018,1,0,0
陕西省,西安市,浙江省,绍兴市,2020,36,6,2
陕西省,西安市,浙江省,台州市,2018,1,1,0
陕西省,西安市,浙江省,台州市,2020,3,2,0
陕西省,西安市,浙江省,温州市,2018,6,4,0
陕西省,西安市,浙江省,温州市,2019,6,1,0
陕西省,西安市,浙江省,温州市,2020,5,3,1
陕西省,西安市,浙江省,舟山市,2018,0,2,0
陕西省,西安市,浙江省,舟山市,2020,2,2,0
陕西省,咸阳市,安徽省,合肥市,2018,3,0,0
陕西省,咸阳市,安徽省,合肥市,2020,2,1,0
陕西省,咸阳市,北京市,北京市,2018,13,10,0
陕西省,咸阳市,北京市,北京市,2019,12,13,0
陕西省,咸阳市,北京市,北京市,2020,22,13,0
陕西省,咸阳市,甘肃省,兰州市,2019,0,3,0
陕西省,咸阳市,广东省,东莞市,2019,2,2,0
陕西省,咸阳市,广东省,东莞市,2020,1,0,0
陕西省,咸阳市,河南省,南阳市,2020,2,2,0
陕西省,咸阳市,吉林省,吉林市,2018,1,0,0
陕西省,咸阳市,江苏省,南京市,2019,3,0,0
陕西省,咸阳市,江苏省,南京市,2020,3,0,0
陕西省,咸阳市,内蒙古自治区,包头市,2020,0,1,0
陕西省,咸阳市,内蒙古自治区,兴安盟,2018,1,0,0
陕西省,咸阳市,上海市,上海市,2018,0,1,0
陕西省,咸阳市,上海市,上海市,2020,2,2,0
陕西省,咸阳市,新疆维吾尔自治区,乌鲁木齐市,2020,0,5,0
陕西省,咸阳市,浙江省,台州市,2019,1,0,0
陕西省,咸阳市,浙江省,台州市,2020,1,1,0
陕西省,延安市,北京市,北京市,2018,5,1,0
陕西省,延安市,北京市,北京市,2019,3,5,0
陕西省,延安市,北京市,北京市,2020,8,10,0
陕西省,延安市,福建省,厦门市,2019,0,2,0
陕西省,延安市,甘肃省,兰州市,2020,0,2,0
陕西省,延安市,吉林省,吉林市,2020,1,0,0
陕西省,延安市,山西省,太原市,2019,1,0,0
陕西省,延安市,陕西省,安康市,2019,1,0,0
陕西省,延安市,陕西省,安康市,2020,1,0,0
陕西省,延安市,上海市,上海市,2018,1,0,0
陕西省,延安市,上海市,上海市,2019,4,3,0
陕西省,延安市,上海市,上海市,2020,2,5,0
陕西省,延安市,天津市,天津市,2019,0,1,0
陕西省,延安市,新疆维吾尔自治区,哈密市,2020,0,1,0
陕西省,榆林市,安徽省,合肥市,2018,1,3,0
陕西省,榆林市,北京市,北京市,2018,116,74,0
陕西省,榆林市,北京市,北京市,2019,85,78,0
陕西省,榆林市,北京市,北京市,2020,51,62,0
陕西省,榆林市,福建省,厦门市,2020,6,2,0
陕西省,榆林市,甘肃省,张掖市,2020,0,6,0
陕西省,榆林市,广东省,广州市,2020,0,2,0
陕西省,榆林市,河北省,廊坊市,2018,1,0,0
陕西省,榆林市,河北省,唐山市,2018,10,5,0
陕西省,榆林市,河北省,唐山市,2019,1,1,0
陕西省,榆林市,河北省,唐山市,2020,1,1,0
陕西省,榆林市,河南省,南阳市,2018,12,9,0
陕西省,榆林市,河南省,南阳市,2019,1,1,0
陕西省,榆林市,河南省,南阳市,2020,1,1,0
陕西省,榆林市,河南省,新乡市,2020,0,1,0
陕西省,榆林市,黑龙江省,哈尔滨市,2020,4,5,0
陕西省,榆林市,吉林省,吉林市,2018,0,1,0
陕西省,榆林市,江苏省,南京市,2020,1,3,0
陕西省,榆林市,江苏省,无锡市,2019,1,0,0
陕西省,榆林市,江苏省,徐州市,2018,4,2,0
陕西省,榆林市,江苏省,徐州市,2019,1,1,0
陕西省,榆林市,江苏省,徐州市,2020,2,6,0
陕西省,榆林市,江苏省,扬州市,2020,0,3,0
陕西省,榆林市,辽宁省,大连市,2018,1,0,0
陕西省,榆林市,辽宁省,大连市,2019,4,1,0
陕西省,榆林市,内蒙古自治区,包头市,2019,1,1,0
陕西省,榆林市,内蒙古自治区,呼和浩特市,2018,1,0,0
陕西省,榆林市,内蒙古自治区,呼和浩特市,2019,2,0,0
陕西省,榆林市,内蒙古自治区,呼和浩特市,2020,2,0,0
陕西省,榆林市,山西省,太原市,2018,4,0,0
陕西省,榆林市,山西省,太原市,2019,2,0,0
陕西省,榆林市,山西省,太原市,2020,2,1,0
陕西省,榆林市,山西省,忻州市,2018,1,3,0
陕西省,榆林市,山西省,忻州市,2019,1,2,0
陕西省,榆林市,山西省,忻州市,2020,1,0,0
陕西省,榆林市,陕西省,咸阳市,2018,0,1,0
陕西省,榆林市,陕西省,咸阳市,2019,1,1,0
陕西省,榆林市,陕西省,延安市,2018,0,1,0
陕西省,榆林市,上海市,上海市,2018,2,1,0
陕西省,榆林市,上海市,上海市,2020,3,6,0
陕西省,榆林市,四川省,成都市,2019,1,0,0
陕西省,榆林市,四川省,成都市,2020,1,1,0
陕西省,榆林市,天津市,天津市,2020,1,2,0
陕西省,榆林市,西藏自治区,拉萨市,2019,1,0,0
陕西省,榆林市,新疆维吾尔自治区,昌吉回族自治州,2018,0,2,0
陕西省,榆林市,新疆维吾尔自治区,昌吉回族自治州,2019,0,1,0
陕西省,榆林市,新疆维吾尔自治区,昌吉回族自治州,2020,2,0,0
陕西省,榆林市,新疆维吾尔自治区,乌鲁木齐市,2018,1,0,0
陕西省,榆林市,新疆维吾尔自治区,乌鲁木齐市,2019,1,0,0
陕西省,榆林市,新疆维吾尔自治区,乌鲁木齐市,2020,0,2,0
陕西省,榆林市,云南省,昆明市,2020,12,0,0
陕西省,榆林市,浙江省,杭州市,2019,1,0,0
上海市,上海市,福建省,三明市,2018,9,2,0
上海市,上海市,福建省,三明市,2019,7,3,0
上海市,上海市,福建省,三明市,2020,8,11,0
上海市,上海市,海南省,三亚市,2018,5,2,1
上海市,上海市,海南省,三亚市,2019,5,3,7
上海市,上海市,海南省,三亚市,2020,7,5,1
上海市,上海市,河南省,三门峡市,2020,0,7,0
四川省,阿坝藏族羌族自治州,北京市,北京市,2018,2,3,0
四川省,阿坝藏族羌族自治州,北京市,北京市,2019,3,1,0
四川省,阿坝藏族羌族自治州,甘肃省,庆阳市,2020,1,0,0
四川省,阿坝藏族羌族自治州,江苏省,南京市,2020,0,1,0
四川省,阿坝藏族羌族自治州,陕西省,铜川市,2020,1,0,0
四川省,阿坝藏族羌族自治州,四川省,成都市,2018,9,1,0
四川省,阿坝藏族羌族自治州,四川省,成都市,2019,18,6,0
四川省,阿坝藏族羌族自治州,四川省,成都市,2020,7,3,0
四川省,阿坝藏族羌族自治州,四川省,德阳市,2018,0,2,0
四川省,阿坝藏族羌族自治州,四川省,德阳市,2020,1,0,0
四川省,阿坝藏族羌族自治州,四川省,广安市,2018,1,0,0
四川省,阿坝藏族羌族自治州,四川省,广安市,2019,1,1,0
四川省,阿坝藏族羌族自治州,四川省,内江市,2018,1,0,0
四川省,阿坝藏族羌族自治州,四川省,攀枝花市,2018,1,0,0
四川省,阿坝藏族羌族自治州,天津市,天津市,2018,2,0,0
四川省,阿坝藏族羌族自治州,西藏自治区,拉萨市,2018,0,2,0
四川省,阿坝藏族羌族自治州,西藏自治区,拉萨市,2019,0,1,0
四川省,阿坝藏族羌族自治州,西藏自治区,拉萨市,2020,2,0,0
四川省,阿坝藏族羌族自治州,浙江省,杭州市,2020,2,0,0
四川省,阿坝藏族羌族自治州,浙江省,舟山市,2019,1,0,0
四川省,巴中市,北京市,北京市,2019,1,0,0
四川省,成都市,安徽省,合肥市,2018,33,10,0
四川省,成都市,安徽省,合肥市,2019,34,14,0
四川省,成都市,安徽省,合肥市,2020,56,13,0
四川省,成都市,北京市,北京市,2018,1080,395,0
四川省,成都市,北京市,北京市,2019,1685,431,26
四川省,成都市,北京市,北京市,2020,2314,732,49
四川省,成都市,福建省,南平市,2019,2,0,0
四川省,成都市,福建省,宁德市,2018,1,0,0
四川省,成都市,福建省,三明市,2020,1,0,0
四川省,成都市,福建省,厦门市,2018,12,5,0
四川省,成都市,福建省,厦门市,2019,6,1,0
四川省,成都市,福建省,厦门市,2020,18,3,0
四川省,成都市,甘肃省,兰州市,2018,6,10,0
四川省,成都市,甘肃省,兰州市,2019,6,10,0
四川省,成都市,甘肃省,兰州市,2020,29,24,0
四川省,成都市,甘肃省,庆阳市,2020,1,0,0
四川省,成都市,甘肃省,天水市,2018,1,0,0
四川省,成都市,广东省,东莞市,2018,12,2,0
四川省,成都市,广东省,东莞市,2019,41,5,0
四川省,成都市,广东省,东莞市,2020,53,5,0
四川省,成都市,广东省,佛山市,2018,5,4,0
四川省,成都市,广东省,佛山市,2019,4,1,0
四川省,成都市,广东省,佛山市,2020,2,9,0
四川省,成都市,广东省,广州市,2018,38,30,1
四川省,成都市,广东省,广州市,2019,75,44,12
四川省,成都市,广东省,广州市,2020,66,31,1
四川省,成都市,广东省,惠州市,2018,4,4,0
四川省,成都市,广东省,惠州市,2019,2,3,0
四川省,成都市,广东省,云浮市,2018,1,0,0
四川省,成都市,广东省,中山市,2018,1,0,0
四川省,成都市,广东省,中山市,2019,5,0,0
四川省,成都市,广东省,中山市,2020,7,3,0
四川省,成都市,广西壮族自治区,南宁市,2018,3,3,0
四川省,成都市,广西壮族自治区,南宁市,2019,4,7,0
四川省,成都市,广西壮族自治区,南宁市,2020,8,9,0
四川省,成都市,贵州省,安顺市,2020,7,0,0
四川省,成都市,贵州省,六盘水市,2020,1,0,0
四川省,成都市,海南省,儋州市（含洋浦）,2020,1,0,0
四川省,成都市,海南省,三亚市,2020,1,0,0
四川省,成都市,河北省,保定市,2018,1,4,0
四川省,成都市,河北省,保定市,2019,7,3,0
四川省,成都市,河北省,保定市,2020,10,1,0
四川省,成都市,河北省,廊坊市,2018,3,1,0
四川省,成都市,河北省,廊坊市,2019,1,1,0
四川省,成都市,河北省,廊坊市,2020,4,1,0
四川省,成都市,河北省,唐山市,2018,5,2,0
四川省,成都市,河北省,唐山市,2019,13,4,0
四川省,成都市,河北省,唐山市,2020,11,3,0
四川省,成都市,河南省,安阳市,2019,2,0,0
四川省,成都市,河南省,开封市,2018,0,1,0
四川省,成都市,河南省,南阳市,2019,1,0,0
四川省,成都市,河南省,南阳市,2020,1,0,0
四川省,成都市,河南省,平顶山市,2018,7,0,0
四川省,成都市,河南省,平顶山市,2019,1,1,0
四川省,成都市,河南省,三门峡市,2020,1,1,0
四川省,成都市,河南省,商丘市,2020,1,0,0
四川省,成都市,河南省,信阳市,2020,0,1,0
四川省,成都市,黑龙江省,大庆市,2018,0,2,0
四川省,成都市,黑龙江省,哈尔滨市,2018,1,0,0
四川省,成都市,黑龙江省,哈尔滨市,2019,1,0,0
四川省,成都市,黑龙江省,哈尔滨市,2020,7,13,0
四川省,成都市,湖北省,十堰市,2020,0,1,0
四川省,成都市,湖北省,咸宁市,2019,2,4,0
四川省,成都市,湖北省,咸宁市,2020,2,5,0
四川省,成都市,湖北省,孝感市,2019,2,2,0
四川省,成都市,湖北省,宜昌市,2018,1,1,0
四川省,成都市,湖北省,宜昌市,2019,8,5,0
四川省,成都市,湖北省,宜昌市,2020,1,4,0
四川省,成都市,湖南省,岳阳市,2018,1,0,0
四川省,成都市,湖南省,岳阳市,2019,2,0,0
四川省,成都市,江苏省,常州市,2018,2,2,0
四川省,成都市,江苏省,常州市,2019,6,1,0
四川省,成都市,江苏省,常州市,2020,6,1,0
四川省,成都市,江苏省,南京市,2018,62,20,0
四川省,成都市,江苏省,南京市,2019,51,15,0
四川省,成都市,江苏省,南京市,2020,89,13,0
四川省,成都市,江苏省,南通市,2018,7,8,0
四川省,成都市,江苏省,南通市,2019,16,13,0
四川省,成都市,江苏省,南通市,2020,16,5,0
四川省,成都市,江苏省,宿迁市,2018,6,1,0
四川省,成都市,江苏省,徐州市,2018,1,1,0
四川省,成都市,江苏省,徐州市,2019,4,0,0
四川省,成都市,江苏省,徐州市,2020,3,4,0
四川省,成都市,江西省,九江市,2018,13,1,0
四川省,成都市,江西省,九江市,2019,15,6,0
四川省,成都市,江西省,九江市,2020,19,2,0
四川省,成都市,江西省,南昌市,2018,11,1,0
四川省,成都市,江西省,南昌市,2019,8,4,0
四川省,成都市,江西省,南昌市,2020,16,8,0
四川省,成都市,江西省,上饶市,2020,1,0,0
四川省,成都市,辽宁省,大连市,2018,16,17,0
四川省,成都市,辽宁省,大连市,2019,38,11,0
四川省,成都市,辽宁省,大连市,2020,5,1,0
四川省,成都市,辽宁省,丹东市,2019,0,1,0
四川省,成都市,内蒙古自治区,巴彦淖尔市,2019,0,1,0
四川省,成都市,内蒙古自治区,包头市,2018,1,0,0
四川省,成都市,内蒙古自治区,包头市,2020,0,0,1
四川省,成都市,内蒙古自治区,呼和浩特市,2020,1,0,0
四川省,成都市,内蒙古自治区,呼伦贝尔市,2020,1,0,0
四川省,成都市,宁夏回族自治区,吴忠市,2018,0,17,0
四川省,成都市,山东省,德州市,2018,1,1,0
四川省,成都市,山东省,德州市,2020,15,22,0
四川省,成都市,山东省,东营市,2018,5,2,0
四川省,成都市,山东省,东营市,2019,4,2,0
四川省,成都市,山东省,东营市,2020,0,1,0
四川省,成都市,山东省,临沂市,2019,0,0,1
四川省,成都市,山东省,临沂市,2020,3,0,0
四川省,成都市,山东省,威海市,2020,2,0,0
四川省,成都市,山西省,大同市,2018,4,0,0
四川省,成都市,山西省,大同市,2020,5,3,0
四川省,成都市,山西省,吕梁市,2018,0,1,0
四川省,成都市,山西省,太原市,2018,17,20,0
四川省,成都市,山西省,太原市,2019,11,11,0
四川省,成都市,山西省,太原市,2020,26,28,0
四川省,成都市,陕西省,安康市,2020,1,0,0
四川省,成都市,陕西省,宝鸡市,2018,5,5,0
四川省,成都市,陕西省,宝鸡市,2019,10,3,0
四川省,成都市,陕西省,宝鸡市,2020,14,0,0
四川省,成都市,陕西省,商洛市,2018,0,3,0
四川省,成都市,陕西省,咸阳市,2019,1,0,0
四川省,成都市,陕西省,延安市,2020,3,0,0
四川省,成都市,上海市,上海市,2018,149,28,2
四川省,成都市,上海市,上海市,2019,156,48,0
四川省,成都市,上海市,上海市,2020,152,76,2
四川省,成都市,四川省,巴中市,2018,4,7,0
四川省,成都市,四川省,巴中市,2019,3,5,0
四川省,成都市,四川省,巴中市,2020,2,0,0
四川省,成都市,四川省,德阳市,2018,13,8,0
四川省,成都市,四川省,德阳市,2019,36,34,0
四川省,成都市,四川省,德阳市,2020,47,49,0
四川省,成都市,四川省,广安市,2018,6,0,0
四川省,成都市,四川省,广安市,2019,9,8,0
四川省,成都市,四川省,广安市,2020,2,2,0
四川省,成都市,四川省,广元市,2018,9,3,0
四川省,成都市,四川省,广元市,2019,11,1,0
四川省,成都市,四川省,广元市,2020,12,16,1
四川省,成都市,四川省,乐山市,2018,16,38,1
四川省,成都市,四川省,乐山市,2019,16,24,0
四川省,成都市,四川省,乐山市,2020,33,52,1
四川省,成都市,四川省,凉山彝族自治州,2018,8,3,0
四川省,成都市,四川省,凉山彝族自治州,2019,5,3,0
四川省,成都市,四川省,凉山彝族自治州,2020,14,6,0
四川省,成都市,四川省,内江市,2018,13,0,0
四川省,成都市,四川省,内江市,2019,9,7,0
四川省,成都市,四川省,内江市,2020,24,12,0
四川省,成都市,四川省,南充市,2018,9,3,0
四川省,成都市,四川省,南充市,2019,14,3,0
四川省,成都市,四川省,南充市,2020,7,3,0
四川省,成都市,四川省,宜宾市,2018,8,9,0
四川省,成都市,四川省,宜宾市,2019,22,29,0
四川省,成都市,四川省,宜宾市,2020,39,13,0
四川省,成都市,天津市,天津市,2018,29,23,0
四川省,成都市,天津市,天津市,2019,57,52,0
四川省,成都市,天津市,天津市,2020,76,74,2
四川省,成都市,西藏自治区,山南市,2018,1,1,0
四川省,成都市,西藏自治区,山南市,2020,1,0,0
四川省,成都市,新疆维吾尔自治区,巴音郭楞蒙古自治州,2018,3,2,0
四川省,成都市,新疆维吾尔自治区,巴音郭楞蒙古自治州,2019,2,5,0
四川省,成都市,新疆维吾尔自治区,巴音郭楞蒙古自治州,2020,2,0,0
四川省,成都市,新疆维吾尔自治区,克拉玛依市,2018,4,2,0
四川省,成都市,新疆维吾尔自治区,克拉玛依市,2019,1,4,0
四川省,成都市,新疆维吾尔自治区,克拉玛依市,2020,8,0,0
四川省,成都市,新疆维吾尔自治区,克孜勒苏柯尔克孜自治州,2020,1,0,0
四川省,成都市,新疆维吾尔自治区,塔城地区,2018,1,1,0
四川省,成都市,新疆维吾尔自治区,乌鲁木齐市,2018,35,12,0
四川省,成都市,新疆维吾尔自治区,乌鲁木齐市,2019,39,7,2
四川省,成都市,新疆维吾尔自治区,乌鲁木齐市,2020,40,20,0
四川省,成都市,云南省,保山市,2018,8,0,0
四川省,成都市,云南省,保山市,2019,4,0,0
四川省,成都市,云南省,保山市,2020,1,0,0
四川省,成都市,云南省,大理白族自治州,2019,1,1,0
四川省,成都市,云南省,大理白族自治州,2020,2,0,0
四川省,成都市,云南省,德宏傣族景颇族自治州,2019,0,2,0
四川省,成都市,浙江省,嘉兴市,2018,1,0,0
四川省,成都市,浙江省,嘉兴市,2019,1,1,0
四川省,成都市,浙江省,嘉兴市,2020,5,3,0
四川省,成都市,浙江省,宁波市,2018,12,8,0
四川省,成都市,浙江省,宁波市,2019,3,4,0
四川省,成都市,浙江省,宁波市,2020,8,9,0
四川省,成都市,浙江省,台州市,2018,1,1,0
四川省,成都市,浙江省,台州市,2019,2,1,0
四川省,成都市,浙江省,台州市,2020,1,3,1
四川省,达州市,北京市,北京市,2018,2,8,0
四川省,达州市,北京市,北京市,2019,0,22,0
四川省,达州市,北京市,北京市,2020,0,38,0
四川省,达州市,广东省,惠州市,2020,8,21,0
四川省,达州市,广东省,珠海市,2019,3,0,0
四川省,达州市,贵州省,贵阳市,2020,2,1,0
四川省,达州市,河南省,洛阳市,2020,0,2,0
四川省,达州市,河南省,濮阳市,2019,4,0,0
四川省,达州市,河南省,濮阳市,2020,5,2,0
四川省,达州市,湖南省,湘西土家族苗族自治州,2020,7,0,0
四川省,达州市,湖南省,株洲市,2020,0,14,0
四川省,达州市,辽宁省,沈阳市,2019,1,0,0
四川省,达州市,山东省,东营市,2018,1,0,0
四川省,达州市,山东省,潍坊市,2020,0,1,0
四川省,达州市,陕西省,宝鸡市,2019,1,0,0
四川省,达州市,陕西省,汉中市,2020,7,14,0
四川省,达州市,四川省,巴中市,2019,2,0,0
四川省,达州市,四川省,成都市,2018,3,7,0
四川省,达州市,四川省,成都市,2019,5,5,0
四川省,达州市,四川省,成都市,2020,9,2,0
四川省,达州市,四川省,甘孜藏族自治州,2020,1,0,0
四川省,达州市,四川省,眉山市,2019,3,0,0
四川省,达州市,四川省,自贡市,2018,1,0,0
四川省,德阳市,安徽省,合肥市,2019,0,1,0
四川省,德阳市,安徽省,宣城市,2018,1,2,0
四川省,德阳市,北京市,北京市,2018,27,23,0
四川省,德阳市,北京市,北京市,2019,12,24,0
四川省,德阳市,北京市,北京市,2020,25,35,0
四川省,德阳市,甘肃省,兰州市,2018,0,6,0
四川省,德阳市,甘肃省,兰州市,2020,0,1,0
四川省,德阳市,甘肃省,庆阳市,2020,1,0,0
四川省,德阳市,广东省,东莞市,2018,0,13,0
四川省,德阳市,广东省,东莞市,2019,2,26,6
四川省,德阳市,广东省,东莞市,2020,1,31,4
四川省,德阳市,广东省,佛山市,2020,1,0,0
四川省,德阳市,河北省,保定市,2018,0,3,0
四川省,德阳市,河北省,保定市,2019,1,2,0
四川省,德阳市,黑龙江省,哈尔滨市,2020,3,0,0
四川省,德阳市,湖北省,十堰市,2020,0,3,0
四川省,德阳市,江苏省,南京市,2018,2,0,0
四川省,德阳市,江苏省,南京市,2020,3,1,0
四川省,德阳市,江西省,九江市,2020,4,1,0
四川省,德阳市,江西省,南昌市,2019,1,0,0
四川省,德阳市,山东省,东营市,2020,0,2,0
四川省,德阳市,山东省,临沂市,2020,7,0,0
四川省,德阳市,上海市,上海市,2018,1,0,0
四川省,德阳市,上海市,上海市,2019,2,5,0
四川省,德阳市,上海市,上海市,2020,2,0,0
四川省,德阳市,四川省,乐山市,2018,2,0,0
四川省,德阳市,四川省,乐山市,2019,1,0,0
四川省,德阳市,四川省,凉山彝族自治州,2019,2,0,0
四川省,德阳市,四川省,内江市,2018,2,0,0
四川省,德阳市,四川省,宜宾市,2018,4,1,0
四川省,德阳市,四川省,宜宾市,2019,1,0,0
四川省,德阳市,四川省,宜宾市,2020,2,0,0
四川省,德阳市,天津市,天津市,2019,1,1,0
四川省,德阳市,新疆维吾尔自治区,克拉玛依市,2019,1,2,0
四川省,德阳市,新疆维吾尔自治区,克拉玛依市,2020,0,1,0
四川省,德阳市,新疆维吾尔自治区,乌鲁木齐市,2020,1,0,0
四川省,德阳市,浙江省,宁波市,2019,2,3,0
四川省,德阳市,浙江省,台州市,2018,4,0,0
四川省,德阳市,浙江省,台州市,2019,8,0,0
四川省,德阳市,浙江省,台州市,2020,8,0,0
四川省,甘孜藏族自治州,北京市,北京市,2019,2,0,0
四川省,甘孜藏族自治州,北京市,北京市,2020,4,1,0
四川省,甘孜藏族自治州,河北省,保定市,2019,0,2,0
四川省,甘孜藏族自治州,河北省,保定市,2020,0,3,0
四川省,甘孜藏族自治州,湖北省,武汉市,2019,3,3,0
四川省,甘孜藏族自治州,湖北省,武汉市,2020,5,1,0
四川省,甘孜藏族自治州,湖北省,宜昌市,2019,18,11,0
四川省,甘孜藏族自治州,湖北省,宜昌市,2020,1,0,0
四川省,甘孜藏族自治州,辽宁省,大连市,2019,2,0,0
四川省,甘孜藏族自治州,四川省,成都市,2018,3,1,0
四川省,甘孜藏族自治州,四川省,成都市,2019,8,6,0
四川省,甘孜藏族自治州,四川省,成都市,2020,4,5,0
四川省,甘孜藏族自治州,四川省,内江市,2018,1,0,0
四川省,甘孜藏族自治州,天津市,天津市,2019,2,0,0
四川省,甘孜藏族自治州,天津市,天津市,2020,4,2,0
四川省,甘孜藏族自治州,西藏自治区,山南市,2020,1,0,0
四川省,甘孜藏族自治州,浙江省,杭州市,2020,1,0,0
四川省,广安市,北京市,北京市,2018,1,0,0
四川省,广安市,广东省,东莞市,2019,4,1,0
四川省,广安市,海南省,儋州市（含洋浦）,2019,2,1,0
四川省,广安市,江苏省,常州市,2020,2,3,0
四川省,广安市,江苏省,南通市,2019,2,0,0
四川省,广安市,上海市,上海市,2019,2,0,0
四川省,广安市,四川省,华蓥市,2020,0,5,1
四川省,广安市,四川省,乐山市,2020,0,3,0
四川省,广安市,四川省,内江市,2019,2,0,0
四川省,广安市,四川省,南充市,2020,1,2,0
四川省,广安市,浙江省,嘉兴市,2020,1,0,0
四川省,广元市,安徽省,合肥市,2018,1,1,0
四川省,广元市,北京市,北京市,2018,9,0,0
四川省,广元市,北京市,北京市,2019,12,0,0
四川省,广元市,北京市,北京市,2020,12,1,0
四川省,广元市,四川省,凉山彝族自治州,2018,1,0,0
四川省,广元市,四川省,宜宾市,2018,1,1,0
四川省,广元市,天津市,天津市,2019,1,0,0
四川省,广元市,天津市,天津市,2020,2,0,0
四川省,乐山市,江西省,上饶市,2020,2,1,0
四川省,凉山彝族自治州,福建省,三明市,2020,1,0,0
四川省,凉山彝族自治州,辽宁省,丹东市,2019,0,1,0
四川省,泸州市,安徽省,合肥市,2018,1,2,0
四川省,泸州市,安徽省,合肥市,2019,0,2,0
四川省,泸州市,安徽省,合肥市,2020,2,0,0
四川省,泸州市,北京市,北京市,2020,8,2,0
四川省,泸州市,广西壮族自治区,桂林市,2020,0,1,0
四川省,泸州市,湖北省,武汉市,2018,3,0,0
四川省,泸州市,湖北省,宜昌市,2018,6,4,0
四川省,泸州市,江苏省,南京市,2019,2,0,0
四川省,泸州市,江苏省,无锡市,2018,1,0,0
四川省,泸州市,江苏省,无锡市,2019,1,0,0
四川省,泸州市,江苏省,无锡市,2020,4,0,0
四川省,泸州市,辽宁省,沈阳市,2019,1,0,0
四川省,泸州市,山西省,太原市,2020,2,0,0
四川省,泸州市,上海市,上海市,2018,1,0,0
四川省,泸州市,上海市,上海市,2019,2,0,0
四川省,泸州市,上海市,上海市,2020,2,0,0
四川省,泸州市,四川省,成都市,2018,14,6,0
四川省,泸州市,四川省,成都市,2019,55,11,0
四川省,泸州市,四川省,成都市,2020,65,28,0
四川省,泸州市,四川省,德阳市,2018,0,1,0
四川省,泸州市,四川省,德阳市,2019,0,1,0
四川省,泸州市,四川省,德阳市,2020,1,0,0
四川省,泸州市,四川省,广元市,2018,1,1,0
四川省,泸州市,四川省,凉山彝族自治州,2018,1,0,0
四川省,泸州市,四川省,攀枝花市,2018,0,2,0
四川省,泸州市,四川省,攀枝花市,2019,0,2,0
四川省,泸州市,四川省,宜宾市,2018,1,2,0
四川省,泸州市,四川省,宜宾市,2019,1,6,0
四川省,泸州市,四川省,宜宾市,2020,1,0,0
四川省,泸州市,云南省,昆明市,2018,5,4,0
四川省,泸州市,云南省,昆明市,2019,0,3,0
四川省,泸州市,云南省,昆明市,2020,3,4,0
四川省,泸州市,浙江省,杭州市,2019,1,0,0
四川省,眉山市,安徽省,合肥市,2019,2,0,0
四川省,眉山市,安徽省,合肥市,2020,9,1,0
四川省,眉山市,北京市,北京市,2018,10,8,0
四川省,眉山市,北京市,北京市,2019,6,10,0
四川省,眉山市,北京市,北京市,2020,16,11,0
四川省,眉山市,广东省,珠海市,2018,9,2,0
四川省,眉山市,广东省,珠海市,2019,13,2,0
四川省,眉山市,广东省,珠海市,2020,17,3,0
四川省,眉山市,河北省,保定市,2020,2,0,0
四川省,眉山市,河南省,焦作市,2019,1,0,0
四川省,眉山市,湖北省,武汉市,2019,0,2,0
四川省,眉山市,江苏省,常州市,2020,5,3,0
四川省,眉山市,江苏省,南京市,2018,2,0,0
四川省,眉山市,江苏省,南京市,2019,10,0,0
四川省,眉山市,江苏省,南京市,2020,16,0,0
四川省,眉山市,江苏省,无锡市,2018,4,0,0
四川省,眉山市,山东省,威海市,2018,1,0,0
四川省,眉山市,山东省,烟台市,2020,42,0,0
四川省,眉山市,山西省,大同市,2019,1,0,0
四川省,眉山市,上海市,上海市,2020,4,2,0
四川省,眉山市,四川省,巴中市,2019,3,0,0
四川省,眉山市,四川省,成都市,2018,13,11,0
四川省,眉山市,四川省,成都市,2019,40,34,0
四川省,眉山市,四川省,成都市,2020,21,25,2
四川省,眉山市,四川省,泸州市,2019,0,1,0
四川省,眉山市,四川省,内江市,2018,0,1,0
四川省,眉山市,四川省,宜宾市,2020,1,0,0
四川省,眉山市,新疆维吾尔自治区,乌鲁木齐市,2018,6,0,0
四川省,眉山市,新疆维吾尔自治区,乌鲁木齐市,2019,4,1,0
四川省,眉山市,新疆维吾尔自治区,乌鲁木齐市,2020,3,0,0
四川省,眉山市,浙江省,宁波市,2020,23,0,0
四川省,绵阳市,安徽省,合肥市,2019,1,0,0
四川省,绵阳市,安徽省,合肥市,2020,2,2,0
四川省,绵阳市,安徽省,淮南市,2019,1,0,0
四川省,绵阳市,北京市,北京市,2018,56,18,0
四川省,绵阳市,北京市,北京市,2019,87,17,0
四川省,绵阳市,北京市,北京市,2020,102,82,0
四川省,绵阳市,甘肃省,兰州市,2018,1,1,0
四川省,绵阳市,甘肃省,兰州市,2020,1,0,0
四川省,绵阳市,广东省,佛山市,2019,1,0,0
四川省,绵阳市,广东省,广州市,2019,2,0,0
四川省,绵阳市,广东省,广州市,2020,0,2,0
四川省,绵阳市,广东省,深圳市,2018,3,7,0
四川省,绵阳市,广东省,深圳市,2019,12,9,2
四川省,绵阳市,广东省,深圳市,2020,12,7,0
四川省,绵阳市,广东省,湛江市,2020,1,0,0
四川省,绵阳市,广东省,中山市,2019,1,0,0
四川省,绵阳市,广东省,珠海市,2019,0,4,0
四川省,绵阳市,广西壮族自治区,南宁市,2020,0,3,0
四川省,绵阳市,河北省,沧州市,2020,1,0,0
四川省,绵阳市,河北省,秦皇岛市,2020,1,0,0
四川省,绵阳市,河北省,石家庄市,2018,2,0,0
四川省,绵阳市,河北省,石家庄市,2019,18,4,0
四川省,绵阳市,河北省,石家庄市,2020,3,3,0
四川省,绵阳市,河南省,洛阳市,2020,1,0,0
四川省,绵阳市,河南省,濮阳市,2019,1,0,0
四川省,绵阳市,黑龙江省,哈尔滨市,2018,1,0,0
四川省,绵阳市,黑龙江省,哈尔滨市,2019,1,0,0
四川省,绵阳市,黑龙江省,哈尔滨市,2020,3,0,0
四川省,绵阳市,湖北省,武汉市,2018,2,0,0
四川省,绵阳市,湖北省,武汉市,2019,5,1,0
四川省,绵阳市,湖北省,武汉市,2020,5,2,0
四川省,绵阳市,湖南省,湘潭市,2018,3,0,0
四川省,绵阳市,湖南省,株洲市,2018,2,0,0
四川省,绵阳市,湖南省,株洲市,2020,1,0,0
四川省,绵阳市,江苏省,常州市,2019,1,1,0
四川省,绵阳市,江苏省,南京市,2019,1,0,0
四川省,绵阳市,江苏省,南京市,2020,3,1,0
四川省,绵阳市,江苏省,南通市,2020,3,3,0
四川省,绵阳市,江苏省,泰州市,2020,1,1,0
四川省,绵阳市,江苏省,无锡市,2019,3,0,0
四川省,绵阳市,江苏省,无锡市,2020,8,0,0
四川省,绵阳市,江苏省,盐城市,2018,1,0,0
四川省,绵阳市,江苏省,盐城市,2020,1,1,0
四川省,绵阳市,江西省,九江市,2020,1,1,0
四川省,绵阳市,辽宁省,本溪市,2019,1,1,0
四川省,绵阳市,辽宁省,沈阳市,2018,1,0,0
四川省,绵阳市,辽宁省,沈阳市,2019,1,0,0
四川省,绵阳市,辽宁省,沈阳市,2020,2,0,0
四川省,绵阳市,内蒙古自治区,呼和浩特市,2020,2,2,0
四川省,绵阳市,山东省,德州市,2019,8,18,0
四川省,绵阳市,山东省,德州市,2020,21,31,2
四川省,绵阳市,山东省,东营市,2020,13,4,0
四川省,绵阳市,山东省,济南市,2019,1,1,0
四川省,绵阳市,山东省,济宁市,2018,0,2,0
四川省,绵阳市,山东省,济宁市,2020,3,5,0
四川省,绵阳市,山东省,临沂市,2020,0,1,0
四川省,绵阳市,山东省,潍坊市,2019,9,8,0
四川省,绵阳市,山东省,潍坊市,2020,11,55,0
四川省,绵阳市,山东省,烟台市,2020,4,7,0
四川省,绵阳市,山东省,枣庄市,2020,1,3,0
四川省,绵阳市,山东省,淄博市,2020,0,2,0
四川省,绵阳市,山西省,太原市,2019,49,0,0
四川省,绵阳市,陕西省,延安市,2019,2,0,0
四川省,绵阳市,上海市,上海市,2018,4,5,0
四川省,绵阳市,上海市,上海市,2019,55,5,0
四川省,绵阳市,上海市,上海市,2020,31,8,0
四川省,绵阳市,四川省,成都市,2018,65,37,0
四川省,绵阳市,四川省,成都市,2019,49,37,2
四川省,绵阳市,四川省,成都市,2020,79,59,2
四川省,绵阳市,四川省,德阳市,2018,1,0,0
四川省,绵阳市,四川省,德阳市,2019,4,0,0
四川省,绵阳市,四川省,德阳市,2020,1,5,0
四川省,绵阳市,四川省,广安市,2018,11,0,0
四川省,绵阳市,四川省,广安市,2019,20,1,0
四川省,绵阳市,四川省,广安市,2020,16,3,0
四川省,绵阳市,四川省,广元市,2020,1,0,0
四川省,绵阳市,四川省,乐山市,2018,2,0,0
四川省,绵阳市,四川省,内江市,2020,1,0,0
四川省,绵阳市,四川省,宜宾市,2019,2,4,0
四川省,绵阳市,四川省,宜宾市,2020,2,5,0
四川省,绵阳市,天津市,天津市,2018,1,2,0
四川省,绵阳市,天津市,天津市,2019,1,1,0
四川省,绵阳市,天津市,天津市,2020,3,2,0
四川省,绵阳市,西藏自治区,拉萨市,2019,10,19,0
四川省,绵阳市,西藏自治区,拉萨市,2020,13,27,2
四川省,绵阳市,云南省,昆明市,2018,0,1,0
四川省,绵阳市,浙江省,杭州市,2018,3,1,0
四川省,绵阳市,浙江省,杭州市,2020,5,1,0
四川省,绵阳市,浙江省,嘉兴市,2020,0,1,0
四川省,内江市,上海市,上海市,2020,1,2,0
四川省,内江市,新疆维吾尔自治区,乌鲁木齐市,2020,7,6,0
四川省,南充市,北京市,北京市,2018,2,0,0
四川省,南充市,北京市,北京市,2020,5,3,0
四川省,南充市,江苏省,南京市,2018,2,0,0
四川省,南充市,江苏省,南京市,2020,0,1,0
四川省,南充市,江西省,上饶市,2019,2,0,0
四川省,南充市,江西省,上饶市,2020,33,0,0
四川省,南充市,上海市,上海市,2018,1,4,0
四川省,南充市,上海市,上海市,2019,0,1,0
四川省,南充市,上海市,上海市,2020,0,2,0
四川省,攀枝花市,安徽省,合肥市,2018,0,3,0
四川省,攀枝花市,安徽省,合肥市,2019,0,2,0
四川省,攀枝花市,北京市,北京市,2018,0,2,0
四川省,攀枝花市,北京市,北京市,2019,2,0,0
四川省,攀枝花市,北京市,北京市,2020,0,1,0
四川省,攀枝花市,广东省,广州市,2019,1,0,0
四川省,攀枝花市,黑龙江省,佳木斯市,2018,0,1,0
四川省,攀枝花市,四川省,成都市,2018,24,26,0
四川省,攀枝花市,四川省,成都市,2019,10,14,0
四川省,攀枝花市,四川省,成都市,2020,9,12,0
四川省,攀枝花市,四川省,德阳市,2018,0,2,0
四川省,攀枝花市,四川省,德阳市,2019,0,2,0
四川省,攀枝花市,四川省,广元市,2018,0,1,0
四川省,攀枝花市,四川省,凉山彝族自治州,2020,5,0,0
四川省,攀枝花市,四川省,内江市,2018,1,0,0
四川省,攀枝花市,四川省,宜宾市,2018,0,1,0
四川省,攀枝花市,云南省,德宏傣族景颇族自治州,2019,0,1,0
四川省,遂宁市,北京市,北京市,2018,1,3,0
四川省,遂宁市,北京市,北京市,2019,2,2,0
四川省,遂宁市,北京市,北京市,2020,1,1,0
四川省,遂宁市,广东省,东莞市,2019,3,1,0
四川省,遂宁市,广东省,汕头市,2018,2,2,0
四川省,遂宁市,广东省,汕头市,2019,3,1,0
四川省,遂宁市,广东省,深圳市,2019,6,2,0
四川省,遂宁市,贵州省,贵阳市,2020,0,2,0
四川省,遂宁市,河北省,唐山市,2020,0,1,0
四川省,遂宁市,江苏省,常州市,2019,0,1,0
四川省,遂宁市,江苏省,南京市,2018,1,1,0
四川省,遂宁市,江苏省,南京市,2020,15,0,0
四川省,遂宁市,江苏省,泰州市,2020,10,0,0
四川省,遂宁市,上海市,上海市,2019,5,0,0
四川省,遂宁市,四川省,成都市,2018,60,4,0
四川省,遂宁市,四川省,成都市,2019,17,5,0
四川省,遂宁市,四川省,成都市,2020,6,6,0
四川省,遂宁市,四川省,广安市,2019,5,3,0
四川省,遂宁市,四川省,绵阳市,2019,4,0,0
四川省,遂宁市,四川省,绵阳市,2020,5,1,0
四川省,遂宁市,四川省,宜宾市,2018,1,1,0
四川省,遂宁市,四川省,宜宾市,2020,0,1,0
四川省,遂宁市,天津市,天津市,2020,1,0,0
四川省,遂宁市,新疆维吾尔自治区,昌吉回族自治州,2020,1,0,0
四川省,西昌市,广东省,深圳市,2019,0,1,0
四川省,西昌市,四川省,凉山彝族自治州,2019,0,1,0
四川省,西昌市,四川省,凉山彝族自治州,2020,0,3,0
四川省,雅安市,安徽省,合肥市,2020,1,0,0
四川省,雅安市,北京市,北京市,2020,0,1,0
四川省,雅安市,甘肃省,庆阳市,2020,1,0,0
四川省,雅安市,广东省,广州市,2018,1,0,0
四川省,雅安市,广东省,广州市,2019,0,1,0
四川省,雅安市,广东省,广州市,2020,1,0,0
四川省,雅安市,广东省,梅州市,2018,0,0,3
四川省,雅安市,广东省,深圳市,2020,3,0,0
四川省,雅安市,广东省,肇庆市,2018,1,0,0
四川省,雅安市,广东省,珠海市,2018,0,1,0
四川省,雅安市,广西壮族自治区,梧州市,2018,1,6,0
四川省,雅安市,贵州省,安顺市,2020,0,3,0
四川省,雅安市,河南省,郑州市,2020,0,4,0
四川省,雅安市,江苏省,南京市,2020,1,1,0
四川省,雅安市,江苏省,南通市,2018,7,7,0
四川省,雅安市,江苏省,南通市,2019,9,5,0
四川省,雅安市,江苏省,南通市,2020,7,11,0
四川省,雅安市,江西省,九江市,2019,0,1,0
四川省,雅安市,江西省,南昌市,2019,0,1,0
四川省,雅安市,宁夏回族自治区,石嘴山市,2019,2,0,0
四川省,雅安市,宁夏回族自治区,石嘴山市,2020,2,2,0
四川省,雅安市,陕西省,西安市,2019,1,0,0
四川省,雅安市,上海市,上海市,2019,1,1,0
四川省,雅安市,四川省,阿坝藏族羌族自治州,2020,1,0,0
四川省,雅安市,四川省,巴中市,2018,0,1,0
四川省,雅安市,四川省,巴中市,2020,0,2,0
四川省,雅安市,四川省,成都市,2018,3,24,0
四川省,雅安市,四川省,成都市,2019,9,20,0
四川省,雅安市,四川省,成都市,2020,13,15,0
四川省,雅安市,四川省,德阳市,2020,1,0,0
四川省,雅安市,四川省,甘孜藏族自治州,2019,0,1,0
四川省,雅安市,四川省,广安市,2019,1,0,0
四川省,雅安市,四川省,乐山市,2020,0,1,0
四川省,雅安市,四川省,凉山彝族自治州,2018,1,0,0
四川省,雅安市,四川省,凉山彝族自治州,2019,1,0,0
四川省,雅安市,四川省,泸州市,2019,0,1,0
四川省,雅安市,四川省,泸州市,2020,0,1,0
四川省,雅安市,四川省,眉山市,2020,0,1,0
四川省,雅安市,四川省,绵阳市,2018,0,2,0
四川省,雅安市,四川省,内江市,2018,1,0,0
四川省,雅安市,四川省,内江市,2019,1,0,0
四川省,雅安市,四川省,攀枝花市,2018,1,0,0
四川省,雅安市,四川省,自贡市,2019,1,0,0
四川省,雅安市,云南省,昆明市,2020,7,0,0
四川省,雅安市,云南省,西双版纳傣族自治州,2020,2,0,0
四川省,雅安市,重庆市,重庆市,2020,0,1,0
四川省,宜宾市,安徽省,合肥市,2018,1,1,0
四川省,宜宾市,北京市,北京市,2018,9,5,0
四川省,宜宾市,北京市,北京市,2019,4,6,0
四川省,宜宾市,北京市,北京市,2020,19,20,2
四川省,宜宾市,河南省,南阳市,2019,1,0,0
四川省,宜宾市,河南省,南阳市,2020,1,0,0
四川省,宜宾市,江苏省,南京市,2018,4,3,0
四川省,宜宾市,江西省,吉安市,2019,0,2,0
四川省,宜宾市,山西省,太原市,2019,1,2,0
四川省,宜宾市,上海市,上海市,2018,1,1,0
四川省,宜宾市,上海市,上海市,2019,1,2,0
四川省,宜宾市,上海市,上海市,2020,1,3,0
四川省,宜宾市,四川省,凉山彝族自治州,2018,1,0,0
四川省,宜宾市,四川省,内江市,2019,0,1,0
四川省,资阳市,北京市,北京市,2019,0,3,0
四川省,资阳市,北京市,北京市,2020,1,9,0
四川省,资阳市,福建省,厦门市,2018,4,1,0
四川省,资阳市,福建省,厦门市,2019,4,3,0
四川省,资阳市,福建省,厦门市,2020,8,6,0
四川省,资阳市,河南省,安阳市,2019,1,0,0
四川省,资阳市,河南省,安阳市,2020,7,5,0
四川省,资阳市,黑龙江省,哈尔滨市,2020,4,4,0
四川省,资阳市,湖北省,省直辖县级行政区划,2019,1,0,0
四川省,资阳市,湖北省,省直辖县级行政区划,2020,2,2,0
四川省,资阳市,江苏省,泰州市,2018,4,1,0
四川省,资阳市,江苏省,泰州市,2019,4,3,0
四川省,资阳市,江苏省,泰州市,2020,8,6,0
四川省,资阳市,辽宁省,大连市,2020,0,1,0
四川省,资阳市,陕西省,宝鸡市,2020,1,9,0
四川省,资阳市,四川省,成都市,2018,0,1,0
四川省,资阳市,四川省,成都市,2019,1,3,0
四川省,资阳市,四川省,乐山市,2019,0,3,0
四川省,资阳市,四川省,宜宾市,2020,0,1,0
四川省,自贡市,北京市,北京市,2018,8,0,0
四川省,自贡市,北京市,北京市,2019,2,0,0
四川省,自贡市,北京市,北京市,2020,6,3,0
四川省,自贡市,福建省,福州市,2020,4,0,0
四川省,自贡市,福建省,泉州市,2020,2,3,0
四川省,自贡市,福建省,厦门市,2020,4,0,0
四川省,自贡市,广东省,东莞市,2018,1,1,0
四川省,自贡市,广东省,广州市,2018,4,1,0
四川省,自贡市,广东省,广州市,2019,1,0,0
四川省,自贡市,广东省,广州市,2020,2,3,0
四川省,自贡市,河南省,焦作市,2020,1,0,0
四川省,自贡市,河南省,三门峡市,2020,1,0,0
四川省,自贡市,江苏省,南京市,2019,1,0,0
四川省,自贡市,江苏省,南京市,2020,4,5,0
四川省,自贡市,江苏省,南通市,2020,0,2,0
四川省,自贡市,江苏省,无锡市,2019,1,0,0
四川省,自贡市,江西省,九江市,2020,0,3,0
四川省,自贡市,江西省,南昌市,2018,1,0,0
四川省,自贡市,江西省,南昌市,2019,1,0,0
四川省,自贡市,内蒙古自治区,呼和浩特市,2020,1,0,0
四川省,自贡市,青海省,海东市,2019,0,1,0
四川省,自贡市,山东省,潍坊市,2018,1,0,0
四川省,自贡市,山东省,潍坊市,2019,3,1,0
四川省,自贡市,山东省,枣庄市,2020,0,1,0
四川省,自贡市,山西省,吕梁市,2018,0,1,0
四川省,自贡市,上海市,上海市,2019,3,0,0
四川省,自贡市,四川省,成都市,2018,3,0,0
四川省,自贡市,四川省,成都市,2019,15,6,0
四川省,自贡市,四川省,成都市,2020,19,12,0
四川省,自贡市,四川省,德阳市,2020,1,0,0
四川省,自贡市,四川省,乐山市,2018,2,0,0
四川省,自贡市,四川省,泸州市,2020,2,0,0
四川省,自贡市,四川省,绵阳市,2018,4,0,0
四川省,自贡市,四川省,绵阳市,2019,0,4,0
四川省,自贡市,四川省,绵阳市,2020,5,0,0
四川省,自贡市,四川省,内江市,2019,1,0,0
四川省,自贡市,四川省,内江市,2020,1,0,0
四川省,自贡市,四川省,宜宾市,2018,1,0,0
四川省,自贡市,四川省,宜宾市,2019,2,0,0
四川省,自贡市,四川省,宜宾市,2020,9,0,0
四川省,自贡市,云南省,昆明市,2018,1,0,0
四川省,自贡市,浙江省,杭州市,2018,4,4,0
四川省,自贡市,浙江省,杭州市,2019,1,0,0
四川省,自贡市,浙江省,杭州市,2020,1,1,0
台湾省,台州市,上海市,上海市,2020,0,0,1
天津市,天津市,安徽省,合肥市,2018,19,6,0
天津市,天津市,安徽省,合肥市,2019,56,13,3
天津市,天津市,安徽省,合肥市,2020,30,18,0
天津市,天津市,北京市,北京市,2018,1257,610,2
天津市,天津市,北京市,北京市,2019,1355,643,24
天津市,天津市,北京市,北京市,2020,1971,1180,47
天津市,天津市,福建省,南平市,2018,1,0,0
天津市,天津市,福建省,厦门市,2018,2,1,0
天津市,天津市,福建省,厦门市,2019,5,2,0
天津市,天津市,福建省,厦门市,2020,5,11,0
天津市,天津市,甘肃省,兰州市,2018,5,3,0
天津市,天津市,甘肃省,兰州市,2019,2,6,0
天津市,天津市,甘肃省,兰州市,2020,1,9,0
天津市,天津市,广东省,东莞市,2018,13,4,0
天津市,天津市,广东省,东莞市,2019,18,8,1
天津市,天津市,广东省,东莞市,2020,3,13,2
天津市,天津市,广东省,佛山市,2018,0,7,0
天津市,天津市,广东省,佛山市,2019,7,7,0
天津市,天津市,广东省,佛山市,2020,23,1,0
天津市,天津市,广东省,云浮市,2020,1,0,0
天津市,天津市,广东省,中山市,2018,11,13,0
天津市,天津市,广东省,中山市,2019,12,7,0
天津市,天津市,广东省,中山市,2020,6,1,0
天津市,天津市,广西壮族自治区,北海市,2018,3,0,0
天津市,天津市,广西壮族自治区,北海市,2019,2,0,0
天津市,天津市,广西壮族自治区,南宁市,2018,4,7,0
天津市,天津市,广西壮族自治区,南宁市,2019,4,6,0
天津市,天津市,广西壮族自治区,南宁市,2020,6,12,0
天津市,天津市,贵州省,六盘水市,2020,1,0,0
天津市,天津市,海南省,三沙市,2018,0,3,0
天津市,天津市,海南省,三沙市,2019,0,6,0
天津市,天津市,海南省,三沙市,2020,0,1,0
天津市,天津市,海南省,三亚市,2018,1,0,0
天津市,天津市,河北省,保定市,2018,38,27,0
天津市,天津市,河北省,保定市,2019,16,23,0
天津市,天津市,河北省,保定市,2020,20,22,1
天津市,天津市,河北省,唐山市,2018,13,12,0
天津市,天津市,河北省,唐山市,2019,31,30,0
天津市,天津市,河北省,唐山市,2020,27,74,0
天津市,天津市,河南省,南阳市,2019,1,1,0
天津市,天津市,河南省,南阳市,2020,2,0,0
天津市,天津市,河南省,三门峡市,2020,0,5,0
天津市,天津市,河南省,周口市,2018,1,0,0
天津市,天津市,黑龙江省,大庆市,2018,1,0,0
天津市,天津市,黑龙江省,大庆市,2019,2,0,0
天津市,天津市,黑龙江省,大庆市,2020,1,0,0
天津市,天津市,黑龙江省,大兴安岭地区,2019,1,3,0
天津市,天津市,黑龙江省,哈尔滨市,2018,3,6,0
天津市,天津市,黑龙江省,哈尔滨市,2019,9,10,0
天津市,天津市,黑龙江省,哈尔滨市,2020,34,17,0
天津市,天津市,黑龙江省,佳木斯市,2019,0,2,0
天津市,天津市,黑龙江省,佳木斯市,2020,4,9,0
天津市,天津市,湖北省,十堰市,2019,0,1,0
天津市,天津市,吉林省,吉林市,2018,0,2,0
天津市,天津市,吉林省,吉林市,2019,3,1,0
天津市,天津市,吉林省,吉林市,2020,3,0,0
天津市,天津市,江苏省,南京市,2018,99,9,0
天津市,天津市,江苏省,南京市,2019,75,30,1
天津市,天津市,江苏省,南京市,2020,115,37,1
天津市,天津市,江苏省,南通市,2018,19,16,0
天津市,天津市,江苏省,南通市,2019,14,21,0
天津市,天津市,江苏省,南通市,2020,7,12,3
天津市,天津市,江西省,九江市,2019,0,0,1
天津市,天津市,江西省,南昌市,2018,8,5,0
天津市,天津市,江西省,南昌市,2019,4,3,0
天津市,天津市,江西省,南昌市,2020,5,0,0
天津市,天津市,辽宁省,大连市,2018,15,42,0
天津市,天津市,辽宁省,大连市,2019,18,33,0
天津市,天津市,辽宁省,大连市,2020,24,84,0
天津市,天津市,内蒙古自治区,包头市,2020,5,7,1
天津市,天津市,内蒙古自治区,呼和浩特市,2018,6,10,0
天津市,天津市,内蒙古自治区,呼和浩特市,2019,3,2,0
天津市,天津市,内蒙古自治区,呼和浩特市,2020,2,12,0
天津市,天津市,内蒙古自治区,呼伦贝尔市,2018,4,0,0
天津市,天津市,内蒙古自治区,呼伦贝尔市,2019,2,0,0
天津市,天津市,内蒙古自治区,呼伦贝尔市,2020,0,1,0
天津市,天津市,内蒙古自治区,乌海市,2020,0,1,1
天津市,天津市,内蒙古自治区,乌兰察布市,2018,1,0,0
天津市,天津市,内蒙古自治区,兴安盟,2018,0,1,0
天津市,天津市,宁夏回族自治区,吴忠市,2020,1,2,0
天津市,天津市,宁夏回族自治区,中卫市,2018,18,3,0
天津市,天津市,宁夏回族自治区,中卫市,2019,7,9,0
天津市,天津市,宁夏回族自治区,中卫市,2020,8,0,0
天津市,天津市,山东省,东营市,2019,1,1,0
天津市,天津市,山东省,东营市,2020,3,1,0
天津市,天津市,山东省,临沂市,2018,1,0,0
天津市,天津市,山东省,临沂市,2019,3,0,0
天津市,天津市,山东省,临沂市,2020,7,0,0
天津市,天津市,山西省,大同市,2018,1,0,0
天津市,天津市,山西省,大同市,2019,0,1,0
天津市,天津市,山西省,大同市,2020,1,2,0
天津市,天津市,山西省,临汾市,2020,0,1,0
天津市,天津市,山西省,吕梁市,2019,7,0,0
天津市,天津市,陕西省,咸阳市,2019,1,0,0
天津市,天津市,上海市,上海市,2018,121,49,0
天津市,天津市,上海市,上海市,2019,118,47,3
天津市,天津市,上海市,上海市,2020,137,63,2
天津市,天津市,四川省,乐山市,2019,0,1,0
天津市,天津市,四川省,内江市,2018,1,0,0
天津市,天津市,四川省,内江市,2019,1,0,0
天津市,天津市,新疆维吾尔自治区,克拉玛依市,2018,2,0,0
天津市,天津市,新疆维吾尔自治区,克拉玛依市,2019,4,0,0
天津市,天津市,新疆维吾尔自治区,克拉玛依市,2020,2,0,0
天津市,天津市,新疆维吾尔自治区,塔城地区,2020,0,2,0
天津市,天津市,新疆维吾尔自治区,乌鲁木齐市,2018,16,0,0
天津市,天津市,新疆维吾尔自治区,乌鲁木齐市,2019,6,0,0
天津市,天津市,浙江省,嘉兴市,2018,1,0,0
天津市,天津市,浙江省,嘉兴市,2019,1,1,0
天津市,天津市,浙江省,丽水市,2019,1,0,0
天津市,天津市,浙江省,台州市,2018,1,1,0
天津市,天津市,浙江省,台州市,2019,2,2,0
天津市,天津市,浙江省,台州市,2020,2,0,0
西藏自治区,阿里地区,河南省,郑州市,2020,0,2,0
西藏自治区,阿里地区,青海省,西宁市,2020,1,0,0
西藏自治区,阿里地区,陕西省,西安市,2020,1,0,0
西藏自治区,昌都市,四川省,成都市,2018,1,0,0
西藏自治区,昌都市,云南省,昆明市,2019,0,1,0
西藏自治区,拉萨市,安徽省,合肥市,2018,2,0,0
西藏自治区,拉萨市,安徽省,合肥市,2020,1,0,0
西藏自治区,拉萨市,北京市,北京市,2018,28,8,0
西藏自治区,拉萨市,北京市,北京市,2019,71,7,0
西藏自治区,拉萨市,北京市,北京市,2020,38,22,0
西藏自治区,拉萨市,甘肃省,兰州市,2018,2,0,0
西藏自治区,拉萨市,广东省,广州市,2018,6,3,0
西藏自治区,拉萨市,广东省,广州市,2020,1,6,0
西藏自治区,拉萨市,河北省,保定市,2018,0,2,0
西藏自治区,拉萨市,河北省,保定市,2019,1,2,0
西藏自治区,拉萨市,河北省,保定市,2020,0,5,0
西藏自治区,拉萨市,河北省,唐山市,2019,1,0,0
西藏自治区,拉萨市,河南省,安阳市,2018,1,0,0
西藏自治区,拉萨市,黑龙江省,哈尔滨市,2018,1,2,0
西藏自治区,拉萨市,黑龙江省,哈尔滨市,2019,1,0,0
西藏自治区,拉萨市,黑龙江省,哈尔滨市,2020,5,0,0
西藏自治区,拉萨市,湖北省,宜昌市,2019,1,1,0
西藏自治区,拉萨市,湖北省,宜昌市,2020,1,1,0
西藏自治区,拉萨市,湖南省,娄底市,2020,1,1,0
西藏自治区,拉萨市,江苏省,南京市,2018,5,6,0
西藏自治区,拉萨市,江苏省,南京市,2019,28,6,25
西藏自治区,拉萨市,江苏省,南京市,2020,9,13,13
西藏自治区,拉萨市,江西省,南昌市,2019,1,0,0
西藏自治区,拉萨市,辽宁省,大连市,2019,0,3,0
西藏自治区,拉萨市,辽宁省,大连市,2020,0,3,0
西藏自治区,拉萨市,山东省,德州市,2019,8,18,0
西藏自治区,拉萨市,山东省,德州市,2020,13,27,2
西藏自治区,拉萨市,陕西省,咸阳市,2019,2,0,0
西藏自治区,拉萨市,上海市,上海市,2019,0,1,0
西藏自治区,拉萨市,上海市,上海市,2020,2,0,0
西藏自治区,拉萨市,四川省,成都市,2018,10,4,0
西藏自治区,拉萨市,四川省,成都市,2019,22,4,0
西藏自治区,拉萨市,四川省,成都市,2020,20,34,0
西藏自治区,拉萨市,四川省,德阳市,2020,1,0,0
西藏自治区,拉萨市,天津市,天津市,2018,2,0,0
西藏自治区,拉萨市,天津市,天津市,2019,2,0,0
西藏自治区,拉萨市,天津市,天津市,2020,2,0,0
西藏自治区,拉萨市,西藏自治区,山南市,2019,1,1,0
西藏自治区,拉萨市,西藏自治区,山南市,2020,1,1,0
西藏自治区,拉萨市,新疆维吾尔自治区,乌鲁木齐市,2018,2,1,0
西藏自治区,拉萨市,新疆维吾尔自治区,乌鲁木齐市,2020,2,1,0
西藏自治区,林芝地区,广东省,东莞市,2019,1,0,0
西藏自治区,林芝市,北京市,北京市,2019,3,5,0
西藏自治区,林芝市,北京市,北京市,2020,2,4,0
西藏自治区,林芝市,甘肃省,兰州市,2020,0,1,0
西藏自治区,林芝市,广东省,东莞市,2019,1,0,0
西藏自治区,林芝市,江苏省,常州市,2019,3,1,0
西藏自治区,林芝市,上海市,上海市,2019,3,1,0
西藏自治区,林芝市,四川省,成都市,2019,1,4,0
西藏自治区,林芝市,四川省,成都市,2020,2,1,0
西藏自治区,林芝市,四川省,乐山市,2020,1,0,0
西藏自治区,林芝市,天津市,天津市,2019,1,1,0
西藏自治区,林芝市,西藏自治区,拉萨市,2019,0,2,0
西藏自治区,林芝市,西藏自治区,拉萨市,2020,0,3,0
西藏自治区,林芝市,浙江省,台州市,2020,1,0,0
西藏自治区,那曲市,福建省,漳州市,2020,0,1,0
西藏自治区,那曲市,西藏自治区,林芝市,2019,0,1,0
西藏自治区,日喀则市,北京市,北京市,2020,2,1,0
西藏自治区,日喀则市,上海市,上海市,2018,0,1,0
西藏自治区,山南市,北京市,北京市,2018,0,1,0
西藏自治区,山南市,北京市,北京市,2019,0,5,1
西藏自治区,山南市,北京市,北京市,2020,1,1,0
西藏自治区,山南市,湖北省,宜昌市,2019,1,1,0
西藏自治区,山南市,湖北省,宜昌市,2020,2,1,0
西藏自治区,山南市,内蒙古自治区,呼和浩特市,2019,2,0,0
西藏自治区,山南市,内蒙古自治区,呼和浩特市,2020,3,0,0
西藏自治区,山南市,新疆维吾尔自治区,喀什地区,2020,1,1,0
香港特别行政区,香港特别行政区,北京市,北京市,2020,0,1,0
香港特别行政区,香港特别行政区,广东省,惠州市,2018,0,1,0
香港特别行政区,香港特别行政区,广东省,珠海市,2020,0,4,0
香港特别行政区,香港特别行政区,江苏省,连云港市,2019,0,1,1
香港特别行政区,香港特别行政区,江苏省,苏州市,2020,3,0,0
香港特别行政区,香港特别行政区,辽宁省,锦州市,2019,0,1,0
香港特别行政区,香港特别行政区,陕西省,西安市,2020,0,1,0
香港特别行政区,香港特别行政区,上海市,上海市,2019,0,2,0
新疆维吾尔自治区,阿克苏地区,安徽省,合肥市,2020,1,0,0
新疆维吾尔自治区,阿克苏地区,北京市,北京市,2018,9,12,0
新疆维吾尔自治区,阿克苏地区,北京市,北京市,2019,11,14,0
新疆维吾尔自治区,阿克苏地区,北京市,北京市,2020,22,26,0
新疆维吾尔自治区,阿克苏地区,广东省,广州市,2019,2,1,0
新疆维吾尔自治区,阿克苏地区,广东省,深圳市,2018,1,1,0
新疆维吾尔自治区,阿克苏地区,广东省,珠海市,2020,0,1,0
新疆维吾尔自治区,阿克苏地区,湖北省,省直辖县级行政区划,2020,2,2,0
新疆维吾尔自治区,阿克苏地区,湖北省,武汉市,2018,1,1,0
新疆维吾尔自治区,阿克苏地区,湖北省,武汉市,2020,2,3,0
新疆维吾尔自治区,阿克苏地区,湖南省,长沙市,2018,1,0,0
新疆维吾尔自治区,阿克苏地区,湖南省,衡阳市,2019,1,0,0
新疆维吾尔自治区,阿克苏地区,江苏省,南京市,2020,16,9,0
新疆维吾尔自治区,阿克苏地区,江苏省,无锡市,2018,3,3,0
新疆维吾尔自治区,阿克苏地区,江苏省,徐州市,2019,4,0,0
新疆维吾尔自治区,阿克苏地区,江苏省,徐州市,2020,1,0,0
新疆维吾尔自治区,阿克苏地区,山东省,日照市,2019,2,0,0
新疆维吾尔自治区,阿克苏地区,陕西省,西安市,2018,2,1,0
新疆维吾尔自治区,阿克苏地区,陕西省,西安市,2019,0,2,0
新疆维吾尔自治区,阿克苏地区,陕西省,西安市,2020,2,0,0
新疆维吾尔自治区,阿克苏地区,四川省,眉山市,2018,1,0,0
新疆维吾尔自治区,阿克苏地区,新疆维吾尔自治区,吐鲁番市,2020,0,1,0
新疆维吾尔自治区,阿克苏地区,新疆维吾尔自治区,乌鲁木齐市,2018,1,1,0
新疆维吾尔自治区,阿克苏地区,新疆维吾尔自治区,乌鲁木齐市,2020,4,4,0
新疆维吾尔自治区,阿克苏地区,浙江省,杭州市,2018,3,2,0
新疆维吾尔自治区,阿克苏地区,浙江省,杭州市,2019,1,2,0
新疆维吾尔自治区,阿克苏地区,浙江省,绍兴市,2020,3,3,0
新疆维吾尔自治区,阿克苏地区,浙江省,温州市,2018,0,1,0
新疆维吾尔自治区,阿勒泰地区,北京市,北京市,2018,9,9,0
新疆维吾尔自治区,阿勒泰地区,北京市,北京市,2019,9,13,0
新疆维吾尔自治区,阿勒泰地区,北京市,北京市,2020,7,16,0
新疆维吾尔自治区,阿勒泰地区,甘肃省,白银市,2018,0,2,0
新疆维吾尔自治区,阿勒泰地区,甘肃省,兰州市,2018,1,0,0
新疆维吾尔自治区,阿勒泰地区,广东省,深圳市,2019,1,1,0
新疆维吾尔自治区,阿勒泰地区,河南省,许昌市,2020,1,0,0
新疆维吾尔自治区,阿勒泰地区,湖北省,武汉市,2018,1,1,0
新疆维吾尔自治区,阿勒泰地区,陕西省,西安市,2020,1,0,0
新疆维吾尔自治区,阿勒泰地区,新疆维吾尔自治区,巴音郭楞蒙古自治州,2018,1,0,0
新疆维吾尔自治区,阿勒泰地区,新疆维吾尔自治区,昌吉回族自治州,2018,1,0,0
新疆维吾尔自治区,阿勒泰地区,新疆维吾尔自治区,昌吉回族自治州,2019,1,0,0
新疆维吾尔自治区,阿勒泰地区,新疆维吾尔自治区,吐鲁番市,2018,1,0,0
新疆维吾尔自治区,阿勒泰地区,新疆维吾尔自治区,乌鲁木齐市,2018,4,0,0
新疆维吾尔自治区,阿勒泰地区,新疆维吾尔自治区,乌鲁木齐市,2019,1,2,0
新疆维吾尔自治区,阿勒泰地区,新疆维吾尔自治区,乌鲁木齐市,2020,0,6,0
新疆维吾尔自治区,巴音郭楞蒙古自治州,安徽省,合肥市,2020,1,0,0
新疆维吾尔自治区,巴音郭楞蒙古自治州,北京市,北京市,2018,3,4,0
新疆维吾尔自治区,巴音郭楞蒙古自治州,北京市,北京市,2019,3,11,0
新疆维吾尔自治区,巴音郭楞蒙古自治州,北京市,北京市,2020,13,12,0
新疆维吾尔自治区,巴音郭楞蒙古自治州,甘肃省,兰州市,2018,0,1,0
新疆维吾尔自治区,巴音郭楞蒙古自治州,甘肃省,兰州市,2020,0,1,0
新疆维吾尔自治区,巴音郭楞蒙古自治州,黑龙江省,哈尔滨市,2018,1,0,0
新疆维吾尔自治区,巴音郭楞蒙古自治州,黑龙江省,哈尔滨市,2019,0,1,0
新疆维吾尔自治区,巴音郭楞蒙古自治州,江苏省,南京市,2019,1,0,0
新疆维吾尔自治区,巴音郭楞蒙古自治州,江苏省,南京市,2020,2,0,0
新疆维吾尔自治区,巴音郭楞蒙古自治州,内蒙古自治区,乌海市,2019,1,0,0
新疆维吾尔自治区,巴音郭楞蒙古自治州,上海市,上海市,2018,1,0,0
新疆维吾尔自治区,巴音郭楞蒙古自治州,天津市,天津市,2020,1,0,0
新疆维吾尔自治区,巴音郭楞蒙古自治州,新疆维吾尔自治区,吐鲁番市,2018,1,0,0
新疆维吾尔自治区,巴音郭楞蒙古自治州,新疆维吾尔自治区,吐鲁番市,2020,0,1,0
新疆维吾尔自治区,巴音郭楞蒙古自治州,新疆维吾尔自治区,乌鲁木齐市,2018,1,1,0
新疆维吾尔自治区,巴音郭楞蒙古自治州,新疆维吾尔自治区,乌鲁木齐市,2019,8,7,0
新疆维吾尔自治区,巴音郭楞蒙古自治州,新疆维吾尔自治区,乌鲁木齐市,2020,15,29,0
新疆维吾尔自治区,巴音郭楞蒙古自治州,新疆维吾尔自治区,伊犁哈萨克自治州,2020,0,1,0
新疆维吾尔自治区,博尔塔拉蒙古自治州,北京市,北京市,2018,8,15,0
新疆维吾尔自治区,博尔塔拉蒙古自治州,北京市,北京市,2019,11,20,0
新疆维吾尔自治区,博尔塔拉蒙古自治州,北京市,北京市,2020,8,10,0
新疆维吾尔自治区,博尔塔拉蒙古自治州,上海市,上海市,2019,1,0,0
新疆维吾尔自治区,博尔塔拉蒙古自治州,新疆维吾尔自治区,乌鲁木齐市,2018,0,1,0
新疆维吾尔自治区,博尔塔拉蒙古自治州,新疆维吾尔自治区,乌鲁木齐市,2019,2,0,0
新疆维吾尔自治区,博尔塔拉蒙古自治州,新疆维吾尔自治区,乌鲁木齐市,2020,1,2,0
新疆维吾尔自治区,博尔塔拉蒙古自治州,新疆维吾尔自治区,伊犁哈萨克自治州,2019,1,0,0
新疆维吾尔自治区,昌吉回族自治州,安徽省,合肥市,2019,3,2,0
新疆维吾尔自治区,昌吉回族自治州,安徽省,合肥市,2020,6,4,0
新疆维吾尔自治区,昌吉回族自治州,北京市,北京市,2018,20,27,0
新疆维吾尔自治区,昌吉回族自治州,北京市,北京市,2019,31,32,0
新疆维吾尔自治区,昌吉回族自治州,北京市,北京市,2020,22,39,0
新疆维吾尔自治区,昌吉回族自治州,甘肃省,兰州市,2019,3,0,0
新疆维吾尔自治区,昌吉回族自治州,广东省,佛山市,2018,6,6,0
新疆维吾尔自治区,昌吉回族自治州,广东省,佛山市,2019,4,3,0
新疆维吾尔自治区,昌吉回族自治州,广东省,广州市,2018,2,2,0
新疆维吾尔自治区,昌吉回族自治州,广西壮族自治区,崇左市,2018,1,4,0
新疆维吾尔自治区,昌吉回族自治州,广西壮族自治区,崇左市,2019,7,6,0
新疆维吾尔自治区,昌吉回族自治州,广西壮族自治区,崇左市,2020,0,8,0
新疆维吾尔自治区,昌吉回族自治州,河北省,保定市,2019,2,0,0
新疆维吾尔自治区,昌吉回族自治州,河北省,唐山市,2018,0,1,0
新疆维吾尔自治区,昌吉回族自治州,河北省,唐山市,2019,1,3,0
新疆维吾尔自治区,昌吉回族自治州,河南省,安阳市,2020,1,0,0
新疆维吾尔自治区,昌吉回族自治州,河南省,新乡市,2019,0,5,0
新疆维吾尔自治区,昌吉回族自治州,河南省,新乡市,2020,3,6,5
新疆维吾尔自治区,昌吉回族自治州,黑龙江省,哈尔滨市,2018,0,2,0
新疆维吾尔自治区,昌吉回族自治州,黑龙江省,哈尔滨市,2019,1,1,0
新疆维吾尔自治区,昌吉回族自治州,吉林省,吉林市,2019,0,3,0
新疆维吾尔自治区,昌吉回族自治州,吉林省,四平市,2018,1,1,0
新疆维吾尔自治区,昌吉回族自治州,江苏省,南京市,2018,7,0,0
新疆维吾尔自治区,昌吉回族自治州,江苏省,南京市,2019,2,1,0
新疆维吾尔自治区,昌吉回族自治州,江苏省,南京市,2020,7,0,0
新疆维吾尔自治区,昌吉回族自治州,江苏省,无锡市,2019,1,0,0
新疆维吾尔自治区,昌吉回族自治州,江苏省,无锡市,2020,2,0,0
新疆维吾尔自治区,昌吉回族自治州,江西省,南昌市,2020,1,0,0
新疆维吾尔自治区,昌吉回族自治州,辽宁省,大连市,2018,1,1,0
新疆维吾尔自治区,昌吉回族自治州,辽宁省,大连市,2019,1,0,0
新疆维吾尔自治区,昌吉回族自治州,辽宁省,大连市,2020,1,3,0
新疆维吾尔自治区,昌吉回族自治州,山东省,德州市,2018,1,1,0
新疆维吾尔自治区,昌吉回族自治州,山东省,临沂市,2018,3,0,0
新疆维吾尔自治区,昌吉回族自治州,山东省,临沂市,2019,3,0,0
新疆维吾尔自治区,昌吉回族自治州,上海市,上海市,2019,1,0,0
新疆维吾尔自治区,昌吉回族自治州,上海市,上海市,2020,2,2,0
新疆维吾尔自治区,昌吉回族自治州,天津市,天津市,2019,4,10,0
新疆维吾尔自治区,昌吉回族自治州,天津市,天津市,2020,11,18,0
新疆维吾尔自治区,昌吉回族自治州,新疆维吾尔自治区,巴音郭楞蒙古自治州,2020,2,0,0
新疆维吾尔自治区,昌吉回族自治州,新疆维吾尔自治区,博尔塔拉蒙古自治州,2019,0,1,0
新疆维吾尔自治区,昌吉回族自治州,新疆维吾尔自治区,吐鲁番市,2018,6,6,0
新疆维吾尔自治区,昌吉回族自治州,新疆维吾尔自治区,吐鲁番市,2019,3,6,0
新疆维吾尔自治区,昌吉回族自治州,新疆维吾尔自治区,乌鲁木齐市,2018,27,23,0
新疆维吾尔自治区,昌吉回族自治州,新疆维吾尔自治区,乌鲁木齐市,2019,22,53,0
新疆维吾尔自治区,昌吉回族自治州,新疆维吾尔自治区,乌鲁木齐市,2020,19,64,0
新疆维吾尔自治区,昌吉回族自治州,新疆维吾尔自治区,伊犁哈萨克自治州,2018,1,1,0
新疆维吾尔自治区,哈密市,安徽省,合肥市,2019,1,0,0
新疆维吾尔自治区,哈密市,北京市,北京市,2018,4,10,0
新疆维吾尔自治区,哈密市,北京市,北京市,2019,7,16,0
新疆维吾尔自治区,哈密市,北京市,北京市,2020,17,25,0
新疆维吾尔自治区,哈密市,河北省,保定市,2019,0,1,0
新疆维吾尔自治区,哈密市,江苏省,南京市,2019,1,0,0
新疆维吾尔自治区,哈密市,江西省,九江市,2020,1,0,0
新疆维吾尔自治区,哈密市,新疆维吾尔自治区,博尔塔拉蒙古自治州,2019,1,0,0
新疆维吾尔自治区,哈密市,新疆维吾尔自治区,乌鲁木齐市,2019,3,2,0
新疆维吾尔自治区,哈密市,新疆维吾尔自治区,乌鲁木齐市,2020,0,3,0
新疆维吾尔自治区,哈密市,新疆维吾尔自治区,伊犁哈萨克自治州,2019,1,0,0
新疆维吾尔自治区,和田地区,安徽省,合肥市,2020,1,0,0
新疆维吾尔自治区,和田地区,北京市,北京市,2018,8,6,0
新疆维吾尔自治区,和田地区,北京市,北京市,2019,1,1,0
新疆维吾尔自治区,和田地区,北京市,北京市,2020,8,8,0
新疆维吾尔自治区,和田地区,甘肃省,兰州市,2020,0,1,0
新疆维吾尔自治区,和田地区,新疆维吾尔自治区,乌鲁木齐市,2019,1,1,0
新疆维吾尔自治区,和田地区,新疆维吾尔自治区,乌鲁木齐市,2020,2,2,1
新疆维吾尔自治区,喀什地区,安徽省,合肥市,2019,3,0,0
新疆维吾尔自治区,喀什地区,北京市,北京市,2018,10,22,0
新疆维吾尔自治区,喀什地区,北京市,北京市,2019,10,18,0
新疆维吾尔自治区,喀什地区,北京市,北京市,2020,8,12,0
新疆维吾尔自治区,喀什地区,江苏省,南京市,2019,1,0,0
新疆维吾尔自治区,喀什地区,上海市,上海市,2018,0,1,0
新疆维吾尔自治区,喀什地区,新疆维吾尔自治区,乌鲁木齐市,2018,4,3,0
新疆维吾尔自治区,喀什地区,新疆维吾尔自治区,乌鲁木齐市,2019,3,3,0
新疆维吾尔自治区,喀什地区,新疆维吾尔自治区,乌鲁木齐市,2020,1,13,0
新疆维吾尔自治区,克拉玛依市,上海市,上海市,2018,0,3,0
新疆维吾尔自治区,克拉玛依市,上海市,上海市,2019,1,0,0
新疆维吾尔自治区,克拉玛依市,上海市,上海市,2020,0,1,0
新疆维吾尔自治区,克拉玛依市,新疆维吾尔自治区,乌鲁木齐市,2018,3,1,0
新疆维吾尔自治区,克拉玛依市,新疆维吾尔自治区,乌鲁木齐市,2019,0,3,0
新疆维吾尔自治区,克孜勒苏柯尔克孜自治州,河南省,信阳市,2020,2,1,0
新疆维吾尔自治区,克孜勒苏柯尔克孜自治州,新疆维吾尔自治区,乌鲁木齐市,2020,0,1,0
新疆维吾尔自治区,塔城地区,安徽省,合肥市,2020,1,0,0
新疆维吾尔自治区,塔城地区,北京市,北京市,2018,8,11,0
新疆维吾尔自治区,塔城地区,北京市,北京市,2019,1,8,0
新疆维吾尔自治区,塔城地区,北京市,北京市,2020,17,15,1
新疆维吾尔自治区,塔城地区,山东省,东营市,2019,6,4,0
新疆维吾尔自治区,塔城地区,山东省,东营市,2020,9,3,0
新疆维吾尔自治区,塔城地区,上海市,上海市,2018,3,0,0
新疆维吾尔自治区,塔城地区,上海市,上海市,2019,3,0,0
新疆维吾尔自治区,塔城地区,上海市,上海市,2020,15,0,0
新疆维吾尔自治区,塔城地区,新疆维吾尔自治区,乌鲁木齐市,2018,2,2,0
新疆维吾尔自治区,塔城地区,新疆维吾尔自治区,乌鲁木齐市,2019,2,0,0
新疆维吾尔自治区,塔城地区,新疆维吾尔自治区,乌鲁木齐市,2020,0,5,0
新疆维吾尔自治区,塔城地区,新疆维吾尔自治区,伊犁哈萨克自治州,2019,0,1,0
新疆维吾尔自治区,吐鲁番市,北京市,北京市,2018,2,6,0
新疆维吾尔自治区,吐鲁番市,北京市,北京市,2019,9,17,0
新疆维吾尔自治区,吐鲁番市,北京市,北京市,2020,7,11,0
新疆维吾尔自治区,吐鲁番市,广东省,东莞市,2020,2,14,0
新疆维吾尔自治区,吐鲁番市,广东省,佛山市,2018,6,6,0
新疆维吾尔自治区,吐鲁番市,广东省,佛山市,2019,3,3,0
新疆维吾尔自治区,吐鲁番市,河南省,信阳市,2020,0,1,0
新疆维吾尔自治区,吐鲁番市,江苏省,南京市,2018,0,1,0
新疆维吾尔自治区,吐鲁番市,上海市,上海市,2018,0,1,0
新疆维吾尔自治区,吐鲁番市,新疆维吾尔自治区,乌鲁木齐市,2018,10,9,0
新疆维吾尔自治区,吐鲁番市,新疆维吾尔自治区,乌鲁木齐市,2019,4,26,0
新疆维吾尔自治区,吐鲁番市,新疆维吾尔自治区,乌鲁木齐市,2020,5,42,0
新疆维吾尔自治区,吐鲁番市,新疆维吾尔自治区,伊犁哈萨克自治州,2020,0,1,0
新疆维吾尔自治区,乌鲁木齐市,福建省,三明市,2020,1,0,0
新疆维吾尔自治区,乌鲁木齐市,广东省,东莞市,2019,3,0,0
新疆维吾尔自治区,乌鲁木齐市,内蒙古自治区,乌海市,2018,1,1,0
新疆维吾尔自治区,乌鲁木齐市,内蒙古自治区,乌兰察布市,2019,1,1,0
新疆维吾尔自治区,乌鲁木齐市,山东省,东营市,2020,6,0,0
新疆维吾尔自治区,乌鲁木齐市,山西省,临汾市,2018,1,0,0
新疆维吾尔自治区,乌鲁木齐市,上海市,上海市,2018,12,5,0
新疆维吾尔自治区,乌鲁木齐市,上海市,上海市,2019,24,4,0
新疆维吾尔自治区,乌鲁木齐市,上海市,上海市,2020,14,11,0
新疆维吾尔自治区,伊犁哈萨克自治州,江西省,上饶市,2020,2,0,0
新疆维吾尔自治区,伊犁哈萨克自治州,上海市,上海市,2020,0,6,0
新疆维吾尔自治区,伊犁哈萨克自治州,新疆维吾尔自治区,乌鲁木齐市,2018,7,1,0
新疆维吾尔自治区,伊犁哈萨克自治州,新疆维吾尔自治区,乌鲁木齐市,2019,3,1,0
新疆维吾尔自治区,伊犁哈萨克自治州,新疆维吾尔自治区,乌鲁木齐市,2020,5,9,0
新疆维吾尔自治区,自治区直辖县级行政区划,安徽省,滁州市,2020,6,0,0
新疆维吾尔自治区,自治区直辖县级行政区划,北京市,北京市,2018,7,3,0
新疆维吾尔自治区,自治区直辖县级行政区划,北京市,北京市,2019,15,2,0
新疆维吾尔自治区,自治区直辖县级行政区划,北京市,北京市,2020,10,3,0
新疆维吾尔自治区,自治区直辖县级行政区划,福建省,厦门市,2018,3,3,0
新疆维吾尔自治区,自治区直辖县级行政区划,福建省,厦门市,2020,1,1,0
新疆维吾尔自治区,自治区直辖县级行政区划,甘肃省,兰州市,2020,1,1,0
新疆维吾尔自治区,自治区直辖县级行政区划,甘肃省,张掖市,2020,1,0,0
新疆维吾尔自治区,自治区直辖县级行政区划,广东省,广州市,2020,2,0,0
新疆维吾尔自治区,自治区直辖县级行政区划,广东省,清远市,2020,6,0,0
新疆维吾尔自治区,自治区直辖县级行政区划,广东省,湛江市,2019,1,0,0
新疆维吾尔自治区,自治区直辖县级行政区划,广西壮族自治区,崇左市,2019,0,1,0
新疆维吾尔自治区,自治区直辖县级行政区划,海南省,海口市,2020,1,2,0
新疆维吾尔自治区,自治区直辖县级行政区划,河北省,保定市,2019,1,0,0
新疆维吾尔自治区,自治区直辖县级行政区划,黑龙江省,哈尔滨市,2018,0,7,0
新疆维吾尔自治区,自治区直辖县级行政区划,黑龙江省,哈尔滨市,2019,2,2,0
新疆维吾尔自治区,自治区直辖县级行政区划,黑龙江省,哈尔滨市,2020,5,1,0
新疆维吾尔自治区,自治区直辖县级行政区划,黑龙江省,佳木斯市,2020,0,1,0
新疆维吾尔自治区,自治区直辖县级行政区划,黑龙江省,牡丹江市,2018,0,1,0
新疆维吾尔自治区,自治区直辖县级行政区划,黑龙江省,绥化市,2018,0,1,0
新疆维吾尔自治区,自治区直辖县级行政区划,湖北省,武汉市,2018,1,0,0
新疆维吾尔自治区,自治区直辖县级行政区划,湖北省,武汉市,2019,10,0,0
新疆维吾尔自治区,自治区直辖县级行政区划,湖北省,武汉市,2020,4,3,0
新疆维吾尔自治区,自治区直辖县级行政区划,湖北省,咸宁市,2020,1,0,0
新疆维吾尔自治区,自治区直辖县级行政区划,吉林省,吉林市,2019,0,2,0
新疆维吾尔自治区,自治区直辖县级行政区划,江苏省,南京市,2019,1,0,0
新疆维吾尔自治区,自治区直辖县级行政区划,江苏省,南京市,2020,1,0,0
新疆维吾尔自治区,自治区直辖县级行政区划,江苏省,无锡市,2019,5,0,0
新疆维吾尔自治区,自治区直辖县级行政区划,江苏省,无锡市,2020,2,0,0
新疆维吾尔自治区,自治区直辖县级行政区划,江苏省,徐州市,2019,4,0,0
新疆维吾尔自治区,自治区直辖县级行政区划,江苏省,徐州市,2020,4,0,0
新疆维吾尔自治区,自治区直辖县级行政区划,江西省,南昌市,2019,1,0,0
新疆维吾尔自治区,自治区直辖县级行政区划,辽宁省,大连市,2018,2,4,0
新疆维吾尔自治区,自治区直辖县级行政区划,辽宁省,大连市,2019,2,5,0
新疆维吾尔自治区,自治区直辖县级行政区划,辽宁省,大连市,2020,0,5,0
新疆维吾尔自治区,自治区直辖县级行政区划,辽宁省,沈阳市,2020,2,0,0
新疆维吾尔自治区,自治区直辖县级行政区划,山东省,潍坊市,2020,2,0,0
新疆维吾尔自治区,自治区直辖县级行政区划,山东省,烟台市,2018,1,1,0
新疆维吾尔自治区,自治区直辖县级行政区划,山东省,烟台市,2020,1,0,0
新疆维吾尔自治区,自治区直辖县级行政区划,山西省,太原市,2019,1,3,0
新疆维吾尔自治区,自治区直辖县级行政区划,山西省,太原市,2020,4,0,0
新疆维吾尔自治区,自治区直辖县级行政区划,上海市,上海市,2018,2,0,0
新疆维吾尔自治区,自治区直辖县级行政区划,上海市,上海市,2019,2,0,0
新疆维吾尔自治区,自治区直辖县级行政区划,上海市,上海市,2020,1,0,0
新疆维吾尔自治区,自治区直辖县级行政区划,四川省,成都市,2019,0,4,0
新疆维吾尔自治区,自治区直辖县级行政区划,四川省,成都市,2020,1,2,0
新疆维吾尔自治区,自治区直辖县级行政区划,天津市,天津市,2018,1,0,0
新疆维吾尔自治区,自治区直辖县级行政区划,天津市,天津市,2020,3,0,0
新疆维吾尔自治区,自治区直辖县级行政区划,西藏自治区,拉萨市,2019,1,1,0
新疆维吾尔自治区,自治区直辖县级行政区划,西藏自治区,拉萨市,2020,2,0,0
新疆维吾尔自治区,自治区直辖县级行政区划,新疆维吾尔自治区,巴音郭楞蒙古自治州,2020,4,3,0
新疆维吾尔自治区,自治区直辖县级行政区划,新疆维吾尔自治区,博尔塔拉蒙古自治州,2019,0,1,0
新疆维吾尔自治区,自治区直辖县级行政区划,新疆维吾尔自治区,博尔塔拉蒙古自治州,2020,0,2,0
新疆维吾尔自治区,自治区直辖县级行政区划,新疆维吾尔自治区,昌吉回族自治州,2018,1,1,0
新疆维吾尔自治区,自治区直辖县级行政区划,新疆维吾尔自治区,昌吉回族自治州,2019,0,1,0
新疆维吾尔自治区,自治区直辖县级行政区划,新疆维吾尔自治区,昌吉回族自治州,2020,4,3,0
新疆维吾尔自治区,自治区直辖县级行政区划,新疆维吾尔自治区,和田地区,2019,1,2,0
新疆维吾尔自治区,自治区直辖县级行政区划,新疆维吾尔自治区,和田地区,2020,1,1,0
新疆维吾尔自治区,自治区直辖县级行政区划,新疆维吾尔自治区,喀什地区,2019,1,0,0
新疆维吾尔自治区,自治区直辖县级行政区划,新疆维吾尔自治区,克拉玛依市,2019,0,2,0
新疆维吾尔自治区,自治区直辖县级行政区划,新疆维吾尔自治区,塔城地区,2020,0,1,0
新疆维吾尔自治区,自治区直辖县级行政区划,新疆维吾尔自治区,吐鲁番市,2019,1,2,0
新疆维吾尔自治区,自治区直辖县级行政区划,新疆维吾尔自治区,吐鲁番市,2020,2,0,0
新疆维吾尔自治区,自治区直辖县级行政区划,新疆维吾尔自治区,乌鲁木齐市,2018,2,5,0
新疆维吾尔自治区,自治区直辖县级行政区划,新疆维吾尔自治区,乌鲁木齐市,2019,13,32,0
新疆维吾尔自治区,自治区直辖县级行政区划,新疆维吾尔自治区,乌鲁木齐市,2020,15,48,0
新疆维吾尔自治区,自治区直辖县级行政区划,新疆维吾尔自治区,伊犁哈萨克自治州,2018,2,2,0
新疆维吾尔自治区,自治区直辖县级行政区划,新疆维吾尔自治区,伊犁哈萨克自治州,2019,2,1,0
新疆维吾尔自治区,自治区直辖县级行政区划,新疆维吾尔自治区,伊犁哈萨克自治州,2020,2,1,0
新疆维吾尔自治区,自治区直辖县级行政区划,浙江省,杭州市,2018,1,0,0
新疆维吾尔自治区,自治区直辖县级行政区划,浙江省,杭州市,2019,3,4,0
新疆维吾尔自治区,自治区直辖县级行政区划,浙江省,杭州市,2020,8,4,0
新疆维吾尔自治区,自治区直辖县级行政区划,浙江省,宁波市,2019,3,0,0
云南省,楚雄彝族自治州,北京市,北京市,2018,1,1,0
云南省,楚雄彝族自治州,北京市,北京市,2019,1,0,0
云南省,楚雄彝族自治州,北京市,北京市,2020,0,3,0
云南省,楚雄彝族自治州,广西壮族自治区,桂林市,2020,1,1,0
云南省,楚雄彝族自治州,江苏省,南京市,2018,2,0,0
云南省,楚雄彝族自治州,上海市,上海市,2019,2,0,0
云南省,楚雄彝族自治州,云南省,保山市,2020,1,0,0
云南省,楚雄彝族自治州,云南省,大理白族自治州,2019,4,0,0
云南省,楚雄彝族自治州,云南省,大理白族自治州,2020,4,4,0
云南省,楚雄彝族自治州,云南省,昆明市,2018,9,11,0
云南省,楚雄彝族自治州,云南省,昆明市,2019,12,6,0
云南省,楚雄彝族自治州,云南省,昆明市,2020,23,14,4
云南省,楚雄彝族自治州,云南省,曲靖市,2018,0,1,0
云南省,楚雄彝族自治州,云南省,文山壮族苗族自治州,2018,1,0,0
云南省,大理白族自治州,北京市,北京市,2018,1,0,0
云南省,大理白族自治州,北京市,北京市,2019,0,1,0
云南省,大理白族自治州,北京市,北京市,2020,1,1,0
云南省,大理白族自治州,甘肃省,兰州市,2018,2,5,0
云南省,大理白族自治州,江西省,南昌市,2018,1,0,0
云南省,大理白族自治州,上海市,上海市,2018,4,1,0
云南省,大理白族自治州,上海市,上海市,2019,1,0,0
云南省,大理白族自治州,上海市,上海市,2020,4,1,0
云南省,大理白族自治州,浙江省,台州市,2019,1,1,0
云南省,德宏傣族景颇族自治州,江苏省,南京市,2019,1,0,0
云南省,德宏傣族景颇族自治州,山西省,太原市,2019,0,2,0
云南省,德宏傣族景颇族自治州,上海市,上海市,2019,2,0,0
云南省,德宏傣族景颇族自治州,浙江省,宁波市,2019,0,1,0
云南省,迪庆藏族自治州,北京市,北京市,2018,1,1,0
云南省,迪庆藏族自治州,北京市,北京市,2020,2,1,0
云南省,迪庆藏族自治州,山东省,威海市,2020,1,1,0
云南省,迪庆藏族自治州,上海市,上海市,2019,1,0,0
云南省,迪庆藏族自治州,云南省,昆明市,2018,2,6,0
云南省,迪庆藏族自治州,云南省,昆明市,2019,3,9,0
云南省,迪庆藏族自治州,云南省,昆明市,2020,7,5,0
云南省,迪庆藏族自治州,浙江省,湖州市,2020,1,0,0
云南省,红河哈尼族彝族自治州,安徽省,合肥市,2019,0,1,0
云南省,红河哈尼族彝族自治州,北京市,北京市,2019,4,4,0
云南省,红河哈尼族彝族自治州,北京市,北京市,2020,4,6,0
云南省,红河哈尼族彝族自治州,福建省,漳州市,2020,0,1,0
云南省,红河哈尼族彝族自治州,甘肃省,平凉市,2020,3,11,0
云南省,红河哈尼族彝族自治州,广东省,东莞市,2020,3,11,0
云南省,红河哈尼族彝族自治州,广东省,佛山市,2020,0,9,0
云南省,红河哈尼族彝族自治州,广东省,广州市,2020,4,2,0
云南省,红河哈尼族彝族自治州,海南省,省直辖县级行政区划,2018,0,4,0
云南省,红河哈尼族彝族自治州,海南省,省直辖县级行政区划,2019,1,1,0
云南省,红河哈尼族彝族自治州,海南省,省直辖县级行政区划,2020,0,3,0
云南省,红河哈尼族彝族自治州,湖南省,株洲市,2019,1,0,0
云南省,红河哈尼族彝族自治州,湖南省,株洲市,2020,0,1,0
云南省,红河哈尼族彝族自治州,江苏省,常州市,2018,1,0,0
云南省,红河哈尼族彝族自治州,内蒙古自治区,包头市,2018,2,2,0
云南省,红河哈尼族彝族自治州,内蒙古自治区,包头市,2019,1,1,0
云南省,红河哈尼族彝族自治州,内蒙古自治区,包头市,2020,1,0,0
云南省,红河哈尼族彝族自治州,内蒙古自治区,呼和浩特市,2019,1,0,0
云南省,红河哈尼族彝族自治州,内蒙古自治区,呼和浩特市,2020,1,0,0
云南省,红河哈尼族彝族自治州,山东省,枣庄市,2018,0,2,0
云南省,红河哈尼族彝族自治州,山东省,枣庄市,2019,1,1,0
云南省,红河哈尼族彝族自治州,上海市,上海市,2018,0,4,0
云南省,红河哈尼族彝族自治州,上海市,上海市,2019,0,1,0
云南省,红河哈尼族彝族自治州,上海市,上海市,2020,0,4,0
云南省,红河哈尼族彝族自治州,四川省,成都市,2020,1,1,0
云南省,红河哈尼族彝族自治州,四川省,凉山彝族自治州,2020,2,0,0
云南省,红河哈尼族彝族自治州,四川省,内江市,2020,0,2,0
云南省,红河哈尼族彝族自治州,云南省,楚雄彝族自治州,2018,2,0,0
云南省,红河哈尼族彝族自治州,云南省,楚雄彝族自治州,2020,4,0,0
云南省,红河哈尼族彝族自治州,云南省,大理白族自治州,2019,0,2,0
云南省,红河哈尼族彝族自治州,云南省,大理白族自治州,2020,4,0,0
云南省,红河哈尼族彝族自治州,云南省,昆明市,2018,29,28,0
云南省,红河哈尼族彝族自治州,云南省,昆明市,2019,20,11,0
云南省,红河哈尼族彝族自治州,云南省,昆明市,2020,25,14,0
云南省,红河哈尼族彝族自治州,云南省,普洱市,2018,1,1,0
云南省,红河哈尼族彝族自治州,云南省,玉溪市,2018,1,0,0
云南省,红河哈尼族彝族自治州,云南省,玉溪市,2020,1,0,0
云南省,红河哈尼族彝族自治州,云南省,昭通市,2019,1,0,0
云南省,红河哈尼族彝族自治州,浙江省,杭州市,2018,5,4,0
云南省,红河哈尼族彝族自治州,浙江省,杭州市,2019,12,3,2
云南省,红河哈尼族彝族自治州,浙江省,杭州市,2020,1,3,0
云南省,昆明市,安徽省,安庆市,2020,1,2,0
云南省,昆明市,安徽省,合肥市,2018,1,0,0
云南省,昆明市,安徽省,合肥市,2019,2,1,0
云南省,昆明市,安徽省,合肥市,2020,2,1,0
云南省,昆明市,北京市,北京市,2018,72,29,0
云南省,昆明市,北京市,北京市,2019,96,49,0
云南省,昆明市,北京市,北京市,2020,122,48,0
云南省,昆明市,福建省,厦门市,2018,5,0,0
云南省,昆明市,福建省,厦门市,2019,3,1,0
云南省,昆明市,福建省,厦门市,2020,4,3,0
云南省,昆明市,甘肃省,兰州市,2018,3,2,0
云南省,昆明市,甘肃省,兰州市,2019,0,1,0
云南省,昆明市,甘肃省,天水市,2018,1,0,0
云南省,昆明市,甘肃省,张掖市,2018,1,0,0
云南省,昆明市,广东省,东莞市,2020,1,1,1
云南省,昆明市,广东省,广州市,2018,13,1,0
云南省,昆明市,广东省,广州市,2019,13,4,0
云南省,昆明市,广东省,广州市,2020,45,8,2
云南省,昆明市,广东省,惠州市,2018,1,0,0
云南省,昆明市,广东省,惠州市,2020,1,0,0
云南省,昆明市,广东省,中山市,2019,1,1,0
云南省,昆明市,广东省,中山市,2020,0,2,0
云南省,昆明市,广西壮族自治区,北海市,2019,3,0,0
云南省,昆明市,广西壮族自治区,南宁市,2019,2,0,0
云南省,昆明市,广西壮族自治区,南宁市,2020,2,1,0
云南省,昆明市,贵州省,安顺市,2019,1,0,0
云南省,昆明市,贵州省,安顺市,2020,1,0,0
云南省,昆明市,贵州省,六盘水市,2018,1,0,1
云南省,昆明市,贵州省,六盘水市,2019,0,1,0
云南省,昆明市,贵州省,六盘水市,2020,0,0,3
云南省,昆明市,河北省,保定市,2018,0,8,0
云南省,昆明市,河北省,保定市,2019,0,11,0
云南省,昆明市,河北省,保定市,2020,4,18,0
云南省,昆明市,河北省,承德市,2018,0,2,0
云南省,昆明市,河北省,承德市,2019,2,0,0
云南省,昆明市,河北省,承德市,2020,1,0,0
云南省,昆明市,河北省,廊坊市,2020,2,1,0
云南省,昆明市,河北省,唐山市,2020,1,0,0
云南省,昆明市,河南省,开封市,2020,1,0,0
云南省,昆明市,河南省,三门峡市,2019,4,1,0
云南省,昆明市,河南省,新乡市,2018,0,2,0
云南省,昆明市,黑龙江省,哈尔滨市,2020,2,2,0
云南省,昆明市,湖北省,孝感市,2018,4,5,0
云南省,昆明市,湖北省,宜昌市,2018,3,3,0
云南省,昆明市,湖北省,宜昌市,2019,3,1,0
云南省,昆明市,湖北省,宜昌市,2020,3,1,0
云南省,昆明市,吉林省,延边朝鲜族自治州,2019,1,0,0
云南省,昆明市,吉林省,延边朝鲜族自治州,2020,2,0,0
云南省,昆明市,江苏省,常州市,2018,3,1,0
云南省,昆明市,江苏省,常州市,2020,1,0,0
云南省,昆明市,江苏省,南京市,2018,11,5,0
云南省,昆明市,江苏省,南京市,2019,28,20,0
云南省,昆明市,江苏省,南京市,2020,25,8,0
云南省,昆明市,江苏省,南通市,2018,5,2,0
云南省,昆明市,江苏省,南通市,2019,24,10,0
云南省,昆明市,江苏省,南通市,2020,11,2,0
云南省,昆明市,江苏省,无锡市,2018,2,2,0
云南省,昆明市,江苏省,无锡市,2019,10,10,1
云南省,昆明市,江苏省,无锡市,2020,10,11,0
云南省,昆明市,江苏省,徐州市,2018,2,0,0
云南省,昆明市,江苏省,徐州市,2019,7,3,0
云南省,昆明市,江苏省,徐州市,2020,3,2,0
云南省,昆明市,江苏省,扬州市,2019,2,3,2
云南省,昆明市,江西省,九江市,2019,1,2,0
云南省,昆明市,江西省,九江市,2020,1,1,0
云南省,昆明市,江西省,南昌市,2018,1,3,0
云南省,昆明市,辽宁省,大连市,2018,4,0,0
云南省,昆明市,辽宁省,大连市,2019,7,1,0
云南省,昆明市,辽宁省,大连市,2020,8,0,0
云南省,昆明市,内蒙古自治区,巴彦淖尔市,2019,0,10,0
云南省,昆明市,山东省,东营市,2019,1,1,0
云南省,昆明市,山东省,东营市,2020,2,0,0
云南省,昆明市,山东省,临沂市,2018,2,0,0
云南省,昆明市,山东省,临沂市,2019,0,1,0
云南省,昆明市,山西省,太原市,2018,0,1,0
云南省,昆明市,山西省,太原市,2019,1,0,0
云南省,昆明市,山西省,太原市,2020,1,0,0
云南省,昆明市,陕西省,宝鸡市,2019,0,1,0
云南省,昆明市,上海市,上海市,2018,21,13,0
云南省,昆明市,上海市,上海市,2019,31,13,0
云南省,昆明市,上海市,上海市,2020,53,34,7
云南省,昆明市,四川省,巴中市,2019,0,2,0
云南省,昆明市,四川省,巴中市,2020,1,0,0
云南省,昆明市,四川省,成都市,2018,14,13,0
云南省,昆明市,四川省,成都市,2019,13,32,1
云南省,昆明市,四川省,成都市,2020,26,38,1
云南省,昆明市,四川省,广元市,2018,1,0,0
云南省,昆明市,四川省,广元市,2019,1,0,0
云南省,昆明市,四川省,乐山市,2019,1,2,0
云南省,昆明市,四川省,内江市,2020,5,0,0
云南省,昆明市,四川省,攀枝花市,2019,4,0,0
云南省,昆明市,四川省,攀枝花市,2020,0,1,0
云南省,昆明市,四川省,宜宾市,2019,0,1,0
云南省,昆明市,天津市,天津市,2018,5,0,0
云南省,昆明市,天津市,天津市,2019,9,3,0
云南省,昆明市,天津市,天津市,2020,15,2,0
云南省,昆明市,西藏自治区,拉萨市,2018,1,1,0
云南省,昆明市,西藏自治区,拉萨市,2019,3,1,0
云南省,昆明市,云南省,保山市,2018,3,1,0
云南省,昆明市,云南省,保山市,2019,17,17,0
云南省,昆明市,云南省,保山市,2020,7,5,4
云南省,昆明市,云南省,大理白族自治州,2018,4,29,0
云南省,昆明市,云南省,大理白族自治州,2019,26,29,0
云南省,昆明市,云南省,大理白族自治州,2020,27,14,0
云南省,昆明市,云南省,德宏傣族景颇族自治州,2018,7,3,0
云南省,昆明市,云南省,德宏傣族景颇族自治州,2019,5,1,0
云南省,昆明市,云南省,德宏傣族景颇族自治州,2020,5,9,0
云南省,昆明市,云南省,丽江市,2018,5,5,0
云南省,昆明市,云南省,丽江市,2019,7,16,4
云南省,昆明市,云南省,丽江市,2020,7,13,8
云南省,昆明市,云南省,临沧市,2018,7,9,0
云南省,昆明市,云南省,临沧市,2019,10,11,0
云南省,昆明市,云南省,临沧市,2020,7,6,0
云南省,昆明市,云南省,怒江傈僳族自治州,2018,2,2,0
云南省,昆明市,云南省,怒江傈僳族自治州,2019,2,1,0
云南省,昆明市,云南省,怒江傈僳族自治州,2020,3,2,0
云南省,昆明市,云南省,文山壮族苗族自治州,2018,13,1,0
云南省,昆明市,云南省,文山壮族苗族自治州,2019,10,16,0
云南省,昆明市,云南省,文山壮族苗族自治州,2020,6,32,0
云南省,昆明市,浙江省,嘉兴市,2020,3,0,0
云南省,昆明市,浙江省,丽水市,2020,1,0,0
云南省,昆明市,浙江省,宁波市,2019,1,2,0
云南省,昆明市,浙江省,宁波市,2020,5,1,0
云南省,昆明市,浙江省,台州市,2018,1,0,0
云南省,丽江市,山西省,临汾市,2019,1,0,0
云南省,普洱市,北京市,北京市,2018,1,0,0
云南省,普洱市,北京市,北京市,2019,1,0,0
云南省,普洱市,北京市,北京市,2020,3,0,0
云南省,普洱市,广东省,广州市,2019,2,0,0
云南省,普洱市,河北省,保定市,2018,0,1,0
云南省,普洱市,上海市,上海市,2019,0,1,0
云南省,普洱市,四川省,成都市,2018,1,0,0
云南省,普洱市,云南省,大理白族自治州,2020,2,0,0
云南省,普洱市,云南省,昆明市,2018,4,2,0
云南省,普洱市,云南省,昆明市,2019,5,6,0
云南省,普洱市,云南省,昆明市,2020,5,6,0
云南省,曲靖市,北京市,北京市,2018,1,1,0
云南省,曲靖市,北京市,北京市,2019,2,2,1
云南省,曲靖市,北京市,北京市,2020,2,6,0
云南省,曲靖市,广东省,东莞市,2019,1,0,0
云南省,曲靖市,广东省,佛山市,2020,0,2,0
云南省,曲靖市,广东省,广州市,2019,1,1,0
云南省,曲靖市,广西壮族自治区,南宁市,2018,1,1,0
云南省,曲靖市,广西壮族自治区,南宁市,2020,0,2,0
云南省,曲靖市,河北省,保定市,2018,0,2,0
云南省,曲靖市,黑龙江省,哈尔滨市,2018,2,0,0
云南省,曲靖市,湖北省,宜昌市,2020,0,4,0
云南省,曲靖市,湖南省,怀化市,2020,0,4,0
云南省,曲靖市,江苏省,南京市,2019,1,1,0
云南省,曲靖市,江苏省,无锡市,2020,1,2,0
云南省,曲靖市,江西省,南昌市,2020,0,2,0
云南省,曲靖市,四川省,成都市,2019,1,1,0
云南省,曲靖市,天津市,天津市,2020,1,0,0
云南省,曲靖市,云南省,昆明市,2018,15,3,0
云南省,曲靖市,云南省,昆明市,2019,14,8,0
云南省,曲靖市,云南省,昆明市,2020,14,8,0
云南省,曲靖市,云南省,昭通市,2018,1,0,0
云南省,曲靖市,云南省,昭通市,2019,2,1,0
云南省,曲靖市,云南省,昭通市,2020,1,0,0
云南省,瑞丽市,云南省,德宏傣族景颇族自治州,2018,2,0,0
云南省,文山壮族苗族自治州,北京市,北京市,2018,3,4,0
云南省,文山壮族苗族自治州,北京市,北京市,2019,2,1,0
云南省,文山壮族苗族自治州,广东省,佛山市,2018,2,0,0
云南省,文山壮族苗族自治州,广东省,广州市,2018,3,0,0
云南省,文山壮族苗族自治州,广西壮族自治区,南宁市,2018,2,0,0
云南省,文山壮族苗族自治州,陕西省,咸阳市,2018,1,1,0
云南省,文山壮族苗族自治州,云南省,保山市,2019,2,0,0
云南省,文山壮族苗族自治州,云南省,大理白族自治州,2018,1,1,0
云南省,西双版纳傣族自治州,北京市,北京市,2018,1,0,0
云南省,西双版纳傣族自治州,北京市,北京市,2019,2,0,0
云南省,西双版纳傣族自治州,广东省,深圳市,2018,0,1,0
云南省,西双版纳傣族自治州,江苏省,南京市,2018,0,2,0
云南省,西双版纳傣族自治州,江苏省,南京市,2019,1,2,0
云南省,西双版纳傣族自治州,辽宁省,沈阳市,2019,1,0,0
云南省,西双版纳傣族自治州,上海市,上海市,2019,1,0,0
云南省,西双版纳傣族自治州,上海市,上海市,2020,0,0,2
云南省,西双版纳傣族自治州,云南省,楚雄彝族自治州,2020,1,0,0
云南省,西双版纳傣族自治州,云南省,红河哈尼族彝族自治州,2020,2,0,0
云南省,西双版纳傣族自治州,云南省,昆明市,2018,3,3,0
云南省,西双版纳傣族自治州,云南省,昆明市,2019,6,0,0
云南省,西双版纳傣族自治州,云南省,昆明市,2020,2,0,0
云南省,西双版纳傣族自治州,云南省,临沧市,2018,2,10,0
云南省,西双版纳傣族自治州,云南省,临沧市,2019,2,0,0
云南省,西双版纳傣族自治州,云南省,普洱市,2018,0,1,0
云南省,西双版纳傣族自治州,云南省,普洱市,2019,1,0,0
云南省,西双版纳傣族自治州,云南省,曲靖市,2019,2,0,0
云南省,玉溪市,北京市,北京市,2018,2,4,0
云南省,玉溪市,北京市,北京市,2019,2,1,0
云南省,玉溪市,北京市,北京市,2020,1,1,0
云南省,玉溪市,广东省,广州市,2018,2,0,0
云南省,玉溪市,广东省,广州市,2019,0,1,0
云南省,玉溪市,广东省,深圳市,2020,1,1,0
云南省,玉溪市,广东省,中山市,2020,1,0,0
云南省,玉溪市,黑龙江省,哈尔滨市,2020,1,0,0
云南省,玉溪市,湖北省,武汉市,2019,1,0,0
云南省,玉溪市,湖北省,武汉市,2020,2,0,0
云南省,玉溪市,江苏省,淮安市,2019,1,0,0
云南省,玉溪市,江苏省,南京市,2020,1,0,0
云南省,玉溪市,江苏省,泰州市,2019,1,0,0
云南省,玉溪市,江苏省,无锡市,2018,1,0,0
云南省,玉溪市,江西省,宜春市,2018,1,1,0
云南省,玉溪市,上海市,上海市,2018,1,0,0
云南省,玉溪市,上海市,上海市,2019,10,0,0
云南省,玉溪市,四川省,成都市,2018,0,1,0
云南省,玉溪市,四川省,成都市,2020,0,1,0
云南省,玉溪市,云南省,保山市,2019,2,0,0
云南省,玉溪市,云南省,楚雄彝族自治州,2018,0,3,0
云南省,玉溪市,云南省,楚雄彝族自治州,2019,1,1,0
云南省,玉溪市,云南省,大理白族自治州,2019,0,2,0
云南省,玉溪市,云南省,大理白族自治州,2020,0,1,0
云南省,玉溪市,云南省,昆明市,2018,18,15,0
云南省,玉溪市,云南省,昆明市,2019,23,16,1
云南省,玉溪市,云南省,昆明市,2020,14,14,0
云南省,玉溪市,云南省,普洱市,2018,1,2,0
云南省,玉溪市,云南省,文山壮族苗族自治州,2019,2,0,0
云南省,玉溪市,浙江省,杭州市,2019,1,0,0
云南省,玉溪市,浙江省,杭州市,2020,1,0,0
云南省,昭通市,北京市,北京市,2020,1,1,0
云南省,昭通市,吉林省,吉林市,2018,2,0,0
云南省,昭通市,云南省,昆明市,2018,4,10,0
云南省,昭通市,云南省,昆明市,2019,6,5,2
云南省,昭通市,云南省,昆明市,2020,4,6,1
云南省,昭通市,云南省,文山壮族苗族自治州,2019,1,0,0
浙江省,海宁市,浙江省,杭州市,2019,0,18,0
浙江省,海宁市,浙江省,杭州市,2020,0,4,0
浙江省,海宁市,浙江省,嘉兴市,2020,0,1,1
浙江省,杭州市,安徽省,安庆市,2018,1,0,0
浙江省,杭州市,安徽省,亳州市,2019,0,2,0
浙江省,杭州市,安徽省,合肥市,2018,30,8,0
浙江省,杭州市,安徽省,合肥市,2019,43,9,0
浙江省,杭州市,安徽省,合肥市,2020,39,13,3
浙江省,杭州市,安徽省,六安市,2019,1,1,0
浙江省,杭州市,安徽省,六安市,2020,1,0,0
浙江省,杭州市,安徽省,宿州市,2018,1,0,0
浙江省,杭州市,安徽省,宿州市,2019,1,0,0
浙江省,杭州市,安徽省,宣城市,2018,0,3,0
浙江省,杭州市,安徽省,宣城市,2019,1,2,0
浙江省,杭州市,安徽省,宣城市,2020,6,6,0
浙江省,杭州市,北京市,北京市,2018,1087,324,8
浙江省,杭州市,北京市,北京市,2019,1141,288,26
浙江省,杭州市,北京市,北京市,2020,1903,192,29
浙江省,杭州市,福建省,南平市,2018,2,1,0
浙江省,杭州市,福建省,南平市,2019,0,2,0
浙江省,杭州市,福建省,南平市,2020,2,13,1
浙江省,杭州市,福建省,宁德市,2018,1,0,0
浙江省,杭州市,福建省,宁德市,2019,2,2,0
浙江省,杭州市,福建省,宁德市,2020,3,0,0
浙江省,杭州市,福建省,三明市,2018,0,2,0
浙江省,杭州市,福建省,三明市,2019,0,1,0
浙江省,杭州市,福建省,三明市,2020,2,1,0
浙江省,杭州市,福建省,厦门市,2018,11,6,0
浙江省,杭州市,福建省,厦门市,2019,16,9,1
浙江省,杭州市,福建省,厦门市,2020,21,11,5
浙江省,杭州市,甘肃省,兰州市,2018,16,6,0
浙江省,杭州市,甘肃省,兰州市,2019,6,2,0
浙江省,杭州市,甘肃省,兰州市,2020,1,0,0
浙江省,杭州市,甘肃省,天水市,2018,1,3,0
浙江省,杭州市,甘肃省,张掖市,2019,1,0,0
浙江省,杭州市,广东省,东莞市,2018,2,9,0
浙江省,杭州市,广东省,东莞市,2019,3,0,0
浙江省,杭州市,广东省,东莞市,2020,10,1,0
浙江省,杭州市,广东省,佛山市,2018,3,0,0
浙江省,杭州市,广东省,佛山市,2019,3,4,0
浙江省,杭州市,广东省,佛山市,2020,4,2,4
浙江省,杭州市,广东省,广州市,2018,42,8,0
浙江省,杭州市,广东省,广州市,2019,29,14,1
浙江省,杭州市,广东省,广州市,2020,55,21,62
浙江省,杭州市,广东省,惠州市,2020,4,2,0
浙江省,杭州市,广东省,中山市,2019,2,2,0
浙江省,杭州市,广东省,中山市,2020,1,1,0
浙江省,杭州市,广西壮族自治区,北海市,2019,4,0,0
浙江省,杭州市,广西壮族自治区,崇左市,2020,1,0,0
浙江省,杭州市,广西壮族自治区,南宁市,2019,1,0,0
浙江省,杭州市,广西壮族自治区,南宁市,2020,17,4,0
浙江省,杭州市,海南省,儋州市（含洋浦）,2020,0,1,0
浙江省,杭州市,海南省,三亚市,2019,2,2,0
浙江省,杭州市,河北省,保定市,2018,16,1,0
浙江省,杭州市,河北省,保定市,2019,9,2,0
浙江省,杭州市,河北省,保定市,2020,10,5,0
浙江省,杭州市,河北省,承德市,2018,1,0,0
浙江省,杭州市,河北省,廊坊市,2019,1,0,0
浙江省,杭州市,河北省,唐山市,2019,2,12,0
浙江省,杭州市,河北省,张家口市,2018,7,0,0
浙江省,杭州市,河北省,张家口市,2019,1,0,0
浙江省,杭州市,河南省,安阳市,2020,2,0,0
浙江省,杭州市,河南省,开封市,2018,1,0,0
浙江省,杭州市,河南省,开封市,2020,1,0,0
浙江省,杭州市,河南省,南阳市,2018,3,0,0
浙江省,杭州市,河南省,平顶山市,2018,9,2,0
浙江省,杭州市,河南省,平顶山市,2019,26,4,0
浙江省,杭州市,河南省,平顶山市,2020,15,1,0
浙江省,杭州市,河南省,三门峡市,2019,4,0,0
浙江省,杭州市,河南省,商丘市,2019,1,0,0
浙江省,杭州市,河南省,商丘市,2020,1,1,0
浙江省,杭州市,河南省,新乡市,2019,1,1,0
浙江省,杭州市,河南省,信阳市,2018,2,0,0
浙江省,杭州市,河南省,信阳市,2019,0,1,0
浙江省,杭州市,黑龙江省,大庆市,2019,2,0,0
浙江省,杭州市,黑龙江省,哈尔滨市,2018,6,6,0
浙江省,杭州市,黑龙江省,哈尔滨市,2019,7,1,0
浙江省,杭州市,黑龙江省,哈尔滨市,2020,15,2,0
浙江省,杭州市,湖北省,咸宁市,2020,1,0,0
浙江省,杭州市,湖北省,宜昌市,2018,8,1,0
浙江省,杭州市,湖北省,宜昌市,2019,2,6,0
浙江省,杭州市,湖南省,常德市,2018,1,0,0
浙江省,杭州市,湖南省,常德市,2020,6,4,0
浙江省,杭州市,湖南省,怀化市,2019,1,0,0
浙江省,杭州市,湖南省,岳阳市,2020,1,0,0
浙江省,杭州市,吉林省,吉林市,2018,7,4,1
浙江省,杭州市,吉林省,吉林市,2019,7,7,0
浙江省,杭州市,吉林省,吉林市,2020,5,3,0
浙江省,杭州市,江苏省,常州市,2018,26,5,0
浙江省,杭州市,江苏省,常州市,2019,9,4,0
浙江省,杭州市,江苏省,常州市,2020,12,4,0
浙江省,杭州市,江苏省,昆山市,2019,0,3,0
浙江省,杭州市,江苏省,南京市,2018,174,36,5
浙江省,杭州市,江苏省,南京市,2019,197,29,2
浙江省,杭州市,江苏省,南京市,2020,263,52,5
浙江省,杭州市,江苏省,南通市,2018,10,7,0
浙江省,杭州市,江苏省,南通市,2019,16,0,1
浙江省,杭州市,江苏省,南通市,2020,21,4,0
浙江省,杭州市,江苏省,宿迁市,2018,0,1,0
浙江省,杭州市,江苏省,宿迁市,2019,1,2,0
浙江省,杭州市,江苏省,宿迁市,2020,0,3,0
浙江省,杭州市,江苏省,无锡市,2018,13,6,0
浙江省,杭州市,江苏省,无锡市,2019,15,7,0
浙江省,杭州市,江苏省,无锡市,2020,27,12,0
浙江省,杭州市,江苏省,徐州市,2018,1,0,0
浙江省,杭州市,江苏省,徐州市,2019,7,1,0
浙江省,杭州市,江苏省,徐州市,2020,3,3,0
浙江省,杭州市,江苏省,扬州市,2018,3,3,2
浙江省,杭州市,江苏省,扬州市,2019,4,3,0
浙江省,杭州市,江苏省,扬州市,2020,0,1,0
浙江省,杭州市,江西省,抚州市,2019,1,1,0
浙江省,杭州市,江西省,吉安市,2019,1,0,0
浙江省,杭州市,江西省,景德镇市,2020,3,0,0
浙江省,杭州市,江西省,九江市,2019,1,1,0
浙江省,杭州市,江西省,九江市,2020,14,4,0
浙江省,杭州市,江西省,南昌市,2018,13,5,0
浙江省,杭州市,江西省,南昌市,2019,10,15,0
浙江省,杭州市,江西省,南昌市,2020,14,1,0
浙江省,杭州市,江西省,上饶市,2018,4,8,0
浙江省,杭州市,江西省,上饶市,2019,6,12,1
浙江省,杭州市,江西省,上饶市,2020,35,8,0
浙江省,杭州市,江西省,宜春市,2018,2,0,0
浙江省,杭州市,辽宁省,大连市,2018,3,2,0
浙江省,杭州市,辽宁省,大连市,2019,4,1,0
浙江省,杭州市,辽宁省,大连市,2020,5,1,0
浙江省,杭州市,辽宁省,抚顺市,2018,1,0,0
浙江省,杭州市,内蒙古自治区,巴彦淖尔市,2020,2,2,0
浙江省,杭州市,内蒙古自治区,包头市,2018,2,2,0
浙江省,杭州市,内蒙古自治区,包头市,2019,1,2,0
浙江省,杭州市,内蒙古自治区,包头市,2020,2,4,0
浙江省,杭州市,内蒙古自治区,呼和浩特市,2018,2,3,0
浙江省,杭州市,内蒙古自治区,呼和浩特市,2019,7,1,0
浙江省,杭州市,内蒙古自治区,呼和浩特市,2020,10,11,0
浙江省,杭州市,内蒙古自治区,呼伦贝尔市,2020,0,1,0
浙江省,杭州市,宁夏回族自治区,吴忠市,2018,1,0,0
浙江省,杭州市,山东省,德州市,2018,1,0,0
浙江省,杭州市,山东省,东营市,2018,1,0,0
浙江省,杭州市,山东省,东营市,2019,2,0,0
浙江省,杭州市,山东省,临沂市,2020,1,3,0
浙江省,杭州市,山东省,日照市,2018,6,23,0
浙江省,杭州市,山东省,日照市,2019,31,40,23
浙江省,杭州市,山东省,日照市,2020,24,22,25
浙江省,杭州市,山东省,威海市,2018,2,0,0
浙江省,杭州市,山东省,威海市,2019,2,0,0
浙江省,杭州市,山西省,大同市,2018,0,1,0
浙江省,杭州市,山西省,晋中市,2018,0,22,2
浙江省,杭州市,山西省,晋中市,2019,5,5,0
浙江省,杭州市,山西省,晋中市,2020,12,0,0
浙江省,杭州市,山西省,朔州市,2019,1,0,0
浙江省,杭州市,山西省,朔州市,2020,3,2,0
浙江省,杭州市,山西省,太原市,2018,2,0,0
浙江省,杭州市,山西省,太原市,2019,10,8,0
浙江省,杭州市,山西省,太原市,2020,7,2,0
浙江省,杭州市,陕西省,宝鸡市,2018,8,13,0
浙江省,杭州市,陕西省,宝鸡市,2019,5,9,0
浙江省,杭州市,陕西省,宝鸡市,2020,0,3,0
浙江省,杭州市,陕西省,咸阳市,2018,1,1,0
浙江省,杭州市,陕西省,咸阳市,2019,5,1,0
浙江省,杭州市,陕西省,咸阳市,2020,1,1,0
浙江省,杭州市,上海市,上海市,2018,145,164,13
浙江省,杭州市,上海市,上海市,2019,203,98,6
浙江省,杭州市,上海市,上海市,2020,221,87,152
浙江省,杭州市,四川省,巴中市,2018,1,0,0
浙江省,杭州市,四川省,成都市,2018,66,43,0
浙江省,杭州市,四川省,成都市,2019,22,18,0
浙江省,杭州市,四川省,成都市,2020,49,28,5
浙江省,杭州市,四川省,德阳市,2020,1,1,0
浙江省,杭州市,四川省,广安市,2018,1,0,0
浙江省,杭州市,四川省,广安市,2020,1,1,0
浙江省,杭州市,四川省,凉山彝族自治州,2018,0,2,0
浙江省,杭州市,四川省,南充市,2018,39,57,46
浙江省,杭州市,四川省,南充市,2019,57,96,54
浙江省,杭州市,四川省,南充市,2020,92,101,32
浙江省,杭州市,天津市,天津市,2018,19,5,0
浙江省,杭州市,天津市,天津市,2019,27,14,0
浙江省,杭州市,天津市,天津市,2020,37,11,0
浙江省,杭州市,西藏自治区,拉萨市,2019,0,1,0
浙江省,杭州市,西藏自治区,拉萨市,2020,2,3,0
浙江省,杭州市,新疆维吾尔自治区,哈密市,2019,1,1,0
浙江省,杭州市,新疆维吾尔自治区,哈密市,2020,2,3,0
浙江省,杭州市,新疆维吾尔自治区,克拉玛依市,2019,2,0,0
浙江省,杭州市,新疆维吾尔自治区,乌鲁木齐市,2018,8,3,0
浙江省,杭州市,新疆维吾尔自治区,乌鲁木齐市,2019,5,2,0
浙江省,杭州市,新疆维吾尔自治区,乌鲁木齐市,2020,7,0,1
浙江省,杭州市,新疆维吾尔自治区,伊犁哈萨克自治州,2018,5,2,0
浙江省,杭州市,新疆维吾尔自治区,伊犁哈萨克自治州,2019,1,1,0
浙江省,杭州市,新疆维吾尔自治区,伊犁哈萨克自治州,2020,4,6,0
浙江省,杭州市,云南省,保山市,2018,2,0,0
浙江省,杭州市,云南省,昆明市,2018,4,4,0
浙江省,杭州市,云南省,昆明市,2019,8,1,0
浙江省,杭州市,云南省,昆明市,2020,2,0,0
浙江省,杭州市,浙江省,嘉兴市,2018,99,34,0
浙江省,杭州市,浙江省,嘉兴市,2019,138,41,4
浙江省,杭州市,浙江省,嘉兴市,2020,113,100,4
浙江省,杭州市,浙江省,丽水市,2018,16,11,0
浙江省,杭州市,浙江省,丽水市,2019,27,6,0
浙江省,杭州市,浙江省,丽水市,2020,31,31,2
浙江省,杭州市,浙江省,宁波市,2018,502,463,2
浙江省,杭州市,浙江省,宁波市,2019,521,533,69
浙江省,杭州市,浙江省,宁波市,2020,876,446,156
浙江省,杭州市,浙江省,台州市,2018,199,293,0
浙江省,杭州市,浙江省,台州市,2019,398,305,39
浙江省,杭州市,浙江省,台州市,2020,247,91,1
浙江省,湖州市,安徽省,合肥市,2018,2,0,0
浙江省,湖州市,安徽省,合肥市,2019,2,0,0
浙江省,湖州市,安徽省,合肥市,2020,1,0,0
浙江省,湖州市,安徽省,宿州市,2019,0,6,0
浙江省,湖州市,安徽省,宿州市,2020,1,1,0
浙江省,湖州市,安徽省,宣城市,2018,0,1,0
浙江省,湖州市,北京市,北京市,2018,62,49,0
浙江省,湖州市,北京市,北京市,2019,24,22,0
浙江省,湖州市,北京市,北京市,2020,61,59,1
浙江省,湖州市,甘肃省,兰州市,2019,1,0,0
浙江省,湖州市,广东省,东莞市,2018,2,5,0
浙江省,湖州市,广东省,佛山市,2019,0,0,1
浙江省,湖州市,广东省,佛山市,2020,1,3,0
浙江省,湖州市,广东省,广州市,2018,5,0,0
浙江省,湖州市,广东省,广州市,2019,4,1,0
浙江省,湖州市,广东省,广州市,2020,9,1,0
浙江省,湖州市,广东省,深圳市,2018,9,17,0
浙江省,湖州市,广东省,深圳市,2019,6,3,0
浙江省,湖州市,广东省,深圳市,2020,6,1,5
浙江省,湖州市,广西壮族自治区,桂林市,2019,2,0,0
浙江省,湖州市,广西壮族自治区,南宁市,2019,0,2,0
浙江省,湖州市,河北省,保定市,2019,1,1,0
浙江省,湖州市,河北省,沧州市,2020,2,12,0
浙江省,湖州市,河北省,廊坊市,2019,4,0,0
浙江省,湖州市,黑龙江省,哈尔滨市,2019,1,0,0
浙江省,湖州市,湖北省,武汉市,2018,14,4,0
浙江省,湖州市,湖北省,武汉市,2019,9,0,0
浙江省,湖州市,湖北省,武汉市,2020,16,1,0
浙江省,湖州市,湖南省,常德市,2018,1,0,0
浙江省,湖州市,湖南省,岳阳市,2019,2,1,0
浙江省,湖州市,湖南省,岳阳市,2020,1,1,0
浙江省,湖州市,湖南省,株洲市,2018,2,1,0
浙江省,湖州市,湖南省,株洲市,2020,1,1,0
浙江省,湖州市,江苏省,常州市,2018,1,0,0
浙江省,湖州市,江苏省,常州市,2019,1,0,0
浙江省,湖州市,江苏省,常州市,2020,1,0,0
浙江省,湖州市,江苏省,淮安市,2020,1,0,0
浙江省,湖州市,江苏省,南京市,2018,24,3,0
浙江省,湖州市,江苏省,南京市,2019,6,4,0
浙江省,湖州市,江苏省,南京市,2020,10,4,0
浙江省,湖州市,江苏省,无锡市,2018,4,3,0
浙江省,湖州市,江苏省,无锡市,2019,5,3,0
浙江省,湖州市,江苏省,无锡市,2020,3,0,0
浙江省,湖州市,江苏省,徐州市,2018,0,1,0
浙江省,湖州市,江苏省,徐州市,2019,4,1,0
浙江省,湖州市,江苏省,徐州市,2020,1,1,0
浙江省,湖州市,江西省,九江市,2020,14,4,0
浙江省,湖州市,江西省,南昌市,2018,3,0,0
浙江省,湖州市,江西省,南昌市,2019,0,6,0
浙江省,湖州市,江西省,南昌市,2020,1,0,0
浙江省,湖州市,江西省,宜春市,2020,0,2,0
浙江省,湖州市,辽宁省,本溪市,2019,1,0,0
浙江省,湖州市,辽宁省,大连市,2018,1,1,0
浙江省,湖州市,辽宁省,抚顺市,2018,1,0,0
浙江省,湖州市,辽宁省,沈阳市,2020,1,1,0
浙江省,湖州市,内蒙古自治区,呼伦贝尔市,2020,1,0,0
浙江省,湖州市,山东省,德州市,2019,1,1,0
浙江省,湖州市,山东省,济南市,2018,0,1,0
浙江省,湖州市,山东省,济南市,2020,1,0,0
浙江省,湖州市,山西省,朔州市,2018,0,1,0
浙江省,湖州市,山西省,太原市,2018,1,1,0
浙江省,湖州市,山西省,太原市,2020,1,0,0
浙江省,湖州市,上海市,上海市,2018,46,47,0
浙江省,湖州市,上海市,上海市,2019,29,37,0
浙江省,湖州市,上海市,上海市,2020,35,22,6
浙江省,湖州市,四川省,成都市,2018,1,0,0
浙江省,湖州市,四川省,成都市,2019,4,2,0
浙江省,湖州市,四川省,成都市,2020,2,0,0
浙江省,湖州市,天津市,天津市,2020,2,0,0
浙江省,湖州市,云南省,昆明市,2019,3,5,0
浙江省,湖州市,云南省,昆明市,2020,2,0,0
浙江省,湖州市,浙江省,杭州市,2018,65,47,0
浙江省,湖州市,浙江省,杭州市,2019,84,33,0
浙江省,湖州市,浙江省,杭州市,2020,122,55,0
浙江省,湖州市,浙江省,嘉兴市,2018,1,0,0
浙江省,湖州市,浙江省,嘉兴市,2019,6,7,0
浙江省,湖州市,浙江省,嘉兴市,2020,19,15,0
浙江省,湖州市,浙江省,宁波市,2018,1,0,0
浙江省,湖州市,浙江省,宁波市,2020,1,0,0
浙江省,湖州市,浙江省,台州市,2018,1,0,0
浙江省,湖州市,浙江省,台州市,2020,1,0,0
浙江省,湖州市,浙江省,温州市,2018,0,9,0
浙江省,湖州市,浙江省,温州市,2019,0,30,0
浙江省,嘉兴市,安徽省,亳州市,2018,0,1,0
浙江省,嘉兴市,安徽省,合肥市,2018,1,0,0
浙江省,嘉兴市,安徽省,合肥市,2019,6,4,0
浙江省,嘉兴市,安徽省,合肥市,2020,9,4,0
浙江省,嘉兴市,北京市,北京市,2018,122,36,0
浙江省,嘉兴市,北京市,北京市,2019,159,26,5
浙江省,嘉兴市,北京市,北京市,2020,158,61,5
浙江省,嘉兴市,福建省,南平市,2018,1,0,0
浙江省,嘉兴市,福建省,南平市,2020,1,0,0
浙江省,嘉兴市,福建省,厦门市,2018,2,0,0
浙江省,嘉兴市,福建省,厦门市,2019,1,0,0
浙江省,嘉兴市,福建省,厦门市,2020,4,3,0
浙江省,嘉兴市,广东省,东莞市,2018,7,12,0
浙江省,嘉兴市,广东省,东莞市,2019,4,16,0
浙江省,嘉兴市,广东省,东莞市,2020,8,11,0
浙江省,嘉兴市,广东省,佛山市,2019,2,1,0
浙江省,嘉兴市,广东省,佛山市,2020,3,0,0
浙江省,嘉兴市,广东省,中山市,2019,0,5,0
浙江省,嘉兴市,广东省,中山市,2020,0,1,0
浙江省,嘉兴市,河北省,保定市,2018,1,1,0
浙江省,嘉兴市,河北省,保定市,2019,2,2,0
浙江省,嘉兴市,黑龙江省,哈尔滨市,2018,1,1,0
浙江省,嘉兴市,黑龙江省,哈尔滨市,2019,1,0,0
浙江省,嘉兴市,黑龙江省,佳木斯市,2020,1,0,0
浙江省,嘉兴市,江苏省,南京市,2018,2,10,0
浙江省,嘉兴市,江苏省,南京市,2019,28,1,0
浙江省,嘉兴市,江苏省,南京市,2020,8,23,0
浙江省,嘉兴市,江苏省,南通市,2018,3,1,0
浙江省,嘉兴市,江苏省,南通市,2019,1,1,0
浙江省,嘉兴市,江苏省,南通市,2020,3,0,0
浙江省,嘉兴市,江西省,九江市,2019,0,1,0
浙江省,嘉兴市,江西省,南昌市,2019,6,0,0
浙江省,嘉兴市,江西省,上饶市,2018,127,96,0
浙江省,嘉兴市,江西省,上饶市,2019,96,59,0
浙江省,嘉兴市,江西省,上饶市,2020,109,46,0
浙江省,嘉兴市,辽宁省,丹东市,2020,1,1,0
浙江省,嘉兴市,内蒙古自治区,呼和浩特市,2020,2,2,0
浙江省,嘉兴市,山东省,临沂市,2020,1,0,0
浙江省,嘉兴市,上海市,上海市,2018,160,120,12
浙江省,嘉兴市,上海市,上海市,2019,201,153,55
浙江省,嘉兴市,上海市,上海市,2020,292,218,88
浙江省,嘉兴市,新疆维吾尔自治区,乌鲁木齐市,2019,4,2,0
浙江省,嘉兴市,浙江省,丽水市,2019,1,0,0
浙江省,嘉兴市,浙江省,丽水市,2020,1,0,0
浙江省,嘉兴市,浙江省,台州市,2018,8,29,0
浙江省,嘉兴市,浙江省,台州市,2019,0,4,4
浙江省,嘉兴市,浙江省,台州市,2020,8,17,0
浙江省,金华市,安徽省,滁州市,2020,5,1,0
浙江省,金华市,安徽省,合肥市,2019,1,0,0
浙江省,金华市,北京市,北京市,2018,74,60,0
浙江省,金华市,北京市,北京市,2019,77,55,0
浙江省,金华市,北京市,北京市,2020,59,24,0
浙江省,金华市,福建省,南平市,2019,1,0,0
浙江省,金华市,福建省,厦门市,2018,1,0,0
浙江省,金华市,福建省,漳州市,2018,10,2,0
浙江省,金华市,福建省,漳州市,2019,2,0,0
浙江省,金华市,福建省,漳州市,2020,8,0,0
浙江省,金华市,甘肃省,兰州市,2018,1,0,0
浙江省,金华市,甘肃省,兰州市,2019,4,0,0
浙江省,金华市,甘肃省,兰州市,2020,1,0,0
浙江省,金华市,广东省,佛山市,2018,30,28,6
浙江省,金华市,广东省,佛山市,2019,9,1,0
浙江省,金华市,广东省,佛山市,2020,21,1,0
浙江省,金华市,广东省,广州市,2018,7,4,0
浙江省,金华市,广东省,广州市,2019,2,6,0
浙江省,金华市,广东省,广州市,2020,16,15,2
浙江省,金华市,广东省,深圳市,2018,3,3,0
浙江省,金华市,广东省,深圳市,2019,1,3,0
浙江省,金华市,广东省,深圳市,2020,2,5,1
浙江省,金华市,广东省,肇庆市,2018,2,0,0
浙江省,金华市,广东省,肇庆市,2019,6,0,0
浙江省,金华市,广东省,肇庆市,2020,6,1,4
浙江省,金华市,广东省,中山市,2020,0,1,0
浙江省,金华市,海南省,儋州市（含洋浦）,2019,2,0,0
浙江省,金华市,海南省,海口市,2019,2,3,0
浙江省,金华市,海南省,海口市,2020,1,3,0
浙江省,金华市,河北省,保定市,2018,1,0,0
浙江省,金华市,河北省,保定市,2019,1,0,0
浙江省,金华市,河北省,保定市,2020,2,1,0
浙江省,金华市,河北省,石家庄市,2019,2,0,0
浙江省,金华市,河北省,石家庄市,2020,1,0,0
浙江省,金华市,河南省,洛阳市,2020,1,0,0
浙江省,金华市,河南省,许昌市,2020,1,0,0
浙江省,金华市,河南省,郑州市,2018,2,0,0
浙江省,金华市,河南省,郑州市,2019,3,0,0
浙江省,金华市,河南省,郑州市,2020,6,3,0
浙江省,金华市,湖北省,武汉市,2018,2,1,0
浙江省,金华市,湖北省,武汉市,2019,3,2,0
浙江省,金华市,湖北省,武汉市,2020,1,0,0
浙江省,金华市,湖南省,湘潭市,2018,5,0,0
浙江省,金华市,江苏省,常州市,2019,1,0,0
浙江省,金华市,江苏省,连云港市,2019,4,0,0
浙江省,金华市,江苏省,连云港市,2020,0,6,0
浙江省,金华市,江苏省,南京市,2018,4,1,0
浙江省,金华市,江苏省,南京市,2019,3,3,0
浙江省,金华市,江苏省,南京市,2020,19,4,0
浙江省,金华市,江苏省,南通市,2018,3,0,0
浙江省,金华市,江苏省,苏州市,2018,2,0,0
浙江省,金华市,江苏省,苏州市,2019,6,4,0
浙江省,金华市,江苏省,苏州市,2020,14,19,2
浙江省,金华市,江苏省,宿迁市,2018,7,0,0
浙江省,金华市,江苏省,宿迁市,2019,1,0,0
浙江省,金华市,江苏省,无锡市,2018,2,0,0
浙江省,金华市,江苏省,无锡市,2019,2,0,0
浙江省,金华市,江苏省,无锡市,2020,3,0,0
浙江省,金华市,江苏省,盐城市,2020,0,1,0
浙江省,金华市,江西省,赣州市,2019,2,0,0
浙江省,金华市,江西省,吉安市,2020,1,0,0
浙江省,金华市,江西省,南昌市,2018,4,0,0
浙江省,金华市,江西省,上饶市,2020,0,1,0
浙江省,金华市,辽宁省,丹东市,2018,2,1,0
浙江省,金华市,辽宁省,沈阳市,2018,1,0,0
浙江省,金华市,辽宁省,沈阳市,2019,3,0,0
浙江省,金华市,辽宁省,沈阳市,2020,0,2,0
浙江省,金华市,内蒙古自治区,呼和浩特市,2020,0,3,0
浙江省,金华市,山东省,东营市,2020,1,0,0
浙江省,金华市,山东省,济宁市,2018,22,101,0
浙江省,金华市,山东省,临沂市,2019,4,0,0
浙江省,金华市,山东省,临沂市,2020,2,0,0
浙江省,金华市,山东省,潍坊市,2018,3,0,0
浙江省,金华市,山东省,潍坊市,2019,1,0,0
浙江省,金华市,山东省,潍坊市,2020,6,0,0
浙江省,金华市,陕西省,西安市,2018,3,2,0
浙江省,金华市,陕西省,西安市,2019,7,10,0
浙江省,金华市,陕西省,西安市,2020,5,8,0
浙江省,金华市,陕西省,咸阳市,2018,2,0,0
浙江省,金华市,陕西省,延安市,2018,0,1,0
浙江省,金华市,陕西省,延安市,2019,0,1,0
浙江省,金华市,上海市,上海市,2018,8,11,0
浙江省,金华市,上海市,上海市,2019,17,35,34
浙江省,金华市,上海市,上海市,2020,51,66,56
浙江省,金华市,四川省,成都市,2018,1,0,0
浙江省,金华市,四川省,成都市,2019,3,3,0
浙江省,金华市,四川省,成都市,2020,6,8,1
浙江省,金华市,四川省,南充市,2019,1,0,32
浙江省,金华市,四川省,南充市,2020,2,0,0
浙江省,金华市,天津市,天津市,2018,0,6,0
浙江省,金华市,天津市,天津市,2019,13,5,0
浙江省,金华市,天津市,天津市,2020,24,24,0
浙江省,金华市,新疆维吾尔自治区,喀什地区,2018,2,1,0
浙江省,金华市,新疆维吾尔自治区,乌鲁木齐市,2018,2,1,0
浙江省,金华市,云南省,昆明市,2018,1,1,0
浙江省,金华市,云南省,昆明市,2020,1,1,1
浙江省,金华市,云南省,曲靖市,2018,3,0,0
浙江省,金华市,云南省,曲靖市,2019,0,1,0
浙江省,金华市,云南省,曲靖市,2020,1,7,0
浙江省,金华市,浙江省,东阳市,2019,0,9,7
浙江省,金华市,浙江省,东阳市,2020,0,2,0
浙江省,金华市,浙江省,杭州市,2018,91,81,1
浙江省,金华市,浙江省,杭州市,2019,158,114,43
浙江省,金华市,浙江省,杭州市,2020,138,71,41
浙江省,金华市,浙江省,湖州市,2018,1,0,0
浙江省,金华市,浙江省,嘉兴市,2018,1,1,0
浙江省,金华市,浙江省,嘉兴市,2019,13,34,35
浙江省,金华市,浙江省,嘉兴市,2020,25,56,55
浙江省,金华市,浙江省,丽水市,2019,3,2,0
浙江省,金华市,浙江省,宁波市,2018,2,3,0
浙江省,金华市,浙江省,宁波市,2019,2,2,1
浙江省,金华市,浙江省,宁波市,2020,15,7,1
浙江省,金华市,浙江省,衢州市,2019,14,2,0
浙江省,金华市,浙江省,衢州市,2020,10,0,0
浙江省,金华市,浙江省,绍兴市,2018,8,0,0
浙江省,金华市,浙江省,绍兴市,2019,1,1,0
浙江省,金华市,浙江省,绍兴市,2020,5,4,1
浙江省,金华市,浙江省,台州市,2018,2,1,0
浙江省,金华市,浙江省,台州市,2019,1,1,0
浙江省,金华市,浙江省,台州市,2020,2,0,0
浙江省,金华市,浙江省,温州市,2018,2,3,0
浙江省,金华市,浙江省,温州市,2019,2,0,0
浙江省,金华市,浙江省,温州市,2020,6,9,0
浙江省,金华市,浙江省,义乌市,2020,0,6,1
浙江省,金华市,浙江省,永康市,2019,0,1,3
浙江省,金华市,浙江省,永康市,2020,0,1,2
浙江省,金华市,重庆市,重庆市,2018,1,2,0
浙江省,丽水市,上海市,上海市,2019,5,14,0
浙江省,丽水市,上海市,上海市,2020,3,0,2
浙江省,龙港市,浙江省,温州市,2020,0,1,1
浙江省,宁波市,安徽省,合肥市,2018,0,2,0
浙江省,宁波市,安徽省,合肥市,2019,5,7,0
浙江省,宁波市,安徽省,合肥市,2020,2,3,0
浙江省,宁波市,安徽省,六安市,2020,0,1,0
浙江省,宁波市,北京市,北京市,2018,178,100,1
浙江省,宁波市,北京市,北京市,2019,162,67,0
浙江省,宁波市,北京市,北京市,2020,139,90,4
浙江省,宁波市,福建省,宁德市,2019,1,0,0
浙江省,宁波市,福建省,厦门市,2018,14,3,0
浙江省,宁波市,福建省,厦门市,2019,12,1,0
浙江省,宁波市,福建省,厦门市,2020,6,4,0
浙江省,宁波市,甘肃省,兰州市,2019,1,0,0
浙江省,宁波市,广东省,东莞市,2018,0,1,0
浙江省,宁波市,广东省,东莞市,2019,7,0,0
浙江省,宁波市,广东省,东莞市,2020,4,1,2
浙江省,宁波市,广东省,佛山市,2018,1,4,0
浙江省,宁波市,广东省,佛山市,2019,2,7,0
浙江省,宁波市,广东省,佛山市,2020,0,10,0
浙江省,宁波市,广东省,中山市,2019,1,1,0
浙江省,宁波市,广西壮族自治区,南宁市,2019,1,0,0
浙江省,宁波市,河北省,保定市,2018,6,0,0
浙江省,宁波市,河南省,信阳市,2020,1,0,0
浙江省,宁波市,黑龙江省,哈尔滨市,2018,2,0,0
浙江省,宁波市,黑龙江省,哈尔滨市,2020,0,1,0
浙江省,宁波市,吉林省,吉林市,2018,0,1,0
浙江省,宁波市,江苏省,南京市,2018,45,17,0
浙江省,宁波市,江苏省,南京市,2019,68,25,2
浙江省,宁波市,江苏省,南京市,2020,77,53,0
浙江省,宁波市,江苏省,南通市,2018,1,0,0
浙江省,宁波市,江苏省,南通市,2019,1,2,0
浙江省,宁波市,江苏省,南通市,2020,7,0,0
浙江省,宁波市,江西省,南昌市,2019,1,2,0
浙江省,宁波市,江西省,南昌市,2020,1,2,2
浙江省,宁波市,辽宁省,大连市,2018,1,1,0
浙江省,宁波市,辽宁省,大连市,2019,1,1,0
浙江省,宁波市,辽宁省,大连市,2020,13,5,0
浙江省,宁波市,辽宁省,丹东市,2018,3,0,0
浙江省,宁波市,辽宁省,丹东市,2019,1,0,0
浙江省,宁波市,内蒙古自治区,包头市,2018,2,0,0
浙江省,宁波市,内蒙古自治区,包头市,2019,2,0,0
浙江省,宁波市,内蒙古自治区,包头市,2020,6,0,0
浙江省,宁波市,内蒙古自治区,呼和浩特市,2020,1,0,0
浙江省,宁波市,山东省,临沂市,2020,0,1,0
浙江省,宁波市,山东省,威海市,2019,1,0,0
浙江省,宁波市,山西省,太原市,2018,3,0,0
浙江省,宁波市,山西省,太原市,2020,2,0,0
浙江省,宁波市,上海市,上海市,2018,92,37,0
浙江省,宁波市,上海市,上海市,2019,88,55,6
浙江省,宁波市,上海市,上海市,2020,94,61,2
浙江省,宁波市,天津市,天津市,2018,6,3,0
浙江省,宁波市,天津市,天津市,2019,6,3,0
浙江省,宁波市,天津市,天津市,2020,12,9,0
浙江省,宁波市,新疆维吾尔自治区,乌鲁木齐市,2020,3,3,0
浙江省,宁波市,云南省,大理白族自治州,2018,0,1,0
浙江省,宁波市,云南省,丽江市,2018,2,0,0
浙江省,宁波市,浙江省,嘉兴市,2018,3,8,0
浙江省,宁波市,浙江省,嘉兴市,2019,9,9,1
浙江省,宁波市,浙江省,嘉兴市,2020,6,9,0
浙江省,宁波市,浙江省,丽水市,2018,1,0,0
浙江省,宁波市,浙江省,丽水市,2019,0,3,1
浙江省,宁波市,浙江省,丽水市,2020,1,1,0
浙江省,宁波市,浙江省,台州市,2018,3,3,0
浙江省,宁波市,浙江省,台州市,2019,12,13,0
浙江省,宁波市,浙江省,台州市,2020,6,7,1
浙江省,衢州市,安徽省,合肥市,2019,0,1,0
浙江省,衢州市,安徽省,合肥市,2020,1,1,0
浙江省,衢州市,北京市,北京市,2018,38,31,0
浙江省,衢州市,北京市,北京市,2019,7,10,0
浙江省,衢州市,北京市,北京市,2020,18,20,0
浙江省,衢州市,福建省,厦门市,2020,1,0,0
浙江省,衢州市,广东省,东莞市,2018,2,0,0
浙江省,衢州市,广东省,东莞市,2019,6,0,0
浙江省,衢州市,广东省,东莞市,2020,1,0,0
浙江省,衢州市,广东省,广州市,2020,1,2,0
浙江省,衢州市,广东省,深圳市,2018,1,0,0
浙江省,衢州市,广东省,深圳市,2019,1,0,0
浙江省,衢州市,广东省,深圳市,2020,1,0,0
浙江省,衢州市,广东省,珠海市,2018,14,0,0
浙江省,衢州市,广西壮族自治区,南宁市,2018,0,1,0
浙江省,衢州市,河北省,保定市,2020,2,0,0
浙江省,衢州市,河北省,廊坊市,2018,1,0,0
浙江省,衢州市,河南省,焦作市,2018,11,4,0
浙江省,衢州市,河南省,焦作市,2019,1,8,0
浙江省,衢州市,河南省,焦作市,2020,1,4,0
浙江省,衢州市,黑龙江省,哈尔滨市,2018,0,2,0
浙江省,衢州市,湖北省,武汉市,2018,3,3,0
浙江省,衢州市,湖北省,武汉市,2019,4,2,0
浙江省,衢州市,湖北省,武汉市,2020,1,3,0
浙江省,衢州市,吉林省,吉林市,2019,1,0,0
浙江省,衢州市,吉林省,吉林市,2020,1,0,0
浙江省,衢州市,江苏省,淮安市,2019,2,2,0
浙江省,衢州市,江苏省,南京市,2018,4,1,0
浙江省,衢州市,江苏省,南京市,2019,3,1,0
浙江省,衢州市,江苏省,南京市,2020,3,0,0
浙江省,衢州市,辽宁省,大连市,2020,1,0,0
浙江省,衢州市,宁夏回族自治区,中卫市,2018,14,0,0
浙江省,衢州市,宁夏回族自治区,中卫市,2020,1,0,0
浙江省,衢州市,山东省,济南市,2020,12,2,0
浙江省,衢州市,山东省,济宁市,2018,1,0,0
浙江省,衢州市,山东省,淄博市,2020,10,0,0
浙江省,衢州市,上海市,上海市,2018,10,4,1
浙江省,衢州市,上海市,上海市,2019,8,1,0
浙江省,衢州市,上海市,上海市,2020,9,5,0
浙江省,衢州市,四川省,宜宾市,2019,3,1,0
浙江省,衢州市,四川省,宜宾市,2020,1,2,0
浙江省,衢州市,天津市,天津市,2018,14,2,0
浙江省,衢州市,天津市,天津市,2019,2,3,0
浙江省,衢州市,天津市,天津市,2020,1,1,0
浙江省,衢州市,新疆维吾尔自治区,乌鲁木齐市,2018,1,0,0
浙江省,衢州市,浙江省,杭州市,2018,32,11,0
浙江省,衢州市,浙江省,杭州市,2019,28,18,0
浙江省,衢州市,浙江省,杭州市,2020,73,13,0
浙江省,衢州市,浙江省,嘉兴市,2018,18,7,0
浙江省,衢州市,浙江省,嘉兴市,2019,16,6,0
浙江省,衢州市,浙江省,嘉兴市,2020,46,15,0
浙江省,衢州市,浙江省,江山市,2020,0,1,1
浙江省,衢州市,浙江省,宁波市,2018,1,1,0
浙江省,衢州市,浙江省,宁波市,2019,1,0,0
浙江省,衢州市,浙江省,宁波市,2020,3,2,0
浙江省,衢州市,浙江省,台州市,2019,0,3,0
浙江省,衢州市,浙江省,台州市,2020,3,0,0
浙江省,衢州市,浙江省,温州市,2020,1,0,0
浙江省,衢州市,浙江省,舟山市,2019,1,1,0
浙江省,绍兴市,安徽省,安庆市,2018,1,0,0
浙江省,绍兴市,安徽省,合肥市,2018,1,0,0
浙江省,绍兴市,安徽省,合肥市,2019,3,0,0
浙江省,绍兴市,安徽省,合肥市,2020,4,0,1
浙江省,绍兴市,安徽省,淮北市,2020,1,0,0
浙江省,绍兴市,安徽省,淮南市,2018,0,3,0
浙江省,绍兴市,安徽省,六安市,2018,2,9,6
浙江省,绍兴市,安徽省,六安市,2019,1,13,7
浙江省,绍兴市,安徽省,六安市,2020,6,7,25
浙江省,绍兴市,安徽省,宣城市,2020,4,0,0
浙江省,绍兴市,北京市,北京市,2018,55,48,0
浙江省,绍兴市,北京市,北京市,2019,45,34,0
浙江省,绍兴市,北京市,北京市,2020,69,16,1
浙江省,绍兴市,福建省,福州市,2020,2,1,0
浙江省,绍兴市,福建省,厦门市,2018,30,54,6
浙江省,绍兴市,福建省,厦门市,2019,29,56,1
浙江省,绍兴市,福建省,厦门市,2020,12,13,0
浙江省,绍兴市,广东省,广州市,2018,1,0,0
浙江省,绍兴市,广东省,广州市,2019,1,0,0
浙江省,绍兴市,广东省,广州市,2020,1,1,0
浙江省,绍兴市,广东省,河源市,2019,1,1,0
浙江省,绍兴市,广东省,江门市,2018,8,12,0
浙江省,绍兴市,广东省,江门市,2019,9,18,0
浙江省,绍兴市,广东省,江门市,2020,1,1,0
浙江省,绍兴市,广东省,深圳市,2018,7,6,0
浙江省,绍兴市,广东省,深圳市,2019,7,3,0
浙江省,绍兴市,广东省,深圳市,2020,8,2,0
浙江省,绍兴市,广东省,云浮市,2019,0,1,0
浙江省,绍兴市,广东省,中山市,2020,2,0,0
浙江省,绍兴市,广东省,珠海市,2018,1,0,0
浙江省,绍兴市,广东省,珠海市,2019,1,1,0
浙江省,绍兴市,广西壮族自治区,柳州市,2020,1,0,0
浙江省,绍兴市,贵州省,六盘水市,2019,0,1,0
浙江省,绍兴市,河北省,保定市,2018,6,0,0
浙江省,绍兴市,河北省,保定市,2020,2,0,0
浙江省,绍兴市,河南省,开封市,2020,1,0,0
浙江省,绍兴市,河南省,南阳市,2018,22,43,0
浙江省,绍兴市,河南省,南阳市,2019,19,53,4
浙江省,绍兴市,河南省,南阳市,2020,8,29,4
浙江省,绍兴市,河南省,平顶山市,2018,1,1,0
浙江省,绍兴市,河南省,平顶山市,2019,1,0,0
浙江省,绍兴市,河南省,濮阳市,2019,2,4,0
浙江省,绍兴市,黑龙江省,哈尔滨市,2018,3,0,0
浙江省,绍兴市,黑龙江省,哈尔滨市,2019,3,0,0
浙江省,绍兴市,黑龙江省,哈尔滨市,2020,3,0,0
浙江省,绍兴市,湖北省,武汉市,2018,5,14,0
浙江省,绍兴市,湖北省,武汉市,2019,7,14,0
浙江省,绍兴市,湖北省,武汉市,2020,17,27,0
浙江省,绍兴市,湖北省,宜昌市,2020,1,2,0
浙江省,绍兴市,湖南省,株洲市,2019,1,0,0
浙江省,绍兴市,湖南省,株洲市,2020,1,1,0
浙江省,绍兴市,吉林省,吉林市,2018,1,0,0
浙江省,绍兴市,吉林省,吉林市,2019,1,0,0
浙江省,绍兴市,江苏省,常州市,2020,2,0,0
浙江省,绍兴市,江苏省,淮安市,2018,2,5,0
浙江省,绍兴市,江苏省,淮安市,2019,0,11,0
浙江省,绍兴市,江苏省,南京市,2018,4,0,0
浙江省,绍兴市,江苏省,南京市,2019,57,3,0
浙江省,绍兴市,江苏省,南京市,2020,122,11,0
浙江省,绍兴市,江苏省,南通市,2020,2,10,0
浙江省,绍兴市,江苏省,无锡市,2018,3,1,0
浙江省,绍兴市,江苏省,无锡市,2019,2,0,0
浙江省,绍兴市,江苏省,无锡市,2020,9,12,1
浙江省,绍兴市,江苏省,徐州市,2019,1,0,0
浙江省,绍兴市,江苏省,徐州市,2020,0,2,0
浙江省,绍兴市,江西省,南昌市,2020,1,1,0
浙江省,绍兴市,辽宁省,大连市,2019,0,1,0
浙江省,绍兴市,辽宁省,盘锦市,2019,1,0,0
浙江省,绍兴市,辽宁省,沈阳市,2018,1,0,0
浙江省,绍兴市,内蒙古自治区,巴彦淖尔市,2018,1,0,0
浙江省,绍兴市,内蒙古自治区,巴彦淖尔市,2019,2,0,0
浙江省,绍兴市,内蒙古自治区,巴彦淖尔市,2020,5,0,0
浙江省,绍兴市,内蒙古自治区,包头市,2018,2,0,0
浙江省,绍兴市,山东省,滨州市,2019,1,0,0
浙江省,绍兴市,山东省,济南市,2018,17,21,0
浙江省,绍兴市,山东省,济南市,2019,4,14,0
浙江省,绍兴市,山东省,济南市,2020,9,14,0
浙江省,绍兴市,山东省,济宁市,2018,0,3,0
浙江省,绍兴市,山东省,泰安市,2018,1,0,0
浙江省,绍兴市,山东省,潍坊市,2018,22,2,0
浙江省,绍兴市,山东省,潍坊市,2019,36,0,0
浙江省,绍兴市,山东省,潍坊市,2020,44,0,0
浙江省,绍兴市,山东省,烟台市,2018,1,1,0
浙江省,绍兴市,山东省,烟台市,2019,0,1,0
浙江省,绍兴市,山东省,烟台市,2020,1,1,0
浙江省,绍兴市,山东省,淄博市,2018,8,0,0
浙江省,绍兴市,山西省,太原市,2018,2,3,0
浙江省,绍兴市,山西省,太原市,2020,1,2,0
浙江省,绍兴市,陕西省,榆林市,2020,0,1,0
浙江省,绍兴市,上海市,上海市,2018,85,24,1
浙江省,绍兴市,上海市,上海市,2019,75,37,0
浙江省,绍兴市,上海市,上海市,2020,110,75,3
浙江省,绍兴市,四川省,成都市,2018,4,2,0
浙江省,绍兴市,四川省,成都市,2019,2,0,0
浙江省,绍兴市,四川省,成都市,2020,3,3,0
浙江省,绍兴市,天津市,天津市,2018,0,1,0
浙江省,绍兴市,天津市,天津市,2019,5,1,0
浙江省,绍兴市,天津市,天津市,2020,4,1,0
浙江省,绍兴市,浙江省,杭州市,2018,131,46,0
浙江省,绍兴市,浙江省,杭州市,2019,194,66,3
浙江省,绍兴市,浙江省,杭州市,2020,303,124,0
浙江省,绍兴市,浙江省,湖州市,2018,2,2,0
浙江省,绍兴市,浙江省,湖州市,2019,3,5,0
浙江省,绍兴市,浙江省,湖州市,2020,7,6,0
浙江省,绍兴市,浙江省,嘉兴市,2018,2,0,0
浙江省,绍兴市,浙江省,嘉兴市,2019,1,3,0
浙江省,绍兴市,浙江省,嘉兴市,2020,7,9,0
浙江省,绍兴市,浙江省,丽水市,2019,1,0,0
浙江省,绍兴市,浙江省,丽水市,2020,2,3,0
浙江省,绍兴市,浙江省,宁波市,2018,7,6,0
浙江省,绍兴市,浙江省,宁波市,2019,8,1,2
浙江省,绍兴市,浙江省,宁波市,2020,23,15,0
浙江省,绍兴市,浙江省,台州市,2018,2,3,0
浙江省,绍兴市,浙江省,台州市,2020,2,0,0
浙江省,绍兴市,浙江省,温州市,2018,4,1,0
浙江省,绍兴市,浙江省,温州市,2019,1,1,0
浙江省,绍兴市,浙江省,温州市,2020,1,0,0
浙江省,台州市,北京市,北京市,2018,35,29,0
浙江省,台州市,北京市,北京市,2019,30,23,0
浙江省,台州市,北京市,北京市,2020,28,18,0
浙江省,台州市,福建省,南平市,2018,1,0,0
浙江省,台州市,福建省,厦门市,2020,0,4,0
浙江省,台州市,甘肃省,兰州市,2019,1,0,0
浙江省,台州市,甘肃省,兰州市,2020,0,1,0
浙江省,台州市,广东省,佛山市,2018,2,0,0
浙江省,台州市,广东省,佛山市,2020,0,1,0
浙江省,台州市,河北省,保定市,2019,0,2,0
浙江省,台州市,河南省,南阳市,2020,0,1,0
浙江省,台州市,江苏省,南京市,2018,1,9,0
浙江省,台州市,江苏省,南京市,2019,1,3,0
浙江省,台州市,江苏省,南京市,2020,12,1,0
浙江省,台州市,江苏省,南通市,2018,11,0,0
浙江省,台州市,江苏省,南通市,2019,4,3,0
浙江省,台州市,江苏省,南通市,2020,1,1,0
浙江省,台州市,江西省,九江市,2018,8,0,0
浙江省,台州市,江西省,上饶市,2019,2,0,0
浙江省,台州市,内蒙古自治区,包头市,2020,1,0,0
浙江省,台州市,山东省,临沂市,2020,7,0,0
浙江省,台州市,上海市,上海市,2018,35,4,0
浙江省,台州市,上海市,上海市,2019,42,4,0
浙江省,台州市,上海市,上海市,2020,52,15,0
浙江省,台州市,云南省,保山市,2019,0,2,0
浙江省,台州市,浙江省,丽水市,2018,0,1,0
浙江省,台州市,浙江省,丽水市,2019,1,1,0
浙江省,温州市,安徽省,合肥市,2018,12,18,0
浙江省,温州市,安徽省,合肥市,2019,7,23,0
浙江省,温州市,安徽省,合肥市,2020,14,16,0
浙江省,温州市,安徽省,宣城市,2019,3,17,0
浙江省,温州市,安徽省,宣城市,2020,0,2,0
浙江省,温州市,北京市,北京市,2018,60,45,0
浙江省,温州市,北京市,北京市,2019,37,21,0
浙江省,温州市,北京市,北京市,2020,43,18,1
浙江省,温州市,福建省,宁德市,2018,0,1,0
浙江省,温州市,福建省,宁德市,2020,0,1,0
浙江省,温州市,福建省,泉州市,2019,1,1,0
浙江省,温州市,福建省,泉州市,2020,1,1,0
浙江省,温州市,福建省,三明市,2019,0,1,0
浙江省,温州市,甘肃省,兰州市,2019,6,1,0
浙江省,温州市,甘肃省,兰州市,2020,2,2,0
浙江省,温州市,广东省,东莞市,2019,2,1,0
浙江省,温州市,广东省,东莞市,2020,0,1,1
浙江省,温州市,广东省,佛山市,2020,2,1,0
浙江省,温州市,广东省,广州市,2018,3,1,0
浙江省,温州市,广东省,广州市,2020,1,0,0
浙江省,温州市,广东省,汕头市,2020,2,0,0
浙江省,温州市,广东省,深圳市,2019,2,9,1
浙江省,温州市,广东省,深圳市,2020,8,11,0
浙江省,温州市,广东省,中山市,2019,2,4,0
浙江省,温州市,广东省,中山市,2020,1,0,0
浙江省,温州市,广西壮族自治区,桂林市,2020,4,0,0
浙江省,温州市,河北省,保定市,2018,1,0,0
浙江省,温州市,河北省,保定市,2020,1,0,0
浙江省,温州市,河北省,唐山市,2019,0,1,0
浙江省,温州市,河北省,张家口市,2018,2,2,0
浙江省,温州市,河南省,洛阳市,2020,1,0,0
浙江省,温州市,河南省,平顶山市,2019,4,0,0
浙江省,温州市,河南省,商丘市,2020,1,0,0
浙江省,温州市,河南省,新乡市,2018,0,1,0
浙江省,温州市,河南省,新乡市,2019,1,1,0
浙江省,温州市,河南省,信阳市,2019,0,2,0
浙江省,温州市,黑龙江省,大庆市,2020,0,10,0
浙江省,温州市,湖北省,武汉市,2018,3,2,0
浙江省,温州市,湖北省,武汉市,2019,6,7,0
浙江省,温州市,湖北省,武汉市,2020,25,15,0
浙江省,温州市,江苏省,常州市,2019,1,1,0
浙江省,温州市,江苏省,淮安市,2018,2,2,0
浙江省,温州市,江苏省,南京市,2019,4,0,0
浙江省,温州市,江苏省,南京市,2020,10,3,0
浙江省,温州市,江苏省,南通市,2019,6,2,0
浙江省,温州市,江苏省,南通市,2020,2,1,0
浙江省,温州市,江苏省,宿迁市,2018,3,6,0
浙江省,温州市,江苏省,宿迁市,2020,0,1,0
浙江省,温州市,江苏省,泰州市,2020,1,0,0
浙江省,温州市,江苏省,无锡市,2019,2,0,0
浙江省,温州市,江苏省,无锡市,2020,0,5,0
浙江省,温州市,江苏省,徐州市,2018,14,17,4
浙江省,温州市,江苏省,徐州市,2019,14,20,2
浙江省,温州市,江苏省,徐州市,2020,8,14,0
浙江省,温州市,江苏省,扬州市,2020,0,1,0
浙江省,温州市,江西省,抚州市,2020,0,2,0
浙江省,温州市,江西省,九江市,2018,1,1,0
浙江省,温州市,江西省,上饶市,2020,3,2,1
浙江省,温州市,辽宁省,大连市,2019,2,1,0
浙江省,温州市,内蒙古自治区,包头市,2020,1,0,0
浙江省,温州市,山东省,济南市,2018,0,1,0
浙江省,温州市,山东省,济南市,2020,0,0,1
浙江省,温州市,山东省,枣庄市,2019,1,1,0
浙江省,温州市,山东省,枣庄市,2020,1,0,0
浙江省,温州市,山东省,淄博市,2018,1,1,0
浙江省,温州市,陕西省,榆林市,2020,0,8,0
浙江省,温州市,上海市,上海市,2018,92,178,4
浙江省,温州市,上海市,上海市,2019,60,159,3
浙江省,温州市,上海市,上海市,2020,120,242,7
浙江省,温州市,四川省,成都市,2018,0,4,0
浙江省,温州市,四川省,成都市,2019,1,0,0
浙江省,温州市,四川省,成都市,2020,12,5,1
浙江省,温州市,四川省,南充市,2018,0,4,0
浙江省,温州市,四川省,南充市,2020,1,0,0
浙江省,温州市,台湾省,台州市,2020,0,4,1
浙江省,温州市,天津市,天津市,2018,2,1,0
浙江省,温州市,天津市,天津市,2019,1,1,0
浙江省,温州市,天津市,天津市,2020,1,0,0
浙江省,温州市,云南省,昆明市,2020,1,0,0
浙江省,温州市,云南省,昭通市,2020,2,0,0
浙江省,温州市,浙江省,杭州市,2018,65,41,0
浙江省,温州市,浙江省,杭州市,2019,80,27,0
浙江省,温州市,浙江省,杭州市,2020,100,35,0
浙江省,温州市,浙江省,嘉兴市,2018,6,2,0
浙江省,温州市,浙江省,嘉兴市,2020,1,1,0
浙江省,温州市,浙江省,丽水市,2019,2,9,0
浙江省,温州市,浙江省,丽水市,2020,0,8,0
浙江省,温州市,浙江省,宁波市,2018,4,5,0
浙江省,温州市,浙江省,宁波市,2019,6,8,0
浙江省,温州市,浙江省,宁波市,2020,11,9,0
浙江省,温州市,浙江省,台州市,2018,2,2,0
浙江省,温州市,浙江省,台州市,2019,1,4,0
浙江省,温州市,浙江省,台州市,2020,1,0,0
浙江省,余姚市,广东省,中山市,2020,0,1,1
浙江省,舟山市,安徽省,合肥市,2018,0,1,0
浙江省,舟山市,安徽省,合肥市,2019,2,1,0
浙江省,舟山市,北京市,北京市,2018,25,20,0
浙江省,舟山市,北京市,北京市,2019,15,12,0
浙江省,舟山市,北京市,北京市,2020,16,10,2
浙江省,舟山市,福建省,宁德市,2018,1,1,0
浙江省,舟山市,广东省,广州市,2018,3,0,0
浙江省,舟山市,广东省,广州市,2019,0,1,0
浙江省,舟山市,广东省,广州市,2020,3,1,0
浙江省,舟山市,广东省,中山市,2019,2,0,0
浙江省,舟山市,广东省,珠海市,2020,0,0,1
浙江省,舟山市,河北省,保定市,2019,1,0,0
浙江省,舟山市,湖北省,武汉市,2018,5,0,0
浙江省,舟山市,湖北省,武汉市,2019,8,0,0
浙江省,舟山市,湖北省,武汉市,2020,5,4,0
浙江省,舟山市,湖北省,宜昌市,2019,2,0,0
浙江省,舟山市,江苏省,南京市,2018,3,1,0
浙江省,舟山市,江苏省,南京市,2019,1,2,0
浙江省,舟山市,江苏省,南京市,2020,2,1,0
浙江省,舟山市,江苏省,盐城市,2019,1,1,0
浙江省,舟山市,江苏省,扬州市,2019,4,0,0
浙江省,舟山市,辽宁省,大连市,2020,2,1,0
浙江省,舟山市,山东省,济南市,2018,1,0,0
浙江省,舟山市,山东省,济南市,2019,1,1,0
浙江省,舟山市,山东省,济宁市,2019,0,1,0
浙江省,舟山市,山东省,威海市,2018,1,0,0
浙江省,舟山市,山东省,烟台市,2020,4,1,0
浙江省,舟山市,上海市,上海市,2018,7,0,0
浙江省,舟山市,上海市,上海市,2019,13,2,0
浙江省,舟山市,上海市,上海市,2020,12,5,0
浙江省,舟山市,四川省,成都市,2018,1,0,0
浙江省,舟山市,四川省,绵阳市,2020,1,1,0
浙江省,舟山市,天津市,天津市,2018,5,2,0
浙江省,舟山市,天津市,天津市,2020,3,0,0
浙江省,舟山市,浙江省,杭州市,2018,24,8,0
浙江省,舟山市,浙江省,杭州市,2019,34,12,0
浙江省,舟山市,浙江省,杭州市,2020,33,22,0
浙江省,舟山市,浙江省,湖州市,2018,1,0,0
浙江省,舟山市,浙江省,嘉兴市,2020,0,2,0
浙江省,舟山市,浙江省,宁波市,2018,3,3,0
浙江省,舟山市,浙江省,宁波市,2019,1,4,0
浙江省,舟山市,浙江省,宁波市,2020,4,5,0
浙江省,舟山市,浙江省,绍兴市,2020,1,0,0
浙江省,舟山市,浙江省,温州市,2020,3,0,0
浙江省,诸暨市,福建省,泉州市,2019,0,2,0
浙江省,诸暨市,福建省,泉州市,2020,0,2,6
浙江省,诸暨市,广西壮族自治区,来宾市,2020,0,1,0
浙江省,诸暨市,上海市,上海市,2020,0,3,3
重庆市,重庆市,安徽省,滁州市,2019,1,0,0
重庆市,重庆市,安徽省,滁州市,2020,5,0,0
重庆市,重庆市,安徽省,合肥市,2018,25,48,0
重庆市,重庆市,安徽省,合肥市,2019,18,12,6
重庆市,重庆市,安徽省,合肥市,2020,9,20,0
重庆市,重庆市,安徽省,淮南市,2020,1,1,0
重庆市,重庆市,安徽省,芜湖市,2018,1,1,0
重庆市,重庆市,安徽省,芜湖市,2020,2,2,0
重庆市,重庆市,安徽省,宣城市,2020,0,1,0
重庆市,重庆市,北京市,北京市,2018,649,287,1
重庆市,重庆市,北京市,北京市,2019,814,361,64
重庆市,重庆市,北京市,北京市,2020,895,398,74
重庆市,重庆市,福建省,福安市,2020,0,1,0
重庆市,重庆市,福建省,福州市,2018,8,6,0
重庆市,重庆市,福建省,福州市,2019,2,1,0
重庆市,重庆市,福建省,福州市,2020,4,1,1
重庆市,重庆市,福建省,南平市,2018,4,0,0
重庆市,重庆市,福建省,泉州市,2019,1,0,0
重庆市,重庆市,福建省,泉州市,2020,1,0,0
重庆市,重庆市,福建省,三明市,2020,1,0,0
重庆市,重庆市,福建省,厦门市,2018,9,0,0
重庆市,重庆市,福建省,厦门市,2019,3,2,0
重庆市,重庆市,福建省,厦门市,2020,5,2,1
重庆市,重庆市,福建省,漳州市,2018,2,1,0
重庆市,重庆市,福建省,漳州市,2020,1,2,0
重庆市,重庆市,甘肃省,甘南藏族自治州,2020,12,0,0
重庆市,重庆市,甘肃省,嘉峪关市,2018,1,0,0
重庆市,重庆市,甘肃省,酒泉市,2020,2,0,0
重庆市,重庆市,甘肃省,兰州市,2018,3,3,0
重庆市,重庆市,甘肃省,兰州市,2019,4,6,0
重庆市,重庆市,甘肃省,兰州市,2020,33,10,0
重庆市,重庆市,甘肃省,武威市,2019,0,4,0
重庆市,重庆市,广东省,潮州市,2020,2,1,2
重庆市,重庆市,广东省,东莞市,2018,15,5,0
重庆市,重庆市,广东省,东莞市,2019,53,6,0
重庆市,重庆市,广东省,东莞市,2020,23,5,0
重庆市,重庆市,广东省,佛山市,2018,49,29,0
重庆市,重庆市,广东省,佛山市,2019,15,2,1
重庆市,重庆市,广东省,佛山市,2020,30,45,0
重庆市,重庆市,广东省,广州市,2018,58,10,0
重庆市,重庆市,广东省,广州市,2019,56,15,0
重庆市,重庆市,广东省,广州市,2020,42,31,0
重庆市,重庆市,广东省,惠州市,2018,0,8,0
重庆市,重庆市,广东省,惠州市,2019,0,7,3
重庆市,重庆市,广东省,惠州市,2020,1,8,9
重庆市,重庆市,广东省,梅州市,2019,1,0,0
重庆市,重庆市,广东省,清远市,2018,4,1,0
重庆市,重庆市,广东省,清远市,2019,17,0,0
重庆市,重庆市,广东省,清远市,2020,7,1,0
重庆市,重庆市,广东省,汕头市,2018,3,5,0
重庆市,重庆市,广东省,汕头市,2019,3,1,0
重庆市,重庆市,广东省,汕头市,2020,1,0,0
重庆市,重庆市,广东省,深圳市,2018,310,245,0
重庆市,重庆市,广东省,深圳市,2019,138,111,1
重庆市,重庆市,广东省,深圳市,2020,68,44,3
重庆市,重庆市,广东省,云浮市,2018,0,1,0
重庆市,重庆市,广东省,湛江市,2018,4,3,0
重庆市,重庆市,广东省,湛江市,2019,3,2,0
重庆市,重庆市,广东省,湛江市,2020,2,0,0
重庆市,重庆市,广东省,中山市,2018,8,6,0
重庆市,重庆市,广东省,中山市,2019,1,1,0
重庆市,重庆市,广东省,珠海市,2018,9,20,0
重庆市,重庆市,广东省,珠海市,2019,18,33,0
重庆市,重庆市,广东省,珠海市,2020,26,27,0
重庆市,重庆市,广西壮族自治区,北海市,2019,48,27,0
重庆市,重庆市,广西壮族自治区,北海市,2020,2,0,0
重庆市,重庆市,广西壮族自治区,桂林市,2018,6,0,0
重庆市,重庆市,广西壮族自治区,桂林市,2019,4,0,0
重庆市,重庆市,广西壮族自治区,桂林市,2020,5,0,0
重庆市,重庆市,广西壮族自治区,柳州市,2018,0,1,0
重庆市,重庆市,广西壮族自治区,南宁市,2018,5,2,0
重庆市,重庆市,广西壮族自治区,南宁市,2019,4,2,0
重庆市,重庆市,广西壮族自治区,南宁市,2020,6,17,2
重庆市,重庆市,贵州省,安顺市,2020,0,1,0
重庆市,重庆市,贵州省,毕节市,2018,2,0,0
重庆市,重庆市,贵州省,毕节市,2019,2,0,0
重庆市,重庆市,贵州省,毕节市,2020,0,1,0
重庆市,重庆市,贵州省,贵阳市,2018,1,5,0
重庆市,重庆市,贵州省,贵阳市,2019,8,3,0
重庆市,重庆市,贵州省,贵阳市,2020,5,7,0
重庆市,重庆市,贵州省,遵义市,2018,4,11,0
重庆市,重庆市,贵州省,遵义市,2019,0,1,6
重庆市,重庆市,贵州省,遵义市,2020,0,3,0
重庆市,重庆市,海南省,海口市,2019,2,0,0
重庆市,重庆市,海南省,海口市,2020,1,4,0
重庆市,重庆市,海南省,三亚市,2018,5,2,1
重庆市,重庆市,海南省,三亚市,2019,5,3,7
重庆市,重庆市,海南省,三亚市,2020,6,5,1
重庆市,重庆市,海南省,省直辖县级行政区划,2018,7,2,1
重庆市,重庆市,海南省,省直辖县级行政区划,2019,7,3,7
重庆市,重庆市,海南省,省直辖县级行政区划,2020,6,5,1
重庆市,重庆市,河北省,保定市,2018,4,0,0
重庆市,重庆市,河北省,保定市,2019,7,43,1
重庆市,重庆市,河北省,保定市,2020,6,14,2
重庆市,重庆市,河北省,沧州市,2020,1,0,0
重庆市,重庆市,河北省,邯郸市,2019,3,4,0
重庆市,重庆市,河北省,邯郸市,2020,2,5,0
重庆市,重庆市,河北省,廊坊市,2018,1,0,0
重庆市,重庆市,河北省,廊坊市,2019,4,0,0
重庆市,重庆市,河北省,廊坊市,2020,1,1,0
重庆市,重庆市,河北省,秦皇岛市,2019,0,1,0
重庆市,重庆市,河北省,秦皇岛市,2020,0,1,0
重庆市,重庆市,河北省,石家庄市,2018,4,0,0
重庆市,重庆市,河北省,石家庄市,2019,2,2,0
重庆市,重庆市,河北省,石家庄市,2020,7,0,1
重庆市,重庆市,河北省,唐山市,2019,2,2,0
重庆市,重庆市,河北省,唐山市,2020,0,4,0
重庆市,重庆市,河南省,焦作市,2019,1,5,0
重庆市,重庆市,河南省,焦作市,2020,0,4,0
重庆市,重庆市,河南省,洛阳市,2018,1,0,0
重庆市,重庆市,河南省,南阳市,2019,1,0,0
重庆市,重庆市,河南省,南阳市,2020,1,0,0
重庆市,重庆市,河南省,平顶山市,2019,9,0,0
重庆市,重庆市,河南省,平顶山市,2020,4,0,0
重庆市,重庆市,河南省,濮阳市,2020,1,0,0
重庆市,重庆市,河南省,新乡市,2018,4,7,0
重庆市,重庆市,河南省,新乡市,2019,7,5,0
重庆市,重庆市,河南省,新乡市,2020,13,17,0
重庆市,重庆市,河南省,许昌市,2018,0,3,0
重庆市,重庆市,河南省,许昌市,2019,4,1,0
重庆市,重庆市,河南省,许昌市,2020,6,2,0
重庆市,重庆市,河南省,郑州市,2018,14,3,0
重庆市,重庆市,河南省,郑州市,2019,16,7,0
重庆市,重庆市,河南省,郑州市,2020,26,26,4
重庆市,重庆市,黑龙江省,哈尔滨市,2018,5,0,0
重庆市,重庆市,黑龙江省,哈尔滨市,2019,3,6,0
重庆市,重庆市,黑龙江省,哈尔滨市,2020,6,1,0
重庆市,重庆市,湖北省,鄂州市,2018,0,2,0
重庆市,重庆市,湖北省,鄂州市,2020,0,1,0
重庆市,重庆市,湖北省,恩施土家族苗族自治州,2020,0,0,2
重庆市,重庆市,湖北省,荆门市,2020,1,0,0
重庆市,重庆市,湖北省,荆州市,2018,1,2,0
重庆市,重庆市,湖北省,荆州市,2019,0,8,0
重庆市,重庆市,湖北省,荆州市,2020,8,5,0
重庆市,重庆市,湖北省,武汉市,2018,67,36,0
重庆市,重庆市,湖北省,武汉市,2019,59,30,5
重庆市,重庆市,湖北省,武汉市,2020,35,14,1
重庆市,重庆市,湖北省,襄阳市,2019,3,5,0
重庆市,重庆市,湖北省,孝感市,2019,1,0,0
重庆市,重庆市,湖北省,宜昌市,2019,1,0,0
重庆市,重庆市,湖北省,宜昌市,2020,1,0,0
重庆市,重庆市,湖南省,郴州市,2018,1,1,0
重庆市,重庆市,湖南省,衡阳市,2019,2,0,0
重庆市,重庆市,湖南省,衡阳市,2020,1,0,0
重庆市,重庆市,湖南省,怀化市,2019,0,2,0
重庆市,重庆市,湖南省,湘西土家族苗族自治州,2020,0,1,0
重庆市,重庆市,湖南省,永州市,2018,1,0,0
重庆市,重庆市,湖南省,永州市,2019,2,0,0
重庆市,重庆市,湖南省,株洲市,2019,3,0,0
重庆市,重庆市,吉林省,吉林市,2018,1,0,0
重庆市,重庆市,吉林省,吉林市,2019,1,0,0
重庆市,重庆市,吉林省,吉林市,2020,2,0,0
重庆市,重庆市,江苏省,常州市,2018,1,0,0
重庆市,重庆市,江苏省,淮安市,2019,0,2,0
重庆市,重庆市,江苏省,连云港市,2019,1,0,0
重庆市,重庆市,江苏省,南京市,2018,24,1,0
重庆市,重庆市,江苏省,南京市,2019,48,11,0
重庆市,重庆市,江苏省,南京市,2020,56,34,1
重庆市,重庆市,江苏省,南通市,2018,0,3,0
重庆市,重庆市,江苏省,南通市,2019,1,0,0
重庆市,重庆市,江苏省,苏州市,2018,10,4,1
重庆市,重庆市,江苏省,苏州市,2019,9,10,9
重庆市,重庆市,江苏省,苏州市,2020,14,17,1
重庆市,重庆市,江苏省,宿迁市,2020,8,0,0
重庆市,重庆市,江苏省,泰州市,2018,1,0,0
重庆市,重庆市,江苏省,泰州市,2019,1,2,0
重庆市,重庆市,江苏省,泰州市,2020,2,0,0
重庆市,重庆市,江苏省,无锡市,2018,3,1,0
重庆市,重庆市,江苏省,无锡市,2019,10,7,0
重庆市,重庆市,江苏省,无锡市,2020,7,2,1
重庆市,重庆市,江苏省,徐州市,2018,5,2,0
重庆市,重庆市,江苏省,徐州市,2019,3,2,0
重庆市,重庆市,江苏省,徐州市,2020,5,1,0
重庆市,重庆市,江苏省,盐城市,2018,2,0,0
重庆市,重庆市,江苏省,盐城市,2019,1,0,0
重庆市,重庆市,江苏省,盐城市,2020,1,2,0
重庆市,重庆市,江苏省,扬州市,2018,2,0,0
重庆市,重庆市,江西省,赣州市,2018,3,24,0
重庆市,重庆市,江西省,赣州市,2019,1,13,0
重庆市,重庆市,江西省,赣州市,2020,2,5,0
重庆市,重庆市,江西省,吉安市,2019,0,2,0
重庆市,重庆市,江西省,九江市,2019,0,3,0
重庆市,重庆市,江西省,南昌市,2018,5,1,0
重庆市,重庆市,江西省,南昌市,2019,5,3,0
重庆市,重庆市,江西省,南昌市,2020,9,10,0
重庆市,重庆市,江西省,宜春市,2018,6,1,0
重庆市,重庆市,江西省,宜春市,2019,47,0,0
重庆市,重庆市,江西省,宜春市,2020,18,3,0
重庆市,重庆市,辽宁省,大连市,2019,2,2,0
重庆市,重庆市,辽宁省,大连市,2020,5,2,1
重庆市,重庆市,辽宁省,丹东市,2018,1,0,0
重庆市,重庆市,辽宁省,沈阳市,2018,2,2,0
重庆市,重庆市,辽宁省,沈阳市,2019,5,1,0
重庆市,重庆市,辽宁省,沈阳市,2020,2,0,0
重庆市,重庆市,内蒙古自治区,巴彦淖尔市,2019,0,3,0
重庆市,重庆市,内蒙古自治区,巴彦淖尔市,2020,0,3,2
重庆市,重庆市,内蒙古自治区,包头市,2020,2,0,0
重庆市,重庆市,内蒙古自治区,鄂尔多斯市,2019,1,0,0
重庆市,重庆市,内蒙古自治区,通辽市,2018,5,0,0
重庆市,重庆市,内蒙古自治区,通辽市,2019,4,0,0
重庆市,重庆市,内蒙古自治区,通辽市,2020,6,1,0
重庆市,重庆市,内蒙古自治区,乌海市,2020,0,1,1
重庆市,重庆市,青海省,海北藏族自治州,2020,0,1,1
重庆市,重庆市,青海省,海东市,2019,0,1,0
重庆市,重庆市,青海省,海东市,2020,0,1,1
重庆市,重庆市,青海省,西宁市,2018,3,0,0
重庆市,重庆市,青海省,西宁市,2019,3,2,0
重庆市,重庆市,青海省,西宁市,2020,5,6,0
重庆市,重庆市,山东省,滨州市,2019,2,0,0
重庆市,重庆市,山东省,滨州市,2020,1,0,0
重庆市,重庆市,山东省,德州市,2018,1,0,0
重庆市,重庆市,山东省,德州市,2019,3,0,0
重庆市,重庆市,山东省,德州市,2020,4,0,0
重庆市,重庆市,山东省,东营市,2018,1,0,0
重庆市,重庆市,山东省,东营市,2020,4,1,0
重庆市,重庆市,山东省,菏泽市,2019,0,1,0
重庆市,重庆市,山东省,济南市,2018,9,3,0
重庆市,重庆市,山东省,济南市,2019,2,3,0
重庆市,重庆市,山东省,济南市,2020,14,3,0
重庆市,重庆市,山东省,济宁市,2018,0,1,0
重庆市,重庆市,山东省,济宁市,2020,1,1,0
重庆市,重庆市,山东省,临沂市,2020,0,1,0
重庆市,重庆市,山东省,泰安市,2020,2,5,2
重庆市,重庆市,山东省,威海市,2019,2,0,0
重庆市,重庆市,山东省,威海市,2020,5,1,0
重庆市,重庆市,山东省,潍坊市,2018,6,13,0
重庆市,重庆市,山东省,潍坊市,2019,10,13,0
重庆市,重庆市,山东省,潍坊市,2020,11,32,0
重庆市,重庆市,山东省,烟台市,2018,3,0,0
重庆市,重庆市,山东省,烟台市,2019,7,0,0
重庆市,重庆市,山东省,烟台市,2020,1,3,0
重庆市,重庆市,山东省,淄博市,2020,4,1,0
重庆市,重庆市,山西省,大同市,2020,1,1,0
重庆市,重庆市,山西省,晋城市,2018,0,1,0
重庆市,重庆市,山西省,晋城市,2020,0,2,0
重庆市,重庆市,山西省,晋中市,2018,6,1,0
重庆市,重庆市,山西省,晋中市,2019,7,1,0
重庆市,重庆市,山西省,晋中市,2020,4,1,0
重庆市,重庆市,山西省,太原市,2018,10,1,0
重庆市,重庆市,山西省,太原市,2019,2,0,0
重庆市,重庆市,山西省,太原市,2020,1,5,0
重庆市,重庆市,山西省,忻州市,2018,1,0,0
重庆市,重庆市,山西省,忻州市,2020,0,2,0
重庆市,重庆市,陕西省,宝鸡市,2019,3,1,0
重庆市,重庆市,陕西省,汉中市,2019,1,1,0
重庆市,重庆市,陕西省,西安市,2018,17,9,1
重庆市,重庆市,陕西省,西安市,2019,28,36,8
重庆市,重庆市,陕西省,西安市,2020,45,32,1
重庆市,重庆市,陕西省,咸阳市,2019,0,2,0
重庆市,重庆市,陕西省,榆林市,2018,0,6,0
重庆市,重庆市,陕西省,榆林市,2019,2,1,0
重庆市,重庆市,陕西省,榆林市,2020,8,7,0
重庆市,重庆市,上海市,上海市,2018,112,28,1
重庆市,重庆市,上海市,上海市,2019,154,21,8
重庆市,重庆市,上海市,上海市,2020,163,54,7
重庆市,重庆市,四川省,巴中市,2019,1,0,0
重庆市,重庆市,四川省,成都市,2018,46,42,0
重庆市,重庆市,四川省,成都市,2019,101,40,0
重庆市,重庆市,四川省,成都市,2020,100,54,2
重庆市,重庆市,四川省,达州市,2020,1,0,0
重庆市,重庆市,四川省,德阳市,2018,8,0,0
重庆市,重庆市,四川省,广安市,2019,6,5,0
重庆市,重庆市,四川省,广安市,2020,0,3,0
重庆市,重庆市,四川省,广元市,2019,0,1,0
重庆市,重庆市,四川省,广元市,2020,3,1,0
重庆市,重庆市,四川省,凉山彝族自治州,2020,1,0,0
重庆市,重庆市,四川省,泸州市,2018,1,0,0
重庆市,重庆市,四川省,泸州市,2019,1,0,0
重庆市,重庆市,四川省,泸州市,2020,7,6,0
重庆市,重庆市,四川省,眉山市,2020,0,2,0
重庆市,重庆市,四川省,绵阳市,2018,2,0,0
重庆市,重庆市,四川省,绵阳市,2019,1,0,0
重庆市,重庆市,四川省,绵阳市,2020,12,3,0
重庆市,重庆市,四川省,攀枝花市,2018,1,0,0
重庆市,重庆市,四川省,攀枝花市,2019,0,2,0
重庆市,重庆市,四川省,攀枝花市,2020,1,0,0
重庆市,重庆市,四川省,遂宁市,2019,8,3,0
重庆市,重庆市,四川省,遂宁市,2020,1,5,0
重庆市,重庆市,四川省,宜宾市,2019,2,3,0
重庆市,重庆市,四川省,宜宾市,2020,2,2,0
重庆市,重庆市,四川省,自贡市,2018,3,0,0
重庆市,重庆市,四川省,自贡市,2019,4,0,0
重庆市,重庆市,四川省,自贡市,2020,4,1,0
重庆市,重庆市,天津市,天津市,2018,8,20,0
重庆市,重庆市,天津市,天津市,2019,21,70,0
重庆市,重庆市,天津市,天津市,2020,44,95,0
重庆市,重庆市,西藏自治区,拉萨市,2018,0,1,0
重庆市,重庆市,西藏自治区,拉萨市,2019,2,0,0
重庆市,重庆市,西藏自治区,拉萨市,2020,13,3,0
重庆市,重庆市,西藏自治区,林芝市,2018,2,0,0
重庆市,重庆市,西藏自治区,林芝市,2020,1,0,0
重庆市,重庆市,新疆维吾尔自治区,和田地区,2020,0,1,0
重庆市,重庆市,新疆维吾尔自治区,乌鲁木齐市,2018,7,4,0
重庆市,重庆市,新疆维吾尔自治区,乌鲁木齐市,2019,5,1,0
重庆市,重庆市,新疆维吾尔自治区,乌鲁木齐市,2020,8,0,0
重庆市,重庆市,新疆维吾尔自治区,自治区直辖县级行政区划,2018,1,0,0
重庆市,重庆市,云南省,楚雄彝族自治州,2018,2,0,0
重庆市,重庆市,云南省,楚雄彝族自治州,2019,1,2,0
重庆市,重庆市,云南省,楚雄彝族自治州,2020,1,0,0
重庆市,重庆市,云南省,大理白族自治州,2018,0,1,0
重庆市,重庆市,云南省,昆明市,2018,12,0,0
重庆市,重庆市,云南省,昆明市,2019,12,8,0
重庆市,重庆市,云南省,昆明市,2020,7,7,0
重庆市,重庆市,云南省,曲靖市,2020,1,1,0
重庆市,重庆市,云南省,文山壮族苗族自治州,2018,0,1,0
重庆市,重庆市,云南省,文山壮族苗族自治州,2019,2,2,0
重庆市,重庆市,云南省,文山壮族苗族自治州,2020,0,1,0
重庆市,重庆市,云南省,昭通市,2020,1,3,0
重庆市,重庆市,浙江省,杭州市,2018,4,8,0
重庆市,重庆市,浙江省,杭州市,2019,23,8,0
重庆市,重庆市,浙江省,杭州市,2020,44,20,1
重庆市,重庆市,浙江省,湖州市,2018,1,0,0
重庆市,重庆市,浙江省,嘉兴市,2018,57,2,0
重庆市,重庆市,浙江省,嘉兴市,2019,61,0,0
重庆市,重庆市,浙江省,嘉兴市,2020,60,1,0
重庆市,重庆市,浙江省,丽水市,2019,3,0,0
重庆市,重庆市,浙江省,丽水市,2020,0,1,0
重庆市,重庆市,浙江省,宁波市,2018,5,6,0
重庆市,重庆市,浙江省,宁波市,2019,3,5,0
重庆市,重庆市,浙江省,宁波市,2020,4,1,0
重庆市,重庆市,浙江省,衢州市,2018,1,1,0
重庆市,重庆市,浙江省,绍兴市,2018,4,4,0
重庆市,重庆市,浙江省,绍兴市,2019,3,3,2
重庆市,重庆市,浙江省,绍兴市,2020,3,1,0
重庆市,重庆市,浙江省,台州市,2020,0,1,1
重庆市,重庆市,浙江省,温州市,2018,2,0,0
重庆市,重庆市,浙江省,温州市,2019,1,0,0
重庆市,重庆市,浙江省,温州市,2020,2,1,0
重庆市,重庆市,浙江省,舟山市,2019,1,0,0
