Bdhttpnm,Fctn,Drctnm,Cratdt,Prvn,Pftn,Cont,Spfcadd,Tpintdc,Topbdtp,Kcrsusp,Sncarlv,Longit,Latit
寺庙名称,支派类别,负责人姓名,建立日期,所属省份,所属地级市,所属区县,具体地址,佛寺简介,是否为国内名寺,是否为国家文物保护单位,景区级别,经度,纬度
石屋寺,汉语系,张秀英,年代不详,安徽省,安庆市,枞阳县,安徽省安庆市枞阳县枞阳镇郭桥村,石屋寺，位于枞阳县城之东15公里，远望山色青紫，秀色可餐，故名青山。山南峰下有一平坦巨石，天生石柱撑其下，成了天然石屋，面积约200平方米，人居其间，冬暖夏凉，舒适无比。明末宰相何如宠少时曾读书于其屋，今屋顶巨石有其诗刻一首，诗曰：“坚去附地阁山椒，仙隐禅栖万古遥。为向悬崖磨数字，与他后代认前朝”。,,,,117.317131,30.742290
宝莲庵,汉语系,左翠荣,年代不详,安徽省,安庆市,枞阳县,安徽省安庆市枞阳县枞阳镇五一村,宝莲庵，位於枞阳县城之东、石矶头以西约三华里的钱麦园老虎山南麓，青松翠竹环抱，风景秀丽，气势巍峨。远眺东西，大江南北，无限风光，尽收眼底。近年来，宝莲庵香火日盛，已被枞阳县宗教部门列入县级保护寺庵之一。[1],,,,117.317604,30.711325
白云岩寺,汉语系,陈新良,年代不详,安徽省,安庆市,枞阳县,安徽省安庆市枞阳县白梅乡岩前村,白云岩寺位于安徽省枞阳县七家山中，历史悠久。宋治平元年（1064年），高僧义青禅师为浮山大华严寺住持，以白云岩为方丈室，并在岩顶题“青华严方丈”，今五字依然清淅可见。后白云端、白云二禅师，元了悟禅师都曾住持该寺，弘扬佛法。文革时，寺庙毁损严重，改革后有九华山僧人住持，重修寺庙，周边游客、香客日渐增多，每月初一、十五更是佛事兴隆，但仍以正月初一、初七、十五为盛，游人香客漫山遍野，游岩已成为民间的庆贺春节的传统节目。,,,,117.394836,30.930283
白马寺,汉语系,尹秀芳,年代不详,安徽省,安庆市,枞阳县,安徽省安庆市枞阳县枞阳镇连城村,白马寺，民间称白马庙，坐落于安徽省桐城市东南十里的白马乡白马街，约建于唐朝末年，文革时被毁，今于原址重修。,,,,117.207870,30.703152
一心庵,汉语系,张玉霞,,安徽省,安庆市,枞阳县,安徽省安庆市枞阳县义津镇义津村,,,,,117.194603,30.915192
三合寺,汉语系,丁俊元,,安徽省,安庆市,枞阳县,安徽省安庆市枞阳县金社乡秀山村,,,,,117.369263,30.885752
三圣庵,汉语系,张祥明,,安徽省,安庆市,枞阳县,安徽省安庆市枞阳县周潭镇吴桥村,,,,,117.508698,30.918531
三星庵,汉语系,陈启方,,安徽省,安庆市,枞阳县,安徽省安庆市枞阳县官埠桥镇官山村,,,,,117.194122,30.790611
三贞庵,汉语系,潘翠平,,安徽省,安庆市,枞阳县,安徽省安庆市枞阳县麒麟镇岱鳌村,,,,,117.179298,31.067041
东阳洞寺,汉语系,丁明枝,,安徽省,安庆市,枞阳县,安徽省安庆市枞阳县白梅乡岩前村,,,,,117.394836,30.930283
五印庵,汉语系,江夕爱,,安徽省,安庆市,枞阳县,安徽省安庆市枞阳县官埠桥镇团山村,,,,,117.312103,30.798820
会圣寺,汉语系,仇更生,,安徽省,安庆市,枞阳县,安徽省安庆市枞阳县浮山镇浮渡村,,,,,117.266830,30.911411
会安寺,汉语系,释悟霞,,安徽省,安庆市,枞阳县,安徽省安庆市枞阳县会宫镇栏桥村,,,,,117.292778,30.821512
傅家庙,汉语系,杨贤友,,安徽省,安庆市,枞阳县,安徽省安庆市枞阳县金社乡杨市村,,,,,117.402031,30.863983
准提庵,汉语系,项成西,,安徽省,安庆市,枞阳县,安徽省安庆市枞阳县周潭镇施湾村,,,,,117.617363,30.945232
凌云寺,汉语系,徐成松,,安徽省,安庆市,枞阳县,安徽省安庆市枞阳县钱铺乡虎栈村,,,,,117.464363,30.970762
凤凰禅寺,汉语系,杨素华,,安徽省,安庆市,枞阳县,安徽省安庆市枞阳县枞阳镇新华居委会,,,,,117.210518,30.693920
北圣庙,汉语系,蒋正林,,安徽省,安庆市,枞阳县,安徽省安庆市枞阳县义津镇北圣村,,,,,117.163391,30.870071
华佗寺,汉语系,吴东莲,,安徽省,安庆市,枞阳县,安徽省安庆市枞阳县金社乡金渡村,,,,,117.373825,30.844723
善庆庵,汉语系,李爱枝,,安徽省,安庆市,枞阳县,安徽省安庆市枞阳县官埠桥莲湖村,,,,,117.961258,31.028582
嘶风寺,汉语系,疏子慎,,安徽省,安庆市,枞阳县,安徽省安庆市枞阳县钱桥镇新埠村,,,,,117.191681,31.020262
垂手庵,汉语系,方香云,,安徽省,安庆市,枞阳县,安徽省安庆市枞阳县义津镇义津街道,,,,,117.198586,30.895893
城隍庙,汉语系,钱立友,年代不详,安徽省,安庆市,枞阳县,安徽省安庆市枞阳县白湖乡山河村,,,,,117.321068,30.919630
大仙庵,汉语系,严成远,,安徽省,安庆市,枞阳县,安徽省安庆市枞阳县周潭镇严潭村,,,,,117.564804,30.894442
大千庵,汉语系,左秀英,,安徽省,安庆市,枞阳县,安徽省安庆市枞阳县周潭镇吴桥村,,,,,117.508698,30.918531
大王庙（周潭镇）,汉语系,周济平,,安徽省,安庆市,枞阳县,安徽省安庆市枞阳县周潭镇周潭村,,,,,117.575012,30.908091
大王庙（老洲镇）,汉语系,僧红田,,安徽省,安庆市,枞阳县,安徽省安庆市枞阳县老洲镇王套村,,,,,117.593620,30.785902
天峰寺,汉语系,张友芝,,安徽省,安庆市,枞阳县,安徽省安庆市枞阳县枞阳镇小缸窑居委会,,,,,117.166954,30.719612
天皇庙,汉语系,高小英,,安徽省,安庆市,枞阳县,安徽省安庆市枞阳县钱桥镇邹姚村,,,,,117.232231,30.937561
宜青庵,汉语系,姜继明,,安徽省,安庆市,枞阳县,安徽省安庆市枞阳县横埠镇范潭村,,,,,117.518448,30.887171
宝华禅寺,汉语系,张士中,,安徽省,安庆市,枞阳县,安徽省安庆市枞阳县会宫镇栏桥村,,,,,117.292778,30.821512
宝墨寺,汉语系,许福玲,,安徽省,安庆市,枞阳县,安徽省安庆市枞阳县铁铜乡新丰村,,,,,117.219467,30.657600
将军庙（义津镇）,汉语系,暂缺,,安徽省,安庆市,枞阳县,安徽省安庆市枞阳县义津镇义东村,,,,,117.207428,30.885721
将军庙（钱铺乡）,汉语系,徐成八,,安徽省,安庆市,枞阳县,安徽省安庆市枞阳县钱铺乡将军村,,,,,117.484306,30.946951
小山庙,汉语系,张邦才,,安徽省,安庆市,枞阳县,安徽省安庆市枞阳县藕山镇白荡村,,,,,117.417473,30.754923
小望龙庵,汉语系,张美英,,安徽省,安庆市,枞阳县,安徽省安庆市枞阳县白湖乡古楼村,,,,,117.313217,30.984661
小王庙,汉语系,来发,,安徽省,安庆市,枞阳县,安徽省安庆市枞阳县周潭镇枫林村,,,,,117.607338,30.924030
岳王庙,汉语系,孙晓平,,安徽省,安庆市,枞阳县,安徽省安庆市枞阳县横埠镇官塘村,,,,,117.494644,30.916601
张公庙,汉语系,鲍时秀,,安徽省,安庆市,枞阳县,安徽省安庆市枞阳县雨坛乡雨坛村,,,,,117.151909,30.809271
望华庵,汉语系,周民生,,安徽省,安庆市,枞阳县,安徽省安庆市枞阳县周潭镇七井村,,,,,117.552063,30.912540
望圣庙,汉语系,范春兰,,安徽省,安庆市,枞阳县,安徽省安庆市枞阳县金社乡龙口村,,,,,117.394432,30.833651
望瑞庵,汉语系,吴礼普,,安徽省,安庆市,枞阳县,安徽省安庆市枞阳县横埠镇谋道村,,,,,117.470894,30.872902
望龙庵,汉语系,释禅进,,安徽省,安庆市,枞阳县,安徽省安庆市枞阳县枞阳镇前进居委会,,,,,117.209114,30.695072
朝山庙,汉语系,朱发明,,安徽省,安庆市,枞阳县,安徽省安庆市枞阳县藕山镇巢山村,,,,,117.360397,30.774181
朝阳庵,汉语系,洪正应,,安徽省,安庆市,枞阳县,安徽省安庆市枞阳县钱桥镇朝阳村,,,,,117.228188,31.013451
松印寺,汉语系,李秀英,,安徽省,安庆市,枞阳县,安徽省安庆市枞阳县官埠桥镇陆岗村,,,,,117.305023,30.788071
毛王庙（钱桥镇）,汉语系,汤惠平,,安徽省,安庆市,枞阳县,安徽省安庆市枞阳县钱桥镇高丰村,,,,,117.273521,30.964201
毛王庙（雨坛乡）,汉语系,胡德秀,,安徽省,安庆市,枞阳县,安徽省安庆市枞阳县雨坛乡高峰村,,,,,117.150490,30.764021
水府庙,汉语系,方美玲,,安徽省,安庆市,枞阳县,安徽省安庆市枞阳县汤沟镇丰乐居委会,,,,,117.552788,30.834681
永镇庵,汉语系,吴学琴,,安徽省,安庆市,枞阳县,安徽省安庆市枞阳县汤沟镇桂坝村,,,,,117.520302,30.758591
汪圣寺,汉语系,黄言香,,安徽省,安庆市,枞阳县,安徽省安庆市枞阳县横埠镇官塘村,,,,,117.494644,30.916601
汪家庵,汉语系,暂缺,,安徽省,安庆市,枞阳县,安徽省安庆市枞阳县钱铺乡钱铺村,,,,,117.452003,30.929972
白云寺,汉语系,胡章英,,安徽省,安庆市,枞阳县,安徽省安庆市枞阳县藕山镇护国居委会,,,,,117.392815,30.735516
白衣庵（官埠桥镇）,汉语系,殷明兰,,安徽省,安庆市,枞阳县,安徽省安庆市枞阳县官埠桥镇黄华村,,,,,117.255745,30.763773
白衣庵（枞阳镇）,汉语系,殷宏兵,,安徽省,安庆市,枞阳县,安徽省安庆市枞阳县枞阳镇青龙村,,,,,117.277328,30.746511
白衣庵（麒麟镇）,汉语系,汪春竹,,安徽省,安庆市,枞阳县,安徽省安庆市枞阳县麒麟镇麒麟村,,,,,117.138313,30.994720
百子庵,汉语系,汤来姑,,安徽省,安庆市,枞阳县,安徽省安庆市枞阳县浮山镇浮渡村,,,,,117.266830,30.911411
石龙禅寺,汉语系,方红胜,,安徽省,安庆市,枞阳县,安徽省安庆市枞阳县官埠桥镇岱冲村,,,,,117.171913,30.759771
神登寺,汉语系,戴履龙,,安徽省,安庆市,枞阳县,安徽省安庆市枞阳县金社乡桃山村,,,,,117.429123,30.902802
禅智寺,汉语系,钱门才,,安徽省,安庆市,枞阳县,安徽省安庆市枞阳县钱铺乡钱铺村,,,,,117.452003,30.929972
积云庵,汉语系,暂缺,,安徽省,安庆市,枞阳县,安徽省安庆市枞阳县周潭镇施湾村,,,,,117.617363,30.945232
老鹤庵,汉语系,吴丽萍,,安徽省,安庆市,枞阳县,安徽省安庆市枞阳县汤沟镇彭山村,,,,,117.445702,30.795151
芷苇庵,汉语系,钱娟,,安徽省,安庆市,枞阳县,安徽省安庆市枞阳县陈瑶湖苎镇村,,,,,117.601990,30.846050
莲花禅寺,汉语系,殷学功,,安徽省,安庆市,枞阳县,安徽省安庆市枞阳县官埠桥镇继光村,,,,,117.204994,30.771120
观音寺,汉语系,吴有云,,安徽省,安庆市,枞阳县,安徽省安庆市枞阳县周潭镇吴桥村,,,,,117.508698,30.918531
观音庙,汉语系,疏金华,,安徽省,安庆市,枞阳县,安徽省安庆市枞阳县金社乡向荣村,,,,,117.414047,30.905201
金谷禅寺,汉语系,唐义华,,安徽省,安庆市,枞阳县,安徽省安庆市枞阳县浮山镇浮山村,,,,,117.279922,30.909922
金龙寺,汉语系,张老朋,,安徽省,安庆市,枞阳县,安徽省安庆市枞阳县会宫镇晓春村,,,,,117.327820,30.825743
阳和庙,汉语系,吴桂兰,,安徽省,安庆市,枞阳县,安徽省安庆市枞阳县麒麟镇阳和村,,,,,117.158104,31.013103
青龙寺,汉语系,释章明,明洪武年间,安徽省,安庆市,枞阳县,安徽省安庆市枞阳县周潭镇吴桥村,,,,,117.508698,30.918531
青龙庵,汉语系,释永持,,安徽省,安庆市,枞阳县,安徽省安庆市枞阳县枞阳镇青龙村,,,,,117.277328,30.746511
静缘庵,汉语系,汪忠恕,,安徽省,安庆市,枞阳县,安徽省安庆市枞阳县会宫镇会宫村,,,,,117.253120,30.834381
飞阁寺,汉语系,方修龙,,安徽省,安庆市,枞阳县,安徽省安庆市枞阳县官埠桥镇岱冲村,,,,,117.171913,30.759771
马埠山寺,汉语系,吴宗元,,安徽省,安庆市,枞阳县,安徽省安庆市枞阳县项铺镇白石村,,,,,117.342361,30.874241
高妙寺,汉语系,吴毛伢,,安徽省,安庆市,枞阳县,安徽省安庆市枞阳县金社乡龙口村,,,,,117.394432,30.833651
龙山寺,汉语系,朱国光,年代不详,安徽省,安庆市,枞阳县,安徽省安庆市枞阳县白湖乡龙城村,,,,,117.301247,30.970921
龙庆庵,汉语系,释常宏,,安徽省,安庆市,枞阳县,安徽省安庆市枞阳县金社乡桃山村,,,,,117.429123,30.902802
龙泉寺,汉语系,胡爱年,,安徽省,安庆市,枞阳县,安徽省安庆市枞阳县官埠桥镇向东村,,,,,117.228119,30.787016
慈化庵,汉语系,李海云,,安徽省,安庆市,枞阳县,安徽省安庆市枞阳县白湖乡旸岭村,,,,,117.356003,30.954723
放生庵,汉语系,黄双武,,安徽省,安庆市,枞阳县,安徽省安庆市枞阳县项铺镇石溪村,,,,,117.299660,30.893501
旗山寺,汉语系,房厚宽,,安徽省,安庆市,枞阳县,安徽省安庆市枞阳县枞阳镇下枞阳居委会,,,,,117.241669,30.695843
旺圣庙,汉语系,江年信,,安徽省,安庆市,枞阳县,安徽省安庆市枞阳县钱桥镇兴旺村,,,,,117.208633,31.038633
智兴庵,汉语系,刘僧敬,,安徽省,安庆市,枞阳县,安徽省安庆市枞阳县汤沟镇民胜村,,,,,117.455093,30.801062
圆通禅寺,汉语系,吕庆云,,安徽省,安庆市,大观区,安徽省安庆市大观区十里铺乡林业村,,,,,117.001450,30.569500
永宁禅寺,汉语系,华江周,,安徽省,安庆市,大观区,安徽省安庆市大观区海口镇安原社区,,,,,116.940407,30.471863
菩提寺,汉语系,王立新,,安徽省,安庆市,大观区,安徽省安庆市大观区山口乡山口镇村,,,,,116.947212,30.514809
金岭寺,汉语系,王洪生,,安徽省,安庆市,大观区,安徽省安庆市大观区山口乡柏子村,,,,,116.932053,30.532572
镇江寺,汉语系,释圣宝,,安徽省,安庆市,大观区,安徽省安庆市大观区海口镇镇江村,,,,,116.897110,30.470963
镇海寺,汉语系,徐美龙,,安徽省,安庆市,大观区,安徽省安庆市大观区海口镇河港社区,,,,,116.957512,30.482222
万福寺,汉语系,范结枝,,安徽省,安庆市,怀宁县,安徽省安庆市怀宁县三桥镇双河村,,,,,116.729584,30.616409
九华庵,汉语系,徐丽清,,安徽省,安庆市,怀宁县,安徽省安庆市怀宁县石牌镇永固村,,,,,116.653862,30.406832
关帝庙,汉语系,释修元,1995-01-12,安徽省,安庆市,怀宁县,安徽省安庆市怀宁县金拱镇王山村,,,,,116.942642,30.773771
圣龙寺,汉语系,鲍远成,,安徽省,安庆市,怀宁县,安徽省安庆市怀宁县马庙镇新安村,,,,,116.717522,30.713491
墨雨寺,汉语系,张本田,,安徽省,安庆市,怀宁县,安徽省安庆市怀宁县平山镇大塅村,,,,,116.697243,30.485092
大悲禅寺,汉语系,程旵东,,安徽省,安庆市,怀宁县,安徽省安庆市怀宁县江镇镇江家嘴民族村,,,,,116.765129,30.464523
大愿寺,汉语系,白云廷,,安徽省,安庆市,怀宁县,安徽省安庆市怀宁县平山镇岗山村,,,,,116.639587,30.481783
太平寺,汉语系,尹和超,年代不详,安徽省,安庆市,怀宁县,安徽省安庆市怀宁县黄龙镇丰园村,,,,,116.701088,30.516273
如意净寺,汉语系,暂缺,,安徽省,安庆市,怀宁县,安徽省安庆市怀宁县江镇镇余冲村,,,,,116.773659,30.520252
定福寺,汉语系,周泽平,,安徽省,安庆市,怀宁县,安徽省安庆市怀宁县三桥镇双塘村,,,,,116.696060,30.609262
宝福寺,汉语系,汪春余,,安徽省,安庆市,怀宁县,安徽省安庆市怀宁县公岭镇宝福村,,,,,116.749603,30.698780
张家檀禅寺,汉语系,刘先全,,安徽省,安庆市,怀宁县,安徽省安庆市怀宁县石牌镇杨塅村,,,,,116.636360,30.398441
梅花庵,汉语系,黄玉龙,,安徽省,安庆市,怀宁县,安徽省安庆市怀宁县清河乡清河社区,,,,,116.712906,30.550768
永镇寺,汉语系,文田宝,,安徽省,安庆市,怀宁县,安徽省安庆市怀宁县小市镇受泉村,,,,,116.645790,30.579184
汪洋寺,汉语系,意彻,,安徽省,安庆市,怀宁县,安徽省安庆市怀宁县马庙镇汪洋村,,,,,116.800934,30.768532
沙桥寺,汉语系,张自富,,安徽省,安庆市,怀宁县,安徽省安庆市怀宁县公岭镇五岭村,,,,,116.715919,30.669012
福慧寺,汉语系,曹兵强,,安徽省,安庆市,怀宁县,安徽省安庆市怀宁县高河镇高河村,,,,,116.829620,30.724522
章岭寺,汉语系,丁根宝,,安徽省,安庆市,怀宁县,安徽省安庆市怀宁县秀山乡章岭村,,,,,116.815208,30.652481
腾云寺,汉语系,释惟结,,安徽省,安庆市,怀宁县,安徽省安庆市怀宁县雷埠乡腾云村,,,,,116.565628,30.407211
芦峰寺,汉语系,操乐凤,,安徽省,安庆市,怀宁县,安徽省安庆市怀宁县马庙镇粟岗村,,,,,116.791702,30.804861
莲花禅寺,汉语系,张自富,,安徽省,安庆市,怀宁县,安徽省安庆市怀宁县茶岭镇同形村,,,,,116.840126,30.653446
金山寺,汉语系,王淑珍,,安徽省,安庆市,怀宁县,安徽省安庆市怀宁县清河乡泉月村,,,,,116.714859,30.526430
雷圣寺,汉语系,王正林,,安徽省,安庆市,怀宁县,安徽省安庆市怀宁县黄墩镇黄墩社区,,,,,116.738983,30.596212
高庙山寺,汉语系,李雪梅,,安徽省,安庆市,怀宁县,安徽省安庆市怀宁县腊树镇健康村,,,,,116.587799,30.419542
龙池古庵,汉语系,周泽平,,安徽省,安庆市,怀宁县,安徽省安庆市怀宁县清河乡金山村,,,,,116.765648,30.535572
龙眠寺,汉语系,胡顺舟,,安徽省,安庆市,怀宁县,安徽省安庆市怀宁县石镜乡踏水村,,,,,116.813744,30.605831
接云寺,汉语系,鲍远明,,安徽省,安庆市,怀宁县,安徽省安庆市怀宁县金拱镇人形河居委会,,,,,116.864792,30.800798
无量禅寺,汉语系,孙正夫,,安徽省,安庆市,怀宁县,安徽省安庆市怀宁县石镜乡分龙村,,,,,116.835739,30.580832
普净寺,汉语系,姚传保,,安徽省,安庆市,怀宁县,安徽省安庆市怀宁县石牌镇永固村,,,,,116.653862,30.406832
普善寺,汉语系,袁文霞,,安徽省,安庆市,怀宁县,安徽省安庆市怀宁县月山镇广村村,,,,,116.903458,30.576540
普陀寺,汉语系,释觉净,,安徽省,安庆市,怀宁县,安徽省安庆市怀宁县洪铺镇冶塘村,,,,,116.884598,30.552471
护国寺,汉语系,释宏春,年代不详,安徽省,安庆市,潜山县,安徽省安庆市潜山县水吼镇林畈村,又称护国庵，座落在天柱峰西侧水吼镇天柱村的妙峰山上，由明末僧人默识初创。清、民国时期，由于此地战事频繁，寺庙屡有兴废。1989年后，当地信众发起捐资重修。1992年，比丘尼释宏春主持修复，先后建成了大雄宝殿、天王殿、念佛堂、讲经堂以及寮房，供奉三身佛、观音、地藏、弥勒、韦驮等佛像。大殿前是石拱桥，桥下有莲池。两个大院内栽有多种花木。整个寺院占地面积1800平方米，建筑面积1000平方米，住持释宏春还担任县佛教协会副会长和县第八、九届政协委员。,,,,116.413437,30.713171
三祖禅寺,汉语系,释宽容,年代不详,安徽省,安庆市,潜山县,安徽省安庆市潜山县天柱山镇风景村,三祖寺坐落在大别山东南麓的安徽省潜山县城西北9公里处的谷口凤形山上，占地面积7.04平方公里。三祖禅寺在南朝梁武帝时开山，原名山谷寺，后因禅宗三祖僧璨在此驻锡，故名三祖寺。三祖寺曾有林逋、王安石、苏东坡、黄庭坚、李公麟、陆宰等文人游寺题诗。有诗云“禅林谁第一，此地冠南州”。,,,,116.479263,30.666523
大香山寺,汉语系,杨三顺,盛唐时期,安徽省,安庆市,潜山县,安徽省安庆市潜山县官庄镇平峰村,大香山寺坐落在安徽省潜山县西北隅官庄镇境内的香山峰下，始建于盛唐时期，清朝光绪十二年（公元1886年），先后由“一心”、“忠节”、“常法”等法师发心重修，建成三栋佛殿和二十间僧舍。1908年常法大师雄心壮志，募化十方，铸造巨钟一口，铜身银顶，其高3.2米，围6米，厚0.23米，重万余斤，上刻一万二千多人名，故名“万名钟”，居全国最大，堪称禅林一绝，每日晨钟暮鼓，声传千里，绕梁三归。松林掩映下的禅院，庄严肃穆，钟石和鼓石座落左右，寺内禅像罗列，拥有“佛国三千大世界，天下禅林第一家”的佛国景象，1984年被列为省级重点保护寺庙。[1],,,,116.606499,30.992962
三圣寺,汉语系,郭胜忠,年代不详,安徽省,安庆市,潜山县,安徽省安庆市潜山县余井镇余井村,,,,,116.611420,30.705801
三庙,汉语系,释传林,,安徽省,安庆市,潜山县,安徽省安庆市潜山县源潭镇三妙村,,,,,116.696060,30.772482
上峰庵,汉语系,高文强,,安徽省,安庆市,潜山县,安徽省安庆市潜山县龙潭乡龙湾村,,,,,116.507332,30.790041
乐善禅寺,汉语系,储德龙,,安徽省,安庆市,潜山县,安徽省安庆市潜山县槎水镇金波村,,,,,116.540535,30.853827
云峰禅寺,汉语系,何声望,,安徽省,安庆市,潜山县,安徽省安庆市潜山县黄铺镇牌楼云峰村,,,,,116.421669,30.602491
佛光禅寺,汉语系,暂缺,,安徽省,安庆市,潜山县,安徽省安庆市潜山县天柱山风景区,,,,,116.466263,30.706528
佛子禅寺,汉语系,吴广军,,安徽省,安庆市,潜山县,安徽省安庆市潜山县源潭镇源潭居委会,,,,,116.652359,30.820116
佛祖寺,汉语系,释惟德,,安徽省,安庆市,潜山县,安徽省安庆市潜山县五庙乡吴桥村,,,,,116.318024,30.687901
兜率寺,汉语系,杨树青,,安徽省,安庆市,潜山县,安徽省安庆市潜山县余井镇马道村,,,,,116.628113,30.672903
关帝庙,汉语系,徐中华,,安徽省,安庆市,潜山县,安徽省安庆市潜山县槎水镇逆水村,,,,,116.471420,30.830992
净明寺,汉语系,释天如,,安徽省,安庆市,潜山县,安徽省安庆市潜山县王河镇先进村,,,,,116.524277,30.486172
及第禅林,汉语系,释惟平,,安徽省,安庆市,潜山县,安徽省安庆市潜山县天柱山镇风景村,,,,,116.479263,30.666523
双峰禅林,汉语系,释宽容,,安徽省,安庆市,潜山县,安徽省安庆市潜山县源潭镇三河村,,,,,116.630981,30.840971
古井寺,汉语系,聂南连,,安徽省,安庆市,潜山县,安徽省安庆市潜山县黄铺镇林园村,,,,,116.529091,30.569683
吉祥寺,汉语系,丁正荣,晋永和二年即公元346年,安徽省,安庆市,潜山县,安徽省安庆市潜山县水吼镇驾雾村,,,,,116.421654,30.657621
善庆寺,汉语系,伊海文,,安徽省,安庆市,潜山县,安徽省安庆市潜山县源潭镇东畈村,,,,,116.707359,30.833702
大云庵,汉语系,释仁华,,安徽省,安庆市,潜山县,安徽省安庆市潜山县龙潭乡漆铺村,,,,,116.516647,30.750622
大吴寺,汉语系,暂缺,,安徽省,安庆市,潜山县,安徽省安庆市潜山县槎水镇皂河村,,,,,116.596977,30.850321
大王寺,汉语系,谢传龙,,安徽省,安庆市,潜山县,安徽省安庆市潜山县龙潭乡杜埠村,,,,,116.551163,30.767323
天圣庵,汉语系,释瑞亮,,安徽省,安庆市,潜山县,安徽省安庆市潜山县余井镇天圣村,,,,,116.641670,30.739552
天柱寺,汉语系,伊海文,,安徽省,安庆市,潜山县,安徽省安庆市潜山县天柱山镇天寺村,,,,,116.500313,30.713242
如佛寺,汉语系,暂缺,,安徽省,安庆市,潜山县,安徽省安庆市潜山县黄铺镇花屋组,,,,,116.498611,30.573391
如意寺,汉语系,程海光,,安徽省,安庆市,潜山县,安徽省安庆市潜山县水吼镇九山村,,,,,116.368721,30.624182
寒山寺,汉语系,暂缺,,安徽省,安庆市,潜山县,安徽省安庆市潜山县槎水镇万金村,,,,,116.566833,30.849220
崇佛寺,汉语系,范皖东,,安徽省,安庆市,潜山县,安徽省安庆市潜山县槎水镇龙关村,,,,,116.645813,30.884281
延寿禅寺,汉语系,黄金元,,安徽省,安庆市,潜山县,安徽省安庆市潜山县余井镇糖岭村,,,,,116.676437,30.747381
板门寺,汉语系,释能本,,安徽省,安庆市,潜山县,安徽省安庆市潜山县黄铺镇张河村,,,,,116.490044,30.530441
林园寺,汉语系,暂缺,,安徽省,安庆市,潜山县,安徽省安庆市潜山县王河镇庆丰村,,,,,116.555130,30.553331
清凉寺,汉语系,冉永旗,年代不详,安徽省,安庆市,潜山县,安徽省安庆市潜山县梅城镇河湾村,,,,,116.600800,30.591482
痘姆庵,汉语系,释传隆,,安徽省,安庆市,潜山县,安徽省安庆市潜山县痘姆乡红星村,,,,,116.490433,30.616322
白衣禅寺,汉语系,王金结,,安徽省,安庆市,潜山县,安徽省安庆市潜山县梅城镇城关,,,,,116.551079,30.628531
相公禅寺,汉语系,田火生,,安徽省,安庆市,潜山县,安徽省安庆市潜山县梅城镇河庄村,,,,,116.581367,30.703941
罗汉寺,汉语系,暂缺,,安徽省,安庆市,潜山县,安徽省安庆市潜山县梅城镇万岭村,,,,,116.552429,30.588022
腾云寺,汉语系,许烈焰,,安徽省,安庆市,潜山县,安徽省安庆市潜山县龙潭乡龙潭村,,,,,116.549423,30.766891
茅庵,汉语系,彭王海,,安徽省,安庆市,潜山县,安徽省安庆市潜山县痘姆乡吴塘村,,,,,116.518463,30.646681
药王寺,汉语系,袁瑞,,安徽省,安庆市,潜山县,安徽省安庆市潜山县天柱山镇河西村,,,,,116.462540,30.667948
裕风禅寺,汉语系,暂缺,,安徽省,安庆市,潜山县,安徽省安庆市潜山县塔畈乡冯冲村,,,,,116.531754,30.907322
西来禅寺,汉语系,释永基,,安徽省,安庆市,潜山县,安徽省安庆市潜山县余井镇马边村,,,,,116.608414,30.720732
观音寺,汉语系,崔心帅,,安徽省,安庆市,潜山县,安徽省安庆市潜山县水吼镇割肚村,,,,,116.382591,30.738401
观音岩寺,汉语系,暂缺,,安徽省,安庆市,潜山县,安徽省安庆市潜山县官庄镇杨桩村,,,,,116.671577,30.976246
钓鱼寺,汉语系,释宽和,,安徽省,安庆市,潜山县,安徽省安庆市潜山县源潭镇柴庄村,,,,,116.697563,30.862831
闻一庵,汉语系,史义兰,,安徽省,安庆市,潜山县,安徽省安庆市潜山县源潭镇永济村,,,,,116.754868,30.830101
雷音禅寺,汉语系,释惟华,,安徽省,安庆市,潜山县,安徽省安庆市潜山县黄泥镇文昌村,,,,,116.483452,30.480812
骑龙寺,汉语系,释戒明,,安徽省,安庆市,潜山县,安徽省安庆市潜山县黄铺镇桃铺村,,,,,116.450668,30.539032
黄公禅寺,汉语系,解敏,,安徽省,安庆市,潜山县,安徽省安庆市潜山县水吼镇马潭村,,,,,116.362564,30.716812
齐云寺,汉语系,熊守水,,安徽省,安庆市,潜山县,安徽省安庆市潜山县龙潭乡万润村,,,,,116.506660,30.784191
龙隐寺,汉语系,丁正荣,,安徽省,安庆市,潜山县,安徽省安庆市潜山县水吼镇割肚村,,,,,116.382591,30.738401
慈云庵,汉语系,储杏兰,,安徽省,安庆市,潜山县,安徽省安庆市潜山县龙潭乡龙潭村,,,,,116.549423,30.766891
慈航寺,汉语系,柏士望,,安徽省,安庆市,潜山县,安徽省安庆市潜山县王河镇新发村,,,,,116.609505,30.534302
斗塘古寺,汉语系,杨秀华,,安徽省,安庆市,潜山县,安徽省安庆市潜山县源潭镇斗塘村,,,,,116.692757,30.789631
普渡禅寺,汉语系,汪明亮,,安徽省,安庆市,潜山县,安徽省安庆市潜山县余井镇建军村,,,,,116.652008,30.680653
普陀禅寺,汉语系,李小应,,安徽省,安庆市,潜山县,安徽省安庆市潜山县水吼镇割肚村,,,,,116.382591,30.738401
万寿宫,汉语系,释法学,元末,安徽省,安庆市,宿松县,安徽省宿松县下仓镇下仓村,万寿宫，旧址位于安徽省安庆市城内景定坊。元末建。明洪武七年（1374）道士徐大用重建。正统五年（1440）、天顺六年（1462）道士蒋遇真增修。不存。,,,,116.412514,30.032286
启秀寺,汉语系,叶腊宏,唐朝玄宗年间,安徽省,安庆市,宿松县,安徽省宿松县复兴镇套口村,启秀寺位于中国安徽省安庆市宿松县长江北岸小孤山巅。寺院依山构筑，巧夺天工。周围峰峦叠翠，岩壑清幽。,,,,116.536499,29.906721
关帝庙,汉语系,王学荣,,安徽省,安庆市,宿松县,安徽省宿松县洲头乡西口村,关帝庙又称红27军军部驻地遗址位于安徽省安庆市宿松县趾凤乡境内的白崖山上，占地面积500平方米，砖木结构，为徽派建筑。关帝庙始建于元代，清朝乾隆三十年（1765年）经省彻禅师扩建，原有5座大殿，正殿前有万年台，旁边有魁星阁。后因战乱，毁于战火。现今庙宇为后人于90年代所建。,,,,116.353409,29.930281
白崖禅寺,汉语系,释觉灵,年代不详,安徽省,安庆市,宿松县,安徽省宿松县趾凤乡趾凤村,安徽省白崖寨是全国文物保护区，位于安徽省宿松县北，离长江仅六十公里，寨内以人文景观取胜，寨外有自然风景见长。寨墙建造悠久，由大小石头砌成，蜿蜒曲折，跨五个山头，设五个城门，工程巨大，素有“南国小长城”之誉。外围怪石、溪流、瀑布景观，气势磅礴，尤为壮观。,,,,116.158424,30.355312
三仙庵,汉语系,宋早喜,,安徽省,安庆市,宿松县,安徽省宿松县程岭乡凿山村,,,,,116.238892,30.162430
三帝殿,汉语系,熊金水,,安徽省,安庆市,宿松县,安徽省宿松县高岭乡社坛村,,,,,116.330673,30.264791
东平宫,汉语系,释世宏,,安徽省,安庆市,宿松县,安徽省宿松县洲头乡下夹村,,,,,116.317520,29.885511
东狱寺,汉语系,李锦德,,安徽省,安庆市,宿松县,安徽省宿松县孚玉镇古塔路2-3号,,,,,116.139053,30.145100
严恭庵,汉语系,余祥发,,安徽省,安庆市,宿松县,安徽省宿松县凉亭镇夏家村（7781880）,,,,,116.140190,30.306612
九龙禅林,汉语系,释宏正,2013-12-30,安徽省,安庆市,宿松县,安徽省宿松县孚玉镇龙跃村院子组,,,,,116.105492,30.172569
二郎禅寺,汉语系,释果德,,安徽省,安庆市,宿松县,安徽省宿松县二郎镇刘坡村,,,,,116.053154,30.266531
五祖禅院,汉语系,释演真,,安徽省,安庆市,宿松县,安徽省宿松县孚玉镇石莲洞,,,,,116.115829,30.166361
五谷庙,汉语系,许超华,,安徽省,安庆市,宿松县,安徽省宿松县破凉镇五谷村,,,,,116.113205,30.272243
公侯庙,汉语系,释空悟,,安徽省,安庆市,宿松县,安徽省宿松县洲头乡乌池村,,,,,116.286850,29.977781
关岳庙,汉语系,叶剑飞,,安徽省,安庆市,宿松县,安徽省宿松县许岭镇许岭社区,,,,,116.341301,30.127625
净土莲社,汉语系,释惟成,年代不详,安徽省,安庆市,宿松县,安徽省宿松县复兴镇复兴社区,,,,,116.430550,29.908041
南屏古寺,汉语系,释妙宏,,安徽省,安庆市,宿松县,安徽省宿松县二郎镇铜铃村,,,,,116.040169,30.253971
双峰禅林,汉语系,周银德,,安徽省,安庆市,宿松县,安徽省宿松县凉亭镇柳溪村,,,,,116.248833,30.323042
古老庵,汉语系,释觉枝,,安徽省,安庆市,宿松县,安徽省宿松县程岭乡乔木村,,,,,116.251373,30.202810
吉圣寺,汉语系,吴新发,,安徽省,安庆市,宿松县,安徽省宿松县凉亭镇三德村,,,,,116.134460,30.287432
吉庆庵,汉语系,虞广和,,安徽省,安庆市,宿松县,安徽省宿松县凉亭三德村赤土组,,,,,116.158134,30.300976
周公寺,汉语系,释觉悟,,安徽省,安庆市,宿松县,安徽省宿松县长铺乡铁寨村,,,,,116.222908,30.231081
四仙庵,汉语系,段焕阳,,安徽省,安庆市,宿松县,安徽省宿松县凉亭镇柳溪村叶屋组徐屋,,,,,116.248833,30.323042
四祖寺,汉语系,释觉明,,安徽省,安庆市,宿松县,安徽省宿松县破凉镇黄大村,,,,,116.099747,30.308670
大仙庙,汉语系,张木生,,安徽省,安庆市,宿松县,安徽省宿松县汇口镇三星村,,,,,116.254211,29.814230
天后宫,汉语系,释果悟,,安徽省,安庆市,宿松县,安徽省宿松县下仓镇下仓村,,,,,116.412514,30.032286
天后宫,汉语系,释照明,,安徽省,安庆市,宿松县,安徽省宿松县孚玉镇民东社区仁里街,,,,,116.128555,30.149807
如意庵,汉语系,释宏愿,,安徽省,安庆市,宿松县,安徽省宿松县孚玉镇北门街108号,,,,,116.120779,30.153728
妙音精舍,汉语系,释德隆,,安徽省,安庆市,宿松县,安徽省宿松县复兴镇复兴社区南街,,,,,116.430550,29.908041
尚节庵,汉语系,释仁悟,,安徽省,安庆市,宿松县,安徽省宿松县孚玉镇联盟村,,,,,116.115829,30.166361
弥勒寺,汉语系,张九生,,安徽省,安庆市,宿松县,安徽省宿松县佐坝乡新建村,,,,,116.100800,30.068695
杨泗庙,汉语系,陈杨生,,安徽省,安庆市,宿松县,安徽省宿松县北浴乡四吉村,,,,,115.927704,30.376902
栖隐寺,汉语系,吴正实,,安徽省,安庆市,宿松县,安徽省宿松县趾凤乡九重城村,,,,,116.179268,30.352442
梅王庙,汉语系,梁光保,,安徽省,安庆市,宿松县,安徽省宿松县千岭乡毛坝村,,,,,116.201988,30.097523
梵音寺,汉语系,许木元,,安徽省,安庆市,宿松县,安徽省宿松县许岭镇宏富村乌汊组,,,,,116.338493,30.125530
水月庵,汉语系,释天华,,安徽省,安庆市,宿松县,安徽省宿松县下仓镇长桥村,,,,,116.405281,30.043571
永福禅寺,汉语系,释天明,,安徽省,安庆市,宿松县,安徽省宿松县破凉镇花凉村,,,,,116.102921,30.296310
求应庵,汉语系,尹世文,,安徽省,安庆市,宿松县,安徽省宿松县千岭乡张庙村,,,,,116.212791,30.051432
汪洋庙,汉语系,石福保,,安徽省,安庆市,宿松县,安徽省宿松县凉亭镇紫庵村,,,,,116.212410,30.331491
法官寺,汉语系,释心刚,,安徽省,安庆市,宿松县,安徽省宿松县北浴乡滑石村,,,,,115.934738,30.401772
洋普庵,汉语系,郭长春,,安徽省,安庆市,宿松县,安徽省宿松县下仓镇洋普村,,,,,116.339890,30.088932
洪武殿,汉语系,释菊仁,,安徽省,安庆市,宿松县,安徽省宿松县九姑乡村溪村,,,,,116.236748,30.107353
燃灯寺,汉语系,释平生,,安徽省,安庆市,宿松县,安徽省宿松县隘口乡燃灯村400号,,,,,116.015221,30.301882
玉枢观,汉语系,释愿观,,安徽省,安庆市,宿松县,安徽省宿松县陈汉乡钓鱼台村,,,,,115.985611,30.360867
甘霖寺,汉语系,释果定,,安徽省,安庆市,宿松县,安徽省宿松县凉亭镇太阳村,,,,,116.188385,30.326572
白音寺,汉语系,余德枝,,安徽省,安庆市,宿松县,安徽省宿松县破凉镇永丰村,,,,,116.098778,30.266302
白马寺,汉语系,何啸嗥,年代不详,安徽省,安庆市,宿松县,安徽省宿松县九姑乡白马村,,,,,116.217102,30.149441
福主寺,汉语系,冯天火,,安徽省,安庆市,宿松县,安徽省宿松县河塌乡斗山河村,,,,,116.220749,30.306662
福应寺,汉语系,释如应,,安徽省,安庆市,宿松县,安徽省宿松县千岭乡木梓村,,,,,116.243462,30.068262
紫庵庙,汉语系,段木生,,安徽省,安庆市,宿松县,安徽省宿松县凉亭镇紫庵村,,,,,116.212410,30.331491
罗汉堂,汉语系,洪记华,,安徽省,安庆市,宿松县,安徽省宿松县陈汉乡九登山村,,,,,115.982994,30.409731
菩提庵,汉语系,释宽达,,安徽省,安庆市,宿松县,安徽省宿松县洲头乡,,,,,116.328598,29.865374
西来庵,汉语系,刘玉梅,,安徽省,安庆市,宿松县,安徽省宿松县孚玉镇光明社区大河村,,,,,116.114197,30.147547
西林禅寺,汉语系,欧密林,,安徽省,安庆市,宿松县,安徽省宿松县破凉镇黄大村,,,,,116.099747,30.308670
观音堂,汉语系,石玉松,,安徽省,安庆市,宿松县,安徽省宿松县洲头乡小瓜村,,,,,116.341972,29.868801
观音寺,汉语系,释通达,,安徽省,安庆市,宿松县,安徽省宿松县洲头乡洲头村,,,,,116.322372,29.855562
避水庵,汉语系,释宏法,,安徽省,安庆市,宿松县,安徽省宿松县佐坝乡柳咀村,,,,,116.127922,30.085852
金山寺,汉语系,吴进田,,安徽省,安庆市,宿松县,安徽省宿松县二郎镇界岭村,,,,,116.064476,30.280916
金龙寺,汉语系,张南钱,,安徽省,安庆市,宿松县,安徽省宿松县复兴镇高屯村,,,,,116.449783,29.911253
雨山寺,汉语系,贺行德,,安徽省,安庆市,宿松县,安徽省宿松县凉亭镇青竹村,,,,,116.161469,30.334341
雨泽寺,汉语系,汪桂来,,安徽省,安庆市,宿松县,安徽省宿松县长铺乡横山村,,,,,116.184242,30.202570
骆庵,汉语系,释禅祺,,安徽省,安庆市,宿松县,安徽省宿松县孚玉镇大河村,,,,,116.114197,30.147547
麒麟庵,汉语系,释愿空,,安徽省,安庆市,宿松县,安徽省宿松县孚玉镇龙井社区龙井路12-30号,,,,,116.127884,30.151234
龙王寺,汉语系,朱建国,,安徽省,安庆市,宿松县,安徽省宿松县二郎镇三冲村,,,,,116.012268,30.268232
龙王庵,汉语系,释觉顺,,安徽省,安庆市,宿松县,安徽省宿松县五里乡金龙村,,,,,116.142532,30.132843
念佛堂,汉语系,释行学,,安徽省,安庆市,宿松县,安徽省宿松县下仓镇下仓村,,,,,116.412514,30.032286
总管庙,汉语系,盛祥根,,安徽省,安庆市,宿松县,安徽省宿松县汇口镇张月村,,,,,116.252579,29.876871
报恩寺,汉语系,高吉甫,590年,安徽省,安庆市,宿松县,安徽省宿松县千岭乡平岗村,,,,,116.220802,30.105030
显应寺,汉语系,陈守根,,安徽省,安庆市,宿松县,安徽省宿松县破凉镇对桥、先觉村,,,,,116.128868,30.262100
普济庵,汉语系,余送保,,安徽省,安庆市,宿松县,安徽省宿松县河塌乡斗山河村,,,,,116.220749,30.306662
西风禅寺,汉语系,汪旭明,唐代,安徽省,安庆市,太湖县,安徽省安庆市太湖县晋熈镇花亭湖村,西风禅寺，始建于唐代，原名狮子庵，有三重，青砖小瓦，砖木结构，坐东向西，为佛教禅宗五祖的道场。,,,,116.263039,30.459791
四面寺,汉语系,暂缺,清代,安徽省,安庆市,太湖县,安徽省安庆市太湖县晋熙镇湖滨村,位于晋熙镇高冲村四面山。年代为唐代——清代。面积约2万平方米。据旧《太湖县志》载，寺始为唐大历年间法智禅师建；咸通五年（864）重建。清《古今图书集成》有载：“唐武宗会昌年间，唐光王李忱（唐宣宗）为避宫廷之争，隐光韬晦，祝发南游，曾隐于太湖县四面寺”。宣宗继位后，为纪念在此为僧的难忘岁月，于大中十三年（859年），旨建大中寺，并钦调汉白玉石柱十二尊，在原塔院基础上建两重殿，并题有大中十三年建石碑。故该寺又名“大中寺”、“仁皇寺”。四面寺及法智禅师塔于唐懿宗咸通五年、元大德八年（1304年）、至正元年（1341年）、明天顺元年（1457年）几次重修或扩建。清咸丰五年（1855年），寺毁于太平军与清湘军之役，仅存下院、僧舍数间。同治十一年（1872年），由四面保捐资复修上下两幢。文革期间，寺院被毁，法智禅师塔被炸。现仅存一顶重五佰斤重法智禅师铁质塔顶（1987年由县文管所收藏保管）、唐代石砌六角形舍利塔一座、清光绪年间石砌花桥一座、唐代修建石砌地道一条、唐宣宗钦敕石柱一根。现破垣残壁清晰可见，到处是废弃的石雕像、石塔砖块及石块构件等。该寺建筑年代久远，从遗址尚存墙基、建筑构件、石柱、石塔等分析，可见当年寺院建筑的宏伟和香火鼎盛的历史光景。是我县保存状况最完整、建筑规模最大的古代建筑群遗址。2004年8月，太湖县人民政府将其列为县级重点文物保护单位。,,,,116.291550,30.447721
独阜寺,汉语系,陈彬,年代不详,安徽省,安庆市,太湖县,安徽省安庆市太湖县小池镇红旗村,距离安徽省太湖县新城约50里的小池镇红旗村（原抱山村）境内有一座名山，叫独阜山。坐北朝南，东西两边各有一支南北走向的山脉作臂膀，形同凤凰展翅。,,,,116.403488,30.526121
海会寺,汉语系,释妙慧,年代不详,安徽省,安庆市,太湖县,安徽省安庆市太湖县小池镇海会村,海会寺为省级重点佛寺，坐落于太湖县白云山麓，位于太湖县新城东北10公里的白云山南麓，距105国道约3公里处。,,,,116.365913,30.509274
佛图寺,汉语系,殷耀群,年代不详,安徽省,安庆市,太湖县,安徽省安庆市太湖县寺前镇佛图寺村,佛图寺位于安徽省太湖县寺前镇境内，地处花亭湖风景名胜区北岸，有山佛图山亦名大尖山，又称嵯峨寨。山高险峻，苍松覆盖，翠竹参天，景色奇异，景区摩崖石刻众多。清代内阁中书、直隶清河道鲁之裕在《佛图山记》中云：“太湖之胜，非司空也……则必以佛图山为最”。东晋元帝大兴年间天竺高僧佛图澄建，故名佛图寺。佛图寺位于风景秀丽、人杰地灵的寺前镇。,,,,116.251968,30.582253
二祖禅堂,汉语系,释演新,年代不详,安徽省,安庆市,太湖县,安徽省安庆市太湖县牛镇镇禅源村,二祖禅堂（卧佛狮子山），坐落在安徽省太湖县牛镇镇薛义河，这里是中国佛教禅宗母土。自唐代以来，吸引着一批批特来朝圣的信徒。唐朝明相狄仁杰，为表达对慧可大师的敬仰，捐修二祖禅堂，并题颂：香烟缭绕芳千古；圣泽长明照万秋。1995年元月，日本国东洋大学田村晃佑等三位教授、博士专程赴二祖禅堂（考察）朝圣拜祖，并题下“祖师西来意”、“光寿无量”条幅。2000年10月，法国、德国、美国、挪威、丹麦、荷兰、加拿大、瑞士、比利时欧洲9国近百名禅宗信徒组团，不远万里，赴狮子山寻根朝圣，拜祭二祖。,,,,116.049942,30.584211
传真寺,汉语系,释天愿,年代不详,安徽省,安庆市,太湖县,安徽省安庆市太湖县晋熙镇阳冲村,传真寺，原名隘口庙。位于安徽省太湖县晋熙镇阳冲村境内，跟新城不足二公里,,,,116.294472,30.477245
弥陀寺,汉语系,戴红梅,年代不详,安徽省,安庆市,太湖县,安徽省安庆市太湖县弥陀镇弥陀村,1942年12月18日中午，桂军第48军138师412团3营9连的高射炮队正在太湖县弥陀寺附近山头一阵地上演练。士兵们突然发现一架敌机由东向西飞近阵地，且飞行高度较低。指挥官一声令下，炮手立即对准目标开炮射击，这架飞机瞬时被炮弹命中，伴着滚滚浓烟坠毁在不远的深山里。令桂军官兵想像不到的是，被他们击落的飞机里，乘坐着侵华日军第11军司令官（又称军团长）兼华中派遣军指挥官冢田攻大将。这是8年抗战在中国战场上被击毙的职务最高的日本陆军军官。因而弥陀寺殿宇被毁于1942年12月25日日军兵火。规模宏伟的三重佛殿付之一炬。,,,国家AAA级旅游景区,115.939140,30.551701
七里庵,汉语系,邓雪荣,,安徽省,安庆市,太湖县,安徽省安庆市太湖县汤泉乡吴岭村,,,,,116.186188,30.593472
三千寺,汉语系,王荣红,,安徽省,安庆市,太湖县,安徽省安庆市太湖县百里镇松泉村,,,,,115.973358,30.612970
三尊庙,汉语系,刘东奎,,安徽省,安庆市,太湖县,安徽省安庆市太湖县城西乡树林村,,,,,116.246223,30.393362
上城寺,汉语系,暂缺,,安徽省,安庆市,太湖县,安徽省安庆市太湖县小池镇中心村,,,,,116.420219,30.507732
准提寺,汉语系,暂缺,,安徽省,安庆市,太湖县,安徽省安庆市太湖县城西乡春光村,,,,,116.251907,30.418211
千佛寺,汉语系,觉宏,,安徽省,安庆市,太湖县,安徽省安庆市太湖县晋熙镇刘羊村,,,,,116.329620,30.476761
南门寺,汉语系,王五和,,安徽省,安庆市,太湖县,安徽省安庆市太湖县晋熙镇南元村,,,,,116.277122,30.417690
司马庙,汉语系,释传道,,安徽省,安庆市,太湖县,安徽省安庆市太湖县城西乡幸福村,,,,,116.289398,30.392756
吉祥寺,汉语系,傅味琴,晋永和二年即公元346年,安徽省,安庆市,太湖县,安徽省安庆市太湖县城西乡树林村,,,,,116.246223,30.393362
响泉寺,汉语系,李子求,,安徽省,安庆市,太湖县,安徽省安庆市太湖县百里镇叶榜村,,,,,115.959511,30.680561
四尊寺,汉语系,周曲开,,安徽省,安庆市,太湖县,安徽省安庆市太湖县城西乡界址村,,,,,116.230240,30.373693
地藏禅寺,汉语系,方深海,,安徽省,安庆市,太湖县,安徽省安庆市太湖县寺前镇中河村,,,,,116.301903,30.561491
太平庵,汉语系,潘冬连,未知,安徽省,安庆市,太湖县,安徽省安庆市太湖县天华镇天华村,,,,,116.089638,30.502811
如意安,汉语系,梅留根,,安徽省,安庆市,太湖县,安徽省安庆市太湖县晋熙镇程岭村,,,,,116.332520,30.548962
安乐寺,汉语系,释惟清,1994-04-20,安徽省,安庆市,太湖县,安徽省安庆市太湖县新仓镇塔山村,,,,,116.467911,30.443033
弘庙,汉语系,释惟智,,安徽省,安庆市,太湖县,安徽省安庆市太湖县弥陀镇河口村,,,,,115.939651,30.519972
杨泗寺,汉语系,袁誉名,,安徽省,安庆市,太湖县,安徽省安庆市太湖县徐桥镇68号,,,,,116.388481,30.280981
桐山寺,汉语系,释昌全,,安徽省,安庆市,太湖县,安徽省安庆市太湖县弥陀镇白洋村,,,,,115.919044,30.558287
正觉寺,汉语系,陈余粮,,安徽省,安庆市,太湖县,安徽省安庆市太湖县北中镇元畈村,,,,,115.905693,30.623430
水府庙,汉语系,吴牛保,,安徽省,安庆市,太湖县,安徽省安庆市太湖县新仓镇新仓村,,,,,116.424919,30.421192
河南庵,汉语系,释传净,,安徽省,安庆市,太湖县,安徽省安庆市太湖县新仓镇新仓村,,,,,116.424919,30.421192
法华寺,汉语系,暂缺,,安徽省,安庆市,太湖县,安徽省安庆市太湖县小池镇石霞村,,,,,116.372307,30.568661
灵应禅寺,汉语系,释慈光,,安徽省,安庆市,太湖县,安徽省安庆市太湖县小池镇小池村,,,,,116.401062,30.527100
白衣庵,汉语系,传慧,年代不详,安徽省,安庆市,太湖县,安徽省安庆市太湖县江塘乡何墩村,,,,,116.330231,30.375891
真乘寺,汉语系,释宏珊,,安徽省,安庆市,太湖县,安徽省安庆市太湖县晋熈镇新华街197号,,,,,116.293999,30.449793
祈雨寺,汉语系,释天延,1994-04-20,安徽省,安庆市,太湖县,安徽省安庆市太湖县城西乡界址村,,,,,116.230240,30.373693
秋潭寺,汉语系,王明中,,安徽省,安庆市,太湖县,安徽省安庆市太湖县寺前镇王畈村,,,,,116.224899,30.575682
莲花观音寺,汉语系,郑贵成,,安徽省,安庆市,太湖县,安徽省安庆市太湖县百里镇张河村,,,,,115.994972,30.616880
西云庵,汉语系,胡菊开,,安徽省,安庆市,太湖县,安徽省安庆市太湖县寺前镇佛图寺村,,,,,116.251968,30.582253
西峰寺,汉语系,暂缺,年代不详,安徽省,安庆市,太湖县,安徽省安庆市太湖县徐桥镇南庄村,,,,,116.437401,30.281200
观音寺,汉语系,释龙慈,,安徽省,安庆市,太湖县,安徽省安庆市太湖县晋熈镇观音村,,,,,116.321411,30.438581
观音阁,汉语系,释惟祈,年代不详,安徽省,安庆市,太湖县,安徽省安庆市太湖县晋熙镇湖滨村,,,,国家AAAAA级旅游景区,116.291550,30.447721
青龙寺,汉语系,暂缺,明洪武年间,安徽省,安庆市,太湖县,安徽省安庆市太湖县北中镇玉珠村,,,,,115.834122,30.654510
高华禅寺,汉语系,王圣寅,,安徽省,安庆市,太湖县,安徽省安庆市太湖县弥陀镇真君村,,,,,115.990158,30.543222
黄龙庵,汉语系,程小华,,安徽省,安庆市,太湖县,安徽省安庆市太湖县寺前镇佛图寺村,,,,,116.251968,30.582253
龙兴寺,汉语系,释演传,,安徽省,安庆市,太湖县,安徽省安庆市太湖县城西乡树林村,,,,,116.246223,30.393362
龙形寺,汉语系,周志恬,,安徽省,安庆市,太湖县,安徽省安庆市太湖县北中镇江河村,,,,,115.843491,30.714401
龙泉寺,汉语系,舒本贵,,安徽省,安庆市,太湖县,安徽省安庆市太湖县北中镇三村村,,,,,115.844360,30.694479
龙门寺,汉语系,释昌原,,安徽省,安庆市,太湖县,安徽省安庆市太湖县城西乡方洲村,,,,,116.225098,30.408100
报恩禅寺,汉语系,刘凤梅,,安徽省,安庆市,太湖县,安徽省安庆市太湖县寺前镇麒麟村,,,,,116.222649,30.553202
晋熙白衣庵,汉语系,王秀连,,安徽省,安庆市,太湖县,安徽省安庆市太湖县晋熙镇湖滨村,,,,,116.291550,30.447721
普照寺,汉语系,董彩峦,,安徽省,安庆市,太湖县,安徽省安庆市太湖县新仓镇黄岭村,,,,,116.444649,30.384871
曹姑庵,汉语系,释昌盛,,安徽省,安庆市,太湖县,安徽省安庆市太湖县新仓镇惠民村,,,,,116.416519,30.436163
药王庙,汉语系,释果永,年代不详,安徽省,安庆市,桐城市,安徽省安庆市桐城市吕亭镇谷林村,药王殿内供奉的十二药叉大将，这在桐城所有的寺庵中还是首见。据药师仪轨说：一年十二月，每天十二时辰，由一药叉大将轮值守护，与十二生肖一一对应，佛行菩萨道时，发十二大愿，令诸有情者所求皆得。化身十二药叉大将，每一药叉为每一大愿的象征。每位药叉大将有七千药叉为其眷属，则为八万四千之守护神，转一切众生八万四千之烦恼，成八万四千之菩提。只要有药师琉璃光如来本愿功德经之处，或有人恭敬供养，称念受持药师琉璃光如来圣号，药叉大将及其眷属，悉皆保护守卫。解脱一切苦难，一切愿望所求皆得，称心如意。十二药叉大将为药师琉璃光如来座前管理健康大将，凡人今世之身体健康皆由个人所属生肖之大将所管辖，善信依个人生肖所属祈求远离疾病与恶疾，诚心诚意祈祷庇佑健康，脱离苦难。,,,,117.007004,31.111464
投子寺,汉语系,释果法,年代不详,安徽省,安庆市,桐城市,安徽省安庆市桐城市龙眠办事处长生村,投子寺位于安徽省桐城市投子山顶。因其山形如凤，故原山名为凤凰山。寺镇山巅，犹如落在凤尾上，更有山上古木参天，山中泉水叮当，景色景色极为壮观。投子寺古迹、圣景早已名扬内外。,,,,116.955551,31.051519
太平庵,汉语系,释果超,未知,安徽省,安庆市,桐城市,安徽省安庆市桐城市青草镇同兴村,太平庵位于安徽省桐城市青草镇街道东北边的大沙河埂脚，属青草镇同兴村。始建时间未查出文字记载。现庵宇坐北朝南，有大殿2进，前进为韦驮殿，后进大殿供三尊大佛、观音、药王等菩萨。东边是斋堂、西边是寮房，共有房屋20余间。,,,,116.777550,30.839512
净土莲社,汉语系,释心空,1992-08-10,安徽省,安庆市,桐城市,安徽省安庆市桐城市文昌办事处公园居委会,净土莲社，位於安徽省桐城市境内。人杰地灵的桐城自古就是安徽省著名文化之处，尤自明清以来，文章甲天下，冠盖满京华，从而成为「桐城派」故乡。明朝钱澄之、左光斗、方以智，清朝戴名世、张英、方苞、姚鼐、吴汝纶，近代方东美、吴越、朱光潜，他们或为宰辅重臣，或为鸿儒学者，或为仁人志士，或为艺术泰斗，无不在中国历史上留下浓重的一笔，为中国传统文化作出了不可磨灭的贡献。佛教是中国传统文化的一个重要组成部分，而作为文化之乡的桐城，其丰厚的文化积淀中，佛教闪耀著特有的文化色彩点缀其间。,,,,116.941528,31.040140
谷林寺,汉语系,释慧庆,三国时期,安徽省,安庆市,桐城市,安徽省安庆市桐城市吕亭镇鲁洪村,谷林寺位于安徽省桐城市吕亭镇北2公里处，曲阿群山环抱，风景优美，是桐城市历史优久的古寺之一。传说始建于三国时期，鲁肃率兵从周瑜后，曾屯兵于此的房子空下来，有得道高僧居此修持禅定，收僧请侣，便成为寺庙，因寺内有一股清泉，便冠名为清泉寺。后毁于战火，康熙四十六年，圣祖仁皇帝南巡时，敕赐“谷林寺”御书匾额，清泉寺由此更名为谷林寺。.,,,,117.000580,31.108501
一笠庵,汉语系,释宽海,,安徽省,安庆市,桐城市,安徽省安庆市桐城市文昌办事处汪洋村,,,,,116.941528,31.040140
万元寺,汉语系,黄继付,,安徽省,安庆市,桐城市,安徽省安庆市桐城市范岗镇万元村,,,,,116.846893,30.969664
万法寺,汉语系,杨根杰,,安徽省,安庆市,桐城市,安徽省安庆市桐城市青草镇江岭村,,,,,116.753624,30.893812
三慧庵,汉语系,释思德,,安徽省,安庆市,桐城市,安徽省安庆市桐城市青草镇新民村,,,,,116.781364,30.851482
三竺寺,汉语系,王利,,安徽省,安庆市,桐城市,安徽省安庆市桐城市青草镇里仁村,,,,,116.754845,30.861162
主华庵,汉语系,释演智,,安徽省,安庆市,桐城市,安徽省安庆市桐城市孔城镇古井村,,,,,117.039719,30.959461
九慧禅寺,汉语系,曹维国,,安徽省,安庆市,桐城市,安徽省安庆市桐城市龙眠办事处长生村,,,,,116.955551,31.051519
二王庙,汉语系,释圣位,,安徽省,安庆市,桐城市,安徽省安庆市桐城市大关镇青龙村,,,,,117.037773,31.171152
仁寿庵,汉语系,释善来,,安徽省,安庆市,桐城市,安徽省安庆市桐城市龙眠西路64号,,,,,116.945340,31.050550
仙姑井,汉语系,释宗光,,安徽省,安庆市,桐城市,安徽省安庆市桐城市文昌办事处碧峰村,,,,,116.942139,31.059521
僧圆寺,汉语系,江昌跃,,安徽省,安庆市,桐城市,安徽省安庆市桐城市青草镇里仁村,,,,,116.754845,30.861162
兴国寺,汉语系,汪文淑,,安徽省,安庆市,桐城市,安徽省安庆市桐城市大关镇卅铺村,,,,,117.029724,31.184622
净土寺,汉语系,展坤云,,安徽省,安庆市,桐城市,安徽省安庆市桐城市双港镇练塘村,,,,,116.943321,30.813295
净心寺,汉语系,释心愿,,安徽省,安庆市,桐城市,安徽省安庆市桐城市文昌办事处翻身村,,,,,116.928223,31.033241
别峰寺,汉语系,释圣诚,,安徽省,安庆市,桐城市,安徽省安庆市桐城市龙眠办事处双溪村,,,,,116.904640,31.090382
华石岩,汉语系,李兆岗,,安徽省,安庆市,桐城市,安徽省安庆市桐城市塘湾镇叶湾村,,,,,116.750633,31.015261
古柏新庵,汉语系,释演学,,安徽省,安庆市,桐城市,安徽省安庆市桐城市孔城镇新桥村,,,,,117.034988,31.016262
古洞岩,汉语系,曹维国,,安徽省,安庆市,桐城市,安徽省安庆市桐城市大关镇小关村,,,,,117.012222,31.252682
古灵泉寺,汉语系,释圣应,,安徽省,安庆市,桐城市,安徽省安庆市桐城市城西路81号,,,,,116.974160,31.035850
圆阳庵,汉语系,添秀华,,安徽省,安庆市,桐城市,安徽省安庆市桐城市龙眠办事处双溪村,,,,,116.904640,31.090382
复元庵,汉语系,释民志,,安徽省,安庆市,桐城市,安徽省安庆市桐城市媳子湖镇朱桥村,,,,,117.040009,30.918211
如意庵,汉语系,释圣恒,,安徽省,安庆市,桐城市,安徽省安庆市桐城市文昌办事处公园居委会10号,,,,,116.941528,31.040140
宝华庵,汉语系,杨燕珍,,安徽省,安庆市,桐城市,安徽省安庆市桐城市文昌办事处大石板村,,,,,116.941528,31.040140
密荫庵,汉语系,余本朝,,安徽省,安庆市,桐城市,安徽省安庆市桐城市范岗镇月山村,,,,,116.909142,30.974152
广渡庵,汉语系,释妙云,,安徽省,安庆市,桐城市,安徽省安庆市桐城市金神镇松桥村,,,,,116.988342,30.907061
月星寺,汉语系,汪正福,,安徽省,安庆市,桐城市,安徽省安庆市桐城市吕亭镇抖岗村,,,,,117.007004,31.111464
望云庵,汉语系,曾圣修,,安徽省,安庆市,桐城市,安徽省安庆市桐城市文昌办事处交通村,,,,,116.941528,31.040140
柳佛庵,汉语系,释心根,,安徽省,安庆市,桐城市,安徽省安庆市桐城市青草镇复兴村,,,,,116.756302,30.871962
梅城寺,汉语系,吴永会,,安徽省,安庆市,桐城市,安徽省安庆市桐城市青草镇梅城村,,,,,116.837929,30.813532
棠梨树庵,汉语系,释玉学,,安徽省,安庆市,桐城市,安徽省安庆市桐城市孔城镇铁山村,,,,,117.070152,31.016111
檀香寺,汉语系,朱昌荣,,安徽省,安庆市,桐城市,安徽省安庆市桐城市黄甲镇汪河村,,,,,116.810852,31.013243
水仙庵,汉语系,释心镀,,安徽省,安庆市,桐城市,安徽省安庆市桐城市市开发区兴元村,,,,,116.975258,31.031843
水源寺,汉语系,伍先仓,,安徽省,安庆市,桐城市,安徽省安庆市桐城市市开发区水源村,,,,,116.978439,31.021353
法华庵,汉语系,檀毛枝,,安徽省,安庆市,桐城市,安徽省安庆市桐城市文昌办事处交通村,,,,,116.941528,31.040140
法龙庵,汉语系,周允松,,安徽省,安庆市,桐城市,安徽省安庆市桐城市范岗镇石井铺村,,,,,116.890678,31.000202
清静庵,汉语系,释慧莲,,安徽省,安庆市,桐城市,安徽省安庆市桐城市黄甲镇水岭村,,,,,116.844002,31.080109
滴水观音寺,汉语系,暂缺,,安徽省,安庆市,桐城市,安徽省安庆市桐城市范岗镇万元村,,,,,116.846893,30.969664
王屋寺,汉语系,王鹏斐,,安徽省,安庆市,桐城市,安徽省安庆市桐城市青草镇江岭村,,,,,116.753624,30.893812
痘神庵,汉语系,释演善,,安徽省,安庆市,桐城市,安徽省安庆市桐城市孔城镇老街沿河路33号,,,,,117.080360,31.037502
白云寺,汉语系,刘树辉,,安徽省,安庆市,桐城市,安徽省安庆市桐城市孔城镇晴岚村,,,,,117.105171,31.032953
白云庵（青龙村）,汉语系,王如龙,,安徽省,安庆市,桐城市,安徽省安庆市桐城市大关镇青龙村,,,,,117.037773,31.171152
白云庵（麻山村）,汉语系,释心愿,,安徽省,安庆市,桐城市,安徽省安庆市桐城市大关镇麻山村,,,,,116.991791,31.209311
白扬寺,汉语系,陈正兵,,安徽省,安庆市,桐城市,安徽省安庆市桐城市孔城镇双河村,,,,,117.025963,30.985601
白衣庵（大关镇）,汉语系,丁红,,安徽省,安庆市,桐城市,安徽省安庆市桐城市大关镇台庄村,,,,,117.045731,31.201683
白衣庵（孔城镇）,汉语系,柏发桂,,安徽省,安庆市,桐城市,安徽省安庆市桐城市孔城镇长岗村,,,,,117.041443,31.094372
白衣庵（龙眠办事处）,汉语系,释心戒,,安徽省,安庆市,桐城市,安徽省安庆市桐城市龙眠办事处红星路36号,,,,,116.958320,31.048990
白马寺,汉语系,释心光,年代不详,安徽省,安庆市,桐城市,安徽省安庆市桐城市龙眠办事处白马村,,,,,116.970314,31.001272
福缘庵,汉语系,释宗智,,安徽省,安庆市,桐城市,安徽省安庆市桐城市孔城镇老街居委会,,,,,117.080360,31.037502
秋风庵,汉语系,释果聚,,安徽省,安庆市,桐城市,安徽省安庆市桐城市范岗镇高黄村,,,,,116.873100,30.992250
积余庵,汉语系,魏荣芬,,安徽省,安庆市,桐城市,安徽省安庆市桐城市文昌办事处翻身村,,,,,116.928223,31.033241
童子庙,汉语系,刘书波,,安徽省,安庆市,桐城市,安徽省安庆市桐城市大关镇王集村,,,,,117.083267,31.185291
结缘庵,汉语系,汪英云,,安徽省,安庆市,桐城市,安徽省安庆市桐城市龙眠办事处白马村,,,,,116.970314,31.001272
罗汉寺,汉语系,程祥忠,,安徽省,安庆市,桐城市,安徽省安庆市桐城市大关镇小关村,,,,,117.012222,31.252682
自在庵,汉语系,徐基来,,安徽省,安庆市,桐城市,安徽省安庆市桐城市青草镇永庆村,,,,,116.823883,30.890383
茶庵,汉语系,释演亮,,安徽省,安庆市,桐城市,安徽省安庆市桐城市孔城镇中心,,,,,117.020828,31.000593
莲花寺,汉语系,伍先田,,安徽省,安庆市,桐城市,安徽省安庆市桐城市孔城镇红庙村,,,,,117.067894,31.039261
西峰庵,汉语系,释悟慈,北宋神宗年间,安徽省,安庆市,桐城市,安徽省安庆市桐城市新渡镇西峰村,,,,,116.875961,30.914690
资福寺,汉语系,释法顺,年代不详,安徽省,安庆市,桐城市,安徽省安庆市桐城市金神镇联圩村,,,,,116.964287,30.897270
镜主庙,汉语系,刘淑萍,,安徽省,安庆市,桐城市,安徽省安庆市桐城市文昌办事处凤形村,,,,,116.941528,31.040140
香炉寺,汉语系,释果号,,安徽省,安庆市,桐城市,安徽省安庆市桐城市新渡镇香山村,,,,,116.869881,30.882881
香露庵,汉语系,释心愿,,安徽省,安庆市,桐城市,安徽省安庆市桐城市大关镇岐岭村村,,,,,116.974281,31.193790
骑龙庵,汉语系,李应华,,安徽省,安庆市,桐城市,安徽省安庆市桐城市青草镇永挺村,,,,,116.771263,30.837803
黄龙庙,汉语系,杨传其,,安徽省,安庆市,桐城市,安徽省安庆市桐城市青草镇冲楼村,,,,,116.771263,30.837803
龙王庙,汉语系,吴文友,,安徽省,安庆市,桐城市,安徽省安庆市桐城市大关镇龙头村,,,,,117.007759,31.170841
德百庵,汉语系,释常慧,,安徽省,安庆市,桐城市,安徽省安庆市桐城市龙眠办事处长生村,,,,,116.955551,31.051519
心诚庵,汉语系,释心常,,安徽省,安庆市,桐城市,安徽省安庆市桐城市金神镇松桥村,,,,,116.988342,30.907061
慈云庵,汉语系,释隆海,,安徽省,安庆市,桐城市,安徽省安庆市桐城市孔城镇砂岗村,,,,,117.127441,31.075071
接引庵,汉语系,释宗觉,,安徽省,安庆市,桐城市,安徽省安庆市桐城市范岗镇童铺村,,,,,116.821564,30.956068
关帝庙,汉语系,张龙保,,安徽省,安庆市,望江县,安徽省安庆市望江县杨湾镇丰乐村,,,,,116.665688,30.098913
兴漳寺,汉语系,廖菊莲,,安徽省,安庆市,望江县,安徽省安庆市望江县漳湖镇幸福村,,,,,116.824982,30.366550
十里禅寺,汉语系,程文方,,安徽省,安庆市,望江县,安徽省安庆市望江县华阳镇翠湖村,,,,,116.633919,30.158371
南华古寺,汉语系,释传光,,安徽省,安庆市,望江县,安徽省安庆市望江县太慈镇沈冲村,,,,,116.751709,30.215933
南台寺,汉语系,王先林,,安徽省,安庆市,望江县,安徽省安庆市望江县长岭镇南台村,,,,,116.500832,30.200653
古南寺,汉语系,杨邦玉,,安徽省,安庆市,望江县,安徽省安庆市望江县赛口镇南畈村,,,,,116.808113,30.363342
大愿庵,汉语系,檀应红,,安徽省,安庆市,望江县,安徽省安庆市望江县高士镇新坝村,,,,,116.684532,30.369751
太子寺,汉语系,王杨林,,安徽省,安庆市,望江县,安徽省安庆市望江县雷池乡沟口村,,,,,116.912170,30.294630
妙光寺,汉语系,聂小銮,,安徽省,安庆市,望江县,安徽省安庆市望江县高士镇新坝村,,,,,116.684532,30.369751
幸福寺,汉语系,石在红,,安徽省,安庆市,望江县,安徽省安庆市望江县漳湖镇幸福村,,,,,116.824982,30.366550
广慧禅林,汉语系,余节中,,安徽省,安庆市,望江县,安徽省安庆市望江县凉泉乡韩店村,,,,,116.566414,30.204842
朝阳庵,汉语系,袁嫩娥,,安徽省,安庆市,望江县,安徽省安庆市望江县鸦滩镇香茗村,,,,,116.501511,30.333382
梁国公庙,汉语系,李的妹,,安徽省,安庆市,望江县,安徽省安庆市望江县凉泉乡横山村,,,,,116.637300,30.234520
汪公庙,汉语系,余党救,,安徽省,安庆市,望江县,安徽省安庆市望江县赛口镇汪洋村,,,,,116.777550,30.366861
法华禅寺,汉语系,余文庆,,安徽省,安庆市,望江县,安徽省安庆市望江县鸦滩镇码头村,,,,,116.532715,30.313688
白马禅寺,汉语系,颜超,,安徽省,安庆市,望江县,安徽省安庆市望江县杨湾镇杨闸村,,,,,116.590164,30.075411
石龙禅寺,汉语系,释惟业,,安徽省,安庆市,望江县,安徽省安庆市望江县高士镇龙口村,,,,,116.747604,30.364271
茗山禅寺,汉语系,欧阳光绪,,安徽省,安庆市,望江县,安徽省安庆市望江县鸦滩镇香茗山村,,,,,116.456688,30.336010
菩提寺,汉语系,王义梓,,安徽省,安庆市,望江县,安徽省安庆市望江县太慈镇郭河村,,,,,116.779152,30.251102
褒隐寺,汉语系,帅长春,,安徽省,安庆市,望江县,安徽省安庆市望江县鸦滩镇连塘城村,,,,,116.523483,30.353207
西方禅寺,汉语系,释照常,,安徽省,安庆市,望江县,安徽省安庆市望江县赛口镇赛口社区,,,,,116.796761,30.335249
镇国寺,汉语系,陈运林,,安徽省,安庆市,望江县,安徽省安庆市望江县鸦滩镇南山村,,,,,116.607864,30.366142
青林古寺,汉语系,释演铠,,安徽省,安庆市,望江县,安徽省安庆市望江县华阳镇青林社区,,,,,116.692299,30.122002
龙泉寺,汉语系,周金运,,安徽省,安庆市,望江县,安徽省安庆市望江县华阳镇清泉村,,,,,116.628242,30.136507
龙门寺,汉语系,朱华肖,,安徽省,安庆市,望江县,安徽省安庆市望江县赛口镇金堤村,,,,,116.798401,30.387102
忠洁古寺,汉语系,曾照龙,,安徽省,安庆市,望江县,安徽省安庆市望江县杨湾镇杨湾村,,,,,116.621094,30.084761
忠洁寺,汉语系,吴宴兵,,安徽省,安庆市,望江县,安徽省安庆市望江县雷池乡雷池村,,,,,116.758949,30.138371
忠王庙,汉语系,释宽周,,安徽省,安庆市,望江县,安徽省安庆市望江县华阳镇望华社区,,,,,116.754128,30.090883
文殊古刹,汉语系,释演芳,,安徽省,安庆市,望江县,安徽省安庆市望江县太慈镇桃岭村,,,,,116.683632,30.193533
普济庵,汉语系,张美伢,,安徽省,安庆市,望江县,安徽省安庆市望江县高士镇武昌村,,,,,116.729523,30.291882
源浦寺,汉语系,王先忍,年代不详,安徽省,安庆市,宜秀区,安徽省安庆市宜秀区五横乡五横社区,源浦寺，也称源浦禅寺，原属于安徽省安庆市怀宁县五横乡五横村庵涯，2005年5月13日，国务院（国函200538号）批准调整安庆市部分行政区划：安庆市郊区更名为安庆市宜秀区，将怀宁县的大龙山镇、五横乡和桐城市的罗岭镇划归宜秀区管辖。自此重新划归为安庆市宜秀区。,,,,116.984253,30.682571
三城寺,汉语系,张复珍,公元906年,安徽省,安庆市,宜秀区,安徽省安庆市宜秀区菱北办乌岭社区,三城寺位于安徽省安庆市境内，始建于公元906年，后屡有兴废。1948年重建观音殿一座。1995年在心定法师主持下又重新进行了修整。寺内供有从缅甸敬请来的白玉卧佛一尊，高4.5米，重达7吨。珍藏佛经一部。,,,,117.038322,30.555479
龙泉寺,汉语系,梁义军,,安徽省,安庆市,宜秀区,安徽省安庆市宜秀区杨桥镇鹿山村,安徽省安庆市龙泉寺是大龙山主要游览区之一。位于安庆花山乡境内，游览路程10公里。,,,,117.110992,30.672871
中方寺,汉语系,释圣权,,安徽省,安庆市,宜秀区,安徽省安庆市宜秀区杨桥镇花山村,,,,,117.144928,30.686152
云峰寺,汉语系,闻益,年代不详,安徽省,安庆市,宜秀区,安徽省安庆市宜秀区大龙山镇永安社区,,,,,116.980843,30.628370
圆照寺,汉语系,释意求,,安徽省,安庆市,宜秀区,安徽省安庆市宜秀区杨桥镇余墩村,,,,,117.075829,30.604633
宣团寺,汉语系,王应九,,安徽省,安庆市,宜秀区,安徽省安庆市宜秀区白泽湖乡白泽社区,,,,,117.109474,30.561390
寿宁禅寺,汉语系,吴晓林,,安徽省,安庆市,宜秀区,安徽省安庆市宜秀区白泽湖乡芭茅村,,,,,117.126144,30.646421
月溪禅寺,汉语系,张玉晶,,安徽省,安庆市,宜秀区,安徽省安庆市宜秀区杨桥镇溪安村,,,,,117.099770,30.667223
桃源寺,汉语系,余谋迅,,安徽省,安庆市,宜秀区,安徽省安庆市宜秀区大龙山镇桃元社区,,,,,117.032372,30.599110
梅溪寺,汉语系,王先忍,,安徽省,安庆市,宜秀区,安徽省安庆市宜秀区罗岭镇林春村,,,,,117.023232,30.710592
海潮寺,汉语系,王光玉,,安徽省,安庆市,宜秀区,安徽省安庆市宜秀区罗岭镇黄梅村,,,,,117.033028,30.731722
海潮庵,汉语系,王四青,,安徽省,安庆市,宜秀区,安徽省安庆市宜秀区罗岭镇黄梅村,,,,,117.033028,30.731722
灵山寺,汉语系,释满宏,年代不详,安徽省,安庆市,宜秀区,安徽省安庆市宜秀区杨桥镇龙山社区,,,,,117.084740,30.637077
茂林寺,汉语系,邓道平,,安徽省,安庆市,宜秀区,安徽省安庆市宜秀区白泽湖乡黄石村,,,,,117.125679,30.620340
观音寺,汉语系,吴金水,,安徽省,安庆市,宜秀区,安徽省安庆市宜秀区五横乡杨亭村,,,,,117.001488,30.657141
观音石寺,汉语系,释果顺,,安徽省,安庆市,宜秀区,安徽省安庆市宜秀区杨桥镇龙山社区,,,,,117.084740,30.637077
解脱寺,汉语系,姚传保,,安徽省,安庆市,宜秀区,安徽省安庆市宜秀区大龙山镇总铺社区,,,,,117.015259,30.606159
龙华寺,汉语系,张复珍,,安徽省,安庆市,宜秀区,安徽省安庆市宜秀区白泽湖乡龙华村,,,,,117.145119,30.611120
龙山寺,汉语系,汪琼,年代不详,安徽省,安庆市,宜秀区,安徽省安庆市宜秀区大龙山镇百华社区,,,,,117.021454,30.631758
龙池寺,汉语系,王先让,,安徽省,安庆市,宜秀区,安徽省安庆市宜秀区大龙山镇百华社区,,,,,117.021454,30.631758
弥陀寺,汉语系,顾朝相,年代不详,安徽省,安庆市,宜秀区,安徽省安庆市宜秀区罗岭镇姥山社区,,,,国家AAA级旅游景区,117.065514,30.739397
迎江寺,汉语系,释圣权,年代不详,安徽省,安庆市,迎江区,安徽省安庆市迎江区沿江东路148号,迎江寺位于安庆市枞阳门外的长江边上，占地3万余平方米，由天王殿、大雄宝殿、振风塔、毗庐殿、藏经楼、大士阁、法堂、广嗣殿等建筑组成。整座寺院建筑在长江岸边的高地上，殿堂巍峨，从十里开外即能见其雄姿。安庆乃历史文化名城，迎江寺即在该城之东南，它上接九华山，下临匡庐，北攘天柱，南临长江，可谓得天地之灵气，占人文之辉光。,,,,117.054600,30.500890
宝善庵,汉语系,释满静,2006-11-22,安徽省,安庆市,迎江区,安徽省安庆市迎江区锡麟街东三巷,,,,,117.090810,30.511550
松波寺,汉语系,周学伦,年代不详,安徽省,安庆市,岳西县,安徽省安庆市岳西县冶溪镇司空山村,松波寺位于岳西县司空山风景区西部，冶溪镇司麓村境内，建于唐玄宗天宝3年即公元745年，毁于晚清太平天国英王陈玉成所部。,,,,115.927200,30.721790
广佛庵,汉语系,刘赛梅,年代不详,安徽省,安庆市,岳西县,安徽省安庆市岳西县白帽镇桥梁村,广佛庵位于安徽省岳西县白帽乡桥梁村亭子岭。（1645年）。光绪二十八年（1902年），比丘尼雪山祖师（戒号觉道）来此，建佛殿、僧房共6间，置田产，收僧尼，从此暮鼓晨钟，香客不断。,,,,115.966431,30.809731
法云寺,汉语系,延臻,东晋咸和年间,安徽省,安庆市,岳西县,安徽省安庆市岳西县响肠镇千佛塔村,法云寺位于响肠镇千佛塔村，始建于东晋咸和年间（326——334年），法云寺塔的艺术价值堪称世界级文化瑰宝。是第七批全国重点文物保护单位。塔高七级28米（残高20.6米），塔基宽3.5米，为条石砌成。,,,,116.371948,30.805725
诚意寺,汉语系,仁空,清乾隆年间,安徽省,安庆市,岳西县,安徽省安庆市岳西县石关乡蛇形村,诚意寺一称刘大仙庙，因大仙俗号刘诚意得名。位于安徽省岳西县北30公里的黄羊乡。,,,,116.357513,30.999941
万寿庵,汉语系,余永安,,安徽省,安庆市,岳西县,安徽省安庆市岳西县中关乡请寨村,,,,,116.315620,30.807671
乐诚禅寺,汉语系,释常怀,,安徽省,安庆市,岳西县,安徽省安庆市岳西县头陀镇西美村,,,,,116.361160,31.074982
二祖山寺,汉语系,潘业,,安徽省,安庆市,岳西县,安徽省安庆市岳西县石关乡东冲村,,,,,116.386002,30.997732
二祖禅寺,汉语系,释绍云,,安徽省,安庆市,岳西县,安徽省安庆市岳西县店前镇司空村,,,,,115.986389,30.716520
云济寺,汉语系,褚秀菊,,安徽省,安庆市,岳西县,安徽省安庆市岳西县莲云乡长生村,,,,,116.288895,30.879013
五龙寺,汉语系,程虹飞,,安徽省,安庆市,岳西县,安徽省安庆市岳西县田头乡土库村,,,,,116.162727,30.722872
兴禅寺,汉语系,朱宏远,,安徽省,安庆市,岳西县,安徽省安庆市岳西县响肠镇响肠村,,,,,116.363708,30.790672
净土庵,汉语系,汪正旺,,安徽省,安庆市,岳西县,安徽省安庆市岳西县五河镇茅山村,,,,,116.167549,30.804941
天仙寺,汉语系,周君进,,安徽省,安庆市,岳西县,安徽省安庆市岳西县菖蒲镇毛畈村,,,,,116.337433,30.710211
天然寺,汉语系,汪良银,,安徽省,安庆市,岳西县,安徽省安庆市岳西县巍岭乡夹河村,,,,,116.459473,30.953001
如来佛寺,汉语系,张华,,安徽省,安庆市,岳西县,安徽省安庆市岳西县河图镇金杨村太平组,,,,,116.016899,30.909483
岳霍祖师禅寺,汉语系,陈闵州,,安徽省,安庆市,岳西县,安徽省安庆市岳西县包家乡包家村,,,,,116.101204,31.060682
朝阳寺,汉语系,朱维,,安徽省,安庆市,岳西县,安徽省安庆市岳西县温泉镇龙井村,,,,,116.340874,30.937963
河口寺,汉语系,王进中,,安徽省,安庆市,岳西县,安徽省安庆市岳西县青天乡河口村,,,,,116.228851,31.015730
法华寺,汉语系,李永聚,,安徽省,安庆市,岳西县,安徽省安庆市岳西县和平乡西溪村法华组,,,,,116.197289,30.931631
泰平寺,汉语系,王生强,,安徽省,安庆市,岳西县,安徽省安庆市岳西县温泉镇汤池村,,,,,116.341888,30.893801
清静寺,汉语系,韩子井,,安徽省,安庆市,岳西县,安徽省安庆市岳西县来榜镇公山村,,,,,116.243347,30.955881
甘露寺,汉语系,徐明德,年代不详,安徽省,安庆市,岳西县,安徽省安庆市岳西县包家乡石佛村,,,,,116.134514,31.083500
白云寺,汉语系,仁空,,安徽省,安庆市,岳西县,安徽省安庆市岳西县石关乡马畈村,,,,,116.383293,30.974350
石佛寺念佛堂,汉语系,朱维,,安徽省,安庆市,岳西县,安徽省安庆市岳西县包家乡石佛村,,,,,116.134514,31.083500
祈永寺,汉语系,王小海,,安徽省,安庆市,岳西县,安徽省安庆市岳西县莲云乡平岗村,,,,,116.319908,30.859482
腾云寺,汉语系,陈道权,,安徽省,安庆市,岳西县,安徽省安庆市岳西县莲云乡腾云村,,,,,116.303001,30.861902
观音寺,汉语系,吴有明,,安徽省,安庆市,岳西县,安徽省安庆市岳西县莲云乡珠屋村,,,,,116.279991,30.890915
迎水寺,汉语系,黄宇琳,,安徽省,安庆市,岳西县,安徽省安庆市岳西县主簿镇白果村迎水组,,,,,116.467270,31.036501
金壁禅寺,汉语系,程虹飞,,安徽省,安庆市,岳西县,安徽省安庆市岳西县妙道山林场,,,,,116.147644,30.799444
青天观音寺,汉语系,韩云徽,,安徽省,安庆市,岳西县,安徽省安庆市岳西县青天乡河口村,,,,,116.228851,31.015730
慧明寺,汉语系,徐红星,,安徽省,安庆市,岳西县,安徽省安庆市岳西县天堂镇木冲村,,,,,116.344238,30.842951
显应寺,汉语系,刘成文,,安徽省,安庆市,岳西县,安徽省安庆市岳西县毛尖山乡红旗村胡屋组,,,,,116.414169,30.910736
观音庵,汉语系,释慧如,年代不详,安徽省,蚌埠市,蚌山区,安徽省蚌埠市蚌山区喻义二巷35号,,,,,117.367790,32.944480
大圣寺,汉语系,冷文明,,安徽省,蚌埠市,怀远县,安徽省蚌埠市怀远县城关镇白乳泉院内,,,,,117.197067,32.945469
华严禅寺,汉语系,禅修,,安徽省,蚌埠市,淮上区,安徽省蚌埠市淮上区沫河口镇马放营村,,,,,117.563675,33.046143
龙华寺,汉语系,王桂云,,安徽省,蚌埠市,淮上区,安徽省蚌埠市淮上区小蚌埠镇徐岗村王郢,,,,,117.359329,32.987900
栖岩寺,汉语系,道源,,安徽省,蚌埠市,龙子湖区,安徽省蚌埠市龙子湖区东海大道东段锥子山南麓,,,,,117.442719,32.905521
药师庵,汉语系,华成,,安徽省,蚌埠市,五河县,安徽省蚌埠市五河县城关镇城南巷99号,,,,,117.888832,33.145161
弥陀寺,汉语系,杜细辉,年代不详,安徽省,蚌埠市,五河县,安徽省蚌埠市五河县武桥镇朱圩村3组,,,,国家AAA级旅游景区,117.968079,33.311680
阚疃镇观音寺,汉语系,释园藏,,安徽省,亳州市,利辛县,安徽省亳州市利辛县阚疃镇平等居委会,观音寺，乃利辛县域内唯一灵迹也！位于安徽省利辛县阚疃镇新民街，（白洋沟西岸三孔桥南侧）。而今欣逢国运昌盛，幸蒙省宗教局红文圣批嘉许，镇政府亲定寺址，使我寺再兴。观音寺——座落与阚疃镇白洋沟西岸三孔桥南侧，殿门向东方，前有观音大道，左有阚吕路，右有308快车道，交通便利，环境优美，地理优越。观音寺，原名“古房钟”建于公元前十六世纪，至今3000多年历史。此后，阚疃相继有“祖始庙”城隍庙观音寺大寺庙文昌阁等庙宇七十二座，由于历史原因一一被毁。二是实际八十年代，改革开放的春风吹遍大江南北，素有皖北“小上海”之称的阚疃，被列为国家综合改革试点镇,,,,116.317039,33.006050
九鼎灵山寺,汉语系,唐跃华,年代不详,安徽省,亳州市,蒙城县,安徽省亳州市蒙城县小涧镇灵山村,九鼎灵山寺位于安徽省蒙城县小涧镇九鼎灵山（《水经注》称狼山）之巅。九鼎灵山，以山下曾见九尊战国铜鼎命名，俗称狼山，《水经注》中称其为郎山。整座山呈龟状，头、尾，四肢均为山之六条山脊，山有九顶峰，峰峰相连。山上怪石嶙峭，林木葱葱，山下黑土产黑陶，不在紫砂陶之下。山路盘旋而上，直达山顶，有九鼎灵山寺一座。山下有礼城遗址和汉墓群。,,,,116.493774,33.388432
观堂镇观音寺,汉语系,释开慧,,安徽省,亳州市,谯城区,安徽省亳州市谯城区观堂镇观堂民族村东街,观音寺原名倒座观音寺，始建于明洪武年间，距今已有四百多年历史。目前，观音寺已被相关文化旅游部门认定为3A级景区。,,,,116.020622,33.796616
白衣律院,汉语系,释能喜,年代不详,安徽省,亳州市,谯城区,安徽省亳州市谯城区交通路3号,白衣律院又名白衣庵，因供奉白衣大士观世音而得名，白衣律院历史悠久，位于亳州市谯城区交通路17号，是安徽省重点开放寺院和省重点文物保护单位。白衣律院传戒律宗，是中国四大律院之一。清顺治6年（1649），白衣律院由僧人尽休创建，后经华山僧人妙湛、五台山盲僧德升、山西药商董继文先后扩建，规模宏大，建筑巍峨。[1],,省重点文物保护单位,安徽省重区开放寺院,115.787690,33.867370
飞来观音峰,汉语系,徐海,,安徽省,池州市,,安徽省池州市九华山风景区百岁路2号,,,,,117.815239,30.477472
唐山寺,汉语系,朱元前,年代不详,安徽省,池州市,东至县,安徽省池州市东至县官港镇秧田村周山组29号,唐山寺，又名千年唐山古刹，位于安徽省池州市东至县东至县花园里乡的深山峡谷中，始建于唐高宗显庆5年（公元660年），距今一千三百四十年之久，占地面积约76000平方米。唐山寺地处县城以南，背靠龙腾峰，面朝虎跃库。唐山寺内有全国重点文物舍利塔、赵朴初亲书匾额、周氏（周馥）宗祠石额、塔冡及石刻石碑记等。,,,,116.989952,29.946783
东慈禅寺,汉语系,管厚东,,安徽省,池州市,东至县,安徽省池州市东至县尧渡镇黄泥村罗亭组,,,,,117.008102,30.059782
九莲寺,汉语系,孙长华,,安徽省,池州市,东至县,安徽省池州市东至县张溪镇历山村殴村组57号,,,,,117.031929,30.230183
云峰禅寺,汉语系,周玉林,,安徽省,池州市,东至县,安徽省池州市东至县尧渡镇河西社区老里陈组48号,,,,,116.993561,30.114304
云际寺,汉语系,吴保严,,安徽省,池州市,东至县,安徽省池州市东至县尧渡镇毛田村程村组,,,,,117.026833,30.093729
光明禅寺,汉语系,葛成凡,,安徽省,池州市,东至县,安徽省池州市东至县胜利镇瓦垅村章冲组48号,,,,,116.970772,30.366440
凤凰寺,汉语系,吴有生,,安徽省,池州市,东至县,安徽省池州市东至县香隅镇香隅村堰桥组34号,,,,,116.865555,30.066713
凤凰山寺,汉语系,陈小水,,安徽省,池州市,东至县,安徽省池州市东至县龙泉镇让塘村凤凰山,,,,,116.821350,29.638021
千华禅寺,汉语系,钱年信,,安徽省,池州市,东至县,安徽省池州市东至县洋湖镇泥黄村横山组50号,,,,,117.173050,30.161221
大公馆禅寺,汉语系,王月清,,安徽省,池州市,东至县,安徽省池州市东至县大渡口镇大渡口社区解放街8号,,,,,117.054573,30.483372
大士阁,汉语系,释觉海,,安徽省,池州市,东至县,安徽省池州市东至县东流镇塔基村塔基组39号,,,,,116.914169,30.227669
将军庙,汉语系,江小暖,1958年1月,安徽省,池州市,东至县,安徽省池州市东至县胜利镇万岭村陈岭组,,,,,116.971619,30.410830
望月寺,汉语系,刘的运,,安徽省,池州市,东至县,安徽省池州市东至县青山乡东阳村庙上组28号,,,,,116.670998,29.654581
梅山寺,汉语系,施兆保,,安徽省,池州市,东至县,安徽省池州市东至尧渡镇梅山村王村组37号,,,,,116.990311,30.090281
正法寺,汉语系,王万广,,安徽省,池州市,东至县,安徽省池州市东至县张溪镇土桥村二组378号,,,,,117.085388,30.291311
法云寺,汉语系,何荣花,东晋咸和年间,安徽省,池州市,东至县,安徽省池州市东至县胜利镇瓦垅村刘一组,,,,,116.970772,30.366440
法华寺,汉语系,释圣林,,安徽省,池州市,东至县,安徽省池州市东至县葛公镇联塘村双进组93号,,,,,117.181824,30.104420
法源寺,汉语系,何世民,,安徽省,池州市,东至县,安徽省池州市东至县张溪镇葛仙铺村李王组321号,,,,,117.105331,30.282701
法藏寺,汉语系,僧宏喜,,安徽省,池州市,东至县,安徽省池州市东至县东流镇长安村湾子组22号,,,,,116.995262,30.230532
泥溪普济寺,汉语系,黄满霞,,安徽省,池州市,东至县,安徽省池州市东至县泥溪镇宋阳村西阳组26号,,,,,116.863930,29.778801
清水寺,汉语系,祝虎,,安徽省,池州市,东至县,安徽省池州市东至县尧渡镇大碑村畈徐组53号,,,,,116.917786,30.093525
清河寺,汉语系,钱小毛,,安徽省,池州市,东至县,安徽省池州市东至县张溪镇湖光村章村组84号,,,,,117.132469,30.328932
滴水寺,汉语系,宗永军,,安徽省,池州市,东至县,安徽省池州市东至县尧渡镇东山村滴水组39号,,,,,117.020882,30.067911
矿山寺,汉语系,田绪勇,,安徽省,池州市,东至县,安徽省池州市东至县尧渡镇东山村老树茨组35号,,,,,117.013222,30.055902
莲花寺,汉语系,杨自龙,,安徽省,池州市,东至县,安徽省池州市东至县昭潭镇永丰村上街组37组,,,,,116.822647,29.683863
莲花庵,汉语系,胡神女,,安徽省,池州市,东至县,安徽省池州市东至县昭潭镇下塔村叶屋组28号,,,,,116.817780,29.730883
西峰寺,汉语系,陈海苗,年代不详,安徽省,池州市,东至县,安徽省池州市东至县青山乡双河村里湾组49号,,,,,116.740059,29.703352
观音寺（大渡口）,汉语系,释觉宜,,安徽省,池州市,东至县,安徽省池州市东至县大渡口镇镇荣村建设组39号,,,,,117.047485,30.481277
观音寺（张溪）,汉语系,恒达,,安徽省,池州市,东至县,安徽省池州市东至县张溪镇老街社区99号,,,,,117.069450,30.264202
观音庵,汉语系,王美如,年代不详,安徽省,池州市,东至县,安徽省池州市东至县大渡口镇麻石桥村民建组42号,,,,,117.106400,30.476526
观音阁（兴安寺）,汉语系,龚冬花,,安徽省,池州市,东至县,安徽省池州市东至县张溪镇塔里村跃进组277号,,,,,117.087700,30.233931
觉心庵,汉语系,陶雪花,,安徽省,池州市,东至县,安徽省池州市东至县东流镇长岭巷1号,,,,,116.932419,30.222160
跃龙庵,汉语系,唐凤珍,,安徽省,池州市,东至县,安徽省池州市东至县官港镇陈镇村梅岭组39号,,,,,116.900978,29.847040
香山寺,汉语系,冯必兰,盛唐时期,安徽省,池州市,东至县,安徽省池州市东至县龙泉镇龙泉组81号,,,,,116.827545,29.638096
龙王庙,汉语系,曾照元,,安徽省,池州市,东至县,安徽省池州市东至县大渡口镇四合村东小组29号,,,,,117.099579,30.462381
新滩庙,汉语系,胡富荣,,安徽省,池州市,东至县,安徽省池州市东至县大渡口镇白沙州村永兴组59号,,,,,117.054573,30.483372
明王禅寺,汉语系,吴学宽,,安徽省,池州市,东至县,安徽省池州市东至县官港镇官港村四角尖1号,,,,,116.925400,29.922121
普济寺（洋湖）,汉语系,管厚龙,,安徽省,池州市,东至县,安徽省池州市东至县洋湖镇珠虹村五里冲组,,,,,117.180489,30.205502
华盖寺,汉语系,张伟民,年代不详,安徽省,池州市,贵池区,安徽省池州市贵池区乌沙镇民政街,乌沙镇小孤山，位于贵池区西北部十八公里处，东依池城，北靠长江，南望九华，西接牛头。是历史上南泉普愿禅师的重要参禅地，牛头禅的延伸地，属历史文化古镇佛山，历史上寺庙众多，香火旺盛，其中以天龙寺，现「华盖禅寺」最具规模。,,,,117.306084,30.645033
金地藏寺,汉语系,释圣富,年代不详,安徽省,池州市,贵池区,安徽省池州市齐山风景区,金地藏寺坐落于安徽省池州市齐山脚下。齐山素以天然美景著称，山上怪石嶙峋，洞穴深邃，以石取胜，以洞称奇。北临长江，南连九华，西处秋浦，与池州古城鼎足相望。古木葱幽，山环水绕。历史上寺庙众多，香火旺盛，尤以华盖禅寺最具规模！其始建于宋朝，复建于明清，后遭日军轰炸，又兼文革破坏，几经变迁，仅余残垣破柱而已!近来在党政府的关心下，陆续有僧欲兴，然因缘未至，故屡屡中途而辍。后大九华山月身宝殿住持和尚上圣下富法师，不忍祖师道场衰微，欲继如来之胜业，解众生之倒悬，秉地藏之宏愿，利一方之群生。[1],,,,117.507957,30.634871
东山寺,汉语系,何发龙,,安徽省,池州市,贵池区,安徽省池州市贵池区殷汇镇河东村虎山组,,,,,117.356964,30.477890
仰天堂,汉语系,释法定,,安徽省,池州市,贵池区,安徽省池州市贵池区殷汇镇石城村黄庄组,,,,,117.406151,30.429892
大佛寺,汉语系,释印源,2011-10-09,安徽省,池州市,贵池区,安徽省池州市贵池区涓桥镇,,,,,117.412819,30.522842
珍珠寺,汉语系,李成哲,,安徽省,池州市,贵池区,安徽省池州市贵池区里山街道万罗山,,,,,117.512413,30.604412
百子庵,汉语系,释传安,,安徽省,池州市,贵池区,安徽省池州市贵池区池阳路永胜巷,,,,,117.492080,30.657750
观音寺,汉语系,释传德,,安徽省,池州市,贵池区,安徽省池州市贵池区池阳路府学巷20号,,,,,117.489670,30.658320
观音茅蓬,汉语系,释果缘,,安徽省,池州市,贵池区,安徽省池州市贵池区墩上办事处墩上居委会,,,,,117.715584,30.631252
铁佛禅寺,汉语系,释圣富,,安徽省,池州市,贵池区,安徽省池州市贵池区钵顶山,,,,,117.567330,30.686730
项赛寺,汉语系,梅崇兵,,安徽省,池州市,贵池区,安徽省池州市贵池区秋江街道项赛村,,,,,117.395027,30.632862
龙华寺,汉语系,仁觉,,安徽省,池州市,贵池区,安徽省池州市贵池区梅龙办事处小岭村,,,,,117.711540,30.677971
九莲禅寺,汉语系,释祖华,年代不详,安徽省,池州市,青阳县,安徽省池州市青阳县朱备镇东桥村,于青阳县朱备镇东桥村僧家山麓。初建于清末。1988年住持僧惟和重建，改为今名。1991年住持尼佛悦。1996年至今住持尼祖华。原名“鸠莲禅寺”。位于青阳县朱备镇东桥村僧家山麓。初建于清末。1988年住持僧惟和重建，改为今名。1991年住持尼佛悦。1996年至今住持尼祖华。寺宇民居式，长11米、宽7米。大殿正中供奉西方三圣，右侧供奉观音，左侧供奉韦驮塑像。大殿后有一寮房，长7.5米、宽3．5米。大殿左侧为起居室，右侧为客房，均长12米、宽3.8米。1990年在大殿左边建地藏殿，长20米、宽12米。正中供奉地藏菩萨，左侧供弥勒，左侧供韦驮塑像。全寺建筑总面积600平方米。九莲禅寺与双溪寺毗邻，周围为古树奇石所环绕。,,,,117.872513,30.539190
蕴空茅蓬,汉语系,释天照,年代不详,安徽省,池州市,青阳县,安徽省池州市青阳县朱备镇东桥村,又名蕴空禅寺。位于：青阳县朱备镇东桥村僧家山，与双溪寺近邻。1936年比丘尼开松率徒慧果创建。1945年住持僧慧果。l993年至今住持僧海量。寺宇坐西朝东，民居式，2层。长17米、宽7.5米。殿中央供奉西方三圣，两侧均为起居室。据1998年统计，全寺房产面积503.4平方米。,,,,117.872513,30.539190
小金刚寺,汉语系,释明光,,安徽省,池州市,青阳县,安徽省池州市九华山风景区九华镇天台路46号,又名金刚茅蓬。位于中闵园大金刚寺西北角。民国年间建。1983～1996年住持尼能安。1996～1999年住持尼圣进。今居尼明光。寺为民居式，坐东南朝西北，建筑面积81平方米。,,,,117.815239,30.477472
青云庵,汉语系,释常成,年代不详,安徽省,池州市,青阳县,安徽省池州市青阳县朱备镇东桥村,一名青云禅寺。位于九华后山（青阳县朱备镇东桥村石铺里）。1938年住持尼妙莲建。1945年住持尼松明。原庵宇建筑面积仅52平方米，长期荒废。1990年至今住持尼开明。1996年重修、扩建。殿宇坐东朝西，民居式，长16.9米、宽11.4米。大殿中央供奉西方三圣。右为观音菩萨，左为地藏菩萨塑像。大殿南侧为会客室，长5.8米、宽11.4米；山门与大殿之间为237平方米的院落；其左边为寮房，长14米、宽5.25米。右边为斋堂，长14米、宽5.25米。庵周围有山场、旱地、水田，占地面积800平方米，建筑总面积332平方米。山门前有两条小溪，泉水叮咚，称为“二龙戏珠”。,,,,117.872513,30.539190
白云洞观音寺,汉语系,张志刚,公元705年,安徽省,池州市,青阳县,安徽省池州市青阳县新河镇周桥村一队,小九华山白云洞观音寺、“观音洞”。位于安徽省青阳县新河镇周桥村与木镇交界处，坐落于美丽的东山湖傍，该寺建于山腰之中，寺周围景色优美，气候宜人，一年四季苍绿松翠。,,,,117.904510,30.675203
仙隐禅寺,汉语系,陈国庆,年代不详,安徽省,池州市,青阳县,安徽省池州市青阳县杨田镇仙梅村,仙隐禅寺，原名仙隐庵。座落在青阳县杨田镇境内的仙隐山东麓，因山形类似旗帜，旧名：旗峰。唐高宗永徽年间（公元650年）有仙女道姑寓于此，易今名。,,,,117.909187,30.603392
天台寺,汉语系,宏学,年代不详,安徽省,池州市,青阳县,安徽省池州市九华山风景区九华镇天台路38号,天台寺又名“地藏寺”、“地藏禅寺”，位于安徽省青阳县九华山的天台峰顶，海拔1306米，为九华山位置最高的寺院。因天台是佛教徒朝拜地藏圣迹必到之处地，所以往往将天台称为九华山主峰，有到九华“不上天台，等于白来”之说。另在河北、湖北等地有同名天台寺。,,,,117.815239,30.477472
双溪寺,汉语系,意彻,民国二十一年（1932年）,安徽省,池州市,青阳县,安徽省池州市青阳县朱备镇东桥村,双溪寺位于安徽省青阳县朱备镇境内，在东侧30里处，故称之为“九华后山”。双溪寺背山面水，环境清幽，风景秀丽。寺旁岩石下有“洁泉”，其泉水清澈照人，细流涓涓。双溪水横流寺前，滔滔汨汨注入青通大河。时而可闻捣衣砧杵之声，大有“断续寒砧断续风”的诗境。寺内广种花草，芳香袭人，寺外茶园成片，果木成林。双溪寺位于历代高僧云集，虚云和尚、月霞和尚曾在后山办过华严学校，故后山也称“华严道场”。,,,,117.872513,30.539190
双溪讲寺,汉语系,杨萍,年代不详,安徽省,池州市,青阳县,安徽省池州市青阳县朱备镇东桥村,双溪讲寺位于九华山后山（青阳县朱备镇东桥村僧家山），与双溪寺大殿毗邻。1932年僧机通建双溪寺时为讲堂。,,,,117.872513,30.539190
乔觉禅林,汉语系,梁泽云,年代不详,安徽省,池州市,青阳县,安徽省池州市青阳县庙前镇华阳村,乔觉禅林原名海慧庵。位于九华山北麓西洪岭下，青阳县庙前镇华阳村境内。,,,,117.806732,30.577431
大愿茅蓬,汉语系,陈雪蓉,年代不详,安徽省,池州市,青阳县,安徽省池州市九华山风景区九华镇中闵园25号,茅蓬安徽省重点寺院。位于中闵园药师茅蓬东南侧上方。1930年建。1942～1949年住持尼隆德。,,,,117.802490,30.462172
莲宗精舍,汉语系,但俏梅,年代不详,安徽省,池州市,青阳县,安徽省池州市九华山风景区九华镇中闵园85号,莲宗精舍，安徽省重点寺院。位于中闵园凤凰松索道站北上坡、普渡寺东北。,,,,117.805824,30.466961
清源禅寺,汉语系,释能仁,1996-01-01,安徽省,池州市,青阳县,安徽省池州市青阳县酉华镇金峰村,九华山清源禅寺位于安徽省青阳县境内的九华山下。,,,,118.030121,30.696522
净信禅寺,汉语系,朱福朝,唐代,安徽省,池州市,青阳县,安徽省池州市青阳县蓉城镇金冲组,净信禅寺，位于安徽省池州市青阳县蓉城镇金冲境内，距青阳县城仅八公里。沿金山村后拾阶而上一公里许，在一片修篁掩映之中便隐约可见一座不起眼的庙宇，这便是“净信禅寺”。当地人称“老庵”。相传唐代那个修道成佛的疯癫和尚上道下济法师‘济公活佛’曾在此居庵多年······,,,,117.878639,30.641100
吉祥寺,汉语系,黄克珍,晋永和二年即公元346年,安徽省,池州市,青阳县,安徽省池州市九华山风景区九华镇天台路22号,吉祥寺位于安徽省池州市九华山天台峰西麓、慧居寺上方。清光绪三十二年（1906）住持僧风松募建。1925年住持僧了心。,,,,117.815239,30.477472
回香阁,汉语系,慧光,1996-01-31,安徽省,池州市,青阳县,安徽省池州市九华山风景区九华镇百岁路5号,回香阁，安徽省重点寺院。原名华严庵，后改“华严禅寺”。位于东岩南端华严岭上，华严岭是由九华街蹬石级上天台必经之地，昔日香客朝天台，多有在此烧回头香的习惯，故又名回香阁。,,,,117.815239,30.477472
甘露寺,汉语系,藏学,年代不详,安徽省,池州市,青阳县,安徽省池州市九华山风景区九华镇龙池路2号,甘露寺位于安徽省南部的九华山中，也是九华山重要寺庙之一，位于化城山腰定心石下。原名甘露庵，又名甘露禅林，清康熙六年（1667）玉琳国师朝礼九华，认为如果在这里建立寺庙，肯定会有高僧出现。禅居伏虎洞多年的洞安和尚听到这句话，立即募化建寺。传说在开工前夕，满山树顶都挂满了白露，所以命名为甘露寺。,,,,117.815239,30.477472
佛化禅寺,汉语系,释寂云,年代不详,安徽省,池州市,青阳县,安徽省池州市青阳县朱备镇东桥村陈畈组,佛化禅寺，安徽省九华山五大古寺之一，初名景福院，又名福海寺。前廊八根青草石龙柱，上雕十八罗汉，满堂白色花岗岩柱。,,,,117.872513,30.539190
法华精舍,汉语系,释道霖,年代不详,安徽省,池州市,青阳县,安徽省池州市青阳县朱备镇东桥村,法华精舍位于青阳县朱备镇东桥村僧家山。1933年重建，后毁。1993年住持尼广云另选址新建。精舍坐西朝东，民居式殿宇。,,,,117.872513,30.539190
东崖禅寺,汉语系,释果慈,年代不详,安徽省,池州市,青阳县,安徽省池州市九华山风景区九华镇百岁路3号,东崖禅寺位于安徽省青阳县九华山东峰顶，坐落于巨岩之上，海拔871米。在此可眺望长江，俯视九华镇，仰观天台顶，环顾九华群景。佛国风光，一览无余。,,,,117.815239,30.477472
定西茅蓬,汉语系,刘世鹏,年代不详,安徽省,池州市,青阳县,安徽省池州市青阳县朱备镇东桥村,定西茅蓬位于青阳县朱备镇东桥村僧家山麓，法华精舍下方约百米处。民国年间建。1941年住持尼顺妙。,,,,117.872513,30.539190
大悲茅蓬,汉语系,释性彻,年代不详,安徽省,池州市,青阳县,安徽省池州市青阳县朱备镇东桥村,大悲茅蓬，位于青阳县朱备镇肖家垅长龙岗。民国时建。1940年日军侵山时焚毁。后由比丘尼明修重建两间小茅蓬。1949年住持尼仁明。1960年住持尼如学于1985年重建。,,,,117.872513,30.539190
普渡寺,汉语系,释果遇,,安徽省,池州市,青阳县,安徽省池州市九华山风景区九华镇中闵园86号,安徽省重点寺院。位于中闵园凤凰松索道站南侧、莲宗精舍西边。1933年建。1942～1953年住持尼仁修。1965年住持尼圣慈。今住持尼果玉。寺宇民居式，坐东朝西，3开间，2层楼。建筑面积441.6平方米。四周有院墙，新建门楼12平方米，山门朝北。,,,,117.805824,30.466961
九华莲社,汉语系,释果成,年代不详,安徽省,池州市,青阳县,安徽省池州市九华山风景区九华镇中闵园38号,安徽省重点寺院。位于中闵园凤凰松东南侧，西与净修茅蓬为邻。,,,,117.805824,30.466961
慈佛精舍,汉语系,释宏尊,年代不详,安徽省,池州市,青阳县,安徽省池州市九华山风景区九华镇中闵园82号,安徽省重点寺院。位于中闵园朝阳庵下院东边。民国时期比丘尼全悟建。1965～1996年住持尼宽量。,,,,117.805824,30.466961
复兴庵,汉语系,邢本富,年代不详,安徽省,池州市,青阳县,安徽省池州市九华山风景区九华镇天台路26号,安徽省重点寺院。位于天台峰西、吉祥寺上方。始建于1911年。1949年住持僧普慧。1953年住持僧普怀。1969年住持僧妙禅。1982～1985年住持僧丘引。1986--1987年住持僧觉光。1987年至今住持僧觉贵。庵为民居式，坐东朝西，3开间，2层，建筑面积168平方米。1996～1997年在庵前新建韦驮殿，民居式，2层，9间。高6米、长9米、宽5米，建筑面积90平方米。[1],,,,117.815239,30.477472
心安寺,汉语系,释演慧,年代不详,安徽省,池州市,青阳县,安徽省池州市青阳县朱备镇将军村六亩田,安徽省重点寺院。初名文殊茅蓬，又名“心安禅寺”，俗称“六亩田”。位于九华山后山文殊峰东侧（青阳县朱备镇将军村与东桥村交界处）。明初始建文殊茅蓬。清光绪二十八年（1902）翠峰寺僧智妙到此，见茅蓬已倒毁，遂“以八元银币购地六亩”，重建庵堂，故有“六亩田”之俗称。后扩充殿宇，易名“心安禅寺”。继之住持僧传本。1933年住持僧海明。,,,,117.873260,30.518042
一宿禅林,汉语系,释乐西,,安徽省,池州市,青阳县,安徽省池州市九华山风景区二圣村,,,,,117.799599,30.524391
一心茅蓬,汉语系,释开悟,,安徽省,池州市,青阳县,安徽省池州市九华山风景区九华镇中闵园14号,,,,,117.802490,30.462172
万福寺,汉语系,释文泽,,安徽省,池州市,青阳县,安徽省池州市九华山风景区九华镇甘泉路2号,,,,,117.815239,30.477472
上禅堂,汉语系,果卓,,安徽省,池州市,青阳县,安徽省池州市九华山风景区九华镇神光岭路11号,,,,,117.815239,30.477472
九华观音寺,汉语系,释开豪,1995-01-01,安徽省,池州市,青阳县,安徽省池州市青阳县庙前镇庙前村,,,,,117.767082,30.560862
九子岩,汉语系,释妙幢,,安徽省,池州市,青阳县,安徽省池州市青阳县朱备镇东桥村,,,,,117.872513,30.539190
九子岩下院,汉语系,释海诚,,安徽省,池州市,青阳县,安徽省池州市青阳县朱备镇东桥村陈家畈,,,,,117.872513,30.539190
九莲精舍,汉语系,释宽海,,安徽省,池州市,青阳县,安徽省池州市九华山风景区九华镇中闵园84号,,,,,117.805824,30.466961
二圣殿,汉语系,释果成,,安徽省,池州市,青阳县,安徽省池州市九华山风景区九华乡二圣村二圣组50号,,,,,117.799599,30.524391
光明茅蓬,汉语系,释明真,,安徽省,池州市,青阳县,安徽省池州市九华山风景区九华镇中闵园22号,,,,,117.802490,30.462172
净土庵,汉语系,徐庆芳,,安徽省,池州市,青阳县,安徽省池州市九华山风景区九华镇神光岭路1号,,,,,117.815239,30.477472
净戒禅院,汉语系,释正英,,安徽省,池州市,青阳县,安徽省池州市九华山风景区九华镇神光岭路14号,,,,,117.815239,30.477472
净洁精舍,汉语系,释演福,,安徽省,池州市,青阳县,安徽省池州市九华山风景区九华镇神光岭路9号,,,,,117.815239,30.477472
准提庵,汉语系,朱火枝,,安徽省,池州市,青阳县,安徽省池州市九华山风景区九华镇神光岭路20号,,,,,117.815239,30.477472
化城寺,汉语系,帅廷林,,安徽省,池州市,青阳县,安徽省池州市九华山风景区九华镇化城路41号,,,,,117.815239,30.477472
千佛寺,汉语系,释常瑞,,安徽省,池州市,青阳县,安徽省池州市青阳县朱备镇狮子峰风景区,,,,,117.875954,30.547974
华严寺,汉语系,释广林,,安徽省,池州市,青阳县,安徽省池州市青阳县庙前镇华阳村张村组,,,,,117.806732,30.577431
华严洞,汉语系,释果觉,,安徽省,池州市,青阳县,安徽省池州市九华山风景区九华镇天台路13号,,,,,117.815239,30.477472
华严海慧寺,汉语系,释能願,,安徽省,池州市,青阳县,安徽省池州市九华山风景区九华镇天台路14号,,,,,117.815239,30.477472
华天寺,汉语系,果厚,,安徽省,池州市,青阳县,安徽省池州市九华山风景区九华镇灯塔新村136号,,,,,117.800354,30.477322
吉祥禅院,汉语系,于占海,,安徽省,池州市,青阳县,安徽省池州市青阳县朱备镇天华峰,,,,,117.875954,30.547974
圆觉精舍,汉语系,释通晓,,安徽省,池州市,青阳县,安徽省池州市九华山风景区九华镇神光岭路22号,,,,,117.815239,30.477472
圆通寺,汉语系,仁友,,安徽省,池州市,青阳县,安徽省池州市青阳县蓉城镇百花村,,,,,117.868950,30.586573
地藏禅寺,汉语系,张兴平,,安徽省,池州市,青阳县,安徽省池州市九华山风景区九华乡乔安村,,,,,117.778282,30.553951
地藏讲寺,汉语系,许光辉,2001-01-01,安徽省,池州市,青阳县,安徽省池州市青阳县杜村乡长垅村,,,,,117.745064,30.460602
坐寂禅寺,汉语系,刘成华,,安徽省,池州市,青阳县,安徽省池州市青阳县乔木乡凌塘村座基山组,,,,,118.081810,30.699053
大厦庵,汉语系,释佛成,,安徽省,池州市,青阳县,安徽省池州市九华山风景区九华镇化城路45号,,,,,117.815239,30.477472
大悲院,汉语系,暂缺,,安徽省,池州市,青阳县,安徽省池州市九华山风景区九华镇天台路41号,,,,,117.815239,30.477472
大愿禅寺,汉语系,慧光,,安徽省,池州市,青阳县,安徽省池州市九华山风景区九华乡柯村村,,,,,117.794319,30.544935
大愿禅林,汉语系,张兴平,,安徽省,池州市,青阳县,安徽省池州市九华山风景区九华乡柯村村,,,,,117.794319,30.544935
大慈寺,汉语系,许克仁,,安徽省,池州市,青阳县,安徽省池州市青阳县蓉城镇新中村火焰山,,,,,117.919281,30.621431
大慈庵,汉语系,释果权,,安徽省,池州市,青阳县,安徽省池州市九华山风景区九华镇中闵园21号,,,,,117.802490,30.462172
大慈藏寺,汉语系,释门智,,安徽省,池州市,青阳县,安徽省池州市九华山风景区九华镇神光岭路18号,,,,,117.815239,30.477472
大觉寺,汉语系,宗学,,安徽省,池州市,青阳县,安徽省池州市九华山风景区九华镇闵园社区,,,,,117.801994,30.460201
大金刚寺,汉语系,释印恒,,安徽省,池州市,青阳县,安徽省池州市九华山风景区九华镇中闵园76号,,,,,117.805824,30.466961
天台下院,汉语系,宏学,,安徽省,池州市,青阳县,安徽省池州市青阳县庙前镇街道下街,,,,,117.778984,30.569000
天池古庵,汉语系,释涤胜,,安徽省,池州市,青阳县,安徽省池州市九华山风景区九华镇化城路5号,,,,,117.815239,30.477472
天池庵,汉语系,韩迎昂,,安徽省,池州市,青阳县,安徽省池州市九华山风景区九华镇化城路6号,,,,,117.815239,30.477472
寂光精舍,汉语系,吴汉英,,安徽省,池州市,青阳县,安徽省池州市九华山风景区九华镇中闵园79号,,,,,117.805824,30.466961
小天台,汉语系,意彻,,安徽省,池州市,青阳县,安徽省池州市九华山风景区九华镇神光岭路21号,,,,,117.815239,30.477472
崇圣寺,汉语系,释果照,,安徽省,池州市,青阳县,安徽省池州市青阳县庙前镇华阳村六房组,,,,,117.806732,30.577431
崇寿寺,汉语系,秦书茂,,安徽省,池州市,青阳县,安徽省池州市青阳县庙前镇一心村龟山组,,,,,117.764267,30.520351
平坦寺,汉语系,释广济,,安徽省,池州市,青阳县,安徽省池州市青阳县庙前镇华阳村平坦组18号,,,,,117.806732,30.577431
广济茅蓬,汉语系,释常明,,安徽省,池州市,青阳县,安徽省池州市九华山风景区九华镇神光岭路10号,,,,,117.815239,30.477472
延华寺,汉语系,夏修能,,安徽省,池州市,青阳县,安徽省池州市九华山风景区九华乡桥庵村大古岭,,,,,117.816322,30.500948
望华禅寺,汉语系,冯立田,1995-01-01,安徽省,池州市,青阳县,安徽省池州市青阳县蓉城镇五溪新区,,,,,117.878639,30.641100
朝阳庵,汉语系,张香云,,安徽省,池州市,青阳县,安徽省池州市九华山风景区九华镇天台路27号,,,,,117.815239,30.477472
松树庵,汉语系,姚杏好,,安徽省,池州市,青阳县,安徽省池州市青阳县杜村乡长垅村常家山组,,,,,117.778290,30.478830
永兴茅蓬,汉语系,释能意,,安徽省,池州市,青阳县,安徽省池州市九华山风景区九华镇中闵园49号,,,,,117.805824,30.466961
法华寺,汉语系,管志勇,,安徽省,池州市,青阳县,安徽省池州市九华山风景区九华镇化城路17号,,,,,117.815239,30.477472
海慧寺,汉语系,释法融,,安徽省,池州市,青阳县,安徽省池州市九华山风景区九华镇中闵园77号,,,,,117.805824,30.466961
涌泉禅寺,汉语系,释寂云,,安徽省,池州市,青阳县,安徽省池州市青阳县朱备镇东桥村陈畈组,,,,,117.872513,30.539190
潮音精舍,汉语系,释果乐,,安徽省,池州市,青阳县,安徽省池州市九华山风景区九华镇中闵园11号,,,,,117.805824,30.466961
燕子洞,汉语系,释果建,,安徽省,池州市,青阳县,安徽省池州市九华山风景区九华镇龙池路,,,,,117.815239,30.477472
甘泉禅寺,汉语系,释果道,,安徽省,池州市,青阳县,安徽省池州市九华山风景区九华镇甘泉路3号,,,,,117.815239,30.477472
白云禅寺,汉语系,释果道,1995-01-01,安徽省,池州市,青阳县,安徽省池州市青阳县杜村乡新丰村白云组,,,,,117.740723,30.517672
白云禅林,汉语系,马洪强,,安徽省,池州市,青阳县,安徽省池州市九华山风景区九华镇白云新村16号,,,,,117.800354,30.477322
百岁宫,汉语系,释慧庆,,安徽省,池州市,青阳县,安徽省池州市九华山风景区九华镇百岁路1号,,,,,117.815239,30.477472
百岁宫下院,汉语系,李长保,,安徽省,池州市,青阳县,安徽省池州市九华山风景区九华镇化城路1号,,,,,117.815239,30.477472
真如庵,汉语系,释顿悟,,安徽省,池州市,青阳县,安徽省池州市青阳县陵阳镇黄石村,,,,,117.834190,30.438541
祇园寺,汉语系,道源,,安徽省,池州市,青阳县,安徽省池州市九华山风景区九华镇芙蓉路1号,,,,,117.815239,30.477472
立庵,汉语系,释慧庆,,安徽省,池州市,青阳县,安徽省池州市九华山风景区九华镇化城路7号,,,,,117.815239,30.477472
罗汉墩,汉语系,谢军,,安徽省,池州市,青阳县,安徽省池州市九华山风景区九华镇天台路40号,,,,,117.815239,30.477472
翠云庵,汉语系,盛尊富,,安徽省,池州市,青阳县,安徽省池州市九华山风景区九华镇天台路28号,,,,,117.815239,30.477472
翠峰寺,汉语系,董保国,,安徽省,池州市,青阳县,安徽省池州市青阳县朱备镇青峭湾,,,,,117.852600,30.513401
老虎洞,汉语系,释大净,,安徽省,池州市,青阳县,安徽省池州市九华山风景区九华镇甘泉路5号,,,,,117.815239,30.477472
聚龙寺,汉语系,释慧莲,,安徽省,池州市,青阳县,安徽省池州市九华山风景区九华镇灯塔新村101号,,,,,117.800354,30.477322
肉身殿,汉语系,释圣富,,安徽省,池州市,青阳县,安徽省池州市九华山风景区九华镇神光岭路14号,,,,,117.815239,30.477472
胜鬘精舍,汉语系,释道广,,安徽省,池州市,青阳县,安徽省池州市九华山风景区九华镇中闵园10号,,,,,117.802490,30.462172
般若茅蓬,汉语系,释道意,,安徽省,池州市,青阳县,安徽省池州市青阳县朱备镇东桥村,,,,,117.872513,30.539190
药师茅蓬,汉语系,释仁海,,安徽省,池州市,青阳县,安徽省池州市九华山风景区九华镇中闵园80号,,,,,117.802490,30.462172
莲花庵,汉语系,释传灯,,安徽省,池州市,青阳县,安徽省池州市九华山风景区九华镇中闵园16号,,,,,117.805824,30.466961
菩提阁,汉语系,释德福,,安徽省,池州市,青阳县,安徽省池州市九华山风景区九华镇化城路27号,,,,,117.815239,30.477472
西佛寺,汉语系,藏学,,安徽省,池州市,青阳县,安徽省池州市九华山风景区九华乡桥庵村西竺村民组,,,,,117.802025,30.505796
西天寺,汉语系,释心连,,安徽省,池州市,青阳县,安徽省池州市九华山风景区九华镇甘泉路1号,,,,,117.815239,30.477472
西来禅寺,汉语系,释果舟,,安徽省,池州市,青阳县,安徽省池州市青阳县杜村乡新丰村团结组,,,,,117.740723,30.517672
西竺庵,汉语系,果卓,,安徽省,池州市,青阳县,安徽省池州市九华山风景区九华乡桥庵村西竺村民组,,,,,117.802025,30.505796
西竺禅寺,汉语系,妙性,,安徽省,池州市,青阳县,安徽省池州市九华山风景区九华乡桥庵村西竺村民组,,,,,117.802025,30.505796
观自茅蓬,汉语系,果持,,安徽省,池州市,青阳县,安徽省池州市九华山风景区九华镇天台路12号,,,,,117.815239,30.477472
观音寺,汉语系,张存楷,,安徽省,池州市,青阳县,安徽省池州市青阳县陵阳镇三溪村永红组（神仙洞旁）,,,,,117.848778,30.352932
观音峰,汉语系,释开豪,,安徽省,池州市,青阳县,安徽省池州市九华山风景区九华镇天台路31号,,,,,117.815239,30.477472
观音峰下院,汉语系,释能云,,安徽省,池州市,青阳县,安徽省池州市九华山风景区九华镇中闵园19号,,,,,117.802490,30.462172
观音洞,汉语系,李和明,,安徽省,池州市,青阳县,安徽省池州市九华山风景区九华镇甘泉路4号,,,,,117.815239,30.477472
通慧庵,汉语系,释果贤,,安徽省,池州市,青阳县,安徽省池州市九华山风景区九华镇芙蓉路25号,,,,,117.815239,30.477472
通慧禅林,汉语系,释如严,,安徽省,池州市,青阳县,安徽省池州市九华山风景区九华镇芙蓉路20号,,,,,117.815239,30.477472
道僧洞石云禅寺,汉语系,释宏成,1995-01-01,安徽省,池州市,青阳县,安徽省池州市青阳县陵阳镇黄石村,,,,,117.834190,30.438541
金刚殿,汉语系,释果香,,安徽省,池州市,青阳县,安徽省池州市九华山风景区九华镇中闵园46号,,,,,117.802490,30.462172
金刚茅蓬,汉语系,袁翠妹,,安徽省,池州市,青阳县,安徽省池州市青阳县朱备镇东桥村,,,,,117.872513,30.539190
钟亭,汉语系,释道华,,安徽省,池州市,青阳县,安徽省池州市九华山风景区九华镇百岁路4号,,,,,117.815239,30.477472
长生庵,汉语系,释无垢,,安徽省,池州市,青阳县,安徽省池州市九华山风景区九华镇化城路87号,,,,,117.815239,30.477472
闵公殿,汉语系,妙性,,安徽省,池州市,青阳县,安徽省池州市九华山风景区九华镇芙蓉路18号,,,,,117.815239,30.477472
静修茅蓬,汉语系,释圣根,,安徽省,池州市,青阳县,安徽省池州市九华山风景区九华镇中闵园37号,,,,,117.805824,30.466961
香山茅蓬,汉语系,释印安,,安徽省,池州市,青阳县,安徽省池州市九华山风景区九华镇中闵园81号,,,,,117.805824,30.466961
龙庵（新龙庵）,汉语系,释道果,,安徽省,池州市,青阳县,安徽省池州市九华山风景区九华镇化城路87号,,,,,117.815239,30.477472
龙池庵,汉语系,王良云,,安徽省,池州市,青阳县,安徽省池州市九华山风景区九华镇龙池路4号,,,,,117.815239,30.477472
龙泉寺,汉语系,范茂阳,,安徽省,池州市,青阳县,安徽省池州市青阳县蓉城镇新中村,,,,,117.920601,30.624533
观音庵,汉语系,暂缺,年代不详,安徽省,池州市,青阳县,安徽省池州市青阳县朱备镇朱笔村,,,,,117.874451,30.547668
心安寺,汉语系,濮中建,年代不详,安徽省,池州市,青阳县,安徽省池州市青阳县蓉城镇杨冲村,,,,,117.827553,30.614542
心愿庵,汉语系,释大定,,安徽省,池州市,青阳县,安徽省池州市九华山风景区九华镇中闵园12号,,,,,117.802490,30.462172
心愿茅蓬,汉语系,沈代玉,,安徽省,池州市,青阳县,安徽省池州市九华山风景区九华镇中闵园18号,,,,,117.805824,30.466961
慈仁寺,汉语系,释妙琳,2003-01-01,安徽省,池州市,青阳县,安徽省池州市青阳县木镇镇慈云村,,,,,118.045700,30.743132
慈悲禅寺,汉语系,刘顺强,,安徽省,池州市,青阳县,安徽省池州市青阳县蓉城镇杨冲村,,,,,117.827553,30.614542
慧居寺,汉语系,大慈,,安徽省,池州市,青阳县,安徽省池州市九华山风景区九华镇天台路11号,,,,,117.815239,30.477472
招隐寺,汉语系,陈永富,,安徽省,池州市,青阳县,安徽省池州市青阳县陵阳镇黄石村,,,,,117.834190,30.438541
拜经台,汉语系,陈昌盛,1996-01-31,安徽省,池州市,青阳县,安徽省池州市九华山风景区九华镇天台路32号,,,,,117.815239,30.477472
接引庵,汉语系,释果顺,,安徽省,池州市,青阳县,安徽省池州市九华山风景区九华镇中闵园13号,,,,,117.802490,30.462172
旃檀林,汉语系,慧深,,安徽省,池州市,青阳县,安徽省池州市九华山风景区九华镇芙蓉路42号,,,,,117.815239,30.477472
无相禅寺,汉语系,释果富,,安徽省,池州市,青阳县,安徽省池州市九华山风景区二圣村,,,,,117.799599,30.524391
无量寺,汉语系,李军,,安徽省,池州市,青阳县,安徽省池州市九华山风景区九华镇神光岭路7号,,,,,117.815239,30.477472
普济庵,汉语系,释果厚,,安徽省,池州市,青阳县,安徽省池州市九华山风景区九华镇中闵园43号,,,,,117.805824,30.466961
普渡寺,汉语系,张存均,,安徽省,池州市,青阳县,安徽省池州市青阳县杜村乡镇华村,,,,,117.740662,30.521067
慈云禅寺,汉语系,释慈光,年代不详,安徽省,池州市,石台县,安徽省池州市石台县仁里镇缘溪村程村组,慈云禅寺坐落在距石台县城东北7公里处的慈云山中，寺旁有洞曰：慈云。此山、寺、洞在《石埭县》中均有记载。,,,,117.509285,30.218203
滴水寺,汉语系,释果海,,安徽省,滁州市,定远县,安徽省滁州市定远县西卅店镇金山村,,,,,117.535210,32.562290
白衣庵,汉语系,释开山,年代不详,安徽省,滁州市,凤阳县,安徽省滁州市凤阳县临淮关镇西关街白衣庵巷47号,位于临淮镇西关街白衣庵巷内，坐北朝南，面对京沪铁路。该庵始建年代不详，据《凤阳新书》载：“白衣庵，在（凤阳）县（治所在今山后村）东西土坝。”可知明天启年间即有此庵，清代重修。建国后庵内共有殿舍20间，分前、后两殿及山门。山门上嵌石额一方，正中楷书“白衣庵”三字，为民国9年（1920年）所刻。前殿3间，中为弥勒坐像，其后为韦驮立像，东侧塑鱼兰观音，西侧塑达摩；后殿亦3间，正中端坐白衣观音，两侧分立4大天王及9位仙女神像。1954年大水进庵，佛像皆毁，前殿倒圮，仅存后殿、山门及房舍7间，经1984年修复，有所改观。,,,,117.646568,32.907391
禅窟寺,汉语系,孙红涛,年代不详,安徽省,滁州市,凤阳县,安徽省滁州市凤阳县殷涧镇河南村,禅窟寺景区位于安徽凤阳县城南25公里处，凤阳山风景区的东端。总面积8.5平方公里。分为洞内、洞外两大景区。,,,,117.577904,32.671009
福寿庵,汉语系,禅修,,安徽省,滁州市,凤阳县,安徽省滁州市凤阳县府城镇长春路1号,,,,,117.568371,32.871994
龙兴寺,汉语系,孙红涛,,安徽省,滁州市,凤阳县,安徽省滁州市凤阳县府城镇长春路1号,,,,,117.568371,32.871994
孔雀寺,汉语系,李成标,唐开元年间,安徽省,滁州市,来安县,安徽省滁州市来安县舜山镇石桥水库,孔雀寺，县级重点文物保护单位。位于安徽省来安县城西北约10公里练子山西南山脚。始建于唐开元年间，历代废兴不已。,,,,118.444983,32.524815
琅琊寺,汉语系,顶光,年代不详,安徽省,滁州市,琅琊区,安徽省滁州市琅琊区琅琊山风景区,琅琊寺位于安徽省滁州，是我国东南名刹，建于唐代大历年间，唐代宗赐名“宝应寺”，宋代易名“开化禅寺”。后因山名相沿，习称“琅琊寺”。琅琊寺掩映在绿树浓荫之中，潺潺泉水绕寺而过，亭楼阁错落有，正如宋人诗云：“踏石披云一径通，翠微环合见禅宫。峰峦密郁泉声上，楼殿参差树色中。”,,,,118.287369,32.281158
西方寺,汉语系,演翔,,安徽省,滁州市,琅琊区,安徽省滁州市琅琊区西方寺原址北300米,,,,,118.326591,32.319260
抹山寺,汉语系,赵桂斌,年代不详,安徽省,滁州市,明光市,安徽省滁州市明光市明东街道抹山村,抹山寺位于安徽省明光市，距市中心大约12公里。,,,,118.019897,32.840271
法华寺,汉语系,赵凯,,安徽省,滁州市,明光市,安徽省滁州市明光市明南街道林圩村,,,,,118.027779,32.620083
招信寺,汉语系,赵文章,,安徽省,滁州市,明光市,安徽省滁州市明光市女山湖镇街道,,,,,117.986420,32.777653
佛光安养院,汉语系,郝红军,,安徽省,滁州市,南谯区,安徽省滁州市南谯区施集镇龙蟠村,,,,,118.244759,32.253033
佛光精舍,汉语系,郝红军,,安徽省,滁州市,南谯区,安徽省滁州市南谯区中都大道市佛教协会四楼,,,,,118.325424,32.277203
弥陀寺,汉语系,如三,年代不详,安徽省,滁州市,南谯区,安徽省滁州市南谯区大柳镇皇甫山森林公园,,,,国家AAA级旅游景区,118.082191,32.417179
祈福寺,汉语系,郝红军,,安徽省,滁州市,南谯区,安徽省滁州市南谯区腰铺镇街道,,,,,118.298470,32.202881
龙山寺,汉语系,孙绍祥,年代不详,安徽省,滁州市,全椒县,安徽省滁州市全椒县西王镇龙山村,龙山寺（又名宝公庵），位于安徽省全椒县城西北40公里龙山西麓的管坝乡境内。五代时梁武帝天监年间创建。,,,,117.951828,32.043400
三塔寺,汉语系,张家友,年代不详,安徽省,滁州市,全椒县,安徽省滁州市全椒县六镇镇六镇村,北宋徽宗大观元年（1107年），后人在寺前建塔三座，古寺因之更名为“三塔寺”。到了明代洪武年间，因皇子皇孙要去盱眙（古泗州所辖）、凤阳祭拜明祖陵和明皇陵，出南京城渡江后有水相隔，于是拆了三塔，把砖块运到江浦境内修建毛垣桥（位于今天的滁宁公路上），三塔尽毁，古寺元气大伤。直到明天启年间，三塔寺得到重新修缮。,,,,118.071930,32.008492
大法王寺,汉语系,胥瑞军,,安徽省,滁州市,全椒县,安徽省滁州市全椒县古河镇古河街道,,,,,117.975212,31.905050
神山寺,汉语系,晏行所,,安徽省,滁州市,全椒县,安徽省滁州市全椒县神山国家森林公园,,,,,118.109741,32.112785
宣梵寺,汉语系,徐开宗,年代不详,安徽省,滁州市,天长市,安徽省滁州市天长市新街镇李坡村,宣梵寺坐落于落于安徽省天长市新街镇李坡村，距今已有六百多年历史，宣梵寺目前已具备一定规模，寺内苗木争丽，风景怡人，香火不断，每年庙会和传统民间节日，信徒和游客纷至沓来，被誉为“世外桃源，人间乐土”。,,,,118.852600,32.629441
护国寺,汉语系,继传,年代不详,安徽省,滁州市,天长市,安徽省滁州市天长市天长街道园林路,天长护国寺是经安徽省人民政府批建的省重点对外开放寺庙。始建于清同治四年，复建于1987年，占地60亩，位于天长市区中心地带，园林式风格寺庙，2004年被批准为国家2A级景区。[1],,,国家AA级旅游景区,119.003281,32.676899
红庙,汉语系,王先红,年代不详,安徽省,滁州市,天长市,安徽省滁州市天长市冶山镇福胜村,红庙镇位于安徽省无为县西北部，总面积84平方公里，人口4.4万，耕地面积3314公顷，山场面积240公顷，水面面积314公顷，地处花渡河、永安河两大水系上游，距县城驻地18公里，标准县道穿乡而过，交通便捷。全乡辖24个村委会和1个社区居委会。闻名遐迩的抗日根据地新四军七师师部旧址及纪念馆坐落在该乡境内，是具有光荣传统的革命老区。,,,,119.010963,32.578350
万寿禅寺,汉语系,孙国联,,安徽省,滁州市,天长市,安徽省滁州市天长市铜城镇高尚村,,,,,118.978139,32.829199
三元庵,汉语系,刘宏有,,安徽省,滁州市,天长市,安徽省滁州市天长市永丰镇三元村,,,,,119.000694,32.718460
下武庙,汉语系,张有才,,安徽省,滁州市,天长市,安徽省滁州市天长市张铺镇团结村,,,,,118.791150,32.760981
东胜寺,汉语系,吕传平,,安徽省,滁州市,天长市,安徽省滁州市天长市汊涧镇汊北村,,,,,118.775561,32.666531
仙墩庙,汉语系,王殿高,,安徽省,滁州市,天长市,安徽省滁州市天长市铜城镇仙墩村,,,,,119.015808,32.938984
关帝庙,汉语系,张建齐,,安徽省,滁州市,天长市,安徽省滁州市天长市铜城镇骆营村,,,,,118.849594,32.874420
前观音寺,汉语系,吕恩甫,,安徽省,滁州市,天长市,安徽省滁州市天长市仁和集镇南尖回民村,,,,,119.120430,32.625271
北胜寺,汉语系,释圣泉,,安徽省,滁州市,天长市,安徽省滁州市天长市万寿镇,,,,,119.081604,32.725513
古家庵,汉语系,陈维军,,安徽省,滁州市,天长市,安徽省滁州市天长市石梁镇古家村,,,,,118.882000,32.686300
司徒寺,汉语系,董香宝,,安徽省,滁州市,天长市,安徽省滁州市天长市金集镇益民村,,,,,119.071300,32.556360
同贞庵,汉语系,赵士明,,安徽省,滁州市,天长市,安徽省滁州市天长市秦栏镇后寺街,,,,,119.177284,32.602781
圆通寺,汉语系,杨建余,,安徽省,滁州市,天长市,安徽省滁州市天长市铜城镇,,,,,118.939163,32.887600
地藏寺,汉语系,王步仁,,安徽省,滁州市,天长市,安徽省滁州市天长市杨村镇关东村,,,,,118.984220,32.785060
大悲庵,汉语系,徐庆明,明代,安徽省,滁州市,天长市,安徽省滁州市天长市秦栏镇观庵村,,,,,119.177284,32.602781
大慈寺,汉语系,朱锡美,,安徽省,滁州市,天长市,安徽省滁州市天长市万寿镇张安村,,,,,119.103859,32.732929
太平寺,汉语系,张庆祯,,安徽省,滁州市,天长市,安徽省滁州市天长市张铺镇兴隆村,,,,,118.791150,32.760981
子胥庙,汉语系,吴登明,,安徽省,滁州市,天长市,安徽省滁州市天长市永丰镇子胥村,,,,,119.000694,32.718460
孝子庵,汉语系,陆从山,,安徽省,滁州市,天长市,安徽省滁州市天长市石梁镇孝庵村,,,,,118.882000,32.686300
宝林寺,汉语系,胡士海,,安徽省,滁州市,天长市,安徽省滁州市天长市仁和集镇王桥村,,,,,119.120430,32.625271
庆隆庵,汉语系,黄元琴,,安徽省,滁州市,天长市,安徽省滁州市天长市秦栏镇庆祝村,,,,,119.177284,32.602781
汉王庙,汉语系,张文玉,,安徽省,滁州市,天长市,安徽省滁州市天长市永丰镇双庙村,,,,,119.000694,32.718460
泰山庙,汉语系,刘世云,,安徽省,滁州市,天长市,安徽省滁州市天长市天长街道建设东路泰山巷,,,,,119.012642,32.679462
济公庵,汉语系,妙净,,安徽省,滁州市,天长市,安徽省滁州市天长市天长街道园林社区,,,,,118.996902,32.672649
灵光寺,汉语系,蒋昌勇,,安徽省,滁州市,天长市,安徽省滁州市天长市石梁镇,,,,,118.882000,32.686300
甘露寺,汉语系,赵国祥,年代不详,安徽省,滁州市,天长市,安徽省滁州市天长市石梁镇十八集社区,,,,,118.926271,32.682972
白衣庵,汉语系,纪岳明,年代不详,安徽省,滁州市,天长市,安徽省滁州市天长市杨村镇小关社区,,,,,118.984220,32.785060
福龙寺,汉语系,姜冠群,,安徽省,滁州市,天长市,安徽省滁州市天长市铜城镇龙岗社区,,,,,119.051292,32.880142
秦栏观音庵,汉语系,王仁潮,,安徽省,滁州市,天长市,安徽省滁州市天长市秦栏镇观庵村,,,,,119.177284,32.602781
积善庵,汉语系,妙音,,安徽省,滁州市,天长市,安徽省滁州市天长市秦栏镇后寺街,,,,,119.177284,32.602781
观音寺,汉语系,马昌华,,安徽省,滁州市,天长市,安徽省滁州市天长市大通镇便西村,,,,,118.855119,32.829851
观音庵（天长街道）,汉语系,胡勤,,安徽省,滁州市,天长市,安徽省滁州市天长市天长街道园林社区,,,,,118.996902,32.672649
观音庵（汊涧镇）,汉语系,王纪贵,,安徽省,滁州市,天长市,安徽省滁州市天长市汊涧镇叶营村,,,,,118.775561,32.666531
迎峰寺,汉语系,汪金宗,,安徽省,滁州市,天长市,安徽省滁州市天长市冶山镇,,,,,119.019852,32.608322
香佛庵,汉语系,李文正,,安徽省,滁州市,天长市,安徽省滁州市天长市汊涧镇汊北村,,,,,118.775561,32.666531
龙华寺,汉语系,胡夕文,,安徽省,滁州市,天长市,安徽省滁州市天长市大通镇龙庙村,,,,,118.855119,32.829851
龙隐寺,汉语系,韦秀化,,安徽省,滁州市,天长市,安徽省滁州市天长市汊涧镇釜山社区,,,,,118.775561,32.666531
弥陀寺,汉语系,胡佩霞,年代不详,安徽省,滁州市,天长市,安徽省滁州市天长市杨村镇杨村社区,,,,国家AAA级旅游景区,118.984220,32.785060
慈佑寺,汉语系,韦秀化,,安徽省,滁州市,天长市,安徽省滁州市天长市金集镇,,,,,119.071300,32.556360
琉璃寺,汉语系,曹中山,,安徽省,阜阳市,界首市,安徽省阜阳市界首市田营镇李能行政村朱尧自然村,,,,,115.435585,33.204884
白云寺,汉语系,释慧庆,,安徽省,阜阳市,临泉县,安徽省阜阳市临泉县城关镇古城社区,,,,,115.239693,33.068218
禅堂寺,汉语系,姚国瑞,,安徽省,阜阳市,太和县,安徽省阜阳市太和县大新镇集西,,,,,115.548172,33.148682
北照寺,汉语系,曹红阳,年代不详,安徽省,阜阳市,颍东区,安徽省阜阳市颍东区袁寨镇北照村,北照寺地处我国腹地东部，在南北气候分界带，四季分明，雨量充沛，温暖湿润，气候宜人，物产丰富。隶属安徽省阜阳市颍东区，位于阜阳东南方向9公里外的袁寨镇，与阜阳市中心直线距离为12公里。南濒颍河，北临阜淮铁路，西接京九铁路，中有济广高速。寺院历史悠久，文化底蕴深厚，始建于晋朝，历代香火兴旺，鼎盛于明太祖朱元璋时期，是我国著名的皇家寺院。,,,,115.985542,32.850563
竹音寺,汉语系,释智光,年代不详,安徽省,阜阳市,颍上县,安徽省阜阳市颍上县迪沟镇,竹音寺，皖北地区最大的寺庙，现被评为中国名寺。位于颍上县迪沟生态旅游风景区境内，原名观音庙，始建于道光二年（1822年）。公元1901年重建，因月朗风清之夜，寺庙周围金光隐现，竹声不绝于耳，人甚称奇而得名。全寺由天王殿和大雄宝殿两座建筑群组成，大殿左右各有钟楼鼓楼及弥勒佛石像，寺内有放生池、古圣水井、敲棋厅、诵经阁、千鸟园、斋良居、百花园、盆景园等。其中亚洲地区最大的五百罗汉堂位于该寺大雄宝殿地下室内。,,,,116.371742,32.808510
清凉寺,汉语系,孔令福,年代不详,安徽省,阜阳市,颍上县,安徽省阜阳市颍上县半岗镇徐郢村新庄,清凉寺是一座位于颍上城南17.5公里，邱家湖北坡半岗镇南的寺庙。,,,,116.199158,32.494141
白衣庵,汉语系,赵士华,年代不详,安徽省,阜阳市,颍上县,安徽省阜阳市颍上县慎城镇二新社区,,,,,116.257980,32.632710
白雀寺,汉语系,石安平,,安徽省,阜阳市,颍上县,安徽省阜阳市颍上县八里河镇八里河风景区,,,,,116.297684,32.567749
观音寺,汉语系,释果瑞,,安徽省,阜阳市,颍上县,安徽省阜阳市颍上县江口镇江口街南头,,,,,116.207397,32.789371
三圣寺,汉语系,潘翠云,年代不详,安徽省,阜阳市,颍州区,安徽省阜阳市颍州区颍西街道五里村,,,,,115.787292,32.875782
东岳禅寺,汉语系,释果鑫,,安徽省,阜阳市,颍州区,安徽省阜阳市颍州区文峰街道办东岳巷,,,,,115.825600,32.893650
观音庵,汉语系,释绪莲,年代不详,安徽省,阜阳市,颍州区,安徽省阜阳市颍州区文峰街道西关社区,,,,,115.825600,32.893650
资福禅寺,汉语系,曹中山,,安徽省,阜阳市,颍州区,安徽省阜阳市颍州区鼓楼街道大寺街,,,,,115.811623,32.898930
铁佛寺,汉语系,刘新凯,,安徽省,阜阳市,颍州区,安徽省阜阳市颍州区西湖景区办事处,,,,,115.651550,32.912628
青莲庵,汉语系,释果平,,安徽省,阜阳市,颍州区,安徽省阜阳市颍州区鼓楼街道碾盘街,,,,,115.811531,32.900890
相隐寺,汉语系,释界山,1991年,安徽省,合肥市,巢湖市,安徽省合肥市巢湖市黄麓镇建麓村,相隐寺座落于安徽省巢湖市黄麓镇西黄山腹地，交通便利，距合肥市和巢湖市均不足一个时辰路程。据《巢县志》记载，寺始建于唐贞观年间。旧址于西黄山东隅，原名白衣庵。,,,,117.561638,31.643892
天台禅寺,汉语系,叶宗发,年代不详,安徽省,合肥市,巢湖市,安徽省合肥市巢湖市苏湾镇坊集居委会,天台寺，又名“地藏寺”、“地藏禅寺”，位于安徽省青阳县九华山的天台峰顶，海拔1306米，为九华山位置最高的寺院。因天台是佛教徒朝拜地藏圣迹必到之处地，所以往往将天台称为九华山主峰，有到九华“不上天台，等于白来”之说。另在河北、湖北等地有同名天台寺。,,,,117.904510,31.876783
报恩寺,汉语系,葛茂财,590年,安徽省,合肥市,巢湖市,安徽省合肥市巢湖市凤凰山街道紫薇洞风景区,报恩寺原名海会寺，始建于590年的隋文帝年间。海会寺祖师在周灵王太子晋曾经炼丹成仙的王乔洞内开始凿像建寺，供人礼拜、修行。,,,,117.868568,31.646299
中庙寺,汉语系,释界全,,安徽省,合肥市,巢湖市,安徽省合肥市巢湖市中庙街道中庙居委会,,,,,117.476120,31.591053
云台寺,汉语系,果成,,安徽省,合肥市,巢湖市,安徽省合肥市巢湖市卧牛山街道贾塘社区,,,,,117.848312,31.617323
云秀禅寺,汉语系,释弥霞,,安徽省,合肥市,巢湖市,安徽省合肥市巢湖市银屏镇芙蓉村,,,,,117.865921,31.503952
佛隐寺,汉语系,释智文,,安徽省,合肥市,巢湖市,安徽省合肥市巢湖市亚父街道义城居委会,,,,,117.909332,31.595882
六度寺,汉语系,妙严,,安徽省,合肥市,巢湖市,安徽省合肥市巢湖市庙岗乡瓦方村,,,,,117.681618,31.792042
六渡寺（槐林镇）,汉语系,广悟,,安徽省,合肥市,巢湖市,安徽省合肥市巢湖市槐林镇九峰村,,,,,117.592880,31.401443
华藏净寺,汉语系,储冬青,,安徽省,合肥市,巢湖市,安徽省合肥市巢湖市中庙街道姥山岛,,,,,117.449562,31.564342
南圣宫,汉语系,孙照宝,,安徽省,合肥市,巢湖市,安徽省合肥市巢湖市银屏镇芙蓉村,,,,,117.865921,31.503952
南海玉佛寺,汉语系,慧如,,安徽省,合肥市,巢湖市,安徽省合肥市巢湖市亚父街道义城居委会,,,,,117.909332,31.595882
圆照寺,汉语系,谢益纪,,安徽省,合肥市,巢湖市,安徽省合肥市巢湖市槐林镇武山居委会,,,,,117.610474,31.428173
圆通禅寺,汉语系,释弥定,,安徽省,合肥市,巢湖市,安徽省合肥市巢湖市银屏镇吕婆村,,,,,117.839249,31.557812
塔影庵,汉语系,释传果,,安徽省,合肥市,巢湖市,安徽省合肥市巢湖市亚父街道洗耳池社区,,,,,117.877533,31.594120
大力寺,汉语系,弥贤,,安徽省,合肥市,巢湖市,安徽省合肥市巢湖市半汤街道力寺村,,,,,117.901497,31.653511
天池寺,汉语系,范庆海,,安徽省,合肥市,巢湖市,安徽省合肥市巢湖市银屏镇白牡村,,,,,117.879784,31.513681
天绘寺,汉语系,暂缺,,安徽省,合肥市,巢湖市,安徽省合肥市巢湖市银屏镇方山村,,,,,117.854561,31.552383
定林寺,汉语系,袁志法,,安徽省,合肥市,巢湖市,安徽省合肥市巢湖市凤凰山街道黎明社区,,,,,117.873375,31.607754
宝通禅寺,汉语系,赵仁和,,安徽省,合肥市,巢湖市,安徽省合肥市巢湖市天河街道黄窑村,,,,,117.805542,31.565392
小东庙,汉语系,李永远,,安徽省,合肥市,巢湖市,安徽省合肥市巢湖市槐林镇沐集居委会小堂庙村,,,,,117.614143,31.416210
尖山寺,汉语系,释仁本,,安徽省,合肥市,巢湖市,安徽省合肥市巢湖市庙岗乡尖山村,,,,,117.654060,31.783932
极乐庵,汉语系,高文淑,,安徽省,合肥市,巢湖市,安徽省合肥市巢湖市亚父街道义城居委会,,,,,117.909332,31.595882
甘泉寺,汉语系,弥超,,安徽省,合肥市,巢湖市,安徽省合肥市巢湖市散兵镇姥山村,,,,,117.703552,31.473541
甘露寺,汉语系,汤存英,年代不详,安徽省,合肥市,巢湖市,安徽省合肥市巢湖市夏阁镇万山村,,,,,117.855522,31.674952
白衣庵,汉语系,法超,年代不详,安徽省,合肥市,巢湖市,安徽省合肥市巢湖市亚父街道义城居委会,,,,,117.909332,31.595882
竺城寺,汉语系,王艾,,安徽省,合肥市,巢湖市,安徽省合肥市巢湖市黄麓镇周黄村,,,,,117.575218,31.602840
茶庵,汉语系,释润莲,,安徽省,合肥市,巢湖市,安徽省合肥市巢湖市夏阁镇竹柯村,,,,,117.842392,31.687231
莲花寺,汉语系,房军,,安徽省,合肥市,巢湖市,安徽省合肥市巢湖市散兵镇高林居委会,,,,,117.751198,31.530571
藏佛寺,汉语系,范守柱,,安徽省,合肥市,巢湖市,安徽省合肥市巢湖市散兵镇大岭村,,,,,117.815804,31.506512
西圣寺,汉语系,智藏,,安徽省,合肥市,巢湖市,安徽省合肥市巢湖市卧牛山街道西圣社区,,,,,117.852791,31.601532
观音净寺,汉语系,袁洪田,,安徽省,合肥市,巢湖市,安徽省合肥市巢湖市柘皋镇合浦村,,,,,117.730827,31.787622
观音禅寺,汉语系,苏团,,安徽省,合肥市,巢湖市,安徽省合肥市巢湖市中庙街道中庙居委会,,,,,117.476120,31.591053
青龙寺,汉语系,袁广敏,明洪武年间,安徽省,合肥市,巢湖市,安徽省合肥市巢湖市苏湾镇小季村,,,,,117.820938,31.879301
鼓山寺,汉语系,释智文,,安徽省,合肥市,巢湖市,安徽省合肥市巢湖市亚父街道义城居委会,,,,,117.909332,31.595882
龙兴寺,汉语系,李猛,,安徽省,合肥市,巢湖市,安徽省合肥市巢湖市散兵镇大岭村,,,,,117.815804,31.506512
念佛堂,汉语系,释传果,,安徽省,合肥市,巢湖市,安徽省合肥市巢湖市柘皋镇建和村,,,,,117.776382,31.798431
慈航殿,汉语系,法缘,,安徽省,合肥市,巢湖市,安徽省合肥市巢湖市银屏镇钓鱼村,,,,,117.932426,31.524599
慈隐净寺,汉语系,福中,,安徽省,合肥市,巢湖市,安徽省合肥市巢湖市亚父街道义城居委会,,,,,117.909332,31.595882
接引庵,汉语系,释了愿,,安徽省,合肥市,巢湖市,安徽省合肥市巢湖市亚父街道义城居委会,,,,,117.909332,31.595882
甘露寺,汉语系,田先美,年代不详,安徽省,合肥市,肥东县,安徽省合肥市肥东县撮镇镇华光村大姚组,甘露寺，位于肥东撮镇的华光村，相传它同样也是一座始建于宋代的寺庙。,,,,117.439644,31.811222
龙泉寺,汉语系,释智光,,安徽省,合肥市,肥东县,安徽省合肥市肥东县桥头集镇龙泉村龙泉山,从安徽省省会合肥东行15公里，便是绵延数十里的大别山余脉―――龙泉山。龙泉山海拔二百八十一点五米，位于肥东县桥头集镇，为当地群山之首。龙泉山所以得名龙泉，皆因山腰有清澈古泉绵延千年而不绝。龙泉之水常年保持18度，甘甜爽口，有23种对人体有益的矿物质和微量元素。《古今图书集成庐州山川》载：山腰寺内有“龙泉，清澈萦流至山下，故曰龙泉山”。唐朝张又新著有《煮茶水记》，评价此泉为“庐州第一水”。从龙泉寺中“龙嘴”汩汩而出的龙泉之水，涓涓成流，常年不断，滋养着方圆数十里的农田村民。北宋文学家欧阳修于庆历五年（1045年）任滁州太守时，慕名前来龙泉山，品尝甘泉之后，立即将龙泉列为“天下第十三泉”，并立碑记事。,,,,117.548317,31.805359
万寿寺,汉语系,孙宏庆,,安徽省,合肥市,肥东县,安徽省合肥市肥东县撮镇镇振兴村电站组,,,,,117.488533,31.804552
大山庙,汉语系,韩刚,,安徽省,合肥市,肥东县,安徽省合肥市肥东县石塘镇浮槎山,,,,,117.660553,31.843895
妙莲寺,汉语系,陈克英,,安徽省,合肥市,肥东县,安徽省合肥市肥东县撮镇镇华光村大姚组,,,,,117.439644,31.811222
定光寺,汉语系,孙明生,,安徽省,合肥市,肥东县,安徽省合肥市肥东县店埠镇定光社区,,,,,117.487816,31.877247
演法禅寺,汉语系,刘绍锋,,安徽省,合肥市,肥东县,安徽省合肥市肥东县古城镇岱山湖,,,,,117.859520,32.151821
邑棠寺,汉语系,周岚,,安徽省,合肥市,肥东县,安徽省合肥市肥东县撮镇镇新安村宋村组,,,,,117.439651,31.832666
马政寺,汉语系,晏行所,,安徽省,合肥市,肥东县,安徽省合肥市肥东县众兴乡华光村,,,,,117.399452,32.043823
万年禅寺,汉语系,宏学,,安徽省,合肥市,肥西县,安徽省合肥市肥西县三河镇街道,,,,,117.251770,31.514890
华城寺,汉语系,郭希荣,,安徽省,合肥市,肥西县,安徽省合肥市肥西县山南镇华山村,,,,,116.828247,31.654581
大观音庵,汉语系,界心,,安徽省,合肥市,肥西县,安徽省合肥市肥西县桃花工业园丹霞路292号,,,,,117.159729,31.729086
宝筏寺,汉语系,张文建,,安徽省,合肥市,肥西县,安徽省合肥市肥西县山南镇山南街道,,,,,116.885350,31.621460
小丰寺,汉语系,高升,,安徽省,合肥市,肥西县,安徽省合肥市肥西县严店乡革三村,,,,,117.274384,31.613911
百神寺,汉语系,释隆威,,安徽省,合肥市,肥西县,安徽省合肥市肥西县官亭镇杨拐村,,,,,116.859253,31.787842
西庐寺,汉语系,界心,,安徽省,合肥市,肥西县,安徽省合肥市肥西紫蓬山管委会,,,,,117.013382,31.729811
观音寺,汉语系,张宏珍,,安徽省,合肥市,肥西县,安徽省合肥市肥西县紫蓬山管委会,,,,,117.013382,31.729811
开福寺,汉语系,释圆藏,,安徽省,合肥市,高新区,安徽省合肥市高新区玉兰大道77号,开福寺，位于安徽省省会合肥市西郊大蜀山之南麓，是唐代蜀僧慧满法师卓锡弘化之所。,,,,117.185083,31.833379
城隍庙,汉语系,卢利国,年代不详,安徽省,合肥市,庐江县,安徽省合肥市庐江县庐城镇塔山社区,为清代庐州府庙，始建于北宋皇佑三年（1051），占地4000平方米，建筑面积2000平方米。整体建筑群融古典美与现代美于一体，达到了观赏与实用的完美统一，堪称庐阳一景。城隍古代汉民族宗教文化中普遍崇祀的重要神祇之一，大多由有功于地方民众的名臣英雄充当，是汉族民间和道教信奉守护城池之神。,,,,117.286377,31.260698
实际禅寺,汉语系,卢利国,唐昭宗光化元年（898年）,安徽省,合肥市,庐江县,安徽省合肥市庐江县冶父山镇冶父山社区,实际禅寺，位于安徽省庐江县东北冶父山东部南麓，为唐代伏虎禅师创建，修建于唐昭宗光化元年（898年），有一千多年的历史，屡历沧桑，几经兴衰。现为省级重点寺观、县级重点文物保护单位。宋代赐额曰“实际禅寺”。元代泰定年间（1324－1328）僧聪再予修建。明代永乐、正统年间，僧兴智、大宁重修。成化、弘治年间，僧方珍、明善续修。清代顺治四年（1647），僧星朗增建石廊、山门及禅堂。咸丰年间，寺遭兵燹。光绪四年（1878），僧如亭、能持、文华募化，并得邑绅吴长庆助资，修建斋堂一间，寮房十余间。实际禅寺共三进，大殿面宽18.46米，通进深12.55米。天王殿，山门在1988-1989年由群众集资修缮。天王殿匾额为中国佛教协会会长赵朴初所书。“大雄宝殿”四字，出自赵朴初手书。,,县级重点文物保护单位,,117.333885,31.269855
莲屏庵,汉语系,释智平,年代不详,安徽省,合肥市,庐江县,安徽省合肥市庐江县罗河镇店桥社区安洼组,莲屏庵，坐落在安徽省庐江南乡店桥乡境内的莲屏山脚下。,,,,117.355682,30.992413
祠山殿,汉语系,果信,年代不详,安徽省,合肥市,庐江县,安徽省合肥市庐江县矾山镇钟山社区,祠山殿，又叫祠山寺，位于安徽省广德县城关镇横山。据祠山志载，祠山殿昭德宫始建于西汉宣帝神爵3年（公元前59年）。,,,,117.426643,31.099197
金刚寺,汉语系,卢利国,,安徽省,合肥市,庐江县,安徽省合肥市庐江县庐城镇高拐社区城中路,安徽省庐江县金刚寺，在庐江县城四牌楼西侧，始建于（公元898年）唐光化元年，故原名光化寺。为淮南节度使、吴王杨行密舍宅改建，因寺内有金刚院，后易名金刚寺。寺成立后，吴王因慕伏虎禅师之名，聘其为首任住持。,,,,117.289307,31.241013
三官庙,汉语系,徐长红,,安徽省,合肥市,庐江县,安徽省合肥市庐江县盛桥镇沈家桥社区,,,,,117.496445,31.393404
三宝寺,汉语系,吴成宜,,安徽省,合肥市,庐江县,安徽省合肥市庐江县乐桥镇檀巷村普济山,,,,,117.141068,31.154951
云雾寺,汉语系,吕国长,,安徽省,合肥市,庐江县,安徽省合肥市庐江县矾山镇双庙村,,,,,117.408112,31.033911
伏虎禅寺,汉语系,潘祖符,,安徽省,合肥市,庐江县,安徽省合肥市庐江县冶父山镇冶父山社区,,,,,117.333885,31.269855
光明寺,汉语系,开智,,安徽省,合肥市,庐江县,安徽省合肥市庐江县龙桥镇新建村铜盆山,,,,,117.505394,31.115822
北辰庙,汉语系,郭美仙,,安徽省,合肥市,庐江县,安徽省合肥市庐江县龙桥镇梅林村时畈组,,,,,117.466225,31.151472
南阳寺,汉语系,左从怀,,安徽省,合肥市,庐江县,安徽省合肥市庐江县金牛镇古城社区金牛山,,,,,117.223480,31.397491
圣墩寺,汉语系,释开明,,安徽省,合肥市,庐江县,安徽省合肥市庐江县白湖镇梅山村,,,,,117.480392,31.196321
地王庙,汉语系,王福强,,安徽省,合肥市,庐江县,安徽省合肥市庐江县庐城镇塔山社区越城中路,,,,,117.286377,31.260698
地藏庵,汉语系,吴定凤,,安徽省,合肥市,庐江县,安徽省合肥市庐江县郭河镇施湾村塘月组,,,,,117.267044,31.450972
大观音庵,汉语系,徐长红,,安徽省,合肥市,庐江县,安徽省合肥市庐江县郭河镇北圩村孙墩组,,,,,117.241180,31.471432
如意庵,汉语系,梁素勤,,安徽省,合肥市,庐江县,安徽省合肥市庐江县乐桥镇金桥村庙心组,,,,,117.129509,31.121572
宝筏庵,汉语系,智纳,,安徽省,合肥市,庐江县,安徽省合肥市庐江县庐城镇塔山社区丝绸路,,,,,117.286377,31.260698
宣公寺,汉语系,高家德,,安徽省,合肥市,庐江县,安徽省合肥市庐江县白山镇金沈村,,,,,117.399422,31.480082
将军庙,汉语系,高家德,1958年1月,安徽省,合肥市,庐江县,安徽省合肥市庐江县同大镇常丰村南河7组,,,,,117.314407,31.482323
广福寺,汉语系,高家德,,安徽省,合肥市,庐江县,安徽省合肥市庐江县石头镇石头社区紫鸣山,,,,,117.269707,31.422861
庆复禅寺,汉语系,释广慧,,安徽省,合肥市,庐江县,安徽省合肥市庐江县同大镇新河村6组,,,,,117.327499,31.521940
望佛寺,汉语系,张业常,,安徽省,合肥市,庐江县,安徽省合肥市庐江县龙桥镇新建村下姚组,,,,,117.505394,31.115822
栖霞寺,汉语系,白兆荣,,安徽省,合肥市,庐江县,安徽省合肥市庐江县柯坦镇柿树村务坊村民组,,,,,117.220634,31.177921
正德寺,汉语系,释智平,,安徽省,合肥市,庐江县,安徽省合肥市庐江县罗河镇东风村钱岗组,,,,,117.320351,31.013990
正觉寺（老音庵）,汉语系,马更生,,安徽省,合肥市,庐江县,安徽省合肥市庐江县庐城镇岗湾社区,,,,,117.289124,31.244171
汪圣庙,汉语系,正根,,安徽省,合肥市,庐江县,安徽省合肥市庐江县庐城镇附城社区汪庙组,,,,,117.291229,31.226711
泗州庵,汉语系,胡海舟,,安徽省,合肥市,庐江县,安徽省合肥市庐江县汤池镇大塘村限冲组,,,,,117.084404,31.320160
灵泉寺,汉语系,释智平,,安徽省,合肥市,庐江县,安徽省合肥市庐江县罗河镇鲍店村扇面山,,,,,117.392632,30.982321
玉泉寺,汉语系,王福强,,安徽省,合肥市,庐江县,安徽省合肥市庐江县汤池镇大塘村限冲组,,,,,117.084404,31.320160
王爷庙,汉语系,智霞,,安徽省,合肥市,庐江县,安徽省合肥市庐江县同大镇南闸村东沙8组,,,,,117.379860,31.486891
甘露寺,汉语系,慧光,年代不详,安徽省,合肥市,庐江县,安徽省合肥市庐江县庐城镇塔山社区,,,,,117.286377,31.260698
白云禅寺,汉语系,王福强,,安徽省,合肥市,庐江县,安徽省合肥市庐江县汤池镇果树村二鼓峰,,,,,117.076332,31.282291
石相寺,汉语系,汪美英,,安徽省,合肥市,庐江县,安徽省合肥市庐江县罗河镇墩子村陶墩组,,,,,117.280968,31.054100
莹山寺,汉语系,丁传兵,,安徽省,合肥市,庐江县,安徽省合肥市庐江县石头镇邱岗村,,,,,117.273239,31.373251
观音庵（泥河镇）,汉语系,果严,,安徽省,合肥市,庐江县,安徽省合肥市庐江县泥河镇大岭村大泊组,,,,,117.340332,31.082460
观音庵（罗河镇）,汉语系,本菊,,安徽省,合肥市,庐江县,安徽省合肥市庐江县罗河镇罗河社区草元组,,,,,117.293655,31.011555
观音禅寺,汉语系,李帮周,,安徽省,合肥市,庐江县,安徽省合肥市庐江县龙桥镇盆形村,,,,,117.371407,31.106522
迎水庵,汉语系,释本恒,,安徽省,合肥市,庐江县,安徽省合肥市庐江县万山镇永桥村,,,,,117.232880,31.302570
青松庵,汉语系,释净意,,安徽省,合肥市,庐江县,安徽省合肥市庐江县泥河镇泥河社区,,,,,117.310387,31.084318
青莲寺,汉语系,张光辉,,安徽省,合肥市,庐江县,安徽省合肥市庐江县泥河镇八里村,,,,,117.318558,31.061563
青龙庵,汉语系,永秀,,安徽省,合肥市,庐江县,安徽省合肥市庐江县冶父山镇夏岗村,,,,,117.334740,31.270693
黄龙庵,汉语系,陶凤花,,安徽省,合肥市,庐江县,安徽省合肥市庐江县罗河镇黄龙村倪庄组,,,,,117.377472,30.962902
龙华寺,汉语系,释开明,,安徽省,合肥市,庐江县,安徽省合肥市庐江县万山镇闸山村林场,,,,,117.217567,31.310881
龙天寺,汉语系,释满林,,安徽省,合肥市,庐江县,安徽省合肥市庐江县乐桥镇大化村龙王顶,,,,,117.178902,31.113941
龙泉禅寺,汉语系,释圣学,,安徽省,合肥市,庐江县,安徽省合肥市庐江县罗河镇鲍店村黄山寨,,,,,117.392632,30.982321
普佛寺,汉语系,胡世停,,安徽省,合肥市,庐江县,安徽省合肥市庐江县乐桥镇黄山村革新林场,,,,,117.146751,31.092449
普明禅寺,汉语系,鲍传胜,,安徽省,合肥市,庐江县,安徽省合肥市庐江县郭河镇三塘村朱庄组,,,,,117.094994,31.392740
晴雪寺,汉语系,孟庆达,,安徽省,合肥市,庐江县,安徽省合肥市庐江县白山镇白山社区,,,,,117.382576,31.469604
月潭庵,汉语系,释界慧,年代不详,安徽省,合肥市,庐阳区,安徽省合肥市庐阳区桐城路97号,月潭庵位于合肥市桐城路21号。据《合肥县志》载：“月潭庵，在南门内，康熙四十五年（1706年）重修，有邑人黄际会碑记，旧志唐建。”原为一座规模较大的佛教庵堂，坐北朝南，东临今桐城路。有山门、大殿、观音殿、修道房四进。一进山门，四间，原有哼哈二将；二进大殿，六间，原供释迦、药师、弥陀三尊大佛；三进观音殿，六间，原供观音、文殊、普贤三尊菩萨；四进修道房，四间，每进两边各有厢房，合计共有砖木结构的平瓦房三十余间。,,,,117.280980,31.854950
明教寺,汉语系,释妙安,南朝梁武帝年间（502～549年）,安徽省,合肥市,庐阳区,安徽省合肥市庐阳区淮河路44号,明教寺坐落于安徽省合肥市淮河路东段，始建于南朝梁时，迄今已有1700余年历史。原名铁佛寺，又称明教台、曹操点将台。,,,,117.296000,31.864610
宝莲寺,汉语系,释浩莲,,安徽省,合肥市,庐阳区,安徽省合肥市庐阳区淮河路42号,,,,,117.296520,31.864660
莲花庵,汉语系,释昌慧,,安徽省,合肥市,庐阳区,安徽省合肥市庐阳区环城西路（永红路1号）,,,,,117.273684,31.855419
龙云寺,汉语系,释慧莲,,安徽省,合肥市,瑶海区,安徽省合肥市瑶海区长江东路二十埠龙岗,龙云寺位处安徽省合肥市长江东路长江批发市场旁，人流川行热闹非凡。寺建于此，用意深远。于闹市中取寂静，从繁复里入幽远，不藏于深山只因在世弘法；不隐于密林但为济世救人。钟声浑厚，发人深省；梵音悠远，引人向善。然大殿虽成，怎容得此地多方香客礼佛参学后殿狭窄，法会时千百善男信女朝拜时拥挤何奈扩建已成当务之急，承蒙佛力加被，寺中僧众齐心，佛协及当地政府大力支持，十方善信乐助，龙云寺宏伟蓝图已然拟成。,,,,117.359894,31.868423
吴山寺,汉语系,韩建,年代不详,安徽省,合肥市,长丰县,安徽省合肥市长丰县吴山镇街道,,,,,117.078911,32.064262
普门寺,汉语系,王洪,,安徽省,淮北市,杜集区,安徽省淮北市杜集区高岳街道办事处博庄社区,,,,,116.823929,33.975727
青龙寺,汉语系,陈庆侠,明洪武年间,安徽省,淮北市,烈山区,安徽省淮北市烈山区宋疃镇新园村,青龙寺位于安徽省淮北市宋疃镇东青龙山南麓，依山而建，座北朝南。此山为徐州山峰余脉，东与虎山对峙，山有九峰，状若莲花，又名九朵莲花山。青龙寺历史悠久，至今已有1700多年历史。传说初为三国时期蒋干后裔祠堂，明洪武年间改建为青龙寺。寺后平地上有十余座坟丘叫蒋家林，至今尚有痕迹。,,,,116.939484,33.846104
回龙禅寺,汉语系,释仁智,,安徽省,淮北市,烈山区,安徽省淮北市烈山区宋疃镇马桥村,,,,,116.904160,33.837433
泰山寺,汉语系,欧阳昌胜,,安徽省,淮北市,烈山区,安徽省淮北市烈山区南湖湿地公园,,,,,116.823349,33.907482
龙圣寺,汉语系,释广仁,年代不详,安徽省,淮北市,濉溪县,安徽省淮北市濉溪县濉溪镇南关乾隆湖公园东侧,龙圣寺有浙江省温州龙圣寺、安徽省淮北市濉溪县龙圣寺、北京房山龙圣寺（青龙湖镇口头村西山）、辽宁义县龙圣寺。,,,,116.784271,33.908363
双堆念佛堂,汉语系,暂缺,,安徽省,淮北市,濉溪县,安徽省淮北市濉溪县双堆集镇邹圩村邹圩庄,,,,,116.870598,33.431789
百善念佛堂,汉语系,赵志国,1995-11-09,安徽省,淮北市,濉溪县,安徽省淮北市濉溪县百善镇百善村百善街西,,,,,116.669670,33.784359
菩提寺,汉语系,路锦娟,2004-12-25,安徽省,淮北市,濉溪县,安徽省淮北市濉溪县濉溪镇蒙村蒙村庄西,,,,,116.725182,33.941669
显通寺,汉语系,释慧开,年代不详,安徽省,淮北市,相山区,安徽省淮北市相山区相山公园,显通寺位于相山龙山、虎山两峰之峪。俗称相山庙，又称显济王庙。至今已历尽人间1700多年的沧桑。现在的庙宇是依明清建筑风格修复的，为安徽省重点文物保护单位。,,,国家AAAA级旅游景区,116.796051,33.978882
三义寺,汉语系,任梅,,安徽省,淮北市,相山区,安徽省淮北市相山区任圩办事处余庄社区,,,,,116.823486,33.966923
原圣寺,汉语系,孙志模,,安徽省,淮南市,,安徽省淮南市毛集实验区夏集镇立新村,,,,,116.543762,32.668221
明德寺,汉语系,毛传文,,安徽省,淮南市,,安徽省淮南市毛集实验区毛集镇中心社区农民公园内,,,,,116.635315,32.644196
白塔寺,汉语系,释性空,年代不详,安徽省,淮南市,八公山区,安徽省淮南市八公山区妙山林场妙华山,安徽省淮南市白塔寺位于国家AAAA级风景区八公山内，始建于北宋，后来全部被毁，现在的寺庙是1999年重建，占地面积约3000平方米。白塔寺为八公山中历史古刹，回廊内嵌贴金砖雕五百罗汉图，格调独特；山麓由40余座峰峦叠嶂而成，方圆200多平方公里，整座寺院耸立于青山绿树之间，气势宏伟，做工精美。,,,国家AAAA级旅游景区,116.792831,32.653442
龙锦寺,汉语系,毛传文,,安徽省,淮南市,八公山区,安徽省淮南市八公山区李冲回族乡毛冲村,,,,,116.772598,32.677040
北洞山观音寺,汉语系,杨涛,,安徽省,淮南市,大通区,安徽省淮南市大通区上窑镇森林公园内,,,,,117.165192,32.726707
田家庵老佛堂,汉语系,释宗霖,,安徽省,淮南市,田家庵区,安徽省淮南市田家庵区淮滨街道光华街20号,,,,,117.023392,32.665981
翠微寺,汉语系,释演龙,清朝,安徽省,黄山市,黄山区,安徽省黄山市黄山区焦村镇陈村村,翠微寺位于安徽省黄山翠微峰下。唐中和三年（883年）始建。当时有一天竺（古印度）麻衣和尚由四川东下至黄山，在此定居结茅，自组织麻为衣，挖蕨根、采野果为食，趺坐诵经。当地山民为其盖寺一座，名“麻衣道场”。,,,,118.082176,30.176292
复松寺,汉语系,刘祥喜,,安徽省,黄山市,黄山区,安徽省黄山市黄山区太平湖镇和平村,,,,,117.999794,30.326921
永庆禅林,汉语系,释慧朗,,安徽省,黄山市,黄山区,安徽省黄山市黄山区乌石镇长芦村,,,,,117.985878,30.248911
西峰寺,汉语系,焦成,年代不详,安徽省,黄山市,黄山区,安徽省黄山市黄山区乌石镇舒溪村,,,,,117.944397,30.261681
钟山寺,汉语系,释安静,,安徽省,黄山市,黄山区,安徽省黄山市黄山区甘棠镇兴村村,,,,,118.088020,30.274132
重兴古禅寺,汉语系,果明,,安徽省,黄山市,祁门县,安徽省黄山市祁门县县城三眼井,,,,,118.438644,29.863071
太平兴国寺,汉语系,沈进,,安徽省,黄山市,歙县,安徽省黄山市歙县徽城镇披云路4号,,,,,118.436854,29.859560
慈光禅寺,汉语系,潘忠爱,,安徽省,黄山市,歙县,安徽省黄山市歙县雄村乡雄村,,,,,118.444351,29.821011
龙山寺,汉语系,释成中,年代不详,安徽省,黄山市,屯溪区,安徽省黄山市屯溪区黎阳镇小龙山,龙山寺位于屯溪小龙山景区内，该寺始建于唐，原名“仁寿寺”，历来为佛教活动圣地，明代弘治年间（1488—1506）、清代道光年间（1821—1851）和民国三十四年（1945年）三次重修。1986年，古庙再次得到修复。龙山寺是徽州的风水宝地，龙脉所在地，也是黄山屯溪佛教最早期的发源地。龙山寺主殿供奉“千手千眼观音菩萨”，西边是地藏王菩萨殿，东边是弥勒殿和南海观音殿。据传龙山寺的菩萨颇为灵验，所以香火甚旺。寺院的规模不大，但是小巧精致，主殿背倚的小龙山，也是大自然的造化，自然的造化仿若假山一般，别具观赏性。寺院依小龙山而建，背倚龙头，主殿供千手观音菩萨，据说是比较灵验的寺院，香火很旺，当地人每逢初一、十五来寺院烧香拜佛求佛祖保佑。主殿前有一口大钟，据讲为武则天所建，压制龙脉，保住自己的权位，现存的大钟是当地人捐款仿制的,,,,118.287262,29.704092
鬲山寺,汉语系,释印修,,安徽省,黄山市,屯溪区,安徽省黄山市屯溪区黎阳镇鬲山,,,,,118.287262,29.704092
梓路寺,汉语系,释明奘,公元843年,安徽省,黄山市,黟县,安徽省黄山市黟县宏村镇际村排林组,梓路寺原建于唐会昌3年（公元843年），位于现黄山市黟县宏村奇墅湖临近，规模宏大，建筑奇伟，环境清爽深幽。当年曾经香火旺盛，信众如云。后因年久失修，陆续倒塌。2003年重建。重建的梓路寺位于世界文化遗产地——宏村约3公里的梓岭山湾里。由北京中坤投资集团捐资8000万元重建，9层罗汉塔参考了国内外200多座建筑样式，按照唐代中期建筑风格设计，四方造型，建筑高度55.6米。其背靠象鼻峰，左面山脉似青龙，右面山脉似白虎，正前方有四层屏风和两座卧佛峰，脚下奇墅湖3000亩水面波光如镜，是一处绝佳的禅修圣地。重建项目分为宗教生活区、禅修区和学苑区三大部分，目前第一期工程主体结构即将完成，包括山门殿、天王殿、钟楼、鼓楼、大雄宝殿以及罗汉塔、藏经楼、接引殿、药师殿、方丈室、大寮、云水寮等，。,,,,118.013847,30.042051
华严寺,汉语系,苏宏侠,,安徽省,六安市,霍邱县,安徽省六安市霍邱县城关镇西坛社区,,,,,116.265419,32.334751
莲花寺,汉语系,苏宏侠,,安徽省,六安市,霍邱县,安徽省六安市霍邱县马店镇茶庵村,,,,,115.924057,32.202850
观音阁,汉语系,释圆通,年代不详,安徽省,六安市,霍邱县,安徽省六安市霍邱县城关镇文昌社区,,,,国家AAAAA级风景名胜古迹旅游景区,116.268494,32.334984
南岳庙,汉语系,程从灯,,安徽省,六安市,霍山县,安徽省六安市霍山县衡山镇上元街村九桠树组,南岳庙位于安徽省霍山县境内的霍山，距霍山县城3公里，道教古迹，始建于汉代，历代修葺，现存建筑是清代所建，规模宏大。庙内立有自汉至清碑刻20个，包括唐皮日休南岳山赋碑、明建文帝建文元年（1399年）遣使祭告霍山碑。,,,,116.326431,31.389357
护国寺,汉语系,曹先根,年代不详,安徽省,六安市,霍山县,安徽省六安市霍山县诸佛庵镇西石门村西石门组,护国寺位于霍山县诸佛庵镇西，距集镇两公里，与霍山“八景”之一的“崇山瀑布”南北对峙，古庙始于唐，兴于宋，鼎盛于清朝及民国，于文革中被毁，新庙于1997年开始重建，现已初具规模，常年香火旺盛，游客络绎不绝。,,,,116.107887,31.405941
东观禅院,汉语系,程彬,,安徽省,六安市,霍山县,安徽省六安市霍山县但家庙镇观音岩村岭坎组,,,,,116.434219,31.503281
九龙寺,汉语系,何其兵,,安徽省,六安市,霍山县,安徽省六安市霍山县佛子岭镇佛子岭社区庙冲组,,,,,116.259682,31.355175
白云庵,汉语系,徐仁安,,安徽省,六安市,霍山县,安徽省六安市霍山县落儿岭镇白云庵村山包组,,,,,116.178680,31.344851
昭庆寺,汉语系,释开妙,五代时,安徽省,六安市,金安区,安徽省六安市金安区孙岗镇昭庆村长庄组,昭庆寺位于安徽省六安市金安区孙岗镇昭庆村，坐落在长江、淮河分水岭之顶。,,,,116.709038,31.608103
大华山云峰寺,汉语系,释慧开,,安徽省,六安市,金安区,安徽省六安市金安区东河口镇华山村河口组,云峰寺位于六安市区南56公里处的东河口镇大华山，地处舒城、霍山、六安三县交界处。大华山云峰寺始建于唐代，相传唐永徽四年（公元653年），古新罗国（今韩国）太子金乔觉西渡中国学经修行，首选六安番山（今小华山）为道场，因坐禅地陷，在大华山建庙一座，名云峰寺。该寺于1993年重建，赵朴初题写“大华山云峰寺”匾额。每年农历二月、六月、九月的十九日庙会期间，来自皖豫苏鄂的香客逾万人。,,,,116.633919,31.387421
普救禅寺,汉语系,释传悟,年代不详,安徽省,六安市,金安区,安徽省六安市金安区孙岗镇红堰村庙咀组,安徽省六安市普救禅寺原名石家庄普救禅寺，始建于南宋，距今已有一千多年历史。据元徐硕所撰《至元嘉禾志》记载：“普救禅寺，在县东三十六里，考证有荒废寺基。宋显德五年，百姓茆承翰、申汉南、王乞，于古迹寺基立名。宋治平元年（公元1064年）十一月改今名。”,,,,116.637222,31.627502
双蟾寺,汉语系,慧基,,安徽省,六安市,金安区,安徽省六安市金安区东河口镇嵩嶚岩村岩湾组,,,,,116.519684,31.429213
古城寺,汉语系,崔从玉,,安徽省,六安市,金安区,安徽省六安市金安区横塘岗乡古城寺村,,,,,116.543724,31.540091
天福禅寺,汉语系,张德久,,安徽省,六安市,金安区,安徽省六安市金安区张店镇洪山村,,,,,116.562752,31.490900
宝塔寺,汉语系,释隆厚,,安徽省,六安市,金安区,安徽省六安市金安区东市街道五里墩社区,,,,,116.522904,31.754141
小南海寺,汉语系,释昌庭,,安徽省,六安市,金安区,安徽省六安市金安区中市街道红街,,,,,116.504055,31.751822
极乐寺,汉语系,王玉芬,,安徽省,六安市,金安区,安徽省六安市金安区横塘岗乡百子庵村,,,,,116.504601,31.558941
观音庵,汉语系,释续超,年代不详,安徽省,六安市,金安区,安徽省六安市金安区马头镇街道,,,,,116.557320,32.022331
雪峰岩云居寺,汉语系,释果标,,安徽省,六安市,金安区,安徽省六安市金安区横塘岗乡凤凰台村,,,,,116.522171,31.494520
马栅寺,汉语系,胡华连,,安徽省,六安市,金安区,安徽省六安市金安区施桥镇马安山村,,,,,116.708649,31.509874
弥陀寺,汉语系,空一,年代不详,安徽省,六安市,金安区,安徽省六安市金安区毛坦厂镇李家冲村,,,,国家AAA级旅游景区,116.566658,31.336933
慈峰禅寺,汉语系,侯仁六,,安徽省,六安市,金安区,安徽省六安市金安区双河镇高峰村,,,,,116.792862,31.504723
响山寺,汉语系,释惟智,年代不详,安徽省,六安市,金寨县,安徽省六安市金寨县槐树湾乡响山寺村庙湾组,响山寺位于安徽省六安市金寨县中部，槐树湾、双石、古碑交界处。历史碑文记载，该寺原系唐建中四年（783）段太尉秀实舍宅兴建。在槐湾乡境内，距县城梅山约六十华里，国民革命军陆军上将廖磊之墓垒于寺后。一九八四年安徽省人民政府批准此寺为省级文物保护单位。据传说，在很久以前有一游方和尚化缘来此，不化钱，不化物，而是化一领袈裟之地建庙。此和尚将一领袈裟旋于空中，落下时，覆盖了一大片山峦丘壑遂惨淡经营，建立了响山寺。响山寺属南宗派南岳系的临济宗。,,,,115.797050,31.514681
头灵寺,汉语系,释惟持,,安徽省,六安市,金寨县,安徽省六安市金寨县汤家汇镇斗林村杨树组,,,,,115.562340,31.601032
水晶寺,汉语系,释果义,,安徽省,六安市,金寨县,安徽省六安市金寨县麻埠镇响洪甸村水晶庵组,,,,,116.162500,31.560050
灵山寺,汉语系,释昌悟,年代不详,安徽省,六安市,金寨县,安徽省六安市金寨县梅山镇黄林村野火冲组,,,,,115.921463,31.698301
白马寺,汉语系,释宗礼,年代不详,安徽省,六安市,金寨县,安徽省六安市金寨县天堂寨镇南河村南河组,,,,,115.804314,31.199091
报恩禅寺,汉语系,张兵,年代不详,安徽省,六安市,寿县,安徽省六安市寿县寿春镇东大街大寺巷内,报恩禅寺在国家级历史文化名城——寿县的城内东北隅。旧志说始建于唐贞观年间，旧名崇教禅院、东禅寺，明洪武间改今名。占地总面积1.47万平方米，建筑面积1.25万平方米。宋天圣间建阿育浮图（塔）。其规模“前有浮图高数丈，中为殿，殿后为阁，左右为廊，为法堂，为丈室，为钟鼓楼”。座北向南，大殿为中进。清乾隆三十三年（公元1768年）大殿遭火毁，今存大殿为乾隆四十一年（公元1776年）由准提庵僧际清倡资重修。嘉庆十六年（公元1811年）复修大殿时，建毗卢阁于殿后，移山门于中，形成以佛堂、二佛殿、大殿、毗卢阁为一直线序列，三进重院，基础渐次升高，布局严谨，主次分明，为一中国传统寺院的建筑群。,,,,116.790924,32.563351
泰山庵,汉语系,陈远梅,,安徽省,六安市,寿县,安徽省六安市寿县隐贤镇街道,,,,,116.557793,32.135620
关圣洞,汉语系,韩迎昂,年代不详,安徽省,六安市,舒城县,安徽省六安市舒城县南港镇郭店村寨圭组,关圣洞又称玉泉山，位于安徽省舒城县城西南20公里的衖西乡境内，因山中有泉水倒挂，远观美如玉柱，故又名玉泉山。,,,,116.943092,31.302782
万佛禅寺,汉语系,王平,,安徽省,六安市,舒城县,安徽省六安市舒城县万佛湖镇,,,,,116.777054,31.339470
万缘寺,汉语系,付鹏飞,,安徽省,六安市,舒城县,安徽省六安市舒城县阙店乡阴洼村管岭组,,,,,116.864311,31.345230
三皇寺,汉语系,陈中建,,安徽省,六安市,舒城县,安徽省六安市舒城县汤池镇三江村朱街组,,,,,116.821472,31.264624
五龙寺,汉语系,汪宜权,,安徽省,六安市,舒城县,安徽省六安市舒城县汤池镇西河村金冲组,,,,,116.900581,31.226402
佛缘禅寺,汉语系,查义坤,,安徽省,六安市,舒城县,安徽省六安市舒城县晓天镇三元村汪屋组,,,,,116.436531,31.135620
南岳寺,汉语系,释果文,,安徽省,六安市,舒城县,安徽省六安市舒城县春秋乡柏岗村邓庄组,,,,,116.932472,31.359268
南阎寺,汉语系,耿传柱,,安徽省,六安市,舒城县,安徽省六安市舒城县高峰乡高峰村二尖组,,,,,116.782524,31.254883
古脊寨莲花庵,汉语系,朱仁翠,,安徽省,六安市,舒城县,安徽省六安市舒城县舒茶镇小河湾村古洼组,,,,,116.987801,31.262241
同善庵,汉语系,释果琴,1997-08-06,安徽省,六安市,舒城县,安徽省六安市舒城县干汊河镇洪宕村新河组,,,,,116.870522,31.405422
复元庵,汉语系,靳成翠,,安徽省,六安市,舒城县,安徽省六安市舒城县干汊河镇复元村金石组,,,,,116.896927,31.379230
大乘寺,汉语系,许令友,,安徽省,六安市,舒城县,安徽省六安市舒城县百神庙镇官塘村桥头组,,,,,117.045952,31.411171
汪圣庙,汉语系,王富琴,,安徽省,六安市,舒城县,安徽省六安市舒城县阙店乡观山村汪庙组,,,,,116.822754,31.345663
法华寺,汉语系,廖远胜,,安徽省,六安市,舒城县,安徽省六安市舒城县河棚镇余榜村新安组,,,,,116.800201,31.223213
灵隐寺,汉语系,秦传道,,安徽省,六安市,舒城县,安徽省六安市舒城县舒茶镇沟二口村庆丰组,,,,,117.032211,31.316603
白云寺,汉语系,汪泽艮,,安徽省,六安市,舒城县,安徽省六安市舒城县春秋乡华盖村小麦岭组（华盖山顶）,,,,,116.902573,31.278091
百神禅寺,汉语系,汤兆荣,,安徽省,六安市,舒城县,安徽省六安市舒城县百神庙镇百神庙村东塘组,,,,,117.082710,31.405022
祖师庙,汉语系,陈中建,,安徽省,六安市,舒城县,安徽省六安市舒城县棠树乡新安村小闸组,,,,,116.780128,31.427153
红石岩观音寺,汉语系,徐志宏,,安徽省,六安市,舒城县,安徽省六安市舒城县高峰乡西港村红石岩组,,,,,116.726341,31.221642
莲宗寺,汉语系,陈大翠,,安徽省,六安市,舒城县,安徽省六安市舒城县汤池镇鲁畈村一耙冲村民组,,,,,116.882553,31.243382
蜈蚣尖庙,汉语系,施得兵,,安徽省,六安市,舒城县,安徽省六安市舒城县山七镇龙山村甘湾组,,,,,116.659744,31.227112
西竺庵,汉语系,释圣月,,安徽省,六安市,舒城县,安徽省六安市舒城县庐镇乡柳林村西湾组,,,,,116.801331,31.120451
观音寺（柏林乡）,汉语系,释法月,,安徽省,六安市,舒城县,安徽省六安市舒城县柏林乡石井村长塘组,,,,,116.882225,31.454918
观音庵,汉语系,释果度,年代不详,安徽省,六安市,舒城县,安徽省六安市舒城县春秋乡柏岗村邓庄组,,,,,116.932472,31.359268
路西庙,汉语系,陈乃寿,,安徽省,六安市,舒城县,安徽省六安市舒城县棠树乡路西村幸福组,,,,,116.781174,31.436934
迎水庵,汉语系,陈中建,,安徽省,六安市,舒城县,安徽省六安市舒城县庐镇乡黄柏村河东组,,,,,116.772263,31.111912
雷音禅寺,汉语系,释果文,,安徽省,六安市,舒城县,安徽省六安市舒城县春秋乡兴隆村高石组,,,,,116.881752,31.284111
香禅寺,汉语系,释圣恒,,安徽省,六安市,舒城县,安徽省六安市舒城县桃溪街道社区镇东路五金二厂内,,,,,116.997833,31.549393
龙津寺,汉语系,陈中建,,安徽省,六安市,舒城县,安徽省六安市舒城县城关镇码头街道116号,,,,,116.948700,31.462090
龙王禅寺,汉语系,释圣月,,安徽省,六安市,舒城县,安徽省六安市舒城县棠树乡寒塘村赵庄组,,,,,116.837173,31.377602
普渡寺,汉语系,韦义新,,安徽省,六安市,舒城县,安徽省六安市舒城县经济开发区三沟村同义组,,,,,116.979599,31.487862
万佛寺,汉语系,郑长兰,,安徽省,六安市,叶集试验区,安徽省六安市叶集试验区镇区办事处万佛村,,,,,115.936562,31.834227
柏林寺,汉语系,李仁文,,安徽省,六安市,叶集试验区,安徽省六安市叶集试验区镇区办事处彭台村,,,,,115.915649,31.864830
黄莲寺,汉语系,张传群,北魏,安徽省,六安市,裕安区,安徽省六安市裕安区苏埠镇黄莲村黄莲组,黄莲寺，位于六安市城西南二十公里的皖西名镇苏家埠。该寺始建于北魏，据寺内原有碑文记载，寺庙原名为“古林禅院”。唐贞观年间，太宗李世民下诏全国重建寺庙，有尉迟恭监造，该寺也在重建之列。传说重建竣工之际，庙前池塘绽开无数黄色金莲，此情上奏朝廷，太宗称之为盛世奇观，遂赐名“黄莲寺”。,,,,116.368360,31.625620
万寿寺,汉语系,陈志业,,安徽省,六安市,裕安区,安徽省六安市裕安区苏埠镇万寿村万寿组,,,,,116.368360,31.625620
三皇庙,汉语系,张兴满,,安徽省,六安市,裕安区,安徽省六安市裕安区苏埠镇大巷村庙庄组,,,,,116.368360,31.625620
东岳庙,汉语系,苏德发,年代不详,安徽省,六安市,裕安区,安徽省六安市裕安区狮子岗乡六二村东风组,,,,,116.221443,31.679792
八宝寺,汉语系,姚美珍,,安徽省,六安市,裕安区,安徽省六安市裕安区青山乡戚塘村戚塘组,,,,,116.471001,31.615211
净土寺,汉语系,释心戒,,安徽省,六安市,裕安区,安徽省六安市裕安区青山乡土门店村石堰组,,,,,116.442131,31.619230
南岳庙,汉语系,释隆林,,安徽省,六安市,裕安区,安徽省六安市裕安区狮子岗乡南岳庙居委会,,,,,116.262672,31.753981
古城寺,汉语系,张泽良,,安徽省,六安市,裕安区,安徽省六安市裕安区分路口镇古城村翁楼组,,,,,116.325628,31.755098
善庆寺,汉语系,释隆海,,安徽省,六安市,裕安区,安徽省六安市裕安区西河口乡郝集村,,,,,116.274254,31.574760
多宝庵,汉语系,王文仙,,安徽省,六安市,裕安区,安徽省六安市裕安区鼓楼街道锥子庙社区,,,,,116.492532,31.755384
太平寺,汉语系,释常坤,2003-07-15,安徽省,六安市,裕安区,安徽省六安市裕安区城南镇关王庙村太平组,,,,,116.452660,31.682156
小华山地藏寺,汉语系,释界如,,安徽省,六安市,裕安区,安徽省六安市裕安区小华山街道小华山社区,,,,,116.512291,31.728392
望江寺,汉语系,释慧生,,安徽省,六安市,裕安区,安徽省六安市裕安区西河口乡河口街道河嘴组,,,,,116.294533,31.538332
灵山寺,汉语系,苏正富,年代不详,安徽省,六安市,裕安区,安徽省六安市裕安区苏埠镇横排头村窑冲组,,,,,116.368360,31.625620
管山寺,汉语系,沈本发,,安徽省,六安市,裕安区,安徽省六安市裕安区石婆店镇石婆店村吴大庄组,,,,,116.146290,31.669440
紫竹禅林,汉语系,释隆德,,安徽省,六安市,裕安区,安徽省六安市裕安区平桥乡紫竹林社区,,,,,116.485237,31.746664
西湖庵,汉语系,谭德银,2002-07-15,安徽省,六安市,裕安区,安徽省六安市裕安区西市街道草市社区,,,,,116.489471,31.746613
观音律寺,汉语系,释续通,,安徽省,六安市,裕安区,安徽省六安市裕安区西市街道三道巷社区,,,,,116.492180,31.749847
金山禅寺,汉语系,释常刚,,安徽省,六安市,裕安区,安徽省六安市裕安区分路口镇武陟山村柏店组,,,,,116.325628,31.755098
香山寺,汉语系,释道闻,盛唐时期,安徽省,六安市,裕安区,安徽省六安市裕安区狮子岗乡狮子岗村真人庙组,,,,,116.273628,31.721682
高峰寺,汉语系,释法正,,安徽省,六安市,裕安区,安徽省六安市裕安区石板冲乡九公冲村建设组,,,,,116.327960,31.614250
鹿心寺,汉语系,李正英,,安徽省,六安市,裕安区,安徽省六安市裕安区石板冲乡砚瓦池村小店组,,,,,116.327960,31.614250
龙王寺,汉语系,张友银,,安徽省,六安市,裕安区,安徽省六安市裕安区青山乡青山村汪二组,,,,,116.390221,31.559080
旺山寺,汉语系,释传时,,安徽省,六安市,裕安区,安徽省六安市裕安区城南镇四望山村永红组,,,,,116.425140,31.721973
普渡寺,汉语系,释道海,,安徽省,六安市,裕安区,安徽省六安市裕安区独山镇独山村上圩组,,,,,116.279325,31.557383
大悲庵,汉语系,张成林,明代,安徽省,马鞍山市,,安徽省马鞍山市郑蒲港新区白桥镇白桥社区白桥街道,,,,,118.315659,31.533651
消灾庵,汉语系,释昌妙,,安徽省,马鞍山市,,安徽省马鞍山市郑蒲港新区白桥镇周贵仕行政村柯赵自然村,,,,,118.299248,31.528486
观音禅寺,汉语系,王红红,,安徽省,马鞍山市,,安徽省马鞍山市郑蒲港新区姥桥镇姥桥社区沿和路,,,,,118.302536,31.601168
金山寺,汉语系,李志军,,安徽省,马鞍山市,,安徽省马鞍山市经济技术开发区银塘镇金山村,,,,,118.513031,31.595343
无量寺,汉语系,王红红,,安徽省,马鞍山市,,安徽省马鞍山市郑蒲港新区姥桥镇姥桥社区乔山自然村,,,,,118.296722,31.591452
普光寺,汉语系,卢惠军,,安徽省,马鞍山市,,安徽省马鞍山市郑蒲港新区白桥镇西梁山社区西梁山街道,,,,,118.325409,31.510509
洪庙,汉语系,李开绪,年代不详,安徽省,马鞍山市,博望区,安徽省马鞍山市博望区新市镇洪庙村,洪庙乡位于舒城县西南部大别山腹地，距省会合肥市105公里，距县城50公里，总面积64.5平方公里，平均海拔380米以上。境内盛产木材、毛竹、茶叶、板栗、合柿、油茶、安菜等，素有“林业大乡”、“合柿之乡”、“名茶之乡”等美誉。2004年9月舒城县乡镇行政区划调整后，将洪庙乡整建制并入庐镇乡。,,,,118.730789,31.600403
澄心寺,汉语系,孟齐荣,年代不详,安徽省,马鞍山市,博望区,安徽省马鞍山市博望区新市镇澄心村,澄心寺建于当年陶宏景读书堂故址，在安徽省马鞍山市博望区新市镇境内。,,,,118.760910,31.590382
常乐寺,汉语系,卢崇进,1996-12-31,安徽省,马鞍山市,博望区,安徽省马鞍山市博望区博望镇新城村,,,,,118.834900,31.563423
永福古庵,汉语系,常文举,,安徽省,马鞍山市,博望区,安徽省马鞍山市博望区新市镇叶家桥村,,,,,118.709427,31.594086
灵光禅寺,汉语系,王贤梓,,安徽省,马鞍山市,博望区,安徽省马鞍山市博望区丹阳镇薛津村,,,,,118.651924,31.578302
福源寺,汉语系,王月祥,,安徽省,马鞍山市,博望区,安徽省马鞍山市博望区丹阳镇童城村,,,,,118.664452,31.606472
莲华寺,汉语系,卢惠军,,安徽省,马鞍山市,博望区,安徽省马鞍山市博望区博望镇三杨村,,,,,118.855881,31.554430
甑山禅林,汉语系,释慈禅,年代不详,安徽省,马鞍山市,当涂县,安徽省马鞍山市当涂县姑孰镇藏汉村,甑山距县城东7.5公里，壁立百仞，群山环供侍立，“尊重如袍笏贵人”。甑山禅林最初兴建于唐代，是一座禅宗丛林式的寺院有屋99间半，是当涂远近闻名的古寺之一。,,,,118.562561,31.561861
大悲庵,汉语系,释空慧,1996-12-31,安徽省,马鞍山市,当涂县,安徽省马鞍山市当涂县姑孰镇振兴南路2号,大悲庵，又称大悲净庵道场，始建于明代，至今已有400余年，虽历经战乱等灾难，但为当涂城关诸多寺庵中唯一保存至今的一所寺庙。,,,,118.500580,31.546870
中社禅寺,汉语系,陈仁财,1999-12-31,安徽省,马鞍山市,当涂县,安徽省马鞍山市当涂县黄池镇福光村中社村民组,,,,,118.623573,31.356993
云雾禅林,汉语系,兰军,,安徽省,马鞍山市,当涂县,安徽省马鞍山市当涂县大青山李白文化旅游区青山林场,,,,,118.530640,31.495800
光明禅寺,汉语系,黄新金,,安徽省,马鞍山市,当涂县,安徽省马鞍山市当涂县湖阳乡塘沟村,,,,,118.828728,31.381920
北社庙,汉语系,丁太春,,安徽省,马鞍山市,当涂县,安徽省马鞍山市当涂县石桥镇济东村北社村民组,,,,,118.621185,31.359200
和睦山观音庵,汉语系,夏家根,,安徽省,马鞍山市,当涂县,安徽省马鞍山市示范园区年陡镇常韦村,,,,,118.478020,31.456821
望月禅寺,汉语系,卢克稳,,安徽省,马鞍山市,当涂县,安徽省马鞍山市示范园区太白镇黄垾村,,,,,118.459465,31.495163
白云寺,汉语系,袁开金,,安徽省,马鞍山市,当涂县,安徽省马鞍山市当涂县大青山李白文化旅游区青山林场,,,,,118.530640,31.495800
百灵庙,汉语系,孟迎春,,安徽省,马鞍山市,当涂县,安徽省马鞍山市当涂县大青山李白文化旅游区桃花社区,,,,,118.561958,31.497862
石隐禅寺,汉语系,臧彬奇,,安徽省,马鞍山市,当涂县,安徽省马鞍山市当涂县大青山李白文化旅游区青山林场,,,,,118.530640,31.495800
福兴寺,汉语系,朱小龙,,安徽省,马鞍山市,当涂县,安徽省马鞍山市当涂县护河镇兴禾村庙前村民组,,,,,118.617378,31.488033
荆山寺,汉语系,陈建文,,安徽省,马鞍山市,当涂县,安徽省马鞍山市当涂县太白镇长江村长江村民组,,,,,118.478111,31.491611
观音茅蓬,汉语系,许小霞,,安徽省,马鞍山市,当涂县,安徽省马鞍山市当涂县太白镇花园村西埂村民组,,,,,118.447227,31.536491
青云庵,汉语系,陈金水,,安徽省,马鞍山市,当涂县,安徽省马鞍山市当涂县大青山李白文化旅游区青山林场,,,,,118.530640,31.495800
青山寺,汉语系,释宗觉,,安徽省,马鞍山市,当涂县,安徽省马鞍山市当涂县大青山李白文化旅游区青山林场,,,,,118.530640,31.495800
飞来寺,汉语系,杨林,,安徽省,马鞍山市,当涂县,安徽省马鞍山市示范园区年陡镇公元村,,,,,118.492699,31.428123
香光寺,汉语系,甘培荣,,安徽省,马鞍山市,当涂县,安徽省马鞍山市示范园区年陡镇太仓村,,,,,118.450134,31.477682
天台禅寺,汉语系,谭璞,年代不详,安徽省,马鞍山市,含山县,安徽省马鞍山市含山县铜闸镇太湖山景区,天台寺，又名“地藏寺”、“地藏禅寺”，位于安徽省青阳县九华山的天台峰顶，海拔1306米，为九华山位置最高的寺院。因天台是佛教徒朝拜地藏圣迹必到之处地，所以往往将天台称为九华山主峰，有到九华“不上天台，等于白来”之说。另在河北、湖北等地有同名天台寺。,,,,118.050468,31.517271
褒禅寺,汉语系,释绍云,年代不详,安徽省,马鞍山市,含山县,安徽省马鞍山市含山县环峰镇褒禅山风景区,千古名刹褒禅寺公元638年（唐贞观12年）高僧慧褒禅师结庐于此潜修二十余年圆寂后坐落在安徽省含山县褒禅山中，获五色舍利若干粒，因与唐玄宗之师慧忠国师为昆季，随名声遐迩，其弟子改华山为褒禅山，并兴建寺宇，谓慧空禅院，宋高僧中会禅师与元裕禅师相继修建，寺宇规模逐渐扩大，住僧千余人，公元1054年（宋仁宗至和元年），著名政治家、文学家王安石云游至此，写下千古名篇《游褒禅山记》，该文同时被祖国大陆和台湾引进高中语文课本内，文曰：“褒禅山亦谓之华山，唐浮图慧褒始舍于其址，而卒葬之以故其后名之曰褒禅。,,,,118.134369,31.786043
佛慧寺,汉语系,释绍云,年代不详,安徽省,马鞍山市,含山县,安徽省马鞍山市含山县清溪镇周伏行政村,佛慧寺又名佛慧禅院，位于含山县清溪镇南郊之苍山脚下，周围皆有清溪河水环绕，独南面一桥通陆，古称荷叶地。,,,,118.000511,31.630741
碧峰禅院,汉语系,释弥智,年代不详,安徽省,马鞍山市,含山县,安徽省马鞍山市含山县环峰镇王鲍鲍庄村,碧峰禅院又名塔庵，位于含山县县城南门外得胜河北岸，庵内曾有碧峰塔，始建于清顺治八年（1654年）。清咸丰年间（1851—1861年）毁于兵燹。民国时修复。抗战时，碧峰塔被日本侵略军炸毁,,,,118.114334,31.711241
八宝禅寺,汉语系,赵仁武,清代嘉庆年间,安徽省,马鞍山市,含山县,安徽省马鞍山市含山县陶厂镇云塘行政村唐庄村,八宝禅寺，座落于安徽含山县南部陶厂镇镇北唐庄自然村。始建于清代嘉庆年间，原名东岳寺。1941年前后，陶厂镇先后两次被日军占领，东岳寺（现八宝禅寺）被拆毁建造炮楼。,,,,118.125748,31.613371
东岳禅寺,汉语系,黄申东,,安徽省,马鞍山市,含山县,安徽省马鞍山市含山县林头镇东关沿河街道,,,,,117.991440,31.496111
东林禅寺,汉语系,汪来贵,,安徽省,马鞍山市,含山县,安徽省马鞍山市含山县林头镇裕林社区,,,,,117.956230,31.549202
二圣殿,汉语系,黄映霞,,安徽省,马鞍山市,含山县,安徽省马鞍山市含山县铜闸镇太湖山景区,,,,,118.050468,31.517271
云塘古寺,汉语系,张运发,,安徽省,马鞍山市,含山县,安徽省马鞍山市含山县陶厂镇云塘范庄村,,,,,118.142242,31.603260
八佛寺,汉语系,叶国雄,,安徽省,马鞍山市,含山县,安徽省马鞍山市含山县林头镇福山青龙苍山林场,,,,,118.102531,31.630430
关帝禅寺,汉语系,释法雨,,安徽省,马鞍山市,含山县,安徽省马鞍山市含山县昭关镇谢集社区小杨村,,,,,118.049767,31.823551
华严庵,汉语系,暂缺,,安徽省,马鞍山市,含山县,安徽省马鞍山市含山县环峰镇龙王行政村,,,,,118.091400,31.631332
双龙庵,汉语系,黄秀英,,安徽省,马鞍山市,含山县,安徽省马鞍山市含山县林头镇卧虎行政村,,,,,117.961502,31.546652
古善禅寺,汉语系,僧如善,,安徽省,马鞍山市,含山县,安徽省马鞍山市含山县铜闸镇鸭西行政村,,,,,118.107170,31.467712
司徒禅寺,汉语系,暂缺,,安徽省,马鞍山市,含山县,安徽省马鞍山市含山县陶厂镇司徒行政村,,,,,118.067688,31.574085
回龙寺,汉语系,刘进福,,安徽省,马鞍山市,含山县,安徽省马鞍山市含山县林头镇福山赵庄,,,,,118.020950,31.569271
圆通庵,汉语系,李凤林,1994-12-31,安徽省,马鞍山市,含山县,安徽省马鞍山市含山县运漕镇上大街立新巷38号,,,,,118.079544,31.429461
地藏庵,汉语系,释弥智,,安徽省,马鞍山市,含山县,安徽省马鞍山市含山县清溪镇苍横苍南村,,,,,118.017540,31.641121
大善寺,汉语系,郭学贵,,安徽省,马鞍山市,含山县,安徽省马鞍山市含山县陶厂镇关正村,,,,,118.111237,31.553419
天霖寺,汉语系,孙荣仓,,安徽省,马鞍山市,含山县,安徽省马鞍山市含山县环峰镇梅山行政村,,,,,118.133415,31.671331
太湖禅寺,汉语系,释慧庆,,安徽省,马鞍山市,含山县,安徽省马鞍山市含山县铜闸镇太湖山景区,,,,,118.050468,31.517271
姚公庙,汉语系,彭亚军,,安徽省,马鞍山市,含山县,安徽省马鞍山市含山县仙踪镇姚庙社区,,,,,117.920250,31.788452
宝峰寺,汉语系,喻泽文,,安徽省,马鞍山市,含山县,安徽省马鞍山市含山县仙踪镇长山行政村,,,,,117.965195,31.761843
峰山禅寺,汉语系,释衍醒,,安徽省,马鞍山市,含山县,安徽省马鞍山市含山县仙踪镇张唐行政村,,,,,117.913742,31.797653
梅山禅寺,汉语系,姜振,,安徽省,马鞍山市,含山县,安徽省马鞍山市含山县环峰镇梅山行政村梅山村,,,,,118.128944,31.701900
永兴寺,汉语系,释弥智,,安徽省,马鞍山市,含山县,安徽省马鞍山市含山县昭关镇东兴行政村花庄村,,,,,118.085869,31.824100
海慧寺,汉语系,丁良平,,安徽省,马鞍山市,含山县,安徽省马鞍山市含山县仙踪镇张唐村,,,,,117.942238,31.793880
灵峰寺,汉语系,代夕华,,安徽省,马鞍山市,含山县,安徽省马鞍山市含山县清溪镇巧脉行政村,,,,,118.014359,31.713211
玉皇殿,汉语系,暂缺,,安徽省,马鞍山市,含山县,安徽省马鞍山市含山县仙踪镇东洪新农村,,,,,117.923988,31.799673
祠铜寺,汉语系,王成论,,安徽省,马鞍山市,含山县,安徽省马鞍山市含山县铜闸镇鸭西行政村,,,,,118.107170,31.467712
茶庵庙,汉语系,童宜江,,安徽省,马鞍山市,含山县,安徽省马鞍山市含山县仙踪镇骆集行政村,,,,,117.962784,31.833603
观音寺,汉语系,孙其强,,安徽省,马鞍山市,含山县,安徽省马鞍山市含山县仙踪镇西江淮小庙村,,,,,118.008530,31.810661
迎水庵,汉语系,释演华,,安徽省,马鞍山市,含山县,安徽省马鞍山市含山县清溪镇清溪社区,,,,,117.999458,31.655441
降福寺,汉语系,释果慧,,安徽省,马鞍山市,含山县,安徽省马鞍山市含山县仙踪镇富民社区,,,,,118.010704,31.799412
龙泉寺,汉语系,郜启明,2005-02-28,安徽省,马鞍山市,含山县,安徽省马鞍山市含山县环峰镇刘武行政村,,,,,118.100189,31.649984
观音庵,汉语系,暂缺,年代不详,安徽省,马鞍山市,含山县,安徽省马鞍山市含山县仙踪镇姚庙六衡村,,,,,118.002520,31.803180
接引庵,汉语系,释常严,,安徽省,马鞍山市,含山县,安徽省马鞍山市含山县陶厂镇司徒行政村,,,,,118.067688,31.574085
普渡禅寺,汉语系,释法亮,,安徽省,马鞍山市,含山县,安徽省马鞍山市含山县运漕镇三台行政村,,,,,118.079544,31.429461
观音寺,汉语系,李乡,,安徽省,马鞍山市,和县,安徽省马鞍山市和县香泉镇香泉湖度假村,观音寺，亦称金峰寺，位于和县香泉镇，距城关逾三十里。观音寺据地之胜，前临千顷香泉湖，后倚秀丽观音峰，群山环抱，秀水萦回，正所谓：“山不在高有仙则名，水不在深有龙则灵，”实乃人间仙境。,,,,118.325970,31.870460
凤林禅寺,汉语系,释定昌,年代不详,安徽省,马鞍山市,和县,安徽省马鞍山市和县西埠镇鸡笼山国家森林公园,凤林禅寺位于安徽巢湖市和县鸡笼山山上，鸡笼山素有“江北第一名山”之称，现为国家一级森林公园。掩映在莽莽山林中的千年古寺——凤林禅寺始建于东汉末年，李白，杨万里，赵匡胤，朱元璋等历代名人墨客均曾在此题词作诗，佛学文化昌盛，文学气息浓厚，每逢正月十五和六月初一，成千上万各地香客朝山礼佛。2004年，鸡笼山凤林禅寺被巢湖市政府授予首批市级重点寺院。现任主持定昌法师一心致力于鸡笼山历史文化的发掘，打造以佛教文化为核心的鸡笼山风景区建筑，推动了和县旅游业的发展和佛教文化事业的发展。,,,国家一级森林公园,118.206779,31.804609
万佛禅寺,汉语系,朱兴田,,安徽省,马鞍山市,和县,安徽省马鞍山市和县功桥镇毛巷村后唐自然村,,,,,118.153740,31.589163
万缘寺,汉语系,释定忍,,安徽省,马鞍山市,和县,安徽省马鞍山市和县善厚镇万元村林场,,,,,118.145157,31.862362
伍盟庵,汉语系,鲁春莲,,安徽省,马鞍山市,和县,安徽省马鞍山市和县香泉镇新建村小庙自然村,,,,,118.279053,31.868288
八宝寺,汉语系,何华节,,安徽省,马鞍山市,和县,安徽省马鞍山市和县功桥镇南义社区南新路,,,,,118.196159,31.627680
准提寺,汉语系,赵同年,,安徽省,马鞍山市,和县,安徽省马鞍山市和县历阳镇镇淮社区镇淮街323号,,,,,118.369698,31.713451
华严禅寺,汉语系,王孝亮,,安徽省,马鞍山市,和县,安徽省马鞍山市和县乌江镇卜陈村小张自然村,,,,,118.411926,31.817549
双山寺,汉语系,袁先英,清嘉庆年间,安徽省,马鞍山市,和县,安徽省马鞍山市和县善厚镇高祖村上鲁自然村,,,,,118.113800,31.835131
大准提庵,汉语系,释定昌,,安徽省,马鞍山市,和县,安徽省马鞍山市和县历阳镇华阳社区准提巷46号,,,,,118.362061,31.726185
广圣寺,汉语系,董志荣,,安徽省,马鞍山市,和县,安徽省马鞍山市和县香泉镇孙堡村西曹自然村,,,,,118.279053,31.868288
永宁寺,汉语系,焦云月,,安徽省,马鞍山市,和县,安徽省马鞍山市和县西埠镇范桥村大孟自然村,,,,,118.208679,31.774611
甘露寺,汉语系,释圣慧,年代不详,安徽省,马鞍山市,和县,安徽省马鞍山市和县乌江镇卜集社区卜集街道,,,,,118.458488,31.851051
白云寺,汉语系,黄书亭,,安徽省,马鞍山市,和县,安徽省马鞍山市和县香泉镇孙堡村孙老自然村,,,,,118.279053,31.868288
莲花庵,汉语系,释演慈,,安徽省,马鞍山市,和县,安徽省马鞍山市和县善厚镇善厚集社区长安自然村,,,,,118.160851,31.874151
观音庵,汉语系,李加英,年代不详,安徽省,马鞍山市,和县,安徽省马鞍山市和县乌江镇金马村亚户李自然村,,,,,118.411926,31.817549
观音阁,汉语系,释上端,年代不详,安徽省,马鞍山市,和县,安徽省马鞍山市和县历阳镇华阳社区观音巷142号,,,,国家AAAAA级风景名胜古迹旅游景区,118.362061,31.726185
青云禅庵,汉语系,薛勇,,安徽省,马鞍山市,和县,安徽省马鞍山市和县历阳镇沈家山村街北自然村,,,,,118.401634,31.727354
龙王庙,汉语系,李志兵,,安徽省,马鞍山市,和县,安徽省马鞍山市和县西埠镇新民村岚龙山,,,,,118.260551,31.777933
慈明寺,汉语系,徐业才,,安徽省,马鞍山市,和县,安徽省马鞍山市和县功桥镇功桥社区功桥自然村,,,,,118.259926,31.643457
憨山寺,汉语系,李路路,,安徽省,马鞍山市,和县,安徽省马鞍山市和县石杨镇中山村陶烘自然村,,,,,118.357552,32.005672
普觉禅寺,汉语系,单杏珍,,安徽省,马鞍山市,和县,安徽省马鞍山市和县石杨镇绰庙社区裕民村插花山,,,,,118.316933,32.008430
临溪寺,汉语系,袁建国,,安徽省,马鞍山市,花山区,安徽省马鞍山市花山区霍里街道苏里村,,,,,118.586800,31.675861
玉泉寺,汉语系,卜为美,,安徽省,马鞍山市,花山区,安徽省马鞍山市花山区霍里街道濮塘林场,,,,,118.658096,31.699110
观音禅寺,汉语系,米巨成,,安徽省,马鞍山市,花山区,安徽省马鞍山市慈湖高新区杨坝村独龙山,,,,,118.574478,31.731861
小九华寺,汉语系,孔令明,,安徽省,马鞍山市,雨山区,安徽省马鞍山市雨山区采石街道,,,,,118.463654,31.654108
岱山寺,汉语系,朱建义,,安徽省,马鞍山市,雨山区,安徽省马鞍山市雨山区佳山乡岱山村,,,,,118.562820,31.590221
广济寺,汉语系,何琴娣,年代不详,安徽省,马鞍山市,雨山区,安徽省马鞍山市雨山区采石街道采石公园内,,,,,118.462021,31.656372
静林禅寺,汉语系,曹大轩,,安徽省,马鞍山市,雨山区,安徽省马鞍山市雨山区向山镇南庄村瓢儿山,,,,,118.594139,31.625690
红山寺,汉语系,张侠,,安徽省,宿州市,砀山县,安徽省宿州市砀山县玄庙镇三联行政村李洼自然村砀单公路西侧,,,,,116.361900,34.564420
黄固寺,汉语系,汪忠奎,,安徽省,宿州市,砀山县,安徽省宿州市砀山县曹庄镇科技新村魏楼自然村,,,,,116.203600,34.423690
玉皇寺,汉语系,谷秀成,,安徽省,宿州市,高新区,安徽省宿州市高新区北十里村郑庄,,,,,116.982292,33.708622
灵佛禅寺,汉语系,裴洪銮,,安徽省,宿州市,灵璧县,安徽省宿州市灵璧县下楼镇龙山村,,,,,117.432182,33.997890
碧云寺,汉语系,吴晓丹,,安徽省,宿州市,灵璧县,安徽省宿州市灵璧县尤集镇邱楼村,,,,,117.468178,33.875111
天门寺,汉语系,蒋文川,年代不详,安徽省,宿州市,萧县,安徽省宿州市萧县皇藏峪,天门寺，又称钻天峪、小黄山。位于安徽萧县白土镇戴村，始建于公元425年，南朝宋开国皇帝刘裕之子刘义隆在天门山兴建寺院，因一山中劈，双峰壁立，过此步步登高，如上天门，故名此山为天门山。天门寺因山得名。,,,国家AAAA级旅游景区,117.030418,33.436455
圣泉寺,汉语系,钟立新,年代不详,安徽省,宿州市,萧县,安徽省宿州市萧县凤山,圣泉寺，位于安徽省萧县龙城镇西北1.5公里的凤山森林公园陡山口北坡，萧城八景之一。始建于北宋年间，乡贤窦师道在此隐居，并修筑拱翠堂，明清时期亦有修扩，历来是游人雅士流连之地。至2015年，已有800余年历史。有房舍30余间，寺依山势，殿庭门廊，颇为壮观。因寺旁有一泉曰“圣泉”而得名。,,,国家AAA级旅游景区,116.947240,34.188760
瑞云寺,汉语系,童其林,年代不详,安徽省,宿州市,萧县,安徽省宿州市萧县皇藏峪,瑞云寺，原名登云寺、皇藏寺、黄桑寺，又称“小宝华山”。萧城八景之一，雅额“萧国福地”。始建于南朝梁大同年间（535—546），距今已约1480年。,,,国家AAAA级旅游景区,117.030418,33.436455
三圣阁,汉语系,释广仁,,安徽省,宿州市,萧县,安徽省宿州市萧县黄口镇杨阁村,,,,,116.687393,34.356583
古龙泉寺,汉语系,吴晓丹,,安徽省,宿州市,埇桥区,安徽省宿州市埇桥区栏杆镇石相村老海寺林场内,原名古龙泉寺的老海寺位于安徽省宿州市栏杆镇境内，坐落于风景秀丽的栏杆山麓，毗连褚兰、解集三乡镇交界处，此处群山起伏，层峦叠嶂，怪石峥嵘，溪水潺潺，以老寨山为主的六座山峰连绵起伏，状如卧龙，形式莲花，山场内森林茂盛，鸟语花香，苍松翠柏遮天蔽日，刺槐白杨郁郁葱葱，古刹老海寺由于环境清幽，景色秀丽而闻名遐。,,,,117.303635,33.964973
大龙泉寺,汉语系,蒋连智,,安徽省,宿州市,埇桥区,安徽省宿州市埇桥区夹沟镇镇头村,大龙泉寺，位于安徽省宿州市埇桥区西北部夹沟镇的流沟寺，现名“大龙泉寺”，或叫“镇头寺”。就在水库的西边不远处。据传寺庙最早在隋代就建立了，后来几经兴废。明清整修过，但文革时期遭到破坏。其寺的“烟寺晨钟”，为宿州八景之一，在镇头村西北山脚下，清代诗人李心锐的《宿州八景》诗之六《烟寺晨钟》有云：“红尘飞不到，古寺锁秋烟。塔影浮空界，钟声度晓天。”,,,,117.059593,33.891354
大方寺,汉语系,张乐云,年代不详,安徽省,宿州市,埇桥区,安徽省宿州市埇桥区埇桥区夹沟林场,大方寺，古名芳岩寺，又名五佛金光寺。位于宿州市北35公里处，坐西朝东，背依盘龙，面对尖山，左依杏子山,,,,117.034431,33.911030
三教堂寺,汉语系,侯广仔,,安徽省,宿州市,埇桥区,安徽省宿州市埇桥区西二铺乡西二铺村小孙家,,,,,116.890701,33.671082
地藏庙,汉语系,暂缺,,安徽省,宿州市,埇桥区,安徽省宿州市埇桥区埇桥街道城皇庙巷,,,,,116.985733,33.642109
符离念佛堂,汉语系,沈荣,,安徽省,宿州市,埇桥区,安徽省宿州市埇桥区符离镇黄山路,,,,,116.979225,33.753113
观音寺,汉语系,吴晓丹,,安徽省,宿州市,埇桥区,安徽省宿州市埇桥区时村镇时东村王庄村民组,,,,,117.345383,33.818062
雁山寺,汉语系,侯广仔,,安徽省,宿州市,埇桥区,安徽省宿州市埇桥区曹村镇马湾村雁山,,,,,117.151863,34.028954
三官庙,汉语系,吴承义,,安徽省,铜陵市,郊区,安徽省铜陵市郊区安铜办马鞍社区,,,,,117.799881,30.915133
九华山头天门大士阁,汉语系,王成,1996-12-31,安徽省,铜陵市,郊区,安徽省铜陵市郊区大通镇光荣居委会小岭组,,,,,117.763000,30.814131
云鹤寺,汉语系,李名国,,安徽省,铜陵市,郊区,安徽省铜陵市郊区桥南办白鹤社区柿子山,,,,,117.775230,30.882305
永平庵,汉语系,郝凤霞,,安徽省,铜陵市,郊区,安徽省铜陵市郊区大通镇永平村,,,,,117.729721,30.799374
云崖寺,汉语系,丁才喜,年代不详,安徽省,铜陵市,铜陵县,安徽省铜陵市铜陵县顺安镇星月村,云崖寺坐落在安徽省铜陵县凤凰山地区的猪家山之东，原为唐代开采银矿地点——古名“银坑冲”。明朝正德年间（1506—1521），为一钱姓人捐资营造，定名为“石山寺”。后更名为“云崖寺”。俗称“观音洞”。,,,,118.015831,30.913090
西明寺,汉语系,闻承泽,明代,安徽省,铜陵市,铜陵县,安徽省铜陵市铜陵县钟鸣镇水龙村,西明寺，又称“西明禅寺”或“观音禅寺”，位于安徽省铜陵县钟鸣镇水龙村，寺庙依山而建，寺后峭壁耸崎，山势雄峻而宏伟。,,,,118.122467,30.914581
大明寺,汉语系,释果成,年代不详,安徽省,铜陵市,铜陵县,安徽省铜陵市铜陵县顺安镇明湖村,位于铜陵市义安区顺安镇晃灵山麓，建于北宋嘉祐八年（1063年）并赐额。清与民国时期曾多次修墓，为江南名刹之一。,,,,117.996994,30.948654
万松禅寺,汉语系,释心观,,安徽省,铜陵市,铜陵县,安徽省铜陵市铜陵县顺安镇凤凰山景区,,,,,118.033401,30.858400
上清凉古寺,汉语系,释今品,,安徽省,铜陵市,铜陵县,安徽省铜陵市铜陵县钟鸣镇狮峰村,,,,,118.086151,30.979092
下清凉古寺,汉语系,盛明兰,,安徽省,铜陵市,铜陵县,安徽省铜陵市铜陵县钟鸣镇狮峰村,,,,,118.086151,30.979092
五峰禅寺,汉语系,刘云,,安徽省,铜陵市,铜陵县,安徽省铜陵市铜陵县天门镇五峰村,,,,,117.844643,30.823511
大藏寺,汉语系,帅廷林,,安徽省,铜陵市,铜陵县,安徽省铜陵市铜陵县天门镇龙云村,,,,,117.925179,30.866600
石佛寺,汉语系,毛桂罗,年代不详,安徽省,铜陵市,铜陵县,安徽省铜陵市铜陵县西联乡东湖村,,,,,117.916023,30.994411
石佛庵,汉语系,汪翠华,,安徽省,铜陵市,铜陵县,安徽省铜陵市铜陵县西联乡东湖村,,,,,117.916023,30.994411
翠竹禅林寺,汉语系,释法林,,安徽省,铜陵市,铜陵县,安徽省铜陵市铜陵县天门镇蟠龙村,,,,,117.792587,30.784401
莲花寺,汉语系,释果光,,安徽省,铜陵市,铜陵县,安徽省铜陵市铜陵县顺安镇星月村,,,,,118.015831,30.913090
西峰庵,汉语系,章啟文（果闻）,,安徽省,铜陵市,铜陵县,安徽省铜陵市铜陵县天门镇西垅村,,,,,117.809402,30.780420
观音寺,汉语系,释隆厚,,安徽省,铜陵市,铜陵县,安徽省铜陵市铜陵县五松镇齐仙小区,,,,,117.790688,30.951073
观音慈林,汉语系,陈小荣,,安徽省,铜陵市,铜陵县,安徽省铜陵市铜陵县胥坝乡安平村,,,,,117.782249,31.069452
观音洞,汉语系,王以刚,,安徽省,铜陵市,铜陵县,安徽省铜陵市铜陵县天门镇龙山村,,,,,117.913261,30.864332
龙泉寺,汉语系,张天保,,安徽省,铜陵市,铜陵县,安徽省铜陵市铜陵县顺安镇瑶山村,,,,,117.988678,30.877562
龙王庙,汉语系,张志远,,安徽省,铜陵市,铜陵县,安徽省铜陵市铜陵县东联乡莲西村,,,,,117.950294,31.027321
护国寺,汉语系,闻谛,年代不详,安徽省,铜陵市,铜陵县,安徽省铜陵市铜陵县金桥工业园,,,,,117.996071,30.970039
马仁寺,汉语系,雷玉富,年代不详,安徽省,芜湖市,繁昌县,安徽省芜湖市繁昌县孙村镇八分村,马仁寺坐落在安徽省马仁山，为大德高士王翀霄于唐贞元十一年（公元795年）所建，至今已有一千多年历史，与建于宋代的乌霞寺（又称乌霞洞，处于马仁山龙首峰南）遥遥相对，素有“南洞北寺”之称。,,,国家AAAA级旅游景区,118.165283,30.987602
佛光寺,汉语系,何国湘,年代不详,安徽省,芜湖市,繁昌县,安徽省芜湖市繁昌县繁阳镇大阳村,佛光寺原名马祖庵，以庵出名，位于安徽省天柱山风景区南大门，相传唐代衡岳马祖道一禅师云游天下，曾在天柱山南门今“嘉平馆”处打坐习静。当地山民为纪念马祖大师在其馆旁建庵，奉以香火，庵名“马祖”。明朝万历二十五年（1597年），桐城进士吴应宾和怀宁进士、户部郎阮自华景仰达观名望，便迎他驻锡马祖庵，捐巨资为其建寺。万历二十七年（1599年），神宗遣使党礼御赐幔帐藏经，诏改马祖庵为佛光寺。,,,,118.142593,31.108631
万寿寺,汉语系,赵志学,,安徽省,芜湖市,繁昌县,安徽省芜湖市繁昌县孙村镇汪冲村,,,,,118.098114,31.013533
云居寺,汉语系,瞿江林,1995-10-20,安徽省,芜湖市,繁昌县,安徽省芜湖市繁昌县繁阳镇库山村,,,,,118.160820,31.124161
准提寺,汉语系,陈国兵,1995-10-20,安徽省,芜湖市,繁昌县,安徽省芜湖市繁昌县峨山镇沙园村,,,,,118.250191,31.105391
南山寺,汉语系,谷开信,,安徽省,芜湖市,繁昌县,安徽省芜湖市繁昌县繁阳镇阳冲村,,,,,118.170181,31.073021
古溪庵,汉语系,仇家莲,,安徽省,芜湖市,繁昌县,安徽省芜湖市繁昌县繁阳镇铁门村,,,,,118.194633,31.068752
圆炤寺,汉语系,陶维中,,安徽省,芜湖市,繁昌县,安徽省芜湖市繁昌县繁阳镇华阳村,,,,,118.176109,31.086401
大乘禅寺,汉语系,苏正国,,安徽省,芜湖市,繁昌县,安徽省芜湖市繁昌县繁阳镇铁门村,,,,,118.194633,31.068752
宝莲寺,汉语系,左克锋,,安徽省,芜湖市,繁昌县,安徽省芜湖市繁昌县孙村镇代滩村,,,,,118.116684,30.996420
林云禅寺,汉语系,石峰,,安徽省,芜湖市,繁昌县,安徽省芜湖市繁昌县荻港镇德远社区,,,,,118.010498,31.109819
泰平禅寺,汉语系,章峰,,安徽省,芜湖市,繁昌县,安徽省芜湖市繁昌县峨山镇东岛村,,,,,118.265144,31.068512
玉筒禅寺,汉语系,章金龙,,安徽省,芜湖市,繁昌县,安徽省芜湖市繁昌县峨山镇千军村,,,,,118.282280,31.088812
红花寺,汉语系,成宜国,,安徽省,芜湖市,繁昌县,安徽省芜湖市繁昌县繁阳镇大阳村,,,,,118.142593,31.108631
萝庵,汉语系,释印泉,,安徽省,芜湖市,繁昌县,安徽省芜湖市繁昌县繁阳镇城西村,,,,,118.186691,31.074453
西峰寺,汉语系,朱维凤,年代不详,安徽省,芜湖市,繁昌县,安徽省芜湖市繁昌县孙村镇中分村,,,,,118.170929,31.008881
观音寺,汉语系,王高顶,,安徽省,芜湖市,繁昌县,安徽省芜湖市繁昌县新港镇克山村,,,,,118.077171,31.166771
隐静禅林,汉语系,魏少剑,,安徽省,芜湖市,繁昌县,安徽省芜湖市繁昌县平铺镇五华村,,,,,118.291069,31.022182
护国寺,汉语系,张会红,年代不详,安徽省,芜湖市,繁昌县,安徽省芜湖市繁昌县繁阳镇缸窑村,,,,,118.139275,31.147614
普陀寺,汉语系,周启枝,,安徽省,芜湖市,繁昌县,安徽省芜湖市繁昌县新港镇新河社区,,,,,118.066978,31.182014
清水观音庵,汉语系,释腾亮,,安徽省,芜湖市,经开区,安徽省芜湖市经开区万春街道同和社区,,,,,118.503639,31.312916
祠山禅寺,汉语系,章绍进,,安徽省,芜湖市,经开区,安徽省芜湖市经开区万春街道胜和社区,,,,,118.505936,31.345049
铜佛寺,汉语系,代述用,,安徽省,芜湖市,经开区,安徽省芜湖市经开区天门山风景区内,,,,,118.371834,31.497391
马皇寺,汉语系,孙栋臣,,安徽省,芜湖市,经开区,安徽省芜湖市经开区万春街道同和社区,,,,,118.503639,31.312916
广济寺,汉语系,仁煜,年代不详,安徽省,芜湖市,镜湖区,安徽省芜湖市镜湖区九华中路213号,广济寺位于安徽省芜湖市赭山西南麓。,,,,118.377550,31.337200
东荆壁禅寺,汉语系,刘中华,,安徽省,芜湖市,镜湖区,安徽省芜湖市镜湖区荆东社区胡山,,,,,118.471153,31.309402
市佛协念佛堂,汉语系,韩根生,,安徽省,芜湖市,镜湖区,安徽省芜湖市镜湖区九华中路211号,,,,,118.378430,31.337490
广成庵,汉语系,唐红艳,,安徽省,芜湖市,镜湖区,安徽省芜湖市镜湖区杏园一期平房,,,,,118.369110,31.362261
能仁寺,汉语系,仁缘,,安徽省,芜湖市,镜湖区,安徽省芜湖市镜湖区上菜市,,,,,118.366356,31.327181
荆壁禅寺,汉语系,吴修田,,安徽省,芜湖市,镜湖区,安徽省芜湖市镜湖区荆山环山北路,,,,,118.447243,31.305691
降福禅寺,汉语系,陈一华,,安徽省,芜湖市,镜湖区,安徽省芜湖市镜湖区方村街道行春村和桥组,,,,,118.474724,31.193342
蛟矶庙,汉语系,彭志道,年代不详,安徽省,芜湖市,鸠江区,安徽省芜湖市鸠江区二坝镇蛟矶行政村,蛟矶庙（原名灵泽夫人祠、枭姬祠或蛟矶孙夫人庙），民间俗称蛟矶娘娘庙，位于今安徽省芜湖市鸠江区二坝镇长江岸边的蛟矶山上。为纪念三国时期孙权之妹、刘备之妻孙尚香而建，是著名三国古景点，也是芜湖市著名古八景之一。,,,,118.326942,31.310862
三圣庙,汉语系,吴英兰,,安徽省,芜湖市,鸠江区,安徽省芜湖市鸠江区清水街道周圣社区,,,,,118.494728,31.389120
东岳庙,汉语系,陈学良,年代不详,安徽省,芜湖市,鸠江区,安徽省芜湖市鸠江区沈巷镇螺百街西,,,,,118.231354,31.464470
天子古庙,汉语系,张显高,2007-12-18,安徽省,芜湖市,鸠江区,安徽省芜湖市鸠江区沈巷社区沈巷街面,,,,,118.224045,31.464867
水口念佛堂,汉语系,何守胜,,安徽省,芜湖市,鸠江区,安徽省芜湖市鸠江区白茆镇黑沙洲社区,,,,,118.061569,31.233150
江心寺,汉语系,艾能水,,安徽省,芜湖市,鸠江区,安徽省芜湖市鸠江区白茆镇黑沙洲社区,,,,,118.061569,31.233150
茶庵庙,汉语系,赵有根,,安徽省,芜湖市,鸠江区,安徽省芜湖市鸠江区二坝镇长安社区,,,,,118.337158,31.351576
西云寺,汉语系,仁煜,,安徽省,芜湖市,鸠江区,安徽省芜湖市鸠江区四褐山公园山上,,,,,118.360413,31.434065
观音古庵,汉语系,张秀英,,安徽省,芜湖市,鸠江区,安徽省芜湖市鸠江区汤沟镇汤沟社区观安村,,,,,118.178558,31.332762
观音堂,汉语系,袁明芳,,安徽省,芜湖市,鸠江区,安徽省芜湖市鸠江区二坝镇永宁村仇鲁自然村,,,,,118.301712,31.316261
观音庙,汉语系,管永贵,,安徽省,芜湖市,鸠江区,安徽省芜湖市鸠江区汤沟镇楼梯村,,,,,118.189491,31.361141
观音庵,汉语系,庞光霞,年代不详,安徽省,芜湖市,鸠江区,安徽省芜湖市鸠江区白茆镇永胜村,,,,,118.142242,31.269600
观音庵（沈巷镇）,汉语系,孙正定,,安徽省,芜湖市,鸠江区,安徽省芜湖市鸠江区沈巷镇双河村过村,,,,,118.170074,31.486671
观音禅林,汉语系,陈朝立,1995-10-12,安徽省,芜湖市,鸠江区,安徽省芜湖市鸠江区汤沟镇汤沟社区,,,,,118.181335,31.330343
香严寺,汉语系,储祥奎,2007-12-05,安徽省,芜湖市,鸠江区,安徽省芜湖市鸠江区沈巷镇保圩村后干,,,,,118.246483,31.491001
马王庙,汉语系,李秀华,,安徽省,芜湖市,鸠江区,安徽省芜湖市鸠江区清水街道清苑社区,,,,,118.483330,31.320631
龙圣庵,汉语系,梁美芝,,安徽省,芜湖市,鸠江区,安徽省芜湖市鸠江区清水街道竹秀社区,,,,,118.471802,31.331249
龙泉寺,汉语系,刘家祥,,安徽省,芜湖市,鸠江区,安徽省芜湖市鸠江区二坝镇永宁村龙泉自然村,,,,,118.301712,31.316261
龙王庙,汉语系,何金飞,,安徽省,芜湖市,鸠江区,安徽省芜湖市鸠江区白茆镇义圩村,,,,,118.145279,31.292051
念佛堂,汉语系,姚社华,,安徽省,芜湖市,鸠江区,安徽省芜湖市鸠江区沈巷镇雍镇社区雍镇街,,,,,118.275719,31.376337
慈渡庵,汉语系,冯正才,,安徽省,芜湖市,鸠江区,安徽省芜湖市鸠江区沈巷镇双河行政村西太基自然村,,,,,118.242424,31.431568
明山古寺,汉语系,贾启宏,,安徽省,芜湖市,鸠江区,安徽省芜湖市鸠江区沈巷镇八角村明山鲁,,,,,118.177414,31.466230
天山寺,汉语系,何昌,年代不详,安徽省,芜湖市,南陵县,安徽省芜湖市南陵县籍山镇天宫村,天山寺，地处安徽省芜湖市南陵县工山镇天官村。位于南陵县城西南10公里，占地15余亩，地理优越。它紧靠205，318两条国道线，衔接沿江高速公路，与南铜（线），南繁（昌）线两条省道一脉相连。南倚佛教四大名山九华山；北望五霞寺和马仁寺。可谓是交通便捷，物阜民丰，佛缘深厚，人文荟萃。,,,,118.328621,30.914251
四龙禅寺,汉语系,李相风,年代不详,安徽省,芜湖市,南陵县,安徽省芜湖市南陵县弋江镇蒲西村,四龙禅寺位于南陵县四龙禅寺位于弋江镇浦西村。,,,,118.430832,30.901222
东平寺,汉语系,谭更生,,安徽省,芜湖市,南陵县,安徽省芜湖市南陵县籍山镇龙湖村,,,,,118.436684,30.842201
东引善茶庵,汉语系,孙觉心,,安徽省,芜湖市,南陵县,安徽省芜湖市南陵县籍山镇大港村,,,,,118.340698,30.907301
乌霞寺,汉语系,吴文斌,,安徽省,芜湖市,南陵县,安徽省芜湖市南陵县工山镇大工村,,,,,118.159187,30.942051
仙智庵,汉语系,暂缺,,安徽省,芜湖市,南陵县,安徽省芜湖市南陵县烟墩镇刘店村,,,,,118.179642,30.732452
千佛禅寺,汉语系,释万善,年代不详,安徽省,芜湖市,南陵县,安徽省芜湖市南陵县籍山镇茶丰村,,,,,118.337273,30.887142
南山寺,汉语系,释演仁,,安徽省,芜湖市,南陵县,安徽省芜湖市南陵县河湾镇西山村,,,,,117.992294,30.821321
小南海观音寺,汉语系,朱丽华,,安徽省,芜湖市,南陵县,安徽省芜湖市南陵县籍山镇千峰村,,,,,118.369881,30.878422
柳拂庵,汉语系,朱新文,,安徽省,芜湖市,南陵县,安徽省芜湖市南陵县弋江镇汤蓬街,,,,,118.474449,30.904020
洞天寺,汉语系,杨家宝,,安徽省,芜湖市,南陵县,安徽省芜湖市南陵县河湾镇顺冲村新店组,,,,,118.072830,30.828062
灵山寺,汉语系,卫小国,年代不详,安徽省,芜湖市,南陵县,安徽省芜湖市南陵县籍山镇乔村,,,,,118.328621,30.914251
白衣庵,汉语系,化玉萍,年代不详,安徽省,芜湖市,南陵县,安徽省芜湖市南陵县籍山镇其林村,,,,,118.358620,30.912333
石龙庵,汉语系,符祖国,,安徽省,芜湖市,南陵县,安徽省芜湖市南陵县工山镇向山村山口组,,,,,118.273773,30.853361
西引善茶庵,汉语系,彭爱香,,安徽省,芜湖市,南陵县,安徽省芜湖市南陵县家发镇马上村赵村组,,,,,118.258270,30.990961
西风庙,汉语系,陈仁俊,1996-05-09,安徽省,芜湖市,南陵县,安徽省芜湖市南陵县三里镇西峰村里塘组,,,,,118.259651,30.770531
观音禅寺,汉语系,李戴,,安徽省,芜湖市,南陵县,安徽省芜湖市南陵县许镇镇新渭村,,,,,118.402901,31.083731
金光寺,汉语系,付知强,,安徽省,芜湖市,南陵县,安徽省芜湖市南陵县河湾镇丫山村,,,,,118.027451,30.811811
长乐寺,汉语系,释通法,,安徽省,芜湖市,南陵县,安徽省芜湖市南陵县籍山镇长乐村,,,,,118.409004,30.907850
隐身庙,汉语系,何国妹,,安徽省,芜湖市,南陵县,安徽省芜湖市南陵县三里镇水闸村,,,,,118.224701,30.773941
龙池庵,汉语系,姚仕荣,1996-05-09,安徽省,芜湖市,南陵县,安徽省芜湖市南陵县籍山镇沈亭村汪村组,,,,,118.276077,30.885580
龙泉寺,汉语系,释常严,,安徽省,芜湖市,南陵县,安徽省芜湖市南陵县家发镇龙山村,,,,,118.296921,30.966440
普化堂寺,汉语系,束征全,2011-09-09,安徽省,芜湖市,南陵县,安徽省芜湖市南陵县家发镇联三村,,,,,118.209808,31.013750
铜山寺,汉语系,张小华,年代不详,安徽省,芜湖市,三山区,安徽省芜湖市三山区峨桥镇石谷村陶村组,芜湖市三山区有两座铜山，一在三山长坝村，一在峨桥石谷村。石谷村西三四里处的铜山巍峨秀丽，因其矿藏多含金属铜而得名。长坝小铜山亦有战国时期采、冶铜矿遗止。,,,,118.348022,31.128571
三华寺,汉语系,释心律,唐末,安徽省,芜湖市,三山区,安徽省芜湖市三山区三山街道三山村,三华寺地处江东芜湖市西南三山区境内，依山傍水，空气清新，风景绝佳，自古为芜湖三宝妙地。禅寺年代久远，据《太平府志》、《繁昌县志》等史书记载，该寺始建于唐末，原名三华禅院，为芜湖最早兴建寺院，为江东一著名古刹。,,,,118.227898,31.216291
九龙禅寺,汉语系,程园国,,安徽省,芜湖市,三山区,安徽省芜湖市三山区高安街道白象村,,,,,118.171173,31.177456
准提寺,汉语系,释今成,,安徽省,芜湖市,三山区,安徽省芜湖市三山区峨桥镇街道蔬菜队,,,,,118.270988,31.166792
准提禅寺,汉语系,程守根,,安徽省,芜湖市,三山区,安徽省芜湖市三山区高安街道泥埠村,,,,,118.144386,31.195957
浮山寺,汉语系,高世发,,安徽省,芜湖市,三山区,安徽省芜湖市三山区峨桥镇丰裕村浮山山头上,,,,,118.296448,31.142452
竹园庵,汉语系,潘礼英,,安徽省,芜湖市,三山区,安徽省芜湖市三山区峨桥镇丰裕村东形竹园冲,,,,,118.253052,31.184610
莲华寺,汉语系,胡之田,,安徽省,芜湖市,三山区,安徽省芜湖市三山区龙湖螃蟹矶村金家村,,,,,118.325233,31.251520
观音庵,汉语系,代术勇,年代不详,安徽省,芜湖市,三山区,安徽省芜湖市三山区峨桥镇响水涧村龟山新庄,,,,,118.309273,31.134901
龙湖彭村宗教固定场所,汉语系,张大龙,,安徽省,芜湖市,三山区,安徽省芜湖市三山区龙湖彭村,,,,,118.390137,31.203861
迎山寺,汉语系,罗先广,年代不详,安徽省,芜湖市,无为县,安徽省芜湖市无为县红庙镇东李村,迎山寺始建于明朝洪武年间，是安徽省重点文化保护单位，寺内有五百罗汉堂、千手观音，如今香火鼎盛，香客如云。,,,,117.799942,31.396711
双泉寺,汉语系,王彭龄,年代不详,安徽省,芜湖市,无为县,安徽省芜湖市无为县蜀山镇周家大山,双泉寺在无为县百胜镇，坐落于国家森林公园周家大山脚下。创自六朝，三国吴赤乌甲申年已有该寺，是安徽佛教祖庭之一，久享盛名，至今已有1700多年历史。双泉寺遭难于历代兵燹，原貌已非复存。现仅存清朝康熙年间石佛两尊和清朝重建的大雄宝殿，观音殿、天王殿和寮房，已经修复还原。,,,国家AAA级旅游景区,117.617012,31.241201
地王阁,汉语系,徐经钱,年代不详,安徽省,芜湖市,无为县,安徽省芜湖市无为县十里乡龙华村,地王阁庙地处无为县城正南方，距县城7．5公里，是一座历史悠久的古刹，始建于唐朝贞观年间（有碑为证），名曰延福寺。,,,,117.898689,31.244661
西九华寺,汉语系,邢一文,年代不详,安徽省,芜湖市,无为县,安徽省芜湖市无为县开城镇都督村,安徽无为县西九华寺，该寺在无为县六店乡境内，坐落于巢湖无为、庐江交界处的都督山，为巢湖市重点寺庙，始建于宋景德年间，原名岩石寺，历经战火与文革毁建多次。有松柏环饶古寺，整个寺院在著名都督山顶，依悬崖峭壁九丈石而建，在蓝天白云之下，有青山裹古寺，古寺饶巨岩，观之雄伟，气势非凡。,,,,117.642204,31.288923
万云寺,汉语系,郭兴好,,安徽省,芜湖市,无为县,安徽省芜湖市无为县开城镇独山村,,,,,117.703827,31.295900
东湖寺,汉语系,舒和平,,安徽省,芜湖市,无为县,安徽省芜湖市无为县牛埠镇蔚山村,,,,,117.669159,31.032711
刘公庙,汉语系,毕功明,,安徽省,芜湖市,无为县,安徽省芜湖市无为县姚沟镇姚沟社区,,,,,117.908577,31.147980
北汰寺,汉语系,倪跃文,,安徽省,芜湖市,无为县,安徽省芜湖市无为县无城镇仓头社区,,,,,117.973686,31.370422
华严庵,汉语系,马翠兰,,安徽省,芜湖市,无为县,安徽省芜湖市无为县牛埠镇东河村,,,,,117.645538,31.049231
南汰念佛堂,汉语系,张成玉,,安徽省,芜湖市,无为县,安徽省芜湖市无为县无城镇风河社区,,,,,117.901428,31.302822
回龙寺,汉语系,胡玉昌,,安徽省,芜湖市,无为县,安徽省芜湖市无为县襄安镇竹园村,,,,,117.799393,31.194910
圆觉寺,汉语系,释演超,,安徽省,芜湖市,无为县,安徽省芜湖市无为县襄安镇马腰村,,,,,117.860107,31.197542
天花寺,汉语系,陈效芳,,安徽省,芜湖市,无为县,安徽省芜湖市无为县石涧镇天花村,,,,,117.850624,31.396032
太平寺,汉语系,郭永贵,,安徽省,芜湖市,无为县,安徽省芜湖市无为县襄安镇沈马村,,,,,117.840050,31.192039
太平寺（开城镇）,汉语系,丁春芳,,安徽省,芜湖市,无为县,安徽省芜湖市无为县开城镇万村村,,,,,117.747643,31.290760
太平寺（石涧镇）,汉语系,栗文义,,安徽省,芜湖市,无为县,安徽省芜湖市无为县石涧镇太平村,,,,,117.900818,31.454672
宝林寺,汉语系,项本朝,,安徽省,芜湖市,无为县,安徽省芜湖市无为县严桥镇龙场村,,,,,117.730682,31.414579
小东庙,汉语系,袁治峰,,安徽省,芜湖市,无为县,安徽省芜湖市无为县严桥镇走马村,,,,,117.710274,31.401773
居林寺,汉语系,陈修报,,安徽省,芜湖市,无为县,安徽省芜湖市无为县福渡镇铁圩村,,,,,118.008888,31.290863
广龙寺,汉语系,许春水,,安徽省,芜湖市,无为县,安徽省芜湖市无为县昆山乡车门村,,,,,117.603081,31.035320
延寿寺,汉语系,朱金花,,安徽省,芜湖市,无为县,安徽省芜湖市无为县昆山乡田蒲村,,,,,117.575821,31.045431
永宁禅寺,汉语系,沙虹,,安徽省,芜湖市,无为县,安徽省芜湖市无为县姚沟镇姚沟社区,,,,,117.908577,31.147980
沿江寺,汉语系,周绍青,,安徽省,芜湖市,无为县,安徽省芜湖市无为县泥汊镇泥汊社区,,,,,117.982841,31.178249
泊佛寺,汉语系,智藏,,安徽省,芜湖市,无为县,安徽省芜湖市无为县蜀山镇幸福村,,,,,117.621773,31.178911
清洁寺,汉语系,赵一志,,安徽省,芜湖市,无为县,安徽省芜湖市无为县无城镇城东社区王福村,,,,,117.928871,31.296112
王千户庙,汉语系,宋昌云,,安徽省,芜湖市,无为县,安徽省芜湖市无为县襄安镇沈马村,,,,,117.840050,31.192039
白云寺,汉语系,张永龙,,安徽省,芜湖市,无为县,安徽省芜湖市无为县鹤毛乡岳山村,,,,,117.543175,31.129723
白鹤寺,汉语系,万月娇,,安徽省,芜湖市,无为县,安徽省芜湖市无为县襄安镇胜利社区,,,,,117.775864,31.188147
皇图寺,汉语系,章素梅,,安徽省,芜湖市,无为县,安徽省芜湖市无为县石涧镇黄图村,,,,,117.914299,31.439991
碧云寺,汉语系,徐经林,,安徽省,芜湖市,无为县,安徽省芜湖市无为县昆山乡大安山,,,,,117.595390,31.025331
祠山殿,汉语系,谢仝英,年代不详,安徽省,芜湖市,无为县,安徽省芜湖市无为县十里乡祠山村,,,,,117.893112,31.224152
纯疃庙,汉语系,朱庆珍,,安徽省,芜湖市,无为县,安徽省芜湖市无为县石涧镇纯疃村,,,,,117.886513,31.430021
茅王庙,汉语系,徐自华,,安徽省,芜湖市,无为县,安徽省芜湖市无为县石涧镇青台村,,,,,117.896332,31.407963
观音寺,汉语系,吴树忠,,安徽省,芜湖市,无为县,安徽省芜湖市无为县高沟镇新沟社区,,,,,117.948082,31.092291
观音庙,汉语系,李传秀,,安徽省,芜湖市,无为县,安徽省芜湖市无为县陡沟镇寨口村,,,,,118.051102,31.383492
观音庵（陡沟镇）,汉语系,邢少杰,,安徽省,芜湖市,无为县,安徽省芜湖市无为县陡沟镇天桥村,,,,,118.020134,31.358101
观音禅林,汉语系,汪秀芳,,安徽省,芜湖市,无为县,安徽省芜湖市无为县刘渡镇爱国社区,,,,,117.810852,31.144571
观音阁,汉语系,心求,年代不详,安徽省,芜湖市,无为县,安徽省芜湖市无为县洪巷乡青岗村,,,,国家AAAAA级风景名胜古迹旅游景区,117.733818,31.094393
贵山寺,汉语系,王守军,,安徽省,芜湖市,无为县,安徽省芜湖市无为县陡沟镇贵山村,,,,,118.057327,31.309441
迎河寺,汉语系,花维财,,安徽省,芜湖市,无为县,安徽省芜湖市无为县开城镇保胜村,,,,,117.727173,31.293760
郭公庙,汉语系,徐学好,,安徽省,芜湖市,无为县,安徽省芜湖市无为县泥汊镇三溪村,,,,,117.938713,31.212942
雨坛寺,汉语系,孔祥武,,安徽省,芜湖市,无为县,安徽省芜湖市无为县十里乡虹桥社区,,,,,117.888809,31.215910
震武殿,汉语系,叶春芳,,安徽省,芜湖市,无为县,安徽省芜湖市无为县高沟镇龙庵社区,,,,,117.944862,31.115091
青苔寺,汉语系,胡昌珍,,安徽省,芜湖市,无为县,安徽省芜湖市无为县石涧镇青台村,,,,,117.896332,31.407963
静屏寺,汉语系,夏满蓬,,安徽省,芜湖市,无为县,安徽省芜湖市无为县鹤毛乡万年台村,,,,,117.552673,31.086721
黄雒念佛堂,汉语系,路家福,,安徽省,芜湖市,无为县,安徽省芜湖市无为县无城镇仓头社区,,,,,117.973686,31.370422
龙泉寺,汉语系,孙翠萍,,安徽省,芜湖市,无为县,安徽省芜湖市无为县石涧镇竹园村,,,,,117.901054,31.430132
龙王庙（刘渡镇）,汉语系,姚武杰,,安徽省,芜湖市,无为县,安徽省芜湖市无为县刘渡镇团结村,,,,,117.811058,31.160883
龙王庙（石涧镇）,汉语系,邢一德,,安徽省,芜湖市,无为县,安徽省芜湖市无为县石涧镇太平山,,,,,117.886513,31.430021
慈云寺,汉语系,张德英,,安徽省,芜湖市,无为县,安徽省芜湖市无为县石涧镇孙岗村,,,,,117.895683,31.429670
慈山寺,汉语系,张顺奇,,安徽省,芜湖市,无为县,安徽省芜湖市无为县严桥镇洪口村,,,,,117.730682,31.414579
戴庄禅寺,汉语系,刘支雨,,安徽省,芜湖市,无为县,安徽省芜湖市无为县无城镇仓头社区,,,,,117.973686,31.370422
打鼓庙,汉语系,释弥珍,,安徽省,芜湖市,无为县,安徽省芜湖市无为县石涧镇打鼓村,,,,,117.875221,31.476912
报国寺,汉语系,万守金,,安徽省,芜湖市,无为县,安徽省芜湖市无为县开城镇羊山村,,,,,117.771660,31.318512
文印庵,汉语系,范叶珍,,安徽省,芜湖市,无为县,安徽省芜湖市无为县无城镇芝山社区,,,,,117.909599,31.293949
新佛寺,汉语系,杨青海,,安徽省,芜湖市,无为县,安徽省芜湖市无为县高沟镇新沟社区,,,,,117.948082,31.092291
明心寺,汉语系,王小姐,,安徽省,芜湖市,无为县,安徽省芜湖市无为县昆山乡双河村,,,,,117.532494,31.020433
普润寺,汉语系,钱之亮,,安徽省,芜湖市,无为县,安徽省芜湖市无为县泉塘镇祁雨山,,,,,117.693771,31.196232
普渡禅寺,汉语系,范伟,,安徽省,芜湖市,无为县,安徽省芜湖市无为县十里乡观音村,,,,,117.894592,31.269291
曹王庙,汉语系,李同好,,安徽省,芜湖市,无为县,安徽省芜湖市无为县襄安镇新生村,,,,,117.774178,31.222393
佛来寺,汉语系,圣修,2010-10-12,安徽省,芜湖市,芜湖县,安徽省芜湖市芜湖县六郎镇殷港村,,,,,118.497810,31.274384
关帝寺,汉语系,李兴水,,安徽省,芜湖市,芜湖县,安徽省芜湖市芜湖县六郎镇新港村,,,,,118.486282,31.296122
华严寺,汉语系,梅既林,,安徽省,芜湖市,芜湖县,安徽省芜湖市芜湖县红杨镇珩琅村,,,,,118.498711,30.957001
梵音寺,汉语系,王玉芳,1995-06-10,安徽省,芜湖市,芜湖县,安徽省芜湖市芜湖县花桥镇庙音村,,,,,118.631058,31.238241
灵观寺,汉语系,刘海林,2012-05-20,安徽省,芜湖市,芜湖县,安徽省芜湖市芜湖县红杨镇珩琅村,,,,,118.498711,30.957001
福星庵,汉语系,汪玉霞,1995-06-10,安徽省,芜湖市,芜湖县,安徽省芜湖市芜湖县湾沚镇城南村,,,,,118.568825,31.140339
蟠龙寺,汉语系,刘号山,,安徽省,芜湖市,芜湖县,安徽省芜湖市芜湖县东湖公园内,,,,,118.575867,31.149309
观音寺,汉语系,汪根泉,,安徽省,芜湖市,芜湖县,安徽省芜湖市芜湖县红杨镇珩琅村,,,,,118.498711,30.957001
悬月寺,汉语系,费洪祥,,安徽省,芜湖市,芜湖县,安徽省芜湖市芜湖县湾沚镇百花村,,,,,118.621452,31.036352
三圣古寺,汉语系,沈光启,,安徽省,芜湖市,弋江区,安徽省芜湖市弋江区火龙街道善瑞村,,,,,118.399559,31.226292
华藏寺,汉语系,李明华,,安徽省,芜湖市,弋江区,安徽省芜湖市弋江区白马街道塔影村,,,,,118.343513,31.231892
火龙念佛堂,汉语系,屈秀梅,,安徽省,芜湖市,弋江区,安徽省芜湖市弋江区火龙街道良福村,,,,,118.410431,31.269072
白马禅寺,汉语系,芮敖娣,,安徽省,芜湖市,弋江区,安徽省芜湖市弋江区火龙街道四联村,,,,,118.388573,31.233171
明珠寺,汉语系,释满龙,,安徽省,芜湖市,弋江区,安徽省芜湖市弋江区白马街道石硊社区,,,,,118.374657,31.190628
灵山寺,汉语系,宽见,年代不详,安徽省,宣城市,广德县,安徽省广德县卢村乡桃山村灵山寺组,灵山寺，位于安徽省广德县卢村乡建平村灵山寺村民组，在过去1000多年的历史中，因刘文静和慧琳、宗杲等众多名仕大贤而香火旺盛，颇具影响。,,,,119.334663,30.684940
云门寺,汉语系,释修成,,安徽省,宣城市,广德县,安徽省广德县新杭镇横岗村铜关岭,,,,,119.535583,31.144300
祠山寺,汉语系,明法,年代不详,安徽省,宣城市,广德县,安徽省广德县横山国家森林公园,,,,,119.404007,30.904409
紫金寺,汉语系,付达良,,安徽省,宣城市,广德县,安徽省广德县邱村镇李村村黄金山,,,,,119.391502,31.149813
普济寺,汉语系,陈存林,,安徽省,宣城市,广德县,安徽省广德县杨滩乡胡村海口冲,,,,,119.174278,30.708801
灵山庵,汉语系,冯建霞,,安徽省,宣城市,绩溪县,安徽省宣城市绩溪县瀛洲镇龙川村坑口组,,,,,118.671677,30.076651
银屏寺,汉语系,暂缺,,安徽省,宣城市,绩溪县,安徽省宣城市绩溪县荆州乡九华村,,,,,118.882881,30.204441
台泉寺,汉语系,丁满昌,明朝隆庆三年,安徽省,宣城市,泾县,安徽省宣城市泾县泾川镇石山村,泾县泾川镇台泉寺地处县城东郊七公里处石山头上，205国道迂山脚穿境而过，交通十分便利。台泉寺始建于明朝隆庆三年，清朝康熙二十七年修建，乾隆三十七年又扩建为九十九间，寺庙原貌极为壮观，名列全县寺庙之首。,,,,118.446098,30.625980
宝胜寺,汉语系,晋从恩,年代不详,安徽省,宣城市,泾县,安徽省宣城市泾县泾川镇水西居委会赵家村组,宝胜寺在县城西郊水西，距城2公里。始建于南北朝时代，系县内尚存最古老寺庙。唐代高僧黄檗禅师住持于此。,,,,118.421730,30.633883
佛宝寺,汉语系,殷大明,2006-05-26,安徽省,宣城市,泾县,安徽省宣城市泾县茂林镇琴奎峰村,,,,,118.263077,30.516602
北斗山寺,汉语系,师明秀,,安徽省,宣城市,泾县,安徽省宣城市泾县蔡村镇上胡村一组,,,,,118.613640,30.733301
圆觉寺,汉语系,何树忠,,安徽省,宣城市,泾县,安徽省宣城市泾县榔桥镇白华村,,,,,118.479301,30.508640
岩龙寺,汉语系,陆仁郎,,安徽省,宣城市,泾县,安徽省宣城市泾县琴溪镇赤滩老街75号,,,,,118.496170,30.728552
耸壁寺,汉语系,肖龙坤,1996-03-28,安徽省,宣城市,泾县,安徽省宣城市泾县黄村镇沙元村,,,,,118.203888,30.560961
观音阁,汉语系,闵六寿,年代不详,安徽省,宣城市,泾县,安徽省宣城市泾县泾川镇晏公村街道,,,,国家AAAAA级风景名胜古迹旅游景区,118.417458,30.690411
青莲庵,汉语系,瞿蓉辉,,安徽省,宣城市,泾县,安徽省宣城市泾县泾川镇水西居委会赵家村组,,,,,118.421730,30.633883
文殊院,汉语系,吴友霞,,安徽省,宣城市,泾县,安徽省宣城市泾县桃花潭镇琴查济村,,,,,118.152969,30.485052
斗室寺,汉语系,万双喜,,安徽省,宣城市,泾县,安徽省宣城市泾县丁家桥镇小岭村,,,,,118.308067,30.682680
普云寺,汉语系,肖莲荣,,安徽省,宣城市,泾县,安徽省宣城市泾县桃花潭镇宝峰村,,,,,118.076141,30.550072
凫山殿,汉语系,程国喜,,安徽省,宣城市,旌德县,安徽省宣城市旌德县旌阳镇凫山八亩,,,,,118.584641,30.362371
梓山观音庙,汉语系,王忠祥,,安徽省,宣城市,旌德县,安徽省宣城市旌德县旌阳镇瑞市社区梓山上,,,,,118.550308,30.279562
梓福禅寺,汉语系,傅立旺,,安徽省,宣城市,旌德县,安徽省宣城市旌德县旌阳镇浩庄二组,,,,,118.564880,30.276484
狮山古寺,汉语系,刘新根,,安徽省,宣城市,旌德县,安徽省宣城市旌德县白地镇江村六分组聚秀片2号,,,,,118.389740,30.211840
舍利精舍,汉语系,纪心梅,,安徽省,宣城市,旌德县,安徽省宣城市旌德县三溪镇强村外胡7组,,,,,118.433250,30.374712
护国寺,汉语系,刘智存,年代不详,安徽省,宣城市,郎溪县,安徽省宣城市郎溪县梅渚镇街道,梅渚小九华护国寺大雄宝殿工程，在设计主体上采用了唐式建筑风格。因中国唐代的建筑风格最具古朴典雅、气势恢宏的艺术特色。其以木构为主的建筑规制，使唐式圆润的架构、准确的造型、劲健的线条、强烈的质感得以充分的体现，同时亦使得崇高磅礴的佛教内心世界与质朴恢弘的外部建筑形貌相融合，鲜明地突出了本寺庄严、雄劲、大气、典雅的整体建筑风格！护国寺大雄宝殿建筑面积为1120.8平方米，九开间，进深25.8米，宽41.7米，高22米，殿中梁柱直径达76厘米。其雄浑大气、庄重大方、舒展朴实、色调简洁明快的特点，极具中华传统汉唐文明的建筑之风。本寺大殿设计采用全木建筑结构，均由国外进口红木菠萝格建造而成。斗拱、柱子、房梁等木建筑构件均是唐式建筑力学与美学的完美结合。护国寺大雄宝殿的设计规划是由本寺住持上能下元法师亲自设计酝酿，力求建造优秀庄严的全木结构唐代大殿，全殿造价预计达一千七百万元以上。待小九华护国寺整体工程竣工后，本寺将成为国内少有，且郎溪唯一仅见的唐代风格的古建筑群。游人若站在远处眺望小九华护国寺，可见高低错落、雄伟富丽的轮廊，在阁宇绿树的相互衬映下，尽展汉唐古典园林之美，使江南古刹的风采在郎溪梅渚得以重现!,,,,119.219368,31.257412
宝光寺,汉语系,朱小亮,,安徽省,宣城市,郎溪县,安徽省宣城市郎溪县十字镇十字茶场二分场,,,,,119.147362,31.003851
永庆寺,汉语系,王彩仁,2006-04-20,安徽省,宣城市,郎溪县,安徽省宣城市郎溪县建平镇盆形村盆形组,,,,,119.212402,31.056252
盘龙寺,汉语系,喻兴财,,安徽省,宣城市,郎溪县,安徽省宣城市郎溪县姚村石佛山潘村村南山组,,,,,119.084160,30.889450
黄香殿,汉语系,王彩林,2005-11-01,安徽省,宣城市,郎溪县,安徽省宣城市郎溪县飞鲤镇黄香村,,,,,119.064102,31.087730
三圣阁,汉语系,毛家和,,安徽省,宣城市,宁国市,安徽省宣城市宁国市南极乡南极村,,,,,119.013329,30.363531
凤栖寺,汉语系,王六宝,,安徽省,宣城市,宁国市,安徽省宣城市宁国市梅林镇阳山村,,,,,119.235107,30.585951
大慈庵,汉语系,陈怀娥,,安徽省,宣城市,宁国市,安徽省宣城市宁国市西津街道办事处潘村,,,,,118.980545,30.650352
宁元寺,汉语系,释妙幢,,安徽省,宣城市,宁国市,安徽省宣城市宁国市河沥街道办事处平兴村老虎山,,,,,119.017288,30.631599
延庆寺,汉语系,王桂珍,2009-02-15,安徽省,宣城市,宁国市,安徽省宣城市宁国市汪溪街道办事处殷白村,,,,,118.991119,30.728642
杨山念佛堂,汉语系,殷根发,2013-09-12,安徽省,宣城市,宁国市,安徽省宣城市宁国市仙霞镇杨山村,,,,,119.257561,30.391251
桃园庵,汉语系,石乾荣,2006-08-21,安徽省,宣城市,宁国市,安徽省宣城市宁国市港口镇山门村,,,,,118.886368,30.678202
永乐寺,汉语系,周泽峰,1996-03-20,安徽省,宣城市,宁国市,安徽省宣城市宁国市万家乡西泉村,,,,,119.159531,30.334162
白云禅寺,汉语系,洛珍,,安徽省,宣城市,宁国市,安徽省宣城市宁国市方塘乡潘茶村,,,,,118.753311,30.485117
通灵禅寺,汉语系,梅富茂,,安徽省,宣城市,宁国市,安徽省宣城市宁国市汪溪街道办事处殷白村,,,,,118.991119,30.728642
镇口禅寺,汉语系,潘儒国,,安徽省,宣城市,宁国市,安徽省宣城市宁国市港口镇港口街道,,,,,118.918259,30.726952
静居寺,汉语系,孙胜智,2009-02-15,安徽省,宣城市,宁国市,安徽省宣城市宁国市宁墩镇纽乐村,,,,,119.118004,30.482111
黄岗念佛堂,汉语系,余啟忠,2010-10-28,安徽省,宣城市,宁国市,安徽省宣城市宁国市宁墩镇黄岗村,,,,,119.140968,30.451212
龙华寺,汉语系,徐宗保,2013-07-09,安徽省,宣城市,宁国市,安徽省宣城市宁国市万家乡大龙村,,,,,119.195930,30.351292
龙头寺,汉语系,释慧如,,安徽省,宣城市,宁国市,安徽省宣城市宁国市中溪镇夏林村,,,,,119.229408,30.493950
惠云禅寺,汉语系,释妙幢,,安徽省,宣城市,宁国市,安徽省宣城市宁国市青龙乡青龙湖秀云岛,,,,,118.909851,30.619263
普济禅寺,汉语系,黄秀珍,2013-09-12,安徽省,宣城市,宁国市,安徽省宣城市宁国市竹峰街道办事处蟠龙村,,,,,118.884552,30.526182
弘愿寺,汉语系,田志成,年代不详,安徽省,宣城市,宣州区,安徽省宣城市宣州区敬亭山风景区林场村,弘愿寺位于安徽省宣城市敬亭山脚下，前身为大唐广教寺，为唐代大中年间黄檗禅师创建，历代高僧辈出，化导普广，近代毁于战火，唯存宋代“双塔”，即广教寺双塔，现为国家文物保护单位。经省市两级人民政府批准，大唐广教寺二00四年恢复重建，移迁新址，更名为“弘愿寺”。,,,,118.744247,30.972151
普慧寺,汉语系,智艳军,年代不详,安徽省,宣城市,宣州区,安徽省宣城市宣州区洪林镇东华山村东华山组,东华山普慧禅寺地处安徽省宣城市东南方，三面环山，景色怡人，植被丰富，属九华山一脉，山有九峰宛如九龙，生气盎然，是修身养性之风水宝地。,,,,119.029900,30.932041
云山寺,汉语系,暂缺,,安徽省,宣城市,宣州区,安徽省宣城市宣州区狸桥镇金云村三定村民组,,,,,118.932442,31.212181
京城寺,汉语系,管秀道,2008-10-17,安徽省,宣城市,宣州区,安徽省宣城市宣州区夏渡国家森林公园内,,,,,118.783508,30.920343
京山堂,汉语系,管秀道,,安徽省,宣城市,宣州区,安徽省宣城市宣州区溪口镇金龙村丁戴组,,,,,118.683929,30.712322
佛林净寺,汉语系,何毅芳,2004-01-24,安徽省,宣城市,宣州区,安徽省宣城市宣州区飞彩办事处团山村李村组,,,,,118.677284,30.947252
双塘念佛堂,汉语系,暂缺,,安徽省,宣城市,宣州区,安徽省宣城市宣州区沈村镇双塘村正小湾组,,,,,118.838913,30.960499
回龙寺,汉语系,姚玉宁,,安徽省,宣城市,宣州区,安徽省宣城市宣州区黄渡乡杨林村十二村民组,,,,,118.909218,30.755001
圣泉寺,汉语系,徐觉爱,年代不详,安徽省,宣城市,宣州区,安徽省宣城市宣州区金坝办事处关庙村张庄组,,,,国家AAA级旅游景区,118.688728,30.905891
地藏寺,汉语系,徐四平,,安徽省,宣城市,宣州区,安徽省宣城市宣州区周王镇红杨村葛村组,,,,,118.697754,30.774473
天台寺,汉语系,唐自强,年代不详,安徽省,宣城市,宣州区,安徽省宣城市宣州区黄渡乡,,,,,118.847832,30.799053
天竺禅寺,汉语系,许其生,,安徽省,宣城市,宣州区,安徽省宣城市宣州区养贤乡大山庵村大山庵村民组,,,,,118.707939,31.068022
宁东寺,汉语系,王有根,,安徽省,宣城市,宣州区,安徽省宣城市宣州区水东镇龙泉社区三角花园组,,,,,118.960892,30.787174
宝安禅寺,汉语系,冯志财,2006-10-18,安徽省,宣城市,宣州区,安徽省宣城市宣州区金坝街道竹公村孙巷组,,,,,118.655411,30.874002
广教寺,汉语系,释圣富,2006-03-03,安徽省,宣城市,宣州区,安徽省宣城市宣州区敬亭山风景区林场村1队,,,,,118.744247,30.972151
柏枧寺,汉语系,释道华,,安徽省,宣城市,宣州区,安徽省宣城市宣州区黄渡乡柏枧村佘家村民组,,,,,118.845390,30.726004
永丰寺,汉语系,张文祥,2006-10-18,安徽省,宣城市,宣州区,安徽省宣城市宣州区金坝街道长桥社区长桥组,,,,,118.677368,30.878078
玉皇禅院,汉语系,叶全心,,安徽省,宣城市,宣州区,安徽省宣城市宣州区洪林镇麻姑山林场,,,,,118.955879,30.966528
罗汉寺,汉语系,梁监,2013-09-06,安徽省,宣城市,宣州区,安徽省宣城市宣州区孙埠镇孙埠社区大公组,,,,,118.888832,30.898888
羲缘寺,汉语系,任志佳,2013-09-06,安徽省,宣城市,宣州区,安徽省宣城市宣州区沈村镇丁店村燕子窝组,,,,,118.891678,30.974613
翠云庵,汉语系,释悟昧,,安徽省,宣城市,宣州区,安徽省宣城市宣州区敬亭山风景区林场村,,,,,118.744247,30.972151
西是庵,汉语系,经亚男,1998-04-30,安徽省,宣城市,宣州区,安徽省宣城市宣州区水阳镇宋一村民组,,,,,118.786293,31.224522
观音寺,汉语系,释慧如,,安徽省,宣城市,宣州区,安徽省宣城市宣州区西林办事处状元北路,,,,,118.740387,30.940401
觉海寺,汉语系,释果海,2003-11-30,安徽省,宣城市,宣州区,安徽省宣城市宣州区溪口镇华阳社区牛头山组,,,,,118.751991,30.625412
象山念佛堂,汉语系,孙秀彬,,安徽省,宣城市,宣州区,安徽省宣城市宣州区周王镇金棚村蓬村组,,,,,118.687668,30.760122
金宝寺,汉语系,王少武,,安徽省,宣城市,宣州区,安徽省宣城市宣州区水阳镇雁翅社区杨悍村民组,,,,,118.703468,31.276224
长水寺,汉语系,释圣富,,安徽省,宣城市,宣州区,安徽省宣城市宣州区向阳镇双河村八宝山,,,,,118.815468,30.908281
龙泉寺,汉语系,释宗果,,安徽省,宣城市,宣州区,安徽省宣城市宣州区溪口镇金牌村板桥组,,,,,118.675278,30.688414
龙溪念佛堂,汉语系,侯玉华,,安徽省,宣城市,宣州区,安徽省宣城市宣州区狸桥镇陈村宝塔村民组,,,,,118.789078,31.207821
普善寺,汉语系,余天元,,安徽省,宣城市,宣州区,安徽省宣城市宣州区双桥办事处双桥街道,,,,,118.812859,30.953569
普宁寺,汉语系,杨翠平,,安徽省,宣城市,宣州区,安徽省宣城市宣州区水东镇碧山村汪村村民组,,,,,119.000244,30.808401
普济寺,汉语系,孙长华,,安徽省,宣城市,宣州区,安徽省宣城市宣州区孙埠镇七桥村王麻组,,,,,118.903938,30.907661
普渡禅寺,汉语系,鲁春明,,安徽省,宣城市,宣州区,安徽省宣城市宣州区澄江办城北社区凤凰山57号,,,,,118.627151,30.833162
延寿寺,汉语系,常坚,年代不详,北京市,,昌平区,北京市昌平区长陵镇北庄村,延寿寺风景区位于昌平区延寿镇北庄村西北，距北京市区约52公里。景区途径中外驰名的明十三陵，处在通往慕田峪长城、银山塔林的必经之路上。,,,,116.345108,40.369633
和平寺,汉语系,德禅,年代不详,北京市,,昌平区,北京市昌平区南口镇花塔村,和平寺是北京市文物保护单位。位于北京城东北昌平区南口镇花塔村。由唐代名将尉迟恭临建，由唐太宗李世民御笔亲书。古有“先有和平寺后有潭柘寺”之说。寺前石阶33级，分东西两院。东院主体建筑有正殿、弥陀殿、菩萨殿。正殿面阔3间136米，前廊后厦，进深74米。正殿西为弥陀殿。西院有配殿1间，配房3间。,,,,116.068573,40.222031
雍和宫,藏语系,胡雪峰,年代不详,北京市,,东城区,北京市东城区雍和宫大街12号,雍和宫（TheLamaTemple）位于北京市区东北角，清康熙三十三年（1694年），康熙帝在此建造府邸、赐予四子雍亲王，称雍亲王府。雍正三年（1725年），改王府为行宫，称雍和宫。雍正十三年（1735年），雍正驾崩，曾于此停放灵柩，因此，雍和宫主要殿堂原绿色琉璃瓦改为黄色琉璃瓦。又因乾隆皇帝诞生于此，雍和宫出了两位皇帝，成了“龙潜福地”，所以殿宇为黄瓦红墙，与紫禁城皇宫一样规格。乾隆九年（1744年），雍和宫改为喇嘛庙，特派总理事务王大臣管理本宫事务，无定员。可以说，雍和宫是清朝中后期全国规格最高的一座佛教寺院。,,,,116.416700,39.947160
通教寺,汉语系,思智,年代不详,北京市,,东城区,北京市东城区东直门内北小街针线胡同19号,通教寺位于北京市东直门内针线胡同的尼僧寺庙，它的历史可追溯到明代。它最早为明代一太监创建，清代明改建为尼寺，更名为“通教禅林”。1942年，开慧胜雨对该寺进行了扩建。将山门改为坐西朝东，又迁移寺庙周围的居民，庙区扩大到4亩多地，还将庙更名为“通教寺”。,,,,116.426570,39.944140
云居寺,汉语系,,隋末唐初（公元605—618年）,北京市,,房山区,北京市房山区大石窝镇水头村,云居寺位于北京西南房山区大石窝镇水头村，距市中心70公里。占地面积70000多平方米。由云居寺、石经山藏经洞、唐辽塔群构成中国佛教文化特色一大宝库。,,,国家AAAA级旅游景区,115.772408,39.613731
药师寺,汉语系,性然,,北京市,,房山区,北京市房山区周口店镇涞沥水村,药师寺位于北京市房山区周口店镇涞沥水村小旮旯沟的阳面山坡上。据考，药师寺始建于唐朝中期，后毁于火灾，又于明代复建。药师寺所处的涞沥水村，山高林密、植被茂盛，中草药品种繁多。经中草药长期浸泡的山泉水，有一定的医疗效果。用当地山泉水治愈各种病患的神奇故事不胜枚举。于是，便有了药师佛在此地“显灵”之传说，也就有了供奉药师佛的药师寺。,,,,115.840347,39.694481
天开寺,汉语系,延佛,年代不详,北京市,,房山区,北京市房山区韩村河镇龙门口村,天开寺，位於北京市房山区韩村河镇龙门生态园内元宝山上，是北京境内历史最悠久古刹之一，距今己有1950多年的历史，也是释迦牟尼佛骨舍利出土的圣地。（据历史记载，天开寺塔内供有15颗佛舍利）。因此天开寺成为闻名世界的佛教圣地。,,,,115.904297,39.612923
乐佛寺,汉语系,,年代不详,北京市,,房山区,北京市房山区十渡镇普渡山庄,乐佛寺，是一座汉传佛教寺院，位于北京市房山区中国房山世界地质公园十渡园区十一渡乐佛山景区。,,,,115.575409,39.634727
圣泉寺,汉语系,如愿,,北京市,,怀柔区,北京市怀柔区桥梓镇口头村,圣泉寺位于北京怀柔区慕田峪长城和红螺寺景区之间，面积4平方公里。紧临怀沙旅游公路，交通便利。景区山水奇美，幽静深远，集众多自然、人文景观于一体，适宜登山健身、休闲观光，探身仿古、礼佛拜祖的国家2A级旅游风景区。,,,国家AA级旅游风景区,116.572762,40.360374
朝阳寺,汉语系,明月,明万历年间,北京市,,怀柔区,北京市怀柔区怀柔镇甘涧峪村,朝阳寺位于北京市怀柔区怀柔镇甘涧峪村灵慧山内，始建于明万历年间，复建于清咸丰六年，因背山瞰谷，坐镇朝阳，日出早日落晚，气候宜人而得名。朝阳寺寺院坐北向南依山而建，是典型的寺庙三重殿格局。,,,,116.588089,40.384914
潭柘寺,汉语系,常道,西晋,北京市,,门头沟区,北京市门头沟区潭柘寺镇,潭柘寺位于北京西部门头沟区东南部的潭柘山麓，距市中心30余公里。寺院坐北朝南，背倚宝珠峰。潭柘寺寺内占地2.5公顷，寺外占地11.2公顷，再加上周围由潭柘寺所管辖的森林和山场，总面积达121公顷以上。,,,,116.030090,39.879051
戒台寺,汉语系,妙有,年代不详,北京市,,门头沟区,北京市门头沟区永定镇戒台寺,戒台寺位于北京市门头沟区的马鞍山上，始建于唐武德五年（公元622年），原名慧聚寺，明朝英宗皇帝赐名为万寿禅寺，因寺内建有全国最大的佛教戒坛，民间通称为戒坛寺，又叫戒台寺。,,,国家AAAA级旅游景区,116.086479,39.870811
普照寺,汉语系,法闻,辽代重熙八年（公元1039年）,北京市,,密云县,北京市密云县檀营乡,冶仙塔始建于辽代重熙八年（公元1039年），塔前有庙，名曰普照寺，明嘉靖·庚戌时，胡虏人来犯，殿宇毁于火，重修后改为普济寺。清乾隆四十三年（1778年），重修冶仙塔，并建南海大士佛殿之楹，光绪十五年（1889年），塔顶被雷击去（见民国三年《密云县志》卷一之四），后又重修。,,,,116.869209,40.390652
龙泉寺,汉语系,慧心,辽代应历初年,北京市,,密云县,北京市密云县白龙潭风景区,龙泉寺位于位于北京市海淀区西北边，凤凰岭自然风景区内，座落在北京西山凤凰岭山脚下，是一座汉传佛教寺院，始建于辽朝应历初年。山门前两株遒劲的翠柏有六百多年，寺内还有两棵粗壮挺拔的银杏树和两株古柏，截至2015年，已有上千年树龄。龙泉寺原址坐西朝东，寺内一座独孔古石桥还保存完好。龙泉寺东面百米有继升塔，传说继升法师圆寂之日，众僧诵经49日，该塔发出的檀香味持续三年。[1],,,,117.070663,40.495312
大云峰禅寺,汉语系,觉缘,年代不详,北京市,,密云县,北京市密云县溪翁庄镇黑山寺村,大云峰禅寺，位于北京市密云县溪翁庄镇黑山寺村西、密云水库以西3公里，是一座汉传佛教寺院。,,,,116.783234,40.486980
法兴寺,汉语系,传达,,北京市,,密云县,北京市密云县西田各庄镇卸甲山村,,,,,116.764633,40.430820
双泉寺,汉语系,常藏,不详,北京市,,石景山区,北京市石景山区黑石头乡,双泉寺位于北京市石景山区黑石头乡双泉山上。寺庙始建年代。至迟在金代中期便已建成。为金章宗避暑之地，因寺右有双泉，故名。,,,,116.147240,39.960873
灵光寺,汉语系,常藏,,北京市,,石景山区,北京石景山区西山八大处,灵光寺，位于北京市石景山区翠微山东部西山八大处，是一座1200多年历史的佛家古刹。灵光寺是八大处的第二处寺院，始建于唐代大历年间（公元766至779年），初名龙泉寺，辽代曾扩建，金代改叫觉山寺，明代成化十五年重修后，才改称为灵光寺，此寺名一直沿用至今。,,,,116.185600,39.958580
大悲寺,汉语系,常藏,,北京市,,石景山区,北京市石景山区八大处公园四处,,,,,116.183838,39.960949
佑胜教寺,汉语系,然教,年代不详,北京市,,通州区,北京市通州区大成路1号,佑胜教寺，位於北京市通州区大成街1号，是一座汉传佛教寺院。,,,,116.657140,39.909980
天宁寺,汉语系,法恩,年代不详,北京市,,西城区,北京市西城区天宁寺前街甲3号,天宁寺位于中国北京市西城区广安门外护城河西岸北滨河路西侧的天宁寺前街上。寺中有北京最高的密檐式砖塔，为辽代时所建。,,,,116.346030,39.894170
广济寺,汉语系,演觉,,北京市,,西城区,北京西四阜内大街25号,广济寺位于位于北京城内西城区阜成门内大街25号。占地2.3公顷。始建于宋朝末年，名西刘村寺。明天顺初年重建，成化二年（1466）宪宗皇帝下诏命名“弘慈广济寺”。1931年寺院失火焚毁，1935年重建。,,,,116.372280,39.924716
广化寺,汉语系,怡学,年代不详,北京市,,西城区,北京市西城区鸦儿胡同31号,广化寺位于北京市西城区什刹海北边的鸦儿胡同31号，是一座北京著名的大型佛教寺院，也是北京市佛教协会所在地。广化寺坐落在什刹海后海的北岸，东邻银锭桥，西邻宋庆龄故居。全寺占地面积20余亩，拥有殿宇329间，共分中院、东院和西院三大院落。,,,,116.390540,39.941010
北京佛教居士林,汉语系,夏法圣,,北京市,,西城区,北京市西城区西安门大街129号,,,,,116.376010,39.922690
法源寺,汉语系,一诚,,北京市,,西城区,北京法源寺前街7号,,,,,116.369980,39.884360
龙泉寺,汉语系,,,北京市,北京市,海淀区,北京市海淀区凤凰岭路27号龙泉寺,,,,,116.091423,40.102982
长乐长限灵泉禅寺,汉语系,陈亚顺（释戒顺）,2011-09-01,福建省,福州市,,福建省福州市长乐营前街道长限村,,,,,119.486938,25.955261
福州种福寺,汉语系,释修光,年代不详,福建省,福州市,仓山区,福建省福州市仓山区三叉街埔尾29弄4,位于仓山区三山路右侧，原称圣王堂。该寺约建于明末清初。从西朝东，占地面积180平方米，该寺内为大殿、面阔三间，进深七柱，高约7米，天井、后殿、食堂。大殿祀千手观音佛左右两旁为十八罗汉，后殿祀玉皇、日月星宿。寺门旁有一棵松树约200多年的历史。,,,,119.395378,25.682373
福州龙江寺,汉语系,释通善,1998-01-01,福建省,福州市,仓山区,福建省福州市仓山区建新汇安村,龙江寺位于福州仓山区建新镇西郊洪塘高沙村龙腰山下，离福建农林大学西后门（农大蜂疗医院）约300米。是明代卓然的思想家、爱国志士，三一教创始人林龙江先生以其名号命名的惟一寺院。龙江寺的前身是“借借室”，至今已有四百五十多年的历史。,,,,119.273450,26.047690
福州万寿头陀寺,汉语系,释传和,,福建省,福州市,仓山区,福建省福州市仓山区仓前路311号,,,,,119.307830,26.043390
福州义序山定光寺,汉语系,释妙达,2011-12-29,福建省,福州市,仓山区,福建省福州市仓山区盖山镇义序村,,,,,119.324677,26.000534
福州九曲山瑞跡寺,汉语系,释本善,,福建省,福州市,仓山区,福建省福州市仓山区城门林浦九曲山,,,,,119.353058,26.001619
福州吴山埔山禅寺,汉语系,释省振,,福建省,福州市,仓山区,福建省福州市仓山区盖山镇吴山村,,,,,119.306610,25.992092
福州城门山禅寺,汉语系,释慧悦,,福建省,福州市,仓山区,福建省福州市仓山区城门下董村,,,,,119.379601,26.009670
福州城门慈航寺,汉语系,释印成,,福建省,福州市,仓山区,福建省福州市仓山区城门下洋下洲村68号,,,,,119.337059,25.994368
福州妙峰山妙峰禅寺,汉语系,释照清,,福建省,福州市,仓山区,福建省福州市仓山区建新镇洪塘妙峰山,,,,,119.240829,26.074221
福州普觉寺,汉语系,释朗音,,福建省,福州市,仓山区,福建省福州市仓山区建新淮安村,,,,,119.228920,26.095781
福州清凉寺,汉语系,释世起,1998-01-01,福建省,福州市,仓山区,福建省福州市仓山区观海路文藻巷31号,,,,,119.273450,26.047690
福州清凉山清凉禅寺,汉语系,释照昌,,福建省,福州市,仓山区,福建省福州市仓山区城门清凉山清富,,,,,119.408882,25.969641
福州燕山龙瑞寺,汉语系,释法宝,2011-12-01,福建省,福州市,仓山区,福建省福州市仓山区城门镇梁厝村,,,,,119.413597,25.996571
福州甘泉寺,汉语系,释长荣,1998-01-01,福建省,福州市,仓山区,福建省福州市仓山区城门连坂村,,,,,119.363686,26.012630
福州盖山九龙寺,汉语系,释法勤,1998-01-01,福建省,福州市,仓山区,福建省福州市仓山区盖山镇光桥村跃进乡,,,,,119.317093,26.009537
福州螺州灵山寺,汉语系,释普净,1998-01-01,福建省,福州市,仓山区,福建省福州市仓山区螺洲镇鳌山村,,,,,119.345093,25.996651
福州高湖静益寺,汉语系,释戒华,1998-01-01,福建省,福州市,仓山区,福建省福州市仓山区盖山镇高湖桥南,,,,,119.334229,26.025343
福州高盖山妙峰寺,汉语系,释齐平,,福建省,福州市,仓山区,福建省福州市仓山区盖山首山村高盖山,,,,,119.309311,26.008698
福清瑞岩寺,汉语系,释门慧,年代不详,福建省,福州市,福清市,福建省福清市海口瑞岩寺,天造弥勒——福清瑞岩寺，瑞岩寺位于福建省福清市境内的瑞岩山。北宋所建，距今约九百年历史。,,,,119.464218,25.711012
福清龙江福山寺,汉语系,释贤济,,福建省,福州市,福清市,福建省福清市龙江街道福山路,福山寺系唐进士郑侠创建于唐大中二年，一九九三年广济法师重修，是净士宗道场。,,,,119.406609,25.688641
福清海口报恩寺,汉语系,释善慈,,福建省,福州市,福清市,福建省福清市龙山街道,“报恩寺”遗址位于福建省福清市江阴南曹自然村南部的南山坳（报恩山），岭兜村的金峰山以北，新江公路以东约400米，南港大道南侧约200米。海拔高度约100多米处。现场挖掘出古井，门楣石，假山石，古僧侣用碗碎片（碗壁有类似莲花图案釉彩）等。,,,,119.399368,25.721731
福清东张应峰寺,汉语系,释德道,,福建省,福州市,福清市,福建省福清市东张镇三星村,,,,,119.232430,25.681763
福清东张灵石西山禅寺,汉语系,释龙光,,福建省,福州市,福清市,福建省福清市东张镇灵石国家森林公园内,,,,,119.222778,25.668341
福清东翰护国寺,汉语系,林国平,,福建省,福州市,福清市,福建省福清市东翰镇海亮村,,,,,119.384110,25.720240
福清五峰禅寺庙,汉语系,释定心,,福建省,福州市,福清市,福建省福清市龙田镇东峰村,,,,,119.404167,25.623140
福清南少林寺,汉语系,释永国,,福建省,福州市,福清市,福建省福清市东张镇南少林村,,,,,119.156715,25.729963
福清南岭大觉庵,汉语系,陈金秀,,福建省,福州市,福清市,福建省福清市南岭镇马斜,,,,,119.504189,25.769802
福清城头东岳寺,汉语系,张功华,,福建省,福州市,福清市,福建省福清市城头镇后俸村,,,,,119.535324,25.714590
福清城头麟山寺,汉语系,刘典茂,,福建省,福州市,福清市,福建省福清市城头镇星桥村山头顶,,,,,119.499733,25.709642
福清城头龙卧寺,汉语系,高兴波,,福建省,福州市,福清市,福建省福清市城头镇湖美村,,,,,119.510918,25.730932
福清城头龙岩寺,汉语系,陈恩雄,2012-08-25,福建省,福州市,福清市,福建省福清市城头镇岩斗村,,,,,119.489151,25.724195
福清宏路灵岩寺,汉语系,纪传莺,,福建省,福州市,福清市,福建省福清市宏路街道周店村,,,,,119.318291,25.672831
福清市新厝光贤亭寺,汉语系,林忠国,,福建省,福州市,福清市,福建省福清市新厝镇,,,,,119.252274,25.506983
福清新厝明善寺,汉语系,释源戒,,福建省,福州市,福清市,福建省福清市新厝镇江兜村,,,,,119.229111,25.482113
福清新厝本源庵,汉语系,释悲升,,福建省,福州市,福清市,福建省福清市新厝镇桥尾村,,,,,119.212029,25.488720
福清新厝漆林庵,汉语系,释金宗,,福建省,福州市,福清市,福建省福清市新厝镇漆林村,,,,,119.217133,25.486391
福清新厝福兴寺,汉语系,韩倩,,福建省,福州市,福清市,福建省福清市新厝镇桥尾村,,,,,119.212029,25.488720
福清新厝福源寺,汉语系,郑亚玉,2011-09-01,福建省,福州市,福清市,福建省福清市新厝镇桥尾村,,,,,119.212029,25.488720
福清新厝福田寺,汉语系,李荣珠,,福建省,福州市,福清市,福建省福清市新厝镇桥尾村福田寺,,,,,119.212029,25.488720
福清新厝韶溪亭,汉语系,释悟珠,2011-09-01,福建省,福州市,福清市,福建省福清市新厝镇江兜村,,,,,119.229111,25.482113
福清江镜柳圃寺,汉语系,释心觉,,福建省,福州市,福清市,福建省福清市江镜镇南华村,,,,,119.411873,25.581654
福清江阴竹埔寺,汉语系,林多光,,福建省,福州市,福清市,福建省福清市江阴镇高岭村,,,,,119.344604,25.524992
福清海口半岭寺,汉语系,释心乘,2011-09-01,福建省,福州市,福清市,福建省福清市海口镇农村,,,,,119.464859,25.697762
福清海口古迹寺,汉语系,周伟盈,,福建省,福州市,福清市,福建省福清市海口镇李厝村,,,,,119.426491,25.696962
福清海口瑞峰寺,汉语系,林运品,,福建省,福州市,福清市,福建省福清市海口镇海口村,,,,,119.464989,25.693401
福清渔溪资福禅寺,汉语系,释常杰,2011-09-01,福建省,福州市,福清市,福建省福清市渔溪镇下里村,,,,,119.285400,25.571854
福清渔溪霞瑶寺,汉语系,江礼木,,福建省,福州市,福清市,福建省福清市渔溪镇洪山村,,,,,119.302979,25.600552
福清灵石寺,汉语系,释照斌,,福建省,福州市,福清市,福建省福清市东张镇灵石国家森林公园内,,,,,119.222778,25.668341
福清玉屏万寿寺,汉语系,释广智,,福建省,福州市,福清市,福建省福清市大北路万寿寺,,,,,119.381691,25.727150
福清音西珠山寺,汉语系,陈建幼,,福建省,福州市,福清市,福建省福清市音西街道珠山村,,,,,119.337799,25.729113
福清高山崇恩寺,汉语系,释贤宏,,福建省,福州市,福清市,福建省福清市高山镇,,,,,119.563087,25.473633
福清黄檗山万福寺,汉语系,释悲升,,福建省,福州市,福清市,福建省福清市渔溪镇联华村,,,,,119.268013,25.629642
福清龙江北延庆寺,汉语系,刘典茂,,福建省,福州市,福清市,福建省福清市龙江街道霞楼,,,,,119.406609,25.688641
福清龙江钟山寺,汉语系,周文儒,2011-08-25,福建省,福州市,福清市,福建省福清市龙江街道松潭村,,,,,119.416679,25.702541
福清龙田吉水寺,汉语系,释法度,2011-09-01,福建省,福州市,福清市,福建省福清市龙田镇上苍村,,,,,119.403381,25.635841
福清龙田灵岩寺,汉语系,薛祥瑞,,福建省,福州市,福清市,福建省福清市龙田镇西坑村,,,,,119.423973,25.623981
福清龙田灵瑞禅寺,汉语系,释玄一,,福建省,福州市,福清市,福建省福清市龙田镇山头村,,,,,119.412560,25.612761
福清龙田灵隐寺,汉语系,林垂桔,,福建省,福州市,福清市,福建省福清市龙田镇友谊村灵隐寺,,,,,119.413094,25.639811
福清龙田登龙门观音阁,汉语系,王龙强,,福建省,福州市,福清市,福建省福清市龙田镇二村登龙门观音阁,,,,,119.469719,25.595972
福州大觉寺,汉语系,释日雄,1983-01-01,福建省,福州市,鼓楼区,福建省福州市鼓楼区东泰路大觉寺,大觉寺全称丁戊山大觉寺，位于福州市鼓楼区东泰路。始建于唐咸通十三年（872年），清咸丰年间（1851-1861年）比丘尼珠亮法师重修，属净土道场，1998年日雄法师、炎雄法师负责重建，寺院建筑三座，土木结构，大雄宝殿的结构为塔形，十分奇特。,,,,119.303162,26.083570
福州北禅寺,汉语系,释法贤,2011-12-01,福建省,福州市,鼓楼区,福建省福州市鼓楼区铜盘后台路13号,北禅寺位于福建省福州市面上，又名“北禅庵”，属临济宗。始建于唐朝，清姚循义《西湖志》载：“北禅寺在北关外五凤村”。后禅寺旋废。宋朝宰相李刚重建。明羡生法师修葺。清康熙癸丑年（1673年）郡人郑开极复建；清同治十三年重建。,,,,119.282501,26.104538
福州三界寺,汉语系,释修达,,福建省,福州市,鼓楼区,福建省福州市鼓楼区火巷里8号,,,,,119.311780,26.079190
福州乌山净慈寺,汉语系,释普参,,福建省,福州市,鼓楼区,福建省福州市鼓楼区隆普营惠安境7号,,,,,119.304050,26.081980
福州乌山大士殿,汉语系,释妙贤,,福建省,福州市,鼓楼区,福建省福州市鼓楼区乌山大士殿,,,,,119.295044,26.075991
福州乌山石塔寺,汉语系,释普法,,福建省,福州市,鼓楼区,福建省福州市鼓楼区乌山下殿里9号,,,,,119.293930,26.071911
福州于山古莲寺,汉语系,释化明,,福建省,福州市,鼓楼区,福建省福州市鼓楼区观巷34号,,,,,119.306890,26.079600
福州保福寺,汉语系,释妙行,,福建省,福州市,鼓楼区,福建省福州市鼓楼区梅峰路,,,,,119.265518,26.094870
福州功德寺,汉语系,翁桂英,,福建省,福州市,鼓楼区,福建省福州市鼓楼区铜盘路五凤兰庭,,,,,119.274300,26.106377
福州市开化寺,汉语系,释赵雄,,福建省,福州市,鼓楼区,福建省福州市鼓楼区西湖公园内,,,,,119.289803,26.092560
福州怡山西禅寺,汉语系,释赵雄,1980-01-01,福建省,福州市,鼓楼区,福建省福州市鼓楼区工业路455,,,,,119.276210,26.071670
福州瑞云堂,汉语系,释悟利,,福建省,福州市,鼓楼区,福建省福州市鼓楼区六一北路376号瑞云堂,,,,,119.316460,26.086962
福州白塔定光寺,汉语系,释普法,,福建省,福州市,鼓楼区,福建省福州市鼓楼区于山路9号,,,,,119.307140,26.076990
福州老佛寺,汉语系,释赵雄,,福建省,福州市,鼓楼区,福建省福州市福州市鼓楼区玉山涧,,,,,119.304050,26.081980
福州芝山开元寺,汉语系,释本性,2011-01-01,福建省,福州市,鼓楼区,福建省福州市鼓楼区鼓东路78号开元寺,,,,,119.301651,26.090462
福州象园瑞云寺,汉语系,释明参,,福建省,福州市,晋安区,福建省福州市晋安区象园街道象园村,象园瑞云寺地处福州市晋安区象园村，始建于1896年，以供奉,,,,119.324425,26.067179
福州秀坂福慧寺,汉语系,释智虔,2014-02-26,福建省,福州市,晋安区,福建省福州市晋安区秀坂路168号福慧寺,肉身得道的当地人柯云尘真身——后称“柯文佛”，而闻名远近，该寺院是合法开放宗教场所，各项手续齐全。该寺占地面积560余平方米，建筑面积870余平方米，大小殿堂共24开间。寺中常住为两位老比丘尼，一位是70多岁的住持明参法师，另一位老法师已经80多高龄。两位老法师每日念佛、打坐，同时为周围的信众居士提供宗教服务。2010年，瑞云寺的平静被旧城改造的轰鸣声打破，从此，两位老人家开始了提心吊胆、惊魂不定的“拆迁户”生活,,,,119.337250,26.071220
福州升山灵岩禅寺,汉语系,释修提,2011-09-01,福建省,福州市,晋安区,福建省福州市晋安区新店镇赤星村,,,,,119.289040,26.133341
福州宦溪鹅峰寺,汉语系,释法持,,福建省,福州市,晋安区,福建省福州市晋安区宦溪镇创新村,,,,,119.393341,26.155243
福州普光寺,汉语系,释灵耀,,福建省,福州市,晋安区,福建省福州市晋安区宦溪镇降虎村,,,,,119.388557,26.197332
福州瑞峰林阳寺,汉语系,释修达,,福建省,福州市,晋安区,福建省福州市晋安区寿山乡石牌村,,,,,119.306999,26.202084
福州石林山石林寺,汉语系,释显戒,2011-09-01,福建省,福州市,晋安区,福建省福州市晋安区新店镇涧田村,,,,,119.332230,26.129320
福州翠微寺,汉语系,释中腾,,福建省,福州市,晋安区,福建省福州市晋安区寿山乡芹石村,,,,,119.263222,26.269152
福州象峰崇福寺,汉语系,释如妙,,福建省,福州市,晋安区,福建省福州市晋安区新店镇鹅峰村,,,,,119.350838,26.143751
福州赤桥正心寺,汉语系,释德雄,,福建省,福州市,晋安区,福建省福州市晋安区新店镇赤桥村（森林公园内）,,,,,119.293053,26.142462
福州金鸡山地藏寺,汉语系,释如妙,1994-04-09,福建省,福州市,晋安区,福建省福州市晋安区岳峰镇东门村琯尾街,,,,,119.315331,26.092262
福州鹤林灵峰寺,汉语系,释普金,,福建省,福州市,晋安区,福建省福州市晋安区岳峰镇鹤林村李园,,,,,119.335938,26.103130
福州鼓山圣泉寺,汉语系,释传观,,福建省,福州市,晋安区,福建省福州市晋安区鼓山镇园中村116号圣泉寺,,,,,119.364189,26.106750
福州鼓山涌泉寺,汉语系,释普法,2011-09-01,福建省,福州市,晋安区,福建省福州市晋安区鼓楼镇鼓山顶,,,,,119.388664,26.053041
连江观音阁,汉语系,释耀忍,,福建省,福州市,连江县,福建省福州市连江县凤城镇玉山村,连江县观音阁敖江的水缓缓地流，碧绿澄静。两岸绿树苍翠，清幽小径不时走出江边人家。观音阁位于敖江北岸的宝华山下，依水背山，显得淡雅、古朴而宁静。春暖时节，依阁而望，心旷神怡，敖江春色，荡人心襟。对岸文笔山巍然而立，烟雾中若隐若现，青峰倒影，随波轻漾。在茂林修竹和芭蕉叶丛中，观音阁是一座极富诗情画意的古刹。大凡古刹名寺，扬名各有其因。有的因大德高僧而扬名，有的因风景秀丽而扬名，有的因神奇传说而扬名。连江县城西郊观音阁，因一场文人盛会而留名千秋。观音阁，又名大士阁，供奉观世音菩萨。县志记载，“唐大中元年（847年）建。宋乾道二年（1166年）陈庆寿等募修”。此后，历代皆有维修，院内有勒石记载。跨过小桥，进入观音阁门楼。拾阶而上，迎面正殿香烟缭绕。中间端坐观音菩萨塑像，手执杨柳，慈眼善目。背后紫竹丛林的壁画，写着佛教的清静祥和。佛像上方挂一横匾，上写“南海慈航”。两旁是一副佛教楹联，“五蕴悟真空，紫竹白云参妙谛；六根消夙障，罗山法海证前因”。千百年来，观音阁不仅是善男信女上香礼佛的佛教圣地，也是城郊的游览胜地。www.xtfj.org清同治九年（1870年），阳春三月，春花芳菲。观音阁清晨的钟声，显得缥缈而悠远.连江十位先贤雅集观音阁，吟诗唱和。诗会首先由郑统嘉领唱，“漫道禅关路渺然，出郊里许即西天。幡风不动消烦虑，法雨无声净俗缘。四面画楼邀夜月，一峰文笔锁春烟。阁中兴废几人代，江水长流过槛前”。随后，黄光彬、卢炳新等九位诗人步韵酬和。十首纪游诗，联珠缀玉，写景抒情，各具特色。十首题诗由当时名家书写，刻匾张挂于观音阁壁，一时观者如云，传为佳话。可惜原匾因殿阁圯颓而毁。百年之后，1993年，连江青芝诗人又召集20位人，再次依韵唱和，征诗20首。如今，30首纪游诗由陈宜根做序、陈今修书写，再挂在观音阁东壁，再展风彩。观音阁帝，有一石碑，长7尺，宽2尺，青石所造，上写“明嘉靖四十二年五月二日，总戎戚公大破倭束于马鼻，歼亡，境内遂平”石碑纪数，名将戚继光抗倭事迹，依然闪烁着民族英雄的凛然正气。“西山第一观巍然，飞甍临江别有天”。观音阁，千古的观音阁，定格在敖江边，定格在连江文史里。,,,,119.533943,26.193346
连江玉泉寺,汉语系,释智性,,福建省,福州市,连江县,福建省福州市连江县西郊玉泉山,《玉泉寺》坐落于连江县城西宝华山。隋大业元年（605年）建，建筑面积为745平方米。在连江县城西宝华山，隋大业元年（605年）建，驻锡名僧独觉。五代遭兵燹毁坏。宋开宝二年（969年）僧真觉首建禅席，历经五世弟子募缘，相继建天王殿、大雄宝殿等数座，初具规模。明代续建拥秀堂、钟楼和生活设施10余座，梵宇林立，已有大丛林气派。民国33年遭日本侵略军飞机轰炸，成为一片废墟，仅残留几根石柱和大石槽供人凭吊。1985年在旧址西北角重建新寺，历数年经营，建筑面积745平方米，常住僧尼8人。,,,,119.529137,26.196730
连江一明堂,汉语系,郑香女,,福建省,福州市,连江县,福建省福州市连江县江南乡儒洋村,,,,,119.594131,26.199970
连江七星堂,汉语系,释祥源,,福建省,福州市,连江县,福建省福州市连江县官坂镇梅里村,,,,,119.664169,26.308451
连江东山观音堂,汉语系,释能权（郑凤凤）,,福建省,福州市,连江县,福建省福州市连江县江南乡东山村,,,,,119.541008,26.186060
连江东岱洪塘观音堂,汉语系,释广明,,福建省,福州市,连江县,福建省福州市连江县东岱镇洪塘村,,,,,119.596443,26.232302
连江东岱观音堂,汉语系,陈碧珍,,福建省,福州市,连江县,福建省福州市连江县东岱镇东岱街,,,,,119.618370,26.241951
连江中岩寺,汉语系,释传舵,,福建省,福州市,连江县,福建省福州市连江县凤城镇玉山村,,,,,119.533943,26.193346
连江九龙禅寺,汉语系,释寂观,,福建省,福州市,连江县,福建省福州市连江县筱埕镇定海村,,,,,119.797859,26.277811
连江云居禅寺,汉语系,胡雪金,,福建省,福州市,连江县,福建省福州市连江县东岱镇云居山,,,,,119.618370,26.241951
连江仙踪寺,汉语系,释缘修,2012-10-01,福建省,福州市,连江县,福建省福州市连江县马鼻镇鲤溪,,,,,119.663643,26.377192
连江佛地寺,汉语系,释宗铭,2012-10-01,福建省,福州市,连江县,福建省福州市连江县琯头镇上坪村,,,,,119.567703,26.134581
连江佛降寺,汉语系,释智相,,福建省,福州市,连江县,福建省福州市连江县丹阳镇朱山村,,,,,119.502449,26.315481
连江保福寺,汉语系,释如清,,福建省,福州市,连江县,福建省福州市连江县马鼻镇东湾村,,,,,119.635048,26.376421
连江兴龙寺,汉语系,释道法,,福建省,福州市,连江县,福建省福州市连江县长龙镇下洋村,,,,,119.573174,26.296291
连江净云寺,汉语系,释菩观,,福建省,福州市,连江县,福建省福州市连江县敖江镇青塘村,,,,,119.518120,26.214121
连江净光寺,汉语系,释修清,,福建省,福州市,连江县,福建省福州市连江县琯头镇山兜村,,,,,119.543701,26.128771
连江净安寺,汉语系,释界明,,福建省,福州市,连江县,福建省福州市连江县透堡镇南街,,,,,119.632431,26.348310
连江凤城永林寺,汉语系,陈莲英,,福建省,福州市,连江县,福建省福州市连江县凤城镇东南街玉荷东路306号,,,,,119.549705,26.199267
连江后岩寺,汉语系,释界悟,2012-10-01,福建省,福州市,连江县,福建省福州市连江县凤城镇玉山村,,,,,119.533943,26.193346
连江含光寺,汉语系,释门森,,福建省,福州市,连江县,福建省福州市连江县江南乡斗门村,,,,,119.541008,26.186060
连江坑园白圣堂,汉语系,郑来兆,,福建省,福州市,连江县,福建省福州市连江县坑园镇下屿村,,,,,119.743729,26.358160
连江大中寺,汉语系,释宝振,1996-10-31,福建省,福州市,连江县,福建省福州市连江县马鼻镇墙兜村大中山,,,,,119.660141,26.371311
连江大智寺,汉语系,释常寂（陈影）,,福建省,福州市,连江县,福建省福州市连江县晓澳镇,,,,,119.657127,26.212831
连江妙华寺,汉语系,释传涛（章明雄）,,福建省,福州市,连江县,福建省福州市连江县晓澳镇,,,,,119.657127,26.212831
连江安凯奇达白云寺,汉语系,释传信,,福建省,福州市,连江县,福建省福州市连江县安凯镇奇达村,,,,,119.874588,26.370340
连江安凯普照寺,汉语系,释智德,,福建省,福州市,连江县,福建省福州市连江县安凯镇墙兜村,,,,,119.850029,26.340052
连江官坂观音堂,汉语系,方友华,2012-10-01,福建省,福州市,连江县,福建省福州市连江县官坂镇官坂村,,,,,119.676743,26.308352
连江宝寿寺,汉语系,释惠果,,福建省,福州市,连江县,福建省福州市连江县敖江镇官巷,,,,,119.544281,26.205692
连江宝林寺,汉语系,释悟演,,福建省,福州市,连江县,福建省福州市连江县丹阳镇东坪村,,,,,119.485977,26.350380
连江宝相寺,汉语系,释传严,,福建省,福州市,连江县,福建省福州市连江县敖江镇上山村,,,,,119.538574,26.224260
连江宝积寺,汉语系,释觉良,,福建省,福州市,连江县,福建省福州市连江县筱埕镇蛤沙村,,,,,119.724289,26.276491
连江尊者寺,汉语系,滕翠仙,,福建省,福州市,连江县,福建省福州市连江县东岱镇大涂村,,,,,119.641327,26.249531
连江崇正堂,汉语系,释门珩,,福建省,福州市,连江县,福建省福州市连江县筱埕镇定海村,,,,,119.797859,26.277811
连江广圣堂,汉语系,滕凤珠,,福建省,福州市,连江县,福建省福州市连江县浦口镇塔头村,,,,,119.593231,26.238321
连江广安寺,汉语系,释普丹,2012-10-01,福建省,福州市,连江县,福建省福州市连江县苔菉镇琇王邦村,,,,,119.935982,26.353392
连江广应寺,汉语系,释心惺,,福建省,福州市,连江县,福建省福州市连江县长龙镇岗下村,,,,,119.602219,26.344191
连江广盛堂,汉语系,滕风瑞,,福建省,福州市,连江县,福建省福州市连江县浦口镇后门山,,,,,119.600990,26.243462
连江广福寺,汉语系,释禅虔,,福建省,福州市,连江县,福建省福州市连江县潘渡乡陀市村,,,,,119.461159,26.258520
连江广顺寺,汉语系,释传来,,福建省,福州市,连江县,福建省福州市连江县敖江镇小湾村,,,,,119.530342,26.201139
连江庄严寺,汉语系,释果慧,2012-10-01,福建省,福州市,连江县,福建省福州市连江县浦口镇镜路,,,,,119.600990,26.243462
连江庐峰寺,汉语系,释印国,,福建省,福州市,连江县,福建省福州市连江县透堡镇北街村炉山,,,,,119.600922,26.342163
连江弥勒寺,汉语系,释顿觉,2012-10-01,福建省,福州市,连江县,福建省福州市连江县官坂镇下濂村,,,,,119.663002,26.332100
连江弥陀寺,汉语系,释开妙,,福建省,福州市,连江县,福建省福州市连江县江南乡覆釜山,,,,,119.534813,26.162931
连江慈云寺,汉语系,林启金,,福建省,福州市,连江县,福建省福州市连江县浦口镇官岭村,,,,,119.699478,26.280790
连江慈恩寺,汉语系,释戒诚（吴敬凤）,,福建省,福州市,连江县,福建省福州市连江县晓澳镇,,,,,119.657127,26.212831
连江慈音寺,汉语系,释如辉,,福建省,福州市,连江县,福建省福州市连江县马鼻镇横厝村,,,,,119.665230,26.373442
连江护国观音寺,汉语系,释门悟,,福建省,福州市,连江县,福建省福州市连江县官坂镇合山村,,,,,119.638802,26.310032
连江报国寺,汉语系,释圣辉,1994-10-24,福建省,福州市,连江县,福建省福州市连江县马鼻镇东湾村,,,,,119.635048,26.376421
连江报慈寺,汉语系,释法峰,,福建省,福州市,连江县,福建省福州市连江县透堡镇财岭,,,,,119.632400,26.348350
连江拱辰堂,汉语系,释通辉,,福建省,福州市,连江县,福建省福州市连江县马鼻镇辰山村,,,,,119.659904,26.375360
连江旗福寺,汉语系,释法贤,,福建省,福州市,连江县,福建省福州市连江县东岱镇湖里村,,,,,119.628273,26.222511
连江日月寺,汉语系,释智钦,,福建省,福州市,连江县,福建省福州市连江县琯头镇拱屿村,,,,,119.561119,26.132990
连江明心寺,汉语系,释法妙,,福建省,福州市,连江县,福建省福州市连江县琯头镇壶江村,,,,,119.641098,26.116062
连江晓澳观音堂,汉语系,释智浩（陈昌浩）,,福建省,福州市,连江县,福建省福州市连江县晓澳镇,,,,,119.657127,26.212831
连江普照堂,汉语系,释界圆,,福建省,福州市,连江县,福建省福州市连江县马鼻镇墙兜村,,,,,119.660141,26.371311
连江月峰寺,汉语系,释觉云,,福建省,福州市,连江县,福建省福州市连江县透堡镇垅柄村,,,,,119.631569,26.337191
连江松岚寺,汉语系,郑国水,,福建省,福州市,连江县,福建省福州市连江县浦口镇松坞村,,,,,119.639198,26.268221
连江梵音寺,汉语系,释照明,2012-10-01,福建省,福州市,连江县,福建省福州市连江县琯头镇溪边村,,,,,119.547501,26.138042
连江永兴寺,汉语系,释开恩,,福建省,福州市,连江县,福建省福州市连江县官坂镇莺头村,,,,,119.702324,26.307371
连江法华寺,汉语系,陈景容,,福建省,福州市,连江县,福建省福州市连江县筱埕镇东坪村,,,,,119.768593,26.298462
连江法缘寺,汉语系,释德全,,福建省,福州市,连江县,福建省福州市连江县马鼻镇辰山村大中山顶,,,,,119.659904,26.375360
连江浦口保福寺,汉语系,释普参,,福建省,福州市,连江县,福建省福州市连江县浦口镇,,,,,119.600990,26.243462
连江海灵寺,汉语系,释升智,,福建省,福州市,连江县,福建省福州市连江县苔菉镇苔菉村,,,,,119.940804,26.361193
连江涌泉寺,汉语系,释门晟,2012-10-01,福建省,福州市,连江县,福建省福州市连江县马鼻镇村前村,,,,,119.658180,26.395803
连江清凉寺,汉语系,释界渡,,福建省,福州市,连江县,福建省福州市连江县城关816东路28号,,,,,119.539570,26.197530
连江清洋寺,汉语系,释开觉,,福建省,福州市,连江县,福建省福州市连江县东湖镇东塘村,,,,,119.540237,26.246481
连江清胜寺,汉语系,李善庆,,福建省,福州市,连江县,福建省福州市连江县琯头镇壶江村,,,,,119.641098,26.116062
连江清风洞寺,汉语系,释智真,1992-10-01,福建省,福州市,连江县,福建省福州市连江县琯头镇壶江村,,,,,119.641098,26.116062
连江湖山寺,汉语系,释界信,1996-10-31,福建省,福州市,连江县,福建省福州市连江县坑园镇颜岐村,,,,,119.757584,26.356140
连江潮平寺,汉语系,吴炎俤,,福建省,福州市,连江县,福建省福州市连江县东岱镇东水村,,,,,119.613724,26.238632
连江灵岩寺,汉语系,释开运,,福建省,福州市,连江县,福建省福州市连江县晓澳镇道澳云居山,,,,,119.657127,26.212831
连江照镜寺,汉语系,释传心,,福建省,福州市,连江县,福建省福州市连江县长龙镇西山,,,,,119.575844,26.315172
连江燕峰寺,汉语系,释定海,,福建省,福州市,连江县,福建省福州市连江县坑园镇下元村,,,,,119.742508,26.318636
连江玉井庵,汉语系,释明训,,福建省,福州市,连江县,福建省福州市连江县透堡镇西万村,,,,,119.632431,26.348310
连江玉华寺,汉语系,杨开朗,,福建省,福州市,连江县,福建省福州市连江县敖江镇南塘村,,,,,119.544281,26.205692
连江玉楼寺,汉语系,释耀荣（温先荣）,,福建省,福州市,连江县,福建省福州市连江县琯头镇下歧村,,,,,119.560509,26.137180
连江琯头青云堂,汉语系,释增隆,2012-10-01,福建省,福州市,连江县,福建省福州市连江县琯头镇,,,,,119.560509,26.137180
连江瑞岩寺,汉语系,释义隆,2012-10-01,福建省,福州市,连江县,福建省福州市连江县蓼沿乡王坑村尖山,,,,,119.443222,26.350122
连江留云寺,汉语系,释通金,,福建省,福州市,连江县,福建省福州市连江县琯头镇山兜村,,,,,119.543701,26.128771
连江白云寺,汉语系,朱祥清,,福建省,福州市,连江县,福建省福州市连江县江南乡覆釜山,,,,,119.534813,26.162931
连江白云庵,汉语系,释本明,,福建省,福州市,连江县,福建省福州市连江县安凯镇奇达村,,,,,119.874588,26.370340
连江白清堂,汉语系,释普丹,,福建省,福州市,连江县,福建省福州市连江县苔菉镇苔菉村,,,,,119.940804,26.361193
连江白莲寺,汉语系,释隆藏,,福建省,福州市,连江县,福建省福州市连江县江南乡连兴村,,,,,119.560280,26.193323
连江祇园寺,汉语系,释戒如,,福建省,福州市,连江县,福建省福州市连江县敖江镇才桥村,,,,,119.544281,26.205692
连江福善寺,汉语系,释静航,,福建省,福州市,连江县,福建省福州市连江县透堡镇龙头村,,,,,119.660393,26.349552
连江福斗寺,汉语系,释品宏,1991-01-01,福建省,福州市,连江县,福建省福州市连江县琯头镇定岐村,,,,,119.626678,26.149191
连江种福寺,汉语系,林妹妹,,福建省,福州市,连江县,福建省福州市连江县东岱镇龙山村,,,,,119.619759,26.225712
连江积善寺,汉语系,释心贤,1995-08-21,福建省,福州市,连江县,福建省福州市连江县马鼻镇贵丰村,,,,,119.661041,26.416853
连江筱埕弥勒寺,汉语系,释荣善,1994-10-24,福建省,福州市,连江县,福建省福州市连江县筱埕镇东坪村,,,,,119.768593,26.298462
连江筱埕永宁寺,汉语系,释净莲,,福建省,福州市,连江县,福建省福州市连江县筱埕镇大埕村,,,,,119.789192,26.302303
连江筱埕观音堂,汉语系,释妙如,2012-10-01,福建省,福州市,连江县,福建省福州市连江县筱埕镇筱埕村,,,,,119.795258,26.292221
连江翠林寺,汉语系,释印慈,2012-10-01,福建省,福州市,连江县,福建省福州市连江县蓼沿乡白沙村,,,,,119.428810,26.363722
连江般若寺,汉语系,释普盛,,福建省,福州市,连江县,福建省福州市连江县浦口镇松坞村,,,,,119.639198,26.268221
连江荷山寺,汉语系,吴福林,,福建省,福州市,连江县,福建省福州市连江县敖江镇浦下村,,,,,119.551270,26.206741
连江莲华寺,汉语系,赵增思,2012-10-01,福建省,福州市,连江县,福建省福州市连江县江南乡花坞村,,,,,119.570122,26.196632
连江莲峰寺,汉语系,释智明,2012-10-01,福建省,福州市,连江县,福建省福州市连江县江南乡魁岐村,,,,,119.545921,26.185831
连江蘭若寺,汉语系,释界渡,,福建省,福州市,连江县,福建省福州市连江县琯头镇东边村,,,,,119.568321,26.143339
连江西林寺,汉语系,释门净,,福建省,福州市,连江县,福建省福州市连江县敖江镇下山村,,,,,119.543480,26.225742
连江覆釜山忉利寺,汉语系,释广净,,福建省,福州市,连江县,福建省福州市连江县江南乡覆釜山,,,,,119.534813,26.162931
连江象纬观音堂,汉语系,姚月香,1994-10-24,福建省,福州市,连江县,福建省福州市连江县坑园镇象纬村,,,,,119.776649,26.357851
连江象龙寺,汉语系,释普德,,福建省,福州市,连江县,福建省福州市连江县琯头镇东边村,,,,,119.568321,26.143339
连江逢岚寺,汉语系,释如贤,,福建省,福州市,连江县,福建省福州市连江县官坂镇车网川村,,,,,119.677063,26.308323
连江金福寺,汉语系,释了藏,,福建省,福州市,连江县,福建省福州市连江县江南乡已古村狮山,,,,,119.539948,26.185352
连江锦山寺,汉语系,释戒提,,福建省,福州市,连江县,福建省福州市连江县浦口镇锦山新村140号,,,,,119.600990,26.243462
连江锦清庵,汉语系,孙发太,,福建省,福州市,连江县,福建省福州市连江县浦口镇浦口街,,,,,119.600990,26.243462
连江长安寺,汉语系,释戒静,,福建省,福州市,连江县,福建省福州市连江县晓澳镇,,,,,119.657127,26.212831
连江长龙光化寺,汉语系,释德雄,,福建省,福州市,连江县,福建省福州市连江县长龙镇苏山村,,,,,119.573410,26.333910
连江隐峰寺,汉语系,释宏澄,2006-01-16,福建省,福州市,连江县,福建省福州市连江县官坂镇塘边村,,,,,119.664818,26.326344
连江青峰寺,汉语系,释智钦,,福建省,福州市,连江县,福建省福州市连江县琯头镇,,,,,119.560509,26.137180
连江青芝寺,汉语系,释界贤,2012-10-01,福建省,福州市,连江县,福建省福州市连江县琯头镇青芝山,,,,,119.563271,26.138062
连江静室寺,汉语系,释门钦,,福建省,福州市,连江县,福建省福州市连江县晓澳镇道澳村,,,,,119.626961,26.200090
连江马鼻观音堂,汉语系,陈荣诸,1996-04-25,福建省,福州市,连江县,福建省福州市连江县马鼻镇横厝村龟峰山顶,,,,,119.665230,26.373442
连江高峰寺,汉语系,释维定,2012-10-01,福建省,福州市,连江县,福建省福州市连江县马鼻镇赤石村,,,,,119.663643,26.377192
连江黄岐观音堂,汉语系,释开道,1994-10-01,福建省,福州市,连江县,福建省福州市连江县黄岐镇海新街新兴路3号,,,,,119.882454,26.321600
连江龙华寺,汉语系,释传惠,,福建省,福州市,连江县,福建省福州市连江县琯头镇竹岐村,,,,,119.554459,26.127653
连江龙庆寺,汉语系,张姜姜,,福建省,福州市,连江县,福建省福州市连江县敖江镇上山村,,,,,119.538574,26.224260
连江龙泉寺,汉语系,释传信,,福建省,福州市,连江县,福建省福州市连江县浦口镇益砌村,,,,,119.616798,26.255444
罗源梅峰寺,汉语系,释传哲,2011-08-18,福建省,福州市,罗源县,福建省福州市罗源县凤山镇华清村,原名灵峰尼院，后曾名梅峰庵、云峰寺。在凤山镇上梅岭紫霄岩下西侧。宋皇祐五年（1053年）始建。明万历十年（1582年）僧蔡道重建，为土木结构，单檐悬山顶，面宽3间进深4间。寺背有蝙蝠洞；寺东为紫霄岩，邑八景称“紫霄盖树”；寺前岩边有石刻“竹林深处”4字。,,,,119.537880,26.495092
罗源瑞云寺,汉语系,释玄正,,福建省,福州市,罗源县,福建省福州市罗源县松山镇外洋村,位于罗源县松山乡外洋村南。唐代建，清代复建。为土木结构，单檐硬山式屋顶，大雄殿面宽5间16.5米，进深3间8米，大厅面宽3间13米，进深4间9.5米。寺内有明天顺五年（1461）铸造的铁钟一口。,,,,119.620743,26.430161
罗源万寿寺,汉语系,释世量,年代不详,福建省,福州市,罗源县,福建省福州市罗源县白塔乡小云村,罗源县万寿寺原名福州小云峰院，建立于唐代大顺二年（891），由道元禅师创建，在宋朝时兴盛。明朝万历年间重建，天启三年再重建；清朝嘉庆二十四年重修，道光年间毁于火，同治六年，于原址后十米处重建。,,,,119.478592,26.460871
罗源圣水寺,汉语系,释浩宇,年代不详,福建省,福州市,罗源县,福建省福州市罗源县凤山镇南门莲花山,罗源圣水寺是位于福建福州市罗源县南郊莲花山腰的一座佛教寺庙。因山上流泉清洌甘醇如“圣水”，可医病，故得名“圣水寺”。为罗源第一名寺。,,,,119.512291,26.470625
罗源仙茅寺,汉语系,释开勤,,福建省,福州市,罗源县,福建省福州市罗源县起步镇蒋店村,,,,,119.561981,26.521063
罗源兴林寺,汉语系,释智盛,2011-08-18,福建省,福州市,罗源县,福建省福州市罗源县凤山镇佘家塘村,,,,,119.562103,26.485453
罗源兴祥寺,汉语系,释界崇,2011-08-18,福建省,福州市,罗源县,福建省福州市罗源县西兰乡大坪村,,,,,119.399712,26.482122
罗源凤山寺,汉语系,释智威,,福建省,福州市,罗源县,福建省福州市罗源县飞竹镇飞竹村,,,,,119.343552,26.456192
罗源圣寿寺,汉语系,释宏澄,,福建省,福州市,罗源县,福建省福州市罗源洪洋乡王认村,,,,,119.465919,26.555613
罗源城关观音堂,汉语系,李艳钦,2011-08-18,福建省,福州市,罗源县,福建省福州市罗源县凤山镇南门莲花山,,,,,119.512291,26.470625
罗源宝明寺,汉语系,释世圆,,福建省,福州市,罗源县,福建省福州市罗源县鉴江镇后山里村,,,,,119.752541,26.548252
罗源庆田寺,汉语系,释门球,,福建省,福州市,罗源县,福建省福州市罗源白塔乡塔里村,,,,,119.501305,26.495462
罗源开善寺,汉语系,释菩光,,福建省,福州市,罗源县,福建省福州市罗源县起步镇上长治村,,,,,119.526314,26.510412
罗源报恩寺,汉语系,释界愍,,福建省,福州市,罗源县,福建省福州市罗源县中房镇王沙村,,,,,119.512878,26.573332
罗源文华寺,汉语系,释振道,,福建省,福州市,罗源县,福建省福州市罗源县松山镇大获村,,,,,119.600662,26.430998
罗源旃檀寺,汉语系,释德提,,福建省,福州市,罗源县,福建省福州市罗源县飞竹镇外坂村,,,,,119.296249,26.504612
罗源普济寺,汉语系,释传仙,,福建省,福州市,罗源县,福建省福州市罗源县起步镇上长治村,,,,,119.526314,26.510412
罗源松海寺,汉语系,释智雄,,福建省,福州市,罗源县,福建省福州市罗源县松山镇岐后村,,,,,119.583252,26.471401
罗源栖林寺,汉语系,释皈净,2011-08-18,福建省,福州市,罗源县,福建省福州市罗源起步镇蓝田村崇宝山,,,,,119.565453,26.515141
罗源水陆寺,汉语系,释空寂,2011-07-18,福建省,福州市,罗源县,福建省福州市罗源县凤山镇水陆巷1号,,,,,119.544054,26.486456
罗源洪泉寺,汉语系,释惠光,,福建省,福州市,罗源县,福建省福州市罗源县洪洋乡皇万村,,,,,119.488312,26.527182
罗源牛坑三学堂,汉语系,张玉英,,福建省,福州市,罗源县,福建省福州市罗源县碧里乡牛坑村,,,,,119.765129,26.442411
罗源白马寺,汉语系,释门益,,福建省,福州市,罗源县,福建省福州市罗源县鉴江东湾村,,,,,119.746857,26.529600
罗源碧岩寺,汉语系,释界慧,,福建省,福州市,罗源县,福建省福州市罗源县碧里乡碧里村,,,,,119.718521,26.463741
罗源磹香寺,汉语系,释传端,,福建省,福州市,罗源县,福建省福州市罗源起步镇上长治村,,,,,119.526314,26.510412
罗源祝丰寺,汉语系,释开慈,,福建省,福州市,罗源县,福建省福州市罗源县白塔乡凤坂村,,,,,119.439003,26.431042
罗源翠峰寺,汉语系,释门德,2011-08-18,福建省,福州市,罗源县,福建省福州市罗源县起步镇田中村,,,,,119.578423,26.512531
罗源金粟寺,汉语系,释空缘,,福建省,福州市,罗源县,福建省福州市罗源县凤山镇方厝村,,,,,119.583710,26.496632
罗源隐峰寺,汉语系,释界崇,,福建省,福州市,罗源县,福建省福州市罗源县白塔乡应德村,,,,,119.487213,26.434891
罗源龙华寺,汉语系,释修德,,福建省,福州市,罗源县,福建省福州市罗源县起步镇杭山村,,,,,119.544212,26.521931
福州白云寺,汉语系,释妙开,,福建省,福州市,马尾区,福建省福州市马尾区琅岐镇白云山,又名白云般若庵，在福州市琅岐岛芙蓉峰之巅。明状元翁正春《白云庵记》曰：“太颠之鸣于唐也，似韩佛印之鸣于宋也”。据此寺可能始建于宋代。白云寺有奎光阁、朱子祠、大雄宝殿等建筑，占地693平方米。寺内存有清嘉庆及道光年间记事碑。寺东约50米，有观日台。,,,,119.583687,26.085192
福州兴福寺,汉语系,释斌振,,福建省,福州市,马尾区,福建省福州市马尾镇沿山西路182号,上百人冲进福州瑞云寺实施强拆上百人冲进福州瑞云寺实施强拆,,,,119.447953,25.993957
福州青龙寺,汉语系,释宗贤,,福建省,福州市,马尾区,福建省福州市马尾镇朏头村388号,青龙寺，原名花眉堂，位于福建省福州市马尾区昺头山。始建于宋庆元元年（1195年），为鼓山涌泉寺的下院，有大殿一座，年久荒废倒塌。清末重建大殿、观音楼，民国中期被火焚毁，后由民间信士重修。,,,,119.439728,26.005920
福州云岩寺,汉语系,释妙毅,,福建省,福州市,马尾区,福建省福州市马尾区亭江镇盛美村,,,,,119.510551,26.080751
福州凤山寺,汉语系,释强明13306908441,,福建省,福州市,马尾区,福建省福州市马尾区琅岐镇群星村,,,,,119.573700,26.092031
福州南山寺,汉语系,释惟量,,福建省,福州市,马尾区,福建省福州市马尾琅岐镇凤窝村,,,,,119.602348,26.122011
福州圆通寺,汉语系,释慧真,2010-01-01,福建省,福州市,马尾区,福建省福州市马尾区罗星街道君竹花园新村520号,,,,,119.470100,26.003937
福州天安寺,汉语系,释本应,,福建省,福州市,马尾区,福建省福州市马尾区琅岐镇金砂架台山,,,,,119.618843,26.094162
福州嵩泉寺,汉语系,陈建武（释普兴）,,福建省,福州市,马尾区,福建省福州市马尾区亭江镇长柄村,,,,,119.521301,26.089420
福州广济寺,汉语系,释戒端,2010-01-01,福建省,福州市,马尾区,福建省福州市马尾区罗星街道青州红山,,,,,119.459587,25.983681
福州庆宁寺,汉语系,释世嘉,,福建省,福州市,马尾区,福建省福州市马尾区亭江镇东陵村,,,,,119.516869,26.073572
福州极乐寺,汉语系,释界超,,福建省,福州市,马尾区,福建省福州市马尾镇快安磨溪边,,,,,119.421692,26.028021
福州梵音寺,汉语系,释衍生,,福建省,福州市,马尾区,福建省福州市马尾区琅岐镇凤窝村,,,,,119.602348,26.122011
福州琅岐天竺寺,汉语系,释光学,,福建省,福州市,马尾区,福建省福州市马尾区琅岐镇罗钟山天竺寺,,,,,119.587830,26.095861
福州西兴寺,汉语系,释通妙,,福建省,福州市,马尾区,福建省福州市马尾区琅岐镇群星村,,,,,119.573700,26.092031
福州西山正心寺,汉语系,释体聪,,福建省,福州市,马尾区,福建省福州市马尾区亭江镇宗场证字（闽）安村,,,,,119.516870,26.073570
福州西泉禅寺,汉语系,释正悟,,福建省,福州市,马尾区,福建省福州市马尾区亭江镇西边村月爿坑,,,,,119.503899,26.066442
福州西福禅寺,汉语系,释长登,,福建省,福州市,马尾区,福建省福州市马尾区亭江镇西边村,,,,,119.503899,26.066442
福州重云报恩寺,汉语系,释世慧,,福建省,福州市,马尾区,福建省福州市马尾区亭江镇宗场证字（闽）安村,,,,,119.516870,26.073570
福州鼋鹤寺,汉语系,释惠融（唐惠蓉）,,福建省,福州市,马尾区,福建省福州市马尾区亭江镇英屿村,,,,,119.532372,26.096521
福州旗山万佛寺,汉语系,释广霖,,福建省,福州市,闽侯县,福建省福州市闽侯县南屿镇旗山,福州旗山万佛寺原为旗山石松寺，始建于宋大中祥符年间，经明成化、万历年间两次修建，颇具规模，曾是福州佛教圣地之一。惜因年代久远，寺殿损废失修，胜概不再。一九九九年政府批准重建石松寺，并更名为旗山万佛寺。,,,,119.223801,25.975721
闽侯上街兴琳寺,汉语系,释果愿,,福建省,福州市,闽侯县,福建省福州市闽侯县上街镇新峰村新宅,,,,,119.195404,26.077732
闽侯上街报恩寺,汉语系,释通正,,福建省,福州市,闽侯县,福建省福州市闽侯县上街镇岐安村,,,,,119.188499,26.046812
闽侯上街超山禅寺,汉语系,释常觉,,福建省,福州市,闽侯县,福建省福州市闽侯县上街镇榕桥村,,,,,119.170952,26.075951
闽侯上街马保观音禅寺,汉语系,释德光,,福建省,福州市,闽侯县,福建省福州市闽侯县上街旧马保,,,,,119.213730,26.011173
闽侯南屿仙踪禅寺,汉语系,释耀慧,,福建省,福州市,闽侯县,福建省福州市闽侯县南屿镇南井村,,,,,119.221100,25.967892
闽侯南屿金龙寺,汉语系,释行何,,福建省,福州市,闽侯县,福建省福州市闽侯县南屿镇双龙村,,,,,119.180099,25.903973
闽侯南通凤溪寺,汉语系,释长法,,福建省,福州市,闽侯县,福建省福州市闽侯县南通镇瓜山村,,,,,119.272453,25.914722
闽侯南通岐山禅寺,汉语系,释妙华,,福建省,福州市,闽侯县,福建省福州市闽侯县南通镇新岐岐山寺,,,,,119.275948,25.972391
闽侯南通灵溪寺,汉语系,释果孝,,福建省,福州市,闽侯县,福建省福州市闽侯县南通镇瓜山村,,,,,119.272453,25.914722
闽侯南通灵隐禅寺,汉语系,释界村,,福建省,福州市,闽侯县,福建省福州市闽侯县南通镇古城村,,,,,119.234619,25.914890
闽侯县雪峰崇圣禅寺,汉语系,释广霖,,福建省,福州市,闽侯县,福建省福州市闽侯县大湖乡雪峰崇圣禅寺,,,,,119.044907,26.398020
闽侯县鸿尾崇福禅寺,汉语系,释法乐,,福建省,福州市,闽侯县,福建省福州市闽侯县鸿尾乡南坑村,,,,,118.940338,26.141953
闽侯大湖龙洋寺,汉语系,释传来,,福建省,福州市,闽侯县,福建省福州市闽侯县大湖乡坪山村,,,,,119.095284,26.362453
闽侯洋里浮山禅寺,汉语系,释智忠,2011-07-01,福建省,福州市,闽侯县,福建省福州市闽侯县洋里乡新见村,,,,,118.974350,26.359472
闽侯洋里田垱芹岩寺,汉语系,张乃俭,,福建省,福州市,闽侯县,福建省福州市闽侯县田垱,,,,,118.990219,26.304541
闽侯洋里龙岩寺,汉语系,吴依庭,,福建省,福州市,闽侯县,福建省福州市闽侯县洋里乡后坑村,,,,,119.002419,26.382011
闽侯甘蔗三益观禅寺,汉语系,释传庆,,福建省,福州市,闽侯县,福建省福州市闽侯县甘蔗镇叶洋村,,,,,119.154541,26.156933
闽侯甘蔗岭山寺,汉语系,释传秀,,福建省,福州市,闽侯县,福建省福州市闽侯县甘蔗镇双池湖里岭仔山,,,,,119.140251,26.148603
闽侯甘蔗灵峰禅寺,汉语系,释明修,,福建省,福州市,闽侯县,福建省福州市闽侯县甘蔗镇十字村后山一号,,,,,119.136322,26.149063
闽侯甘蔗珠岩寺,汉语系,释源融,,福建省,福州市,闽侯县,福建省福州市闽侯县甘蔗镇昙石村,,,,,119.158585,26.143412
闽侯白沙峰龙寺,汉语系,释传心,,福建省,福州市,闽侯县,福建省福州市闽侯县白沙镇孔原村,,,,,119.096848,26.241692
闽侯白沙瀛山古寺,汉语系,释广霖,,福建省,福州市,闽侯县,福建省福州市闽侯县白沙镇白沙村,,,,,119.074677,26.206470
闽侯白沙瀛山禅寺,汉语系,释心慧,,福建省,福州市,闽侯县,福建省福州市闽侯县白沙镇白沙村桃峰山,,,,,119.074677,26.206470
闽侯白沙燕坪禅寺,汉语系,释传品,,福建省,福州市,闽侯县,福建省福州市闽侯县白沙镇小岭村,,,,,119.092133,26.198992
闽侯白沙金钟阁禅寺,汉语系,释妙禅,,福建省,福州市,闽侯县,福建省福州市闽侯县白沙镇上岐村,,,,,119.044151,26.206163
闽侯祥谦五灵岩禅寺,汉语系,释通修,,福建省,福州市,闽侯县,福建省福州市闽侯县祥谦镇岐尾村,,,,,119.345657,25.914989
闽侯祥谦屏山禅寺,汉语系,释智空,,福建省,福州市,闽侯县,福建省福州市闽侯县祥谦镇三圃村,,,,,119.387230,25.929922
闽侯祥谦枕峰禅寺,汉语系,释月空,,福建省,福州市,闽侯县,福建省福州市闽侯祥谦枕峰村,,,,,119.390930,25.939631
闽侯祥谦龙兴寺,汉语系,李丽芳,,福建省,福州市,闽侯县,福建省福州市闽侯县祥谦镇峡南村,,,,,119.400993,25.953821
闽侯竹岐五仙禅寺,汉语系,释照徹,,福建省,福州市,闽侯县,福建省福州市闽侯县竹岐乡竹西村,,,,,119.090530,26.151701
闽侯竹岐佛地禅寺,汉语系,崔心汉,,福建省,福州市,闽侯县,福建省福州市闽侯县竹岐乡半岭村,,,,,119.057472,26.136671
闽侯竹岐德磬寺,汉语系,释传淦,,福建省,福州市,闽侯县,福建省福州市闽侯县竹岐乡火炬村,,,,,119.055695,26.145582
闽侯竹岐昆山禅寺,汉语系,释照徹,,福建省,福州市,闽侯县,福建省福州市闽侯县竹岐乡白龙村,,,,,119.145584,26.113552
闽侯竹岐观音岩禅寺,汉语系,释真圆,,福建省,福州市,闽侯县,福建省福州市闽侯县竹岐乡榕中村,,,,,119.130562,26.121851
闽侯荆溪三峰禅寺,汉语系,释时参,,福建省,福州市,闽侯县,福建省福州市闽侯县荆溪镇关中村,,,,,119.189598,26.205292
闽侯荆溪云林禅寺,汉语系,释楞严,,福建省,福州市,闽侯县,福建省福州市闽侯县荆溪镇六垱村,,,,,119.192627,26.235161
闽侯荆溪佛顶禅寺,汉语系,释地雄,,福建省,福州市,闽侯县,福建省福州市闽侯县荆溪镇港头村,,,,,119.174507,26.119181
闽侯荆溪法云禅寺,汉语系,释妙悟,,福建省,福州市,闽侯县,福建省福州市闽侯县荆溪镇光明村,,,,,119.205879,26.119221
闽侯荆溪盘古接佛禅寺,汉语系,释明辉,,福建省,福州市,闽侯县,福建省福州市闽侯县荆溪镇后屿村盘古接佛禅寺,,,,,119.227654,26.121853
闽侯荆溪石佛禅寺,汉语系,释明弘,,福建省,福州市,闽侯县,福建省福州市闽侯县荆溪镇厚屿村,,,,,119.230408,26.113071
闽侯青口大义双龙禅寺,汉语系,陈金贤,2011-07-01,福建省,福州市,闽侯县,福建省福州市闽侯县青口镇后街村,,,,,119.345558,25.869991
闽侯青口白鹿寺,汉语系,方其松,,福建省,福州市,闽侯县,福建省福州市闽侯县青口镇文华村,,,,,119.388924,25.889761
闽侯青口福海寺,汉语系,林圣平,,福建省,福州市,闽侯县,福建省福州市闽侯县青口镇西台村相思岭,,,,,119.307838,25.824022
闽侯鸿尾观音岐禅寺,汉语系,释传斌,2011-07-01,福建省,福州市,闽侯县,福建省福州市闽侯县鸿尾乡埕头村,,,,,118.961975,26.202393
闽侯鸿尾龙泉禅寺,汉语系,释正道,2011-07-01,福建省,福州市,闽侯县,福建省福州市闽侯县鸿尾乡超乾村,,,,,119.002792,26.167040
闽清天王寺,汉语系,释广达,,福建省,福州市,闽清县,福建省福州市闽清县梅城镇天王寺,,,,,118.862358,26.218771
闽清广德寺,汉语系,夏利焕,,福建省,福州市,闽清县,福建省福州市闽清县坂东镇湖头村广德洋,,,,,118.789764,26.118361
闽清念佛堂,汉语系,释心道,2011-06-27,福建省,福州市,闽清县,福建省福州市闽清县梅城镇关老人活动中心楼下第二层,,,,,118.854889,26.204002
闽清清安寺,汉语系,释传彬,,福建省,福州市,闽清县,福建省福州市闽清县梅溪镇建兴村303号,,,,,118.908279,26.201342
闽清瑞香寺,汉语系,释中严,,福建省,福州市,闽清县,福建省福州市闽清县白石山瑞香寺,,,,,118.843994,26.313023
闽清白云寺,汉语系,释悟智,,福建省,福州市,闽清县,福建省福州市闽清县白漳镇白云山,,,,,118.751617,26.259441
闽清白岩寺,汉语系,释广通,,福建省,福州市,闽清县,福建省福州市闽清县三溪乡白岩寺,,,,,118.870499,26.065691
闽清观音寺,汉语系,释传勇,,福建省,福州市,闽清县,福建省福州市闽清县池园镇隔兜村,,,,,118.694527,26.096621
闽清鹫峰寺,汉语系,释明旭,,福建省,福州市,闽清县,福建省福州市闽清县坂东镇秋峰村,,,,,118.813942,26.131941
福州东金寺,汉语系,无,,福建省,福州市,台江区,福建省福州市台江区滨西大道206号,,,,,119.314140,26.052700
福州双杭观音庵,汉语系,释应钦,,福建省,福州市,台江区,福建省福州市台江区双杭星河巷20号,,,,,119.305820,26.050350
福州海潮寺,汉语系,释心定,,福建省,福州市,台江区,福建省福州市台江区五一中路龙庭巷24号,,,,,119.312310,26.070630
福州荷泽寺,汉语系,释应钦,,福建省,福州市,台江区,福建省福州市台江区西二环中路671号,,,,,119.288400,26.066750
永泰能仁寺,汉语系,释悟智,,福建省,福州市,永泰县,福建省福州市永泰县长庆镇下际村,能仁寺，福建省福州市永泰县佛教寺庙，现名叫下际寺，旧时代别名叫九落寺，位于福建省永泰县长庆乡下漈村，距离长庆镇中心5公里左右。,,,,118.577530,25.867481
永泰仙佛寺,汉语系,释善玉,,福建省,福州市,永泰县,福建省福州市永泰县樟城镇八仙路8号,,,,,118.934570,25.873020
永泰方广岩寺,汉语系,释广正,1994-09-01,福建省,福州市,永泰县,福建省福州市永泰县葛岭镇葛岭村,,,,,119.081917,25.875671
永泰观音亭寺,汉语系,释普心,,福建省,福州市,永泰县,福建省福州市永泰嵩口镇道南村,,,,,118.591537,25.800871
永泰重光寺,汉语系,释真妙,,福建省,福州市,永泰县,福建省福州市永泰县樟城镇池锋路35号,,,,,118.931061,25.869633
永泰闇亭寺,汉语系,释广达,,福建省,福州市,永泰县,福建省福州市永泰盖洋乡赤岭村,,,,,118.488762,25.836712
长乐下朱致一堂,汉语系,朱金宝,,福建省,福州市,长乐市,福建省长乐市航城街道下朱村,,,,,119.506050,25.966541
长乐下洋小西禅寺,汉语系,释照香,,福建省,福州市,长乐市,福建省长乐市营前镇下洋村,,,,,119.425171,25.946272
长乐下洋银峰寺,汉语系,周宝元,,福建省,福州市,长乐市,福建省长乐市营前街道下洋村,,,,,119.425171,25.946272
长乐东关梅峰寺,汉语系,释戒明,,福建省,福州市,长乐市,福建省长乐市吴航街道东关村,,,,,119.523468,25.957062
长乐东山观音寺,汉语系,释法心,,福建省,福州市,长乐市,福建省长乐市文武砂镇东山村,,,,,119.577759,25.871647
长乐东海安平堂,汉语系,释智悟,,福建省,福州市,长乐市,福建省长乐市文武砂镇东海村,,,,,119.580261,25.863380
长乐北山资寿寺,汉语系,释如恒,,福建省,福州市,长乐市,福建省长乐市鹤上镇北山村,,,,,119.531273,25.938871
长乐北湖灵光禅寺,汉语系,释象开,,福建省,福州市,长乐市,福建省长乐市古槐镇北湖村,,,,,119.548241,25.906342
长乐十洋法雨寺,汉语系,释界耀,,福建省,福州市,长乐市,福建省长乐市吴航街道十洋村,,,,,119.520523,25.961662
长乐十洋福寿寺,汉语系,释传照,,福建省,福州市,长乐市,福建省长乐市吴航镇十洋街上巷村,,,,,119.517708,25.964081
长乐厚福崇圣寺,汉语系,释法净,,福建省,福州市,长乐市,福建省长乐市潭头镇厚福村,,,,,119.618843,26.005787
长乐古槐云谷寺,汉语系,释传闻,,福建省,福州市,长乐市,福建省长乐市古槐镇上店村,,,,,119.511284,25.860123
长乐后安碧泉寺,汉语系,释传圣,,福建省,福州市,长乐市,福建省长乐市航城街道后安村,,,,,119.502640,26.011591
长乐坑田大乘寺,汉语系,释隆芳,,福建省,福州市,长乐市,福建省长乐市坑田镇坑田村,,,,,119.477043,25.891052
长乐大士阁禅寺,汉语系,释悟性,,福建省,福州市,长乐市,福建省长乐市江田镇苍西村,,,,,119.582870,25.822580
长乐大象山文殊寺,汉语系,释智霖,,福建省,福州市,长乐市,福建省长乐市营前街道东屿村,,,,,119.419617,25.944561
长乐屿头龙兴寺,汉语系,释传清,,福建省,福州市,长乐市,福建省长乐市古槐镇屿北村,,,,,119.555794,25.905241
长乐文岭花亭佛塔寺,汉语系,释门昱,,福建省,福州市,长乐市,福建省长乐市文岭镇东吴村,,,,,119.644394,25.986702
长乐文岭龙华禅寺,汉语系,释慧道,,福建省,福州市,长乐市,福建省长乐市文岭镇阜山村,,,,,119.641100,26.002460
长乐文石龙山宝贤寺,汉语系,释洪扬,,福建省,福州市,长乐市,福建省长乐市潭头镇文石村,,,,,119.610603,26.036613
长乐曹朱广积寺,汉语系,释法如,,福建省,福州市,长乐市,福建省长乐市潭头镇压曹朱村,,,,,119.602470,26.022522
长乐泗州文佛寺,汉语系,释开根,,福建省,福州市,长乐市,福建省长乐市玉田镇琅峰村,,,,,119.471153,25.910122
长乐泮野五佛堂,汉语系,陈宝英,,福建省,福州市,长乐市,福建省长乐市航程街道泮野村,,,,,119.495613,25.960541
长乐泽里开明寺,汉语系,释印铭,,福建省,福州市,长乐市,福建省长乐市潭头镇泽里村,,,,,119.595421,26.040152
长乐泽里鳌峰岩寺,汉语系,释妙行,,福建省,福州市,长乐市,福建省长乐市潭头镇泽里村,,,,,119.595421,26.040152
长乐浮岐普陀寺,汉语系,释腾鸿,,福建省,福州市,长乐市,福建省长乐市猴屿乡浮岐村,,,,,119.543200,26.052440
长乐湖里太华寺,汉语系,释长龙,,福建省,福州市,长乐市,福建省长乐市营前街道湖里村,,,,,119.484818,25.964602
长乐漳港海潮寺,汉语系,释象开,,福建省,福州市,长乐市,福建省长乐市漳港街道漳港村,,,,,119.634499,25.914902
长乐漳港龙峰龙山寺,汉语系,释道悟,,福建省,福州市,长乐市,福建省长乐市漳港街道龙峰村,,,,,119.630707,25.928501
长乐潭头安养寺,汉语系,释清慈,,福建省,福州市,长乐市,福建省长乐市潭头镇谭头村,,,,,119.600655,26.031887
长乐潭头岱灵灵山广义寺,汉语系,释谛涵,,福建省,福州市,长乐市,福建省长乐市潭头镇岱灵村,,,,,119.592682,25.986872
长乐潭头广聚堂,汉语系,释量周,,福建省,福州市,长乐市,福建省长乐市潭头镇潭头村,,,,,119.599892,26.025621
长乐潭头德成岩禅寺,汉语系,释妙达,,福建省,福州市,长乐市,福建省长乐市潭头镇,,,,,119.602470,26.022522
长乐潭头文溪青山寺,汉语系,刘增勇,,福建省,福州市,长乐市,福建省长乐市潭头镇文溪村,,,,,119.594398,26.026220
长乐潭头晦翁岩龙峰寺,汉语系,释妙登,,福建省,福州市,长乐市,福建省长乐市潭头镇二刘村,,,,,119.586243,26.015972
长乐潭头沙堤天王寺,汉语系,释传净,,福建省,福州市,长乐市,福建省长乐市潭头镇沙堤村,,,,,119.609123,25.995083
长乐潭头法王禅寺,汉语系,释普渡,,福建省,福州市,长乐市,福建省长乐市潭头镇边兰村,,,,,119.585342,26.003813
长乐潭头龙山潭峪寺,汉语系,释见果,,福建省,福州市,长乐市,福建省长乐市潭头镇寺下村,,,,,119.611374,26.031172
长乐玉田乾巫寺,汉语系,释生慧,,福建省,福州市,长乐市,福建省长乐市玉田镇玉田村,,,,,119.459305,25.874016
长乐玉田宝林寺,汉语系,释心静,,福建省,福州市,长乐市,福建省长乐市玉田镇大溪村,,,,,119.450798,25.882631
长乐玉田琅峰莲花寺,汉语系,释道量,,福建省,福州市,长乐市,福建省长乐市玉田镇琅峰村,,,,,119.471153,25.910122
长乐玉田龙首寺,汉语系,释界通,,福建省,福州市,长乐市,福建省长乐市玉田镇上元村,,,,,119.461037,25.868494
长乐竹田西兴寺,汉语系,释界定,,福建省,福州市,长乐市,福建省长乐市古槐镇竹田村,,,,,119.521988,25.848171
长乐筹岐国德寺,汉语系,释思和,,福建省,福州市,长乐市,福建省长乐市航程街道筹岐村,,,,,119.494713,25.937271
长乐营前唐兴寺,汉语系,林依媄,,福建省,福州市,长乐市,福建省长乐市营前镇岐头村渡船亭边,,,,,119.461708,25.961090
长乐营前长安仙竹寺,汉语系,释塔钦,,福建省,福州市,长乐市,福建省长乐市营前街道长安村,,,,,119.479233,25.959162
长乐象屿锦福寺,汉语系,释智道,,福建省,福州市,长乐市,福建省长乐市猴屿乡象屿村,,,,,119.543200,26.052440
长乐路顶玉善观音堂,汉语系,释平修,,福建省,福州市,长乐市,福建省长乐市漳港街道路顶村,,,,,119.636368,25.923561
长乐金峰施朱龙津寺,汉语系,释妙达,,福建省,福州市,长乐市,福建省长乐市金峰镇陈店村,,,,,119.635490,25.950260
长乐青山观音寺,汉语系,释照源,,福建省,福州市,长乐市,福建省长乐市古槐镇青山村,,,,,119.534370,25.904751
长乐首占罗汉山圆觉寺,汉语系,释广溢,,福建省,福州市,长乐市,福建省长乐市首占镇塘屿村,,,,,119.472328,25.929111
长乐首占莲心堂,汉语系,游依华,,福建省,福州市,长乐市,福建省长乐市首占镇首占村,,,,,119.488960,25.933681
长乐高楼竹林寺,汉语系,释真源,,福建省,福州市,长乐市,福建省长乐市古槐高楼竹林寺,,,,,119.532013,25.876930
长乐黄石云顶寺,汉语系,释能奕,,福建省,福州市,长乐市,福建省长乐市营前镇黄石村里厝街,,,,,119.413292,25.947660
建阳回瑶甘露寺,汉语系,释泽旺（叶金旺）,1999-05-01,福建省,建阳市,,福建省建阳市潭城街道回瑶村,,,,,118.107788,27.274862
建阳小湖朱源寺,汉语系,释泽亮（池泽亮）,1988-03-01,福建省,建阳市,,福建省建阳市小湖镇葛墩村,,,,,118.216988,27.291981
建阳小湖楮林寺,汉语系,释远学（谢学明）,1999-03-01,福建省,建阳市,,福建省建阳市小湖镇大湖村,,,,,118.296143,27.343082
建阳徐市北岸圆通寺,汉语系,释昌荣（李树飞）,1988-03-01,福建省,建阳市,,福建省建阳市徐市镇北岸村,,,,,118.103989,27.231293
建阳徐市善福寺,汉语系,释泽法（葛显声）,1999-03-01,福建省,建阳市,,福建省建阳市徐市镇徐市村,,,,,118.098602,27.224411
建阳水吉七里岚庆安寺,汉语系,释泽德（郑家玉）,2003-07-01,福建省,建阳市,,福建省建阳市水吉镇七里岚村,,,,,118.323158,27.370352
建阳水吉南岭回龙寺,汉语系,释泽长（邢长发）,1999-03-01,福建省,建阳市,,福建省建阳市水吉镇南岭村,,,,,118.272049,27.380753
建阳水吉吴山隐峰寺,汉语系,释远容（林吟）,2011-08-01,福建省,建阳市,,福建省建阳市水吉镇良源村,,,,,118.299614,27.402901
建阳水吉玉瑶老佛寺,汉语系,释泽启（暨汉忠）,1999-04-01,福建省,建阳市,,福建省建阳市水吉镇玉瑶村,,,,,118.365013,27.437941
建阳水吉青田平山寺,汉语系,释宗慧（白灼美）,,福建省,建阳市,,福建省建阳市水吉镇青田村,,,,,118.362572,27.426231
建阳水吉黄西溪福寿寺,汉语系,释题景（陈学松）,1999-05-01,福建省,建阳市,,福建省建阳市水吉镇黄西溪村,,,,,118.304161,27.505220
建阳潭城考亭圆心寺,汉语系,释达枝（詹佳延）,2003-07-01,福建省,建阳市,,福建省建阳市潭城街道考亭村,,,,,118.106850,27.310192
建阳童游九台山德兴寺,汉语系,释远高（高岩）,,福建省,建阳市,,福建省建阳市童游街道溪口村,,,,,118.148010,27.314390
建阳童游冲源寺,汉语系,释学开（张威）,1999-05-01,福建省,建阳市,,福建省建阳市童游街道新村村,,,,,118.090073,27.369093
建阳童游庵山灵泉寺,汉语系,释本清（丁成妹）,1993-10-01,福建省,建阳市,,福建省建阳市童游街道童游村,,,,,118.128990,27.342081
建阳童游彭墩福先寺,汉语系,释惟静（葛树跃）,2000-07-01,福建省,建阳市,,福建省建阳市童游街道彭墩村,,,,,118.165398,27.414503
建阳莒口佛迹岭圣迹寺,汉语系,释本印（钟代弟）,1993-10-01,福建省,建阳市,,福建省建阳市莒口镇河坝村佛迹岭,,,,,117.956238,27.360691
建阳莒口湖桥仰山寺,汉语系,潘智增（潘美英）,2003-08-01,福建省,建阳市,,福建省建阳市莒口镇湖桥村,,,,,117.908058,27.341673
建阳麻沙灵岩寺,汉语系,释泽莲（夏枝宝）,,福建省,建阳市,,福建省建阳市麻沙镇渡头村,,,,,117.841393,27.391085
连城东山寺,汉语系,释普仁,1999-01-01,福建省,龙岩市,连城县,福建省龙岩市连城县姑田镇城兜村东山寺,,,,,116.984894,25.708151
连城中华山性海寺,汉语系,释光良,1993-01-01,福建省,龙岩市,连城县,福建省龙岩市连城县新泉镇联溪村中华山性海寺,,,,,116.665741,25.419552
连城冠豸山法云寺,汉语系,释妙净,1993-05-25,福建省,龙岩市,连城县,福建省龙岩市连城县莲峰镇大坪村冠豸山法云寺,,,,,116.785141,25.712132
连城净土寺,汉语系,释隆海,1993-01-01,福建省,龙岩市,连城县,福建省龙岩市连城县新泉镇新泉村净土寺,,,,,116.623428,25.352972
连城同关寺,汉语系,释普善,1987-01-01,福建省,龙岩市,连城县,福建省龙岩市连城县曲溪乡同关寺,,,,,116.920013,25.636600
连城四堡雪峰寺,汉语系,释光霖,1999-01-01,福建省,龙岩市,连城县,福建省龙岩市连城县四堡乡黄坑雪峰寺,,,,,116.710602,25.843807
连城塘前艳林寺,汉语系,释寂玄,1999-01-01,福建省,龙岩市,连城县,福建省龙岩市连城县塘前乡塘前村艳林寺,,,,,116.857216,25.765263
连城妙乐寺,汉语系,释光辉,2006-01-01,福建省,龙岩市,连城县,福建省龙岩市连城县新泉镇乐联村妙乐寺,,,,,116.649574,25.391743
连城姑田静观寺,汉语系,释会玄,1993-01-01,福建省,龙岩市,连城县,福建省龙岩市连城县姑田镇中堡村西山静观寺,,,,,116.973282,25.692001
连城宣和宣福寺,汉语系,释普复,1999-01-01,福建省,龙岩市,连城县,福建省龙岩市连城县宣和乡上曹村宣福寺,,,,,116.647247,25.617813
连城庙前清凉寺,汉语系,释普文,2006-01-01,福建省,龙岩市,连城县,福建省龙岩市连城县庙前镇庙前村,,,,,116.684250,25.330263
连城心安寺,汉语系,释光声,1999-01-01,福建省,龙岩市,连城县,福建省龙岩市连城县庙前镇庙上村,,,,,116.689148,25.324673
连城文亨圆应庵,汉语系,张得兴,1999-01-01,福建省,龙岩市,连城县,福建省龙岩市连城县文亨镇湖峰村,,,,,116.779900,25.601933
连城文亨广福寺,汉语系,释宏云,1999-01-01,福建省,龙岩市,连城县,福建省龙岩市连城县文亨镇田心村,,,,,116.732452,25.657553
连城新泉柳荫寺,汉语系,释光全,1999-01-01,福建省,龙岩市,连城县,福建省龙岩市连城县新泉镇良福村柳荫寺,,,,,116.679184,25.455292
连城朋口慈云寺,汉语系,释普辉,2007-01-01,福建省,龙岩市,连城县,福建省龙岩市连城县朋口镇天马村慈云寺,,,,,116.690628,25.534227
连城法华寺,汉语系,释普纯,2013-06-25,福建省,龙岩市,连城县,福建省龙岩市连城县朋口镇法华寺,,,,,116.687927,25.525114
连城罗坊福华庵,汉语系,释普善,1999-01-01,福建省,龙岩市,连城县,福建省龙岩市连城县罗坊乡福华庵,,,,,116.691574,25.747581
连城莒溪招福寺,汉语系,释修华,1999-01-01,福建省,龙岩市,连城县,福建省龙岩市连城县莒溪镇宅塘招福寺,,,,,116.758308,25.498791
连城莲池寺,汉语系,释普聪,2006-01-01,福建省,龙岩市,连城县,福建省龙岩市连城县北团镇山下村莲池寺,,,,,116.718590,25.793102
连城镇华山寺,汉语系,释普裕,,福建省,龙岩市,连城县,福建省龙岩市连城县朋口镇文坊村镇华山寺,,,,,116.692108,25.527061
连城隔川广圆寺,汉语系,释寂法,2007-01-01,福建省,龙岩市,连城县,福建省龙岩市连城县隔川乡广圆寺,,,,,116.725433,25.749100
连城香林寺,汉语系,释照运,2007-01-01,福建省,龙岩市,连城县,福建省龙岩市连城县朋口镇张家营村香林寺,,,,,116.668579,25.542526
连城龙龟寺,汉语系,释耀华,2006-01-01,福建省,龙岩市,连城县,福建省龙岩市连城县隔川乡龙龟寺,,,,,116.744751,25.759859
上杭圆通寺,汉语系,释正觉,1993-11-01,福建省,龙岩市,上杭县,福建省龙岩市上杭县珊瑚乡华竹村,圆通寺位于珊蝴乡千家村东侧海拔1041米的圆通山上，为明成化六年（1470年）明朝进士九一僧人在山上开山创业时创建。圆通寺殿堂宽敞，菩萨林立，曾一度成为上杭、武平、长汀诸县的佛教中心。清光绪六年（1879年）闽浙水师提督钟宝山退隐于此，带发修行，成为虔诚的佛教居士，留下了许多人文景观，自此该寺名声大振。圆通山风光旖旎，有名闻遐迩的九寺八刹大振三十六景。其中雷音寺、冷月泉、拂子水、圆通岩等景致令人流连忘返；田园风光美不胜收；昔日“演兵跑马场”，依稀可辩；山麓之北的杨梅山水库，是座高海拔水库，被人称作“天湖”，湖光山色使人心旷神怡，吸引着越来越多的游客。1987年光明法师募化重修圆通寺，使古刹重放异彩，盛时常住30余人。在当地政府重视下，圆通山千亩山地和百亩良田逐步得到开发利用，“以农养禅，禅农并重”的经验在全省推广。,,,,116.345718,25.252701
上杭东华寺,汉语系,傅普立,1997-07-01,福建省,龙岩市,上杭县,福建省龙岩市上杭县蛟洋镇塘厦村,,,,,116.710152,25.220510
上杭东峰寺,汉语系,释普竟,1997-10-01,福建省,龙岩市,上杭县,福建省龙岩市上杭县官庄乡树人村,,,,,116.352432,25.296591
上杭东竺寺,汉语系,胡光润,1993-11-01,福建省,龙岩市,上杭县,福建省龙岩市上杭县紫金公园内,,,,,116.439972,25.045509
上杭九建庵,汉语系,王长胜,2005-01-01,福建省,龙岩市,上杭县,福建省龙岩市上杭县临城镇黄竹村,,,,,116.445427,25.024712
上杭云山寺,汉语系,陈普铿,1999-06-01,福建省,龙岩市,上杭县,福建省龙岩市上杭县官庄乡新风村,,,,,116.333298,25.286163
上杭云峰寺,汉语系,释定觉,2001-07-01,福建省,龙岩市,上杭县,福建省龙岩市上杭县临城镇上圆山,,,,,116.453163,25.123791
上杭五龙寺,汉语系,黄福明,1999-07-01,福建省,龙岩市,上杭县,福建省龙岩市上杭县通贤乡寨头村,,,,,116.459930,25.300264
上杭佛塔庵,汉语系,释光凡,2003-09-01,福建省,龙岩市,上杭县,福建省龙岩市上杭县旧县镇铁场村,,,,,116.471092,25.184092
上杭佛岭寺,汉语系,释无尘,1993-11-01,福建省,龙岩市,上杭县,福建省龙岩市上杭县通贤乡文坑村,,,,,116.439018,25.295422
上杭佛灵寺,汉语系,释印德,1997-10-01,福建省,龙岩市,上杭县,福建省龙岩市上杭县通贤乡上村,,,,,116.459930,25.300264
上杭佛缘寺,汉语系,傅普竟,1997-10-01,福建省,龙岩市,上杭县,福建省龙岩市上杭县蛟洋镇塘厦村,,,,,116.710152,25.220510
上杭修心寺,汉语系,华贵仁,1997-10-01,福建省,龙岩市,上杭县,福建省龙岩市上杭县蛟洋镇华家村,,,,,116.641449,25.187262
上杭净严寺,汉语系,释普乾,1997-10-01,福建省,龙岩市,上杭县,福建省龙岩市上杭县临城镇七峰山,,,,,116.410858,25.053722
上杭南华寺,汉语系,释光鸿,2003-12-01,福建省,龙岩市,上杭县,福建省龙岩市上杭县通贤乡周源村,,,,,116.460342,25.297441
上杭南禅寺,汉语系,黄有春,1993-11-01,福建省,龙岩市,上杭县,福建省龙岩市上杭县南阳镇南坑村,,,,,116.511391,25.318962
上杭双髻山寺,汉语系,释量海,1997-10-01,福建省,龙岩市,上杭县,福建省龙岩市上杭县蛟洋镇贵竹村,,,,,116.670372,25.161341
上杭古中峰寺,汉语系,释普向,2003-11-01,福建省,龙岩市,上杭县,福建省龙岩市上杭县旧县镇迳美村,,,,,116.412178,25.160450
上杭善庆庵,汉语系,陈福招,1997-10-01,福建省,龙岩市,上杭县,福建省龙岩市上杭县白砂镇朋新村,,,,,116.607124,25.141611
上杭圆光寺,汉语系,王立贤,1993-11-01,福建省,龙岩市,上杭县,福建省龙岩市上杭县古田镇下郭车村,,,,,116.764282,25.175663
上杭圆岌寺,汉语系,钟松松,2001-07-01,福建省,龙岩市,上杭县,福建省龙岩市上杭县南阳镇涂坑村,,,,,116.568321,25.337591
上杭圆明寺,汉语系,释能觉,1997-10-01,福建省,龙岩市,上杭县,福建省龙岩市上杭县南阳镇罗坊村,,,,,116.501373,25.346672
上杭大山寺,汉语系,梁照源,1997-10-01,福建省,龙岩市,上杭县,福建省龙岩市上杭县南阳镇豪东村,,,,,116.526443,25.300663
上杭天门寺,汉语系,陈仁辉,1993-11-01,福建省,龙岩市,上杭县,福建省龙岩市上杭县南阳茶溪村,,,,,116.483269,25.372450
上杭天龙寺,汉语系,释眼行,1997-10-01,福建省,龙岩市,上杭县,福建省龙岩市上杭县白砂镇上早康村,,,,,116.576103,25.175121
上杭太阳寺,汉语系,廖长耀,2003-12-01,福建省,龙岩市,上杭县,福建省龙岩市上杭县白砂镇长锦村,,,,,116.573570,25.142403
上杭官庄天目山寺,汉语系,钟裕林,2015-07-15,福建省,龙岩市,上杭县,福建省龙岩市上杭县官庄畲族乡福泉村,,,,,116.338654,25.306522
上杭宝林寺,汉语系,释照和,1997-10-01,福建省,龙岩市,上杭县,福建省龙岩市上杭县通贤乡培材村,,,,,116.459930,25.300264
上杭广济寺,汉语系,释圆庆,1997-10-01,福建省,龙岩市,上杭县,福建省龙岩市上杭县古田镇赖坊村,,,,,116.820648,25.211353
上杭广福寺,汉语系,廖光书,1997-10-01,福建省,龙岩市,上杭县,福建省龙岩市上杭县古田镇五龙村,,,,,116.833191,25.216692
上杭德峰寺,汉语系,蓝光启,1997-10-01,福建省,龙岩市,上杭县,福建省龙岩市上杭县旧县镇石圳村,,,,,116.437973,25.161612
上杭心安寺,汉语系,释普发,1999-07-01,福建省,龙岩市,上杭县,福建省龙岩市上杭县蛟洋镇丘坊村,,,,,116.693214,25.209602
上杭忠莲寺,汉语系,释普翠,2003-09-01,福建省,龙岩市,上杭县,福建省龙岩市上杭县古田镇新生村,,,,,116.732719,25.282351
上杭惠光寺,汉语系,释普源,1997-10-01,福建省,龙岩市,上杭县,福建省龙岩市上杭县古田镇苎圆村,,,,,116.721153,25.295631
上杭护庆寺,汉语系,释满海,1993-10-01,福建省,龙岩市,上杭县,福建省龙岩市上杭县南阳镇罗坊村,,,,,116.501373,25.346672
上杭报恩寺,汉语系,赖光丙,1993-11-01,福建省,龙岩市,上杭县,福建省龙岩市上杭县古田镇赖坊村,,,,,116.820648,25.211353
上杭显通寺,汉语系,李普峰,2008-07-01,福建省,龙岩市,上杭县,福建省龙岩市上杭县旧县镇河西村,,,,,116.496994,25.207743
上杭普陀寺,汉语系,释定觉,,福建省,龙岩市,上杭县,福建省龙岩市上杭县临城镇宫桥村,,,,,116.447067,25.081911
上杭水井寺,汉语系,林春堂,1997-10-01,福建省,龙岩市,上杭县,福建省龙岩市上杭县官庄乡红石村,,,,,116.355377,25.359442
上杭永福寺,汉语系,张佰培,1997-10-01,福建省,龙岩市,上杭县,福建省龙岩市上杭县古田镇洋稠村,,,,,116.759201,25.320282
上杭法灵寺,汉语系,释照谨,1997-10-01,福建省,龙岩市,上杭县,福建省龙岩市上杭县才溪镇溪北村,,,,,116.416153,25.270460
上杭清源寺,汉语系,张振辉,,福建省,龙岩市,上杭县,福建省龙岩市上杭县太拔乡,,,,,116.642212,24.985497
上杭溪口松林寺,汉语系,张圆戒,1997-10-01,福建省,龙岩市,上杭县,福建省龙岩市上杭县溪口镇大厚村,,,,,116.677788,25.061852
上杭潮音寺,汉语系,邱新英,1997-10-01,福建省,龙岩市,上杭县,福建省龙岩市上杭县临城镇富古村,,,,,116.421890,25.077841
上杭灵光寺,汉语系,何荣昌,1993-11-01,福建省,龙岩市,上杭县,福建省龙岩市上杭县南阳镇联义村,,,,,116.464760,25.355633
上杭瑞真庵,汉语系,曾六金,2015-07-15,福建省,龙岩市,上杭县,福建省龙岩市上杭县临江亨二巷6号,,,,,116.420260,25.049430
上杭白云寺,汉语系,郭普德,2003-09-01,福建省,龙岩市,上杭县,福建省龙岩市上杭县临城镇城南,,,,,116.410858,25.053722
上杭盈丰寺,汉语系,傅清招,2003-09-01,福建省,龙岩市,上杭县,福建省龙岩市上杭县白砂镇岭背村,,,,,116.613228,25.159161
上杭福灵寺,汉语系,释寂顺,1997-10-01,福建省,龙岩市,上杭县,福建省龙岩市上杭县南阳镇南阳村,,,,,116.503769,25.316341
上杭福田寺,汉语系,朱定意,2002-12-01,福建省,龙岩市,上杭县,福建省龙岩市上杭县通贤乡大东村,,,,,116.487274,25.297552
上杭福缘寺,汉语系,释普双,1997-10-01,福建省,龙岩市,上杭县,福建省龙岩市上杭县南阳镇新联村,,,,,116.497459,25.336540
上杭竹林寺,汉语系,黄敦云,1997-10-01,福建省,龙岩市,上杭县,福建省龙岩市上杭县古田镇下郭车村,,,,,116.764282,25.175663
上杭筠圆寺,汉语系,陈元从,1997-10-01,福建省,龙岩市,上杭县,福建省龙岩市上杭县南阳镇茶溪村,,,,,116.483269,25.372450
上杭紫竹林庵,汉语系,赖财金,1999-09-01,福建省,龙岩市,上杭县,福建省龙岩市上杭县庐丰乡横岗村,,,,,116.546944,24.976770
上杭西山寺,汉语系,释普先,1993-11-01,福建省,龙岩市,上杭县,福建省龙岩市上杭县南阳镇官余村,,,,,116.483543,25.323822
上杭观音寺,汉语系,释道伟,1997-10-01,福建省,龙岩市,上杭县,福建省龙岩市上杭县蛟洋镇小和村,,,,,116.699150,25.166222
上杭金竹寺,汉语系,王普会,1999-06-01,福建省,龙岩市,上杭县,福建省龙岩市上杭县官庄乡龙角村,,,,,116.347664,25.367651
上杭金龙寺,汉语系,释普添,1997-10-01,福建省,龙岩市,上杭县,福建省龙岩市上杭县古田镇下郭车村,,,,,116.764282,25.175663
上杭镇龙寺,汉语系,释普辉,1999-06-01,福建省,龙岩市,上杭县,福建省龙岩市上杭县官庄乡官庄村,,,,,116.345566,25.312334
上杭马头山寺,汉语系,张继善,2001-01-01,福建省,龙岩市,上杭县,福建省龙岩市上杭县马头山,,,,,116.312355,25.626574
上杭麒麟寺,汉语系,释普意,1997-07-01,福建省,龙岩市,上杭县,福建省龙岩市上杭县古田镇苏家坡村,,,,,116.754341,25.165451
上杭龙华寺,汉语系,释普妙,2001-01-01,福建省,龙岩市,上杭县,福建省龙岩市上杭县才溪镇溪西村,,,,,116.417099,25.262892
上杭龙山寺,汉语系,释普旺,1997-10-01,福建省,龙岩市,上杭县,福建省龙岩市上杭县官庄乡回龙村,,,,,116.347595,25.356485
上杭龙腾寺,汉语系,释满常,1993-11-01,福建省,龙岩市,上杭县,福建省龙岩市上杭县南阳镇射山村,,,,,116.510719,25.281210
武平东留金山寺,汉语系,邱锦盛,1997-01-01,福建省,龙岩市,武平县,福建省龙岩市武平县东留乡南坊村,,,,,115.975861,25.235981
武平中堡白花寺,汉语系,兰加生,2005-01-01,福建省,龙岩市,武平县,福建省龙岩市武平县中堡镇新湖村,,,,,116.266884,25.254881
武平中山平安寺,汉语系,李镜桃,2007-11-01,福建省,龙岩市,武平县,福建省龙岩市武平县中山镇新城村,,,,,116.050697,25.033092
武平兴福寺,汉语系,廖德堂,2005-01-01,福建省,龙岩市,武平县,福建省龙岩市武平县永平乡杭背村,,,,,116.120682,25.239511
武平净慈寺,汉语系,石玉明,2005-01-01,福建省,龙岩市,武平县,福建省龙岩市武平县岩前镇伏虎村,,,,,116.246849,24.905191
武平凌云寺,汉语系,兰榕耀,2005-01-01,福建省,龙岩市,武平县,福建省龙岩市武平县中堡镇林坊村,,,,,116.242729,25.233267
武平凤南山西云寺,汉语系,刘宝新,2003-11-01,福建省,龙岩市,武平县,福建省龙岩市武平县永平乡凤南山西云寺,,,,,116.119949,25.277922
武平十方泉源山,汉语系,聂国春,,福建省,龙岩市,武平县,福建省龙岩市武平县十方镇高梧村,,,,,116.264694,25.057800
武平善兴寺,汉语系,方兴佳,2005-01-01,福建省,龙岩市,武平县,福建省龙岩市武平县永平乡帽村村,,,,,116.119080,25.272560
武平大坪山寺,汉语系,林启义,2003-11-01,福建省,龙岩市,武平县,福建省龙岩市武平县十方镇集贤村,,,,,116.230164,25.021521
武平大禾护民寺,汉语系,林玉英,2005-01-01,福建省,龙岩市,武平县,福建省龙岩市武平县大禾乡邓坑村,,,,,116.077827,25.375011
武平太平寺,汉语系,李礼恭,1996-03-01,福建省,龙岩市,武平县,福建省龙岩市武平县桃溪镇亭头村,,,,,116.186378,25.325392
武平安民寺,汉语系,兰永元,2005-01-01,福建省,龙岩市,武平县,福建省龙岩市武平县大禾乡大禾村,,,,,116.109131,25.399271
武平岩前仙佛寺,汉语系,王永秀,2005-01-01,福建省,龙岩市,武平县,福建省龙岩市武平县岩前镇大布村,,,,,116.218903,24.853561
武平岩前均庆寺,汉语系,释光明,2007-11-01,福建省,龙岩市,武平县,福建省龙岩市武平县岩前镇灵岩村,,,,,116.229149,24.864582
武平平川古山寺,汉语系,王卓宣,2007-11-01,福建省,龙岩市,武平县,福建省龙岩市武平县平川镇七坊村,,,,,116.105957,25.098572
武平平川西来庵,汉语系,释宏修,,福建省,龙岩市,武平县,福建省龙岩市武平县平川镇西厢村岗背,,,,,116.081589,25.095032
武平归庆寺,汉语系,刘辉,2005-01-01,福建省,龙岩市,武平县,福建省龙岩市武平县下坝乡露冕村,,,,,116.043388,24.909281
武平梁野山寺,汉语系,林荣丛,,福建省,龙岩市,武平县,福建省龙岩市武平县梁野山,,,,,116.139214,25.135969
武平武东长安寺,汉语系,王添姑,2005-01-01,福建省,龙岩市,武平县,福建省龙岩市武平县武东乡炉坑村,,,,,116.270203,25.128601
武平武龙宫,汉语系,舒金生,2007-10-01,福建省,龙岩市,武平县,福建省龙岩市武平县中山镇大桥头,,,,,116.040733,25.023432
武平永平禅隆寺,汉语系,钟良贵,2005-01-01,福建省,龙岩市,武平县,福建省龙岩市武平县永平乡梁山村,,,,,116.143074,25.207422
武平湘店天门寺,汉语系,刘承德,2006-01-01,福建省,龙岩市,武平县,福建省龙岩市武平县湘店乡湘洋村,,,,,116.216988,25.458422
武平灵光寺,汉语系,童荣凤,2007-12-01,福建省,龙岩市,武平县,福建省龙岩市武平县中赤乡中赤村,,,,,116.137093,24.926392
武平田心寺,汉语系,钟指祥,2007-12-01,福建省,龙岩市,武平县,福建省龙岩市武平县永平乡昭信村,,,,,116.046249,25.279621
武平白莲寺,汉语系,兰发连,2003-11-01,福建省,龙岩市,武平县,福建省龙岩市武平县岩前镇宁洋村,,,,,116.270073,24.943542
武平神华寺,汉语系,李先琴,,福建省,龙岩市,武平县,福建省龙岩市武平县中赤乡中赤村,,,,,116.137093,24.926392
武平绵洋寺,汉语系,释光明,,福建省,龙岩市,武平县,福建省龙岩市武平县平川镇碧水公园内,,,,,116.107231,25.079563
武平聚仙岩寺,汉语系,王秀英,1999-06-01,福建省,龙岩市,武平县,福建省龙岩市武平县中山镇龙济村,,,,,116.038673,24.983292
武平西湖寺,汉语系,释中谛,2005-01-01,福建省,龙岩市,武平县,福建省龙岩市武平县十方镇十方村,,,,,116.229248,25.036901
武平观狮山寺,汉语系,兰金阳,,福建省,龙岩市,武平县,福建省龙岩市武平县中堡镇章丰村,,,,,116.247032,25.255362
武平象洞福兴寺,汉语系,何万雄,2007-11-01,福建省,龙岩市,武平县,福建省龙岩市武平县象洞乡新岗村,,,,,116.332314,24.925390
武平资福寺,汉语系,释光明,2005-01-01,福建省,龙岩市,武平县,福建省龙岩市武平县中堡镇大坪村,,,,,116.257507,25.220133
武平车通山庵,汉语系,徐月珍,2007-12-01,福建省,龙岩市,武平县,福建省龙岩市武平县民主乡民主村,,,,,115.944061,24.997612
武平龙西山寺,汉语系,兰翠金,2005-01-01,福建省,龙岩市,武平县,福建省龙岩市武平县桃溪镇鲁溪村,,,,,116.169563,25.375282
龙岩天宫山圆通寺,汉语系,释光胜,1999-01-08,福建省,龙岩市,新罗区,福建省龙岩市新罗区雁石镇北河村天宫山路1号,圆通寺风景区位于灵鹫岭上的小盆地，海拔1488米，面积约0.5平方公里。境内寺观有“大雄宝殿”、“大悲殿”、“观慧楼”、“放生池”、“缘梦精庐”等，是僧尼活动和朝圣旅游接待区，这里有“岩泉甘露”、“玉炉馨香”、“古刹岚霞”、“圆通晓月”、“天宫月夜”、“雁谷云涛”、“望佛台”、“七星峰”等景点可供游客观览。,,,,117.111725,25.229982
龙岩大池延庆寺,汉语系,张铁贞,2007-10-01,福建省,龙岩市,新罗区,福建省龙岩市新罗区大池镇北溪村,,,,,116.827011,25.121950
龙岩天马山净慈寺,汉语系,释光良,1995-01-01,福建省,龙岩市,新罗区,福建省龙岩市新罗区曹溪街道石粉村天马山,,,,,117.036072,25.068573
龙岩小池报恩寺,汉语系,释妙悟,2007-10-01,福建省,龙岩市,新罗区,福建省龙岩市新罗区小池镇璜溪村将军山,,,,,116.899681,25.148802
龙岩岩山慧清寺,汉语系,释光贵,,福建省,龙岩市,新罗区,福建省龙岩市新罗区岩山乡龙山村,,,,,117.173927,25.131851
龙岩岩山龙山寺,汉语系,释道宝,1999-01-08,福建省,龙岩市,新罗区,福建省龙岩市新罗区岩山乡龙山村,,,,,117.173927,25.131851
龙岩曹溪清泉寺,汉语系,释光圆,1999-01-08,福建省,龙岩市,新罗区,福建省龙岩市新罗区曹溪街道水塘村,,,,,117.024498,25.072090
龙岩曹溪石马寺,汉语系,倪德龙,2007-10-01,福建省,龙岩市,新罗区,福建省龙岩市新罗区曹溪街道石粉村,,,,,117.036072,25.068573
龙岩江山雪云寺,汉语系,傅友炫,1995-01-01,福建省,龙岩市,新罗区,福建省龙岩市新罗区江山镇村美村,,,,,117.006767,25.195681
龙岩白沙东灵寺,汉语系,邱洲生,1996-01-01,福建省,龙岩市,新罗区,福建省龙岩市新罗区白沙镇白沙村郭公山,,,,,117.231186,25.384315
龙岩白沙捷步净山寺,汉语系,詹顺彪,1996-01-01,福建省,龙岩市,新罗区,福建省龙岩市新罗区白沙镇营边村,,,,,117.283989,25.360313
龙岩苏坂灵山寺,汉语系,陈光锦,1999-01-08,福建省,龙岩市,新罗区,福建省龙岩市新罗区苏坂乡瓦洋村浮灵寨,,,,,117.270721,25.272421
龙岩莲花山莲山寺,汉语系,释光炳,1988-01-01,福建省,龙岩市,新罗区,福建省龙岩市新罗区西城南西路莲山寺,,,,,117.028748,25.079111
龙岩适中上方寺,汉语系,林英琴,1999-01-08,福建省,龙岩市,新罗区,福建省龙岩市新罗区适中镇中心村上方山,,,,,117.111298,24.885191
龙岩雁石东华山静慧寺,汉语系,袁庆荣,2007-10-01,福建省,龙岩市,新罗区,福建省龙岩市新罗区雁石镇东南村石笔山脚,,,,,117.135208,25.223553
龙岩雁石溪洲坂雁洲寺,汉语系,李清花,1996-01-01,福建省,龙岩市,新罗区,福建省龙岩市新罗区雁石镇岩星村溪洲坂,,,,,117.150414,25.255251
龙岩雁石硿溪寺,汉语系,谢荣基,2007-10-01,福建省,龙岩市,新罗区,福建省龙岩市新罗区雁石镇大吉村,,,,,117.169144,25.298752
龙岩雁石莲台山朝天寺,汉语系,陈永红,1996-01-01,福建省,龙岩市,新罗区,福建省龙岩市新罗区雁石镇苏邦村莲台山,,,,,117.163170,25.322613
龙岩雁石觉园海印寺,汉语系,释光瑞,1995-01-01,福建省,龙岩市,新罗区,福建省龙岩市新罗区雁石镇厦中村罗田坂,,,,,117.125984,25.204681
龙岩雁石雁山寺,汉语系,廖根洲,1995-01-01,福建省,龙岩市,新罗区,福建省龙岩市新罗区雁石镇雁江村,,,,,117.149673,25.250780
龙岩龙岩洞龙泉寺,汉语系,释明惠,2007-10-01,福建省,龙岩市,新罗区,福建省龙岩市新罗区南环中路,,,,,117.048264,25.090590
永定万寿寺,汉语系,卢法莲,2005-01-10,福建省,龙岩市,永定县,福建省龙岩市永定县抚市镇五联村老街,,,,,116.928139,24.832212
永定上莲寺,汉语系,郑广传,2002-01-01,福建省,龙岩市,永定县,福建省龙岩市永定县城郊乡龙门村炉前组寨头,,,,,116.763092,24.727701
永定东华山寺,汉语系,杨阿修,1996-12-06,福建省,龙岩市,永定县,福建省龙岩市永定县抚市镇东安村东华山,,,,,116.934471,24.774443
永定东华岩寺,汉语系,吴清福,2005-01-10,福建省,龙岩市,永定县,福建省龙岩市永定县凤城镇东方居委会凤山公园左侧,,,,,116.736893,24.724453
永定中华庵,汉语系,陈学桂,2005-01-10,福建省,龙岩市,永定县,福建省龙岩市永定县培丰镇长流村后坑,,,,,116.968834,24.911991
永定丰绩寺,汉语系,释光明,1993-10-30,福建省,龙岩市,永定县,福建省龙岩市永定县高陂镇上洋村后屏山,,,,,116.865349,24.967703
永定乾寿寺,汉语系,张喜元,2005-01-10,福建省,龙岩市,永定县,福建省龙岩市永定县高陂镇北山村北山,,,,,116.873520,24.955770
永定云山寺,汉语系,释普华,2002-01-01,福建省,龙岩市,永定县,福建省龙岩市永定县坎市镇坎市街小溪片,,,,,116.898361,24.914551
永定仁善寺,汉语系,温志锋,2002-01-01,福建省,龙岩市,永定县,福建省龙岩市永定县洪山乡尚径村,,,,,116.451668,24.745913
永定保安寺,汉语系,蒋惠玲,2002-12-01,福建省,龙岩市,永定县,福建省龙岩市永定县高陂镇平在村,,,,,116.884720,24.976732
永定凤岐寺,汉语系,郑茂林,1996-12-06,福建省,龙岩市,永定县,福建省龙岩市永定县凤城镇西北居委会旦子岐,,,,,116.730858,24.724812
永定华灵寺,汉语系,范看英,2002-01-01,福建省,龙岩市,永定县,福建省龙岩市永定县西溪乡礼田村乌石下,,,,,116.728394,24.758562
永定南华山寺,汉语系,苏宁,2002-01-01,福建省,龙岩市,永定县,福建省龙岩市永定县古竹乡瑶下村南华山,,,,,116.967293,24.690062
永定和睦庵,汉语系,卢普春,2002-01-01,福建省,龙岩市,永定县,福建省龙岩市永定县高陂镇睦邻村刘屋背头山,,,,,116.865997,24.977381
永定圆通寺,汉语系,释妙智,2005-01-10,福建省,龙岩市,永定县,福建省龙岩市永定县凤城镇龙角社区管山前,,,,,116.743469,24.740194
永定坎市北门寺,汉语系,释中谛,2013-08-09,福建省,龙岩市,永定县,福建省龙岩市永定县坎市镇坎市街亭子桥,,,,,116.891228,24.916891
永定坎市永丰寺,汉语系,释今林,,福建省,龙岩市,永定县,福建省龙岩市永定县坎市镇坎市街,,,,,116.891228,24.916891
永定大院寺,汉语系,张七莲,1998-07-14,福建省,龙岩市,永定县,福建省龙岩市永定县仙师乡仙师村湖洋里,,,,,116.624229,24.704523
永定廻洋寺,汉语系,谢妙英,2002-01-01,福建省,龙岩市,永定县,福建省龙岩市永定县下洋镇古洋村古洋坪,,,,,116.846329,24.619251
永定廻龙寺,汉语系,黄普权,1993-12-06,福建省,龙岩市,永定县,福建省龙岩市永定县下洋镇霞村,,,,,116.874565,24.588833
永定慈云堂,汉语系,陈菊香,1998-07-14,福建省,龙岩市,永定县,福建省龙岩市永定县龙潭镇龙潭村寨角,,,,,117.012039,24.843781
永定普民寺,汉语系,释中谛,2005-01-10,福建省,龙岩市,永定县,福建省龙岩市永定县城郊乡东溪村箭滩岗,,,,,116.753059,24.749420
永定梅山寺,汉语系,释耀莲,2005-01-10,福建省,龙岩市,永定县,福建省龙岩市永定县堂堡乡下村村赤坎,,,,,116.816116,24.871178
永定湖坑金莲山寺,汉语系,邱亮城,2013-08-09,福建省,龙岩市,永定县,福建省龙岩市永定县湖坑镇奥杳村金莲山,,,,,117.003052,24.610052
永定湖雷松荫庵,汉语系,张锦锐,,福建省,龙岩市,永定县,福建省龙岩市永定县湖雷镇前坊村鸭妈潭,,,,,116.812241,24.795202
永定灵音寺,汉语系,赖菊姑,2002-01-01,福建省,龙岩市,永定县,福建省龙岩市永定县堂堡乡村中村神仙寨,,,,,116.815468,24.873243
永定燕子岩寺,汉语系,张周礼,2002-01-01,福建省,龙岩市,永定县,福建省龙岩市永定县培丰镇孔夫村燕子岩,,,,,116.970062,24.951073
永定白明寺,汉语系,江志明,2002-01-01,福建省,龙岩市,永定县,福建省龙岩市永定县高陂镇黄田村变电所旁,,,,,116.871834,24.947453
永定真言寺,汉语系,释中谛,1998-07-14,福建省,龙岩市,永定县,福建省龙岩市永定县高陂镇平在村勾树坪,,,,,116.884720,24.976732
永定石岽庵,汉语系,罗东华,2005-01-10,福建省,龙岩市,永定县,福建省龙岩市永定县仙师乡兰岗村石子岽,,,,,116.653908,24.725821
永定砂金寺,汉语系,张万文,2002-01-01,福建省,龙岩市,永定县,福建省龙岩市永定县凤城镇西北社区足水段,,,,,116.729256,24.725641
永定祥光寺,汉语系,释妙华,2013-08-09,福建省,龙岩市,永定县,福建省龙岩市永定县洪山乡上山村王寿山,,,,,116.508110,24.745790
永定福兴堂,汉语系,张春华,1996-12-06,福建省,龙岩市,永定县,福建省龙岩市永定县培丰镇东中村大路背,,,,,116.980637,24.898600
永定福灵寺,汉语系,张春,2002-01-01,福建省,龙岩市,永定县,福建省龙岩市永定县湖雷镇莲塘村大坪头,,,,,116.819489,24.822582
永定紫云山寺,汉语系,陈兰姑,2002-01-01,福建省,龙岩市,永定县,福建省龙岩市永定县培丰镇长流村西山组,,,,,116.968834,24.911991
永定罗峰庵,汉语系,张小初,,福建省,龙岩市,永定县,福建省龙岩市永定县金砂乡赤竹村太二组,,,,,116.690681,24.747601
永定胜因寺,汉语系,游宏兴,2005-01-10,福建省,龙岩市,永定县,福建省龙岩市永定县大溪乡大溪村东福山,,,,,116.929131,24.620531
永定莲花庵,汉语系,卢晓琴,,福建省,龙岩市,永定县,福建省龙岩市永定县坎市镇坎市街日新片,,,,,116.891228,24.916891
永定西兴堂,汉语系,黄秋龙,1996-12-06,福建省,龙岩市,永定县,福建省龙岩市永定县培丰镇长流村马达组,,,,,116.968834,24.911991
永定西华山庵,汉语系,吴细妹,,福建省,龙岩市,永定县,福建省龙岩市永定县合溪乡汤湖村西华山,,,,,116.657661,24.868032
永定西灵庵,汉语系,郑月兰,2005-01-10,福建省,龙岩市,永定县,福建省龙岩市永定县培丰镇文溪村,,,,,116.935379,24.927551
永定西竹庵,汉语系,戴桂传,2005-01-10,福建省,龙岩市,永定县,福建省龙岩市永定县西溪乡礼田村西溪口,,,,,116.733192,24.749620
永定西觉寺,汉语系,胡育壮,1996-12-06,福建省,龙岩市,永定县,福建省龙岩市永定县下洋镇中川村汤子角,,,,,116.816612,24.590424
永定西霖寺,汉语系,释满义,2005-01-10,福建省,龙岩市,永定县,福建省龙岩市永定县下洋镇下洋村杨屋,,,,,116.834038,24.595461
永定诚千寺,汉语系,温照标,,福建省,龙岩市,永定县,福建省龙岩市永定县洪山乡田梓村里坑,,,,,116.529610,24.744213
永定镇丰寺,汉语系,饶普彩,2005-01-10,福建省,龙岩市,永定县,福建省龙岩市永定县培丰镇田地村,,,,,117.025902,24.880629
永定长远庵,汉语系,马妙觉,1996-12-06,福建省,龙岩市,永定县,福建省龙岩市永定县城郊乡古二村下坑,,,,,116.733170,24.713892
永定雷公庵,汉语系,温元姑,1998-07-04,福建省,龙岩市,永定县,福建省龙岩市永定县西溪乡富家村富家地,,,,,116.734848,24.777527
永定马石山莲花庵,汉语系,谌坤荣,,福建省,龙岩市,永定县,福建省龙岩市永定县湖雷镇玉文村马石山,,,,,116.754280,24.822552
永定马齐岽圆山岩寺,汉语系,游宏柱,,福建省,龙岩市,永定县,福建省龙岩市永定县大溪乡坑头村马齐岽,,,,,116.921974,24.616682
永定高陂龙华寺,汉语系,张锦浪,2013-08-09,福建省,龙岩市,永定县,福建省龙岩市永定县高陂镇平在村老虎坑,,,,,116.878082,24.986401
永定龙归寺,汉语系,张伟光,1993-10-30,福建省,龙岩市,永定县,福建省龙岩市永定县高陂镇和兴村先富大道旁边,,,,,116.883781,24.949070
漳平东山莲花岩寺,汉语系,林光照,,福建省,龙岩市,漳平市,福建省漳平市菁城街道东山,,,,,117.414909,25.290352
漳平人华寺,汉语系,释光健,,福建省,龙岩市,漳平市,福建省漳平市永福镇石洪村莲花山,,,,,117.304779,25.058083
漳平南洋石莲寺,汉语系,释仁忠,,福建省,龙岩市,漳平市,福建省漳平市南洋乡红林村美景山,,,,,117.337334,25.419083
漳平圆光寺,汉语系,释光胜,,福建省,龙岩市,漳平市,福建省漳平市和平镇和平村横山圆光寺,,,,,117.422844,25.332922
漳平天风寺,汉语系,释光登,,福建省,龙岩市,漳平市,福建省漳平市和平镇和平村西雾山,,,,,117.422844,25.332922
漳平岩泉寺,汉语系,释光建,,福建省,龙岩市,漳平市,福建省漳平市和平镇下墘村石鼓山,,,,,117.433014,25.378052
漳平永福定兴寺,汉语系,吕炳发,,福建省,龙岩市,漳平市,福建省漳平市永福镇吕坊村,,,,,117.291489,25.054871
漳平永福西山水美寺,汉语系,林李炎,,福建省,龙岩市,漳平市,福建省漳平市永福镇西山村,,,,,117.301239,25.023811
漳平永福观音庙,汉语系,李光戊,,福建省,龙岩市,漳平市,福建省漳平市永福镇李庄村,,,,,117.312958,25.045502
漳平芦芝湧磜岩,汉语系,陈天华,,福建省,龙岩市,漳平市,福建省漳平市芦芝镇月山村牛寮顶,,,,,117.499550,25.316584
漳平赤水天台寺,汉语系,管文贵,,福建省,龙岩市,漳平市,福建省漳平市赤水镇香寮村天台山,,,,,117.291641,25.727406
漳平高明寺,汉语系,释普智,1993-10-01,福建省,龙岩市,漳平市,福建省漳平市菁城街道顶郊村,,,,,117.408249,25.282202
漳平麒龙寺,汉语系,李希义,,福建省,龙岩市,漳平市,福建省漳平市桂林街道下桂林社区龙尾旗山,,,,,117.431023,25.276125
长汀南禅寺,汉语系,释量周,2005-01-20,福建省,龙岩市,长汀县,福建省龙岩市长汀县大同镇罗坊村宝珠峰,长汀南禅寺是一座古老的庙宇，它始建于唐朝五代周显德年间，即公元954年，历史悠久，名闻遐迩，成为古代汀州驰名的八寺之一，由著名高僧惠臻开创，原名“南山同庆禅院”。明代乾道年间不慎发生火灾而废，至万历年间又得于重建，并改名“南禅寺”。,,,,116.349373,25.824432
长汀万福寺,汉语系,释普习,2005-01-20,福建省,龙岩市,长汀县,福建省龙岩市长汀县古城镇梁坑村,,,,,116.244019,25.853802
长汀三水寺,汉语系,释严修,2007-09-23,福建省,龙岩市,长汀县,福建省龙岩市长汀县新桥镇岗头村,,,,,116.455734,25.859463
长汀东山寺,汉语系,释照聪,1994-12-25,福建省,龙岩市,长汀县,福建省龙岩市长汀县濯田镇湖头村,,,,,116.293121,25.540642
长汀东林寺,汉语系,黄文生,1994-12-25,福建省,龙岩市,长汀县,福建省龙岩市长汀县三洲镇三洲村,,,,,116.386566,25.592363
长汀中心庵,汉语系,释道真,1999-05-26,福建省,龙岩市,长汀县,福建省龙岩市长汀县南山镇大田村,,,,,116.515221,25.630133
长汀佛光寺,汉语系,释满善,1993-12-06,福建省,龙岩市,长汀县,福建省龙岩市长汀县馆前镇严坊村,,,,,116.564529,25.942362
长汀佛印寺,汉语系,释光兴,1993-12-06,福建省,龙岩市,长汀县,福建省龙岩市长汀县新桥镇三坑口村,,,,,116.509331,25.943733
长汀佛峰寺,汉语系,释普竹,2001-12-25,福建省,龙岩市,长汀县,福建省龙岩市长汀县河田镇下街村,,,,,116.429214,25.653812
长汀净行寺,汉语系,释普良,2007-09-23,福建省,龙岩市,长汀县,福建省龙岩市长汀县新桥镇石人村,,,,,116.481903,25.920551
长汀南山祥云寺,汉语系,释严华,2001-12-25,福建省,龙岩市,长汀县,福建省龙岩市长汀县南山镇中复村,,,,,116.552734,25.569153
长汀南廨寺,汉语系,释普愿,1999-05-26,福建省,龙岩市,长汀县,福建省龙岩市长汀县汀州镇营背街,,,,,116.363937,25.831079
长汀卧龙塔院,汉语系,释传兴,1993-12-06,福建省,龙岩市,长汀县,福建省龙岩市长汀县汀州镇大同卧龙山,,,,,116.357147,25.840401
长汀卧龙山观音寺,汉语系,释普称,1999-05-26,福建省,龙岩市,长汀县,福建省龙岩市长汀县汀州镇东后巷,,,,,116.362617,25.832361
长汀古胜寺,汉语系,释普慧,2001-12-25,福建省,龙岩市,长汀县,福建省龙岩市长汀县古城镇中都村,,,,,116.178078,25.861441
长汀叶花庵,汉语系,释常慧,1993-12-06,福建省,龙岩市,长汀县,福建省龙岩市长汀县大同镇师福村,,,,,116.401283,25.852962
长汀同庆寺,汉语系,释量海,2005-01-20,福建省,龙岩市,长汀县,福建省龙岩市长汀县大同镇罗坊村,,,,,116.349373,25.824432
长汀地藏寺,汉语系,释常富（临时）,1999-05-26,福建省,龙岩市,长汀县,福建省龙岩市长汀县汀州镇卧龙山,,,,,116.362617,25.832361
长汀大同古灵寺,汉语系,丘族汉（临时）,2007-09-23,福建省,龙岩市,长汀县,福建省龙岩市长汀县大同镇大埔村,,,,,116.363823,25.839590
长汀大同定光寺,汉语系,释光成,2007-09-23,福建省,龙岩市,长汀县,福建省龙岩市长汀县大同镇师福村,,,,,116.401283,25.852962
长汀大同开元寺,汉语系,释谛明,2007-09-23,福建省,龙岩市,长汀县,福建省龙岩市长汀县大同镇南寨村,,,,,116.360054,25.826653
长汀大同波罗寺,汉语系,胡日兴,2007-09-23,福建省,龙岩市,长汀县,福建省龙岩市长汀县大同镇翠峰村,,,,,116.422920,25.898872
长汀大同鳌鱼山寺,汉语系,俞普文（临时）,2007-09-23,福建省,龙岩市,长汀县,福建省龙岩市长汀县大同镇东埔村,,,,,116.395721,25.870573
长汀天华山万峰寺,汉语系,释普兰,2005-01-20,福建省,龙岩市,长汀县,福建省龙岩市长汀县铁长乡天华山,,,,,116.376183,25.947893
长汀如是庵,汉语系,释照达,1993-12-06,福建省,龙岩市,长汀县,福建省龙岩市长汀县汀州镇东门街东后巷,,,,,116.362617,25.832361
长汀妙乐寺,汉语系,释慧满,2007-09-23,福建省,龙岩市,长汀县,福建省龙岩市长汀县策武镇策星村,,,,,116.355232,25.726532
长汀妙行寺,汉语系,释满通,2007-09-23,福建省,龙岩市,长汀县,福建省龙岩市长汀县大同镇印黄村卧龙山,,,,,116.357147,25.840401
长汀宝珠寺,汉语系,释普愿,1999-05-26,福建省,龙岩市,长汀县,福建省龙岩市长汀县汀州镇南大街62号,,,,,116.354568,25.833229
长汀峻峰寺,汉语系,释普赞,1994-12-25,福建省,龙岩市,长汀县,福建省龙岩市长汀县庵杰乡黄坊村,,,,,116.466057,25.957731
长汀广福院,汉语系,释严星,1993-12-06,福建省,龙岩市,长汀县,福建省龙岩市长汀县童坊镇葛坪村,,,,,116.534088,25.875593
长汀庵杰莲峰寺,汉语系,释明慧,2007-09-23,福建省,龙岩市,长汀县,福建省龙岩市长汀县庵杰乡大悲山,,,,,116.413704,25.989473
长汀庵杰龙门寺,汉语系,释普荣,1999-05-26,福建省,龙岩市,长汀县,福建省龙岩市长汀县庵杰乡涵前村,,,,,116.480743,25.949562
长汀接引寺,汉语系,释普达,1993-12-06,福建省,龙岩市,长汀县,福建省龙岩市长汀县大同镇南寨村,,,,,116.360054,25.826653
长汀新桥法藏寺,汉语系,释中严,2007-09-23,福建省,龙岩市,长汀县,福建省龙岩市长汀县新桥镇罗坑村,,,,,116.474144,25.817873
长汀新莲寺,汉语系,释证果,2007-09-23,福建省,龙岩市,长汀县,福建省龙岩市长汀县河田镇中街村,,,,,116.432922,25.666552
长汀朝斗岩寺,汉语系,释普聪,1993-12-06,福建省,龙岩市,长汀县,福建省龙岩市长汀县汀州镇营背街朝斗岩路,,,,,116.362617,25.832361
长汀桃畲庵,汉语系,华金金,2001-12-25,福建省,龙岩市,长汀县,福建省龙岩市长汀县南山镇塘背村,,,,,116.538452,25.504082
长汀梅花禅寺,汉语系,释普仁,1993-12-06,福建省,龙岩市,长汀县,福建省龙岩市长汀县古城镇梅花山寺,,,,,116.176048,25.862011
长汀武光寺,汉语系,释光泰,2001-12-25,福建省,龙岩市,长汀县,福建省龙岩市长汀县南山镇官坊村,,,,,116.541000,25.549841
长汀水云寺,汉语系,释普华,1993-12-06,福建省,龙岩市,长汀县,福建省龙岩市长汀县汀州镇朝斗岩路26号,,,,,116.358681,25.823139
长汀永福寺,汉语系,释受德,1995-12-08,福建省,龙岩市,长汀县,福建省龙岩市长汀县南山镇杨谢村,,,,,116.546082,25.514410
长汀汀州东禅寺,汉语系,释常修,2007-09-23,福建省,龙岩市,长汀县,福建省龙岩市长汀县汀州镇苍玉洞,,,,,116.371750,25.837059
长汀汀州戒愿寺,汉语系,释普荣,2007-09-23,福建省,龙岩市,长汀县,福建省龙岩市长汀县汀州镇营背街南薰亭,,,,,116.367035,25.827789
长汀汶山寺,汉语系,释满建,1999-05-26,福建省,龙岩市,长汀县,福建省龙岩市长汀县南山镇方田村,,,,,116.507133,25.593210
长汀沙篱寺,汉语系,释照贤,1999-05-26,福建省,龙岩市,长汀县,福建省龙岩市长汀县濯田镇中坊村,,,,,116.278061,25.547491
长汀河田观音寺,汉语系,释道恭,2007-09-23,福建省,龙岩市,长汀县,福建省龙岩市长汀县河田镇伯湖村,,,,,116.449593,25.622023
长汀河田赤峰嶂古寺,汉语系,刘辉美,2007-09-23,福建省,龙岩市,长汀县,福建省龙岩市长汀县河田镇赤峰嶂,,,,,116.418640,25.665421
长汀涂坊敬善寺,汉语系,释普向,2005-01-20,福建省,龙岩市,长汀县,福建省龙岩市长汀县涂坊镇红坊村,,,,,116.464027,25.465872
长汀濯田东峰山寺,汉语系,释普净,1999-05-26,福建省,龙岩市,长汀县,福建省龙岩市长汀县濯田镇左拔村,,,,,116.309540,25.593212
长汀濯田丰琳寺,汉语系,邱铁明,1999-05-26,福建省,龙岩市,长汀县,福建省龙岩市长汀县濯田镇丰口村,,,,,116.277313,25.565592
长汀濯田普径寺,汉语系,李克庸,1994-12-25,福建省,龙岩市,长汀县,福建省龙岩市长汀县濯田镇南安村,,,,,116.331818,25.536673
长汀濯田西峰寺,汉语系,释普来,2001-12-25,福建省,龙岩市,长汀县,福建省龙岩市长汀县濯田镇下洋村,,,,,116.267860,25.561550
长汀灵山寺,汉语系,释普慧,1999-05-26,福建省,龙岩市,长汀县,福建省龙岩市长汀县童坊镇下坑村,,,,,116.594009,25.829983
长汀灵感寺,汉语系,释受戒,1994-12-25,福建省,龙岩市,长汀县,福建省龙岩市长汀县河田镇明光村,,,,,116.437935,25.657352
长汀燕山寺,汉语系,邱烧火嫲,2001-12-25,福建省,龙岩市,长汀县,福建省龙岩市长汀县濯田镇东山村,,,,,116.295204,25.547951
长汀石峰庵,汉语系,释普慈,1999-05-26,福建省,龙岩市,长汀县,福建省龙岩市长汀县南山镇五坑村,,,,,116.507133,25.593210
长汀童坊崇福寺,汉语系,释果静,2007-09-23,福建省,龙岩市,长汀县,福建省龙岩市长汀县童坊镇刘坑村,,,,,116.560379,25.803961
长汀童坊观音寺,汉语系,释普念,2007-09-23,福建省,龙岩市,长汀县,福建省龙岩市长汀县童坊镇童坊村,,,,,116.557693,25.803671
长汀童坊龙溪寺,汉语系,释严金,1999-05-26,福建省,龙岩市,长汀县,福建省龙岩市长汀县童坊镇红湖村,,,,,116.560379,25.803961
长汀策武万善寺,汉语系,卢荣仙,2013-08-09,福建省,龙岩市,长汀县,福建省龙岩市长汀县策武镇南坑村,,,,,116.375511,25.786131
长汀策武天凤寺,汉语系,释光先,2007-09-23,福建省,龙岩市,长汀县,福建省龙岩市长汀县策武镇李田南溪村,,,,,116.433411,25.778791
长汀策武永兴寺,汉语系,释庚尚,,福建省,龙岩市,长汀县,福建省龙岩市长汀县策武镇红江村,,,,,116.350151,25.754784
长汀策武鄞珠庵,汉语系,释满觉,2007-09-23,福建省,龙岩市,长汀县,福建省龙岩市长汀县策武镇工贸新城,,,,,116.325607,25.787226
长汀羊牯广修寺,汉语系,释普荣,2001-12-25,福建省,龙岩市,长汀县,福建省龙岩市长汀县羊牯乡龙华山,,,,,116.320984,25.364443
长汀羊牯龙华禅寺,汉语系,释印瑞,2005-01-20,福建省,龙岩市,长汀县,福建省龙岩市长汀县羊牯乡龙华山,,,,,116.320984,25.364443
长汀莲声寺,汉语系,释瑞水,1995-12-18,福建省,龙岩市,长汀县,福建省龙岩市长汀县馆前镇陈连村,,,,,116.635864,25.995323
长汀西竺庵,汉语系,释光真,1993-12-06,福建省,龙岩市,长汀县,福建省龙岩市长汀县汀州镇西门西竺庵50号,,,,,116.352432,25.837481
长汀观音堂,汉语系,释受喜,,福建省,龙岩市,长汀县,福建省龙岩市长汀县汀州镇卧龙山,,,,,116.362617,25.832361
长汀通化寺,汉语系,释常福,1999-05-26,福建省,龙岩市,长汀县,福建省龙岩市长汀县南山镇桥下村,,,,,116.564194,25.608311
长汀通济下岩,汉语系,释定慧,2007-09-23,福建省,龙岩市,长汀县,福建省龙岩市长汀县大同镇黄屋村,,,,,116.373573,25.837921
长汀通济寺,汉语系,释普慧,2007-09-23,福建省,龙岩市,长汀县,福建省龙岩市长汀县大同镇东街村变电站路,,,,,116.363823,25.839590
长汀金峰山寺,汉语系,释悟见,1999-05-26,福建省,龙岩市,长汀县,福建省龙岩市长汀县古城镇古城村,,,,,116.177460,25.860401
长汀金沙寺,汉语系,释定殿,1999-05-26,福建省,龙岩市,长汀县,福建省龙岩市长汀县汀州镇卧龙山,,,,,116.362617,25.832361
长汀长龙岩寺,汉语系,释长忠,2007-09-23,福建省,龙岩市,长汀县,福建省龙岩市长汀县河田镇余地村,,,,,116.453850,25.600681
长汀馆前云霄寺,汉语系,释定宗,2007-09-23,福建省,龙岩市,长汀县,福建省龙岩市长汀县馆前镇坪埔村,,,,,116.549522,25.977041
长汀馆前兴印寺,汉语系,释严发,2007-09-23,福建省,龙岩市,长汀县,福建省龙岩市长汀县馆前镇坪埔村,,,,,116.549522,25.977041
长汀香光寺,汉语系,释常信,1999-05-26,福建省,龙岩市,长汀县,福建省龙岩市长汀县南山镇南山村,,,,,116.504829,25.595713
长汀驴子岭庵,汉语系,释普定明,2007-09-23,福建省,龙岩市,长汀县,福建省龙岩市长汀县河田镇潘屋村,,,,,116.433838,25.590443
长汀高福寺,汉语系,释普养,2001-12-25,福建省,龙岩市,长汀县,福建省龙岩市长汀县河田镇窑下村,,,,,116.405640,25.636621
南平慈荫庵,汉语系,释善悟（吴土娣）,1992-03-01,福建省,南平市,,福建省南平市八一路慈荫巷52号,,,,,118.120427,27.331749
南平明翠阁禅寺,汉语系,释见明（陈昌美）,1992-03-01,福建省,南平市,,福建省南平市滨江路847号,,,,,118.120427,27.331749
光泽东林寺,汉语系,朱赛珍,1997-01-01,福建省,南平市,光泽县,福建省南平市光泽县新兴街,,,,,117.334080,27.541000
光泽临江寺,汉语系,郑秀凤,2009-05-01,福建省,南平市,光泽县,福建省南平市光泽县寨里镇儒州村,,,,,117.421249,27.784830
光泽云溪寺,汉语系,吴永章,2001-06-01,福建省,南平市,光泽县,福建省南平市光泽县李坊乡杨里村,,,,,117.140030,27.411282
光泽仰仙寺,汉语系,邓多辉,2003-05-01,福建省,南平市,光泽县,福建省南平市光泽县华桥乡石壁窟村,,,,,117.254570,27.596451
光泽再兴寺,汉语系,官月和,,福建省,南平市,光泽县,福建省南平市光泽县止马镇水口村横南组,,,,,117.207214,27.431383
光泽凤仙庵,汉语系,李仁发,2003-05-01,福建省,南平市,光泽县,福建省南平市光泽县司前乡司前村,,,,,117.528564,27.904688
光泽北华山寺,汉语系,危荣窗,2009-04-01,福建省,南平市,光泽县,福建省南平市光泽县华桥乡官屯村,,,,,117.220764,27.547083
光泽南山观寺,汉语系,龚金保,,福建省,南平市,光泽县,福建省南平市光泽县华桥乡吴屯村,,,,,117.237740,27.543772
光泽地藏庙,汉语系,汪细凤,2001-06-01,福建省,南平市,光泽县,福建省南平市光泽县鸾凤乡文昌村,,,,,117.337845,27.545143
光泽大乘经堂,汉语系,饶立柳,2009-05-01,福建省,南平市,光泽县,福建省南平市光泽县司前乡司前村半山组,,,,,117.545319,27.930353
光泽大佛寺,汉语系,龚振德,1999-06-01,福建省,南平市,光泽县,福建省南平市光泽县鸾凤乡大陂村,,,,,117.301338,27.507301
光泽大团峰寺,汉语系,徐大英,2002-08-01,福建省,南平市,光泽县,福建省南平市光泽县止马镇岛石村,,,,,117.166260,27.496183
光泽天明山寺,汉语系,张启寿,2009-05-01,福建省,南平市,光泽县,福建省南平市光泽县鸾凤乡高源村,,,,,117.296310,27.551620
光泽天瑞山寺,汉语系,沈水财,2009-03-01,福建省,南平市,光泽县,福建省南平市光泽县崇仁乡共青村,,,,,117.357414,27.601900
光泽安福寺,汉语系,涂容秀,2009-03-01,福建省,南平市,光泽县,福建省南平市光泽县止马镇杉关村,,,,,117.145157,27.453051
光泽寨里观音堂,汉语系,梁容爱,2001-06-01,福建省,南平市,光泽县,福建省南平市光泽县寨里镇寨里村,,,,,117.416992,27.692390
光泽将军庙,汉语系,杨传秀,1999-05-01,福建省,南平市,光泽县,福建省南平市光泽县杭川镇金斗街,,,,,117.340988,27.545082
光泽崇安寺,汉语系,方水龙,2001-06-01,福建省,南平市,光泽县,福建省南平市光泽县华桥乡邓家边村,,,,,117.209534,27.612680
光泽徐仙寺,汉语系,官泽后,2003-03-06,福建省,南平市,光泽县,福建省南平市光泽县止马镇止马村上街,,,,,117.168419,27.470760
光泽慈清寺,汉语系,龚文亮,1993-07-01,福建省,南平市,光泽县,福建省南平市光泽县寨里镇桥湾村,,,,,117.374771,27.844372
光泽文顺寺,汉语系,李金良,2003-05-01,福建省,南平市,光泽县,福建省南平市光泽县李坊乡李坊村,,,,,117.145172,27.385530
光泽昭明寺,汉语系,陈金福,2009-03-01,福建省,南平市,光泽县,福建省南平市光泽县崇仁乡洋塘村招德组,,,,,117.349800,27.641651
光泽朱丹溪寺,汉语系,纪宗顺,1999-06-01,福建省,南平市,光泽县,福建省南平市光泽县司前乡举安村,,,,,117.480827,27.782362
光泽沙帽寺,汉语系,彭长金,2009-03-01,福建省,南平市,光泽县,福建省南平市光泽县鸾凤乡武林村,,,,,117.327438,27.542080
光泽洞光寺,汉语系,叶国良,2003-05-01,福建省,南平市,光泽县,福建省南平市光泽县李坊乡石城村,,,,,117.231659,27.407650
光泽爱国寺,汉语系,孙桂娥,2009-04-15,福建省,南平市,光泽县,福建省南平市光泽县月山巷,,,,,117.334080,27.541000
光泽爱民寺,汉语系,释天用（叶用明）,1997-08-01,福建省,南平市,光泽县,福建省南平市光泽县文南街,,,,,117.334080,27.541000
光泽瑞岩寺,汉语系,杨华娇,2002-08-01,福建省,南平市,光泽县,福建省南平市光泽县鸾凤乡高源村,,,,,117.296310,27.551620
光泽白云峰寺,汉语系,练协忠,1993-07-01,福建省,南平市,光泽县,福建省南平市光泽县鸾凤乡大陂村,,,,,117.301338,27.507301
光泽福兴寺,汉语系,毛元坚,2013-08-01,福建省,南平市,光泽县,福建省南平市光泽县司前乡台山村,,,,,117.495689,27.849102
光泽福田寺,汉语系,李毛仔,1993-07-01,福建省,南平市,光泽县,福建省南平市光泽县李坊乡百岭村,,,,,117.141083,27.346003
光泽老山顶寺,汉语系,雷春有,2009-05-01,福建省,南平市,光泽县,福建省南平市光泽县司前乡司前村积谷岭,,,,,117.518127,27.880852
光泽莲台寺,汉语系,黄木春,1999-06-01,福建省,南平市,光泽县,福建省南平市光泽县崇仁乡崇仁村,,,,,117.345932,27.599182
光泽金云寺,汉语系,龚加兴,2009-05-01,福建省,南平市,光泽县,福建省南平市光泽县司前乡岱坪村,,,,,117.595833,27.855610
光泽金斗窠寺,汉语系,陈冬娟,2009-03-01,福建省,南平市,光泽县,福建省南平市光泽县杭川镇金斗街,,,,,117.340988,27.545082
光泽陈界山寺,汉语系,黄贤畴,1993-07-01,福建省,南平市,光泽县,福建省南平市光泽县华桥乡大禾山村,,,,,117.164909,27.592361
光泽高华山寺,汉语系,黄桂莲,,福建省,南平市,光泽县,福建省南平市光泽县鸾凤乡坪山村,,,,,117.352142,27.546621
光泽龙兴寺,汉语系,龚玉英,1997-06-01,福建省,南平市,光泽县,福建省南平市光泽县文昌路邱家山,,,,,117.535942,27.957281
光泽龙前寺,汉语系,危忠玉,2009-03-01,福建省,南平市,光泽县,福建省南平市光泽县杭川镇寺前街,,,,,117.340988,27.545082
光泽龙安寺,汉语系,曾长贵,2009-03-01,福建省,南平市,光泽县,福建省南平市光泽县止马镇水口村,,,,,117.216797,27.447592
建瓯光孝寺,汉语系,周远亮,公元558年,福建省,南平市,建瓯市,福建省建瓯市水南光孝街11号,建瓯光孝寺是闽著名佛寺之一，位于建瓯市城南约1公里处。铁狮山麓，建溪之滨，是福建省一座历史最久，规模最大，环境清幽，景致雅奇，名闻中外的十方大丛林的古刹大寺，是游览、谟拜圣地。,,,,118.325249,27.026770
建瓯七星寺,汉语系,释普顺,2005-01-14,福建省,南平市,建瓯市,福建省建瓯市南雅镇南雅村,,,,,118.313759,26.872013
建瓯万峰寺,汉语系,暂无,1993-06-05,福建省,南平市,建瓯市,福建省建瓯市吉阳镇大夫村,,,,,118.075600,27.085442
建瓯万民寺,汉语系,练志扬,2007-03-01,福建省,南平市,建瓯市,福建省建瓯市迪口镇下溪村,,,,,118.469009,26.806902
建瓯三官堂,汉语系,吴水生,2002-07-18,福建省,南平市,建瓯市,福建省建瓯市小松镇小松村后山自然村,,,,,118.390327,27.168150
建瓯三龙寺,汉语系,练赋正,,福建省,南平市,建瓯市,福建省建瓯市玉山镇岭口村白石洋头,,,,,118.534348,26.828491
建瓯东源寺,汉语系,徐建委,,福建省,南平市,建瓯市,福建省建瓯市东峰镇记源村,,,,,118.543648,27.181881
建瓯云龙寺,汉语系,杨文梅,,福建省,南平市,建瓯市,福建省建瓯市东游镇,,,,,118.637901,27.162081
建瓯佛顶寺,汉语系,释惟开,1993-06-05,福建省,南平市,建瓯市,福建省建瓯市东峰镇坤口村,,,,,118.546860,27.150471
建瓯兴福寺,汉语系,释本仁,,福建省,南平市,建瓯市,福建省建瓯市川石乡川石村千柱巷,,,,,118.698547,27.246563
建瓯冷水寺,汉语系,范世成,2005-10-10,福建省,南平市,建瓯市,福建省建瓯市小桥镇洽历村,,,,,118.476791,26.997942
建瓯华岩寺,汉语系,陈国洪,,福建省,南平市,建瓯市,福建省建瓯市顺阳乡后房村,,,,,118.648788,26.996193
建瓯华藏寺,汉语系,释生净（余金娘）,1999-10-01,福建省,南平市,建瓯市,福建省建瓯市后街仔,,,,,118.304980,27.022660
建瓯南岩寺,汉语系,释悟戒,1995-04-05,福建省,南平市,建瓯市,福建省建瓯市房道镇潘坑村,,,,,118.065521,27.047682
建瓯双狮寺,汉语系,释慧诚,1999-10-01,福建省,南平市,建瓯市,福建省建瓯市房道镇房道村,,,,,118.131927,27.005831
建瓯双石寺,汉语系,暂无,1993-06-01,福建省,南平市,建瓯市,福建省建瓯市徐墩镇叶坊村,,,,,118.240433,27.147552
建瓯古龙寺,汉语系,叶永福,1999-01-20,福建省,南平市,建瓯市,福建省建瓯市川石乡墩阳村,,,,,118.687683,27.246321
建瓯后泽寺,汉语系,释莲善,1993-06-05,福建省,南平市,建瓯市,福建省建瓯市玉山镇下泽村,,,,,118.572098,26.901312
建瓯善和寺,汉语系,释普妹,2004-01-01,福建省,南平市,建瓯市,福建省建瓯市东游镇东游村,,,,,118.641937,27.162262
建瓯善因寺,汉语系,释修梵,,福建省,南平市,建瓯市,福建省建瓯市东游镇桥东路193号,,,,,118.637901,27.162081
建瓯园丁寺,汉语系,陈清明,2003-05-01,福建省,南平市,建瓯市,福建省建瓯市玉山镇玉山村,,,,,118.570221,26.903603
建瓯圆通寺,汉语系,释远广（周兰妹）,1993-06-05,福建省,南平市,建瓯市,福建省建瓯市马汶天湖山,,,,,118.304980,27.022660
建瓯圣佛寺,汉语系,江世茂,,福建省,南平市,建瓯市,福建省建瓯市龙村乡仰坑村,,,,,118.466202,27.264301
建瓯坑里太保庙,汉语系,刘家荣,,福建省,南平市,建瓯市,福建省建瓯市钟楼村坑里,,,,,118.333763,27.038940
建瓯塔山寺,汉语系,李新雄,1999-09-05,福建省,南平市,建瓯市,福建省建瓯市城关下水南,,,,,118.322639,27.034061
建瓯天堂寺,汉语系,谢贤甫,1997-12-01,福建省,南平市,建瓯市,福建省建瓯市龙村乡龙溪村,,,,,118.485535,27.301441
建瓯天宝寺,汉语系,释远金,,福建省,南平市,建瓯市,福建省建瓯市徐墩镇天宝山,,,,,118.240082,27.137341
建瓯天童寺,汉语系,释本量,1993-06-05,福建省,南平市,建瓯市,福建省建瓯市吉阳镇玉溪村,,,,,118.128029,27.138231
建瓯天衢寺,汉语系,释维进,,福建省,南平市,建瓯市,福建省建瓯市南雅镇南雅村,,,,,118.313759,26.872013
建瓯宏法寺,汉语系,黄丰顺,,福建省,南平市,建瓯市,福建省建瓯市仓长路1号,,,,,118.330540,27.032560
建瓯定光寺,汉语系,田庆宏,1993-06-05,福建省,南平市,建瓯市,福建省建瓯市南雅镇南雅村,,,,,118.313759,26.872013
建瓯宝善寺,汉语系,释普光,,福建省,南平市,建瓯市,福建省建瓯市南雅镇伊村村,,,,,118.331017,26.882402
建瓯宝圣寺,汉语系,黄德胜,1993-06-01,福建省,南平市,建瓯市,福建省建瓯市东游镇渡潭村,,,,,118.687584,27.209183
建瓯宝灵寺,汉语系,释远亮（黄乃亮）,2001-04-23,福建省,南平市,建瓯市,福建省建瓯市南雅镇房村村,,,,,118.242058,26.816700
建瓯宝石寺,汉语系,暂无,,福建省,南平市,建瓯市,福建省建瓯市徐墩镇北津村,,,,,118.280670,27.080740
建瓯宝积寺,汉语系,释远智,2003-11-11,福建省,南平市,建瓯市,福建省建瓯市徐墩镇山边村大斗峰,,,,,118.231712,27.227890
建瓯宝莲寺,汉语系,暂无,1999-10-01,福建省,南平市,建瓯市,福建省建瓯市吉阳镇吉阳村,,,,,118.136780,27.137089
建瓯小松大庙,汉语系,何建兴,1995-06-05,福建省,南平市,建瓯市,福建省建瓯市小松镇大庙村,,,,,118.336708,27.211262
建瓯崇仁寺,汉语系,释修辉,1993-06-05,福建省,南平市,建瓯市,福建省建瓯市徐墩镇归宗岩村,,,,,118.310051,27.128561
建瓯广福寺,汉语系,林全印,1993-06-05,福建省,南平市,建瓯市,福建省建瓯市南雅镇集瑞村,,,,,118.356308,26.859682
建瓯护龙寺,汉语系,黄福清,2005-07-01,福建省,南平市,建瓯市,福建省建瓯市东游镇党城村,,,,,118.679153,27.187511
建瓯报恩寺,汉语系,释智耀,,福建省,南平市,建瓯市,福建省建瓯市小松镇李园村,,,,,118.385574,27.145981
建瓯明泉寺,汉语系,释果力,,福建省,南平市,建瓯市,福建省建瓯市徐墩镇山边村,,,,,118.221458,27.209801
建瓯明阳寺,汉语系,释普觉,,福建省,南平市,建瓯市,福建省建瓯市南雅镇,,,,,118.312943,26.868650
建瓯普明寺,汉语系,释泽辉,,福建省,南平市,建瓯市,福建省建瓯市小松镇穆垱村,,,,,118.391251,27.169992
建瓯正宗寺,汉语系,释莲秋,,福建省,南平市,建瓯市,福建省建瓯市小松镇定高村黄塘自然村,,,,,118.367035,27.127552
建瓯殿茂寺,汉语系,方兴泽,,福建省,南平市,建瓯市,福建省建瓯市小桥镇上屯村大惠岗,,,,,118.427948,27.012074
建瓯水南寺,汉语系,朱小乐,,福建省,南平市,建瓯市,福建省建瓯市东游镇张墩村,,,,,118.632507,27.201042
建瓯永庆庙,汉语系,吴水生,,福建省,南平市,建瓯市,福建省建瓯市小桥镇沶上村,,,,,118.401711,27.006660
建瓯法云寺,汉语系,释智信,,福建省,南平市,建瓯市,福建省建瓯市东门横街18号,,,,,118.304980,27.022660
建瓯法福寺,汉语系,叶立财,,福建省,南平市,建瓯市,福建省建瓯市朝天门,,,,,118.316322,27.048019
建瓯洋屯白云寺,汉语系,释泽善,1999-01-20,福建省,南平市,建瓯市,福建省建瓯市川石乡洋屯村,,,,,118.787033,27.242092
建瓯洪福禅寺,汉语系,李名全,,福建省,南平市,建瓯市,福建省建瓯市东峰镇霞镇村,,,,,118.429314,27.085522
建瓯清源寺,汉语系,周清姬,1995-06-05,福建省,南平市,建瓯市,福建省建瓯市玉山镇榧村村,,,,,118.652229,26.886442
建瓯渔村灵安寺,汉语系,魏兴明,,福建省,南平市,建瓯市,福建省建瓯市小松镇渔村村上栏自然村孔雀山南麓,,,,,118.420677,27.187651
建瓯灵安寺,汉语系,陈宝妃,2004-03-18,福建省,南平市,建瓯市,福建省建瓯市东峰镇东峰村,,,,,118.506790,27.100502
建瓯灵岩寺,汉语系,释兼晃,1999-01-20,福建省,南平市,建瓯市,福建省建瓯市川石乡溪口村,,,,,118.702393,27.238991
建瓯玉莲寺,汉语系,谢赛金,2003-05-01,福建省,南平市,建瓯市,福建省建瓯市南雅镇太平村,,,,,118.300293,26.905420
建瓯玉龙寺,汉语系,释圣灵,,福建省,南平市,建瓯市,福建省建瓯市七里街,,,,,118.294838,27.019360
建瓯王厝白莲寺,汉语系,吴木婢,2004-03-01,福建省,南平市,建瓯市,福建省建瓯市水源乡王厝村,,,,,118.850868,27.169052
建瓯白马寺,汉语系,梁玉香,,福建省,南平市,建瓯市,福建省建瓯市徐墩镇归宗村,,,,,118.277588,27.128233
建瓯白龙寺,汉语系,释广如,1993-06-05,福建省,南平市,建瓯市,福建省建瓯市小桥镇高门村白龙山,,,,,118.438980,26.898222
建瓯盖山寺,汉语系,吴陈婢,2008-08-03,福建省,南平市,建瓯市,福建省建瓯市东峰镇记源村盖林洋,,,,,118.546791,27.161612
建瓯石山鼓寺,汉语系,释步慧,,福建省,南平市,建瓯市,福建省建瓯市水源乡吴墩村,,,,,118.754463,27.158941
建瓯祖莲寺,汉语系,释修恒（苏必长）,2005-07-01,福建省,南平市,建瓯市,福建省建瓯市东游镇东游村,,,,,118.641937,27.162262
建瓯福主寺,汉语系,周以寿,,福建省,南平市,建瓯市,福建省建瓯市东游镇东游村下屯自然村,,,,,118.763603,27.102016
建瓯福兴庙,汉语系,张大东,2005-02-01,福建省,南平市,建瓯市,福建省建瓯市东游镇溪尾村,,,,,118.629692,27.186750
建瓯福慧寺,汉语系,周兴鸿,,福建省,南平市,建瓯市,福建省建瓯市水源乡水源村,,,,,118.745209,27.156530
建瓯紫竹寺,汉语系,罗贵兰,2005-07-01,福建省,南平市,建瓯市,福建省建瓯市东游镇党城村,,,,,118.679153,27.187511
建瓯芝峰寺,汉语系,吴连云,,福建省,南平市,建瓯市,福建省建瓯市东峰镇井歧村,,,,,118.515625,27.108391
建瓯莲华寺,汉语系,释本宏,2002-12-28,福建省,南平市,建瓯市,福建省建瓯市小黄华山,,,,,118.313004,26.875071
建瓯莲花寺,汉语系,李永标,1999-10-01,福建省,南平市,建瓯市,福建省建瓯市房道镇徐地村,,,,,118.223907,26.999762
建瓯莲香寺,汉语系,释达庄,1999-10-11,福建省,南平市,建瓯市,福建省建瓯市徐墩镇九匡村,,,,,118.251122,27.262890
建瓯葛云寺,汉语系,释含明,1993-06-05,福建省,南平市,建瓯市,福建省建瓯市小桥镇龙峰村葛云山,,,,,118.490700,26.898012
建瓯西天王堂,汉语系,释天增（张燕珍）,,福建省,南平市,建瓯市,福建省建瓯市管莆路,,,,,118.304980,27.022660
建瓯西林寺,汉语系,张志甫,,福建省,南平市,建瓯市,福建省建瓯市龙村乡龙村村,,,,,118.500984,27.256069
建瓯贞元阁,汉语系,周岐培,2004-06-17,福建省,南平市,建瓯市,福建省建瓯市小黄华山,,,,,118.313004,26.875071
建瓯迴龙寺,汉语系,魏志成,2005-08-24,福建省,南平市,建瓯市,福建省建瓯市顺阳乡江墩村,,,,,118.586372,27.087410
建瓯金台寺,汉语系,陈水旺,1993-06-05,福建省,南平市,建瓯市,福建省建瓯市南雅镇小雅村,,,,,118.304169,26.838352
建瓯金山寺,汉语系,释普毅,2004-08-12,福建省,南平市,建瓯市,福建省建瓯市顺阳乡溪东村,,,,,118.588280,27.086050
建瓯金峰寺,汉语系,释通明（詹新兴）,1992-03-01,福建省,南平市,建瓯市,福建省建瓯市迪口镇坑头村,,,,,118.412209,26.749474
建瓯金斗寺,汉语系,释洞提（陈孟诗）,,福建省,南平市,建瓯市,福建省建瓯市小桥镇阳泽村镯坑,,,,,118.401070,26.936640
建瓯金鸟寺,汉语系,卢治成,2005-08-10,福建省,南平市,建瓯市,福建省建瓯市南雅镇大康村,,,,,118.345879,26.795843
建瓯长源白莲寺,汉语系,张玉甫,2003-05-01,福建省,南平市,建瓯市,福建省建瓯市东峰镇长源村,,,,,118.489388,27.034451
建瓯隆福寺,汉语系,张木金,2005-08-24,福建省,南平市,建瓯市,福建省建瓯市川石乡溪口村,,,,,118.702393,27.238991
建瓯青莲寺,汉语系,黄益镇,1996-07-01,福建省,南平市,建瓯市,福建省建瓯市迪口镇,,,,,118.469322,26.745800
建瓯高砂寺,汉语系,释宏悟,2003-08-12,福建省,南平市,建瓯市,福建省建瓯市徐墩镇山边村杨墩自然村,,,,,118.193451,27.224922
建瓯黄华山白云寺,汉语系,释情善（林建秀）,,福建省,南平市,建瓯市,福建省建瓯市黄华山,,,,,118.331833,27.045240
建瓯龙池寺,汉语系,周文郞,1993-06-05,福建省,南平市,建瓯市,福建省建瓯市龙村乡擎天岩村,,,,,118.536453,27.306362
建瓯龙皋寺,汉语系,黄尧生,,福建省,南平市,建瓯市,福建省建瓯市南雅镇伊墩村,,,,,118.312943,26.868650
建阳周墩莲山寺,汉语系,释惟明,2013-09-01,福建省,南平市,建阳市,福建省建阳市潭城街道周墩村,,,,,118.052299,27.304361
建阳回龙白沙清凉寺,汉语系,释泽寿,2011-08-01,福建省,南平市,建阳市,福建省建阳市回龙乡白沙村,,,,,118.371384,27.475971
建阳将口东平寺,汉语系,冯荃,1999-04-01,福建省,南平市,建阳市,福建省建阳市将口镇将口村,,,,,118.082237,27.442112
建阳将口松柏古云山寺,汉语系,陈峰,1993-10-01,福建省,南平市,建阳市,福建省建阳市将口镇松柏村古云山,,,,,118.033089,27.421770
建阳小湖庆安寺,汉语系,刘长妹,1984-09-01,福建省,南平市,建阳市,福建省建阳市小湖镇祝中村,,,,,118.301369,27.350531
建阳小湖开化寺,汉语系,张宗仁,1993-10-01,福建省,南平市,建阳市,福建省建阳市小湖镇下乾村,,,,,118.272331,27.327971
建阳崇雒如是寺,汉语系,梁玉行,1993-10-01,福建省,南平市,建阳市,福建省建阳市崇雒乡崇雒村,,,,,118.186760,27.484482
建阳徐市黄山慈圣寺,汉语系,余文福,1993-10-01,福建省,南平市,建阳市,福建省建阳市徐市镇大田村,,,,,118.033043,27.236803
建阳水吉佛山大觉寺,汉语系,释修量,1984-12-01,福建省,南平市,建阳市,福建省建阳市水吉镇市头村,,,,,118.351738,27.422483
建阳水吉郑墩普照寺,汉语系,高宗凤,1993-10-01,福建省,南平市,建阳市,福建省建阳市水吉镇郑墩村,,,,,118.346817,27.405462
建阳潭城宝山清莲寺,汉语系,释世觉,1993-10-01,福建省,南平市,建阳市,福建省建阳市潭城街道水南村宝山路53号,,,,,118.118452,27.319511
建阳潭城黄墩柏源寺,汉语系,释正修,,福建省,南平市,建阳市,福建省建阳市潭城街道黄墩村,,,,,118.060127,27.343302
建阳童子山观音寺,汉语系,释明君,2013-09-01,福建省,南平市,建阳市,福建省建阳市童游街道赤岸村,,,,,118.100601,27.363831
浦城石陂五龙寺,汉语系,彭德云,2011-06-10,福建省,南平市,蒲城县,福建省南平市浦城县石陂镇象口村,始建于武周时期，清光绪二十三年（1897）重建。寺坐北朝南，门向东开，中轴线依次有前、正、后殿，两侧为廊屋，占地1200平方米。悬山顶，有八角献柱4支，中为木质，以砖围砌，直径80厘米，高4米，正殿面阔3间，进深4间。明崇祯三年（1630年），徐霞客曾游此，有《浮盖山记》。寺保存完整。,,,,118.375595,27.661192
浦城盘亭柳墩大云寺,汉语系,陈信强,2011-06-10,福建省,南平市,蒲城县,福建省南平市浦城县盘亭乡柳墩村,大云寺又名大寺，位于福建省南平市浦城县盘亭乡柳墩村浮盖山麓,,,,118.464424,28.223263
浦城临江唸佛堂,汉语系,释觉悟,,福建省,南平市,蒲城县,福建省南平市浦城县临江镇新街村,,,,,118.458710,27.815222
浦城九牧银尖寺,汉语系,蔡书琴,2004-12-09,福建省,南平市,蒲城县,福建省南平市浦城县九牧镇黄毕村,,,,,118.513878,28.158903
浦城仙阳妙果寺,汉语系,段冬琴,2011-06-10,福建省,南平市,蒲城县,福建省南平市浦城县仙阳镇三元村,,,,,118.524002,28.043861
浦城南浦灵光寺,汉语系,祝秀英,2004-12-10,福建省,南平市,蒲城县,福建省南平市浦城县南浦街道,,,,,118.538864,27.918171
浦城天心胜果禅寺,汉语系,释恒仁,1993-09-30,福建省,南平市,蒲城县,福建省南平市浦城县南浦镇解放村天心弄,,,,,118.546799,27.925640
浦城妙云寺,汉语系,释宏法,1993-09-30,福建省,南平市,蒲城县,福建省南平市浦城县莲塘镇山桥村,,,,,118.499901,27.945072
浦城官路八佛殿,汉语系,王冬英,1993-09-30,福建省,南平市,蒲城县,福建省南平市浦城县官路乡官路村,,,,,118.530052,28.208200
浦城富岭募岭寺,汉语系,方泉林,1999-08-30,福建省,南平市,蒲城县,福建省南平市浦城县富岭镇大庄村,,,,,118.609459,27.895102
浦城富岭华云寺,汉语系,钟世良,2011-06-10,福建省,南平市,蒲城县,福建省南平市浦城县富岭镇富岭村,,,,,118.645683,27.893133
浦城富岭真龙寺,汉语系,季长逊,2004-10-12,福建省,南平市,蒲城县,福建省南平市浦城县富岭镇靖坑村,,,,,118.682472,27.819811
浦城忠信老佛寺,汉语系,罗树青,1993-09-30,福建省,南平市,蒲城县,福建省南平市浦城县忠信镇忠信村,,,,,118.585289,28.122881
浦城新清庵,汉语系,释宝林,1993-09-30,福建省,南平市,蒲城县,福建省南平市浦城县莲塘镇西岩村,,,,,118.501358,27.931322
浦城水北云峰庙,汉语系,张金兴,,福建省,南平市,蒲城县,福建省南平市浦城县水北街镇曹村,,,,,118.525642,27.701591
浦城水北双龙寺,汉语系,周维亮,1995-02-23,福建省,南平市,蒲城县,福建省南平市浦城县水北街镇水北村,,,,,118.573090,27.691042
浦城水北禅寂寺,汉语系,周理堂,1993-09-30,福建省,南平市,蒲城县,福建省南平市浦城县水北街镇,,,,,118.571671,27.690773
浦城永兴国清寺,汉语系,杨小平,2010-04-03,福建省,南平市,蒲城县,福建省南平市浦城县永兴镇下墩村国清寺,,,,,118.346947,27.947472
浦城濠村晚岩寺,汉语系,吕迓珠,2004-12-10,福建省,南平市,蒲城县,福建省南平市浦城县濠村乡溪口村,,,,,118.414185,27.601492
浦城盘亭古佛寺,汉语系,王华南,2011-06-10,福建省,南平市,蒲城县,福建省南平市浦城县盘亭乡盘江村,,,,,118.432510,28.241211
浦城盘亭洋兴寺,汉语系,罗春勤,2004-12-08,福建省,南平市,蒲城县,福建省南平市浦城县盘亭乡下洋坑村,,,,,118.421822,28.240480
浦城石陂狮岩寺,汉语系,李可惜,2011-06-10,福建省,南平市,蒲城县,福建省南平市浦城县石陂镇石陂村,,,,,118.370689,27.697548
浦城管厝崇庆寺,汉语系,杨和发,1993-09-30,福建省,南平市,蒲城县,福建省南平市浦城县管厝乡登俊村,,,,,118.647789,28.037222
浦城管厝明心寺,汉语系,曾馀洪,2010-04-03,福建省,南平市,蒲城县,福建省南平市浦城县管厝乡官田村明心寺,,,,,118.579788,28.026104
浦城莲塘碧云寺,汉语系,甘德培,2011-06-10,福建省,南平市,蒲城县,福建省南平市浦城县莲塘镇西岩村,,,,,118.501358,27.931322
浦城龙安一门寺,汉语系,雷鸣明,,福建省,南平市,蒲城县,福建省南平市浦城县莲塘镇吴东村,,,,,118.454514,27.874851
浦城乌阴寺,汉语系,释天缘（黎清荣）,1993-09-30,福建省,南平市,浦城县,福建省南平市浦城县仙阳镇阳墩村,,,,,118.476700,28.009071
浦城古佛寺,汉语系,释宗林（邱配生）,1993-09-30,福建省,南平市,浦城县,福建省南平市浦城县管厝乡口窑村,,,,,118.567619,28.039522
浦城吉祥寺,汉语系,释天缘（黎清荣）,2010-04-03,福建省,南平市,浦城县,福建省南平市浦城县盘亭乡庙湾村,,,,,118.463112,28.204912
浦城西山寺,汉语系,释贤法（曾香娥）,1993-09-30,福建省,南平市,浦城县,福建省南平市浦城县仙阳镇渔梁村,,,,,118.489113,28.090431
浦城西岩寺,汉语系,释宗缘（毛春琴）,1993-09-30,福建省,南平市,浦城县,福建省南平市浦城县莲塘镇桐源村,,,,,118.485573,27.920490
邵武下沙屯上鸡鸣峰寺,汉语系,程美珍,,福建省,南平市,邵武市,福建省邵武市下沙镇屯上村,,,,,117.612198,27.313490
邵武下沙福善寺,汉语系,释智旺,,福建省,南平市,邵武市,福建省邵武市下沙镇下沙村,,,,,117.573883,27.315882
邵武华严寺,汉语系,释正省,1993-06-01,福建省,南平市,邵武市,福建省邵武市区八一路92号,,,,,117.487370,27.338744
邵武卫闽埂头观音寺,汉语系,陈承泉,,福建省,南平市,邵武市,福建省邵武市卫闽镇埂头村,,,,,117.684814,27.064821
邵武卫闽观音堂,汉语系,郑致滨,,福建省,南平市,邵武市,福建省邵武市卫闽镇卫闽村,,,,,117.688011,27.062271
邵武吴家塘杨家墟观音寺,汉语系,黄文树,,福建省,南平市,邵武市,福建省邵武市吴家塘镇杨家墟村,,,,,117.667526,27.292934
邵武吴家塘铁罗天罗庵,汉语系,释中辉,,福建省,南平市,邵武市,福建省邵武市吴家塘镇铁罗村,,,,,117.655151,27.280540
邵武吴家塘铁罗龙安寺,汉语系,张拾玉,,福建省,南平市,邵武市,福建省邵武市吴家塘镇铁罗村,,,,,117.655151,27.280540
邵武和平坎下龙安寺,汉语系,危凤英,,福建省,南平市,邵武市,福建省邵武市和平镇坎下村,,,,,117.285721,27.205402
邵武和平坎头观济寺,汉语系,张孝信,,福建省,南平市,邵武市,福建省邵武市和平镇坎头村,,,,,117.303833,27.201401
邵武和平坪上长灵寺,汉语系,释空良,,福建省,南平市,邵武市,福建省邵武市和平镇坪上村,,,,,117.232307,27.182743
邵武和平奎光寺,汉语系,释云常,,福建省,南平市,邵武市,福建省邵武市和平镇和平村,,,,,117.302795,27.158978
邵武和平延喜庵,汉语系,释元瑞,,福建省,南平市,邵武市,福建省邵武市和平镇和平村,,,,,117.302795,27.158978
邵武和平灵仙庵,汉语系,释正省,,福建省,南平市,邵武市,福建省邵武市和平镇和平村东门,,,,,117.302795,27.158978
邵武和平留仙峰寺,汉语系,释云峰,,福建省,南平市,邵武市,福建省邵武市和平镇坪上村,,,,,117.232307,27.182743
邵武和平罗前光源寺,汉语系,释空中,,福建省,南平市,邵武市,福建省邵武市和平镇罗前村,,,,,117.291573,27.175962
邵武和平西门长窠寺,汉语系,释正霞,,福建省,南平市,邵武市,福建省邵武市和平镇西门,,,,,117.304008,27.157129
邵武和平黎舍云锦山寺,汉语系,释中明,,福建省,南平市,邵武市,福建省邵武市和平镇黎舍村,,,,,117.346054,27.226530
邵武城郊南源寺,汉语系,释中翔,,福建省,南平市,邵武市,福建省邵武市城郊镇高南村,,,,,117.410263,27.294762
邵武城郊芹田报恩寺,汉语系,释中悟,,福建省,南平市,邵武市,福建省邵武市城郊镇芹田村,,,,,117.466248,27.310362
邵武城郊莲塘灵鹫庵,汉语系,释度圆,,福建省,南平市,邵武市,福建省邵武市城郊镇莲塘村付家墩,,,,,117.517494,27.294561
邵武城郊香铺福灵寺,汉语系,丁爱云,,福建省,南平市,邵武市,福建省邵武市城郊镇香铺村,,,,,117.465118,27.258371
邵武城郊香铺药师寺,汉语系,释中法,,福建省,南平市,邵武市,福建省邵武市城郊镇香铺村,,,,,117.465118,27.258371
邵武城郊香铺香林寺,汉语系,释正戒,,福建省,南平市,邵武市,福建省邵武市城郊镇香舗村,,,,,117.501663,27.297571
邵武大埠岗李源建峰寺,汉语系,李由笃,,福建省,南平市,邵武市,福建省邵武市昭阳街道,,,,,117.494843,27.335972
邵武大埠岗玄灵寺,汉语系,欧正星,,福建省,南平市,邵武市,福建省邵武市大埠岗镇大埠岗村,,,,,117.352249,27.153133
邵武大埠岗竹源凤山寺,汉语系,黄秀玉,,福建省,南平市,邵武市,福建省邵武市大埠岗镇竹源村,,,,,117.376358,27.147491
邵武大竹官墩观音堂,汉语系,付旭,,福建省,南平市,邵武市,福建省邵武市大竹镇官墩村,,,,,117.606934,27.171331
邵武大竹洋坑寿隆寺,汉语系,释中慧,,福建省,南平市,邵武市,福建省邵武市大竹镇洋坑村,,,,,117.548401,27.168322
邵武大竹洋坑莲花山寺,汉语系,官小麟,,福建省,南平市,邵武市,福建省邵武市大竹镇洋坑村,,,,,117.548401,27.168322
邵武寿山寺,汉语系,释中辉,,福建省,南平市,邵武市,福建省邵武市通泰街道,,,,,117.486534,27.333342
邵武张厝九峰青台庵,汉语系,吴海水,,福建省,南平市,邵武市,福建省邵武市张厝乡九峰村,,,,,117.526024,27.012682
邵武张厝山源普济寺,汉语系,黄太文,,福建省,南平市,邵武市,福建省邵武市张厝乡山源村,,,,,117.477341,27.033100
邵武张厝祝岭万灵寺,汉语系,吕春安,,福建省,南平市,邵武市,福建省邵武市张厝乡祝岭村,,,,,117.451027,27.078680
邵武张厝祝岭三峰寺,汉语系,欧正星,,福建省,南平市,邵武市,福建省邵武市张厝乡祝岭村,,,,,117.451027,27.078680
邵武张厝福兴寺,汉语系,释中贤,,福建省,南平市,邵武市,福建省邵武市张厝乡张厝村,,,,,117.518799,27.038422
邵武张厝黎村登云寺,汉语系,释传水,,福建省,南平市,邵武市,福建省邵武市张厝乡黎村,,,,,117.518700,27.038740
邵武拿口三峰真珠庙,汉语系,叶灵文,,福建省,南平市,邵武市,福建省邵武市拿口镇三峰村,,,,,117.519737,27.096222
邵武拿口南溪尚寂寺,汉语系,兰木森,,福建省,南平市,邵武市,福建省邵武市拿口镇南溪村,,,,,117.635094,27.078592
邵武拿口南溪清凉寺,汉语系,邹阳光,,福建省,南平市,邵武市,福建省邵武市拿口镇南溪村,,,,,117.635094,27.078592
邵武拿口南溪清山寺,汉语系,释正清,,福建省,南平市,邵武市,福建省邵武市拿口镇南溪村许堂组,,,,,117.640778,27.084042
邵武拿口池下宝林寺,汉语系,释透印,,福建省,南平市,邵武市,福建省邵武市拿口镇池下村,,,,,117.764473,27.171793
邵武拿口竹前通天寺,汉语系,释法风,,福建省,南平市,邵武市,福建省邵武市拿口镇竹前村,,,,,117.723694,27.157890
邵武晒口新浦新丰寺,汉语系,释中法,,福建省,南平市,邵武市,福建省邵武市晒口街道新浦村,,,,,117.566612,27.300541
邵武晒口高峰祥云庵,汉语系,释灯昌,,福建省,南平市,邵武市,福建省邵武市晒口街道高峰村,,,,,117.566612,27.300541
邵武桂林上青殳山寺,汉语系,陈七英,,福建省,南平市,邵武市,福建省邵武市桂林乡上青村,,,,,117.170883,27.136322
邵武桂林横坑福云寺,汉语系,释昌林,,福建省,南平市,邵武市,福建省邵武市桂林乡横坑村,,,,,117.118118,27.121912
邵武桂林盖洋莲花寺,汉语系,释中庆,,福建省,南平市,邵武市,福建省邵武市桂林乡盖洋村,,,,,117.185028,27.124580
邵武水北一都龙龟庵,汉语系,陈承泉,,福建省,南平市,邵武市,福建省邵武市水北镇一都村,,,,,117.533531,27.375843
邵武水北万福寺,汉语系,释寿智,,福建省,南平市,邵武市,福建省邵武市水北镇万峰山,,,,,117.490044,27.344963
邵武水北三都菩提寺,汉语系,释昌传,,福建省,南平市,邵武市,福建省邵武市水北镇三都村,,,,,117.579010,27.394321
邵武水北大乾福善王庙,汉语系,释中清,,福建省,南平市,邵武市,福建省邵武市水北镇大乾村,,,,,117.398079,27.495571
邵武水北大漠金山寺,汉语系,释宏德,,福建省,南平市,邵武市,福建省邵武市水北镇大漠村,,,,,117.510269,27.380581
邵武水北故县平安寺,汉语系,释妙煌,,福建省,南平市,邵武市,福建省邵武市水北镇故县村,,,,,117.520409,27.334242
邵武水北朱朝寺,汉语系,释广弘,,福建省,南平市,邵武市,福建省邵武市水北镇职业中专后山,,,,,117.490044,27.344963
邵武水北越王公寺,汉语系,释智忠,,福建省,南平市,邵武市,福建省邵武市水北磷肥厂后山,,,,,117.490044,27.344963
邵武沿山上樵双泉寺,汉语系,释法风,,福建省,南平市,邵武市,福建省邵武市沿山镇上樵村广福组,,,,,117.313019,27.267752
邵武沿山周源北山寺,汉语系,释正延,,福建省,南平市,邵武市,福建省邵武市沿山镇周源村,,,,,117.371193,27.370253
邵武沿山周源狮子崖寺,汉语系,释灯铭,,福建省,南平市,邵武市,福建省邵武市沿山镇周源村,,,,,117.371193,27.370253
邵武沿山徐溪凤鸣峰寺,汉语系,李兴义,,福建省,南平市,邵武市,福建省邵武市沿山镇徐溪村,,,,,117.385620,27.302061
邵武沿山沙坑金顶峰寺,汉语系,朱中秋,,福建省,南平市,邵武市,福建省邵武市沿山镇沙坑村,,,,,117.364601,27.300341
邵武沿山百樵大华寺,汉语系,高长根,,福建省,南平市,邵武市,福建省邵武市沿山镇百樵村,,,,,117.333755,27.296112
邵武沿山里居西岩寺,汉语系,释昌传,,福建省,南平市,邵武市,福建省邵武市沿山镇里居村,,,,,117.319450,27.316603
邵武洪墩古灵寺,汉语系,释中法,,福建省,南平市,邵武市,福建省邵武市洪墩镇洪墩村,,,,,117.674866,26.972588
邵武洪墩尚读宝华寺,汉语系,黄耀明,,福建省,南平市,邵武市,福建省邵武市洪墩镇尚读村,,,,,117.646889,26.991291
邵武洪墩桥头法藏寺,汉语系,刘青荣,,福建省,南平市,邵武市,福建省邵武市洪墩镇桥头村,,,,,117.625450,27.009661
邵武洪墩水口寨柳营庵,汉语系,李桂良,,福建省,南平市,邵武市,福建省邵武市洪墩镇水口寨村,,,,,117.732834,26.972452
邵武洪墩王玢长明寺,汉语系,李桂良,,福建省,南平市,邵武市,福建省邵武市洪墩镇王玢村,,,,,117.641693,27.005966
邵武洪墩重兴寺,汉语系,沈颜珠,,福建省,南平市,邵武市,福建省邵武市洪墩镇洪墩村,,,,,117.674866,26.972588
邵武福山寺,汉语系,释中翔（张祥）,,福建省,南平市,邵武市,福建省邵武市昭阳街道,,,,,117.494843,27.335972
邵武紫金山华盖寺,汉语系,释中严,,福建省,南平市,邵武市,福建省邵武市城郊镇莲塘村,,,,,117.514229,27.290710
邵武肖家坊坊前金轮法堂,汉语系,董如渊,,福建省,南平市,邵武市,福建省邵武市肖家坊镇坊前村,,,,,117.269379,27.142530
邵武肖家坊将石天成岩寺,汉语系,周双六,,福建省,南平市,邵武市,福建省邵武市肖家坊镇将石村,,,,,117.271667,27.088381
邵武肖家坊将石狮子岩寺,汉语系,付旭,,福建省,南平市,邵武市,福建省邵武市肖家坊镇将石村,,,,,117.271667,27.088381
邵武肖家坊建民古禾山寺,汉语系,释中盛,,福建省,南平市,邵武市,福建省邵武市肖家坊镇建民村,,,,,117.265739,27.123652
邵武肖家坊登高灵山庵,汉语系,肖观珠,,福建省,南平市,邵武市,福建省邵武市肖家坊镇登高村,,,,,117.253548,27.101822
邵武肖家坊黄家际铁家庵,汉语系,肖茂祥,,福建省,南平市,邵武市,福建省邵武市肖家坊镇黄家际村,,,,,117.191467,27.096056
邵武观音阁,汉语系,释远明,,福建省,南平市,邵武市,福建省邵武市昭阳街道,,,,,117.494843,27.335972
邵武金坑下黄街双林寺,汉语系,释昌林,,福建省,南平市,邵武市,福建省邵武市金坑乡下黄街村,,,,,117.163612,27.212801
邵武金坑重下五马庵,汉语系,吕春安,,福建省,南平市,邵武市,福建省邵武市金坑乡重下村,,,,,117.206764,27.232841
邵武金坑金桥寺,汉语系,刘来付,,福建省,南平市,邵武市,福建省邵武市金坑乡上坊村,,,,,117.190918,27.250580
顺昌上凤狮峰寺,汉语系,释宏妙,1993-10-05,福建省,南平市,顺昌县,福建省南平市顺昌县洋口镇上凤村,,,,,117.855659,26.771772
顺昌下沙华阳寺,汉语系,释惟雄,1997-11-24,福建省,南平市,顺昌县,福建省南平市顺昌县双溪街道下沙村,,,,,117.797180,26.840210
顺昌东坑黄云寺,汉语系,魏和兴,1997-11-24,福建省,南平市,顺昌县,福建省南平市顺昌县岚下乡东坑村,,,,,118.051880,26.950771
顺昌东郊观音堂,汉语系,叶凤珠,1999-12-15,福建省,南平市,顺昌县,福建省南平市顺昌县元坑镇东郊村,,,,,117.724564,26.757341
顺昌九村圆通寺,汉语系,释普慧,1993-10-05,福建省,南平市,顺昌县,福建省南平市顺昌县元坑镇九村村,,,,,117.726089,26.761503
顺昌井垅龙兴寺,汉语系,释惟道（陈加强）,1997-11-24,福建省,南平市,顺昌县,福建省南平市顺昌县双溪街道井垅村,,,,,117.829048,26.816011
顺昌仁寿圆通寺,汉语系,释智通,1999-12-15,福建省,南平市,顺昌县,福建省南平市顺昌县仁寿镇仁寿村,,,,,117.897179,27.082911
顺昌仙潭观音堂,汉语系,陈惟渊,1993-10-05,福建省,南平市,顺昌县,福建省南平市顺昌县大干镇仙潭村,,,,,117.746368,26.930981
顺昌余墩白龙寺,汉语系,释中吉,2000-01-10,福建省,南平市,顺昌县,福建省南平市顺昌县双溪街道余墩村,,,,,117.807152,26.765162
顺昌兴源福兴寺,汉语系,释惟空,,福建省,南平市,顺昌县,福建省南平市顺昌县郑坊乡兴源村,,,,,117.720352,26.707443
顺昌兴源龙兴寺,汉语系,释宏光,2000-01-10,福建省,南平市,顺昌县,福建省南平市顺昌县岚下乡兴源村,,,,,117.990845,26.956812
顺昌南亨兴龙寺,汉语系,谢增奴,1993-10-05,福建省,南平市,顺昌县,福建省南平市顺昌县高阳乡南亨村,,,,,118.200447,26.873381
顺昌南山月山寺,汉语系,释了悟（廖发长）,1997-11-24,福建省,南平市,顺昌县,福建省南平市顺昌县建西镇南山村,,,,,117.949539,26.888340
顺昌口前广德寺,汉语系,释传讃,2010-03-29,福建省,南平市,顺昌县,福建省南平市顺昌县埔上镇口前村,,,,,117.775742,26.928801
顺昌合掌岩西安寺,汉语系,释本圆（尤启明）,1997-11-24,福建省,南平市,顺昌县,福建省南平市顺昌县双溪街道城西村,,,,,117.802948,26.797981
顺昌善济寺,汉语系,释普慧,2000-01-10,福建省,南平市,顺昌县,福建省南平市顺昌县埔上镇张墩村,,,,,117.767097,26.904291
顺昌城东普庆寺,汉语系,释智妙（刘时云）,,福建省,南平市,顺昌县,福建省南平市顺昌县双溪街道城东村货场路154号,,,,,117.817819,26.806734
顺昌城西宝月庵,汉语系,释惟华,2011-08-23,福建省,南平市,顺昌县,福建省南平市顺昌县双溪街道城北路,,,,,117.809937,26.794809
顺昌墩头圆觉寺,汉语系,毛圣林,2000-01-10,福建省,南平市,顺昌县,福建省南平市顺昌县埔上镇墩头村,,,,,117.774124,27.046051
顺昌夏墩洋岩寺,汉语系,释远正,1993-10-05,福建省,南平市,顺昌县,福建省南平市顺昌县岚下乡夏墩村,,,,,117.990837,26.995241
顺昌大历回响寺,汉语系,释慧诚（杨明雄）,,福建省,南平市,顺昌县,福建省南平市顺昌县大历镇大历村,,,,,118.009254,26.889393
顺昌大外净土寺,汉语系,詹洪华,1997-11-24,福建省,南平市,顺昌县,福建省南平市顺昌县高阳乡大外村,,,,,118.135551,26.930742
顺昌大富龙山寺,汉语系,徐章铭,2000-01-10,福建省,南平市,顺昌县,福建省南平市顺昌县高阳乡大富村,,,,,118.208450,26.915531
顺昌大布大安寺,汉语系,释惟禧,2000-01-10,福建省,南平市,顺昌县,福建省南平市顺昌县埔上镇大布村,,,,,117.804581,27.018391
顺昌大干宝山寺,汉语系,释普广,1997-11-24,福建省,南平市,顺昌县,福建省南平市顺昌县大干镇土垅村,,,,,117.658020,26.899200
顺昌安浆福兴寺,汉语系,释宽仕,1997-11-24,福建省,南平市,顺昌县,福建省南平市顺昌县高阳乡安浆村,,,,,118.169838,26.938272
顺昌岚下良溪寺,汉语系,魏旺忠,1997-11-24,福建省,南平市,顺昌县,福建省南平市顺昌县岚下岚下村,,,,,117.992554,26.958921
顺昌岚下象山寺,汉语系,杨宽钦,2000-01-10,福建省,南平市,顺昌县,福建省南平市顺昌县岚下乡岚下村,,,,,117.992554,26.958921
顺昌振科兴福寺,汉语系,游付成,1997-11-24,福建省,南平市,顺昌县,福建省南平市顺昌县高阳乡振科村,,,,,118.145897,26.884901
顺昌曲村圣惠寺,汉语系,释迷念,1993-10-05,福建省,南平市,顺昌县,福建省南平市顺昌县元坑镇曲村村,,,,,117.672264,26.748531
顺昌来布金山寺,汉语系,释惟信,1993-10-05,福建省,南平市,顺昌县,福建省南平市顺昌县大干镇来布村,,,,,117.745323,26.957510
顺昌桂溪正觉寺,汉语系,邱细娘,1993-10-05,福建省,南平市,顺昌县,福建省南平市顺昌县仁寿镇桂溪村,,,,,117.853218,27.122280
顺昌永福观音堂,汉语系,释宽珍,2011-09-09,福建省,南平市,顺昌县,福建省南平市顺昌县洋口镇永福村,,,,,117.903229,26.797373
顺昌河墩为德寺,汉语系,释惟姬,1997-11-24,福建省,南平市,顺昌县,福建省南平市顺昌县埔上镇河墩村,,,,,117.809769,26.953793
顺昌洋坊观音堂,汉语系,释传果,2000-01-10,福建省,南平市,顺昌县,福建省南平市顺昌县元坑镇洋坊村,,,,,117.678253,26.832460
顺昌洋墩再昇寺,汉语系,释传定,1993-10-05,福建省,南平市,顺昌县,福建省南平市顺昌县洋墩乡洋墩村,,,,,117.880142,27.021372
顺昌秀水紫竹庵,汉语系,邓留娘,1993-10-05,福建省,南平市,顺昌县,福建省南平市顺昌县元坑镇秀水村,,,,,117.716560,26.761093
顺昌红云金山寺,汉语系,刘文传,1997-11-24,福建省,南平市,顺昌县,福建省南平市顺昌县仁寿镇上白村,,,,,117.923172,27.106760
顺昌良坊香城寺,汉语系,李春凤,1999-12-15,福建省,南平市,顺昌县,福建省南平市顺昌县双溪街道城西村,,,,,117.802948,26.797981
顺昌蛟溪普渡寺,汉语系,冯新英,1993-10-05,福建省,南平市,顺昌县,福建省南平市顺昌县元坑镇蛟溪村,,,,,117.724579,26.790022
顺昌蛟溪景灵岩寺,汉语系,释达悟,1997-11-24,福建省,南平市,顺昌县,福建省南平市顺昌县元坑镇蛟溪村,,,,,117.724579,26.790022
顺昌谟武西庵,汉语系,释中法,1993-10-05,福建省,南平市,顺昌县,福建省南平市顺昌县元坑镇谟武村,,,,,117.702759,26.818882
顺昌谟武靖安寺,汉语系,释普见,1997-11-24,福建省,南平市,顺昌县,福建省南平市顺昌县元坑镇谟武村,,,,,117.702759,26.818882
顺昌路兹龙安寺,汉语系,谢惟娇,1997-11-24,福建省,南平市,顺昌县,福建省南平市顺昌县建西镇路兹村,,,,,117.810360,26.793010
顺昌郑坊显通寺,汉语系,释宽景,1993-10-05,福建省,南平市,顺昌县,福建省南平市顺昌县郑坊乡郑坊村,,,,,117.713737,26.710911
顺昌高阳香台寺,汉语系,江完金,1999-12-15,福建省,南平市,顺昌县,福建省南平市顺昌县高阳乡高阳村,,,,,118.148720,26.908920
顺昌黄岩紫云寺,汉语系,释本圆,1993-10-05,福建省,南平市,顺昌县,福建省南平市顺昌县岚下乡郭城村,,,,,118.009789,27.022701
顺昌龙头岩云峰寺,汉语系,林传煌,1993-10-05,福建省,南平市,顺昌县,福建省南平市顺昌县双溪街道水南村,,,,,117.798363,26.791101
松溪中峰寺,汉语系,释广智,1999-05-01,福建省,南平市,松溪县,福建省南平市松溪县旧县乡留洋村,,,,,118.878723,27.644232
松溪久福寺,汉语系,艾世文,1984-06-01,福建省,南平市,松溪县,福建省南平市松溪县旧县乡洋前村,,,,,118.882683,27.629240
松溪云佑寺,汉语系,释本财,,福建省,南平市,松溪县,福建省南平市松溪县郑墩镇洋墩村,,,,,118.705849,27.504301
松溪光明寺,汉语系,杨必顺,,福建省,南平市,松溪县,福建省南平市松溪县松源街道水南村,,,,,118.779861,27.517290
松溪凉山寺,汉语系,范代瑞,2009-05-01,福建省,南平市,松溪县,福建省南平市松溪县河东乡长江村,,,,,118.835152,27.545521
松溪华严寺,汉语系,释用洧,2009-05-01,福建省,南平市,松溪县,福建省南平市松溪县旧县乡李墩村,,,,,118.871490,27.580770
松溪华光天王庙,汉语系,叶风炳,2009-05-01,福建省,南平市,松溪县,福建省南平市松溪县松源街道红旗街,,,,,118.783623,27.520170
松溪城楼庙,汉语系,江舜霖,2009-05-01,福建省,南平市,松溪县,福建省南平市松溪县松源街道红旗街,,,,,118.783623,27.520170
松溪复兴寺,汉语系,钟兴明,1999-05-01,福建省,南平市,松溪县,福建省南平市松溪县松源街道钱园桥村,,,,,118.768814,27.549952
松溪天竺寺,汉语系,王光向,1999-05-01,福建省,南平市,松溪县,福建省南平市松溪县溪东乡榉上村,,,,,118.789337,27.768303
松溪报恩寺,汉语系,释法妹,1999-05-01,福建省,南平市,松溪县,福建省南平市松溪县花桥乡塘边村,,,,,118.592278,27.582672
松溪来龙寺,汉语系,范盛金,2004-12-01,福建省,南平市,松溪县,福建省南平市松溪县松源街道东门村,,,,,118.791161,27.531061
松溪添禅寺,汉语系,董德霖,2009-05-01,福建省,南平市,松溪县,福建省南平市松溪县渭田镇渭田村,,,,,118.796013,27.701841
松溪清凉寺,汉语系,陈炳章,1983-05-01,福建省,南平市,松溪县,福建省南平市松溪县茶平乡吴山头村,,,,,118.796501,27.472721
松溪清复寺,汉语系,释祖贤,,福建省,南平市,松溪县,福建省南平市松溪县花桥乡招沙甲村,,,,,118.686668,27.580271
松溪福云寺,汉语系,释悟清,2004-12-01,福建省,南平市,松溪县,福建省南平市松溪县郑墩镇郑墩村,,,,,118.700500,27.492241
松溪福德寺,汉语系,释维森,2013-08-01,福建省,南平市,松溪县,福建省南平市松溪县松源街道北门村,,,,,118.781143,27.524647
松溪罗汉寺,汉语系,林玉弟,2009-05-01,福建省,南平市,松溪县,福建省南平市松溪县河东乡大布村,,,,,118.830421,27.564590
松溪菩萨庙,汉语系,范火洪,,福建省,南平市,松溪县,福建省南平市松溪县松源街道东门头35号,,,,,118.782692,27.522230
松溪西山寺,汉语系,齐圣宝,2002-12-01,福建省,南平市,松溪县,福建省南平市松溪县茶平乡茶平村,,,,,118.818138,27.476822
松溪金山寺,汉语系,释本德,1997-03-01,福建省,南平市,松溪县,福建省南平市松溪县祖墩乡山源村,,,,,118.713158,27.673851
松溪龙居寺,汉语系,释礼学,1999-05-01,福建省,南平市,松溪县,福建省南平市松溪县郑墩镇张屯村,,,,,118.740364,27.490072
松溪龙溪寺,汉语系,释修宏,2009-05-01,福建省,南平市,松溪县,福建省南平市松溪县松源街道皂甲巷47号,,,,,118.782692,27.522230
武夷山万峰寺,汉语系,释道林（林运泉）,,福建省,南平市,武夷山市,福建省武夷山市洋庄乡四渡村,,,,,117.982880,27.796551
武夷山上梅鸣山寺,汉语系,袁承梓,,福建省,南平市,武夷山市,福建省武夷山市上梅乡上梅村,,,,,118.165077,27.687681
武夷山东山禅寺,汉语系,释泽成（谢木成）,,福建省,南平市,武夷山市,福建省武夷山市吴屯乡排头村,,,,,118.135483,27.839001
武夷山云南寺,汉语系,释道亮（练荣全）,,福建省,南平市,武夷山市,福建省武夷山市武夷街道办赤石村,,,,,117.996513,27.690641
武夷山佛国弥陀寺,汉语系,释宗英（邱带娥）,,福建省,南平市,武夷山市,福建省武夷山市武夷街道办天心村,,,,,117.995438,27.686495
武夷山兴福寺,汉语系,释道湧（祝树隆）,,福建省,南平市,武夷山市,福建省武夷山市兴田镇城村村,,,,,118.052116,27.553141
武夷山兴隆寺,汉语系,释法菁（柳金莲）,,福建省,南平市,武夷山市,福建省武夷山市洋庄乡浆溪村,,,,,117.889473,27.775961
武夷山凤山寺,汉语系,释本秀（曹瑞秀）,,福建省,南平市,武夷山市,福建省武夷山市新丰街道办五里村,,,,,118.021011,27.737122
武夷山华峰寺,汉语系,江素钦,,福建省,南平市,武夷山市,福建省武夷山市洋庄乡大安村,,,,,117.901230,27.870153
武夷山南丰寺,汉语系,江太春,,福建省,南平市,武夷山市,福建省武夷山市武夷街道办吴齐村,,,,,118.084251,27.660103
武夷山双龙禅寺,汉语系,释远明（翁宪明）,1996-10-28,福建省,南平市,武夷山市,福建省武夷山市崇安街道办城西村,,,,,118.030930,27.761032
武夷山大兴寺,汉语系,彭林年,,福建省,南平市,武夷山市,福建省武夷山市五夫镇五一村,,,,,118.210930,27.610540
武夷山姐妹桥瑞龙寺,汉语系,雷牵弟,,福建省,南平市,武夷山市,福建省武夷山市崇安街道办崩埂村,,,,,118.046768,27.784542
武夷山岚谷瑞龙寺,汉语系,代管释道航（练光明）,,福建省,南平市,武夷山市,福建省武夷山市岚谷乡樟村村,,,,,118.224022,28.027990
武夷山崇福庵,汉语系,傅小妹,,福建省,南平市,武夷山市,福建省武夷山市星村镇黄村村,,,,,117.887459,27.642792
武夷山平水庙,汉语系,释法智（江文妹）,,福建省,南平市,武夷山市,福建省武夷山市崇安街道办东峰街189号,,,,,118.030861,27.751162
武夷山广福寺,汉语系,释宗仁（吴仁英）,,福建省,南平市,武夷山市,福建省武夷山市崇安街道办鸭母洲,,,,,118.039497,27.762991
武夷山开善寺,汉语系,释道纪（田景元）,,福建省,南平市,武夷山市,福建省武夷山市五夫镇田尾村,,,,,118.232941,27.613760
武夷山慈云寺,汉语系,释妙成,,福建省,南平市,武夷山市,福建省武夷山市岚谷乡岚谷村,,,,,118.182167,27.928631
武夷山慈恩寺,汉语系,释泽道（徐荣华）,,福建省,南平市,武夷山市,福建省武夷山市崇安街道办饶曙新村,,,,,118.024292,27.750889
武夷山护国寺,汉语系,释泽定（刘金花）,,福建省,南平市,武夷山市,福建省武夷山市崇安街道办东峰街114号,,,,,118.030861,27.751162
武夷山新如寺,汉语系,代管释道林（林运泉）,,福建省,南平市,武夷山市,福建省武夷山市兴田镇兴田村,,,,,118.070923,27.500671
武夷山朝阳福林寺,汉语系,释惟明（代平）,,福建省,南平市,武夷山市,福建省武夷山市星村镇朝阳村,,,,,117.841911,27.629412
武夷山桃林寺,汉语系,江曷种,2005-01-05,福建省,南平市,武夷山市,福建省武夷山市兴田镇南树村,,,,,118.126534,27.570362
武夷山桐木关双泉寺,汉语系,伍水金,,福建省,南平市,武夷山市,福建省武夷山市星村镇桐木村,,,,,117.681274,27.746992
武夷山永丰禅寺,汉语系,释天松（汪松林）,,福建省,南平市,武夷山市,福建省武夷山市洋庄乡三渡村,,,,,117.988029,27.778521
武夷山法华寺,汉语系,释泽道（徐荣华）,,福建省,南平市,武夷山市,福建省武夷山市武夷街道办天心村慧苑,,,,,117.998123,27.701633
武夷山济龙庙,汉语系,李素林,,福建省,南平市,武夷山市,福建省武夷山市星村镇巨口村花桥,,,,,117.913086,27.560141
武夷山瑞云寺,汉语系,林辉,,福建省,南平市,武夷山市,福建省武夷山市吴屯乡上村村,,,,,118.117470,27.905403
武夷山瑞岩禅寺,汉语系,释道航（练光明）,,福建省,南平市,武夷山市,福建省武夷山市吴屯乡街路村,,,,,118.134102,27.842793
武夷山白云禅寺,汉语系,释泽悟（洪碧娥）,,福建省,南平市,武夷山市,福建省武夷山市星村镇星村村,,,,,117.923141,27.637953
武夷山真如寺,汉语系,陈声文,,福建省,南平市,武夷山市,福建省武夷山市洋庄乡浆溪村,,,,,117.889473,27.775961
武夷山竹湖山寺,汉语系,吴金声,,福建省,南平市,武夷山市,福建省武夷山市兴田镇兴田村,,,,,118.070923,27.500671
武夷山莲花峰寺,汉语系,释天了（张丽）,1998-02-09,福建省,南平市,武夷山市,福建省武夷山市武夷街道办天心村,,,,,117.995438,27.686495
武夷山西龙寺,汉语系,林炳兴,,福建省,南平市,武夷山市,福建省武夷山市洋庄乡东村村,,,,,117.955124,27.805071
武夷山金仙庵,汉语系,陈金瑞,,福建省,南平市,武夷山市,福建省武夷山市星村镇程墩村,,,,,117.864258,27.719702
武夷山镇国庙,汉语系,王德胜,,福建省,南平市,武夷山市,福建省武夷山市武夷街道办下梅村,,,,,118.046196,27.667595
武夷山黎山寺,汉语系,释道湧（祝树隆）,,福建省,南平市,武夷山市,福建省武夷山市岚谷乡黎口村,,,,,118.195770,27.881641
南平东坑感应寺,汉语系,纪昌女,1993-11-01,福建省,南平市,延平区,福建省南平市延平区水南街道东坑村岭下桥,,,,,118.192429,26.607550
南平南山东门寺,汉语系,释见春,1993-11-01,福建省,南平市,延平区,福建省南平市延平区南山镇东门村,,,,,118.363678,26.620861
南平南山凤山寺,汉语系,詹元习（释惟光）,2001-11-01,福建省,南平市,延平区,福建省南平市延平区南山镇凤池村,,,,,118.334854,26.632320
南平南山南福寺,汉语系,吴冬金（释传宝）,1998-12-01,福建省,南平市,延平区,福建省南平市延平区南山镇南山村,,,,,118.334473,26.612612
南平南山后埔凤福寺,汉语系,朱崇松,2005-01-01,福建省,南平市,延平区,福建省南平市延平区南山镇后埔村,,,,,118.321999,26.651083
南平南山崇寿寺,汉语系,黄新凤（释宏旭）,2011-06-01,福建省,南平市,延平区,福建省南平市延平区南山镇中山街罗坑,,,,,118.334473,26.612612
南平圆通寺,汉语系,张虎塘（释法照）,1998-12-01,福建省,南平市,延平区,福建省南平市延平区水南街7号,,,,,118.182020,26.637980
南平夏道崇善寺,汉语系,陈联光,,福建省,南平市,延平区,福建省南平市延平区夏道镇徐洋村徐福路40号,,,,,118.267067,26.569342
南平夏道鸠源保福寺,汉语系,王贵承（释法承）,2000-12-01,福建省,南平市,延平区,福建省南平市延平区夏道镇鸠上村,,,,,118.228813,26.507603
南平夏道龙华寺,汉语系,熊集康（释法康）,2013-01-23,福建省,南平市,延平区,福建省南平市延平区夏道镇桥头村,,,,,118.267822,26.576593
南平大坝罗山寺,汉语系,释智东,1994-08-01,福建省,南平市,延平区,福建省南平市延平区南山镇大坝村,,,,,118.335419,26.627663
南平大横无量寺,汉语系,吴开洽（释禅久）,1998-12-01,福建省,南平市,延平区,福建省南平市延平区大横镇埂埕村牛头山,,,,,118.245392,26.722961
南平安济崇福寺,汉语系,李玉杰（释空相）,2004-12-01,福建省,南平市,延平区,福建省南平市延平区夏道镇安济村,,,,,118.281769,26.586071
南平峡阳报国寺,汉语系,林火（释正宽）,1998-12-01,福建省,南平市,延平区,福建省南平市延平区峡阳镇陈坍村,,,,,118.051651,26.791203
南平开平禅寺,汉语系,释传雄（钟金水）,1980-12-01,福建省,南平市,延平区,福建省南平市延平区西芹镇院口凤凰山麓,,,,,118.123665,26.561506
南平朝龙寺,汉语系,李娟霖（释长雄）,2011-10-10,福建省,南平市,延平区,福建省南平市延平区大横镇溪洋村梅仔坑,,,,,118.184288,26.703993
南平正中庵,汉语系,刘依生（释大诚）,1998-12-01,福建省,南平市,延平区,福建省南平市延平区九峰山二峰,,,,,118.187363,26.628799
南平水东狮安寺,汉语系,叶伟洪（释法贤）,2002-10-01,福建省,南平市,延平区,福建省南平市延平区水东街道十里庵91号,,,,,118.222374,26.623901
南平法云寺,汉语系,钟金水（释传雄）,1993-11-01,福建省,南平市,延平区,福建省南平市延平区水东街道塔下村,,,,,118.208382,26.637972
南平洋后东岳寺,汉语系,陈武温（释剑辉）,,福建省,南平市,延平区,福建省南平市延平区洋后镇大演村,,,,,118.553864,26.599211
南平炉下林重寺,汉语系,张勇（释能观）,1993-11-01,福建省,南平市,延平区,福建省南平市延平区炉下镇炉下村,,,,,118.302383,26.485882
南平王台心安寺,汉语系,张雪松（释严尚）,1994-08-01,福建省,南平市,延平区,福建省南平市延平区王台镇王台村,,,,,117.974541,26.637152
南平环林寺,汉语系,骆丽华,1998-12-01,福建省,南平市,延平区,福建省南平市延平区黄墩环城路66号,,,,,118.174541,26.634561
南平西芹定光寺,汉语系,陈淑英,2004-12-31,福建省,南平市,延平区,福建省南平市延平区西芹镇西芹板应二路,,,,,118.124802,26.583452
南平象山庵,汉语系,陈芝（释本慧）,1998-12-01,福建省,南平市,延平区,福建省南平市延平区水东街道大官路象山岭,,,,,118.184036,26.656580
南平金凤庵,汉语系,吴珍莺（释普在）,1998-12-01,福建省,南平市,延平区,福建省南平市延平区水东金凤路22号,,,,,118.191620,26.650137
政和双凤寺,汉语系,陈文珍,1999-03-15,福建省,南平市,政和县,福建省南平市政和县岭腰乡岭腰村,,,,,118.998154,27.473202
政和圆通寺,汉语系,释泽智（张志华）,1993-11-17,福建省,南平市,政和县,福建省南平市政和县东平镇东平村北街49号,,,,,118.644608,27.426071
政和天福寺,汉语系,周光荣,1993-11-17,福建省,南平市,政和县,福建省南平市政和县石屯镇西津村,,,,,118.713593,27.336943
政和奘山慧圣禅寺,汉语系,释安友（邓墩肃）,1993-11-17,福建省,南平市,政和县,福建省南平市政和县东平镇凤头村,,,,,118.620888,27.439220
政和宝福寺,汉语系,释则宏（黄建华）,2013-08-09,福建省,南平市,政和县,福建省南平市政和县铁山镇高林村,,,,,118.911819,27.452652
政和归峰寺,汉语系,刘妙钱,,福建省,南平市,政和县,福建省南平市政和县熊山街道解放村,,,,,118.856400,27.365971
政和护国寺,汉语系,释远宝（郑国宝）,2013-08-16,福建省,南平市,政和县,福建省南平市政和县铁山镇凤林村,,,,,118.949821,27.387590
政和新口报恩寺,汉语系,释世明（余帮莲）,1993-11-17,福建省,南平市,政和县,福建省南平市政和县东平镇新口村,,,,,118.697769,27.351982
政和林屯报恩寺,汉语系,释明悟（李永茂）,1993-11-17,福建省,南平市,政和县,福建省南平市政和县东平镇凤头村,,,,,118.620888,27.439220
政和石门寺,汉语系,释果莲（余帮莲）,2005-03-03,福建省,南平市,政和县,福建省南平市政和县外屯乡外屯村,,,,,118.995514,27.331850
政和禅岩寺,汉语系,释圣来（李学来）,,福建省,南平市,政和县,福建省南平市政和县石屯镇工农村,,,,,118.771873,27.349340
政和福元寺,汉语系,释果圆（姚传学）,,福建省,南平市,政和县,福建省南平市政和县岭腰乡锦屏村,,,,,119.107132,27.414913
政和诸佛寺,汉语系,释法政（魏朋南）,2000-09-18,福建省,南平市,政和县,福建省南平市政和县熊山街道官湖村,,,,,118.826950,27.368031
政和黄龙寺,汉语系,释世清（陈森林）,1993-11-17,福建省,南平市,政和县,福建省南平市政和县石屯镇际下村,,,,,118.812820,27.309980
福安狮峰寺,汉语系,释印觉,唐景福元年（892年）,福建省,宁德市,福安市,福建省福安市溪柄镇楼下村狮峰寺,狮峰寺又称狮峰广化禅寺。位于福安市柏柱洋狮峰山麓：距县城30公里。寺始建于唐景福元年（892年），原在山顶，明永乐年间（1403-1424）移建于此。据载。明武宗曾游此寺，御题寺匾“狮峰广化禅林”，并赠诗，诗中有“影动方池鱼惊客，声来半岭竹引风”之句。,,,,119.779282,26.985180
福安七星寺,汉语系,陈荣仔（释法声）,1999-12-05,福建省,宁德市,福安市,福建省福安市甘棠莲花山七星寺,,,,,119.637817,26.915161
福安万佛寺,汉语系,林伏勤（释云密）,1999-11-28,福建省,宁德市,福安市,福建省福安市穆云乡桂林村万佛寺,,,,,119.549225,27.051237
福安万寿寺,汉语系,王灼平（释正光）,1981-12-01,福建省,宁德市,福安市,福建省福安市赛岐万寿寺,,,,,119.680435,26.962416
福安万禄寺,汉语系,王美容（释通妙）,1999-12-01,福建省,宁德市,福安市,福建省福安市赛岐店前村万禄寺,,,,,119.702660,27.174622
福安万福寺,汉语系,吕庄容（释宗勤）,1999-12-01,福建省,宁德市,福安市,福建省福安市赛岐镇前进街,,,,,119.679314,26.967861
福安三宝寺,汉语系,李淑琴（释坚明）,2011-05-03,福建省,宁德市,福安市,福建省福安市城南湖山路10,,,,,119.647680,27.087970
福安三屷寺,汉语系,林雪英（释宝平）,2011-05-03,福建省,宁德市,福安市,福建省福安市湾坞半屿三屷寺,,,,,119.729500,26.784372
福安三观寺,汉语系,黄少清（释正敏）,2011-05-03,福建省,宁德市,福安市,福建省福安市甘棠上塘村三观寺,,,,,119.617714,26.910273
福安上东寺,汉语系,谢则椿（释光谱）,,福建省,宁德市,福安市,福建省福安市甘棠镇牛白洋村对面,,,,,119.637817,26.915161
福安上白石天福寺,汉语系,叶伏平（释宽耀）,1999-12-27,福建省,宁德市,福安市,福建省福安市上白石流尾天福寺,,,,,119.737549,27.242809
福安上白石安福寺,汉语系,林梅生（释源凉）,2011-05-03,福建省,宁德市,福安市,福建省福安市上白石岐坪安福寺,,,,,119.752724,26.985762
福安下白石华岩寺,汉语系,刘阿妹（释心宝）,1999-12-01,福建省,宁德市,福安市,福建省福安市下白石华岩寺,,,,,119.684914,26.809801
福安下白石白莲寺,汉语系,李琼恕（释守景）,1999-12-21,福建省,宁德市,福安市,福建省福安市下白石镇大获白莲寺,,,,,119.625443,26.803381
福安下白石青峰寺,汉语系,曾淑梅（释道慧）,1999-12-03,福建省,宁德市,福安市,福建省福安市下白石大梨青峰寺,,,,,119.667534,26.812481
福安下白石龙泉寺,汉语系,阮孟贤（释生全）,1999-12-09,福建省,宁德市,福安市,福建省福安市下白石英平村岐头山龙泉寺,,,,,119.670120,26.921612
福安东峰寺,汉语系,吴戒旻（释戒旻）,1983-01-10,福建省,宁德市,福安市,福建省福安市甘棠镇上塘东峰寺,,,,,119.611519,26.907881
福安两相寺,汉语系,宋润珍（释悟腾）,2000-01-26,福建省,宁德市,福安市,福建省福安市赛岐樟港两相寺,,,,,119.654984,26.946722
福安云林寺,汉语系,苏志芳（释妙慧）,2011-05-03,福建省,宁德市,福安市,福建省福安市溪尾镇坎下村云林寺,,,,,119.787094,26.865461
福安五峰寺,汉语系,薛木书（释智住）,1985-11-28,福建省,宁德市,福安市,福建省福安市康厝乡彭洋村五峰寺,,,,,119.571388,27.024811
福安仁皇寺,汉语系,钟其坤（释题从）,1983-12-13,福建省,宁德市,福安市,福建省福安市溪尾镇仁皇寺,,,,,119.776703,26.888781
福安介严庵,汉语系,王松珠（释圆慧）,1982-12-08,福建省,宁德市,福安市,福建省福安市城阳上村介严庵,,,,,119.638954,27.084501
福安众悦寺,汉语系,释净赞,2000-05-29,福建省,宁德市,福安市,福建省福安市赛岐像环众悦寺,,,,,119.677773,26.962563
福安余庆寺,汉语系,黄义生（释通善）,1999-12-09,福建省,宁德市,福安市,福建省福安市下白石顶头村余庆寺,,,,,119.665833,26.837502
福安保安寺,汉语系,李升梅（释成光）,1999-12-08,福建省,宁德市,福安市,福建省福安市城阳化蛟保安寺,,,,,119.702530,27.035500
福安修全寺,汉语系,陈纵照（释界净）,,福建省,宁德市,福安市,福建省福安市城阳岩湖村修全寺,,,,,119.637108,27.107470
福安光明寺,汉语系,缪淑梅（释广相）,1981-11-30,福建省,宁德市,福安市,福建省福安市溪潭镇填头村光明寺,,,,,119.602829,26.983078
福安六祖寺,汉语系,陈爱眉（释常利）,1984-12-08,福建省,宁德市,福安市,福建省福安市溪潭廉村六祖寺,,,,,119.615044,27.019411
福安兴云寺,汉语系,释香文,1982-01-05,福建省,宁德市,福安市,福建省福安市溪柄镇榕头兴云寺,,,,,119.797470,26.978481
福安兴国寺,汉语系,郑传辉（释传辉）,1995-12-06,福建省,宁德市,福安市,福建省福安市坂中乡南岸村兴国寺,,,,,119.630333,27.159870
福安兴庆寺,汉语系,林兰香（释正慧）,1984-11-28,福建省,宁德市,福安市,福建省福安市溪潭镇院前村兴庆寺,,,,,119.561829,26.985664
福安兴福寺,汉语系,高嫩明（释护光）,1999-12-05,福建省,宁德市,福安市,福建省福安市溪潭镇白照村头兴福寺,,,,,119.548584,26.980711
福安兴隆寺,汉语系,释兆香（释坚香）,1981-12-08,福建省,宁德市,福安市,福建省福安市城北街道新华中路101-1号（韩阳后垄）,,,,,119.649960,27.091610
福安净云寺,汉语系,赖菊莲（释觉持）,,福建省,宁德市,福安市,福建省福安市溪潭镇王里净云寺,,,,,119.593658,26.992941
福安净化寺,汉语系,方贺龙（释强辉）,1999-12-02,福建省,宁德市,福安市,福建省福安市甘棠镇英岐净化寺,,,,,119.637817,26.915161
福安净心寺,汉语系,郑其树（释德安）,,福建省,宁德市,福安市,福建省福安市潭头镇东昆净心寺,,,,,119.679596,27.187126
福安凤尾寺,汉语系,刘细菊（释仁慈）,1999-12-09,福建省,宁德市,福安市,福建省福安市赛岐镇苏洋村凤尾寺,,,,,119.673157,26.919842
福安凤山寺,汉语系,何成堂（释常通）,1993-01-13,福建省,宁德市,福安市,福建省福安市溪潭镇芹洋村凤山寺,,,,,119.524849,26.984661
福安华严寺,汉语系,王妙蕊（释成声）,2011-05-03,福建省,宁德市,福安市,福建省福安市坂中乡亭兜村,,,,,119.638237,27.071430
福安华光寺,汉语系,阮幼珍（释悟行）,1999-11-25,福建省,宁德市,福安市,福建省福安市赛岐经济开发区罗江华光寺,,,,,119.647680,27.087970
福安华林寺,汉语系,杨德保（释宽远）,1996-01-05,福建省,宁德市,福安市,福建省福安市晓阳镇后洋村华林寺,,,,,119.454849,27.179241
福安华灵寺,汉语系,陈成祖（释光瑞）,2011-05-03,福建省,宁德市,福安市,福建省福安市湾坞徐江华灵寺,,,,,119.717751,26.831352
福安华藏寺,汉语系,郑廷安（释成华）,1995-01-01,福建省,宁德市,福安市,福建省福安市甘棠湄洋华藏寺,,,,,119.562309,26.886127
福安双全寺,汉语系,王云映（释云映）,1999-12-13,福建省,宁德市,福安市,福建省福安市城阳乡双全寺,,,,,119.680466,27.091457
福安双岩寺,汉语系,释心净,,福建省,宁德市,福安市,福建省福安市下白石通湾洋双岩寺,,,,,119.678101,26.802711
福安双泉寺,汉语系,肖冬春（释坚韦）,1996-06-01,福建省,宁德市,福安市,福建省福安市松罗乡尤沃村双泉寺,,,,,119.800949,26.952818
福安喜雨寺,汉语系,陈悟隆（释悟隆）,,福建省,宁德市,福安市,福建省福安市甘棠镇北门喜雨庵,,,,,119.637817,26.915161
福安圆通寺,汉语系,曾智忍（释智忍）,1999-12-01,福建省,宁德市,福安市,福建省福安市赛岐镇下港圆通寺,,,,,119.673599,26.961662
福安地藏寺,汉语系,韦振声（释广隆）,1999-12-21,福建省,宁德市,福安市,福建省福安市城阳镇阳下村,,,,,119.666328,27.091682
福安坂中弥陀寺,汉语系,谢丽姿（释常文）,2011-05-03,福建省,宁德市,福安市,福建省福安市坂中乡坑下村坂中弥陀寺,,,,,119.634621,27.123661
福安坂中灵岩寺,汉语系,叶金菊（释德提）,2011-05-03,福建省,宁德市,福安市,福建省福安市坂中灵岩寺,,,,,119.613319,27.044853
福安坂中福庆寺,汉语系,释坚松,1985-12-06,福建省,宁德市,福安市,福建省福安市坂中坎下炉洋福庆寺,,,,,119.628754,27.113852
福安城北宝光寺,汉语系,释净光,1999-12-10,福建省,宁德市,福安市,福建省福安市城北福阳村宝光寺,,,,,119.668068,27.086811
福安城南白云寺,汉语系,何子凤（释正隆）,1999-12-08,福建省,宁德市,福安市,福建省福安市城南天马山白云寺,,,,,119.658607,27.075121
福安城南莲峰寺,汉语系,谢成春（释德辉）,1989-12-06,福建省,宁德市,福安市,福建省福安市城南蛤蟆洋莲峰寺,,,,,119.790436,26.975874
福安城阳天福寺,汉语系,凌庆金（释定清）,2011-05-03,福建省,宁德市,福安市,福建省福安市城阳横山天福寺,,,,,119.611404,27.302181
福安城阳金峰寺,汉语系,徐贵玉（释悟禅）,2011-05-03,福建省,宁德市,福安市,福建省福安市城阳镇马上金峰寺,,,,,119.666328,27.091682
福安大觉寺,汉语系,刘慈萱（释法应）,2011-05-03,福建省,宁德市,福安市,福建省福安市赛岐泥湾大觉寺,,,,,119.664688,26.894094
福安天堂寺,汉语系,杨金全（释贤明）,2011-05-03,福建省,宁德市,福安市,福建省福安市天马山天堂寺,,,,,119.537384,27.184881
福安安庆寺,汉语系,林玉莲（释传珠）,,福建省,宁德市,福安市,福建省福安市城北洋边安庆寺,,,,,119.652588,27.095852
福安定慧寺,汉语系,道参,2011-05-03,福建省,宁德市,福安市,福建省福安市坂中乡仙源里定慧寺,,,,,119.621849,27.139441
福安宝兴寺,汉语系,郭幼妹（释绰新）,1999-12-07,福建省,宁德市,福安市,福建省福安市溪潭镇溪北村宝兴寺,,,,,119.631760,27.034372
福安宝林寺,汉语系,黄旺声（释志仲）,2011-05-03,福建省,宁德市,福安市,福建省福安市溪柄镇立峰村宝林寺,,,,,119.745178,26.982622
福安宝源寺,汉语系,陈春进（释香梵）,2011-05-03,福建省,宁德市,福安市,福建省福安市溪柄镇立峰村宝源寺,,,,,119.743515,26.978783
福安峨峰寺,汉语系,孙丽团（释真性）,1999-12-02,福建省,宁德市,福安市,福建省福安市甘棠镇后岐村峨峰寺,,,,,119.649811,26.923801
福安崇仁寺,汉语系,陈赠顺（释戒峰）,2011-05-03,福建省,宁德市,福安市,福建省福安市上白石镇崇仁寺,,,,,119.712547,27.220844
福安崇福寺,汉语系,郑满容（释传辉）,1981-01-01,福建省,宁德市,福安市,福建省福安市坂中崇福寺,,,,,119.731163,27.250551
福安市三圣寺,汉语系,释正勇,,福建省,宁德市,福安市,福建省福安市赛岐岩洞三圣寺,,,,,119.647680,27.087970
福安市甘棠法云寺,汉语系,叶颜玉（释定莲）,,福建省,宁德市,福安市,福建省福安市甘棠镇奎住村,,,,,119.634033,26.913765
福安广化寺,汉语系,毛春贵（释坚雄）,1994-01-13,福建省,宁德市,福安市,福建省福安市社口镇社口村凤凰山广化寺,,,,,119.575615,27.205835
福安广恩寺,汉语系,释园静,,福建省,宁德市,福安市,福建省福安市甘棠北门广恩寺,,,,,119.637817,26.915161
福安康厝慈云寺,汉语系,陈清梅（释常禅）,1982-11-30,福建省,宁德市,福安市,福建省福安市康厝慈云寺,,,,,119.660698,27.001350
福安康厝普济寺,汉语系,孙仕和（释慧铭）,2011-05-03,福建省,宁德市,福安市,福建省福安市康厝乡洋溪村曹洋普济寺,,,,,119.569931,27.059223
福安延寿庵,汉语系,林菊英（释智辉）,2011-05-03,福建省,宁德市,福安市,福建省福安市穆阳镇苏堤村延寿庵,,,,,119.523643,27.060051
福安廻龙寺,汉语系,倪碧容（释宏参）,1980-12-02,福建省,宁德市,福安市,福建省福安市罗江小留廻龙寺,,,,,119.655807,26.959440
福安弥陀寺,汉语系,释广城,2011-05-03,福建省,宁德市,福安市,福建省福安市康厝洋溪村弥陀寺,,,,,119.593391,27.048851
福安慈林寺,汉语系,赖细容（释严辉）,1981-01-01,福建省,宁德市,福安市,福建省福安市赛岐镇慈林寺,,,,,119.698158,26.968130
福安慈航寺,汉语系,詹爱英（释明定）,2011-05-03,福建省,宁德市,福安市,福建省福安市赛岐镇赛里村慈航寺,,,,,119.684570,26.965490
福安报亲寺,汉语系,林松妃（释宗净）,,福建省,宁德市,福安市,福建省福安市甘棠镇港岐报亲寺,,,,,119.656754,26.926701
福安新枫寺,汉语系,刘贵庄（释悟平）,,福建省,宁德市,福安市,福建省福安市穆阳镇东旭街,,,,,119.538719,27.060051
福安新福寺,汉语系,高振康（释证慧）,1999-12-07,福建省,宁德市,福安市,福建省福安市溪柄镇北山村新福寺,,,,,119.742188,26.992931
福安昭明寺,汉语系,陈祖明（释绰平）,2011-05-03,福建省,宁德市,福安市,福建省福安市湾坞招山昭明寺,,,,,119.741158,26.819921
福安晓阳福泉寺,汉语系,谢方同（释功辉）,2011-05-03,福建省,宁德市,福安市,福建省福安市晓阳镇福泉寺,,,,,119.454849,27.179241
福安晓阳莲峰寺,汉语系,林美玉（释强清）,2011-05-03,福建省,宁德市,福安市,福建省福安市晓阳白云山莲峰寺,,,,,119.658607,27.075121
福安晓阳青峰寺,汉语系,陈银生（释果慧）,1985-12-20,福建省,宁德市,福安市,福建省福安市晓阳谷口青峰寺,,,,,119.466270,27.187769
福安普光寺,汉语系,林细康（释成光）,1999-11-02,福建省,宁德市,福安市,福建省福安市甘棠镇南塘温厝,,,,,119.633194,26.905811
福安普照寺,汉语系,林吓锦（释定观）,1982-01-01,福建省,宁德市,福安市,福建省福安市康厝乡红坪村普照寺,,,,,119.550522,27.036182
福安景福寺,汉语系,阮长华（释护明）,1983-01-05,福建省,宁德市,福安市,福建省福安市溪柄镇溪南村景福寺,,,,,119.769844,27.009148
福安极乐寺,汉语系,毛传宾（释宗传）,1999-12-10,福建省,宁德市,福安市,福建省福安市社口镇沙溪极乐寺,,,,,119.627106,27.167366
福安桃源寺,汉语系,张群华（释净念）,1982-12-09,福建省,宁德市,福安市,福建省福安市溪柄镇黄兰村,,,,,119.682755,27.009092
福安棲云寺,汉语系,道良,1981-06-01,福建省,宁德市,福安市,福建省福安市坂中棲云寺,,,,,119.612411,26.981741
福安楞严寺,汉语系,林崇细（释智现）,2011-05-03,福建省,宁德市,福安市,福建省福安市湾坞龟頭鼻楞严寺,,,,,119.717751,26.831352
福安法华寺,汉语系,林丽娇（释正誉）,1984-09-12,福建省,宁德市,福安市,福建省福安市下白石半山村,,,,,119.518341,27.053562
福安法园寺,汉语系,阮玉萍（释传明）,,福建省,宁德市,福安市,福建省福安市下白石镇大梨村,,,,,119.667534,26.812481
福安法堂寺,汉语系,杨丽新（释戒妃）,2011-05-03,福建省,宁德市,福安市,福建省福安市上白石镇郑家山村法堂寺,,,,,119.729759,27.231543
福安法山寺,汉语系,林幼清（释德闻）,1982-12-01,福建省,宁德市,福安市,福建省福安市溪潭镇赖尾法山寺,,,,,119.618431,27.000740
福安法明寺,汉语系,雷何锦（释慧锦）,2001-09-12,福建省,宁德市,福安市,福建省福安市穆阳莲花山,,,,,119.620384,26.924341
福安泽云寺,汉语系,林伏勤（释云蜜）,1995-12-06,福建省,宁德市,福安市,福建省福安市穆云乡桥溪村泽云寺,,,,,119.548393,27.050072
福安浮山寺,汉语系,彭振寿（释慧顺）,1985-12-08,福建省,宁德市,福安市,福建省福安市城阳占洋,,,,,119.678001,27.118490
福安清凉寺,汉语系,郑云庄（释常修）,1981-12-02,福建省,宁德市,福安市,福建省福安市溪潭洋头清凉寺,,,,,119.618431,27.000740
福安清泉寺,汉语系,黄妙珍（释悟胜）,1999-12-01,福建省,宁德市,福安市,福建省福安市赛岐开发区南安清泉寺,,,,,120.225815,27.368904
福安湾坞报恩寺,汉语系,释印觉,2000-07-26,福建省,宁德市,福安市,福建省福安市湾坞马头村报恩寺,,,,,119.699524,26.820051
福安湾坞白莲寺,汉语系,苏仁容（释宏明）,1985-12-10,福建省,宁德市,福安市,福建省福安市湾坞乡炉下白莲寺,,,,,119.717003,26.977451
福安湾坞福泉寺,汉语系,连茂潘（释瑞潘）,2011-05-03,福建省,宁德市,福安市,福建省福安市湾坞沙湾村福泉寺,,,,,119.764481,26.781681
福安湾坞罗汉寺,汉语系,阮惠灼（释慧演）,1994-01-01,福建省,宁德市,福安市,福建省福安市湾坞镇浮溪村湾坞罗汉寺,,,,,119.717751,26.831352
福安溪柄天福寺,汉语系,陈福月（释参修）,1985-12-07,福建省,宁德市,福安市,福建省福安市溪柄镇西林天福寺,,,,,119.730186,26.959143
福安溪柄安福寺,汉语系,陈永桂（释世鎏）,2011-05-03,福建省,宁德市,福安市,福建省福安市溪柄立峰安福寺,,,,,119.752724,26.985762
福安溪柄报恩寺,汉语系,林招平（释定广）,1985-01-05,福建省,宁德市,福安市,福建省福安市溪柄镇山下村报恩寺,,,,,119.779221,26.999281
福安溪柄福泉寺,汉语系,游惠玉（释定通）,1982-12-08,福建省,宁德市,福安市,福建省福安市溪柄镇王河福泉寺,,,,,119.723038,26.978142
福安溪柄莲峰寺,汉语系,林吉春（释净云）,2011-05-03,福建省,宁德市,福安市,福建省福安市溪柄镇莲峰寺,,,,,119.732162,26.975922
福安溪潭华岩寺,汉语系,刘玉莲（释玉兴）,1985-12-04,福建省,宁德市,福安市,福建省福安市溪潭周华华岩寺,,,,,119.506592,26.990179
福安溪潭灵岩寺,汉语系,陈英（释传智）,1980-12-23,福建省,宁德市,福安市,福建省福安市溪潭镇城山村,,,,,119.619438,27.036652
福安溪潭福泉寺,汉语系,陈细琴（释云銮）,2011-05-03,福建省,宁德市,福安市,福建省福安市溪潭镇张家山,,,,,119.619759,26.964691
福安潭头长福寺,汉语系,叶宁春（释兼常）,1999-12-20,福建省,宁德市,福安市,福建省福安市潭头镇棠溪村长福寺,,,,,119.671776,27.242308
福安潭头龙华寺,汉语系,林松姿（释心通）,1999-12-07,福建省,宁德市,福安市,福建省福安市潭头镇龙华寺,,,,,119.670784,27.207092
福安灵华寺,汉语系,林菊英（释德慧）,1999-12-07,福建省,宁德市,福安市,福建省福安市城阳乡小溪边灵华寺,,,,,119.648100,27.109440
福安灵山寺,汉语系,杨蕊青（释宽正）,2011-05-03,福建省,宁德市,福安市,福建省福安市溪潭镇沙岩村灵山寺,,,,,119.638992,26.987671
福安灵峰寺,汉语系,郑泽长（释德满）,2011-05-03,福建省,宁德市,福安市,福建省福安市社口镇龟龄村,,,,,119.589088,27.170731
福安灵应寺,汉语系,卓美珠（释果参）,2011-05-03,福建省,宁德市,福安市,福建省福安市溪潭镇洪口村灵应寺,,,,,119.624290,26.986893
福安灵福寺,汉语系,廖章明（释功成）,,福建省,宁德市,福安市,福建省福安市坂中留安灵福寺,,,,,119.622734,27.102482
福安狮泉寺,汉语系,罗树容（释静青）,,福建省,宁德市,福安市,福建省福安市穆阳镇百岁街狮泉寺,,,,,119.544991,27.058920
福安狮福寺,汉语系,陈福达（释恒德）,1999-12-06,福建省,宁德市,福安市,福建省福安市松罗后洋村狮福寺,,,,,119.802284,26.938478
福安玉佛寺,汉语系,林寿其（释慧通）,1994-01-05,福建省,宁德市,福安市,福建省福安市晓阳镇林家洋村玉佛寺,,,,,119.454849,27.179241
福安玉池寺,汉语系,杨旺金（释弘演）,1999-12-07,福建省,宁德市,福安市,福建省福安市赛岐开发区大留玉池寺,,,,,119.630997,26.948385
福安玉泉寺,汉语系,刘翠英（释禅庄）,1994-01-13,福建省,宁德市,福安市,福建省福安市上白石佳浆玉泉寺,,,,,119.768524,27.232382
福安瑞云寺,汉语系,肖弟二（释文彻）,2004-03-15,福建省,宁德市,福安市,福建省福安市社口镇湖头村瑞云寺,,,,,119.574837,27.206211
福安甘棠净光寺,汉语系,郑团菊（释寂芳）,1983-01-01,福建省,宁德市,福安市,福建省福安市甘棠港岐净光寺,,,,,119.656754,26.926701
福安甘棠弥陀寺,汉语系,林吓灼（释定荣）,1994-01-05,福建省,宁德市,福安市,福建省福安市溪柄镇溪南村景福寺,,,,,119.769844,27.009148
福安甘棠白云庵,汉语系,王昌惠（释定道）,2011-05-03,福建省,宁德市,福安市,福建省福安市甘棠镇国泽白云庵,,,,,119.643051,26.887001
福安甘棠莲峰寺,汉语系,郑施芳（释明雄）,,福建省,宁德市,福安市,福建省福安市甘棠镇上塘村莲峰寺,,,,,119.617714,26.910273
福安甘棠金峰寺,汉语系,苏菊梅（释常和）,2001-09-12,福建省,宁德市,福安市,福建省福安市甘棠镇上塘金峰寺,,,,,119.627785,26.911663
福安真如寺,汉语系,苏采菊（释传如）,1999-12-04,福建省,宁德市,福安市,福建省福安市甘棠镇外塘真如寺,,,,,119.651428,26.916552
福安石门寺,汉语系,林美云（释净云）,2002-08-30,福建省,宁德市,福安市,福建省福安市城阳乡石门院村石门寺,,,,,119.684608,27.085291
福安磐若寺,汉语系,陈雨云（释明翔）,2004-04-20,福建省,宁德市,福安市,福建省福安市甘棠镇后岐村磐若寺,,,,,119.649811,26.923801
福安社口法云寺,汉语系,刘振发（释功学）,2011-05-03,福建省,宁德市,福安市,福建省福安市社口溪口法云寺,,,,,119.577217,27.205782
福安社口种福寺,汉语系,蔡美（释普昕）,2011-05-03,福建省,宁德市,福安市,福建省福安市社口镇社口后门山种福寺,,,,,119.577217,27.205782
福安社口长福寺,汉语系,陈秀容（释瑞修）,2005-10-10,福建省,宁德市,福安市,福建省福安市城南霞山香山寺,,,,,119.658890,27.073992
福安祗园寺,汉语系,谢成住（释云定）,,福建省,宁德市,福安市,福建省福安市罗江开发区加招村祗园寺,,,,,119.653709,26.943481
福安福兴寺,汉语系,林锦华（释妙觉）,1996-12-06,福建省,宁德市,福安市,福建省福安市坂中下洋福兴寺,,,,,119.625565,27.102625
福安福善寺,汉语系,罗菊英（释洪静）,1983-11-30,福建省,宁德市,福安市,福建省福安市康厝乡竹沃村沃里福善寺,,,,,119.538109,27.041378
福安福寿寺,汉语系,刘风梅（释定芳）,2011-05-01,福建省,宁德市,福安市,福建省福安市城北王基岭福寿寺,,,,,119.662376,27.098278
福安福慧寺,汉语系,郑云生（释怡雄）,1999-06-08,福建省,宁德市,福安市,福建省福安市赛岐苏阳北山里福慧寺,,,,,119.673157,26.919842
福安福洋寺,汉语系,鄢正杰（释宽云）,1996-01-13,福建省,宁德市,福安市,福建省福安市城阳乡占洋福洋寺,,,,,119.673531,27.114902
福安福麟寺,汉语系,陈慈燕（释德闻）,2011-05-03,福建省,宁德市,福安市,福建省福安市坂中乡长汀村,,,,,119.637749,27.130140
福安种德寺,汉语系,郑淑娇（释弘真）,2011-05-03,福建省,宁德市,福安市,福建省福安市甘棠镇种德寺,,,,,119.636856,26.923285
福安种福寺,汉语系,释坚定（释海量）,2011-05-03,福建省,宁德市,福安市,福建省福安市城阳乡湖塘坂种福寺,,,,,119.647186,27.163534
福安积庆寺,汉语系,郑丽珠（释传仁）,2011-05-03,福建省,宁德市,福安市,福建省福安市穆阳镇苏堤村积庆寺,,,,,119.523643,27.060051
福安积福寺,汉语系,郭传修（释传修）,1996-01-05,福建省,宁德市,福安市,福建省福安市阳头阳泉村积福寺,,,,,119.642021,27.068558
福安穆云净光寺,汉语系,释成斌,2011-05-03,福建省,宁德市,福安市,福建省福安市穆云乡桂林村净光寺,,,,,119.556847,27.057068
福安穆阳灵福寺,汉语系,林玉金（释传清）,2011-05-03,福建省,宁德市,福安市,福建省福安市穆阳中兴街103号灵福寺,,,,,119.546982,27.058853
福安端元寺,汉语系,吴成龙（释净法）,1999-12-09,福建省,宁德市,福安市,福建省福安市下白石端元寺,,,,,119.614410,27.108431
福安罗汉寺,汉语系,陈寿元（释道原）,1982-12-06,福建省,宁德市,福安市,福建省福安市康厝里沃罗汉寺,,,,,119.526314,27.044863
福安能仁寺,汉语系,林爱娥（释定清）,,福建省,宁德市,福安市,福建省福安市下白石镇外宅村,,,,,119.664719,26.760492
福安自然寺,汉语系,刘宝容（释广幢）,2000-01-05,福建省,宁德市,福安市,福建省福安市溪柄茜洋自然寺,,,,,119.780228,27.014172
福安范坑东峰寺,汉语系,毛江清（释常旺）,1994-01-13,福建省,宁德市,福安市,福建省福安市范坑乡东洋村东峰寺,,,,,119.651428,27.330200
福安莲花庵,汉语系,陈幼音（释界音）,1994-01-01,福建省,宁德市,福安市,福建省福安市甘棠镇北门莲花山莲花庵,,,,,119.628029,26.922422
福安莲香寺,汉语系,郭丹云（释参慈）,1996-01-05,福建省,宁德市,福安市,福建省福安市溪柄镇西林村莲香寺,,,,,119.732162,26.975922
福安菩提寺,汉语系,阮嫩华（释宽洪）,1999-12-01,福建省,宁德市,福安市,福建省福安市赛岐镇下长岐村,,,,,119.654488,26.901022
福安蕴玉寺,汉语系,陈光铃（释寂光）,1983-12-06,福建省,宁德市,福安市,福建省福安市赛岐苏洋村蕴玉寺,,,,,119.687576,26.920670
福安观宗庵,汉语系,释心净,1980-01-01,福建省,宁德市,福安市,福建省福安市城南街道官村西路41,,,,,119.652130,27.084963
福安资圣寺,汉语系,王英姿（释定莊）,2011-05-03,福建省,宁德市,福安市,福建省福安市溪潭岐山资圣寺,,,,,119.618431,27.000740
福安资福寺,汉语系,涂信邦（释妙文）,1984-12-06,福建省,宁德市,福安市,福建省福安市湾坞乡坑源仁仓里,,,,,119.752708,26.844940
福安赛岐华严寺,汉语系,王月颜（释正宇）,2011-05-03,福建省,宁德市,福安市,福建省福安市赛岐栖占华严寺,,,,,119.677773,26.962563
福安赛岐宝光寺,汉语系,陈清松（释圆灯）,1996-12-02,福建省,宁德市,福安市,福建省福安市赛岐镇宅里下邑岗,,,,,119.693649,26.977390
福安赛岐慈云寺,汉语系,王加良（释传义）,1982-12-06,福建省,宁德市,福安市,福建省福安市赛岐廉首村,,,,,119.666344,26.981142
福安赛岐普济寺,汉语系,陈容弟（释正传）,1996-12-06,福建省,宁德市,福安市,福建省福安市赛岐镇宅里村,,,,,119.693649,26.977390
福安赛岐白莲寺,汉语系,林妙碧（释道开）,1983-11-24,福建省,宁德市,福安市,福建省福安市赛岐象环村白莲寺,,,,,119.701271,26.867804
福安赛岐龙泉寺,汉语系,郑燕月（释志长）,2011-05-03,福建省,宁德市,福安市,福建省福安市赛岐镇廉首锦浦龙泉寺,,,,,119.666344,26.981142
福安金刚庵,汉语系,郑少翠（释悟智）,2011-05-03,福建省,宁德市,福安市,福建省福安市潭头镇棠溪金刚庵,,,,,119.673286,27.243279
福安金山寺,汉语系,赵珠容（释戒悦）,1982-12-05,福建省,宁德市,福安市,福建省福安市潭头镇柯洋村,,,,,119.690063,27.180962
福安金炉寺,汉语系,阮长妹（释净行）,1982-12-06,福建省,宁德市,福安市,福建省福安市赛岐镇苏洋村金炉寺,,,,,119.673157,26.919842
福安金狮寺,汉语系,占赐伟（释品金）,2000-01-13,福建省,宁德市,福安市,福建省福安市社口吉洋金狮寺,,,,,119.615105,27.177002
福安金福寺,汉语系,江爱妹（释思戒）,1999-12-01,福建省,宁德市,福安市,福建省福安市社口沙溪金福寺,,,,,119.621811,27.164320
福安金钟寺,汉语系,苏子仪（释光福）,,福建省,宁德市,福安市,福建省福安市晓阳乡首阳村,,,,,119.457489,27.182091
福安金钟寺,汉语系,释正乘,,福建省,宁德市,福安市,福建省福安市赛岐金钟山金钟寺,,,,,119.677689,26.960598
福安金鳌寺,汉语系,汤兴帮（释正禅）,2011-05-03,福建省,宁德市,福安市,福建省福安市赛岐镇赛里过祥山,,,,,119.684570,26.965490
福安锁泉寺,汉语系,龚爱容（释传旺）,,福建省,宁德市,福安市,福建省福安市晓阳首洋村,,,,,119.436859,27.143143
福安锦乐寺,汉语系,张步其（释强光）,1999-12-10,福建省,宁德市,福安市,福建省福安市城北锦鸡垅锦乐寺,,,,,119.651253,27.096123
福安长华寺,汉语系,刘灼凤（释贤枝）,1983-10-08,福建省,宁德市,福安市,福建省福安市湾坞马头村长华寺,,,,,119.699524,26.820051
福安阳头白莲寺,汉语系,李丽玉（释坚华）,1984-04-12,福建省,宁德市,福安市,福建省福安阳头白莲寺,,,,,119.458313,26.248470
福安隆兴寺,汉语系,王惠英（释妙光）,2011-05-03,福建省,宁德市,福安市,福建省福安市穆云乡隆坪隆兴寺,,,,,119.588760,27.081051
福安隆恩寺,汉语系,涂成佑（释绰住）,1999-12-06,福建省,宁德市,福安市,福建省福安市溪尾镇后坑隆恩寺,,,,,119.800781,26.851353
福安青云寺,汉语系,阮树仔（释会泉）,1999-12-10,福建省,宁德市,福安市,福建省福安市湾坞乡梅洋青云寺,,,,,119.743011,26.827341
福安香云寺,汉语系,林绍安（释世绍）,2011-05-03,福建省,宁德市,福安市,福建省福安市坂中长汀香云寺,,,,,119.612411,26.981741
福安香山寺,汉语系,黄妙章（释義香）,1996-01-05,福建省,宁德市,福安市,福建省福安市城南霞山香山寺,,,,,119.658890,27.073992
福安香林寺,汉语系,陈柏堂（释复明）,1996-01-01,福建省,宁德市,福安市,福建省福安市甘棠镇后岐村香林寺,,,,,119.649811,26.923801
福安香泉寺,汉语系,池锦文（释云慧）,1980-12-08,福建省,宁德市,福安市,福建省福安市城南天马山,,,,,119.694008,26.587341
福安鳌峰寺,汉语系,刘洪华（释定华）,1999-12-01,福建省,宁德市,福安市,福建省福安市赛岐镇店前,,,,,119.679314,26.967861
福安龙兴寺,汉语系,高贵姿（释如智）,1996-01-01,福建省,宁德市,福安市,福建省福安市赛岐开发区龙兴寺,,,,,119.908882,27.242241
福安龙华寺,汉语系,陈君祷（释德量）,2011-05-03,福建省,宁德市,福安市,福建省福安市坂中长汀龙华寺,,,,,119.731163,27.250551
福安龙岩寺,汉语系,王容冬（释净开）,1982-12-08,福建省,宁德市,福安市,福建省福安市城阳瓮窑龙岩寺,,,,,119.653717,27.114206
福安龙岫寺,汉语系,陈玉英（释定莲）,1999-12-01,福建省,宁德市,福安市,福建省福安市范坑马岗龙柚寺,,,,,119.726920,27.300310
福安龙朝寺,汉语系,李顺美（释德宇）,1994-01-05,福建省,宁德市,福安市,福建省福安市晓阳镇谷口村龙朝寺,,,,,119.462349,27.189823
福安龙江寺,汉语系,陈祖安（释道慈）,1999-12-11,福建省,宁德市,福安市,福建省福安市下白石镇鱼江村龙江寺,,,,,119.620171,26.757521
福安龙门寺,汉语系,王治（释宽东）,1996-01-05,福建省,宁德市,福安市,福建省福安市甘棠镇奎住龙门寺,,,,,119.637817,26.915161
福安龙鸣寺,汉语系,潘菊珠（释悟参）,1999-12-07,福建省,宁德市,福安市,福建省福安市穆阳镇桂林村龙鸣寺,,,,,119.548782,27.057741
福安龟龄寺,汉语系,叶秀芳（释功瑜）,1980-12-22,福建省,宁德市,福安市,福建省福安市社口镇龟龄村,,,,,119.589088,27.170731
福鼎昭明寺,汉语系,界空,1993-01-01,福建省,宁德市,福鼎市,福建省福鼎市桐城街道浮柳村,昭明寺位于福建省福鼎市城西3.5公里的鳌峰山顶，建于南朝梁大通元年（527年），距今已近一千五百年历史。相传为昭明太子萧统所建，故名。明嘉靖十三年（1534年）重修。寺内有山门、天王殿、大雄宝殿、钟楼、法堂、禅堂、藏经楼、净土堂、玉佛楼、白衣阁和六角砖塔等。塔基面积47平方米，塔身高25.6米，七层，为楼阁式仿木结构空心砖塔。塔内有扶梯，登塔顶可鸟瞰桐城全景。1982年再次重修。1989年列为县级文物保护单位。寺内供有释迦牟尼佛舍利一粒，迎自斯里兰卡，为镇寺之宝。,,,,120.176659,27.333101
福鼎资国寺,汉语系,贤志,2010-08-01,福建省,宁德市,福鼎市,福建省福鼎市桐城街道资国村,千年古刹资国寺，位于福建东部的福鼎市，毗邻浙江省温州地区，始建于唐咸通元年，鼎盛于宋，历今1148年，现尚遗有唐井、宋泉，宋明时代法堂基石，千年铁树、清代柏树，枝叶正茂，历代高僧、名家题咏，至今犹存，见证了一千多年的历史兴衰。资国寺是福建省首批对外开放的重点寺院之一。,,,,120.240990,27.292513
福鼎普光寺,汉语系,释世敏,,福建省,宁德市,福鼎市,福建省福鼎市山前街道灰磘村,普光寺，位于福建省福鼎视桐山镇，系世孝法师创建于一九八三年，有大雄宝殿、佛塔等建筑。,,,,120.229935,27.312181
福鼎平兴寺,汉语系,释界诠,2010-08-01,福建省,宁德市,福鼎市,福建省福鼎市太姥山镇太姥山平兴寺,平兴寺坐落于“佛国海天”——福建省福鼎市太姥山东南500米之坪岗山麓。远处怪石嶙峋，群山环抱;近处松竹并茂，叠翠重重;曲径通幽，实乃隐逸修真办道之胜地。1966年，文革伊始，由福鼎县统战部组织全县僧众由青藏法师为首创办佛教徒茶场。十余名僧人于此结茅而住，垦荒种植，早晚课诵，从未间断。1977年，礼请世行法师移锡于此，住持改建本山道场。因平地而起，兴作道场，故名“平兴寺”。1991年，界诠法师返山，协助扩建道场，健全寺院规约。时年，修建大殿与僧寮。1992年，开办普隐学堂，以教通诸宗、行依律仪、修归净土为宗旨。十方衲子闻讯踏至而来，依止修学。参学问道者慕名而至，人数日增，住房等设施远不敷用，无法安僧以供修学。于是1998年，再度扩建五观堂、净业堂、云水堂、尊客堂等。2000年初，为排除老年僧人后顾之忧，使其安度晚年;,,,,120.204971,27.113510
福鼎瑞云寺,汉语系,通了,年代不详,福建省,宁德市,福鼎市,福建省福鼎市硖门乡瑞云寺,梅亭放鹤——硖门瑞云寺位于福鼎市硖门畲族乡瑞云村。始建于后晋天福元年（936），宋宣和三年（1121）重修，清末扩建。1986年重建大雄宝殿，面阔5间，进深3间，重檐歇山顶，坐北朝南，占地3500平方米，内有清光绪十九年（1893）“道由禅师重兴钨山瑞云禅寺碑记”1块，青石质，高1.72米，宽0.69米，狮子纹座高0.55米。千年铁树、百年银杏各1株，保存完好。1919年高僧智水法师重建。1989年1月公布为县级文物保护单位[1]。,,,,120.198204,27.027290
福鼎一片瓦寺,汉语系,李圣地（释题静）,,福建省,宁德市,福鼎市,福建省福鼎市太姥山镇太姥山一片瓦寺,,,,,120.192154,27.115633
福鼎临海寺,汉语系,姚赛玉（释界善）,,福建省,宁德市,福鼎市,福建省福鼎市桐城街道丹岐村,,,,,120.189629,27.282129
福鼎乐善寺,汉语系,释立平,,福建省,宁德市,福鼎市,福建省福鼎市桐山街道西山村,,,,,120.214180,27.325130
福鼎佳阳安龙寺,汉语系,张祖华（释定华）,1997-01-01,福建省,宁德市,福鼎市,福建省福鼎市佳阳乡安仁安龙寺,,,,,120.354210,27.276552
福鼎佳阳慧海寺,汉语系,郑瑞玉（释妙养）,,福建省,宁德市,福鼎市,福建省福鼎市佳阳罗唇村,,,,,120.385818,27.240871
福鼎佳阳泰国寺,汉语系,林承矛（释题修）,1993-01-01,福建省,宁德市,福鼎市,福建省福鼎市佳阳乡佳山村,,,,,120.377129,27.282331
福鼎佳阳济堂寺,汉语系,李洪兰（释悟桂）,,福建省,宁德市,福鼎市,福建省福鼎市佳阳乡三坵田,,,,,120.354210,27.276552
福鼎佳阳运禅寺,汉语系,黄广量（释品行）,,福建省,宁德市,福鼎市,福建省福鼎市佳阳乡上庵村,,,,,120.354210,27.276552
福鼎光明寺,汉语系,陈启城（释戒淳）,,福建省,宁德市,福鼎市,福建省福鼎市点头镇观洋村茹坑,,,,,120.173279,27.239122
福鼎净莲寺,汉语系,李雪珍（释世英）,1993-01-01,福建省,宁德市,福鼎市,福建省福鼎市桐城街道三门里,,,,,120.196129,27.302656
福鼎前岐九里寺,汉语系,潘克显（释门净）,1996-01-01,福建省,宁德市,福鼎市,福建省福鼎市前岐镇桥亭村,,,,,120.320618,27.361021
福鼎前岐圆通寺,汉语系,林普悌（释界贤）,,福建省,宁德市,福鼎市,福建省福鼎市前岐镇小岳村,,,,,120.299278,27.317501
福鼎前岐天德寺,汉语系,蓝朝细（释庚赛）,,福建省,宁德市,福鼎市,福建省福鼎市前岐镇大兰村,,,,,120.319794,27.304800
福鼎前岐宝云寺,汉语系,王小琴（释长妙）,,福建省,宁德市,福鼎市,福建省福鼎市前岐镇凤桐村,,,,,120.348000,27.359211
福鼎前岐慈莲寺,汉语系,陈廷瓒（释庚法）,1997-01-01,福建省,宁德市,福鼎市,福建省福鼎市前岐镇武阳村,,,,,120.319794,27.304800
福鼎前岐观音寺,汉语系,释品寿,,福建省,宁德市,福鼎市,福建省福鼎市前岐镇福东路,,,,,120.324257,27.311859
福鼎前岐隐西寺,汉语系,李响田（释品恁）,1995-01-01,福建省,宁德市,福鼎市,福建省福鼎市前岐镇小兰村,,,,,120.319794,27.304800
福鼎北山亭观音寺,汉语系,释戒慈,1995-01-01,福建省,宁德市,福鼎市,福建省福鼎市桐山街道岭头村北山亭,,,,,120.185043,27.359991
福鼎华严寺,汉语系,释自慧,1996-01-01,福建省,宁德市,福鼎市,福建省福鼎市白琳镇华严寺,,,,,120.181000,27.189592
福鼎华光寺,汉语系,林进生（释世发）,,福建省,宁德市,福鼎市,福建省福鼎市桐城街道岩前村,,,,,120.199753,27.299412
福鼎叠石古林寺,汉语系,陈桂益（释悟善）,,福建省,宁德市,福鼎市,福建省福鼎市叠石镇古林村,,,,,120.100967,27.366171
福鼎叠石天湖寺,汉语系,陈雪仙（释悟金）,,福建省,宁德市,福鼎市,福建省福鼎市叠石乡叠石村,,,,,120.109573,27.390348
福鼎叠石文灵寺,汉语系,蔡景云（释品进）,,福建省,宁德市,福鼎市,福建省福鼎市叠石乡贯岭松洋村,,,,,120.258560,27.349182
福鼎叠石清凉寺,汉语系,林其山（释世长）,,福建省,宁德市,福鼎市,福建省福鼎市叠石乡丹峰长岗岭,,,,,120.181801,27.398472
福鼎国兴寺,汉语系,黄友龙（释题修）,,福建省,宁德市,福鼎市,福建省福鼎市太姥山镇太姥山国兴寺,,,,,120.197853,27.122383
福鼎国华寺,汉语系,刘果弟（释智胜）,,福建省,宁德市,福鼎市,福建省福鼎市点头镇观洋村,,,,,120.173279,27.239122
福鼎太姥山上叠石寺,汉语系,王日星（释庚昇）,,福建省,宁德市,福鼎市,福建省福鼎市太姥山镇太姥山上叠石寺,,,,,120.159264,27.111462
福鼎太姥山东禅寺,汉语系,陈振甚（释长通）,,福建省,宁德市,福鼎市,福建省福鼎市太姥山镇太姥山东禅寺,,,,,120.251694,27.109079
福鼎太姥山五百罗汉堂,汉语系,朱良俞（释题景）,2015-02-05,福建省,宁德市,福鼎市,福建省福鼎市太姥山景区,,,,,120.188698,27.114397
福鼎太姥山保林禅寺,汉语系,王应先（释步政）,,福建省,宁德市,福鼎市,福建省福鼎市太姥山镇太姥山保林禅寺,,,,,120.251694,27.109079
福鼎太姥山地藏寺,汉语系,吴郑维（释品善）,,福建省,宁德市,福鼎市,福建省福鼎市太姥山镇茶塘村,,,,,120.255005,27.144444
福鼎太姥山天门寺,汉语系,邱起乐（释长利）,,福建省,宁德市,福鼎市,福建省福鼎市太姥山镇太姥山天门寺,,,,,120.251694,27.109079
福鼎太姥山宝善寺,汉语系,兰增选（释界兴）,1995-01-01,福建省,宁德市,福鼎市,福建省福鼎市秦屿镇坑头村,,,,,120.240120,27.099569
福鼎太姥山宝莲寺,汉语系,陈光宇（释品爱）,,福建省,宁德市,福鼎市,福建省福鼎市太姥山镇太姥山宝莲寺,,,,,120.251610,27.099600
福鼎太姥山广福寺,汉语系,王贞满（释界发）,1995-01-01,福建省,宁德市,福鼎市,福建省福鼎市太姥山镇娥角亭,,,,,120.251610,27.099602
福鼎太姥山康莲寺,汉语系,许仁弟（释题坤）,1997-01-01,福建省,宁德市,福鼎市,福建省福鼎市太姥山镇康湖街,,,,,120.251610,27.099602
福鼎太姥山新灵寺,汉语系,曾兆仪（释题荣）,,福建省,宁德市,福鼎市,福建省福鼎市太姥山镇秋溪村,,,,,120.244904,27.091003
福鼎太姥山普明寺,汉语系,王德冰（释步生）,2012-01-01,福建省,宁德市,福鼎市,福建省福鼎市太姥山镇太姥山普明寺,,,,,120.182053,27.119913
福鼎太姥山清兴寺,汉语系,张光辉（释善觉）,,福建省,宁德市,福鼎市,福建省福鼎市太姥山镇洋里村,,,,,120.233467,27.106941
福鼎太姥山清福禅寺,汉语系,林吉基（释题顺）,,福建省,宁德市,福鼎市,福建省福鼎市太姥山镇礼岙村,,,,,120.278412,27.124775
福鼎太姥山白云寺,汉语系,李响陆（释长净）,,福建省,宁德市,福鼎市,福建省福鼎市太姥山镇太姥山白云寺,,,,,120.187401,27.120760
福鼎太姥山经钟寺,汉语系,林时桂（释戒柱）,,福建省,宁德市,福鼎市,福建省福鼎市太姥山镇东埕村,,,,,120.259499,27.069363
福鼎太姥山莲心寺,汉语系,陈优和,1996-08-23,福建省,宁德市,福鼎市,福建省福鼎市太姥山镇瓜园村,,,,,120.238731,27.111320
福鼎太姥山蝙蝠寺,汉语系,曾文辉（释演真）,2012-01-01,福建省,宁德市,福鼎市,福建省福鼎市太姥山镇太姥山蝙蝠寺,,,,,120.193512,27.114111
福鼎太姥山观音寺,汉语系,王美川（释门吉）,,福建省,宁德市,福鼎市,福建省福鼎市太姥山镇茶塘村,,,,,120.255005,27.144444
福鼎太姥山金峰寺,汉语系,王孝盛（释品温）,,福建省,宁德市,福鼎市,福建省福鼎市太姥山镇太姥山金峰寺,,,,,120.171112,27.113543
福鼎太姥山香山寺,汉语系,许小云（释题莲）,,福建省,宁德市,福鼎市,福建省福鼎市太姥山镇太姥山香山寺,,,,,120.187820,27.116051
福鼎安灵寺,汉语系,雷武黑（释题胜）,,福建省,宁德市,福鼎市,福建省福鼎市前岐镇西宅村安灵寺,,,,,120.344261,27.327234
福鼎安福寺,汉语系,吴历夫（释界相）,2012-01-01,福建省,宁德市,福鼎市,福建省福鼎市店下镇三伏塔村,,,,,120.285042,27.135798
福鼎宝莲寺,汉语系,叶礼蓬（释门昌）,2012-01-01,福建省,宁德市,福鼎市,福建省福鼎市店下员当村周湾,,,,,120.320282,27.101891
福鼎寄禅寺,汉语系,夏丽贞（释戒善）,1993-01-01,福建省,宁德市,福鼎市,福建省福鼎市桐城街道五里牌村,,,,,120.211479,27.303761
福鼎山前凤山寺,汉语系,卓文义（释门随）,,福建省,宁德市,福鼎市,福建省福鼎市山前街道梅溪村,,,,,120.246910,27.307892
福鼎山前慈云寺,汉语系,徐明柳（释步毅）,,福建省,宁德市,福鼎市,福建省福鼎市山前街道程家弄,,,,,120.222969,27.325100
福鼎山前星明寺,汉语系,黄方营（释悟荣）,,福建省,宁德市,福鼎市,福建省福鼎市山前街道万古亭,,,,,120.220963,27.359987
福鼎山前法华寺,汉语系,周孝连（释能恒）,,福建省,宁德市,福鼎市,福建省福鼎市山前街道灰窑村,,,,,120.229935,27.312181
福鼎山前清净寺,汉语系,释定远,,福建省,宁德市,福鼎市,福建省福鼎市山前街道铁唐里村,,,,,120.222969,27.325100
福鼎山前潮音寺,汉语系,释钦安,,福建省,宁德市,福鼎市,福建省福鼎市山前街道梅溪村,,,,,120.246910,27.307892
福鼎山前皈心寺,汉语系,郑光恒（释长益）,2000-01-01,福建省,宁德市,福鼎市,福建省福鼎市山前街道马井村,,,,,120.227440,27.355310
福鼎山前福田寺,汉语系,陈后果（释界通）,,福建省,宁德市,福鼎市,福建省福鼎市山前街道兰田村,,,,,120.276329,27.303621
福鼎嵛山天湖寺,汉语系,王昌宁（释悟昌）,,福建省,宁德市,福鼎市,福建省福鼎市嵛山镇天湖村,,,,,120.327309,26.954391
福鼎广华寺,汉语系,郑阿细（释东心）,2012-01-01,福建省,宁德市,福鼎市,福建省福鼎市桐城街道浮枊村,,,,,120.210930,27.326122
福鼎庆云寺,汉语系,郑美霞（释界叡）,1993-01-01,福建省,宁德市,福鼎市,福建省福鼎市桐城街道阮洋陈三巷137,,,,,120.216148,27.319000
福鼎店下上明寺,汉语系,杜水花（释界勉）,1996-01-01,福建省,宁德市,福鼎市,福建省福鼎市店下镇前村上岙山,,,,,120.337914,27.188051
福鼎店下古峰寺,汉语系,郑小玲（释题月）,,福建省,宁德市,福鼎市,福建省福鼎市店下镇马山古坪村,,,,,120.290810,27.171970
福鼎店下安闲寺,汉语系,钟宗贵（释证曾）,2004-01-01,福建省,宁德市,福鼎市,福建省福鼎市店下镇坑门村,,,,,120.326202,27.156363
福鼎店下岩峰寺,汉语系,钟碧云（释净辉）,1993-01-01,福建省,宁德市,福鼎市,福建省福鼎市店下镇坑门村,,,,,120.326202,27.156363
福鼎店下庆元寺,汉语系,卓光希（释大证）,2012-01-01,福建省,宁德市,福鼎市,福建省福鼎市店下镇岚亭村臭兜,,,,,120.276093,27.141100
福鼎店下普云寺,汉语系,释门洪,,福建省,宁德市,福鼎市,福建省福鼎市店下镇文候山,,,,,120.326202,27.156363
福鼎店下棋盘寺,汉语系,张光萍（释界曜）,1995-01-01,福建省,宁德市,福鼎市,福建省福鼎市店下镇青坑村,,,,,120.326202,27.156363
福鼎店下樟民寺,汉语系,陈为景（释宗礼）,1996-01-01,福建省,宁德市,福鼎市,福建省福鼎市店下镇石牌村,,,,,120.344772,27.102663
福鼎店下清安寺,汉语系,龚贤进（释题吉）,1996-01-01,福建省,宁德市,福鼎市,福建省福鼎市店下镇石牌村,,,,,120.344772,27.102663
福鼎店下灵兴寺,汉语系,朱珠英（释界真）,,福建省,宁德市,福鼎市,福建省福鼎市店下镇巽城村,,,,,120.287010,27.218002
福鼎店下灵应寺,汉语系,施昌建（释界喜）,,福建省,宁德市,福鼎市,福建省福鼎市店下镇洋中村,,,,,120.276878,27.203981
福鼎店下玉石寺,汉语系,刘发丽（释门慈）,,福建省,宁德市,福鼎市,福建省福鼎市店下镇小东门村,,,,,120.326202,27.156363
福鼎店下资福寺,汉语系,陈乃合（释题为）,,福建省,宁德市,福鼎市,福建省福鼎市店下镇硋窑村,,,,,120.300735,27.152084
福鼎店下金光寺,汉语系,林祖育（释界富）,2012-01-01,福建省,宁德市,福鼎市,福建省福鼎市店下镇阮洋村,,,,,120.333908,27.205643
福鼎店下龙船寺,汉语系,谢世育（释品喜）,1995-01-01,福建省,宁德市,福鼎市,福建省福鼎市店下镇之当村西山,,,,,120.326202,27.156363
福鼎慈福寺,汉语系,潘得财（释长对）,1995-01-01,福建省,宁德市,福鼎市,福建省福鼎市硖门乡东稼村,,,,,120.185318,27.053532
福鼎慧日寺,汉语系,王永镶（释界如）,,福建省,宁德市,福鼎市,福建省福鼎市桐城街道上龙山,,,,,120.210930,27.326122
福鼎慧明寺,汉语系,释门安,,福建省,宁德市,福鼎市,福建省福鼎市桐山街道桥头村,,,,,120.213898,27.352362
福鼎慧济寺,汉语系,叶蔡玉（释性海）,,福建省,宁德市,福鼎市,福建省福鼎市太姥山镇财堡村,,,,,120.224136,27.123352
福鼎明德寺,汉语系,张妞妹（释悟芳）,1993-01-01,福建省,宁德市,福鼎市,福建省福鼎市前岐镇岐阳小区,,,,,120.319794,27.304800
福鼎栖林寺,汉语系,释德清,1993-01-01,福建省,宁德市,福鼎市,福建省福鼎市桐城街道柯岭村,,,,,120.190582,27.333811
福鼎桐城弘法寺,汉语系,张庆庚（释世淳）,,福建省,宁德市,福鼎市,福建省福鼎市桐城街道下龙山138号,,,,,120.211983,27.317286
福鼎桐城弥陀寺,汉语系,邓伦车（释长久）,2015-02-05,福建省,宁德市,福鼎市,福建省福鼎市桐城街道岩前村,,,,,120.199753,27.299412
福鼎桐城清福寺,汉语系,高耆和（释界顺）,,福建省,宁德市,福鼎市,福建省福鼎市桐城街道浮柳村,,,,,120.176659,27.333101
福鼎桐城溪南寺,汉语系,释悟空,1993-01-01,福建省,宁德市,福鼎市,福建省福鼎市桐城街道三门里,,,,,120.196129,27.302656
福鼎桐城福星寺,汉语系,李绍晃（释德救）,2000-01-01,福建省,宁德市,福鼎市,福建省福鼎市桐城街道浮柳村,,,,,120.176659,27.333101
福鼎桐城荷莲寺,汉语系,邵光寿（释悟寿）,1996-01-01,福建省,宁德市,福鼎市,福建省福鼎市桐城街道三门里,,,,,120.196129,27.302656
福鼎桐城西方寺,汉语系,张明华（释题华）,2005-01-01,福建省,宁德市,福鼎市,福建省福鼎市桐城江边村,,,,,120.216710,27.324360
福鼎桐山保国寺,汉语系,邓小明（释长满）,2012-01-01,福建省,宁德市,福鼎市,福建省福鼎市桐山街道北山安,,,,,120.214180,27.325130
福鼎桐山园觉观音寺,汉语系,释戒定,,福建省,宁德市,福鼎市,福建省福鼎市桐山街道园觉观音寺,,,,,120.184113,27.264730
福鼎桐山庆云庵,汉语系,许节英（释妙理）,2015-02-05,福建省,宁德市,福鼎市,福建省福鼎市桐山街道竹坑村,,,,,120.214180,27.325130
福鼎桐山明月寺,汉语系,薜家虾（释立化）,,福建省,宁德市,福鼎市,福建省福鼎市桐山街道古岭村,,,,,120.214180,27.325130
福鼎桐山紫竹林寺,汉语系,王祖坤（释世坤）,1996-01-01,福建省,宁德市,福鼎市,福建省福鼎市桐山街道西门辽岱,,,,,120.214180,27.325130
福鼎棋盘庵,汉语系,吴正锹（释界种）,1995-01-01,福建省,宁德市,福鼎市,福建省福鼎市白琳镇勤俭村,,,,,120.172791,27.179222
福鼎江心寺,汉语系,吴玉女（释戒美）,,福建省,宁德市,福鼎市,福建省福鼎市前岐镇大岳村,,,,,120.288429,27.324301
福鼎沙埕兴德寺,汉语系,苏孝铭（释世贤）,2012-01-01,福建省,宁德市,福鼎市,福建省福鼎市沙埕镇棋杆岗,,,,,120.420403,27.160511
福鼎沙埕冼心寺,汉语系,王可梅（释长静）,1996-01-01,福建省,宁德市,福鼎市,福建省福鼎市沙埕镇台峰村,,,,,120.388870,27.146200
福鼎沙埕安乐寺,汉语系,李香缘（释正信）,,福建省,宁德市,福鼎市,福建省福鼎市沙埕镇海滨南路53号,,,,,120.420258,27.161270
福鼎沙埕安泰寺,汉语系,方振兴（释门淳）,1995-01-01,福建省,宁德市,福鼎市,福建省福鼎市沙埕镇南镇石鼓岭,,,,,120.315460,27.186771
福鼎沙埕普善寺,汉语系,林文斗（释界良）,,福建省,宁德市,福鼎市,福建省福鼎市沙埕镇后港,,,,,120.420403,27.160511
福鼎沙埕清德寺,汉语系,杨自雨（释庚明）,1997-01-01,福建省,宁德市,福鼎市,福建省福鼎市沙埕镇马道村,,,,,120.420403,27.160511
福鼎沙埕照海寺,汉语系,高良弟（释长銮）,2012-01-01,福建省,宁德市,福鼎市,福建省福鼎市沙埕镇台峰村,,,,,120.388870,27.146200
福鼎沙埕莲花寺,汉语系,薛茂论（释世达）,2012-01-01,福建省,宁德市,福鼎市,福建省福鼎市沙埕镇流江村,,,,,120.393364,27.201542
福鼎沙埕观音寺,汉语系,王宗明（释题明）,,福建省,宁德市,福鼎市,福建省福鼎市沙埕镇流江村,,,,,120.393364,27.201542
福鼎沙埕龙泉寺,汉语系,王贞仁（释界扬）,2003-01-01,福建省,宁德市,福鼎市,福建省福鼎市沙埕镇大白鹭,,,,,120.377350,27.120392
福鼎沙埕龙门寺,汉语系,李孔燃（释界闻）,1995-01-01,福建省,宁德市,福鼎市,福建省福鼎市沙埕镇南镇村,,,,,120.439262,27.145950
福鼎法海寺,汉语系,吴本金（释题灯）,2012-01-01,福建省,宁德市,福鼎市,福建省福鼎市秦屿镇东埕村,,,,,120.259499,27.069363
福鼎法缘寺,汉语系,淘良海（释戒熙）,,福建省,宁德市,福鼎市,福建省福鼎市山前街道兰田村,,,,,120.276329,27.303621
福鼎泗海寺,汉语系,朱国友（释长禅）,1996-01-01,福建省,宁德市,福鼎市,福建省福鼎市点头镇马洋后取,,,,,120.185143,27.261631
福鼎海燕寺,汉语系,赖大兴（释定静）,,福建省,宁德市,福鼎市,福建省福鼎市前岐镇小岳村,,,,,120.299278,27.317501
福鼎深云寺,汉语系,王大团（释长义）,2012-01-01,福建省,宁德市,福鼎市,福建省福鼎市山前街道石亭社区,,,,,120.223640,27.327419
福鼎清云寺,汉语系,朱乾冰（释长振）,1996-01-01,福建省,宁德市,福鼎市,福建省福鼎市硖门乡秦石村,,,,,120.234230,27.007252
福鼎清泉寺,汉语系,张彬妹（释门怡）,1996-01-01,福建省,宁德市,福鼎市,福建省福鼎市贯岭邦福村,,,,,120.229828,27.377022
福鼎清溪寺,汉语系,王月春（释修证）,,福建省,宁德市,福鼎市,福建省福鼎市店下镇三佛塔村,,,,,120.286194,27.135620
福鼎灵峰寺,汉语系,陈界奇（界奇）,2010-08-01,福建省,宁德市,福鼎市,福建省福鼎市秦屿镇冷城,,,,,120.247543,27.139730
福鼎炉智寺,汉语系,赖道传（释世宣）,1995-01-01,福建省,宁德市,福鼎市,福建省福鼎市白琳镇下炉村,,,,,120.193459,27.183960
福鼎点头上普照寺,汉语系,卢月英（释元慈）,2012-01-01,福建省,宁德市,福鼎市,福建省福鼎市点头镇龙田村,,,,,120.181961,27.225391
福鼎点头东兴寺,汉语系,许双凤（释戒慧）,,福建省,宁德市,福鼎市,福建省福鼎市点头镇观洋村,,,,,120.173279,27.239122
福鼎点头九峰寺,汉语系,吴敬旺（释题旺）,,福建省,宁德市,福鼎市,福建省福鼎市点头镇山拓村,,,,,120.183289,27.232191
福鼎点头兴福寺,汉语系,赵志戒（释耀依）,,福建省,宁德市,福鼎市,福建省福鼎市点头镇梅岙里,,,,,120.181221,27.248621
福鼎点头极乐庵,汉语系,许双凤（释戒慧）,,福建省,宁德市,福鼎市,福建省福鼎市点头镇孙店村,,,,,120.169022,27.230864
福鼎点头汉山寺,汉语系,董晋庆（释昌南）,,福建省,宁德市,福鼎市,福建省福鼎市点头镇大坪村,,,,,120.144119,27.220390
福鼎点头法云寺,汉语系,赖家勤（释德全）,,福建省,宁德市,福鼎市,福建省福鼎市贯岭镇松洋村,,,,,120.258560,27.349182
福鼎点头法华寺,汉语系,释悟空,,福建省,宁德市,福鼎市,福建省福鼎市点头镇法华寺,,,,,120.183289,27.232191
福鼎点头清峰寺,汉语系,释玄和,,福建省,宁德市,福鼎市,福建省福鼎市点头镇翁溪村,,,,,120.113991,27.224503
福鼎点头清静寺,汉语系,史银秋（释妙斌）,,福建省,宁德市,福鼎市,福建省福鼎市点头镇清静寺,,,,,120.183289,27.232191
福鼎点头玉佛寺,汉语系,贤志,,福建省,宁德市,福鼎市,福建省福鼎市点头镇孙店村,,,,,120.169022,27.230864
福鼎点头相光寺,汉语系,林秀兰（释悟相）,,福建省,宁德市,福鼎市,福建省福鼎市点头镇普照村,,,,,120.162323,27.216402
福鼎点头福善寺,汉语系,谢爱玉（释悟宝）,2012-01-01,福建省,宁德市,福鼎市,福建省福鼎市观点头镇洋自村,,,,,120.183289,27.232191
福鼎点头紫竹寺,汉语系,汪桂月（释悟云）,2004-01-01,福建省,宁德市,福鼎市,福建省福鼎市点头镇观洋村,,,,,120.173279,27.239122
福鼎点头莲台寺,汉语系,翁东英（释戒平）,,福建省,宁德市,福鼎市,福建省福鼎市点头镇大坪村,,,,,120.144119,27.220390
福鼎点头莲花寺,汉语系,释果觉,,福建省,宁德市,福鼎市,福建省福鼎市点头镇大峨村梅山,,,,,120.125702,27.245352
福鼎点头观音堂,汉语系,林永棒（释步盛）,,福建省,宁德市,福鼎市,福建省福鼎市点头镇观洋村,,,,,120.173279,27.239122
福鼎点头观音寺,汉语系,陈呈光（释德行）,,福建省,宁德市,福鼎市,福建省福鼎市点头镇马洋村,,,,,120.185143,27.261631
福鼎点头金盘寺,汉语系,翁唐务（释戒灵）,2012-01-01,福建省,宁德市,福鼎市,福建省福鼎市点头镇岐头村,,,,,120.183289,27.232191
福鼎点头金竹寺,汉语系,释界崇,,福建省,宁德市,福鼎市,福建省福鼎市点头镇西洋美,,,,,120.183289,27.232191
福鼎点头隐灵寺,汉语系,黄维成（释德秉）,,福建省,宁德市,福鼎市,福建省福鼎市点头镇观洋村,,,,,120.173279,27.239122
福鼎点头青龙寺,汉语系,释界种,,福建省,宁德市,福鼎市,福建省福鼎市点头镇过见村,,,,,120.108040,27.215918
福鼎狮山寺,汉语系,释界玉,,福建省,宁德市,福鼎市,福建省福鼎市店下镇溪美村,,,,,120.353905,27.139853
福鼎玉林寺,汉语系,薜学僧（释悟道）,,福建省,宁德市,福鼎市,福建省福鼎市桐城街道五里牌村上庵,,,,,120.211479,27.303761
福鼎白琳三福寺,汉语系,陈英（释信明）,1993-01-01,福建省,宁德市,福鼎市,福建省福鼎市白琳镇柘里村,,,,,120.191383,27.180273
福鼎白琳光相寺,汉语系,陈振发（释悟根）,,福建省,宁德市,福鼎市,福建省福鼎市白琳镇牛堡垅,,,,,120.172791,27.179222
福鼎白琳兴国寺,汉语系,陈世德（释昌发）,1995-01-01,福建省,宁德市,福鼎市,福建省福鼎市白琳镇后街禄马山,,,,,120.172791,27.179222
福鼎白琳前溪寺,汉语系,兰天增（释长孝）,1995-01-01,福建省,宁德市,福鼎市,福建省福鼎市白琳镇沿州村,,,,,120.265320,27.232683
福鼎白琳华光寺,汉语系,程美娇（释界华）,1995-01-01,福建省,宁德市,福鼎市,福建省福鼎市白琳镇沿州村,,,,,120.265320,27.232683
福鼎白琳双塔寺,汉语系,僧品发（释品发）,1993-01-01,福建省,宁德市,福鼎市,福建省福鼎市白琳镇白岩村,,,,,120.250870,27.236422
福鼎白琳吉祥寺,汉语系,黄传善（释长善）,,福建省,宁德市,福鼎市,福建省福鼎市前岐黄仁吉祥寺,,,,,120.197289,27.189825
福鼎白琳同觉寺,汉语系,王细丕（释品麟）,2012-01-01,福建省,宁德市,福鼎市,福建省福鼎市白琳镇石床村,,,,,120.172791,27.179222
福鼎白琳善德寺,汉语系,卢立群（释题就）,1995-01-01,福建省,宁德市,福鼎市,福建省福鼎市白琳镇沿村,,,,,120.172791,27.179222
福鼎白琳圆明寺,汉语系,陈亚凤（释戒辉）,2012-01-01,福建省,宁德市,福鼎市,福建省福鼎市白琳镇金山西路,,,,,120.172791,27.179222
福鼎白琳天王寺,汉语系,张翠兰（释世禅）,1993-01-01,福建省,宁德市,福鼎市,福建省福鼎市白琳镇后街,,,,,120.172791,27.179222
福鼎白琳妙光寺,汉语系,王金莲（释法莲）,1996-01-01,福建省,宁德市,福鼎市,福建省福鼎市白琳镇溪尾潭,,,,,120.183014,27.183493
福鼎白琳宝兴寺,汉语系,陈廷贵（释世有）,2012-01-01,福建省,宁德市,福鼎市,福建省福鼎市白琳镇旺兴头村,,,,,120.212830,27.215261
福鼎白琳宝琳寺,汉语系,杨永星,2000-08-20,福建省,宁德市,福鼎市,福建省福鼎市白琳镇竹干村,,,,,120.177330,27.182981
福鼎白琳悟心寺,汉语系,蔡尔步（释德步）,,福建省,宁德市,福鼎市,福建省福鼎市白琳镇石床村,,,,,120.172791,27.179222
福鼎白琳慧峰寺,汉语系,释果行,,福建省,宁德市,福鼎市,福建省福鼎市白琳镇山后村,,,,,120.172791,27.179222
福鼎白琳曹溪寺,汉语系,高雪娟（释悟馨）,,福建省,宁德市,福鼎市,福建省福鼎市白琳镇旺兴头村,,,,,120.212830,27.215261
福鼎白琳有灵寺,汉语系,翁扬容（释题柳）,1996-01-01,福建省,宁德市,福鼎市,福建省福鼎市白琳镇石床村,,,,,120.172791,27.179222
福鼎白琳永安寺,汉语系,潘春花（释传弘）,,福建省,宁德市,福鼎市,福建省福鼎市白琳镇瓜园村,,,,,120.172791,27.179222
福鼎白琳永福寺,汉语系,释戒清,1995-01-01,福建省,宁德市,福鼎市,福建省福鼎市白琳镇后溪村,,,,,120.172791,27.179222
福鼎白琳济林寺,汉语系,潘爱菊（释界明）,1995-01-01,福建省,宁德市,福鼎市,福建省福鼎市白琳镇黄家屿,,,,,120.172791,27.179222
福鼎白琳留云寺,汉语系,高冬灼（释题发）,2000-01-01,福建省,宁德市,福鼎市,福建省福鼎市白琳镇康山村,,,,,120.178223,27.178110
福鼎白琳福泉寺,汉语系,陈爱华（释世開）,2012-01-01,福建省,宁德市,福鼎市,福建省福鼎市白琳镇辛阳村,,,,,120.172791,27.179222
福鼎白琳翠莲寺,汉语系,李夏英（释品英）,2000-01-01,福建省,宁德市,福鼎市,福建省福鼎市白琳镇翠郊村,,,,,120.098320,27.185658
福鼎白琳莲花寺,汉语系,翁唐铨（释长旺）,2012-01-01,福建省,宁德市,福鼎市,福建省福鼎市白琳镇郭阳村,,,,,120.202827,27.166870
福鼎白琳赤峰庵,汉语系,甘亚菊（释品虚）,,福建省,宁德市,福鼎市,福建省福鼎市白琳镇车阳村,,,,,120.152489,27.187733
福鼎白琳金山寺,汉语系,王保印（释妙言）,,福建省,宁德市,福鼎市,福建省福鼎市白琳镇金山西路,,,,,120.172791,27.179222
福鼎白琳金峰寺,汉语系,朱乾燥（释品雄）,2012-01-01,福建省,宁德市,福鼎市,福建省福鼎市白琳镇车阳村,,,,,120.152489,27.187733
福鼎硖门永源寺,汉语系,李道慧（释门持）,,福建省,宁德市,福鼎市,福建省福鼎市硖门乡柏洋村,,,,,120.238350,27.051012
福鼎硖门金光寺,汉语系,林辉满（释庚法）,2015-02-05,福建省,宁德市,福鼎市,福建省福鼎市硖门乡硖门村,,,,,120.230667,27.031080
福鼎磻溪保寿寺,汉语系,陈守春（释题秀）,,福建省,宁德市,福鼎市,福建省福鼎市磻溪镇芦屯村,,,,,120.102730,27.137972
福鼎磻溪南广观音寺,汉语系,释步禅,,福建省,宁德市,福鼎市,福建省福鼎市磻溪村观音寺,,,,,120.059998,27.097824
福鼎磻溪双林寺,汉语系,叶月清（释定证）,,福建省,宁德市,福鼎市,福建省福鼎市磻溪黄岗村双林寺,,,,,120.115921,27.153156
福鼎磻溪善明寺,汉语系,吴敬旺（释题旺）,,福建省,宁德市,福鼎市,福建省福鼎市磻溪镇大洋山,,,,,120.035652,27.072182
福鼎磻溪峰景寺,汉语系,吴明章（释世琨）,2000-01-01,福建省,宁德市,福鼎市,福建省福鼎市磻溪镇湖林村,,,,,120.080078,27.142740
福鼎磻溪新庵寺,汉语系,耿郑宝（释戒良）,,福建省,宁德市,福鼎市,福建省福鼎市磻溪金谷村新庵寺,,,,,120.134201,27.123600
福鼎磻溪普明寺,汉语系,张美清（释法净）,,福建省,宁德市,福鼎市,福建省福鼎市磻溪镇后坪村,,,,,119.995857,27.139601
福鼎磻溪江井寺,汉语系,林秉传（释信正）,1995-01-01,福建省,宁德市,福鼎市,福建省福鼎市磻溪镇紫岭村,,,,,120.125671,27.155951
福鼎磻溪涌泉寺,汉语系,邵乃芳（释戒静）,,福建省,宁德市,福鼎市,福建省福鼎市磻溪镇湖林村,,,,,120.080078,27.142740
福鼎磻溪灵台寺,汉语系,王广财（释品量）,1996-01-01,福建省,宁德市,福鼎市,福建省福鼎市磻溪镇仙蒲庄边,,,,,120.118011,27.154488
福鼎磻溪紫竹林寺,汉语系,林秀英（释慧秀）,,福建省,宁德市,福鼎市,福建省福鼎市磻溪湖林村,,,,,120.080078,27.142740
福鼎磻溪莲花寺,汉语系,林乃基（释界法）,,福建省,宁德市,福鼎市,福建省福鼎市磻溪金谷村莲花岗,,,,,120.142876,27.294544
福鼎磻溪观音寺,汉语系,周文忠（释界仁）,1993-01-01,福建省,宁德市,福鼎市,福建省福鼎市磻溪镇池丘村,,,,,120.118011,27.154488
福鼎磻溪金盘寺,汉语系,杜水英（释悟芳）,2012-01-01,福建省,宁德市,福鼎市,福建省福鼎市磻溪镇金谷村金盘寺,,,,,120.147270,27.133812
福鼎磻溪青龙寺,汉语系,吴传山（释德养）,1995-01-01,福建省,宁德市,福鼎市,福建省福鼎市磻溪镇桑海村青龙寺,,,,,120.031097,27.131222
福鼎磻溪龟湖寺,汉语系,林步基（释通慧）,,福建省,宁德市,福鼎市,福建省福鼎市磻溪镇后坪村,,,,,119.995857,27.139601
福鼎福莲寺,汉语系,陈荷花（释德莲）,2012-01-01,福建省,宁德市,福鼎市,福建省福鼎市前岐镇双屿村福莲寺,,,,,120.274628,27.270761
福鼎秦屿慈兴寺,汉语系,宋瑞娥（释修定）,,福建省,宁德市,福鼎市,福建省福鼎市太姥山镇观村,,,,,120.265472,27.125891
福鼎秦屿观音寺,汉语系,李学景（释界福）,,福建省,宁德市,福鼎市,福建省福鼎市秦屿镇后岙村,,,,,120.251778,27.102411
福鼎管阳兴福寺,汉语系,释悟邦,1993-01-01,福建省,宁德市,福鼎市,福建省福鼎市管阳镇西昆村,,,,,119.989273,27.270147
福鼎管阳净光寺,汉语系,张忠村（释印智）,1996-01-01,福建省,宁德市,福鼎市,福建省福鼎市管阳镇乾头村,,,,,119.980873,27.303963
福鼎管阳净洋寺,汉语系,黄吓霞,2000-09-17,福建省,宁德市,福鼎市,福建省福鼎市管阳镇管阳村,,,,,120.033974,27.250551
福鼎管阳后塔寺,汉语系,李作兵（释门喜）,,福建省,宁德市,福鼎市,福建省福鼎市管阳镇雁溪,,,,,120.033562,27.251833
福鼎管阳天竹寺,汉语系,释界能,,福建省,宁德市,福鼎市,福建省福鼎市管阳镇西阳村,,,,,119.979080,27.323252
福鼎管阳岩兜寺,汉语系,蔡国芳（释德芬）,1996-01-01,福建省,宁德市,福鼎市,福建省福鼎市管阳镇西阳村,,,,,119.979080,27.323252
福鼎管阳广福寺,汉语系,李启尧（释戒华）,,福建省,宁德市,福鼎市,福建省福鼎市管阳镇章边村,,,,,120.030228,27.253481
福鼎管阳景峰寺,汉语系,郑乃安（释界仁）,1993-01-01,福建省,宁德市,福鼎市,福建省福鼎市管阳镇楮楼村,,,,,119.958427,27.320652
福鼎管阳极乐寺,汉语系,吴思利（释善利）,1993-01-01,福建省,宁德市,福鼎市,福建省福鼎市管阳镇管阳村,,,,,120.033974,27.250551
福鼎管阳楞严寺,汉语系,董俊怀（释品勇）,2012-01-01,福建省,宁德市,福鼎市,福建省福鼎市管阳镇七步后塔,,,,,120.033562,27.251833
福鼎管阳润福寺,汉语系,林彬熙（释戒文）,,福建省,宁德市,福鼎市,福建省福鼎市管阳镇茶阳村,,,,,120.034233,27.295151
福鼎管阳石门洞寺,汉语系,李石弟（释品才）,1996-01-01,福建省,宁德市,福鼎市,福建省福鼎市管阳镇管阳村,,,,,120.033974,27.250551
福鼎管阳莲花寺,汉语系,杨承绥（释德绥）,2010-08-01,福建省,宁德市,福鼎市,福建省福鼎市管阳镇亭边村,,,,,120.113380,27.285772
福鼎管阳西楼寺,汉语系,苏月英（释月英）,,福建省,宁德市,福鼎市,福建省福鼎市管阳镇徐陈村,,,,,120.002419,27.320372
福鼎管阳观世庵,汉语系,谢爱雪（释晶云）,2010-08-01,福建省,宁德市,福鼎市,福建省福鼎市管阳镇坑里村,,,,,120.033562,27.251833
福鼎管阳鼎清寺,汉语系,孔夏香（释善香）,1996-01-01,福建省,宁德市,福鼎市,福建省福鼎市管阳镇广化何山,,,,,120.016754,27.275923
福鼎紫云寺,汉语系,陈秀钗（释慧明）,,福建省,宁德市,福鼎市,福建省福鼎市点头镇观洋村,,,,,120.173279,27.239122
福鼎美盾庵,汉语系,庄金珠（释戒辉）,,福建省,宁德市,福鼎市,福建省福鼎市管阳镇章边村,,,,,120.030228,27.253481
福鼎西兴寺,汉语系,朱世双（释世福）,,福建省,宁德市,福鼎市,福建省福鼎市点头镇山柘,,,,,120.156120,27.291412
福鼎象山寺,汉语系,陈益明（释界安）,,福建省,宁德市,福鼎市,福建省福鼎市管阳镇徐陈村,,,,,120.002419,27.320372
福鼎贯岭德功寺,汉语系,释戒定,1995-07-01,福建省,宁德市,福鼎市,福建省福鼎市贯岭镇分关村上宅组,,,,,120.247002,27.422091
福鼎贯岭普济寺,汉语系,张月莲（释德如）,1995-07-01,福建省,宁德市,福鼎市,福建省福鼎市贯岭镇西山村,,,,,120.245491,27.370800
福鼎贯岭柘莲寺,汉语系,邵水挮（释戒灵）,2007-09-01,福建省,宁德市,福鼎市,福建省福鼎市贯岭镇松洋村,,,,,120.258560,27.349182
福鼎贯岭永安寺,汉语系,唐连招（释步民）,,福建省,宁德市,福鼎市,福建省福鼎市贯岭镇茗阳村,,,,,120.228729,27.415852
福鼎贯岭玉林寺,汉语系,陈修善（释戒善）,1995-01-01,福建省,宁德市,福鼎市,福建省福鼎市贯岭镇松洋村,,,,,120.258560,27.349182
福鼎贯岭禅关寺,汉语系,陶贤友（释立增）,2001-01-01,福建省,宁德市,福鼎市,福建省福鼎市贯岭镇军营村,,,,,120.253891,27.386621
福鼎贯岭西峰寺,汉语系,赖家勤（释德全）,1993-01-01,福建省,宁德市,福鼎市,福建省福鼎市贯岭镇松洋村,,,,,120.258560,27.349182
福鼎贯岭青莲寺,汉语系,陈修善（释悟善）,2012-01-01,福建省,宁德市,福鼎市,福建省福鼎市贯岭镇松洋村,,,,,120.258560,27.349182
福鼎金莲寺,汉语系,郑伏梅（释品通）,,福建省,宁德市,福鼎市,福建省福鼎市山前街道山前村,,,,,120.224380,27.331610
福鼎金钟寺,汉语系,林冬瑞（释如静）,2010-08-01,福建省,宁德市,福鼎市,福建省福鼎市山前街道普后,,,,,120.222969,27.325100
福鼎长福寺,汉语系,释戒善,,福建省,宁德市,福鼎市,福建省福鼎市点头镇马洋村,,,,,120.185143,27.261631
福鼎青果寺,汉语系,吴玉女（释品解）,1996-01-01,福建省,宁德市,福鼎市,福建省福鼎市前岐镇龟岭村,,,,,120.355331,27.340132
福鼎香山寺,汉语系,张界传（释界提）,,福建省,宁德市,福鼎市,福建省福鼎市桐城街道丹岐村,,,,,120.189629,27.282129
福鼎鳌峰寺,汉语系,张录秋（释品棋）,1996-01-01,福建省,宁德市,福鼎市,福建省福鼎市店下镇岚亭村,,,,,120.276093,27.141100
福鼎龙华寺,汉语系,李文定（释世基）,2010-08-01,福建省,宁德市,福鼎市,福建省福鼎市桐城街道莲花岗,,,,,120.142876,27.294544
福鼎龙安善庆寺,汉语系,郑祥水（释界群）,1997-01-01,福建省,宁德市,福鼎市,福建省福鼎市店下镇龙安开发区,,,,,120.326202,27.156363
福鼎龙安清凉寺,汉语系,林祖育（释界富）,,福建省,宁德市,福鼎市,福建省福鼎市店下镇龙安开发区,,,,,120.326202,27.156363
福鼎龙安金乐寺,汉语系,郑美梅（释界嘉）,1996-01-01,福建省,宁德市,福鼎市,福建省福鼎市龙安金竹湾,,,,,120.379173,27.168022
福鼎龙莲寺,汉语系,林少丹（释戒至）,2010-08-01,福建省,宁德市,福鼎市,福建省福鼎市山前街道山前村,,,,,120.224380,27.331610
古田东峰寺,汉语系,林学庚（释觉冰）,,福建省,宁德市,古田县,福建省宁德市古田县吉巷乡吉巷村廷山岭,,,,,118.919220,26.670271
古田佈教寺,汉语系,江月松（释开松）,,福建省,宁德市,古田县,福建省宁德市古田县平湖镇富达村,,,,,118.827530,26.699402
古田保福寺,汉语系,李德林（释觉惠）,,福建省,宁德市,古田县,福建省宁德市古田县大甲乡大甲村,,,,,119.282799,26.635921
古田凤栖寺,汉语系,夏小雨（释法雨）,,福建省,宁德市,古田县,福建省宁德市古田县平湖镇玉源村,,,,,118.796234,26.729963
古田凤鸣寺,汉语系,吴顺花（释广顺）,,福建省,宁德市,古田县,福建省宁德市古田县吉巷乡北档村,,,,,118.943359,26.698811
古田功德林寺,汉语系,悟诚,2004-05-17,福建省,宁德市,古田县,福建省宁德市古田县城西614路1支路35号,,,,,118.744200,26.574030
古田双峰寺,汉语系,谢美铃（释昌满）,,福建省,宁德市,古田县,福建省宁德市古田县平湖镇溪坂村,,,,,118.807281,26.745632
古田吉巷观音寺,汉语系,程夏琴（释印开）,,福建省,宁德市,古田县,福建省宁德市古田县吉巷乡黄坑村,,,,,118.863914,26.631792
古田善庆禅寺,汉语系,黄为木（释自昂）,,福建省,宁德市,古田县,福建省宁德市古田县平湖镇端溪村,,,,,118.871078,26.774271
古田回龙寺,汉语系,刘大龙（释印诠）,,福建省,宁德市,古田县,福建省宁德市古田县平湖镇新舫村,,,,,118.809464,26.737051
古田圆觉寺,汉语系,胡文颂（释普念）,,福建省,宁德市,古田县,福建省宁德市古田县平湖镇赖垱村,,,,,118.784363,26.716352
古田城西莲桥观音寺,汉语系,林品珠,,福建省,宁德市,古田县,福建省宁德市古田县城西街道莲桥村,,,,,118.752700,26.564020
古田天王禅寺,汉语系,贤志,,福建省,宁德市,古田县,福建省宁德市古田县城东街道利洋村,,,,,118.788528,26.644981
古田宝灵寺,汉语系,郑玉屏（释光文）,,福建省,宁德市,古田县,福建省宁德市古田县平湖镇溪坂村,,,,,118.807281,26.745632
古田布金寺,汉语系,郑良赠（释妙智）,,福建省,宁德市,古田县,福建省宁德市古田县平湖镇官州村,,,,,118.857010,26.724340
古田幽岩禅寺,汉语系,李绍炎（释传延）,2004-06-01,福建省,宁德市,古田县,福建省宁德市古田县鹤塘镇鹤塘村,,,,,119.119568,26.658602
古田弥勒寺,汉语系,刘文书（释法源）,,福建省,宁德市,古田县,福建省宁德市古田县凤埔乡凤冲村,,,,,118.805702,26.675592
古田慈云寺,汉语系,陈依珠,,福建省,宁德市,古田县,福建省宁德市古田县凤都镇凤都村,,,,,118.649353,26.619381
古田报慈寺,汉语系,罗地久（释印久）,,福建省,宁德市,古田县,福建省宁德市古田县平湖镇玉库村,,,,,118.801453,26.738731
古田显德寺,汉语系,释印禅,,福建省,宁德市,古田县,福建省宁德市古田县平湖镇赖垱村,,,,,118.784363,26.716352
古田曹山寺,汉语系,黄绍雄（释寂雄）,2011-12-15,福建省,宁德市,古田县,福建省宁德市古田县城西曹洋村,,,,,118.764610,26.546173
古田极乐寺,汉语系,张海镛（释定空）,,福建省,宁德市,古田县,福建省宁德市古田县城东街道极乐路1,,,,,118.756622,26.580221
古田灵圣寺,汉语系,雷陈松（释昌胤）,,福建省,宁德市,古田县,福建省宁德市古田县凤埔乡院洋村,,,,,118.765442,26.675823
古田白云寺,汉语系,杨满家（释如君）,,福建省,宁德市,古田县,福建省宁德市古田县凤埔乡苏桃村,,,,,118.765442,26.675823
古田石华禅寺,汉语系,张灿金（释传戒）,,福建省,宁德市,古田县,福建省宁德市古田县水口镇西瓜洲村,,,,,118.729668,26.376802
古田福霖寺,汉语系,杨碧玉（释妙信）,,福建省,宁德市,古田县,福建省宁德市古田县城西街道吉兆村,,,,,118.743332,26.563972
古田西峰寺,汉语系,戴四川（释圣重）,,福建省,宁德市,古田县,福建省宁德市古田县吉巷乡兰溪村,,,,,118.908363,26.714821
古田西峰里观音堂,汉语系,张爱娇（释妙爱）,,福建省,宁德市,古田县,福建省宁德市古田县城东街道西峰里,,,,,118.754539,26.596210
古田资福禅寺,汉语系,兰石法（释传满）,,福建省,宁德市,古田县,福建省宁德市古田县城西街道罗华村,,,,,118.739342,26.573601
古田鹤塘观音寺,汉语系,欧良斯（释定良）,,福建省,宁德市,古田县,福建省宁德市古田县鹤塘镇鹤塘村潭石桥,,,,,119.119568,26.658602
古田齐云寺,汉语系,王为富（释秀庄）,,福建省,宁德市,古田县,福建省宁德市古田县凤埔乡福全村,,,,,118.751617,26.696852
宁德七都东山寺,汉语系,连成松（释坚辉）,,福建省,宁德市,蕉城区,福建省宁德市蕉城区七都黄厝岗头,,,,,119.552734,26.763271
宁德七都同圣寺,汉语系,林挺吉（释真观）,,福建省,宁德市,蕉城区,福建省宁德市蕉城区七都同圣寺,,,,,119.523865,26.764915
宁德七都宝华寺,汉语系,连成松（释坚辉）,,福建省,宁德市,蕉城区,福建省宁德市蕉城区七都宝华寺,,,,,119.538689,26.743179
宁德七都象眼寺,汉语系,雷珍盛（释复生）,,福建省,宁德市,蕉城区,福建省宁德市蕉城区七都马坂村,,,,,119.523964,26.756241
宁德七都隆江寺,汉语系,孙成乐（释性可）,2007-09-01,福建省,宁德市,蕉城区,福建省宁德市蕉城区七都隆江寺,,,,,119.551041,26.758453
宁德三都仙峰寺,汉语系,孙泌征（释广慧）,1999-01-01,福建省,宁德市,蕉城区,福建省宁德市蕉城区三都镇黄湾村仙峰寺,,,,,119.664619,26.648300
宁德三都瑞锋寺,汉语系,李服成（释慈智）,,福建省,宁德市,蕉城区,福建省宁德市蕉城区三都港口瑞锋寺,,,,,119.688431,26.652514
宁德三都飞禅寺,汉语系,林瑞校（释贞瑞）,,福建省,宁德市,蕉城区,福建省宁德市蕉城区三都镇象溪村,,,,,119.708878,26.600090
宁德九都九仙寺,汉语系,林斌（释性慧）,,福建省,宁德市,蕉城区,福建省宁德市蕉城区九都九仙寺,,,,,119.471240,26.807130
宁德九都保福寺,汉语系,陈英梅（释顿怡）,,福建省,宁德市,蕉城区,福建省宁德市蕉城区九都贵村保福寺,,,,,119.467842,26.849081
宁德九都水云寺,汉语系,缪志烈（释开澈）,,福建省,宁德市,蕉城区,福建省宁德市蕉城区九都镇水云寺,,,,,119.487770,26.804100
宁德九都法华寺,汉语系,陈海平（释海平）,,福建省,宁德市,蕉城区,福建省宁德市蕉城区九都镇乌坑法华寺,,,,,119.481163,26.793842
宁德九都钟锋寺,汉语系,颜细明（释参明）,,福建省,宁德市,蕉城区,福建省宁德市蕉城区九都赖岭村,,,,,119.433693,26.773603
宁德二都增福寺,汉语系,黄启亮（释贤锥）,,福建省,宁德市,蕉城区,福建省宁德市蕉城区飞鸾镇二都下村,,,,,119.590805,26.587767
宁德八都净光寺,汉语系,李文富（释知勇）,1996-01-01,福建省,宁德市,蕉城区,福建省宁德市蕉城区八都净光寺,,,,,119.569220,26.810590
宁德八都北山寺,汉语系,张惠敏（释果慧）,,福建省,宁德市,蕉城区,福建省宁德市蕉城区八都镇洋头村北山寺,,,,,119.534599,26.838131
宁德八都圆通寺,汉语系,叶清容（释进悟）,1999-01-01,福建省,宁德市,蕉城区,福建省宁德市蕉城区八都圆通寺,,,,,119.565910,26.843538
宁德八都宝莲寺,汉语系,郑英容（释守忠）,1999-01-01,福建省,宁德市,蕉城区,福建省宁德市蕉城区八都宝莲寺,,,,,119.569220,26.810590
宁德八都慈化寺,汉语系,黄成坛（释光参）,,福建省,宁德市,蕉城区,福建省宁德市蕉城区八都云淡村慈化寺,,,,,119.603340,26.768394
宁德八都灵山寺,汉语系,朱忠贤（释心妙）,,福建省,宁德市,蕉城区,福建省宁德市蕉城区八都镇灵山村,,,,,119.569221,26.810593
宁德八都白莲寺,汉语系,孙虎（释仁杰）,,福建省,宁德市,蕉城区,福建省宁德市蕉城区八都福口村白莲寺,,,,,119.528488,26.827652
宁德八都龙兴寺,汉语系,李夏（释传缘）,,福建省,宁德市,蕉城区,福建省宁德市蕉城区八都水际村龙兴寺,,,,,119.552399,26.825758
宁德八都龙华寺,汉语系,广慰（释隆振）,,福建省,宁德市,蕉城区,福建省宁德市蕉城区八都长坛龙华寺,,,,,119.565910,26.843538
宁德六都南峰寺,汉语系,释妙法,,福建省,宁德市,蕉城区,福建省宁德市蕉城区六都南峰寺,,,,,119.540047,26.723003
宁德六都飞龙寺,汉语系,陈尧玉（释圆芳）,1996-01-01,福建省,宁德市,蕉城区,福建省宁德市蕉城区六都飞龙寺,,,,,119.553902,26.727148
宁德南际南峰寺,汉语系,瞿谢全（释义宁）,2015-02-03,福建省,宁德市,蕉城区,福建省宁德市蕉城区城南坪塔南际山,,,,,119.558388,26.649502
宁德南际山白云寺,汉语系,林廷妹（释明心）,,福建省,宁德市,蕉城区,福建省宁德市蕉城区南际白云寺,,,,,119.371712,26.700180
宁德南际山石佛寺,汉语系,王春铃（释常涛）,,福建省,宁德市,蕉城区,福建省宁德市蕉城区南际山石佛寺,,,,,119.407173,26.856232
宁德南际飞泉禅寺,汉语系,郑章盛（释慈晃）,,福建省,宁德市,蕉城区,福建省宁德市蕉城区南际山飞泉寺,,,,,119.426903,26.872688
宁德地藏庵,汉语系,郑月英（释贤圣）,1996-01-01,福建省,宁德市,蕉城区,福建省宁德市蕉城区蕉城建新路八斗弄地藏庵,,,,,119.518143,26.664909
宁德广福寺,汉语系,余清庚（释海明）,,福建省,宁德市,蕉城区,福建省宁德市蕉城区蕉北单石碑广福寺,,,,,119.520988,26.670490
宁德报恩寺,汉语系,黄树筠（释定日）,,福建省,宁德市,蕉城区,福建省宁德市蕉城区报恩寺,,,,,119.540901,26.634190
宁德支提山华严寺,汉语系,刘光良（释慧净）,1980-01-01,福建省,宁德市,蕉城区,福建省宁德市蕉城区霍童支提山华严,,,,,119.387764,26.810503
宁德永兴寺,汉语系,卓爱香（释心琛）,2010-08-30,福建省,宁德市,蕉城区,福建省宁德市蕉城区城南镇古溪村永兴寺,,,,,119.545290,26.644210
宁德洋中三峰寺,汉语系,陈玉花（释慈明）,2015-02-03,福建省,宁德市,蕉城区,福建省宁德市蕉城区洋中镇溪源村,,,,,119.402763,26.666502
宁德洋中棋盘寺,汉语系,汪公祥（释衍静）,,福建省,宁德市,蕉城区,福建省宁德市蕉城区洋中镇清潭村坂头,,,,,119.369141,26.694382
宁德洋中白云寺,汉语系,黄启亮（释贤锥）,,福建省,宁德市,蕉城区,福建省宁德市蕉城区飞鸾镇二都下村,,,,,119.590805,26.587767
宁德洋中金峰寺,汉语系,高生光（释慧德）,,福建省,宁德市,蕉城区,福建省宁德市蕉城区洋中金峰寺,,,,,119.429993,26.886791
宁德洪口清月寺,汉语系,黄乐清（释常净）,,福建省,宁德市,蕉城区,福建省宁德市蕉城区洪口乡吉垅村,,,,,119.269623,26.893272
宁德流米寺,汉语系,江松利（释正开）,,福建省,宁德市,蕉城区,福建省宁德市蕉城区九都镇乌坑村,,,,,119.473373,26.793480
宁德漳湾吉祥寺,汉语系,陈庆仙（释常戒）,,福建省,宁德市,蕉城区,福建省宁德市蕉城区漳湾南埕半山吉祥寺,,,,,119.599968,26.708160
宁德漳湾圆明寺,汉语系,陈为清（释通学）,1994-01-01,福建省,宁德市,蕉城区,福建省宁德市蕉城区漳湾拱屿村圆明寺,,,,,119.601791,26.679182
宁德漳湾大明寺,汉语系,林先命（释印修）,,福建省,宁德市,蕉城区,福建省宁德市蕉城区漳湾镇仓西村,,,,,119.581108,26.731283
宁德漳湾天香寺,汉语系,陈成喜（释妙喜）,,福建省,宁德市,蕉城区,福建省宁德市蕉城区漳湾天香寺,,,,,119.568069,26.693172
宁德漳湾支龙寺,汉语系,苏正光（释传定）,,福建省,宁德市,蕉城区,福建省宁德市蕉城区漳湾支龙寺,,,,,119.599968,26.708160
宁德漳湾法华寺,汉语系,林成柏（释常妙）,1996-01-01,福建省,宁德市,蕉城区,福建省宁德市蕉城区漳湾南埕法华寺,,,,,119.576805,26.685373
宁德漳湾灵鹫寺,汉语系,马云德（释宗德）,,福建省,宁德市,蕉城区,福建省宁德市蕉城区漳湾镇王坑村灵鹫寺,,,,,119.572266,26.694147
宁德漳湾白莲寺,汉语系,陈幼华（释德宏）,,福建省,宁德市,蕉城区,福建省宁德市蕉城区漳湾白莲寺,,,,,119.528488,26.827652
宁德漳湾福林寺,汉语系,林建逊（释贤雄）,,福建省,宁德市,蕉城区,福建省宁德市蕉城区漳湾福林寺,,,,,119.599205,26.667439
宁德漳湾莲峰寺,汉语系,吴学明（释达如）,,福建省,宁德市,蕉城区,福建省宁德市蕉城区漳湾莲峰寺,,,,,119.575890,26.698092
宁德漳湾资圣寺,汉语系,李孙明（释开亮）,,福建省,宁德市,蕉城区,福建省宁德市蕉城区漳湾资圣禅寺,,,,,119.599968,26.708160
宁德漳湾金轮寺,汉语系,陈庆忠（释庚清）,,福建省,宁德市,蕉城区,福建省宁德市蕉城区漳湾溪口村金轮寺,,,,,119.543152,26.678989
宁德漳湾雪峰寺,汉语系,黄梅妹（释文禅）,,福建省,宁德市,蕉城区,福建省宁德市蕉城区漳湾雪峰寺,,,,,119.599968,26.708160
宁德灵溪寺,汉语系,吴财娣（释宗音）,,福建省,宁德市,蕉城区,福建省宁德市蕉城区蕉北灵溪寺,,,,,119.515411,26.659536
宁德石后安仁寺,汉语系,释真法,,福建省,宁德市,蕉城区,福建省宁德市蕉城区石后安仁寺,,,,,119.431984,26.711451
宁德石后瑞林寺,汉语系,缪菊平（释德清）,,福建省,宁德市,蕉城区,福建省宁德市蕉城区石后瑞林寺,,,,,119.403465,26.697275
宁德碧山天王禅寺,汉语系,高志鹏（释庚真）,,福建省,宁德市,蕉城区,福建省宁德市蕉城区碧山天王寺,,,,,119.530792,26.668072
宁德祝寿庵,汉语系,陈招容（释长智）,,福建省,宁德市,蕉城区,福建省宁德市蕉城区蕉南祝寿庵,,,,,119.531151,26.653742
宁德经灵禅寺,汉语系,释知禅,,福建省,宁德市,蕉城区,福建省宁德市蕉城区继光经灵寺,,,,,119.513763,26.661295
宁德耀通寺,汉语系,蓝彩求（释性聚）,,福建省,宁德市,蕉城区,福建省宁德市蕉城区耀通寺,,,,,119.545448,26.624973
宁德虎贝辟支寺,汉语系,张锐铃（释广平）,,福建省,宁德市,蕉城区,福建省宁德市蕉城区虎贝乡辟支寺,,,,,119.324738,26.788982
宁德虎贝那罗寺,汉语系,陈寿生（释慧光）,1995-01-01,福建省,宁德市,蕉城区,福建省宁德市蕉城区虎贝乡那罗寺,,,,,119.283623,26.763041
宁德虎贝龙门寺,汉语系,陈正利（释普眼）,,福建省,宁德市,蕉城区,福建省宁德市蕉城区虎贝乡龙门寺,,,,,119.197746,26.739227
宁德赤溪宝峰寺,汉语系,巫丽屏（释性通）,1994-01-01,福建省,宁德市,蕉城区,福建省宁德市蕉城区赤溪黄田宝峰寺,,,,,119.457100,26.882538
宁德赤溪广教寺,汉语系,江赛英（释心光）,2011-11-20,福建省,宁德市,蕉城区,福建省宁德市蕉城区赤溪桃源广教寺,,,,,119.479668,26.916983
宁德金光禅寺,汉语系,林招玉（释照寂）,,福建省,宁德市,蕉城区,福建省宁德市蕉城区碧山金光寺,,,,,119.530060,26.672890
宁德金涵瑞迹寺,汉语系,谢爱华（释性龙）,2005-01-01,福建省,宁德市,蕉城区,福建省宁德市蕉城区金涵瑞迹寺,,,,,119.500427,26.701891
宁德金涵竹林院,汉语系,施双全（释果金）,2010-08-30,福建省,宁德市,蕉城区,福建省宁德市蕉城区金涵竹林院,,,,,119.505531,26.671492
宁德金涵金贝寺,汉语系,林开良（释传弘）,,福建省,宁德市,蕉城区,福建省宁德市蕉城区金涵上金贝金贝寺,,,,,119.523018,26.709721
宁德金涵长濂堂,汉语系,王克耒（释妙辉）,,福建省,宁德市,蕉城区,福建省宁德市蕉城区金涵濂坑村长濂堂,,,,,119.551628,26.708677
宁德际山香积寺,汉语系,叶银英（释通妙）,2014-08-17,福建省,宁德市,蕉城区,福建省宁德市蕉城区际山村,,,,,119.598343,26.837532
宁德霍童仙岩禅寺,汉语系,释慧世,,福建省,宁德市,蕉城区,福建省宁德市蕉城区霍童仙岩禅寺,,,,,119.408958,26.845467
宁德霍童圣源寺,汉语系,黄秀玲（释振清）,,福建省,宁德市,蕉城区,福建省宁德市蕉城区霍童镇外表村,,,,,119.386070,26.891081
宁德霍童小支寺,汉语系,释云真,,福建省,宁德市,蕉城区,福建省宁德市蕉城区霍童小支禅寺,,,,,119.425392,26.839281
宁德霍童布泉寺,汉语系,阮思强（释宗德）,,福建省,宁德市,蕉城区,福建省宁德市蕉城区霍童镇文湖村,,,,,119.427025,26.858812
宁德霍童灵峰寺,汉语系,陈华耀（释真护）,,福建省,宁德市,蕉城区,福建省宁德市蕉城区霍童桃坑村灵峰寺,,,,,119.382904,26.805655
宁德霍童甘露寺,汉语系,李明发（释性达）,2010-08-30,福建省,宁德市,蕉城区,福建省宁德市蕉城区霍童镇甘露禅寺,,,,,119.444603,26.833912
宁德霍童祈园寺,汉语系,郑细助（释妙园）,,福建省,宁德市,蕉城区,福建省宁德市蕉城区霍童祈园寺,,,,,119.420364,26.850853
宁德霍童金峰寺,汉语系,汤孝英（释净英）,,福建省,宁德市,蕉城区,福建省宁德市蕉城区霍童镇文湖村金峰寺,,,,,119.429993,26.886791
宁德飞鸾永宁寺,汉语系,林展光（释法展）,2010-08-30,福建省,宁德市,蕉城区,福建省宁德市蕉城区飞鸾永宁寺,,,,,119.570312,26.597851
宁德龙湫禅寺,汉语系,释瑞精,1994-01-01,福建省,宁德市,蕉城区,福建省宁德市蕉城区南际山龙湫寺,,,,,119.519371,26.643871
屏南北岩寺,汉语系,释证利,年代不详,福建省,宁德市,屏南县,福建省宁德市屏南县双溪镇北岩寺,屏南北岩寺，俗叫下院，在福建省屏南县旧县城双溪出东门约1.5公里处，该寺自宋太宗太平兴国6年（981年）始建。至今已1026年，为屏南有名千年古刹之一。,,,,119.046730,27.018063
屏南鹫峰寺,汉语系,释法文,,福建省,宁德市,屏南县,福建省宁德市屏南县长桥镇岑洋村,鹫峰寺是福建省宁德市寺庙。,,,,118.778389,26.818050
屏南九峰寺,汉语系,梁广彬（释印辉）,,福建省,宁德市,屏南县,福建省宁德市屏南县熙岭乡熙岭村,,,,,119.055473,26.809631
屏南双峰寺,汉语系,释德其,,福建省,宁德市,屏南县,福建省宁德市屏南县棠口乡仕洋村,,,,,118.988831,26.964960
屏南天宝寺,汉语系,释圣海,,福建省,宁德市,屏南县,福建省宁德市屏南县长桥镇上牛山村,,,,,118.832184,26.818621
屏南宝兴寺,汉语系,汤细唐（释传圆）,,福建省,宁德市,屏南县,福建省宁德市屏南县甘棠乡王林村,,,,,118.920380,26.765303
屏南宝庆寺,汉语系,潘长佺（释德隆）,,福建省,宁德市,屏南县,福建省宁德市屏南县古峰镇长坋村,,,,,118.984314,26.915760
屏南宝林寺,汉语系,李丽娟（释圣月）,,福建省,宁德市,屏南县,福建省宁德市屏南县屏城乡南湾村,,,,,118.931221,26.915552
屏南岭下白莲寺,汉语系,释印福,,福建省,宁德市,屏南县,福建省宁德市屏南县岭下乡梨洋村,,,,,118.921303,27.076620
屏南慈音寺,汉语系,张彬（释明悟）,,福建省,宁德市,屏南县,福建省宁德市屏南县棠口乡沶头村,,,,,119.019241,26.950319
屏南普照寺,汉语系,释法刚,,福建省,宁德市,屏南县,福建省宁德市屏南县古峰镇古厦社区,,,,,118.987465,26.906605
屏南景福寺,汉语系,曾才能（释明能）,,福建省,宁德市,屏南县,福建省宁德市屏南县代溪镇康里村,,,,,119.164391,26.860371
屏南棠口白莲寺,汉语系,施祥东（释法慈）,,福建省,宁德市,屏南县,福建省宁德市屏南县棠口乡风林村,,,,,119.025299,26.936951
屏南祥峰寺,汉语系,余永佺（释自康）,,福建省,宁德市,屏南县,福建省宁德市屏南县棠口乡棠口村,,,,,119.017647,26.954006
屏南芝山寺,汉语系,龙亚亮（释印海）,,福建省,宁德市,屏南县,福建省宁德市屏南县古峰镇长汾村,,,,,118.985451,26.913832
屏南董溪寺,汉语系,陆斯县（释德馨）,,福建省,宁德市,屏南县,福建省宁德市屏南县屏城乡村头村,,,,,118.904594,26.896242
屏南观音堂,汉语系,释印禅,,福建省,宁德市,屏南县,福建省宁德市屏南县甘棠乡甘棠村,,,,,118.942123,26.793161
屏南龙泉寺,汉语系,韦忠敢（释永西）,,福建省,宁德市,屏南县,福建省宁德市屏南县岭下乡岭下村,,,,,118.967468,27.074017
屏南龟灵寺,汉语系,李群英（释德真）,,福建省,宁德市,屏南县,福建省宁德市屏南县棠口乡贵溪村,,,,,119.013718,26.985750
寿宁万福庵,汉语系,李启元﹙释题义﹚,,福建省,宁德市,寿宁县,福建省宁德市寿宁县斜滩镇新村,,,,,119.439331,27.310360
寿宁三峰禅寺,汉语系,谢伏仁（释顿超）,,福建省,宁德市,寿宁县,福建省宁德市寿宁县鳌阳镇大同村,,,,,119.502190,27.455002
寿宁兴福寺,汉语系,胡培川（释妙慧）,1995-01-14,福建省,宁德市,寿宁县,福建省宁德市寿宁县坑底乡小东村,,,,,119.549889,27.568573
寿宁凤阳东峰寺,汉语系,张秀娇﹙释如义﹚,,福建省,宁德市,寿宁县,福建省宁德市寿宁县凤阳乡凤阳村,,,,,119.472794,27.221699
寿宁凤阳华岩寺,汉语系,雷树德﹙释圆净﹚,,福建省,宁德市,寿宁县,福建省宁德市寿宁县凤阳乡福后村,,,,,119.474388,27.238781
寿宁南阳净慧寺,汉语系,胡阿秀（释常静）,,福建省,宁德市,寿宁县,福建省宁德市寿宁县南阳镇大门村,,,,,119.573074,27.423212
寿宁南阳大莲庵,汉语系,吴清玉（释净福）,,福建省,宁德市,寿宁县,福建省宁德市寿宁县南阳镇南阳村,,,,,119.594360,27.391821
寿宁南阳紫云寺,汉语系,龚莲娇（释振藏）,,福建省,宁德市,寿宁县,福建省宁德市寿宁县南阳镇南阳村,,,,,119.594360,27.391821
寿宁圆通寺,汉语系,题晶,,福建省,宁德市,寿宁县,福建省宁德市寿宁县鳌阳镇高厝下,,,,,119.505692,27.457573
寿宁大华寺,汉语系,龚奶秀（释兼进）,,福建省,宁德市,寿宁县,福建省宁德市寿宁县南阳镇洋边村,,,,,119.585052,27.401903
寿宁大灵禅寺,汉语系,叶允生﹙释题森﹚,,福建省,宁德市,寿宁县,福建省宁德市寿宁县大安乡大安村,,,,,119.522644,27.505751
寿宁平溪福兴寺,汉语系,郑明杭﹙释大定﹚,,福建省,宁德市,寿宁县,福建省宁德市寿宁县平溪乡湖潭村,,,,,119.358704,27.311682
寿宁斜滩万福寺,汉语系,陈巧英﹙释题净﹚,,福建省,宁德市,寿宁县,福建省宁德市寿宁县斜滩镇楼下村,,,,,119.535820,27.313341
寿宁斜滩福寿观音寺,汉语系,戒品,,福建省,宁德市,寿宁县,福建省宁德市寿宁县斜滩镇黄溪村,,,,,119.536507,27.316101
寿宁普莲寺,汉语系,赖奶寿﹙释善智﹚,,福建省,宁德市,寿宁县,福建省宁德市寿宁县武曲镇梅洋村,,,,,119.593094,27.246532
寿宁武曲龟龙寺,汉语系,朱正仁﹙释广松﹚,,福建省,宁德市,寿宁县,福建省宁德市寿宁县武曲镇白岩村,,,,,119.605209,27.213282
寿宁清源天池庵,汉语系,张允华（释兼允）,1995-01-17,福建省,宁德市,寿宁县,福建省宁德市寿宁县清源乡阳尾村,,,,,119.518867,27.373180
寿宁清源天湖庵,汉语系,刘成健（释题满）,1995-01-14,福建省,宁德市,寿宁县,福建省宁德市寿宁县清源乡际头仔村,,,,,119.494034,27.396233
寿宁灵岩寺,汉语系,王眉芝﹙释心维﹚,,福建省,宁德市,寿宁县,福建省宁德市寿宁县平溪乡平溪村,,,,,119.333580,27.339981
寿宁灵峰寺,汉语系,吴淑娇（释戒慈）,,福建省,宁德市,寿宁县,福建省宁德市寿宁县鳌阳镇安章村,,,,,119.539513,27.444191
寿宁犀溪天然寺,汉语系,陈妙芳﹙释妙芳﹚,,福建省,宁德市,寿宁县,福建省宁德市寿宁县犀溪镇仙峰村,,,,,119.636261,27.426281
寿宁犀溪罗峰寺,汉语系,黄阿元（释修根）,,福建省,宁德市,寿宁县,福建省宁德市寿宁县犀溪镇罗角山,,,,,119.620483,27.427761
寿宁石龙庵,汉语系,叶旦花﹙释品琴﹚,,福建省,宁德市,寿宁县,福建省宁德市寿宁县托溪乡际头村,,,,,119.386894,27.448172
寿宁翠竹寺,汉语系,释玉莲,,福建省,宁德市,寿宁县,福建省宁德市寿宁县南阳镇洋边村,,,,,119.585052,27.401903
寿宁荆山寺,汉语系,叶玉娇﹙释兼玉﹚,,福建省,宁德市,寿宁县,福建省宁德市寿宁县犀溪镇西浦村,,,,,119.646339,27.452152
寿宁西岩寺,汉语系,冯荣秀﹙释修寿﹚,,福建省,宁德市,寿宁县,福建省宁德市寿宁县托溪乡托溪村,,,,,119.371468,27.442202
寿宁观音阁,汉语系,柳阿窒﹙释步清﹚,,福建省,宁德市,寿宁县,福建省宁德市寿宁县鳌阳镇后墩村,,,,,119.497612,27.466682
寿宁龙岩寺,汉语系,黄阿元（释修根）,,福建省,宁德市,寿宁县,福建省宁德市寿宁县南阳镇大门村,,,,,119.573074,27.423212
霞浦真如寺,汉语系,释海参,年代不详,福建省,宁德市,霞浦县,福建省宁德市霞浦县西关光明路99,真如禅寺座落于福建省霞浦县西关罡溪下。真如寺始建于唐代，是霞浦县四大祖师道场之一，据现存《重修如是庵碑》载：祖师暨姓号存真，闽之殴宁人，生于唐，游长溪，结庐罡溪岭下居焉。相传祖师寿三百六十五圆寂后，群鸟御泥塑像，乡人奉祀于寺内，称祖师为“如是老佛”，“唐年佛”，“长年佛”。祖师之肉身于文革期间才被毁坏，先仍有真身灵骨供奉于真如寺祖师殿内。祖师生前以为人看病除疾为方便法门接引乡邻。于是每年六月初一祖师诞辰之日，海众云集，用浴佛的方式为祖师庆祝，并求取其沐浴之水，手帕等物，用于弃病除疾，特为灵验而流传至今。,,,,120.005560,26.885170
霞浦大济寺,汉语系,释界空,公元966乾德四年,福建省,宁德市,霞浦县,福建省宁德市霞浦县三沙镇东山村,大济寺位于霞浦县三沙陇头墩柄村后，墩柄村大龙溪古官道旁边，现今温福铁路途经的墩柄隧道口东侧，古称广济寺，现称大济禅寺。,,,,120.113960,26.935963
霞浦万寿寺,汉语系,张爱灼（释题举）,,福建省,宁德市,霞浦县,福建省宁德市霞浦县沙江镇马槽村,,,,,119.997612,26.811602
霞浦三涧寺,汉语系,井珠娇（释当娇）,,福建省,宁德市,霞浦县,福建省宁德市霞浦县城北社区,,,,,120.004578,26.887371
霞浦下浒白云庵,汉语系,林碧金（释世英）,,福建省,宁德市,霞浦县,福建省宁德市霞浦县下浒镇柘洋村,,,,,119.980553,26.614771
霞浦东南寺,汉语系,卓碧香（释净参）,,福建省,宁德市,霞浦县,福建省宁德市霞浦县松港大树村,,,,,120.042999,26.896568
霞浦中兴福寺,汉语系,释长生,1994-01-01,福建省,宁德市,霞浦县,福建省宁德市霞浦县牙城后山罗伍村,,,,,120.165550,27.033001
霞浦乌岐观音寺,汉语系,蒋贤科（释荣学）,,福建省,宁德市,霞浦县,福建省宁德市霞浦县牙城镇坞岐村,,,,,120.195412,26.981642
霞浦云山寺,汉语系,释海参,,福建省,宁德市,霞浦县,福建省宁德市霞浦县松港凤凰池村,,,,,120.009323,26.892351
霞浦云岩寺,汉语系,林恩（释满深）,,福建省,宁德市,霞浦县,福建省宁德市霞浦县松港赤岸村,,,,,120.038712,26.906551
霞浦云峰寺,汉语系,何地前（释界超）,,福建省,宁德市,霞浦县,福建省宁德市霞浦县下浒镇王家洞村,,,,,119.988182,26.614481
霞浦云沁庵,汉语系,何艳云（释艳参）,,福建省,宁德市,霞浦县,福建省宁德市霞浦县长春镇吕峡村,,,,,120.045059,26.725281
霞浦五福寺,汉语系,潘玉秀（释门慧）,,福建省,宁德市,霞浦县,福建省宁德市霞浦县长春镇渔洋村,,,,,120.065651,26.801441
霞浦仙桥寺,汉语系,周荣畴（释世协）,1998-01-01,福建省,宁德市,霞浦县,福建省宁德市霞浦县水门乡青沃村,,,,,120.216194,26.919159
霞浦佛龙寺,汉语系,黄瑞其（释界其）,,福建省,宁德市,霞浦县,福建省宁德市霞浦县长春镇里城村,,,,,120.077248,26.650011
霞浦保乡寺,汉语系,谢孔派（释世贤）,,福建省,宁德市,霞浦县,福建省宁德市霞浦县沙江镇涵江村,,,,,120.002571,26.787973
霞浦光明寺,汉语系,蔡阿娇（释长瑞）,,福建省,宁德市,霞浦县,福建省宁德市霞浦县牙城镇沈家沃村,,,,,120.195412,26.981642
霞浦凤林寺,汉语系,阮雄春（释世兴）,,福建省,宁德市,霞浦县,福建省宁德市霞浦县柏洋乡谢墩村,,,,,119.849541,27.035902
霞浦南山寺,汉语系,何维清（释界智）,,福建省,宁德市,霞浦县,福建省宁德市霞浦县长春镇吕峡村,,,,,120.045059,26.725281
霞浦南峰寺,汉语系,金爱卿（释庚静）,2010-09-01,福建省,宁德市,霞浦县,福建省宁德市霞浦县松城俊星村,,,,,119.999825,26.879393
霞浦南峰庵,汉语系,连美香（释门振）,2003-01-01,福建省,宁德市,霞浦县,福建省宁德市霞浦县下浒镇水井路29,,,,,119.955147,26.611141
霞浦南禅寺,汉语系,万香钗（释世辉）,,福建省,宁德市,霞浦县,福建省宁德市霞浦县万贤南门外,,,,,120.014740,26.879009
霞浦双溪寺,汉语系,郑敬孝（释界童）,,福建省,宁德市,霞浦县,福建省宁德市霞浦县松港小沙村,,,,,120.016258,26.865452
霞浦双狮寺,汉语系,卜丽燕（释界辉）,,福建省,宁德市,霞浦县,福建省宁德市霞浦县松港赤岸村,,,,,120.038712,26.906551
霞浦古龙寺,汉语系,郑仁恭（释世恭）,2010-09-01,福建省,宁德市,霞浦县,福建省宁德市霞浦县崇儒乡坵山村,,,,,119.928108,26.922312
霞浦圣寿寺,汉语系,释照海,,福建省,宁德市,霞浦县,福建省宁德市霞浦县崇儒乡坪园村,,,,,119.936081,26.942053
霞浦圣水寺,汉语系,朱开郎（释庆通）,,福建省,宁德市,霞浦县,福建省宁德市霞浦县松城俊星村,,,,,119.999825,26.879393
霞浦圣照寺,汉语系,廖雪玉（释界觉）,,福建省,宁德市,霞浦县,福建省宁德市霞浦县牙城镇凤楼青云村,,,,,120.155724,26.958500
霞浦地藏寺,汉语系,林恩（释满深）,,福建省,宁德市,霞浦县,福建省宁德市霞浦县后港桃园里,,,,,120.045746,26.897003
霞浦塔岗寺,汉语系,汤树明（释妙一）,2010-09-01,福建省,宁德市,霞浦县,福建省宁德市霞浦县松城街道俊星街,,,,,120.004662,26.884703
霞浦大士庵,汉语系,林爱珍（释世贞）,2010-09-01,福建省,宁德市,霞浦县,福建省宁德市霞浦县松港兴建弄23,,,,,120.010490,26.887266
霞浦天元寺,汉语系,吴思唐（释悟长）,,福建省,宁德市,霞浦县,福建省宁德市霞浦县松港竹下村,,,,,120.011871,26.911982
霞浦如是庵,汉语系,吴梅英（释贤参）,2010-09-01,福建省,宁德市,霞浦县,福建省宁德市霞浦县西关光明路105,,,,,120.005560,26.885170
霞浦妙明寺,汉语系,潘灼英（释世安）,,福建省,宁德市,霞浦县,福建省宁德市霞浦县长春镇秋竹岗村,,,,,120.082443,26.794842
霞浦安庆寺,汉语系,蔡翠花（释庆眉）,,福建省,宁德市,霞浦县,福建省宁德市霞浦县长春镇租厝村,,,,,120.058151,26.754332
霞浦安福寺,汉语系,王雪霞（释长斋）,2010-09-01,福建省,宁德市,霞浦县,福建省宁德市霞浦县长春镇溪村,,,,,120.045059,26.725281
霞浦宝伦寺,汉语系,郑玉淑（释世净）,,福建省,宁德市,霞浦县,福建省宁德市霞浦县长春镇大京茶场,,,,,120.086464,26.714161
霞浦宝崖寺,汉语系,郑赛娇（释明妙）,,福建省,宁德市,霞浦县,福建省宁德市霞浦县长春镇大京村,,,,,120.102364,26.700743
霞浦宝胜寺,汉语系,林国振（释题璐）,2010-09-01,福建省,宁德市,霞浦县,福建省宁德市霞浦县崇儒乡车坡村,,,,,119.936081,26.942053
霞浦宝莲寺,汉语系,陈代连（释忠连）,,福建省,宁德市,霞浦县,福建省宁德市霞浦县牙城镇西门村,,,,,120.180138,26.983570
霞浦宝镜寺,汉语系,俞含童（释世松）,,福建省,宁德市,霞浦县,福建省宁德市霞浦县沙江镇龙湾村,,,,,119.873734,26.773462
霞浦小报恩寺,汉语系,蔡月妹（释题莲）,,福建省,宁德市,霞浦县,福建省宁德市霞浦县崇儒乡岗下亭头村,,,,,119.933113,26.969080
霞浦小溪庵,汉语系,蔡伏佑（释世信）,,福建省,宁德市,霞浦县,福建省宁德市霞浦县牙城镇雉溪村,,,,,120.133759,26.981071
霞浦广福寺,汉语系,张汉顺,2002-01-01,福建省,宁德市,霞浦县,福建省宁德市霞浦县三沙镇中心街,,,,,120.024963,26.905130
霞浦广福禅寺,汉语系,江鹏（释法净）,2010-09-01,福建省,宁德市,霞浦县,福建省宁德市霞浦县三沙镇水门顶村,,,,,120.222168,26.922701
霞浦庆安寺,汉语系,王秀荣（释界华）,,福建省,宁德市,霞浦县,福建省宁德市霞浦县松港下沙头村,,,,,120.028717,26.875164
霞浦建善寺,汉语系,庄淑雄（释界斌）,,福建省,宁德市,霞浦县,福建省宁德市霞浦县松港街道东关坛基程,,,,,120.019966,26.891249
霞浦建善庵,汉语系,林月凤（释界妙）,,福建省,宁德市,霞浦县,福建省宁德市霞浦县长春镇埕坞村,,,,,119.990250,26.699812
霞浦建福寺,汉语系,吴阿石（释青忠）,,福建省,宁德市,霞浦县,福建省宁德市霞浦县共青路16,,,,,119.999498,26.889495
霞浦悟心寺,汉语系,卢济舒（释世朗）,,福建省,宁德市,霞浦县,福建省宁德市霞浦县沙江镇南屏村,,,,,119.987579,26.794380
霞浦慈云寺,汉语系,蔡秋凤（释界鹉）,,福建省,宁德市,霞浦县,福建省宁德市霞浦县松城街道俊星村,,,,,119.999825,26.879393
霞浦慈云庵,汉语系,庄淑雄（释界斌）,2008-01-01,福建省,宁德市,霞浦县,福建省宁德市霞浦县三沙镇瓦窑头村,,,,,120.222168,26.922701
霞浦报德寺,汉语系,林瑞忠（释庚空）,2013-03-01,福建省,宁德市,霞浦县,福建省宁德市霞浦县三沙镇花竹村,,,,,120.233093,26.943300
霞浦报恩寺,汉语系,郑道锡（释庚钟）,,福建省,宁德市,霞浦县,福建省宁德市霞浦县松港赤岸村城东41号,,,,,120.038712,26.906551
霞浦招贤寺,汉语系,束仕味（释定光）,,福建省,宁德市,霞浦县,福建省宁德市霞浦县松港上沙头村,,,,,120.025818,26.877382
霞浦旃檀寺,汉语系,陈德庆（释庚义）,,福建省,宁德市,霞浦县,福建省宁德市霞浦县崇儒乡洋尾岗村,,,,,120.001839,26.853682
霞浦无闻寺,汉语系,赵金钟（释世津）,,福建省,宁德市,霞浦县,福建省宁德市霞浦县北壁乡上岐村,,,,,119.893700,26.528702
霞浦普光寺,汉语系,谢庆钦（释世空）,,福建省,宁德市,霞浦县,福建省宁德市霞浦县长春镇后洋村,,,,,120.045059,26.725281
霞浦杨家溪观音寺,汉语系,卓廷坚（释戒坚）,,福建省,宁德市,霞浦县,福建省宁德市霞浦县牙城镇杨家溪村,,,,,120.123901,27.020250
霞浦松山寺,汉语系,汤云娇（释醒隆）,2010-09-01,福建省,宁德市,霞浦县,福建省宁德市霞浦县松港北岐村,,,,,120.061562,26.877550
霞浦柏翠庵,汉语系,杨昭俤（释明开）,,福建省,宁德市,霞浦县,福建省宁德市霞浦县俊星文章阁19,,,,,119.999825,26.879393
霞浦栖圣寺,汉语系,林兴玉（释长慧）,,福建省,宁德市,霞浦县,福建省宁德市霞浦县盐田乡西胜村,,,,,119.843407,26.924181
霞浦永庆寺,汉语系,苏利仓（释妙莲）,,福建省,宁德市,霞浦县,福建省宁德市霞浦县溪南镇半路里村,,,,,119.860420,26.716621
霞浦沙塘观音寺,汉语系,周启频（释界良）,,福建省,宁德市,霞浦县,福建省宁德市霞浦县沙江镇沙塘村,,,,,120.034271,26.818071
霞浦法华寺,汉语系,黄位旺（释界旺）,,福建省,宁德市,霞浦县,福建省宁德市霞浦县长春镇大京法华村,,,,,120.069267,26.672131
霞浦流米寺,汉语系,徐奇光（释庚铭）,2010-09-01,福建省,宁德市,霞浦县,福建省宁德市霞浦县北壁乡池沃村,,,,,119.861481,26.558250
霞浦海云寺,汉语系,姜水官（释戒明）,,福建省,宁德市,霞浦县,福建省宁德市霞浦县海岛乡北霜南沃,,,,,120.154778,26.576130
霞浦清凉寺,汉语系,石成兵（释广法）,,福建省,宁德市,霞浦县,福建省宁德市霞浦县沙江镇水潮村,,,,,119.929314,26.786612
霞浦清和庵,汉语系,释明法,,福建省,宁德市,霞浦县,福建省宁德市霞浦县长春镇界石村,,,,,120.131088,26.728161
霞浦清福寺,汉语系,林上铨（释长元）,,福建省,宁德市,霞浦县,福建省宁德市霞浦县沙江镇南屏村,,,,,119.987579,26.794380
霞浦灵山寺,汉语系,陈奶善（释题平）,2006-01-01,福建省,宁德市,霞浦县,福建省宁德市霞浦县松港古岭下北山,,,,,120.058327,26.895361
霞浦灵峰寺,汉语系,何地前（释界超）,2008-01-01,福建省,宁德市,霞浦县,福建省宁德市霞浦县下浒镇下浒街龙岗山,,,,,119.991119,26.642841
霞浦牙城白云庵,汉语系,简美云（释宗仁）,,福建省,宁德市,霞浦县,福建省宁德市霞浦县牙城镇岐头里村,,,,,120.195412,26.981642
霞浦狮子庵,汉语系,林庭生（释题弘）,,福建省,宁德市,霞浦县,福建省宁德市霞浦县松港赤岸村,,,,,120.038712,26.906551
霞浦狮峰寺,汉语系,苏必满（释云清）,,福建省,宁德市,霞浦县,福建省宁德市霞浦县溪南镇长兴村,,,,,119.858681,26.724192
霞浦玉山寺,汉语系,徐应岳（释长明）,,福建省,宁德市,霞浦县,福建省宁德市霞浦县水门乡玉山村,,,,,120.067924,26.988962
霞浦玉龙寺,汉语系,释界盛,,福建省,宁德市,霞浦县,福建省宁德市霞浦县松城街道墓斗王坛村,,,,,119.985298,26.864841
霞浦瓜岭寺,汉语系,林国振（释题璐）,,福建省,宁德市,霞浦县,福建省宁德市霞浦县松港古岭下村,,,,,120.058327,26.895361
霞浦留云寺,汉语系,邱吉兴（释庚戒）,,福建省,宁德市,霞浦县,福建省宁德市霞浦县三沙镇西沃村,,,,,120.206879,26.920134
霞浦白鹤庵,汉语系,俞开朗（释界玲）,,福建省,宁德市,霞浦县,福建省宁德市霞浦县长春镇大京村,,,,,120.102364,26.700743
霞浦目莲上寺,汉语系,谢庆钦（释世空）,,福建省,宁德市,霞浦县,福建省宁德市霞浦县松城马洋村,,,,,119.958260,26.834461
霞浦目莲下寺,汉语系,刘灿康（释门洪）,,福建省,宁德市,霞浦县,福建省宁德市霞浦县松城马洋村,,,,,119.958260,26.834461
霞浦真如寺下院,汉语系,释海参,1989-01-01,福建省,宁德市,霞浦县,福建省宁德市霞浦县西关直街,,,,,120.005560,26.885170
霞浦石泉寺,汉语系,李品银（释界明）,,福建省,宁德市,霞浦县,福建省宁德市霞浦县溪南镇下砚村,,,,,119.875252,26.674751
霞浦石鼓寺,汉语系,胡国进（释世泉）,,福建省,宁德市,霞浦县,福建省宁德市霞浦县松港青岐村,,,,,120.082573,26.883402
霞浦秀峰寺,汉语系,吴阿石（释青忠）,,福建省,宁德市,霞浦县,福建省宁德市霞浦县北壁乡河山村,,,,,119.902542,26.568642
霞浦竹林庵,汉语系,王与轲（释慧正）,,福建省,宁德市,霞浦县,福建省宁德市霞浦县柏洋乡洋里村,,,,,119.944199,27.067762
霞浦罗汉寺,汉语系,龙文祥（释界峰）,,福建省,宁德市,霞浦县,福建省宁德市霞浦县松港赤岸村,,,,,120.038712,26.906551
霞浦老佛寺,汉语系,连香云（释世兆）,,福建省,宁德市,霞浦县,福建省宁德市霞浦县墓斗葫芦门村,,,,,119.965935,26.851093
霞浦莲花寺,汉语系,卓宋珍（释超澈）,,福建省,宁德市,霞浦县,福建省宁德市霞浦县盐田乡岐后村莲花山,,,,,120.042427,26.804401
霞浦莲花寺,汉语系,释定远,,福建省,宁德市,霞浦县,福建省宁德市霞浦县长春镇洪江村,,,,,120.049149,26.793150
霞浦西禅寺,汉语系,方碧云（释定平）,2010-09-01,福建省,宁德市,霞浦县,福建省宁德市霞浦县西关西山洋村,,,,,119.211128,26.666273
霞浦金台寺,汉语系,林文洲（释长德）,2010-09-01,福建省,宁德市,霞浦县,福建省宁德市霞浦县松港大树下村,,,,,120.050194,26.902922
霞浦金波寺,汉语系,释善悟,,福建省,宁德市,霞浦县,福建省宁德市霞浦县松港赤岸村,,,,,120.038712,26.906551
霞浦隆寿寺,汉语系,林上铨（释长元）,,福建省,宁德市,霞浦县,福建省宁德市霞浦县沙江镇塘里村,,,,,119.973900,26.779951
霞浦青泉庵,汉语系,鄢正杰（释宽云）,,福建省,宁德市,霞浦县,福建省宁德市霞浦县盐田乡盐田村,,,,,119.860199,26.851021
霞浦青竹寺,汉语系,肖啓华（释界盛）,,福建省,宁德市,霞浦县,福建省宁德市霞浦县沙江镇竹江村后沃,,,,,119.958382,26.773882
霞浦青龙寺,汉语系,陈兰美（释题贤）,,福建省,宁德市,霞浦县,福建省宁德市霞浦县牙城镇杨家溪村,,,,,120.123901,27.020250
霞浦青龙庵,汉语系,叶月娇（释云瑞）,,福建省,宁德市,霞浦县,福建省宁德市霞浦县溪南镇仙东村,,,,,119.915131,26.721581
霞浦香山寺,汉语系,杨仁山（释庚庆）,2010-09-01,福建省,宁德市,霞浦县,福建省宁德市霞浦县松港古岭下村,,,,,120.058327,26.895361
霞浦香觉寺,汉语系,刘玉花（释界修）,,福建省,宁德市,霞浦县,福建省宁德市霞浦县长春镇五路村,,,,,120.045059,26.725281
霞浦龙兴寺,汉语系,马立玉（释贤修）,,福建省,宁德市,霞浦县,福建省宁德市霞浦县松港外沃村,,,,,120.026926,26.913593
霞浦龙华寺,汉语系,卜宽敏（释法智）,,福建省,宁德市,霞浦县,福建省宁德市霞浦县松港凤凰池村,,,,,120.009323,26.892351
霞浦龙峰寺,汉语系,陈绍俤（释庚学）,,福建省,宁德市,霞浦县,福建省宁德市霞浦县松城野猫岭村,,,,,120.002632,26.887041
霞浦龙泉庵,汉语系,陈丽玉（释昇忠）,2010-09-01,福建省,宁德市,霞浦县,福建省宁德市霞浦县松港县下塘村,,,,,120.019882,26.899632
霞浦龙海寺,汉语系,胡国进（释世泉）,,福建省,宁德市,霞浦县,福建省宁德市霞浦县长春镇吕峡村,,,,,120.045059,26.725281
霞浦龙潭寺,汉语系,梅秀贞（释庚尼）,,福建省,宁德市,霞浦县,福建省宁德市霞浦县松港下村,,,,,120.005560,26.885170
霞浦龙车寺,汉语系,谢庆钦（释世空）,2013-03-01,福建省,宁德市,霞浦县,福建省宁德市霞浦县松城墓斗村,,,,,119.965935,26.851093
霞浦龙首寺,汉语系,苏良圭（释世起）,,福建省,宁德市,霞浦县,福建省宁德市霞浦县城北登安弄223,,,,,120.004494,26.887894
柘荣万寿寺,汉语系,释悟礼,,福建省,宁德市,柘荣县,福建省宁德市柘荣县楮坪乡楮坪村,,,,,119.821419,27.230701
柘荣东山寺,汉语系,张树良,,福建省,宁德市,柘荣县,福建省宁德市柘荣县黄柏乡高峰村,,,,,119.750214,27.155050
柘荣东山普光寺,汉语系,释贤融,2000-01-01,福建省,宁德市,柘荣县,福建省宁德市柘荣县双城镇东狮山,,,,,119.899239,27.232262
柘荣东峰寺,汉语系,谢春珠（释惟明,,福建省,宁德市,柘荣县,福建省宁德市柘荣县城郊乡赤岭村,,,,,119.899460,27.224102
柘荣五福寺,汉语系,释照常,,福建省,宁德市,柘荣县,福建省宁德市柘荣县楮坪乡洪坑村,,,,,119.793182,27.221882
柘荣仁全寺,汉语系,释世依,2000-01-01,福建省,宁德市,柘荣县,福建省宁德市柘荣县双城镇河洋村,,,,,119.899239,27.232262
柘荣仙岭时思庵,汉语系,纪孔喜,,福建省,宁德市,柘荣县,福建省宁德市柘荣县楮坪乡仙岭村,,,,,119.799644,27.235962
柘荣兴福寺,汉语系,释清照,,福建省,宁德市,柘荣县,福建省宁德市柘荣县黄柏乡上黄柏村,,,,,119.782791,27.176870
柘荣净土寺,汉语系,释戒通,,福建省,宁德市,柘荣县,福建省宁德市柘荣县城郊乡熊透村,,,,,119.910957,27.304192
柘荣同福寺,汉语系,释庚盘,,福建省,宁德市,柘荣县,福建省宁德市柘荣县乍洋乡石山村,,,,,120.007484,27.185431
柘荣圆明寺,汉语系,释戒妙,,福建省,宁德市,柘荣县,福建省宁德市柘荣县东源乡完店村,,,,,119.923637,27.144621
柘荣天星寺,汉语系,释悟光,,福建省,宁德市,柘荣县,福建省宁德市柘荣县黄柏乡陈家山村,,,,,119.781342,27.127333
柘荣天阁寺,汉语系,释悟珠,,福建省,宁德市,柘荣县,福建省宁德市柘荣县乍洋乡凤里村,,,,,120.048119,27.200274
柘荣妙莲寺,汉语系,释证愿,,福建省,宁德市,柘荣县,福建省宁德市柘荣县乍洋乡乍洋村,,,,,119.983047,27.237291
柘荣宝岩寺,汉语系,释题美,,福建省,宁德市,柘荣县,福建省宁德市柘荣县东源乡太阳村,,,,,119.869392,27.213282
柘荣宝峰寺,汉语系,释戒胜,2010-09-01,福建省,宁德市,柘荣县,福建省宁德市柘荣县乍洋乡前楼村,,,,,120.013023,27.197021
柘荣宝莲寺,汉语系,陈阿雄（释广仁）,,福建省,宁德市,柘荣县,福建省宁德市柘荣县东源乡太阳村,,,,,119.869392,27.213282
柘荣广福寺,汉语系,释界安,,福建省,宁德市,柘荣县,福建省宁德市柘荣县城郊乡前山村,,,,,119.894653,27.227863
柘荣明山寺,汉语系,释德荣,,福建省,宁德市,柘荣县,福建省宁德市柘荣县乍洋乡宝鉴宅村,,,,,119.959213,27.245192
柘荣普悦观音院,汉语系,释常健,,福建省,宁德市,柘荣县,福建省宁德市柘荣县东源乡山岭村,,,,,119.915222,27.210001
柘荣普觉寺,汉语系,释品辉,,福建省,宁德市,柘荣县,福建省宁德市柘荣县宅中乡西坪村,,,,,119.839882,27.121481
柘荣朝观寺,汉语系,释慧锋,,福建省,宁德市,柘荣县,福建省宁德市柘荣县富溪镇富溪村,,,,,119.834679,27.186411
柘荣棲云寺,汉语系,释德容,,福建省,宁德市,柘荣县,福建省宁德市柘荣县楮坪乡陆家庄村,,,,,119.778923,27.234560
柘荣清峰寺,汉语系,释戒思,,福建省,宁德市,柘荣县,福建省宁德市柘荣县乍洋乡留水村,,,,,119.985741,27.219501
柘荣清源寺,汉语系,释品忠,,福建省,宁德市,柘荣县,福建省宁德市柘荣县东源乡西源村,,,,,119.882652,27.214741
柘荣清灵寺,汉语系,释悟珠,,福建省,宁德市,柘荣县,福建省宁德市柘荣县东源乡王家山村,,,,,119.912727,27.179222
柘荣清福寺,汉语系,释戒旺,,福建省,宁德市,柘荣县,福建省宁德市柘荣县东源乡龟洋村,,,,,119.978882,27.136822
柘荣灵光寺,汉语系,释钦成,,福建省,宁德市,柘荣县,福建省宁德市柘荣县东源乡东源村,,,,,119.899940,27.211317
柘荣灵山寺,汉语系,吴敬地（释定敬）,2015-02-08,福建省,宁德市,柘荣县,福建省宁德市柘荣县城郊乡湄洋村黄竹坪,,,,,119.888229,27.241032
柘荣福泉寺,汉语系,释戒銮,,福建省,宁德市,柘荣县,福建省宁德市柘荣县东源乡桃坑村,,,,,119.945374,27.128950
柘荣福田寺,汉语系,释悟强,,福建省,宁德市,柘荣县,福建省宁德市柘荣县双城镇坪桥,,,,,119.911900,27.245350
柘荣立峰寺,汉语系,释悟顶,,福建省,宁德市,柘荣县,福建省宁德市柘荣县东源乡西源村,,,,,119.882652,27.214741
柘荣莲花寺,汉语系,释悟通,,福建省,宁德市,柘荣县,福建省宁德市柘荣县乍洋乡石山村,,,,,120.007484,27.185431
柘荣西塔寺,汉语系,释世元,,福建省,宁德市,柘荣县,福建省宁德市柘荣县城郊乡前山村,,,,,119.894653,27.227863
柘荣觉性寺,汉语系,释悟灯,,福建省,宁德市,柘荣县,福建省宁德市柘荣县东源乡山岭村,,,,,119.915222,27.210001
柘荣钟峰山慈灵寺,汉语系,释戒良,,福建省,宁德市,柘荣县,福建省宁德市柘荣县双城镇钟峰山,,,,,119.899200,27.232110
柘荣陵云寺,汉语系,释传明,,福建省,宁德市,柘荣县,福建省宁德市柘荣县乍洋乡凤里村,,,,,120.048119,27.200274
柘荣龙兴寺,汉语系,翁唐务（释戒灵）,,福建省,宁德市,柘荣县,福建省宁德市柘荣县双城镇上城社区,,,,,119.904213,27.237238
周宁万福寺,汉语系,肖赛容（释长青）,,福建省,宁德市,周宁县,福建省宁德市周宁县浦源镇浦源村,,,,,119.300041,27.119221
周宁九龙寺,汉语系,刘献月（释自月）,1996-10-01,福建省,宁德市,周宁县,福建省宁德市周宁县七步镇龙溪村,,,,,119.344749,27.071581
周宁兴福寺,汉语系,陈慈平（释长平）,,福建省,宁德市,周宁县,福建省宁德市周宁县浦源镇萌源村,,,,,119.320381,27.134171
周宁兴隆寺,汉语系,陈长花（释护良）,2010-08-01,福建省,宁德市,周宁县,福建省宁德市周宁县浦源镇浦源村,,,,,119.300041,27.119221
周宁凤山寺,汉语系,黄送花（戒明）,,福建省,宁德市,周宁县,福建省宁德市周宁县咸村镇川中村,,,,,119.387093,26.921371
周宁南峰庵,汉语系,释智光,2010-08-01,福建省,宁德市,周宁县,福建省宁德市周宁县李墩镇,,,,,119.288361,27.047993
周宁咸村兴福寺,汉语系,李木花（释题穆）,2011-06-01,福建省,宁德市,周宁县,福建省宁德市周宁县咸村镇樟源村,,,,,119.366653,26.963991
周宁孝义庵,汉语系,僧慈心,,福建省,宁德市,周宁县,福建省宁德市周宁县狮城镇蠌洞垄,,,,,119.336411,27.101051
周宁宝林寺,汉语系,郑秦美（释净性）,,福建省,宁德市,周宁县,福建省宁德市周宁县咸村镇咸村村,,,,,119.368057,26.934641
周宁延寿寺,汉语系,林翠平（释题屏）,2010-08-01,福建省,宁德市,周宁县,福建省宁德市周宁县浦源镇岔头村,,,,,119.300804,27.119141
周宁延寿庵,汉语系,陈长花（释传慧）,1997-12-01,福建省,宁德市,周宁县,福建省宁德市周宁县浦源镇萌底村,,,,,119.309891,27.142962
周宁廻龙寺,汉语系,郑佛团（题修）,,福建省,宁德市,周宁县,福建省宁德市周宁县浦源镇萌源村,,,,,119.320381,27.134171
周宁慈云寺,汉语系,谢题仙（释题仙）,,福建省,宁德市,周宁县,福建省宁德市周宁县浦源镇大桥头村,,,,,119.286003,27.121613
周宁慈福寺,汉语系,刘金容（释悟青）,,福建省,宁德市,周宁县,福建省宁德市周宁县浦源镇端源村,,,,,119.313438,27.128000
周宁慧日寺,汉语系,郑素花（净壶）,,福建省,宁德市,周宁县,福建省宁德市周宁县咸村镇政岩里慧日峰,,,,,119.366524,26.935911
周宁方广寺,汉语系,释自量,2010-08-01,福建省,宁德市,周宁县,福建省宁德市周宁县玛坑乡首章村,,,,,119.453094,26.996222
周宁显圣寺,汉语系,张大珠（释自善）,,福建省,宁德市,周宁县,福建省宁德市周宁县礼门乡油湾村,,,,,119.256538,26.964943
周宁来仙寺,汉语系,杨金寿（释贤通）,,福建省,宁德市,周宁县,福建省宁德市周宁县狮城镇城关东门,,,,,119.336411,27.101051
周宁水晶寺,汉语系,释昌妙,,福建省,宁德市,周宁县,福建省宁德市周宁县狮城镇城关东门,,,,,119.336411,27.101051
周宁永庆庵,汉语系,林长花（释昌禅）,2010-08-01,福建省,宁德市,周宁县,福建省宁德市周宁县狮城镇安后村永庆庵,,,,,119.314850,27.110840
周宁灵峰寺,汉语系,僧题定,2010-08-01,福建省,宁德市,周宁县,福建省宁德市周宁县纯池镇桃坑村,,,,,119.280014,27.271791
周宁玉山寺,汉语系,释法品,,福建省,宁德市,周宁县,福建省宁德市周宁县浦源镇吴山底村,,,,,119.265930,27.111053
周宁瑞龙寺,汉语系,释妙真,2010-08-01,福建省,宁德市,周宁县,福建省宁德市周宁县狮城镇瑞龙观1,,,,,119.331238,27.111361
周宁白云寺,汉语系,范立典（释题云）,2011-06-01,福建省,宁德市,周宁县,福建省宁德市周宁县浦源镇上洋村,,,,,119.293373,27.130512
周宁盘龙庵,汉语系,李明心（释严心）,,福建省,宁德市,周宁县,福建省宁德市周宁县李墩镇陈厝村,,,,,119.273491,27.044962
周宁般若寺,汉语系,范友池（释品辉）,,福建省,宁德市,周宁县,福建省宁德市周宁县纯池镇纯池村,,,,,119.318687,27.239111
周宁莲峰寺,汉语系,陈金香（释常乐）,2010-08-01,福建省,宁德市,周宁县,福建省宁德市周宁县纯池镇莲地村,,,,,119.324318,27.217140
周宁金凤庵,汉语系,张天竹（释成意）,,福建省,宁德市,周宁县,福建省宁德市周宁县七步镇溪头村,,,,,119.319542,27.072042
周宁鹏翔净土寺,汉语系,吴林花（释长根）,1994-08-01,福建省,宁德市,周宁县,福建省宁德市周宁县浦源镇潘山底村,,,,,119.297424,27.110195
莆田三江口一源堂,汉语系,李瑞仔（释愿修）,,福建省,莆田市,涵江区,福建省莆田市涵江区三江口镇双霞村,,,,,119.128929,25.433952
莆田三江口东清寺,汉语系,郑玉书（释持正）,,福建省,莆田市,涵江区,福建省莆田市涵江区三江口镇杨芳村新坡头,,,,,119.141960,25.450361
莆田三江口光明堂,汉语系,李瑞玉（释振空）,,福建省,莆田市,涵江区,福建省莆田市涵江区三江口镇东盛村,,,,,119.133102,25.431181
莆田三江口华光寺,汉语系,陈愿如（释愿如）,1989-01-01,福建省,莆田市,涵江区,福建省莆田市涵江区三江口镇高美村三江街1850号,,,,,119.125061,25.431112
莆田三江口宝林寺,汉语系,郑福炎（释宽亮）,2002-07-01,福建省,莆田市,涵江区,福建省莆田市涵江区三江口镇芳山村苏厝223号,,,,,119.137466,25.448160
莆田三江口梅胜庵,汉语系,李水英（释慈空）,,福建省,莆田市,涵江区,福建省莆田市涵江区三江口镇哆中村,,,,,119.130997,25.433250
莆田三江口永明寺,汉语系,黄文耀,,福建省,莆田市,涵江区,福建省莆田市涵江区三江口镇,,,,,119.122742,25.440620
莆田三江口源华堂,汉语系,妹哥（释清悟）,,福建省,莆田市,涵江区,福建省莆田市涵江区三江口镇鳌山村284号,,,,,119.155998,25.453272
莆田三江口福源庵,汉语系,林秀琼（释常妙）,2003-01-01,福建省,莆田市,涵江区,福建省莆田市涵江区三江口镇前明村洋顶福源庵,,,,,119.129837,25.431332
莆田三江口福盛堂,汉语系,黄丽丽（释理慧）,,福建省,莆田市,涵江区,福建省莆田市涵江区三江口镇鲸山村,,,,,119.146454,25.444962
莆田三江口金德堂,汉语系,张金松（释学空）,,福建省,莆田市,涵江区,福建省莆田市涵江区三江口镇东盛村金德堂,,,,,119.130241,25.435436
莆田囊山慈寿寺,汉语系,张金松（释学空）,2003-01-01,福建省,莆田市,涵江区,福建省莆田市涵江区江口镇囊山村,,,,,119.139473,25.501810
莆田国欢丰源寺,汉语系,郑亚妹（释达敏）,,福建省,莆田市,涵江区,福建省莆田市涵江区国欢镇黄霞村,,,,,119.109543,25.476681
莆田国欢寺,汉语系,梁金良（释持德）,1995-03-01,福建省,莆田市,涵江区,福建省莆田市涵江区国欢镇,,,,,119.118111,25.474882
莆田国欢有美亭,汉语系,陈双英（释通玄）,1998-01-01,福建省,莆田市,涵江区,福建省莆田市涵江区国欢镇铁灶村塔山大队86号,,,,,119.138618,25.460020
莆田国欢清源庵,汉语系,姚瑞英（释瑞参）,2005-01-01,福建省,莆田市,涵江区,福建省莆田市涵江区国欢镇沁东村153号,,,,,119.131561,25.485121
莆田国欢香明庵,汉语系,吴梅珍（释学恒）,2005-01-01,福建省,莆田市,涵江区,福建省莆田市涵江区国欢镇都分村,,,,,119.118111,25.474882
莆田国欢香林庵,汉语系,侯振慈（释振慈）,,福建省,莆田市,涵江区,福建省莆田市涵江区国欢镇码头村416-1号,,,,,119.099121,25.468323
莆田庄边开福寺,汉语系,吴振焰（释敏玄）,2003-01-01,福建省,莆田市,涵江区,福建省莆田市涵江区庄边镇岐山村开福寺,,,,,118.886604,25.652433
莆田梧塘继善寺,汉语系,詹金妹（释深悦）,1996-01-01,福建省,莆田市,涵江区,福建省莆田市涵江区梧塘镇九峰村38号,,,,,119.124184,25.505852
莆田江口东来寺,汉语系,李文灿,,福建省,莆田市,涵江区,福建省莆田市涵江区江口镇,,,,,119.196434,25.485323
莆田江口会源堂,汉语系,何国英（释常禅）,2003-01-01,福建省,莆田市,涵江区,福建省莆田市涵江区江口镇石东村131号,,,,,119.167809,25.479122
莆田江口兴林寺,汉语系,林建芳（释理参）,2003-01-01,福建省,莆田市,涵江区,福建省莆田市涵江区江口镇上后村后俞,,,,,119.217598,25.520622
莆田江口圣寿寺,汉语系,李光兵（释常根）,,福建省,莆田市,涵江区,福建省莆田市涵江区江口镇厚峰村378号,,,,,119.162743,25.490993
莆田江口妙源堂,汉语系,关常静（释常静）,,福建省,莆田市,涵江区,福建省莆田市涵江区江口镇孝义路356-8号,,,,,119.196434,25.485323
莆田江口庆华堂,汉语系,欧金爱（释坤禅）,,福建省,莆田市,涵江区,福建省莆田市涵江区江口镇石西村顶后厝三中,,,,,119.166054,25.477514
莆田江口慈云庵,汉语系,黄福裕（释真玄）,1995-01-01,福建省,莆田市,涵江区,福建省莆田市涵江区江口镇石东村下旧厝15号,,,,,119.167809,25.479122
莆田江口慈善庵,汉语系,王芳兰（释圆悟）,2005-01-01,福建省,莆田市,涵江区,福建省莆田市涵江区江口镇园下村桥尾山62号,,,,,119.209671,25.492781
莆田江口慈寿庵,汉语系,王珍珠（释正皓）,,福建省,莆田市,涵江区,福建省莆田市涵江区江口镇建宁东路339-1号,,,,,119.196434,25.485323
莆田江口慈源庵,汉语系,关福金（释理金）,2003-01-01,福建省,莆田市,涵江区,福建省莆田市涵江区江口镇园顶村林墩41号,,,,,119.200500,25.497021
莆田江口普陀庵,汉语系,李亚宝（释宝心）,2002-07-01,福建省,莆田市,涵江区,福建省莆田市涵江区江口镇新前村油兰40号,,,,,119.194489,25.486742
莆田江口正善堂,汉语系,黄秀云（释文慧）,2005-01-01,福建省,莆田市,涵江区,福建省莆田市涵江区江口镇丰山村霞肖97号,,,,,119.172325,25.486855
莆田江口福祥庵,汉语系,何明莲（释明莲）,2005-01-01,福建省,莆田市,涵江区,福建省莆田市涵江区江口下后路福祥庵,,,,,119.116300,25.458790
莆田江口秀源堂,汉语系,何国英（释常禅）,,福建省,莆田市,涵江区,福建省莆田市涵江区江口港下秀源堂,,,,,119.113045,25.459513
莆田江口西来寺,汉语系,郑忠兴（释达空）,1987-01-01,福建省,莆田市,涵江区,福建省莆田市涵江区江口镇石狮村西来寺,,,,,119.191803,25.514921
莆田江口觉路堂,汉语系,王亚贤（释能恒）,,福建省,莆田市,涵江区,福建省莆田市涵江区江口镇石东村上林亭,,,,,119.174713,25.478571
莆田江口鹤林寺,汉语系,李秋玉（释玉心）,2003-01-01,福建省,莆田市,涵江区,福建省莆田市涵江区江口镇石东村石农街808弄2号,,,,,119.167809,25.479122
莆田江口鹤林庵,汉语系,黄亚芳（释理金）,1987-01-01,福建省,莆田市,涵江区,福建省莆田市涵江区江口镇石东村,,,,,119.167809,25.479122
莆田江口鼓峰涌源寺,汉语系,陈文海（释证空）,2003-01-01,福建省,莆田市,涵江区,福建省莆田市涵江区江口镇官庄村300号,,,,,119.230537,25.534660
莆田涵东上生寺,汉语系,陈玉荣（释妙性）,,福建省,莆田市,涵江区,福建省莆田市涵江区涵东街道卓坡社区,,,,,119.120567,25.461082
莆田涵东义德堂,汉语系,释建达,,福建省,莆田市,涵江区,福建省莆田市涵江区涵东街道霞徐社区大宫前23号,,,,,119.107803,25.448631
莆田涵东圆照寺,汉语系,王金妹（释慧重）,,福建省,莆田市,涵江区,福建省莆田市涵江区涵东街道涵三湖滨路449号,,,,,119.117249,25.455006
莆田涵东塘北寺,汉语系,朱美霜（释常净）,,福建省,莆田市,涵江区,福建省莆田市涵江区涵东街道塘北街346弄66号,,,,,119.108330,25.457150
莆田涵东应华堂,汉语系,林凤玉（释德珍）,,福建省,莆田市,涵江区,福建省莆田市涵江区涵东街道边防路317弄145号,,,,,119.113493,25.449590
莆田涵东济源寺,汉语系,庄春森（释怀玄）,,福建省,莆田市,涵江区,福建省莆田市涵江区涵东街道苍然社区23号,,,,,119.113106,25.450886
莆田涵东贤德堂,汉语系,陈梅英,1989-01-01,福建省,莆田市,涵江区,福建省莆田市涵江区涵东街道宫下103-1号,,,,,119.121689,25.459192
莆田涵东鳌山圆照寺,汉语系,陈丹丹（释常慧）,,福建省,莆田市,涵江区,福建省莆田市涵江区涵东街道苍然社区8号,,,,,119.113106,25.450886
莆田涵西壶光寺,汉语系,郑金清（释能清）,,福建省,莆田市,涵江区,福建省莆田市涵江区涵西街道商业城壶光寺,,,,,119.095200,25.452364
莆田涵西如意堂,汉语系,吴瑞瑶（释学心）,1989-01-01,福建省,莆田市,涵江区,福建省莆田市涵江区涵西街道宫口路49号如意堂,,,,,119.106819,25.452791
莆田涵西涌林庵,汉语系,潘珍梅（释元梅）,,福建省,莆田市,涵江区,福建省莆田市涵江区涵西街道后效路91号,,,,,119.110954,25.462217
莆田涵西真华堂,汉语系,王琼华（释妙华）,,福建省,莆田市,涵江区,福建省莆田市涵江区涵西街道楼下芦埕角24号,,,,,119.103722,25.450953
莆田涵西石禅寺,汉语系,尤瑞凤,,福建省,莆田市,涵江区,福建省莆田市涵江区涵西街道延宁社区,,,,,119.105927,25.448284
莆田涵西莲桂庵,汉语系,占碧英（释悟诚）,1989-01-01,福建省,莆田市,涵江区,福建省莆田市涵江区涵西街道南宫口路648号,,,,,119.102760,25.454070
莆田涵西道法堂,汉语系,陈洪程（释妙龙）,2002-07-01,福建省,莆田市,涵江区,福建省莆田市涵江区涵西街道涵西社区港头,,,,,119.100204,25.450052
莆田白塘吉祥寺,汉语系,释建达,,福建省,莆田市,涵江区,福建省莆田市涵江区白塘镇镇前村178号,,,,,119.087173,25.426672
莆田白塘明德庵,汉语系,陈秀花（释慧秀）,2001-01-01,福建省,莆田市,涵江区,福建省莆田市涵江区白塘镇埭里村下墩,,,,,119.071938,25.470570
莆田白塘流寂堂,汉语系,林聪治（释学持）,2003-01-01,福建省,莆田市,涵江区,福建省莆田市涵江区白塘镇安仁村新港1号,,,,,119.084969,25.463652
莆田白塘照觉堂,汉语系,郑尾妹（释妙涵）,,福建省,莆田市,涵江区,福建省莆田市涵江区白塘镇陈桥村99号,,,,,119.075478,25.438602
莆田白塘迎福寺,汉语系,吴春香（释静禅）,2002-07-01,福建省,莆田市,涵江区,福建省莆田市涵江区白塘镇上梧村上俞239号,,,,,119.095894,25.439701
莆田白塘飞来寺,汉语系,廖益平（释殿华）,2004-04-01,福建省,莆田市,涵江区,福建省莆田市涵江区白塘镇镇江村997号,,,,,119.089348,25.428122
莆田白沙惠峰堂,汉语系,张仁树,2002-07-01,福建省,莆田市,涵江区,福建省莆田市涵江区白沙镇,,,,,119.009743,25.591133
莆田新度下坂白云寺,汉语系,释禅妙,,福建省,莆田市,荔城区,福建省莆田市荔城区新度下坂村,新度镇有座白云寺，建于唐宋年间，历代有重修。近年重修的白云寺古朴典雅，四周果树绿油，面貌一新。寺内立了几块碑，其中有块刻着陆秀夫《吟白云寺》的诗碑特别引人注目：“松华冉冉点苍苔,,,,119.030128,25.376591
莆田新度下坂咸照寺,汉语系,释秀德,2005-01-01,福建省,莆田市,荔城区,福建省莆田市荔城区新度下坂村,屋角梧桐次第开。人依栏杆犹未去，一双白鹤破山来。”这是一首写白云寺风光的诗，意思是：白云寺的四周松树苍翠茂密，开着的松花撒落在长着青苔的地上，梧桐花一朵朵先后绽放。游人靠在栏杆旁看着美景久久不愿离去，有两只白鹤从山那边飞了过来。,,,,119.030128,25.376591
莆田新度下横山龙泉寺,汉语系,释佛道,2005-01-01,福建省,莆田市,荔城区,福建省莆田市荔城区新度下横山村,龙泉禅寺坐落在壶公山支脉横山山麓，荔城区新度镇下横山村的寺庙，始建于公元998年。,,,,119.001823,25.394241
莆田横塘白衣庵,汉语系,释宽祯,2003-06-06,福建省,莆田市,荔城区,福建省莆田市荔城区黄石镇横塘村后厝89号,白衣庵位于福建省莆田市荔城区黄石镇横塘村上塘境，地处壶公山麓，绿野环绕，百鸟啁啾，生机盎然，是弘佛修身的好去处。此庵建于清光绪二十年，系里人张亚居皈依佛门自建家庙，崇奉观音大士，取名白衣堂，为龟山寺下院。,,,,119.055298,25.364191
莆田七步德善堂,汉语系,释一禅,2003-04-01,福建省,莆田市,荔城区,福建省莆田市荔城区拱辰街道七步村郊西25号,,,,,119.056358,25.452702
莆田三山同善堂,汉语系,释性喜,2004-12-01,福建省,莆田市,荔城区,福建省莆田市荔城区西天尾镇三山村山后同善堂,,,,,119.063988,25.498852
莆田三山善信堂,汉语系,释志明,2004-12-01,福建省,莆田市,荔城区,福建省莆田市荔城区西天尾镇三山村下柯,,,,,119.059349,25.500591
莆田下坂善安寺,汉语系,释实贤,2004-07-16,福建省,莆田市,荔城区,福建省莆田市荔城区新度镇下坂村山坪61号,,,,,119.035233,25.372192
莆田下山金山寺,汉语系,李金穗,,福建省,莆田市,荔城区,福建省莆田市秀屿区湄洲镇鹅山路1112号,,,,,119.121384,25.031630
莆田东埭德庆庵,汉语系,释普珠,,福建省,莆田市,荔城区,福建省莆田市荔城区黄石镇东埭村东后路11号,,,,,119.113853,25.376690
莆田东山报恩寺,汉语系,释真山,2003-04-08,福建省,莆田市,荔城区,福建省莆田市荔城区镇海街道东岩山报恩寺,,,,,119.018745,25.445852
莆田东皋西湖堂,汉语系,释心英,2004-12-01,福建省,莆田市,荔城区,福建省莆田市荔城区北高镇东皋村下厝49号,,,,,119.220161,25.338161
莆田东郊善信堂,汉语系,释宽琪,2003-05-22,福建省,莆田市,荔城区,福建省莆田市荔城区新度镇东郊村下宋93号,,,,,119.050621,25.370901
莆田东郊清心庵,汉语系,释培参,,福建省,莆田市,荔城区,福建省莆田市荔城区新度镇东郊村西利129号,,,,,119.043480,25.374552
莆田仪门观音阁寺,汉语系,释悟心,2003-05-23,福建省,莆田市,荔城区,福建省莆田市荔城区拱辰街道观音阁,,,,,119.082291,25.384802
莆田前亭仁源亭寺,汉语系,释心亮,,福建省,莆田市,荔城区,福建省莆田市荔城区北高镇前亭村林宅,,,,,119.220367,25.315521
莆田前亭清莲庵,汉语系,释通连,2005-01-01,福建省,莆田市,荔城区,福建省莆田市荔城区北高镇前亭村林垞99号,,,,,119.218491,25.326241
莆田前徐贞节庵,汉语系,释贤厚,2010-06-08,福建省,莆田市,荔城区,福建省莆田市荔城区北高镇高峰村前徐600号,,,,,119.180321,25.337339
莆田北高汀峰安闲庵,汉语系,释离凡,,福建省,莆田市,荔城区,福建省莆田市荔城区北高镇汀峰村,,,,,119.158249,25.361921
莆田华中楞伽寺,汉语系,释长福,,福建省,莆田市,荔城区,福建省莆田市荔城区黄石镇华中村东余,,,,,119.099091,25.400852
莆田后卓信善堂,汉语系,释法金,,福建省,莆田市,荔城区,福建省莆田市荔城区西天尾镇后卓村桃峰258号,,,,,119.042007,25.480001
莆田后卓法华寺,汉语系,释觉正,2003-03-04,福建省,莆田市,荔城区,福建省莆田市荔城区西天尾镇后卓村庆丰14号,,,,,119.035713,25.486950
莆田后吴天龙寺,汉语系,释寂兴,,福建省,莆田市,荔城区,福建省莆田市荔城区北高镇北高村后吴161号,,,,,119.150421,25.343781
莆田善乡善现堂,汉语系,释见顺,,福建省,莆田市,荔城区,福建省莆田市荔城区新度镇善乡村古代74号,,,,,119.036629,25.361341
莆田圳头宝兴庵,汉语系,释见真,,福建省,莆田市,荔城区,福建省莆田市荔城区新度镇新度村圳头26号,,,,,119.046562,25.396692
莆田埕前贞节庵,汉语系,释寂玉,,福建省,莆田市,荔城区,福建省莆田市荔城区北高镇埕前村坨板61号,,,,,119.205391,25.317083
莆田埕头芳源庵,汉语系,释参空,2003-03-04,福建省,莆田市,荔城区,福建省莆田市荔城区北高镇埕头村前坊新北街25号,,,,,119.190071,25.321341
莆田塘头紫竹亭寺,汉语系,释智如,,福建省,莆田市,荔城区,福建省莆田市荔城区黄石镇黄石居委会丰石西路452号,,,,,119.080399,25.379192
莆田壶公山真净寺,汉语系,释宽印,,福建省,莆田市,荔城区,福建省莆田市荔城区新度壶公山真净寺,,,,,119.013443,25.354822
莆田壶公山福源寺,汉语系,释品净,,福建省,莆田市,荔城区,福建省莆田市荔城区新度镇壶公山,,,,,119.020973,25.343672
莆田惠上善和庵,汉语系,释静空,,福建省,莆田市,荔城区,福建省莆田市荔城区黄石镇惠上村东沟外20号,,,,,119.119797,25.356590
莆田拱辰第一庵,汉语系,释照禅,2003-04-08,福建省,莆田市,荔城区,福建省莆田市荔城区拱辰街道拱辰居委会仪门路153号,,,,,119.022301,25.443163
莆田拱辰西洙西兴寺,汉语系,释性慈,,福建省,莆田市,荔城区,福建省莆田市荔城区拱辰街道张镇村江边,,,,,119.055504,25.414152
莆田新塘善发庵,汉语系,释普春,,福建省,莆田市,荔城区,福建省莆田市荔城区新度镇沟尾村新塘901号,,,,,119.044144,25.357891
莆田新度港利一善堂,汉语系,释贤杰,,福建省,莆田市,荔城区,福建省莆田市荔城区新度镇港利村,,,,,119.052025,25.404303
莆田栏山象山亭寺,汉语系,释学兰,,福建省,莆田市,荔城区,福建省莆田市荔城区北高镇栏山村,,,,,119.181252,25.328651
莆田汀潭法泉寺,汉语系,释宽净,2003-03-04,福建省,莆田市,荔城区,福建省莆田市荔城区黄石镇订谭村,,,,,119.080124,25.379650
莆田江边德丰寺,汉语系,释明镜,2004-12-01,福建省,莆田市,荔城区,福建省莆田市荔城区拱辰街道张镇村江边自然村111号,,,,,119.058403,25.437443
莆田沙坂万善寺,汉语系,释学珠,2004-12-01,福建省,莆田市,荔城区,福建省莆田市荔城区黄石镇沙坂村坂头118号,,,,,119.073128,25.382450
莆田沙坂根本堂,汉语系,释玉心,,福建省,莆田市,荔城区,福建省莆田市荔城区黄石镇沙坂村,,,,,119.073128,25.382450
莆田洞湖真慈寺,汉语系,释照禅,,福建省,莆田市,荔城区,福建省莆田市荔城区西天尾镇洞湖村洞湖3号,,,,,119.042038,25.475512
莆田渡岭隆兴寺,汉语系,释信珍,,福建省,莆田市,荔城区,福建省莆田市荔城区北高镇渡岭村,,,,,119.171402,25.318491
莆田港利宝峰寺,汉语系,释妙峰,,福建省,莆田市,荔城区,福建省莆田市荔城区新度镇港利村,,,,,119.052025,25.404303
莆田溪东玉泉寺,汉语系,释贤实,,福建省,莆田市,荔城区,福建省莆田市荔城区新度镇扬美村溪东,,,,,119.029259,25.399832
莆田濠浦福善庵,汉语系,释普治,2004-01-01,福建省,莆田市,荔城区,福建省莆田市荔城区拱辰街道濠浦村下亭,,,,,119.045563,25.451023
莆田畅林御风亭寺,汉语系,释普慈,,福建省,莆田市,荔城区,福建省莆田市荔城区拱辰街道畅林村,,,,,119.030273,25.462162
莆田竹庄一本堂,汉语系,释普银,2005-01-01,福建省,莆田市,荔城区,福建省莆田市荔城区北高镇竹庄村,,,,,119.199471,25.336252
莆田竹庄精性堂,汉语系,释善香,2004-12-01,福建省,莆田市,荔城区,福建省莆田市荔城区北高镇竹庄村,,,,,119.199471,25.336252
莆田美兰圆觉堂,汉语系,释贤厚,,福建省,莆田市,荔城区,福建省莆田市荔城区北高镇美兰村美兰545号,,,,,119.207344,25.346247
莆田美兰圆顿寺,汉语系,释海开,,福建省,莆田市,荔城区,福建省莆田市荔城区北高镇美兰村,,,,,119.207344,25.346247
莆田英龙云门寺,汉语系,释普宽,,福建省,莆田市,荔城区,福建省莆田市荔城区镇海街道双池巷29号,,,,,119.022079,25.426033
莆田英龙冰心庵,汉语系,释照光,,福建省,莆田市,荔城区,福建省莆田市荔城区镇海街道英惠巷86号,,,,,119.020837,25.436082
莆田英龙白云岩寺,汉语系,释妙玄,,福建省,莆田市,荔城区,福建省莆田市荔城区镇海街道胜利北街1306号,,,,,119.019050,25.442950
莆田西利长明寺,汉语系,释祥镜,2004-12-01,福建省,莆田市,荔城区,福建省莆田市荔城区黄石镇西利村余埭108号,,,,,119.070084,25.427382
莆田西天尾后卓正明堂,汉语系,释法金,,福建省,莆田市,荔城区,福建省莆田市荔城区西天尾镇后卓村,,,,,119.037819,25.484632
莆田西天尾后埔象峰寺,汉语系,释慧胜,2005-01-01,福建省,莆田市,荔城区,福建省莆田市荔城区西天尾镇后埔村,,,,,119.044411,25.497103
莆田西天尾吴江瑞道堂,汉语系,释静心,,福建省,莆田市,荔城区,福建省莆田市荔城区西天尾镇吴江村,,,,,119.064590,25.465441
莆田西天尾渭阳通明寺,汉语系,释池宗,,福建省,莆田市,荔城区,福建省莆田市荔城区西天尾镇渭阳村149号,,,,,119.056328,25.510632
莆田西天尾溪白大光寺,汉语系,释文悟,,福建省,莆田市,荔城区,福建省莆田市荔城区西天尾镇溪白村,,,,,119.030746,25.474899
莆田西天尾溪白大明堂,汉语系,释持敏,,福建省,莆田市,荔城区,福建省莆田市荔城区西天尾镇溪白村,,,,,119.030746,25.474899
莆田西天尾碗洋青山寺,汉语系,释如婴,,福建省,莆田市,荔城区,福建省莆田市荔城区西天尾镇碗洋村,,,,,119.059059,25.487640
莆田遮浪真源庵,汉语系,释圣玄,,福建省,莆田市,荔城区,福建省莆田市荔城区遮浪村辛田片139号,,,,,119.120071,25.403240
莆田金山德善庵,汉语系,释定通,,福建省,莆田市,荔城区,福建省莆田市荔城区黄石镇金山村海头46号,,,,,119.113579,25.392233
莆田镇海塔庵,汉语系,释通达,2004-01-01,福建省,莆田市,荔城区,福建省莆田市荔城区镇海街道镇海中街198号,,,,,119.024670,25.430720
莆田镇海新溪白毫庵,汉语系,释贤俊,2005-01-01,福建省,莆田市,荔城区,福建省莆田市荔城区镇海街道新溪村,,,,,119.033073,25.414801
莆田镇海普照寺,汉语系,释广莲,,福建省,莆田市,荔城区,福建省莆田市荔城区镇海街道镇海东门头99号,,,,,119.022079,25.426033
莆田镇海金刚寺,汉语系,释真智,,福建省,莆田市,荔城区,福建省莆田市荔城区镇海街道胜利北街1155号,,,,,119.018010,25.442180
莆田镇海陆霞寺,汉语系,释真春,,福建省,莆田市,荔城区,福建省莆田市荔城区镇海街道阔口村下墩,,,,,119.029060,25.428961
莆田阔口清源庵,汉语系,释兴心,,福建省,莆田市,荔城区,福建省莆田市荔城区镇海街道阔口村阔口145号,,,,,119.028084,25.423265
莆田阳城新兴庵,汉语系,释宽悟,,福建省,莆田市,荔城区,福建省莆田市荔城区新度镇阳城村,,,,,119.062958,25.395355
莆田黄石东埭致和庵,汉语系,释法泉,,福建省,莆田市,荔城区,福建省莆田市荔城区黄石镇东埭村,,,,,119.113853,25.376690
莆田黄石东甲福源寺,汉语系,释性智,,福建省,莆田市,荔城区,福建省莆田市荔城区黄石镇东甲村,,,,,119.127739,25.393421
莆田黄石惠下福顺寺,汉语系,释如华,,福建省,莆田市,荔城区,福建省莆田市荔城区黄石镇惠下村,,,,,119.108711,25.365622
莆田黄石桥兜开源庵,汉语系,释真性,,福建省,莆田市,荔城区,福建省莆田市荔城区黄石镇桥兜村,,,,,119.085381,25.411072
莆田黄石西洪明德庵,汉语系,释妙玄,2005-01-01,福建省,莆田市,荔城区,福建省莆田市荔城区黄石镇西洪村,,,,,119.068634,25.414572
莆田黄石遮浪善源庵,汉语系,释志玄,,福建省,莆田市,荔城区,福建省莆田市荔城区黄石镇遮浪村,,,,,119.120071,25.403240
莆田黄石重兴寺,汉语系,释智如,2005-01-01,福建省,莆田市,荔城区,福建省莆田市荔城区黄石镇黄石街,,,,,119.080124,25.379650
莆田龙山万福寺,汉语系,释现明,,福建省,莆田市,荔城区,福建省莆田市荔城区西天尾镇龙山村,,,,,119.055122,25.478123
莆田龙山玉清庵,汉语系,释智宗,,福建省,莆田市,荔城区,福建省莆田市荔城区西天尾镇龙山村大桥头114号,,,,,119.057983,25.474892
莆田龙山龙重寺,汉语系,释振莲,,福建省,莆田市,荔城区,福建省莆田市荔城区西天尾镇龙山村北山133号,,,,,119.056931,25.484131
仙游榜头圆通寺,汉语系,释悟贵,,福建省,莆田市,仙游县,福建省莆田市仙游县榜头镇后板村,莆田仙游圆通寺又名后坂寺，雅称“第二方广岩”，在福建莆田仙游县榜头乡后坡高平山下。圆通寺始建于南宋高宗绍兴二年（公元1132年）。寺是依岩凭洞巧建成的，每逢春雾达漫之际，顽石披纱，洞窟烟涌，蔚为奇观。据传，当时有个姓陈的收童入山放牧，遇见一个白须老翁，童颜鹤发，自诩法名伽蓝，在此养身守岩。牧童欲问其根由，老翁倏然不见，却在云端显现。牧童心有所悟，就云游各地募捐题缘，敛集一笔钱后，就在仙翁隐化之处修洞建寺。破土动工时，何氏九仙云游到此，移来石板为瓦，劈开石洞为室，助建圆通寺。乡民感其神力，敬奉陈年佳酿。九仙痛饮一番，醉卧石崖，至今留有醉仙睡迹。元顺帝至元四年（公元1338年），仙游县官达鲁花赤残酷压迫乡民，民众纷纷起义反抗。一些蟊贼趁机掠劫焚毁圆通寺。清朝康熙八年（公元1669年），后坂陈姓族人重新修建，圆通寺才有今天这样的规模。,,,,118.756485,25.442669
仙游园庄元堂寺,汉语系,释明妙,,福建省,莆田市,仙游县,福建省莆田市仙游县园庄高峰村,,,,,118.715279,25.230232
仙游园庄回文寺,汉语系,释性兰,1999-03-01,福建省,莆田市,仙游县,福建省莆田市仙游县园庄镇东石村,,,,,118.717102,25.249632
仙游园庄安泉寺,汉语系,释明道,,福建省,莆田市,仙游县,福建省莆田市仙游县园庄镇枫林村,,,,,118.741890,25.205381
仙游园庄小陀山寺,汉语系,释章华,,福建省,莆田市,仙游县,福建省莆田市仙游县园庄镇园庄村,,,,,118.754883,25.211012
仙游园庄庆元寺,汉语系,释性证,1999-03-01,福建省,莆田市,仙游县,福建省莆田市仙游县园庄镇云峰村,,,,,118.724251,25.221153
仙游园庄应济寺,汉语系,释朗学,,福建省,莆田市,仙游县,福建省莆田市仙游县园庄镇云峰村,,,,,118.724251,25.221153
仙游园庄德正堂,汉语系,释文洪,1999-03-01,福建省,莆田市,仙游县,福建省莆田市仙游县园庄镇霞山村,,,,,118.740601,25.213173
仙游园庄慈云堂,汉语系,释慧珍,1999-03-01,福建省,莆田市,仙游县,福建省莆田市仙游县园庄镇大埔村,,,,,118.759705,25.211292
仙游园庄慈福寺,汉语系,释性品,,福建省,莆田市,仙游县,福建省莆田市仙游县园庄镇霞山村,,,,,118.740601,25.213173
仙游园庄明泉寺,汉语系,释章智,1999-02-01,福建省,莆田市,仙游县,福建省莆田市仙游县园庄镇枫林村,,,,,118.741890,25.205381
仙游园庄正福寺,汉语系,释定觉,,福建省,莆田市,仙游县,福建省莆田市仙游县园庄镇宫兜村,,,,,118.730431,25.218431
仙游园庄法雨堂,汉语系,释文园,1999-02-01,福建省,莆田市,仙游县,福建省莆田市仙游县园庄镇塔兜村,,,,,118.762383,25.217991
仙游园庄法龙堂,汉语系,释妙觉,,福建省,莆田市,仙游县,福建省莆田市仙游县园庄镇宫兜村,,,,,118.730431,25.218431
仙游园庄清峰阁寺,汉语系,释妙悟,1999-03-01,福建省,莆田市,仙游县,福建省莆田市仙游县园庄镇鳌峰村,,,,,118.713699,25.229881
仙游园庄狮山堂,汉语系,释真勒,1999-02-01,福建省,莆田市,仙游县,福建省莆田市仙游县园庄镇大浦村,,,,,118.753685,25.208742
仙游园庄神仙阁,汉语系,释秀藻,2009-10-09,福建省,莆田市,仙游县,福建省莆田市仙游县园庄镇洋尾村,,,,,118.726151,25.217140
仙游园庄迴岸堂,汉语系,释文照,1999-02-01,福建省,莆田市,仙游县,福建省莆田市仙游县园庄镇霞山村,,,,,118.740601,25.213173
仙游园庄青龙寺,汉语系,释道静,2009-12-18,福建省,莆田市,仙游县,福建省莆田市仙游县园庄镇鳌峰村,,,,,118.713699,25.229881
仙游大济三会寺,汉语系,释仁昌,1995-05-01,福建省,莆田市,仙游县,福建省莆田市仙游县大济镇,,,,,118.639900,25.367802
仙游大济南林寺,汉语系,释明定,,福建省,莆田市,仙游县,福建省莆田市仙游县大济镇北山村,,,,,118.545418,25.354893
仙游大济广化堂,汉语系,释贤持,,福建省,莆田市,仙游县,福建省莆田市仙游县大济镇文殊村,,,,,118.589188,25.372252
仙游大济广清堂,汉语系,释觉融,,福建省,莆田市,仙游县,福建省莆田市仙游县大济镇鸟石村,,,,,118.639900,25.367802
仙游大济明云堂,汉语系,释全真,,福建省,莆田市,仙游县,福建省莆田市仙游县大济镇坑北村,,,,,118.640274,25.390432
仙游大济海霖寺,汉语系,释理文,,福建省,莆田市,仙游县,福建省莆田市仙游县大济镇蒲峰村,,,,,118.655518,25.389112
仙游大济清紫庵,汉语系,释净参,1999-03-01,福建省,莆田市,仙游县,福建省莆田市仙游县大济镇钟峰村,,,,,118.612549,25.370472
仙游大济瑞香堂,汉语系,释如达,,福建省,莆田市,仙游县,福建省莆田市仙游县大济镇尾坂村,,,,,118.633148,25.383162
仙游大济碧云洞寺,汉语系,释贤隆,2000-07-01,福建省,莆田市,仙游县,福建省莆田市仙游县大济镇坑北村,,,,,118.640274,25.390432
仙游大济菩提寺,汉语系,释见英,,福建省,莆田市,仙游县,福建省莆田市仙游县大济镇钟峰村,,,,,118.612549,25.370472
仙游大济诚建堂,汉语系,释学培,1998-11-01,福建省,莆田市,仙游县,福建省莆田市仙游县大济西南村,,,,,118.640770,25.358061
仙游大济诚明堂,汉语系,释学善,,福建省,莆田市,仙游县,福建省莆田市仙游县大济镇三会村,,,,,118.625534,25.362053
仙游大济诚林堂,汉语系,释贤嶸,1999-02-01,福建省,莆田市,仙游县,福建省莆田市仙游县大济镇后林村,,,,,118.633789,25.349682
仙游度尾东山寺,汉语系,释达愿,,福建省,莆田市,仙游县,福建省莆田市仙游县度尾镇东峰村,,,,,118.586143,25.409832
仙游度尾大悲堂,汉语系,释学静,,福建省,莆田市,仙游县,福建省莆田市仙游县度尾镇,,,,,118.580948,25.408981
仙游度尾天明堂,汉语系,释觉露,,福建省,莆田市,仙游县,福建省莆田市仙游县度尾镇塘边村,,,,,118.580948,25.408981
仙游度尾安怀堂,汉语系,释学烟,,福建省,莆田市,仙游县,福建省莆田市仙游县度尾镇度峰村,,,,,118.582283,25.400240
仙游度尾定津亭,汉语系,释牟星,,福建省,莆田市,仙游县,福建省莆田市仙游县度尾镇塘边村,,,,,118.580948,25.408981
仙游度尾岱仙临济寺,汉语系,释妙清,,福建省,莆田市,仙游县,福建省莆田市仙游县度尾镇后埔村,,,,,118.559532,25.458862
仙游度尾岱元堂,汉语系,释彩正,,福建省,莆田市,仙游县,福建省莆田市仙游县度尾中峰村,,,,,118.573174,25.442261
仙游度尾新莲寺,汉语系,释学文,,福建省,莆田市,仙游县,福建省莆田市仙游县度尾镇埔尾村,,,,,118.527382,25.431860
仙游度尾西真寺,汉语系,释贤钦,,福建省,莆田市,仙游县,福建省莆田市仙游县度尾镇云居村,,,,,118.517242,25.450991
仙游度尾贞德堂,汉语系,释学珠,,福建省,莆田市,仙游县,福建省莆田市仙游县度尾镇中峰村,,,,,118.573174,25.442261
仙游度尾锦泉堂,汉语系,释妙珠,,福建省,莆田市,仙游县,福建省莆田市仙游县度尾镇圣山村,,,,,118.605911,25.423351
仙游度尾长清堂,汉语系,释性智,,福建省,莆田市,仙游县,福建省莆田市仙游县度尾镇东峰村,,,,,118.586143,25.409832
仙游度尾阳明堂,汉语系,释达秀,1999-02-01,福建省,莆田市,仙游县,福建省莆田市仙游县度尾镇度峰村,,,,,118.582283,25.400240
仙游度尾高田寺,汉语系,释妙理,,福建省,莆田市,仙游县,福建省莆田市仙游县度尾镇帽山村,,,,,118.555382,25.410683
仙游枫亭万益寺,汉语系,释性通,,福建省,莆田市,仙游县,福建省莆田市仙游县枫亭镇山头村,,,,,118.803787,25.271273
仙游枫亭云林寺,汉语系,释悟来,1999-03-01,福建省,莆田市,仙游县,福建省莆田市仙游县枫亭镇海安村,,,,,118.892281,25.267160
仙游枫亭从善堂,汉语系,释慧明,,福建省,莆田市,仙游县,福建省莆田市仙游县枫亭镇兰友村,,,,,118.855331,25.246580
仙游枫亭会元寺,汉语系,释智一,1995-05-01,福建省,莆田市,仙游县,福建省莆田市仙游县枫亭镇辉煌村,,,,,118.874878,25.251741
仙游枫亭修元庵,汉语系,释智照,,福建省,莆田市,仙游县,福建省莆田市仙游县枫亭镇建国村,,,,,118.849342,25.262142
仙游枫亭全福亭寺,汉语系,释性仁,1999-03-01,福建省,莆田市,仙游县,福建省莆田市仙游县枫亭镇海安村,,,,,118.892281,25.267160
仙游枫亭兴元堂,汉语系,释智清,1999-03-01,福建省,莆田市,仙游县,福建省莆田市仙游县枫亭镇九社村,,,,,118.838921,25.252712
仙游枫亭双林寺,汉语系,释法开,1999-02-01,福建省,莆田市,仙游县,福建省莆田市仙游县枫亭镇和平村,,,,,118.886597,25.282372
仙游枫亭圣元庵,汉语系,释慧明,,福建省,莆田市,仙游县,福建省莆田市仙游县枫亭镇辉煌村,,,,,118.874878,25.251741
仙游枫亭大坪寺,汉语系,释妙敬,,福建省,莆田市,仙游县,福建省莆田市仙游县枫亭镇下社村,,,,,118.809280,25.261822
仙游枫亭天月寺,汉语系,释明参,1999-03-01,福建省,莆田市,仙游县,福建省莆田市仙游县枫亭镇建国村,,,,,118.849342,25.262142
仙游枫亭天王院,汉语系,释慧如,1999-03-01,福建省,莆田市,仙游县,福建省莆田市仙游县枫亭镇霞街村,,,,,118.863098,25.244284
仙游枫亭太平禅寺,汉语系,释持海,1998-11-01,福建省,莆田市,仙游县,福建省莆田市仙游县枫亭镇锦湖村,,,,,118.864700,25.237192
仙游枫亭宝莲庵,汉语系,释秒莲,1999-02-01,福建省,莆田市,仙游县,福建省莆田市仙游县枫亭镇埔头村,,,,,118.855331,25.246580
仙游枫亭开元堂,汉语系,释妙坤,1999-07-01,福建省,莆田市,仙游县,福建省莆田市仙游县枫亭镇耕丰村,,,,,118.855209,25.229452
仙游枫亭弥勒堂,汉语系,释达芳,,福建省,莆田市,仙游县,福建省莆田市仙游县枫亭镇辉煌村,,,,,118.874878,25.251741
仙游枫亭弥极堂,汉语系,释性意,,福建省,莆田市,仙游县,福建省莆田市仙游县枫亭镇建国村,,,,,118.849342,25.262142
仙游枫亭德清寺,汉语系,释慧禧,2000-07-01,福建省,莆田市,仙游县,福建省莆田市仙游县枫亭镇溪南村,,,,,118.799019,25.256842
仙游枫亭慈元庵,汉语系,释智源,1999-02-01,福建省,莆田市,仙游县,福建省莆田市仙游县枫亭镇埔头村,,,,,118.855331,25.246580
仙游枫亭慈善堂,汉语系,释智能,1998-11-01,福建省,莆田市,仙游县,福建省莆田市仙游县枫亭镇兰友村,,,,,118.855331,25.246580
仙游枫亭慧元堂,汉语系,释秀慧,2002-04-01,福建省,莆田市,仙游县,福建省莆田市仙游县枫亭镇磷山村,,,,,118.869133,25.262022
仙游枫亭新兴庵,汉语系,释顺雄,,福建省,莆田市,仙游县,福建省莆田市仙游县枫亭镇学士村,,,,,118.852997,25.242760
仙游枫亭智元亭寺,汉语系,释慧参,1999-02-01,福建省,莆田市,仙游县,福建省莆田市仙游县枫亭镇建国村,,,,,118.849342,25.262142
仙游枫亭朝元寺,汉语系,释仁参,,福建省,莆田市,仙游县,福建省莆田市仙游县枫亭镇斗北村,,,,,118.877769,25.268652
仙游枫亭极乐寺,汉语系,释慧富,2002-04-01,福建省,莆田市,仙游县,福建省莆田市仙游县枫亭埔头村,,,,,118.857666,25.246841
仙游枫亭枫兴亭,汉语系,释觉音,,福建省,莆田市,仙游县,福建省莆田市仙游县枫亭镇埔头村,,,,,118.855331,25.246580
仙游枫亭浮天堂,汉语系,释慧善,1999-02-01,福建省,莆田市,仙游县,福建省莆田市仙游县枫亭镇东宅村,,,,,118.819008,25.263771
仙游枫亭清元寺,汉语系,释净梅,1999-03-01,福建省,莆田市,仙游县,福建省莆田市仙游县枫亭镇溪北村,,,,,118.783379,25.253302
仙游枫亭清峰寺,汉语系,释净泉,,福建省,莆田市,仙游县,福建省莆田市仙游县枫亭海安村,,,,,118.892281,25.267160
仙游枫亭清德寺,汉语系,释性熙,1999-02-01,福建省,莆田市,仙游县,福建省莆田市仙游县枫亭镇和平村,,,,,118.886597,25.282372
仙游枫亭湖元寺,汉语系,释慧聪,,福建省,莆田市,仙游县,福建省莆田市仙游县枫亭镇建国村,,,,,118.849342,25.262142
仙游枫亭狮音寺,汉语系,释法园,1999-03-01,福建省,莆田市,仙游县,福建省莆田市仙游县枫亭镇东宅村,,,,,118.819008,25.263771
仙游枫亭福善堂,汉语系,释智霞,1999-03-01,福建省,莆田市,仙游县,福建省莆田市仙游县枫亭镇学士村,,,,,118.852997,25.242760
仙游枫亭紫明禅寺,汉语系,释慧参,,福建省,莆田市,仙游县,福建省莆田市仙游县枫亭镇建国村,,,,,118.849342,25.262142
仙游枫亭般若寺,汉语系,释持琪,,福建省,莆田市,仙游县,福建省莆田市仙游县枫亭镇九座村,,,,,118.855331,25.246580
仙游枫亭西隐寺,汉语系,释真机,,福建省,莆田市,仙游县,福建省莆田市仙游县枫亭镇山头村,,,,,118.803787,25.271273
仙游枫亭观元亭寺,汉语系,释慧秀,1999-02-01,福建省,莆田市,仙游县,福建省莆田市仙游县枫亭镇磷山村,,,,,118.869133,25.262022
仙游枫亭贤元堂,汉语系,释慧元,,福建省,莆田市,仙游县,福建省莆田市仙游县枫亭镇九社村,,,,,118.838921,25.252712
仙游枫亭随缘寺,汉语系,释素玉,2004-12-01,福建省,莆田市,仙游县,福建省莆田市仙游县枫亭镇斗北村,,,,,118.877769,25.268652
仙游枫亭青龙庵,汉语系,释慧基,,福建省,莆田市,仙游县,福建省莆田市仙游县枫亭镇辉煌村,,,,,118.874878,25.251741
仙游枫亭顺元堂,汉语系,释净霞,1999-03-01,福建省,莆田市,仙游县,福建省莆田市仙游县枫亭镇九社村,,,,,118.838921,25.252712
仙游榜头九座寺,汉语系,释文义,,福建省,莆田市,仙游县,福建省莆田市仙游县榜头镇桃源村,,,,,118.693748,25.435043
仙游榜头吉祥庵,汉语系,释智善,,福建省,莆田市,仙游县,福建省莆田市仙游县榜头镇下坤村,,,,,118.776321,25.398291
仙游榜头后庵堂,汉语系,释德姐,,福建省,莆田市,仙游县,福建省莆田市仙游县榜头镇仙水村,,,,,118.758743,25.431822
仙游榜头园明寺,汉语系,释贤霖,1999-02-01,福建省,莆田市,仙游县,福建省莆田市仙游县榜头镇新郑村,,,,,118.785248,25.430672
仙游榜头圆通亭寺,汉语系,释妙富,,福建省,莆田市,仙游县,福建省莆田市仙游县榜头镇莲乾村,,,,,118.755791,25.423328
仙游榜头岱法堂,汉语系,释性金,,福建省,莆田市,仙游县,福建省莆田市仙游县榜头镇后堡村,,,,,118.774338,25.435143
仙游榜头延寿庵,汉语系,释德明,2002-04-01,福建省,莆田市,仙游县,福建省莆田市仙游县榜头镇新郑村,,,,,118.785248,25.430672
仙游榜头慈航庵,汉语系,释性慧,,福建省,莆田市,仙游县,福建省莆田市仙游县榜头镇上塘村,,,,,118.755310,25.421892
仙游榜头拥护堂,汉语系,释贤喜,,福建省,莆田市,仙游县,福建省莆田市仙游县榜头镇仙水村,,,,,118.758743,25.431822
仙游榜头新兴亭寺,汉语系,释慈悟,,福建省,莆田市,仙游县,福建省莆田市仙游县榜头镇新郑村,,,,,118.785248,25.430672
仙游榜头普东堂,汉语系,释振宏,,福建省,莆田市,仙游县,福建省莆田市仙游县榜头镇东桥村,,,,,118.755310,25.421892
仙游榜头普陀庵,汉语系,释慈水,,福建省,莆田市,仙游县,福建省莆田市仙游县榜头镇芹山村,,,,,118.737213,25.438980
仙游榜头桃源寺,汉语系,释宏聪,,福建省,莆田市,仙游县,福建省莆田市仙游县榜头镇何乐村,,,,,118.767914,25.449547
仙游榜头梅峰林禅寺,汉语系,释性嘉,1998-11-01,福建省,莆田市,仙游县,福建省莆田市仙游县榜头镇新郑村,,,,,118.785248,25.430672
仙游榜头法源堂,汉语系,释文勤,,福建省,莆田市,仙游县,福建省莆田市仙游县榜头镇象洋村,,,,,118.776840,25.422310
仙游榜头灵山寺,汉语系,释善辉,1995-05-01,福建省,莆田市,仙游县,福建省莆田市仙游县榜头镇灵山村,,,,,118.749710,25.407331
仙游榜头白云庵,汉语系,释朗密,,福建省,莆田市,仙游县,福建省莆田市仙游县榜头镇上乾村,,,,,118.751801,25.419559
仙游榜头白云洞寺,汉语系,释仁意,1999-03-01,福建省,莆田市,仙游县,福建省莆田市仙游县榜头镇紫洋村,,,,,118.762070,25.419373
仙游榜头白岩寺,汉语系,释章贤,,福建省,莆田市,仙游县,福建省莆田市仙游县榜头镇芹山村,,,,,118.737213,25.438980
仙游榜头聚明堂,汉语系,释法美,,福建省,莆田市,仙游县,福建省莆田市仙游县榜头镇溪东村,,,,,118.765518,25.400331
仙游榜头莲济庵,汉语系,释持悟,,福建省,莆田市,仙游县,福建省莆田市仙游县榜头镇新郑村,,,,,118.785248,25.430672
仙游榜头连龙寺,汉语系,释仁杏,,福建省,莆田市,仙游县,福建省莆田市仙游县榜头镇上坤村,,,,,118.782852,25.394812
仙游榜头金石庵,汉语系,释贤丰,,福建省,莆田市,仙游县,福建省莆田市仙游县榜头镇新郑村,,,,,118.785248,25.430672
仙游榜头龙河寺,汉语系,释善煌,,福建省,莆田市,仙游县,福建省莆田市仙游县榜头镇灵山村,,,,,118.749710,25.407331
仙游游洋天马寺,汉语系,释传宝,1998-11-01,福建省,莆田市,仙游县,福建省莆田市仙游县游洋镇天马村,,,,,118.884979,25.618021
仙游游洋康德寺,汉语系,释慧修,1995-05-01,福建省,莆田市,仙游县,福建省莆田市仙游县康德寺,,,,,118.691830,25.362030
仙游盖尾万元堂,汉语系,释真碧,,福建省,莆田市,仙游县,福建省莆田市仙游县盖尾镇新窑村,,,,,118.814117,25.345663
仙游盖尾万寿寺,汉语系,释慧洁,,福建省,莆田市,仙游县,福建省莆田市仙游县盖尾镇宝峰村,,,,,118.795319,25.353588
仙游盖尾九赐寺,汉语系,释青云,,福建省,莆田市,仙游县,福建省莆田市仙游县盖尾镇东宫村,,,,,118.813980,25.349611
仙游盖尾仙正寺,汉语系,释园空,,福建省,莆田市,仙游县,福建省莆田市仙游县盖尾镇仙溪村,,,,,118.840973,25.363331
仙游盖尾兴明寺,汉语系,释福明,,福建省,莆田市,仙游县,福建省莆田市仙游县盖尾镇岭头村,,,,,118.831520,25.377901
仙游盖尾凤山堂,汉语系,释法萍,,福建省,莆田市,仙游县,福建省莆田市仙游县盖尾镇仙华寺,,,,,118.801048,25.348143
仙游盖尾大坪寺,汉语系,释梅禅,2000-07-01,福建省,莆田市,仙游县,福建省莆田市仙游县盖尾镇杉尾村,,,,,118.833313,25.359322
仙游盖尾智元堂,汉语系,释达义,1999-07-01,福建省,莆田市,仙游县,福建省莆田市仙游县盖尾镇东许村,,,,,118.843399,25.388580
仙游盖尾永清堂,汉语系,释学聪,,福建省,莆田市,仙游县,福建省莆田市仙游县盖尾镇聚仙村,,,,,118.807167,25.385571
仙游盖尾清明堂,汉语系,释妙全,,福建省,莆田市,仙游县,福建省莆田市仙游县盖尾镇昌山村,,,,,118.820229,25.360231
仙游盖尾清明寺,汉语系,释性量,,福建省,莆田市,仙游县,福建省莆田市仙游县盖尾镇昌山村,,,,,118.820229,25.360231
仙游盖尾玉泉寺,汉语系,释定慧,,福建省,莆田市,仙游县,福建省莆田市仙游县盖尾镇后山村,,,,,118.821762,25.378792
仙游盖尾自度庵,汉语系,释妙全,,福建省,莆田市,仙游县,福建省莆田市仙游县盖尾镇昌山村,,,,,118.820229,25.360231
仙游盖尾重兴堂,汉语系,释学智,,福建省,莆田市,仙游县,福建省莆田市仙游县盖尾镇昌山村,,,,,118.820229,25.360231
仙游盖尾金山寺,汉语系,释贤全,,福建省,莆田市,仙游县,福建省莆田市仙游县盖尾镇东宫村,,,,,118.813980,25.349611
仙游盖尾高峰寺,汉语系,释妙国,,福建省,莆田市,仙游县,福建省莆田市仙游县盖尾镇芹林村,,,,,118.801628,25.337502
仙游盖尾龙山亭寺,汉语系,释学通,,福建省,莆田市,仙游县,福建省莆田市仙游县盖尾镇盖尾村,,,,,118.815033,25.348831
仙游盖尾龙纪寺,汉语系,严庆祥,,福建省,莆田市,仙游县,福建省莆田市仙游县盖尾镇后山村,,,,,118.821762,25.378792
仙游社硎西国寺,汉语系,释贤精,,福建省,莆田市,仙游县,福建省莆田市仙游县社硎镇塘西村,,,,,118.636139,25.539753
仙游西苑九座寺,汉语系,释真弘,,福建省,莆田市,仙游县,福建省莆田市仙游县西苑乡凤顶村,,,,,118.564682,25.568062
仙游赖店兴元禅寺,汉语系,释佛道,,福建省,莆田市,仙游县,福建省莆田市仙游县赖店镇兴元寺,,,,,118.732742,25.332861
仙游赖店广福寺,汉语系,释能曦,,福建省,莆田市,仙游县,福建省莆田市仙游县赖店镇山尾村,,,,,118.712791,25.315132
仙游赖店明源堂,汉语系,释持学,,福建省,莆田市,仙游县,福建省莆田市仙游县赖店镇上山村,,,,,118.732742,25.332861
仙游赖店枫林寺,汉语系,释妙果,1998-11-01,福建省,莆田市,仙游县,福建省莆田市仙游县赖店镇罗峰村,,,,,118.732048,25.327171
仙游赖店洞源堂,汉语系,释性尊,,福建省,莆田市,仙游县,福建省莆田市仙游县赖店镇象岭村,,,,,118.762863,25.330652
仙游赖店观音阁寺,汉语系,释妙水,,福建省,莆田市,仙游县,福建省莆田市仙游县赖店镇龙兴村,,,,,118.731987,25.322351
仙游赖店鸣峰寺,汉语系,释贤来,1999-03-01,福建省,莆田市,仙游县,福建省莆田市仙游县赖店镇山尾村,,,,,118.712791,25.315132
仙游郊尾东会云庵,汉语系,释坚和,,福建省,莆田市,仙游县,福建省莆田市仙游县郊尾镇沙溪村,,,,,118.850182,25.284332
仙游郊尾佛光堂,汉语系,释仁慈,,福建省,莆田市,仙游县,福建省莆田市仙游县郊尾镇古店村,,,,,118.805847,25.315142
仙游郊尾天凤寺,汉语系,释法意,1999-07-01,福建省,莆田市,仙游县,福建省莆田市仙游县郊尾镇新和村,,,,,118.845818,25.292740
仙游郊尾天门寺,汉语系,释禅英,,福建省,莆田市,仙游县,福建省莆田市仙游县郊尾镇三埔村,,,,,118.835983,25.303522
仙游郊尾开元堂,汉语系,释福禅,,福建省,莆田市,仙游县,福建省莆田市仙游县郊尾镇古店村,,,,,118.805847,25.315142
仙游郊尾德元堂,汉语系,释性清,1999-02-01,福建省,莆田市,仙游县,福建省莆田市仙游县郊尾镇染厝村,,,,,118.834084,25.290720
仙游郊尾承天寺,汉语系,释净意,1999-02-01,福建省,莆田市,仙游县,福建省莆田市仙游县郊尾镇染厝村,,,,,118.834084,25.290720
仙游郊尾放光岩寺,汉语系,释觉清,,福建省,莆田市,仙游县,福建省莆田市仙游县郊尾镇长安村,,,,,118.846962,25.311611
仙游郊尾湧源寺,汉语系,释明心,,福建省,莆田市,仙游县,福建省莆田市仙游县郊尾镇东湖村,,,,,118.829910,25.323603
仙游郊尾祖师寺,汉语系,释杨悟,,福建省,莆田市,仙游县,福建省莆田市仙游县郊尾镇后沈村,,,,,118.840683,25.319292
仙游郊尾继源庵,汉语系,释慧琴,,福建省,莆田市,仙游县,福建省莆田市仙游县郊尾镇梅塘村,,,,,118.822647,25.323151
仙游郊尾西会元庵,汉语系,释坚忍,,福建省,莆田市,仙游县,福建省莆田市仙游县郊尾镇沙溪村,,,,,118.850182,25.284332
仙游郊尾观音亭寺,汉语系,释福霖,,福建省,莆田市,仙游县,福建省莆田市仙游县郊尾镇长安村,,,,,118.846962,25.311611
仙游郊尾金刚庵,汉语系,释明心,,福建省,莆田市,仙游县,福建省莆田市仙游县郊尾镇长安村,,,,,118.846962,25.311611
仙游钟山九鲤湖寺,汉语系,释慧星,1995-01-01,福建省,莆田市,仙游县,福建省莆田市仙游县钟山镇胡亭村,,,,,118.795631,25.517872
仙游钟山香山寺,汉语系,释仁灿,,福建省,莆田市,仙游县,福建省莆田市仙游县钟山镇卓泉村,,,,,118.803391,25.485321
仙游钟山麦斜岩寺,汉语系,释仁政,,福建省,莆田市,仙游县,福建省莆田市仙游县钟山镇麦斜村,,,,,118.808800,25.547192
仙游鲤南东山寺,汉语系,释持恒,1998-11-01,福建省,莆田市,仙游县,福建省莆田市仙游县鲤南镇玉塔村,,,,,118.724869,25.362501
仙游鲤南光兴堂,汉语系,释性智,,福建省,莆田市,仙游县,福建省莆田市仙游县鲤南镇象林村,,,,,118.670021,25.337532
仙游鲤南光明堂,汉语系,释性华,,福建省,莆田市,仙游县,福建省莆田市仙游县鲤南镇象林村,,,,,118.670021,25.337532
仙游鲤南双林寺,汉语系,释正觉,1999-07-01,福建省,莆田市,仙游县,福建省莆田市仙游县鲤南镇温泉村,,,,,118.721863,25.344772
仙游鲤南后源堂,汉语系,释慧禅,,福建省,莆田市,仙游县,福建省莆田市仙游县鲤南镇霞苑村,,,,,118.686462,25.348272
仙游鲤南宝林寺,汉语系,释净珠,,福建省,莆田市,仙游县,福建省莆田市仙游县鲤南镇霞苑村,,,,,118.686462,25.348272
仙游鲤南建源寺,汉语系,释学净,1999-03-01,福建省,莆田市,仙游县,福建省莆田市仙游县鲤南镇西埔村,,,,,118.709129,25.348082
仙游鲤南德源堂,汉语系,释慧星,1999-03-01,福建省,莆田市,仙游县,福建省莆田市仙游县鲤南镇玉塔村,,,,,118.724869,25.362501
仙游鲤南来源堂,汉语系,释定迎,,福建省,莆田市,仙游县,福建省莆田市仙游县鲤南镇平原村,,,,,118.671059,25.355272
仙游鲤南紫竹林,汉语系,释净愿,,福建省,莆田市,仙游县,福建省莆田市仙游县鲤南镇东山村,,,,,118.695702,25.329903
仙游鲤南金凤亭寺,汉语系,释真参,2000-07-01,福建省,莆田市,仙游县,福建省莆田市仙游县鲤南镇下楼村,,,,,118.727570,25.377382
仙游鲤南鸣源堂,汉语系,释传禅,,福建省,莆田市,仙游县,福建省莆田市仙游县鲤南镇横塘,,,,,118.694511,25.332401
仙游鲤南龙岗寺,汉语系,释章孝,,福建省,莆田市,仙游县,福建省莆田市仙游县鲤南镇象林村,,,,,118.670021,25.337532
仙游鲤城兴善寺,汉语系,释文清,,福建省,莆田市,仙游县,福建省莆田市仙游县鲤城办坝垅居,,,,,118.691830,25.362030
仙游鲤城双临亭寺,汉语系,释风缘,,福建省,莆田市,仙游县,福建省莆田市仙游县鲤城办东门居,,,,,118.691830,25.362030
仙游鲤城心德堂,汉语系,释文净,,福建省,莆田市,仙游县,福建省莆田市仙游县鲤城办十字居,,,,,118.691830,25.362030
仙游鲤城慈善寺,汉语系,释悟寒,,福建省,莆田市,仙游县,福建省莆田市仙游县鲤城办金井村,,,,,118.656464,25.366310
仙游鲤城明镜堂,汉语系,释学缘,,福建省,莆田市,仙游县,福建省莆田市仙游县鲤城办木兰居,,,,,119.012535,25.421673
仙游鲤城普陀庵,汉语系,释明禅,,福建省,莆田市,仙游县,福建省莆田市仙游县鲤城玉井村,,,,,118.671013,25.365931
仙游鲤城松峰寺,汉语系,释贤玉,,福建省,莆田市,仙游县,福建省莆田市仙游县鲤城镇蜚村,,,,,118.687813,25.353142
仙游鲤城正觉寺,汉语系,释达清,1995-01-01,福建省,莆田市,仙游县,福建省莆田市仙游县鲤城办洪桥居,,,,,118.691830,25.362030
仙游鲤城水明庵,汉语系,释持娥,,福建省,莆田市,仙游县,福建省莆田市仙游县鲤城办洪桥居,,,,,118.691830,25.362030
仙游鲤城百花里明德堂,汉语系,释信心,,福建省,莆田市,仙游县,福建省莆田市仙游县鲤城镇南桥居,,,,,118.687813,25.353142
仙游鲤城迎春亭寺,汉语系,释真雄,,福建省,莆田市,仙游县,福建省莆田市仙游县鲤城办东门居,,,,,118.691830,25.362030
仙游鲤城长青堂,汉语系,释妙兴,1999-02-01,福建省,莆田市,仙游县,福建省莆田市仙游县鲤城办洪桥居,,,,,118.691830,25.362030
仙游鲤城附凤寺,汉语系,释明法,,福建省,莆田市,仙游县,福建省莆田市仙游县鲤城办蜚山村,,,,,118.688438,25.380800
仙游龙华仁慈庵,汉语系,释慈真,1998-11-01,福建省,莆田市,仙游县,福建省莆田市仙游县龙华镇红星村,,,,,118.629730,25.328770
仙游龙华仙门寺,汉语系,释仁昌,1995-05-01,福建省,莆田市,仙游县,福建省莆田市仙游县龙华镇红旗村,,,,,118.629189,25.323252
仙游龙华寺,汉语系,释宏玉,,福建省,莆田市,仙游县,福建省莆田市仙游县龙华镇灯塔村,,,,,118.649208,25.339043
仙游龙华广德堂,汉语系,释慈文,,福建省,莆田市,仙游县,福建省莆田市仙游县龙华镇金建村,,,,,118.582130,25.319530
仙游龙华摄心寺,汉语系,释寂勋,,福建省,莆田市,仙游县,福建省莆田市仙游县龙华镇林内村,,,,,118.620079,25.326292
仙游龙华普慧寺,汉语系,释文慧,,福建省,莆田市,仙游县,福建省莆田市仙游县龙华镇灯塔村,,,,,118.649208,25.339043
仙游龙华普济寺,汉语系,释全宏,2003-11-01,福建省,莆田市,仙游县,福建省莆田市仙游县龙华镇红旗村,,,,,118.629189,25.323252
仙游龙华诚贤堂,汉语系,释学真,1998-11-01,福建省,莆田市,仙游县,福建省莆田市仙游县龙华镇团结村,,,,,118.645203,25.329453
仙游龙华金湖寺,汉语系,释章道,,福建省,莆田市,仙游县,福建省莆田市仙游县龙华镇金溪村,,,,,118.606689,25.317202
仙游龙华金田寺,汉语系,释净升,,福建省,莆田市,仙游县,福建省莆田市仙游县龙华镇金建村,,,,,118.582130,25.319530
仙游龙华静元堂,汉语系,释持诚,1999-03-01,福建省,莆田市,仙游县,福建省莆田市仙游县龙华镇金建村,,,,,118.582130,25.319530
仙游龙华静善堂,汉语系,释理德,1999-03-01,福建省,莆田市,仙游县,福建省莆田市仙游县龙华镇爱和村,,,,,118.651901,25.328041
莆田东仙寄庵寺,汉语系,曾金付,,福建省,莆田市,秀屿区,福建省莆田市北岸开发区山亭镇东仙寄庵寺,,,,,119.152359,25.136652
莆田东仙普陀庵,汉语系,曾金付,,福建省,莆田市,秀屿区,福建省莆田市北岸开发区山亭镇东仙普陀庵,,,,,119.159325,25.138968
莆田东吴宝塔寺,汉语系,释融参,,福建省,莆田市,秀屿区,福建省莆田市东埔镇东吴村陈厝144号,,,,,119.051659,25.121820
莆田东吴寿庆庵,汉语系,释本参,,福建省,莆田市,秀屿区,福建省莆田市北岸开发区东埔镇东吴村下吴155号,,,,,119.051659,25.121820
莆田东吴瞻圣寺,汉语系,陈亚云,,福建省,莆田市,秀屿区,福建省莆田市北岸开发区东埔镇东吴村下吴226号,,,,,119.051659,25.121820
莆田东吴金安寺,汉语系,释传参,,福建省,莆田市,秀屿区,福建省莆田市北岸开发区东埔镇东吴村顶吴38号,,,,,119.051437,25.120142
莆田东坑德源堂,汉语系,吴春金,,福建省,莆田市,秀屿区,福建省莆田市北岸开发区东埔镇东坑村林厝,,,,,119.079788,25.165140
莆田东坑渊明寺,汉语系,陈玉梅,,福建省,莆田市,秀屿区,福建省莆田市北岸开发区东埔镇东坑村旧厝,,,,,119.079788,25.165140
莆田东埔塔林月湖亭,汉语系,林美云,,福建省,莆田市,秀屿区,福建省莆田市北岸开发区东埔镇塔林沣湖253号,,,,,119.036148,25.166403
莆田东埔塔林清润庵,汉语系,林玉蝉,,福建省,莆田市,秀屿区,福建省莆田市北岸开发区东埔镇塔林沣湖7队71号,,,,,119.036148,25.166403
莆田东埔塔林贤德堂,汉语系,释理禅,,福建省,莆田市,秀屿区,福建省莆田市北岸开发区东埔镇塔林贤德堂,,,,,119.036148,25.166403
莆田东埔度下清发庵,汉语系,陈珠香,,福建省,莆田市,秀屿区,福建省莆田市北岸开发区东埔镇度下清发庵,,,,,119.050323,25.140932
莆田东峤上塘瑞云寺,汉语系,释寂莲,,福建省,莆田市,秀屿区,福建省莆田市秀屿区东桥镇上塘村下尾厝54号,,,,,119.256874,25.300474
莆田东峤白鹭山天龙岩寺,汉语系,林金国,,福建省,莆田市,秀屿区,福建省莆田市秀屿区东峤镇白山天龙岩寺6队,,,,,119.171494,25.267162
莆田东峤赤岐化德庵,汉语系,释能月,,福建省,莆田市,秀屿区,福建省莆田市秀屿区东峤镇赤岐村下厝112号,,,,,119.122093,25.273149
莆田东峤赤岐狮子岩寺,汉语系,释真和,,福建省,莆田市,秀屿区,福建省莆田市秀屿区东峤镇赤岐村161号,,,,,119.164207,25.208052
莆田东峤金连山元龟寺,汉语系,释上辉,2003-04-05,福建省,莆田市,秀屿区,福建省莆田市秀屿区东峤镇霞村14队,,,,,119.171494,25.267162
莆田东峤铁炉广兴亭寺,汉语系,林金芬,,福建省,莆田市,秀屿区,福建省莆田市秀屿区东峤镇铁炉广兴亭寺3组,,,,,119.188774,25.226461
莆田东峤霞屿皇堂庵,汉语系,释封宗,,福建省,莆田市,秀屿区,福建省莆田市秀屿区东峤镇霞东村头厝206号,,,,,119.181938,25.244953
莆田东峤魏厝东云寺,汉语系,释明坤,2003-04-05,福建省,莆田市,秀屿区,福建省莆田市秀屿区东峤镇魏厝1队,,,,,119.122749,25.273741
莆田东峤魏厝安仙堂,汉语系,唐素贞,2005-02-01,福建省,莆田市,秀屿区,福建省莆田市秀屿区东峤镇魏厝村7组,,,,,119.122749,25.273741
莆田东峤魏厝景凤寺,汉语系,唐春华,,福建省,莆田市,秀屿区,福建省莆田市秀屿区东峤镇魏厝4队,,,,,119.122749,25.273741
莆田东庄光明堂,汉语系,王元坤,,福建省,莆田市,秀屿区,福建省莆田市秀屿区东庄镇东沁村上林7队,,,,,119.012688,25.223791
莆田东庄后江惟善堂,汉语系,释良善,,福建省,莆田市,秀屿区,福建省莆田市秀屿区东庄镇后江惟善堂5组,,,,,119.029579,25.254362
莆田东庄坝红德兴堂,汉语系,释玄清,,福建省,莆田市,秀屿区,福建省莆田市秀屿区东庄镇西温村垻江13队9号,,,,,119.066330,25.274014
莆田东庄塘边万松寺,汉语系,释慈妙,,福建省,莆田市,秀屿区,福建省莆田市秀屿区东庄镇塘边村9队,,,,,119.071289,25.250902
莆田东庄玉湖亭寺,汉语系,释开禅,,福建省,莆田市,秀屿区,福建省莆田市秀屿区东庄镇芳店村5队,,,,,119.082138,25.274643
莆田东庄白山清月寺,汉语系,释飞善,,福建省,莆田市,秀屿区,福建省莆田市秀屿区东庄镇白山村309号,,,,,119.014740,25.237541
莆田东庄白山象山寺,汉语系,王金林,2003-04-05,福建省,莆田市,秀屿区,福建省莆田市秀屿区东庄镇东沁村上林9组,,,,,119.012688,25.223791
莆田东庄石前潮音寺,汉语系,释能振,,福建省,莆田市,秀屿区,福建省莆田市秀屿区东庄镇石前村8队,,,,,119.009033,25.243002
莆田东庄石头清音寺,汉语系,释能振,2003-04-05,福建省,莆田市,秀屿区,福建省莆田市秀屿区东庄镇石头村51号,,,,,118.999550,25.261202
莆田东庄石尾石潮庵,汉语系,释贤空,2003-04-05,福建省,莆田市,秀屿区,福建省莆田市秀屿区东庄镇石尾村石潮庵8组,,,,,118.997200,25.255013
莆田东庄苏田清华庵,汉语系,陈瑞雄,2003-04-05,福建省,莆田市,秀屿区,福建省莆田市秀屿区东庄镇苏田村清华庵215号,,,,,119.027672,25.238861
莆田东庄莆头望山寺,汉语系,释恒妙,,福建省,莆田市,秀屿区,福建省莆田市秀屿区东庄镇莆头村11组,,,,,118.984108,25.225901
莆田东庄青峰岩寺,汉语系,游德良,2003-04-05,福建省,莆田市,秀屿区,福建省莆田市秀屿区东庄镇秀屿村7队,,,,,118.997871,25.212982
莆田东庄马厂法性堂,汉语系,释秀玄,,福建省,莆田市,秀屿区,福建省莆田市秀屿区东庄镇马厂村贞厝法性堂155号,,,,,119.021179,25.252161
莆田东庄马厂福星堂,汉语系,释法妙,2003-04-05,福建省,莆田市,秀屿区,福建省莆田市秀屿区东庄镇马厂村贞厝74号,,,,,119.021179,25.252161
莆田东庄马厂青天寺,汉语系,释睿禅,2003-04-05,福建省,莆田市,秀屿区,福建省莆田市秀屿区东庄镇马厂村樟厝45号,,,,,119.023842,25.249971
莆田乌垞圣善庵,汉语系,黄姑妹,,福建省,莆田市,秀屿区,福建省莆田市北岸开发区山亭镇乌垞善庵寺,,,,,119.123352,25.157923
莆田何山慈云庵,汉语系,王美兰,,福建省,莆田市,秀屿区,福建省莆田市北岸开发区东埔镇何山村乌鉹139号,,,,,119.083488,25.167070
莆田利山西方亭寺,汉语系,黄春英,,福建省,莆田市,秀屿区,福建省莆田市北岸开发区山亭镇利山西方亭,,,,,119.123352,25.157923
莆田前范三圣寺,汉语系,郑瑞玉,,福建省,莆田市,秀屿区,福建省莆田市北岸开发区东埔镇前范村,,,,,119.072701,25.160822
莆田南日万峰法华寺,汉语系,郭亚仁,2003-04-05,福建省,莆田市,秀屿区,福建省莆田市秀屿区南日镇万峰村2组,,,,,119.484482,25.229193
莆田南日浮叶新东寺,汉语系,杨国珍,,福建省,莆田市,秀屿区,福建省莆田市秀屿区南日镇浮叶村16队,,,,,119.549461,25.195852
莆田南日海山迎曦亭寺,汉语系,释真通,,福建省,莆田市,秀屿区,福建省莆田市秀屿区南日镇海山村7队,,,,,119.483879,25.214762
莆田南日石盘聚水亭寺,汉语系,陈文富,,福建省,莆田市,秀屿区,福建省莆田市秀屿区南日镇石盘村8组,,,,,119.458923,25.219753
莆田吉城清福庵,汉语系,陈元芽,,福建省,莆田市,秀屿区,福建省莆田市北岸开发区东埔镇吉城村,,,,,119.046333,25.128561
莆田吉城观音堂,汉语系,陈元芽,,福建省,莆田市,秀屿区,福建省莆田市北岸开发区东埔镇吉城村,,,,,119.046333,25.128561
莆田埭头东林福东亭寺,汉语系,陈国民,,福建省,莆田市,秀屿区,福建省莆田市秀屿区埭头镇东林村16队,,,,,119.346138,25.256651
莆田埭头大蚶山近天寺,汉语系,释明空,,福建省,莆田市,秀屿区,福建省莆田市秀屿区埭头镇樟林村13队,,,,,119.319344,25.259882
莆田埭头大蚶山陀山寺,汉语系,释普兴,,福建省,莆田市,秀屿区,福建省莆田市秀屿区埭头镇樟林村12队,,,,,119.319344,25.259882
莆田埭头温李高山寺,汉语系,释性金,2003-04-05,福建省,莆田市,秀屿区,福建省莆田市秀屿区埭头镇温李高山寺4队,,,,,119.267502,25.253223
莆田山亭三坪寺,汉语系,陈玉英,,福建省,莆田市,秀屿区,福建省莆田市北岸开发区山亭镇山亭三坪寺,,,,,119.123350,25.157920
莆田山亭东店凤山寺,汉语系,陈玉梅,,福建省,莆田市,秀屿区,福建省莆田市北岸开发区山亭镇东店凤山寺,,,,,119.099861,25.135382
莆田山西玉云寺,汉语系,王丽玉,,福建省,莆田市,秀屿区,福建省莆田市北岸开发区山亭镇山西村玉云寺,,,,,119.118324,25.171009
莆田平海上林义明庵,汉语系,释明参,,福建省,莆田市,秀屿区,福建省莆田市秀屿区平海镇上林村7队,,,,,119.184669,25.187082
莆田平海上林定慧庵,汉语系,释明华,,福建省,莆田市,秀屿区,福建省莆田市秀屿区平海镇上林村15队,,,,,119.184669,25.187082
莆田平海上林清水岩,汉语系,释悟亮,,福建省,莆田市,秀屿区,福建省莆田市秀屿区平海镇上林村9队,,,,,119.184669,25.187082
莆田平海埭周慈云亭,汉语系,释心慧,2003-04-05,福建省,莆田市,秀屿区,福建省莆田市秀屿区平海镇埭周村后周7队,,,,,119.275391,25.234871
莆田平海埭周慈兴亭寺,汉语系,陈明莲,,福建省,莆田市,秀屿区,福建省莆田市秀屿区平海镇埭周村慈心亭寺8组,,,,,119.275391,25.234871
莆田平海山星南安寺,汉语系,释建峰,2003-04-05,福建省,莆田市,秀屿区,福建省莆田市秀屿区平海镇山星村2组,,,,,119.268364,25.212961
莆田平海山星峰林寺,汉语系,释普光,2003-04-05,福建省,莆田市,秀屿区,福建省莆田市秀屿区平海镇山星村后高3队,,,,,119.267036,25.223925
莆田平海山星紫天亭寺,汉语系,释照云,,福建省,莆田市,秀屿区,福建省莆田市秀屿区平海镇山星村7队,,,,,119.268364,25.212961
莆田平海石塘国山寺,汉语系,释性美,,福建省,莆田市,秀屿区,福建省莆田市秀屿区平海镇石塘村9队,,,,,119.222717,25.214792
莆田平海西柯此心亭寺,汉语系,郑康宁,,福建省,莆田市,秀屿区,福建省莆田市秀屿区平海镇西柯村5队,,,,,119.253349,25.215641
莆田平海赤坡开发亭寺,汉语系,释达心,,福建省,莆田市,秀屿区,福建省莆田市秀屿区平海镇赤坡村9队,,,,,119.283623,25.242722
莆田平海赤坡慈心庵,汉语系,释普东,,福建省,莆田市,秀屿区,福建省莆田市秀屿区平海镇赤坡村镇前慈心庵6组,,,,,119.283623,25.242722
莆田度下钟林寺,汉语系,无,,福建省,莆田市,秀屿区,福建省莆田市东埔镇度下山前村210号,,,,,119.048370,25.130131
莆田度口万光寺,汉语系,翁群评,,福建省,莆田市,秀屿区,福建省莆田市东埔镇度口村107号,,,,,119.066772,25.161261
莆田度口万兴庵,汉语系,郑玉珠,,福建省,莆田市,秀屿区,福建省莆田市北岸开发区东埔镇度口村125号,,,,,119.066772,25.161261
莆田度口元善寺,汉语系,无,,福建省,莆田市,秀屿区,福建省莆田市北岸开发区东埔镇度口村元善堂,,,,,119.064896,25.160440
莆田忠门万兴寺,汉语系,释锦参,,福建省,莆田市,秀屿区,福建省莆田市秀屿区忠门镇后坑村后坑226号,,,,,119.107391,25.208773
莆田月塘岱前安福寺,汉语系,释明达,,福建省,莆田市,秀屿区,福建省莆田市秀屿区月塘镇岱前村安福寺9队,,,,,119.125175,25.242674
莆田月塘月埔积水亭寺,汉语系,释靖禅,,福建省,莆田市,秀屿区,福建省莆田市秀屿区月塘镇月埔村积水亭寺91号,,,,,119.098618,25.236519
莆田月塘洋埭龙门寺,汉语系,释妙禅,,福建省,莆田市,秀屿区,福建省莆田市秀屿区月塘镇洋埭村龙门寺53号,,,,,119.114861,25.227966
莆田月塘砺山明山寺,汉语系,释普正,,福建省,莆田市,秀屿区,福建省莆田市秀屿区月塘镇砺山村102号,,,,,119.112350,25.242472
莆田梯亭锦山寺,汉语系,陈秀美,,福建省,莆田市,秀屿区,福建省莆田市北岸开发区东埔镇梯亭村,,,,,119.044998,25.123951
莆田港里福慧寺,汉语系,张李玉,,福建省,莆田市,秀屿区,福建省莆田市北岸开发区山亭镇港里福慧寺,,,,,119.126251,25.131269
莆田湄洲宫下观音亭,汉语系,周凤钗,,福建省,莆田市,秀屿区,福建省莆田市秀屿区湄洲镇宫下村宫下462号,,,,,119.144104,25.090193
莆田湄洲寨下显镜寺,汉语系,黄丽华,,福建省,莆田市,秀屿区,福建省莆田市秀屿区湄洲镇寨下村寨下自然村,,,,,119.150185,25.095615
莆田湄洲汕尾镜峰寺,汉语系,黄美英,,福建省,莆田市,秀屿区,福建省莆田市秀屿区湄洲镇寨下村,,,,,119.124924,25.083055
莆田湄洲港楼圆光寺,汉语系,徐美珠,,福建省,莆田市,秀屿区,福建省莆田市湄洲岛湄洲镇港楼村日本坑,,,,,119.122322,25.045912
莆田湄洲高朱永德堂,汉语系,薛玉光,2005-02-28,福建省,莆田市,秀屿区,福建省莆田市秀屿区湄洲镇湄洲北大道2615号,,,,,119.126793,25.081951
莆田琼山九莲寺,汉语系,张淑琴,,福建省,莆田市,秀屿区,福建省莆田市北岸开发区忠门镇九莲山寺,,,,,119.098434,25.170231
莆田秀田万福寺,汉语系,曾和平,,福建省,莆田市,秀屿区,福建省莆田市北岸开发区忠门镇秀田兴福寺,,,,,119.080818,25.180601
莆田秀田兴福亭,汉语系,赵亚秀,,福建省,莆田市,秀屿区,福建省莆田市北岸开发区忠门镇秀田兴福亭,,,,,119.080818,25.180601
莆田秀田聚兴堂,汉语系,王凤莲,,福建省,莆田市,秀屿区,福建省莆田市北岸开发区忠门镇秀田聚兴堂,,,,,119.080818,25.180601
莆田笏石东华万兴亭寺,汉语系,释镜弘,,福建省,莆田市,秀屿区,福建省莆田市秀屿区笏石镇东华村东华422号,,,,,119.080101,25.283302
莆田笏石东华万应亭,汉语系,释显参,,福建省,莆田市,秀屿区,福建省莆田市秀屿区笏石镇东华村东华267号,,,,,119.080101,25.283302
莆田笏石后湖万金寺,汉语系,吴金春,,福建省,莆田市,秀屿区,福建省莆田市秀屿区笏石镇炮厝村后湖6队,,,,,119.085434,25.296473
莆田笏石四新万安寺,汉语系,释明扬,,福建省,莆田市,秀屿区,福建省莆田市秀屿区笏石镇四新村12组,,,,,119.104881,25.283005
莆田笏石四新清修庵,汉语系,释果诚,,福建省,莆田市,秀屿区,福建省莆田市秀屿区笏石镇四新村240号,,,,,119.104881,25.283005
莆田笏石四新福兴庵,汉语系,释禅藏,2003-04-05,福建省,莆田市,秀屿区,福建省莆田市秀屿区笏石镇四新村四乡335号,,,,,119.104881,25.283005
莆田笏石坝津明源庵,汉语系,释清妙,2003-04-05,福建省,莆田市,秀屿区,福建省莆田市秀屿区笏石镇垻津村前郑16号,,,,,119.056931,25.285070
莆田笏石来垞九莲庵,汉语系,释妙慧,,福建省,莆田市,秀屿区,福建省莆田市秀屿区来垞镇九莲庵9队,,,,,119.137573,25.316341
莆田笏石来垞大云寺,汉语系,释贤觉,,福建省,莆田市,秀屿区,福建省莆田市秀屿区笏石镇来垞村大云寺6队,,,,,119.140991,25.308130
莆田笏石珠坑永庆亭寺,汉语系,释行妙,,福建省,莆田市,秀屿区,福建省莆田市秀屿区笏石镇珠坑般渡村永庆亭8组,,,,,119.107651,25.340351
莆田笏石秀山清莲阁,汉语系,林爱华,2003-04-05,福建省,莆田市,秀屿区,福建省莆田市秀屿区秀山村7队,,,,,119.093880,25.307703
莆田笏石秀山石莲寺,汉语系,曾静妙,2003-04-05,福建省,莆田市,秀屿区,福建省莆田市秀屿区笏石镇秀山村石莲寺6组,,,,,119.093880,25.307703
莆田笏石西黄玉泉庵,汉语系,释弘妙（卓丽英）,2003-04-05,福建省,莆田市,秀屿区,福建省莆田市秀屿区笏石镇西田村7队,,,,,119.096092,25.285261
莆田莆禧清龙寺,汉语系,尼建参,,福建省,莆田市,秀屿区,福建省莆田市北岸开发区山亭镇莆禧清龙寺,,,,,119.146065,25.139063
莆田莆禧鲤山寺,汉语系,陈丽香,,福建省,莆田市,秀屿区,福建省莆田市北岸开发区山亭镇莆禧村鲤山寺,,,,,119.140984,25.137291
莆田西前西龙寺,汉语系,曾亚尾,,福建省,莆田市,秀屿区,福建省莆田市北岸开发区山亭镇西前西龙寺,,,,,119.139191,25.140574
莆田西埔兴隆寺,汉语系,黄慧莲,,福建省,莆田市,秀屿区,福建省莆田市北岸开发区山亭镇西埔村兴隆寺,,,,,119.098663,25.153482
莆田西埔普福寺,汉语系,谢林姐,,福建省,莆田市,秀屿区,福建省莆田市北岸开发区山亭镇西埔普福寺,,,,,119.098663,25.153482
莆田西山万安寺,汉语系,释满参,,福建省,莆田市,秀屿区,福建省莆田市北岸开发区东埔镇西山村,,,,,119.047699,25.153051
莆田鸿山开善寺,汉语系,学星,,福建省,莆田市,秀屿区,福建省莆田市北岸开发区山亭镇鸿山开善寺,,,,,119.123352,25.157923
安溪九峰岩寺,汉语系,思明法师,,福建省,泉州市,安溪县,福建省泉州市安溪县蓬莱镇上西村,,,,,118.049858,25.116501
安溪凤山普陀寺,汉语系,普空法师,,福建省,泉州市,安溪县,福建省泉州市安溪县参内乡员潭开发区,,,,,118.220314,25.076372
安溪慈恩禅寺,汉语系,释法品,,福建省,泉州市,安溪县,福建省泉州市安溪县官桥镇碧二村,,,,,118.094643,25.057472
安溪洪恩岩寺,汉语系,林全美,,福建省,泉州市,安溪县,福建省泉州市安溪县虎邱镇,,,,,118.002663,25.011591
安溪清水岩寺,汉语系,谢庆云,2005-05-01,福建省,泉州市,安溪县,福建省泉州市安溪县蓬莱镇,,,,,118.096939,25.132530
安溪湖头泰山岩寺,汉语系,普空法师,,福建省,泉州市,安溪县,福建省泉州市安溪县湖头镇,,,,,118.035522,25.233080
安溪达摩岩寺,汉语系,王新春,1995-07-01,福建省,泉州市,安溪县,福建省泉州市安溪县长坑乡长坑村,,,,,117.875183,25.192942
安溪铁峰岩寺,汉语系,白菊花,,福建省,泉州市,安溪县,福建省泉州市安溪县官桥镇,,,,,118.095848,25.021162
安溪龙门福海院,汉语系,白德赐,,福建省,泉州市,安溪县,福建省泉州市安溪县龙门镇榜头村,,,,,118.079659,24.974331
德化五华寺,汉语系,林金焕,,福建省,泉州市,德化县,福建省泉州市德化县盖德乡吾华村,,,,,118.150368,25.555613
德化仙峰寺,汉语系,释道川,2004-04-15,福建省,泉州市,德化县,福建省泉州市德化县大铭乡九仙山,,,,,118.084885,25.684402
德化大白岩,汉语系,林石坚,,福建省,泉州市,德化县,福建省泉州市德化县美湖乡阳山村,,,,,118.047417,25.552111
德化戴云寺,汉语系,陈亨裕,2011-09-07,福建省,泉州市,德化县,福建省泉州市德化县赤水镇戴云村,,,,,118.215378,25.636112
德化柱峰岩,汉语系,陈福民,,福建省,泉州市,德化县,福建省泉州市德化县水口镇村场村,,,,,118.413445,25.669083
德化永安岩,汉语系,周金瑞,,福建省,泉州市,德化县,福建省泉州市德化县赤水镇铭爱村赤水街,,,,,118.127693,25.661201
德化灵鹫岩,汉语系,蒋信洪,2011-09-07,福建省,泉州市,德化县,福建省泉州市德化县上涌镇桂格村,,,,,118.139153,25.721552
德化狮子岩,汉语系,陈允泓,1999-12-10,福建省,泉州市,德化县,福建省泉州市德化县春美乡新阁村,,,,,118.027130,25.718821
德化登龙亭,汉语系,李献贵,,福建省,泉州市,德化县,福建省泉州市德化县浔中镇蒲坂村,,,,,118.211952,25.506041
德化碧象岩,汉语系,苏啟雄,,福建省,泉州市,德化县,福建省泉州市德化县龙浔镇宝美村城关观音岐,,,,,118.249359,25.492311
德化程田寺,汉语系,苏玉淮,,福建省,泉州市,德化县,福建省泉州市德化县龙浔镇宝美村,,,,,118.249359,25.492311
德化蔡岩寺,汉语系,李义广,,福建省,泉州市,德化县,福建省泉州市德化县桂阳乡彭坑村,,,,,118.243263,25.797710
德化西华岩,汉语系,郭双成,1999-12-10,福建省,泉州市,德化县,福建省泉州市德化县浔中镇世科村,,,,,118.233650,25.494965
德化西天寺,汉语系,曾东亮,1999-12-10,福建省,泉州市,德化县,福建省泉州市德化县浔中镇祖厝村,,,,,118.214142,25.537273
德化香林寺,汉语系,林永国,2011-09-07,福建省,泉州市,德化县,福建省泉州市德化县葛坑镇湖头村,,,,,118.208878,25.803131
德化龙湖寺,汉语系,李烈团,,福建省,泉州市,德化县,福建省泉州市德化县美湖乡上漈村,,,,,118.061478,25.629772
泉州青莲寺,汉语系,释宗见,2011-07-01,福建省,泉州市,丰泽区,福建省泉州市丰泽区城东街道浔美社区浔江路1号,泉州青莲寺，位于福建省泉州市丰泽区安吉路中段（与城东海堤防汛路交叉处）浔美社区，依山临海，周边11棵参天古榕环抱，具有独特的自然风光。,,,,118.652190,24.917650
泉州七里庵,汉语系,释安平,2009-04-27,福建省,泉州市,丰泽区,福建省泉州市丰泽区华大街道新铺社区,,,,,118.632805,24.928038
泉州东海观音禅寺,汉语系,释道兴,2004-12-28,福建省,泉州市,丰泽区,福建省泉州市丰泽区东海街道宝山社区洋店,,,,,118.645111,24.897491
泉州东禅寺,汉语系,陈秀玉,,福建省,泉州市,丰泽区,福建省泉州市丰泽区东湖街道仁凤社区3号,,,,,118.604630,24.914028
泉州势至岩,汉语系,释振开,,福建省,泉州市,丰泽区,福建省泉州市丰泽区清源街道清源山风景区,,,,,118.602097,24.942387
泉州千手岩,汉语系,释宗勤,,福建省,泉州市,丰泽区,福建省泉州市丰泽区清源街道清源山风景区,,,,,118.602097,24.942387
泉州南台岩,汉语系,释禅一,2011-12-15,福建省,泉州市,丰泽区,福建省泉州市丰泽区清源街道清源山风景区,,,,,118.602097,24.942387
泉州天莲寺,汉语系,释惟铨,,福建省,泉州市,丰泽区,福建省泉州市丰泽区泉秀街道宝州路580号,,,,,118.596581,24.887373
泉州少林寺,汉语系,释常定,2001-02-26,福建省,泉州市,丰泽区,福建省泉州市丰泽区古道街66号,,,,,118.613000,24.889460
泉州弥陀岩,汉语系,释法献,,福建省,泉州市,丰泽区,福建省泉州市丰泽区清源街道清源山风景区,,,,,118.602097,24.942387
泉州智妙庵,汉语系,杨善妙,,福建省,泉州市,丰泽区,福建省泉州市丰泽区清源街道后墩154号,,,,,118.592133,24.929281
泉州海印寺,汉语系,释如修,,福建省,泉州市,丰泽区,福建省泉州市丰泽区东海街道海印路53号,,,,,118.631365,24.880045
泉州灵感古寺,汉语系,释上致,2011-07-01,福建省,泉州市,丰泽区,福建省泉州市丰泽区北峰街道拒洪社区,,,,,118.585190,24.937836
泉州碧霄岩,汉语系,释妙空,,福建省,泉州市,丰泽区,福建省泉州市丰泽区清源街道清源山风景区,,,,,118.602097,24.942387
泉州福宁禅寺,汉语系,黄翠蓉,,福建省,泉州市,丰泽区,福建省泉州市丰泽区北峰街道洋塘巷88号,,,,,118.585395,24.954147
泉州福清寺,汉语系,傅缘姑,,福建省,泉州市,丰泽区,福建省泉州市丰泽区北峰街道丰盈北路171号,,,,,118.573060,24.942020
泉州觉林静苑,汉语系,释理任,2005-02-10,福建省,泉州市,丰泽区,福建省泉州市丰泽区西湖公园西侧宗地B3,,,,,118.586067,24.930120
泉州赐恩岩,汉语系,释法章,,福建省,泉州市,丰泽区,福建省泉州市丰泽区清源街道清源山风景区,,,,,118.602097,24.942387
泉州金莲寺,汉语系,郭春莲,2004-02-29,福建省,泉州市,丰泽区,福建省泉州市丰泽区泉秀街道后田,,,,,118.590904,24.890434
泉州龟山岩,汉语系,陈啊思,,福建省,泉州市,丰泽区,福建省泉州市丰泽区清源街道清源山风景区,,,,,118.602097,24.942387
惠安洛阳云盖寺,汉语系,释果华,,福建省,泉州市,惠安县,福建省泉州市惠安县洛阳镇堂头村安峰山,位于惠安县洛阳镇堂头村的安峰山巅，其山门矗立在福厦公路边，沿着水泥公路1公里许登山即到。云盖寺依山形水势而建，东衔山乍海，西控玳瑁，南襟洛江，北枕笔架，岩石层叠，青松翠竹，鸟啼蝉叫，风光独好。寺前数百米左右对崎着晨昏铿锵而响亮的石钟石鼓；寺后有一灵奇的山洞，洞边有活灵活现的仙脚仙掌印迹。这是泉郡独特罕见的风景奇观。寺旁一古井，据传水通洛阳江，泉香四溢，清津解暑，酷旱之年，也不干涸。,,,,118.734612,24.952642
惠安涂寨九峰寺,汉语系,释境馨,,福建省,泉州市,惠安县,福建省泉州市惠安县涂寨镇文峰村林前157号,九峰山位于界山镇西北麓，海拔131．7米，东望泉港海湾，西邻天马山脉，南接涂岭镇陈潼关，北向仙游县塔头山。山上共有九座山峰，姿态各异，雄奇有致，林木苍郁，四季花香，山因此命名。山下福厦公路和高速公路汽车穿梭，好似两条巨龙在飞舞，确是”风景这边独好”。,,,,118.838203,24.951332
惠安崇武云峰庵,汉语系,张素月,年代不详,福建省,泉州市,惠安县,福建省泉州市惠安县崇武镇靖江村灯塔路,该庵位于崇武镇靖江村。明嘉靖年间（1522～1566年）著名布衣诗人黄吾野与著名书法家张得山修建，并隐居于此。清代重修，近年修葺。庵坐东朝西，面积300多平方米，由山门、拜亭、正殿、过亭、后殿组成，正殿面阔、进深各3间，抬梁式构架，硬山屋顶。,,,,118.941223,24.876631
惠安崇武大岞观音寺,汉语系,释普慧,,福建省,泉州市,惠安县,福建省泉州市惠安县崇武镇大岞村,大岞观音山位于福建省惠安县大岞半岛。从海面上看，观音山犹如坐莲观音携善财龙女下凡一般，因此得名观音山。虽然观音山在周围的山峰中不是最高的，但它却因着灵气和秀丽而远近闻名。大岞观音寺就在观音山的东南山腰部，周围环绕着著名的旅游景点岞山八境。,,,,118.968437,24.882011
惠安东园凤坑释迦寺,汉语系,阿妹姑,,福建省,泉州市,惠安县,福建省泉州市惠安县东园镇阳光杏坑村,,,,,118.736473,24.863949
惠安东园普莲寺,汉语系,骆美清,,福建省,泉州市,惠安县,福建省泉州市惠安县东园镇后港村,,,,,118.747627,24.855631
惠安东园金莲寺,汉语系,陈银治,,福建省,泉州市,惠安县,福建省泉州市惠安县东园镇龙苍村,,,,,118.745918,24.917772
惠安东园静安寺,汉语系,王释悟见,,福建省,泉州市,惠安县,福建省泉州市惠安县东园镇下安村郊安,,,,,118.761620,24.860411
惠安东园顶堡寺,汉语系,王惠清,,福建省,泉州市,惠安县,福建省泉州市惠安县东园镇东园村,,,,,118.755272,24.913061
惠安东园高山岩寺,汉语系,骆宝萍,,福建省,泉州市,惠安县,福建省泉州市惠安县东园镇琅山村,,,,,118.731133,24.855562
惠安东岭溪莲寺,汉语系,龚妹,,福建省,泉州市,惠安县,福建省泉州市惠安县东岭镇顶埔尾溪莲寺,,,,,118.902412,24.978321
惠安东岭瑞集岩寺,汉语系,释法行,,福建省,泉州市,惠安县,福建省泉州市惠安县东岭镇东山村,,,,,118.850388,24.958130
惠安东岭西梁寺,汉语系,张玉华,,福建省,泉州市,惠安县,福建省泉州市惠安县东岭镇赤石村,,,,,118.921318,24.975552
惠安东岭集峰寺,汉语系,蔡明华,,福建省,泉州市,惠安县,福建省泉州市惠安县东岭镇东山村集峰寺,,,,,118.850388,24.958130
惠安东岭龙安寺,汉语系,龚聪聪,,福建省,泉州市,惠安县,福建省泉州市惠安县东岭镇前林龙村,,,,,118.902412,24.978321
惠安东桥溪龙寺,汉语系,庄清辉,,福建省,泉州市,惠安县,福建省泉州市惠安县东桥镇梅庄村,,,,,118.887833,25.016111
惠安东桥蓉霞寺,汉语系,张碧聪,,福建省,泉州市,惠安县,福建省泉州市惠安县东桥镇燎原洋下村,,,,,118.892433,25.010481
惠安净峰白莲寺,汉语系,释定印,,福建省,泉州市,惠安县,福建省泉州市惠安县净峰镇东坑村70号,,,,,118.944298,24.981260
惠安小岞东山莲花寺,汉语系,黄京来,,福建省,泉州市,惠安县,福建省泉州市惠安县小岞镇东山村,,,,,119.015022,24.954340
惠安山霞东坑松竹寺,汉语系,李勤聪,2002-09-01,福建省,泉州市,惠安县,福建省泉州市惠安县山霞镇东坑村,,,,,118.882065,24.905622
惠安山霞九连寺,汉语系,张惠华,,福建省,泉州市,惠安县,福建省泉州市惠安县山霞镇前园村317号,,,,,118.886673,24.937141
惠安山霞冰心堂,汉语系,释上竟,,福建省,泉州市,惠安县,福建省泉州市惠安县山霞镇东莲村,,,,,118.861351,24.899891
惠安山霞定心寺,汉语系,释耀空,,福建省,泉州市,惠安县,福建省泉州市惠安县山霞镇下板村,,,,,118.886673,24.937141
惠安山霞慈心堂,汉语系,陈志聪,,福建省,泉州市,惠安县,福建省泉州市惠安县山霞镇埭透56号,,,,,118.862640,24.901546
惠安山霞慧心寺,汉语系,李丽君,,福建省,泉州市,惠安县,福建省泉州市惠安县山霞镇下坑村,,,,,118.881630,24.902790
惠安山霞普觉禅寺,汉语系,释道兴,,福建省,泉州市,惠安县,福建省泉州市惠安县山霞镇埭透村,,,,,118.867973,24.900572
惠安山霞晴林寺,汉语系,释常慈,,福建省,泉州市,惠安县,福建省泉州市惠安县山霞镇后洋村581,,,,,118.901024,24.925150
惠安山霞莲湖寺,汉语系,庄素莲,,福建省,泉州市,惠安县,福建省泉州市惠安县山霞镇后洋十组赤湖自然村21号,,,,,118.901024,24.925150
惠安山霞飞凤寺,汉语系,张细玉,,福建省,泉州市,惠安县,福建省泉州市惠安县山霞镇后洋村,,,,,118.901024,24.925150
惠安崇武三元古寺,汉语系,释法瑛,,福建省,泉州市,惠安县,福建省泉州市惠安县崇武镇西华村,,,,,118.931221,24.878830
惠安崇武三圣寺,汉语系,龚梅红,,福建省,泉州市,惠安县,福建省泉州市惠安县崇武镇莲西村,,,,,118.936981,24.881142
惠安崇武中亭观音寺,汉语系,许婷婷,,福建省,泉州市,惠安县,福建省泉州市惠安县崇武镇海门村,,,,,118.942764,24.884682
惠安崇武丰山寺,汉语系,林瑞霞,,福建省,泉州市,惠安县,福建省泉州市惠安县五峰村峰前西95号,,,,,118.926674,24.887930
惠安崇武倚莲寺,汉语系,李丽蓉,,福建省,泉州市,惠安县,福建省泉州市惠安县崇武镇莲西村,,,,,118.936981,24.881142
惠安崇武关圣庙,汉语系,卢玉丽,,福建省,泉州市,惠安县,福建省泉州市惠安县崇武镇海门村,,,,,118.942764,24.884682
惠安崇武净慈寺,汉语系,黄文娥,,福建省,泉州市,惠安县,福建省泉州市惠安县崇武镇西华红山仔头净慈寺,,,,,118.929657,24.884682
惠安崇武岞港念佛堂,汉语系,蒋辉鹏,,福建省,泉州市,惠安县,福建省泉州市惠安县崇武镇大岞村下井仔43号,,,,,118.917862,24.893208
惠安崇武崇圣寺,汉语系,张梅珠,,福建省,泉州市,惠安县,福建省泉州市惠安县崇武镇莲西村后铺路35号,,,,,118.936981,24.881142
惠安崇武崇山古地寺,汉语系,刘华真,,福建省,泉州市,惠安县,福建省泉州市惠安县崇武镇西华崇山古寺,,,,,118.932678,24.878611
惠安崇武庆峰寺,汉语系,张丽芬,,福建省,泉州市,惠安县,福建省泉州市惠安县崇武镇大岞村下井仔43号,,,,,118.917862,24.893208
惠安崇武志心寺,汉语系,陈银花,,福建省,泉州市,惠安县,福建省泉州市惠安县崇武镇前垵村,,,,,118.909737,24.881281
惠安崇武恒淡寺,汉语系,蔡明华,,福建省,泉州市,惠安县,福建省泉州市惠安县崇武镇靖江村恒淡庵,,,,,118.941223,24.876631
惠安崇武慈心寺,汉语系,张素法,,福建省,泉州市,惠安县,福建省泉州市惠安县崇武镇大岞村,,,,,118.968437,24.882011
惠安崇武慈明寺,汉语系,许珠佩,,福建省,泉州市,惠安县,福建省泉州市惠安县崇武镇靖江村,,,,,118.941223,24.876631
惠安崇武晴霞寺,汉语系,释法空,,福建省,泉州市,惠安县,福建省泉州市惠安县崇武镇霞西村,,,,,118.915878,24.886772
惠安崇武海潮庵,汉语系,林素永,,福建省,泉州市,惠安县,福建省泉州市惠安县崇武镇潮洛下庵西巷6号,,,,,118.917908,24.893230
惠安崇武维西寺,汉语系,辛淑珍,,福建省,泉州市,惠安县,福建省泉州市惠安县崇武镇龙西村,,,,,118.911179,24.892012
惠安崇武靖海庵,汉语系,王秀聪,2011-09-01,福建省,泉州市,惠安县,福建省泉州市惠安县崇武镇（靖江村）古城路156号,,,,,118.941223,24.876631
惠安崇武静心寺,汉语系,黄亚聪,,福建省,泉州市,惠安县,福建省泉州市惠安县崇武镇莲西村汪厝路静心寺,,,,,118.935989,24.877634
惠安崇武香严寺,汉语系,释禅戒,,福建省,泉州市,惠安县,福建省泉州市惠安县崇武镇海门村,,,,,118.942764,24.884682
惠安崇武龙泉寺,汉语系,陆丽聪,,福建省,泉州市,惠安县,福建省泉州市惠安县崇武镇港乾村,,,,,118.960342,24.882450
惠安张坂上仑村稜严寺,汉语系,苏婉钦,,福建省,泉州市,惠安县,福建省泉州市惠安县张坂镇上仑村,,,,,118.829330,24.905161
惠安张坂净莲寺,汉语系,释本悟,,福建省,泉州市,惠安县,福建省泉州市惠安县张坂镇张坂村,,,,,118.804993,24.905550
惠安张坂后岩寺,汉语系,骆如霞,,福建省,泉州市,惠安县,福建省泉州市惠安县张坂镇玉埕村,,,,,118.780708,24.881683
惠安张坂埔塘白云寺,汉语系,杨双鹏,,福建省,泉州市,惠安县,福建省泉州市惠安县张坂镇埔塘村,,,,,118.794296,24.922628
惠安张坂埕边涌莲寺,汉语系,释观一,,福建省,泉州市,惠安县,福建省泉州市惠安县张坂镇埕边村,,,,,118.779358,24.880711
惠安张坂宏莲寺,汉语系,释戒惠,2011-05-12,福建省,泉州市,惠安县,福建省泉州市惠安县张坂镇群力村,,,,,118.786270,24.909191
惠安张坂庄内西竺寺,汉语系,汪鸿梅,,福建省,泉州市,惠安县,福建省泉州市惠安县张坂镇崧山庄内,,,,,118.797508,24.896919
惠安张坂慈云寺,汉语系,谢双梅,,福建省,泉州市,惠安县,福建省泉州市惠安县张坂镇玉前村井下,,,,,118.781998,24.860392
惠安张坂普陀寺,汉语系,陈美梅,,福建省,泉州市,惠安县,福建省泉州市惠安县张坂镇霞美村,,,,,118.785240,24.940002
惠安张坂浮山寺,汉语系,许丽铃,,福建省,泉州市,惠安县,福建省泉州市惠安县张坂镇浮山村,,,,,118.830917,24.866072
惠安张坂清斋寺,汉语系,杨素渊,,福建省,泉州市,惠安县,福建省泉州市惠安县张坂镇群力村,,,,,118.786270,24.909191
惠安张坂灵源寺,汉语系,李小红,,福建省,泉州市,惠安县,福建省泉州市惠安县张坂镇玉园村,,,,,118.784485,24.925953
惠安张坂玉埕金莲堂,汉语系,郭秀锦,,福建省,泉州市,惠安县,福建省泉州市惠安县张坂镇玉埕村,,,,,118.780708,24.881683
惠安张坂白云寺,汉语系,曾若聪,,福建省,泉州市,惠安县,福建省泉州市惠安县张坂镇崇山村,,,,,118.767365,24.880619
惠安张坂白清寺,汉语系,苏丽环,,福建省,泉州市,惠安县,福建省泉州市惠安县张坂镇后曾村,,,,,118.838890,24.935162
惠安张坂白莲寺,汉语系,苏明红,2011-05-12,福建省,泉州市,惠安县,福建省泉州市惠安县张坂镇上仑村,,,,,118.829330,24.905161
惠安张坂福胜寺,汉语系,黄琼芬,,福建省,泉州市,惠安县,福建省泉州市惠安县张坂镇后边村,,,,,118.810867,24.916061
惠安张坂科龙寺,汉语系,释心明,,福建省,泉州市,惠安县,福建省泉州市惠安县张坂镇群贤村,,,,,118.784912,24.887451
惠安张坂龙山寺,汉语系,苏清霞,,福建省,泉州市,惠安县,福建省泉州市惠安县张坂镇山内村,,,,,118.845833,24.925621
惠安林口观音寺,汉语系,释德妙,,福建省,泉州市,惠安县,福建省泉州市惠安县紫山镇林口村,,,,,118.752609,25.027130
惠安洛阳严湖寺,汉语系,释能缘,,福建省,泉州市,惠安县,福建省泉州市惠安县洛阳镇梅岭村大坪,,,,,118.737480,24.968662
惠安洛阳净觉寺,汉语系,杨秀霞,,福建省,泉州市,惠安县,福建省泉州市惠安县洛阳镇新城东区4号楼,,,,,118.694504,24.957653
惠安洛阳凤山寺,汉语系,许志龙,,福建省,泉州市,惠安县,福建省泉州市惠安县洛阳镇洛安村凰窝山,,,,,118.687103,24.958353
惠安洛阳古井亭,汉语系,释传慧,,福建省,泉州市,惠安县,福建省泉州市惠安县洛阳镇万安村,,,,,118.685379,24.955721
惠安洛阳岭头古寺,汉语系,陈温玲,,福建省,泉州市,惠安县,福建省泉州市惠安县洛阳镇岭头村,,,,,118.741776,24.976570
惠安洛阳明贞寺,汉语系,释真慈,,福建省,泉州市,惠安县,福建省泉州市惠安县洛阳镇上田村,,,,,118.719650,24.967413
惠安洛阳留斋寺,汉语系,张美英,,福建省,泉州市,惠安县,福建省泉州市惠安县洛阳镇万安村,,,,,118.685379,24.955721
惠安洛阳真身庵,汉语系,吴月娥,,福建省,泉州市,惠安县,福建省泉州市惠安县洛阳镇万安村,,,,,118.685379,24.955721
惠安洛阳观音禅寺,汉语系,陈雷生,,福建省,泉州市,惠安县,福建省泉州市惠安县洛阳镇洛阳村温厝坑,,,,,118.693520,24.957232
惠安涂寨三圣寺,汉语系,释振弘,,福建省,泉州市,惠安县,福建省泉州市惠安县涂寨镇曲江村,,,,,118.876198,24.959162
惠安涂寨安固亭,汉语系,张金来,,福建省,泉州市,惠安县,福建省泉州市惠安县涂寨镇岩峰寺,,,,,118.831543,24.984812
惠安涂寨岩古寺,汉语系,释学宗,,福建省,泉州市,惠安县,福建省泉州惠安涂寨镇岩古禅寺,,,,,118.831543,24.984812
惠安涂寨明馨寺,汉语系,庄碧霞,2005-04-01,福建省,泉州市,惠安县,福建省泉州市惠安县涂寨镇黄崎村,,,,,118.826889,24.987782
惠安涂寨灵瑞山寺,汉语系,张惠琼,,福建省,泉州市,惠安县,福建省泉州市惠安县涂寨镇灵山村,,,,,118.836502,25.012892
惠安涂寨葛山寺,汉语系,庄淑玲,,福建省,泉州市,惠安县,福建省泉州市惠安县涂寨镇庄内村,,,,,118.811958,24.983713
惠安百崎净心寺,汉语系,郭淑宝,,福建省,泉州市,惠安县,福建省泉州市惠安县百崎乡后海村,,,,,118.740601,24.882801
惠安百崎和源寺,汉语系,陈玉珍,,福建省,泉州市,惠安县,福建省泉州市惠安县百崎乡白奇村,,,,,118.715393,24.880802
惠安百崎地藏王寺,汉语系,郭晏,,福建省,泉州市,惠安县,福建省泉州市惠安县百崎乡白奇村,,,,,118.715393,24.880802
惠安百崎法恩禅寺,汉语系,释心定,,福建省,泉州市,惠安县,福建省泉州市惠安县百崎乡白奇村,,,,,118.715393,24.880802
惠安百崎清严寺,汉语系,庄抱,,福建省,泉州市,惠安县,福建省泉州市惠安县百崎乡下埭村,,,,,118.711494,24.864983
惠安螺城北关观音寺,汉语系,释振见,,福建省,泉州市,惠安县,福建省泉州市惠安县螺城镇北关街,,,,,118.804443,25.037151
惠安螺城华林寺,汉语系,释振瑞,2005-02-01,福建省,泉州市,惠安县,福建省泉州市惠安县螺城镇梅山村白岩山,,,,,118.790230,25.058210
惠安螺城圆智庵,汉语系,释安梁,,福建省,泉州市,惠安县,福建省泉州市惠安县螺城镇八二三东路彩巷口13号,,,,,118.804443,25.037151
惠安螺城大中寺,汉语系,释振显,,福建省,泉州市,惠安县,福建省泉州市惠安县螺城镇梅山村,,,,,118.790230,25.058210
惠安螺城大巷观音寺,汉语系,庄丽云,,福建省,泉州市,惠安县,福建省泉州市惠安县螺城镇中新社区,,,,,118.802322,25.029612
惠安螺城如是禅寺,汉语系,释法华,,福建省,泉州市,惠安县,福建省泉州市惠安县螺城镇团结巷88号,,,,,118.799873,25.034580
惠安螺城妙法莲寺,汉语系,释上赞,,福建省,泉州市,惠安县,福建省泉州市惠安县螺城镇东关街,,,,,118.804443,25.037151
惠安螺城平山寺,汉语系,释照圆,,福建省,泉州市,惠安县,福建省泉州市惠安县螺城镇西北街,,,,,118.804443,25.037151
惠安螺城林边寺,汉语系,释法照,,福建省,泉州市,惠安县,福建省泉州市惠安县螺城镇霞东村,,,,,118.796532,25.016312
惠安螺城水清堂,汉语系,释慧源,,福建省,泉州市,惠安县,福建省泉州市惠安县螺城镇马路顶52号,,,,,118.804443,25.037151
惠安螺城科山寺,汉语系,释戒一,,福建省,泉州市,惠安县,福建省泉州市惠安县螺城镇,,,,,118.804443,25.037151
惠安螺城竹黎寺,汉语系,王心真,,福建省,泉州市,惠安县,福建省泉州市惠安县螺城镇东南社区,,,,,118.795113,25.025732
惠安螺城龙泉寺,汉语系,释上盈,,福建省,泉州市,惠安县,福建省泉州市惠安县螺城镇西北街,,,,,118.804443,25.037151
惠安螺阳净妙堂,汉语系,释宗行,,福建省,泉州市,惠安县,福建省泉州市惠安县螺阳镇锦东村,,,,,118.778831,24.953291
惠安螺阳忠莲寺,汉语系,骆紫瑜,,福建省,泉州市,惠安县,福建省泉州市惠安县螺阳镇盘龙村,,,,,118.766068,24.985271
惠安螺阳涌莲寺,汉语系,释上薇,,福建省,泉州市,惠安县,福建省泉州市惠安县古塘下堡村280号,,,,,118.810387,25.003691
惠安螺阳灵山寺,汉语系,释宽净,,福建省,泉州市,惠安县,福建省泉州市惠安县螺阳镇锦东村,,,,,118.778831,24.953291
惠安螺阳观音寺,汉语系,释真有,,福建省,泉州市,惠安县,福建省泉州市惠安县螺阳镇蒋吴村,,,,,118.813110,25.013762
惠安螺阳鼓峰寺,汉语系,庄细珠,,福建省,泉州市,惠安县,福建省泉州市惠安县螺阳镇蔡厝村,,,,,118.757851,24.962631
惠安辋川仰仁堂,汉语系,张碧红,,福建省,泉州市,惠安县,福建省泉州市惠安县辋川镇辋川村下路街,,,,,118.856934,25.073362
惠安辋川宝林寺,汉语系,何丽娜,,福建省,泉州市,惠安县,福建省泉州市惠安县辋川镇许厝村下湖125号,,,,,118.832314,25.092592
惠安辋川德济寺,汉语系,释贤林,,福建省,泉州市,惠安县,福建省泉州市惠安县县辋川镇九美山,,,,,118.858894,25.072102
惠安辋川白水寺,汉语系,释明弘,,福建省,泉州市,惠安县,福建省泉州市惠安县辋川镇,,,,,118.858894,25.072102
惠安辋川积善寺,汉语系,释贤威,,福建省,泉州市,惠安县,福建省泉州市惠安县辋川镇坪埔村,,,,,118.820259,25.094091
惠安辋川虎屿岩,汉语系,释妙进,2002-09-01,福建省,泉州市,惠安县,福建省泉州市惠安县辋川镇庄上村太史巷10号,,,,,118.821564,25.088852
惠安黄塘岩峰寺,汉语系,释真辉,,福建省,泉州市,惠安县,福建省泉州市惠安县黄塘镇后郭村岩峰寺,,,,,118.715614,25.033173
惠安黄塘西峰寺,汉语系,释法智,,福建省,泉州市,惠安县,福建省泉州市惠安县黄塘埔兜村,,,,,118.678558,24.991352
晋江东石大觉寺,汉语系,释道因,1994-04-14,福建省,泉州市,晋江市,福建省晋江市东石镇古寨,晋江大觉寺，位于福建省泉州市晋江市东石镇，由现代高僧瑞今法师亲建，始建于1993年4月，1994年冬落成。,,,,118.457054,24.661140
晋江安海龙山寺,汉语系,释向愿,2011-05-12,福建省,泉州市,晋江市,福建省晋江市安海镇型厝村,“龙山寺”位于晋江市安海镇海型厝村北的龙山之麓，故名龙山寺，是泉南著名的千年古刹，系1983年国务院确定的142座全国重点佛教寺院之一，[1]也是第七批全国重点文物保护单位。始建于隋皇泰年间（618-619），初名普现寺，又名天竺寺，俗称观音殿。安海龙山寺是台湾四百多所龙山寺的祖庙。,,,,118.468071,24.724842
晋江东石不二庵,汉语系,释振宇,,福建省,泉州市,晋江市,福建省晋江市东石镇梅峰村,,,,,118.513039,24.627361
晋江东石南岳寺,汉语系,释上铉,2003-04-14,福建省,泉州市,晋江市,福建省晋江市东石镇埕边村,,,,,118.523659,24.619202
晋江东石极乐堂,汉语系,释普见,,福建省,泉州市,晋江市,福建省晋江市东石镇檗谷村,,,,,118.473221,24.657433
晋江东石竺世庵,汉语系,陈秀珠,,福建省,泉州市,晋江市,福建省晋江市东石镇竺世庵,,,,,118.468056,24.663382
晋江东石龙江寺,汉语系,释道勤,,福建省,泉州市,晋江市,福建省晋江市东石镇龙江寺,,,,,118.476372,24.673553
晋江内坑熊山寺,汉语系,释上玄,,福建省,泉州市,晋江市,福建省晋江市内坑镇熊山寺,,,,,118.466682,24.760540
晋江南天禅寺,汉语系,释理山,,福建省,泉州市,晋江市,福建省晋江市东石镇许西坑村,,,,,118.501793,24.672300
晋江安海古庙云水寺,汉语系,释元升,1993-01-14,福建省,泉州市,晋江市,福建省晋江市安海镇古庙路24号,,,,,118.466349,24.715571
晋江安海报恩寺,汉语系,释向信,1994-01-14,福建省,泉州市,晋江市,福建省晋江市安海镇西垵村,,,,,118.455467,24.715361
晋江安海朝天寺,汉语系,陈秀恋,,福建省,泉州市,晋江市,福建省晋江市安海镇鸿塔小区,,,,,118.463631,24.707710
晋江安海水心禅寺,汉语系,吴仁仁,,福建省,泉州市,晋江市,福建省晋江市安海镇安平桥,,,,,118.476189,24.716810
晋江安海青莲寺,汉语系,黄正式,,福建省,泉州市,晋江市,福建省晋江市安海镇曾埭青莲寺,,,,,118.445389,24.731670
晋江庆莲寺,汉语系,释向愿,1994-04-10,福建省,泉州市,晋江市,福建省晋江市池店镇高山亭,,,,,118.580673,24.860577
晋江新塘慧莲寺,汉语系,释心修,,福建省,泉州市,晋江市,福建省晋江市新塘街道荆山,,,,,118.603882,24.753620
晋江朵莲寺,汉语系,郭瑞珍,1994-07-08,福建省,泉州市,晋江市,福建省晋江市池店镇朵莲寺,,,,,118.576492,24.889393
晋江梅洋寺,汉语系,释传明,,福建省,泉州市,晋江市,福建省晋江市磁灶镇洋光村,,,,,118.492012,24.818590
晋江永和圆通庵,汉语系,许秀祝,,福建省,泉州市,晋江市,福建省晋江市永和镇梨星村,,,,,118.575264,24.727612
晋江永和西店灵山庵,汉语系,释本觉,,福建省,泉州市,晋江市,福建省晋江市永和镇西店村,,,,,118.554512,24.685152
晋江永和龙溪禅寺,汉语系,释坚弘,,福建省,泉州市,晋江市,福建省晋江市永和镇坑边村,,,,,118.567360,24.693420
晋江池店法莲寺,汉语系,释振信,,福建省,泉州市,晋江市,福建省晋江市池店镇华洲村,,,,,118.576561,24.885431
晋江池店潘湖资福院,汉语系,释普白,2005-02-25,福建省,泉州市,晋江市,福建省晋江市池店镇潘湖村,,,,,118.555000,24.849802
晋江池店福海堂,汉语系,周惠萍,2000-07-08,福建省,泉州市,晋江市,福建省晋江市池店镇池店村,,,,,118.570892,24.851004
晋江池店霞福寺,汉语系,释上证,1994-04-10,福建省,泉州市,晋江市,福建省晋江市池店镇霞福村,,,,,118.593834,24.864500
晋江池店青莲寺,汉语系,蔡本祥,,福建省,泉州市,晋江市,福建省晋江市池店镇溜石村,,,,,118.598228,24.869551
晋江深林寺,汉语系,释传振,,福建省,泉州市,晋江市,福建省晋江市深沪镇首峰村,,,,,118.639069,24.636631
晋江深沪慧济寺,汉语系,释理任,1994-04-10,福建省,泉州市,晋江市,福建省晋江市深沪镇南春村,,,,,118.677711,24.617231
晋江深沪西安寺,汉语系,释证果,,福建省,泉州市,晋江市,福建省晋江市深沪镇科任村,,,,,118.664337,24.580601
晋江深沪闻修净院,汉语系,詹雅丽,,福建省,泉州市,晋江市,福建省晋江市深沪镇金屿红山顶,,,,,118.683100,24.612050
晋江灵源寺,汉语系,释弘珠,,福建省,泉州市,晋江市,福建省晋江市灵源街道,,,,,118.528961,24.748281
晋江灵源紫竹寺,汉语系,释弘培,1994-01-14,福建省,泉州市,晋江市,福建省晋江市灵源街道华表山,,,,,118.516228,24.772373
晋江福慧寺,汉语系,释万修,1993-01-01,福建省,泉州市,晋江市,福建省晋江市安海镇洋南村,,,,,118.504837,24.703243
晋江紫帽古玄寺,汉语系,释真隆,,福建省,泉州市,晋江市,福建省晋江市紫帽山,,,,,118.578568,24.799231
晋江紫帽法藏寺,汉语系,释法空,,福建省,泉州市,晋江市,福建省晋江市紫帽镇梧安铁灶山,,,,,118.511864,24.861710
晋江紫帽金栗洞,汉语系,释宗纯,,福建省,泉州市,晋江市,福建省晋江市紫帽镇,,,,,118.524078,24.861794
晋江罗山草庵寺,汉语系,释理山,,福建省,泉州市,晋江市,福建省晋江市罗山街道苏内社区,,,,,118.536270,24.765390
晋江罗山西天寺,汉语系,颜秀却,,福建省,泉州市,晋江市,福建省晋江市罗山街道,,,,,118.565971,24.781883
晋江英林天寿寺,汉语系,释慈性,,福建省,泉州市,晋江市,福建省晋江市英林镇高湖村,,,,,118.589462,24.611660
晋江英林海潮寺,汉语系,释传德,1994-10-05,福建省,泉州市,晋江市,福建省晋江市英林镇下伍保,,,,,118.578773,24.627583
晋江英林灵山寺,汉语系,释法林,,福建省,泉州市,晋江市,福建省晋江市英林镇英林村,,,,,118.577507,24.631083
晋江英林鳌溪寺,汉语系,释传德,,福建省,泉州市,晋江市,福建省晋江市英林镇埭边村,,,,,118.546631,24.613451
晋江英林龙泉禅寺,汉语系,释胜空,1994-12-14,福建省,泉州市,晋江市,福建省晋江市英林镇英林长房份,,,,,118.587769,24.632103
晋江西园美林寺,汉语系,释传净,1994-01-14,福建省,泉州市,晋江市,福建省晋江市西园街道大霞浯,,,,,118.541458,24.827578
晋江金井净心寺,汉语系,释证果,,福建省,泉州市,晋江市,福建省晋江市金井镇中兴南路滨海新村142号,,,,,118.595688,24.567923
晋江金井石圳光明寺,汉语系,魏道慰,,福建省,泉州市,晋江市,福建省晋江市金井镇石圳村,,,,,118.639923,24.559191
晋江金井西资岩,汉语系,释广持,1994-04-10,福建省,泉州市,晋江市,福建省晋江市金井镇小三村,,,,,118.595688,24.567923
晋江陈埭净慧寺,汉语系,释安素,,福建省,泉州市,晋江市,福建省晋江市陈埭镇苏厝村,,,,,118.591797,24.834412
晋江陈埭江头南宫,汉语系,释普智,,福建省,泉州市,晋江市,福建省晋江市陈埭江头南宫,,,,,118.619026,24.812391
晋江陈埭海光禅寺,汉语系,释开法,,福建省,泉州市,晋江市,福建省晋江市陈埭镇岸兜村,,,,,118.610283,24.823383
晋江陈埭玉泉寺,汉语系,释胜严,,福建省,泉州市,晋江市,福建省晋江市陈埭镇湖中村,,,,,118.594513,24.818621
晋江陈埭镇美寺,汉语系,释本悟,,福建省,泉州市,晋江市,福建省晋江市陈埭镇庵上镇美寺,,,,,118.613945,24.852383
晋江青阳南山寺,汉语系,释法德,,福建省,泉州市,晋江市,福建省晋江市青阳街道阳光社区,,,,,118.589165,24.811106
晋江龙湖天竺庵,汉语系,释心学,1994-04-14,福建省,泉州市,晋江市,福建省晋江市龙湖南庄天竺讲堂,,,,,118.595184,24.671154
晋江龙湖柔潮庵,汉语系,释知性,,福建省,泉州市,晋江市,福建省晋江市龙湖,,,,,118.551990,24.781440
晋江龙湖灵溪寺,汉语系,释乘宝,,福建省,泉州市,晋江市,福建省晋江市龙湖镇中山街,,,,,118.628349,24.661921
晋江龙湖烧灰灵鹫寺,汉语系,黄宗萍,,福建省,泉州市,晋江市,福建省晋江市龙湖镇烧灰村,,,,,118.579727,24.669981
晋江龙湖福林寺,汉语系,释教祥,,福建省,泉州市,晋江市,福建省晋江市龙湖镇檀林村,,,,,118.596397,24.690271
晋江龙湖觉海庵,汉语系,释传章,1994-04-10,福建省,泉州市,晋江市,福建省晋江市龙湖镇锡坑村,,,,,118.621597,24.662050
泉州宿燕寺,汉语系,林东清,1906,福建省,泉州市,鲤城区,福建省泉州市鲤城区江南亭店村宿燕路72号,宿燕寺位于紫帽山东面鲤城区江南镇亭店村，创建于清光绪三十二年（公元1906年）。宿燕寺是在宋代海岸寺废墟上建造的，坐北朝南，前案峰峦连绵，后背山峦围护，地形似“燕子归巢”，故名。,,,,118.558212,24.882172
泉州观音阁,汉语系,释上裕,1999-05-31,福建省,泉州市,鲤城区,福建省泉州市鲤城区江南街道赤土村,泉州观音阁寺院地址：福建省泉州市鲤城区金龙街道赤土村观音阁,,,,118.534088,24.903942
泉州崇福寺,汉语系,释理任,年代不详,福建省,泉州市,鲤城区,福建省泉州市鲤城区崇福寺,泉州崇福寺位于鲤城区崇福路，初名千佛庵，后改名崇胜寺、洪钟寺、崇福寺，与开元寺、承天寺并称为泉州三大丛林，1982年被福建省政府定为第二批省级文物保护单位。崇福寺是泉州少林寺废后传授少林武功的又一寺院。重修后大雄宝殿的风格保持明代规制，有应庚塔、千人鼎、大洪钟崇福寺“镇山三宝”。大洪钟，铸于明初，声音宏亮，“崇福晚钟”为泉州八景之一。,,,,118.600868,24.917242
泉州承天寺,汉语系,释向愿,2000-01-01,福建省,泉州市,鲤城区,福建省泉州市鲤城区南俊路36号,泉州承天寺，又称月台寺，位于福建省泉州市区崇阳门外东南。在五代时，此地为节度使留以效的南园。后周显德年间（954-960年）改建为佛寺，初名“南禅寺”。宋景德四年（1007年），赐名“承天寺”。宋嘉祐年间（1056-1063年）一度改称“能仁寺”，政和七年（1117年）复名“承天寺”。宋时承天寺香火旺盛，殿堂宏伟，有榕径午阴、偃松清风、塔无禽栖、瑶台明月、卷帘朝日、推蓬晚雨、方池梅影、啸庵竹声、鹦山暮云、石如鹦鹉十景。,,,,118.593510,24.907660
泉州安福寺,汉语系,释常持,2003-03-21,福建省,泉州市,鲤城区,福建省泉州市鲤城区金龙街道曾林社区安福路119号,福建，泉州安福寺安福寺位于鲤城区江南镇曾林村紫帽龙首山麓。泉州市第四批文物保护单位和第一批历史文化保护区。,,,,118.527672,24.897722
泉州一峰寺,汉语系,释定端,,福建省,泉州市,鲤城区,福建省泉州市鲤城区学府路一峰书1号,,,,,118.597481,24.921448
泉州义城庙,汉语系,陈琼华,,福建省,泉州市,鲤城区,福建省泉州市西街641号,,,,,118.579990,24.918290
泉州同莲寺,汉语系,黄淑萍,,福建省,泉州市,鲤城区,福建省泉州市鲤城区大城隍后6号,,,,,118.594864,24.918076
泉州善缘堂,汉语系,释宗勤,1999-05-31,福建省,泉州市,鲤城区,福建省泉州市鲤城区中山中路405号,,,,,118.590720,24.911720
泉州大开元寺,汉语系,释道元,1994-01-20,福建省,泉州市,鲤城区,福建省泉州市鲤城区西街176号,,,,,118.586870,24.907500
泉州妙音寺,汉语系,林现尊,,福建省,泉州市,鲤城区,福建省泉州市鲤城区江南街道登峰社区前店村南山,,,,,118.545113,24.871557
泉州宝海庵,汉语系,林现尊,,福建省,泉州市,鲤城区,福建省泉州市鲤城区南门后山社16号,,,,,118.589828,24.890930
泉州庆同庵,汉语系,陈希玲,,福建省,泉州市,鲤城区,福建省泉州市鲤城区二郎后街37号,,,,,118.601260,24.913710
泉州惠仁寺,汉语系,释真仁,2003-10-15,福建省,泉州市,鲤城区,福建省泉州市鲤城区平水庙45号,,,,,118.587593,24.916147
泉州慕西寺,汉语系,释传健,,福建省,泉州市,鲤城区,福建省泉州市鲤城区刺桐新村内顶埔122号,,,,,118.598648,24.923292
泉州泉郡接官亭,汉语系,释振缘,1999-05-31,福建省,泉州市,鲤城区,福建省泉州市鲤城区浮桥镇黄甲街,,,,,118.562057,24.913040
泉州释迦寺,汉语系,释道顺,,福建省,泉州市,鲤城区,福建省泉州市鲤城区东鲁巷,,,,,118.594200,24.899481
泉州金粟古寺,汉语系,释普芬,,福建省,泉州市,鲤城区,福建省泉州市鲤城区北山巷4号,,,,,118.589306,24.920491
泉州铁炉寺,汉语系,释悟智,,福建省,泉州市,鲤城区,福建省泉州市象峰巷65号,,,,,118.581510,24.911640
泉州铜佛古寺,汉语系,施潘治,1999-05-31,福建省,泉州市,鲤城区,福建省泉州市鲤城区百源路,,,,,118.591316,24.904699
泉州龙溪寺,汉语系,释向愿,,福建省,泉州市,鲤城区,福建省泉州市鲤城区海滨街道新门社区一堡,,,,,118.581802,24.908091
泉州广济寺,汉语系,释德昇,,福建省,泉州市,洛江区,福建省泉州市洛江区双阳街道办事处坪山社区,,,,,118.609558,24.989031
泉州西龙寺,汉语系,,,福建省,泉州市,洛江区,福建省泉州市洛江区罗溪镇新东村东庵,,,,,118.583084,25.206043
南安双灵寺,汉语系,释源悟,1994-01-01,福建省,泉州市,南安市,福建省南安市水头镇埕边村,位于福建省南安水头镇埕边村，始建于清嘉庆七年（1802），奉祀高榜娘、高瓜娘姐妹肉身佛，为埕边乡人将其坐化成佛之肉身粉塑供奉而建。,,,,118.435730,24.712172
南安一片寺,汉语系,郭福涂,,福建省,泉州市,南安市,福建省南安市官桥镇仙枝村,,,,,118.405373,24.824282
南安上庵寺,汉语系,释妙诚,,福建省,泉州市,南安市,福建省南安市丰州镇董铺村,,,,,118.536697,24.953623
南安东安寺,汉语系,黄真纯,,福建省,泉州市,南安市,福建省南安市石井镇石井街,,,,,118.430107,24.655270
南安云从古室,汉语系,洪维厚,,福建省,泉州市,南安市,福建省南安市英都镇良山村,,,,,118.236717,24.966600
南安五塔岩,汉语系,陈缘姑,,福建省,泉州市,南安市,福建省南安市官桥镇竹口村,,,,,118.476952,24.890661
南安仙迹岩,汉语系,蔡旺水,,福建省,泉州市,南安市,福建省南安市水头镇南侨村,,,,,118.411591,24.741493
南安冷水亭,汉语系,王来快,,福建省,泉州市,南安市,福建省南安市官桥镇林边村,,,,,118.406570,24.759632
南安华鼎岩,汉语系,郭赞家,2003-01-01,福建省,泉州市,南安市,福建省南安市蓬华镇山城村,,,,,118.195488,25.176870
南安南无禅寺,汉语系,王家和,2003-01-01,福建省,泉州市,南安市,福建省南安市洪濑镇都心村,,,,,118.553589,25.030581
南安南海寺,汉语系,凌天德,,福建省,泉州市,南安市,福建省南安市官桥镇霞光村,,,,,118.478043,24.911949
南安古竹岩,汉语系,释宏行,,福建省,泉州市,南安市,福建省南安市英都镇龙江村,,,,,118.256638,24.950232
南安圆照寺,汉语系,释见圆,,福建省,泉州市,南安市,福建省南安市水头镇康店村,,,,,118.396133,24.711903
南安壹亨寺,汉语系,释印通,,福建省,泉州市,南安市,福建省南安市壹亨寺,,,,,118.386270,24.960400
南安大和佛堂,汉语系,黄巩固,,福建省,泉州市,南安市,福建省南安市罗东镇罗东村,,,,,118.510834,25.163733
南安大慈林,汉语系,洪真敏,,福建省,泉州市,南安市,福建省南安市石井镇郭前村,,,,,118.399841,24.629652
南安天封寺,汉语系,张俩姑,,福建省,泉州市,南安市,福建省南安市官桥镇南桥村,,,,,118.426224,24.806753
南安天柱岩,汉语系,郭寅忠,,福建省,泉州市,南安市,福建省南安市蓬华镇蓬岛村,,,,,118.195137,25.194462
南安天竺寺,汉语系,李永昌,1993-01-01,福建省,泉州市,南安市,福建省南安市官桥镇周厝村,,,,,118.418541,24.798172
南安太湖岩,汉语系,苏少隆,,福建省,泉州市,南安市,福建省南安市康美镇康美村,,,,,118.473381,25.040524
南安宝寿观音院,汉语系,王延赞,1996-01-01,福建省,泉州市,南安市,福建省南安市仑仓镇辉煌村,,,,,118.309662,25.024792
南安宝寿院,汉语系,黄和转,,福建省,泉州市,南安市,福建省南安市美林办事处珠渊村,,,,,118.329941,25.021593
南安宝湖岩,汉语系,洪明宗,,福建省,泉州市,南安市,福建省南安市英都镇云林村,,,,,118.251442,24.966961
南安峰山岩寺,汉语系,释向学,1993-01-01,福建省,泉州市,南安市,福建省南安市峰山岩寺,,,,,118.404884,24.718212
南安延福寺,汉语系,释常定,1993-01-01,福建省,泉州市,南安市,福建省南安市丰州镇旭山村,,,,,118.532089,24.951782
南安建兴寺,汉语系,魏占治,1997-01-01,福建省,泉州市,南安市,福建省南安市洪濑镇洪濑街,,,,,118.521217,25.075109
南安开化洞,汉语系,陈丽珠,,福建省,泉州市,南安市,福建省南安市柳城办事处榕桥村,,,,,118.397408,24.941860
南安慈云寺,汉语系,陈兴荣,,福建省,泉州市,南安市,福建省南安市官桥镇浔美村,,,,,118.426224,24.806753
南安慈觉林,汉语系,陈秀纯,,福建省,泉州市,南安市,福建省南安市石井镇苏内村,,,,,118.393730,24.679432
南安慧月禅院,汉语系,释上讃,,福建省,泉州市,南安市,福建省南安市石井镇象形村,,,,,118.425659,24.633724
南安慧泉寺,汉语系,苏广生,2001-01-01,福建省,泉州市,南安市,福建省南安市康美镇梅元村,,,,,118.489960,25.052341
南安普济堂,汉语系,王孔雀,1998-01-01,福建省,泉州市,南安市,福建省南安市美林办事处梧山村,,,,,118.450447,24.996712
南安普济岩,汉语系,陈赏,,福建省,泉州市,南安市,福建省南安市普济岩,,,,,118.386270,24.960400
南安普照寺,汉语系,释振宇,,福建省,泉州市,南安市,福建省南安市官桥镇竹口村,,,,,118.476952,24.890661
南安树德寺,汉语系,蔡锦远,,福建省,泉州市,南安市,福建省南安市洪濑镇洪濑街,,,,,118.521217,25.075109
南安永宁庵,汉语系,黄杰屈,,福建省,泉州市,南安市,福建省南安市水头镇文斗村,,,,,118.381622,24.749271
南安涌莲寺,汉语系,释道亮,,福建省,泉州市,南安市,福建省南安市官桥镇社庄村,,,,,118.437057,24.821051
南安清水岩,汉语系,黄衍清,,福建省,泉州市,南安市,福建省南安市洪濑镇集新村,,,,,118.528648,25.071861
南安灵应寺,汉语系,黄有用,,福建省,泉州市,南安市,福建省南安市灵应寺,,,,,118.551308,25.157131
南安玉佛寺,汉语系,释向显,,福建省,泉州市,南安市,福建省南安市水头镇朴里村,,,,,118.427620,24.730686
南安瑞迹岩寺,汉语系,沈勤,2003-01-01,福建省,泉州市,南安市,福建省南安市官桥镇成竹云溪村,,,,,118.394318,24.822432
南安白云寺,汉语系,林全面,,福建省,泉州市,南安市,福建省南安市柳城办事处三保村,,,,,118.397408,24.941860
南安白莲寺,汉语系,吴水郊,,福建省,泉州市,南安市,福建省南安市水头镇康龙村,,,,,118.396423,24.707317
南安石亭寺,汉语系,释普缘,,福建省,泉州市,南安市,福建省南安市丰州镇桃源村,,,,,118.538170,24.960632
南安石室岩,汉语系,释法量,1993-01-01,福建省,泉州市,南安市,福建省南安市官桥镇岭兜村,,,,,118.429100,24.855122
南安碧云寺,汉语系,陈炳灯,1992-12-31,福建省,泉州市,南安市,福建省南安市碧云寺,,,,,118.696358,24.736900
南安福寿寺,汉语系,释向潮,1994-01-01,福建省,泉州市,南安市,福建省南安市水头镇朴里村,,,,,118.427620,24.730686
南安菩提院,汉语系,释上等,,福建省,泉州市,南安市,福建省南安市金淘镇毓南村,,,,,118.407600,25.103642
南安西华岩,汉语系,释传音,2000-01-01,福建省,泉州市,南安市,福建省南安市丰州镇西华村,,,,,118.551399,24.973711
南安西安寺,汉语系,郑育乾,1998-01-01,福建省,泉州市,南安市,福建省南安市石井镇石井村,,,,,118.431999,24.625650
南安西碧岩,汉语系,陈培福,1998-01-01,福建省,泉州市,南安市,福建省南安市诗山镇梧埔山村,,,,,118.293961,25.210773
南安隐秀寺,汉语系,陈建筑,,福建省,泉州市,南安市,福建省南安市溪美办事处湖美社区,,,,,118.381485,24.949247
南安雪峰寺,汉语系,释法度,1993-01-01,福建省,泉州市,南安市,福建省南安市康美镇梅元村,,,,,118.489960,25.052341
南安飞瓦岩,汉语系,李宣坚,1997-01-01,福建省,泉州市,南安市,福建省南安市水头镇新营村,,,,,118.383591,24.740282
南安飞龙寺,汉语系,释定一,,福建省,泉州市,南安市,福建省南安市罗东镇埔心村,,,,,118.494308,25.161102
南安龙兴寺,汉语系,释果平,,福建省,泉州市,南安市,福建省南安市梅山镇埔仔村,,,,,118.503151,25.104052
南安龙溪堂,汉语系,陈忠煎,,福建省,泉州市,南安市,福建省南安市溪美办事处河滨路,,,,,118.384109,24.960951
南安龙溪寺,汉语系,释传缘,,福建省,泉州市,南安市,福建省南安市康美镇兰田村,,,,,118.478027,25.012041
南安龙须岩,汉语系,梁锦地,,福建省,泉州市,南安市,福建省南安市龙须岩,,,,,118.165138,24.957571
泉州华林寺,汉语系,谢瑞仁,年代不详,福建省,泉州市,泉港区,福建省泉州市泉港区山腰街道新宅村,泉州华林寺位于泉州市泉港区山腰街道新宅社区，旧属惠安七都，今属山腰街道办事处。,,,,118.904121,25.134443
泉州一善堂,汉语系,陈玉财,2002-07-01,福建省,泉州市,泉港区,福建省泉州市泉港区涂岭镇白潼自然村29号,,,,,118.866951,25.204212
泉州一诚堂,汉语系,释宏愿,,福建省,泉州市,泉港区,福建省泉州市泉港区峰尾镇一诚村,,,,,118.949989,25.117361
泉州九峰寺,汉语系,释道量,,福建省,泉州市,泉港区,福建省泉州市泉港区界山镇鹅头村九峰山,,,,,118.877541,25.219872
泉州云门寺,汉语系,振仁（俗名：陈著欣）,,福建省,泉州市,泉港区,福建省泉州市泉港区涂岭镇秀溪村,,,,,118.837280,25.206593
泉州兴元堂,汉语系,释性珊,2011-10-15,福建省,泉州市,泉港区,福建省泉州市泉港区界山镇河阳村430号,,,,,118.883842,25.227182
泉州兴善堂,汉语系,宏慈,1994-11-01,福建省,泉州市,泉港区,福建省泉州市泉港区峰尾镇奎璧村82号,,,,,118.934334,25.107481
泉州兴山寺,汉语系,释文福,,福建省,泉州市,泉港区,福建省泉州市泉港区南埔镇塘头村,,,,,118.877289,25.181921
泉州兴德堂,汉语系,释法如,2002-08-01,福建省,泉州市,泉港区,福建省泉州市泉港区山腰街道锦山村,,,,,118.902199,25.120901
泉州兴福寺,汉语系,王培珍,,福建省,泉州市,泉港区,福建省泉州市泉港区南埔镇邱厝村,,,,,118.949379,25.189651
泉州养德堂,汉语系,林添玉,,福建省,泉州市,泉港区,福建省泉州市泉港区山腰街道锦山村细房13号,,,,,118.902199,25.120901
泉州凤仙堂,汉语系,释妙成,,福建省,泉州市,泉港区,福建省泉州市泉港区南埔镇凤翔村109号,,,,,118.910530,25.163792
泉州前黄园通寺,汉语系,张慧贞,2002-07-01,福建省,泉州市,泉港区,福建省泉州市泉港区前黄镇后张村北坑172号圆通寺,,,,,118.870377,25.142553
泉州南埔善德堂,汉语系,释妙清,2002-10-01,福建省,泉州市,泉港区,福建省泉州市泉港区南埔镇天湖村,,,,,118.885742,25.179131
泉州南埔园通寺,汉语系,释谛闻,,福建省,泉州市,泉港区,福建省泉州市泉港区南埔镇凤翔村院前,,,,,118.910530,25.163792
泉州后天堂,汉语系,陈智英,,福建省,泉州市,泉港区,福建省泉州市泉港区界山镇东凉村13组208号,,,,,118.920761,25.219061
泉州后龙善德堂,汉语系,刘贤珠,2011-01-01,福建省,泉州市,泉港区,福建省泉州市泉港区后龙镇坑仔底村1组6号,,,,,118.923981,25.154831
泉州善天堂,汉语系,陈玉姐,,福建省,泉州市,泉港区,福建省泉州市泉港区界山镇河阳村,,,,,118.883842,25.227182
泉州圣善寺,汉语系,陈凤梅,,福建省,泉州市,泉港区,福建省泉州市泉港区南埔镇南埔村田厝80号,,,,,118.896698,25.190321
泉州天元堂,汉语系,肖顺妹,,福建省,泉州市,泉港区,福建省泉州市泉港区南埔镇肖厝村益成85号,,,,,118.975952,25.188782
泉州天湖寺,汉语系,释妙敬,2006-02-01,福建省,泉州市,泉港区,福建省泉州市泉港区南埔镇天湖村,,,,,118.885742,25.179131
泉州天竺寺,汉语系,郑玉美,,福建省,泉州市,泉港区,福建省泉州市泉港区南埔镇天竺村9组89号,,,,,118.919472,25.176830
泉州太元堂,汉语系,陈密珍,,福建省,泉州市,泉港区,福建省泉州市泉港区界山镇玉湖村,,,,,118.887993,25.219051
泉州妙德堂,汉语系,林燕梅,,福建省,泉州市,泉港区,福建省泉州市泉港区前黄镇社塘村,,,,,118.910759,25.152460
泉州存善堂,汉语系,释普芬,,福建省,泉州市,泉港区,福建省泉州市泉港区山腰街道菜堂村,,,,,118.887093,25.120251
泉州守元堂,汉语系,释持华,2002-06-09,福建省,泉州市,泉港区,福建省泉州市泉港区界山镇狮东村,,,,,118.907501,25.228861
泉州尊元堂,汉语系,释文智,,福建省,泉州市,泉港区,福建省泉州市泉港区界山镇河阳村12组142号,,,,,118.883842,25.227182
泉州尚元堂,汉语系,释如慧,,福建省,泉州市,泉港区,福建省泉州市泉港区前黄镇前烧村,,,,,118.845909,25.128351
泉州山头寺,汉语系,释文福,,福建省,泉州市,泉港区,福建省泉州市泉港区涂岭镇下炉村,,,,,118.870461,25.182590
泉州庆善堂,汉语系,释见性,,福建省,泉州市,泉港区,福建省泉州市泉港区后龙镇后田村2组铁坑14号,,,,,118.949921,25.166122
泉州得善堂,汉语系,肖丽娥,,福建省,泉州市,泉港区,福建省泉州市泉港区南埔镇肖厝柯厝新村104号,,,,,118.969711,25.181963
泉州怀恩寺,汉语系,释象德,,福建省,泉州市,泉港区,福建省泉州市泉港区南埔镇肖厝村102号,,,,,118.979294,25.190683
泉州性元堂,汉语系,释性玉,,福建省,泉州市,泉港区,福建省泉州市泉港区界山镇东张村,,,,,118.890083,25.224920
泉州性善堂,汉语系,林春琴,,福建省,泉州市,泉港区,福建省泉州市泉港区峰尾镇奎璧村379号,,,,,118.934334,25.107481
泉州惠元堂,汉语系,高增秀,,福建省,泉州市,泉港区,福建省泉州市泉港区界山镇下朱村169号,,,,,118.932854,25.217543
泉州意诚堂,汉语系,林燕梅,,福建省,泉州市,泉港区,福建省泉州市泉港区后龙镇虎石村18号,,,,,118.913422,25.154844
泉州慈德堂,汉语系,刘秀月,,福建省,泉州市,泉港区,福建省泉州市泉港区峰尾镇诚平村73号,,,,,118.962372,25.116041
泉州慈明庵,汉语系,刘亚研,,福建省,泉州市,泉港区,福建省泉州市泉港区南埔镇肖厝村大埔101号,,,,,118.979294,25.190683
泉州慈诚堂,汉语系,陈燕芬,,福建省,泉州市,泉港区,福建省泉州市泉港区南埔镇沙格村12组404号,,,,,118.964722,25.195051
泉州慈铭堂,汉语系,释如文,,福建省,泉州市,泉港区,福建省泉州市泉港区后龙镇后龙村24号,,,,,118.941139,25.142891
泉州明元堂,汉语系,释智萍,2011-10-15,福建省,泉州市,泉港区,福建省泉州市泉港区界山镇狮东村353号,,,,,118.907501,25.228861
泉州普光寺,汉语系,蔡元妹,,福建省,泉州市,泉港区,福建省泉州市泉港区界山镇岭头村四房68号,,,,,118.900711,25.202433
泉州晴霞亭,汉语系,黄秀叶,,福建省,泉州市,泉港区,福建省泉州市泉港区涂岭镇涂岭村7组,,,,,118.842529,25.176231
泉州曾炉寺,汉语系,释达芳,,福建省,泉州市,泉港区,福建省泉州市泉港区山腰街道办事处叶厝村,,,,,118.859894,25.102072
泉州清元堂,汉语系,吴惠珍,,福建省,泉州市,泉港区,福建省泉州市泉港区界山镇狮东村9组288号,,,,,118.907501,25.228861
泉州清善庵,汉语系,释福量,,福建省,泉州市,泉港区,福建省泉州市泉港区南埔镇施厝村1组343号,,,,,118.933998,25.183722
泉州清德庵,汉语系,释向参,,福建省,泉州市,泉港区,福建省泉州市泉港区南埔镇肖厝村益成86号,,,,,118.975952,25.188782
泉州清心堂,汉语系,陈永微,2002-09-01,福建省,泉州市,泉港区,福建省泉州市泉港区界山镇加口村7号,,,,,118.870621,25.222706
泉州清慈庵,汉语系,释殊雄,,福建省,泉州市,泉港区,福建省泉州市泉港区南埔镇肖厝大埔100号,,,,,118.973579,25.186682
泉州清明庵,汉语系,释宽参,,福建省,泉州市,泉港区,福建省泉州市泉港区峰尾镇郭厝村北头179号,,,,,118.933678,25.130020
泉州清源庵,汉语系,肖阿姐,,福建省,泉州市,泉港区,福建省泉州市泉港区山腰街道荷池村736号,,,,,118.921379,25.123373
泉州清莲堂,汉语系,肖宝平,,福建省,泉州市,泉港区,福建省泉州市泉港区后龙镇土坑村学校后57号,,,,,118.943748,25.162632
泉州清莲庵,汉语系,释莲振,,福建省,泉州市,泉港区,福建省泉州市泉港区界山镇鸠林村700号,,,,,118.877632,25.231220
泉州清辉庵,汉语系,释秀亮,,福建省,泉州市,泉港区,福建省泉州市泉港区南埔镇南埔村仑头村仑头327号,,,,,118.935341,25.194382
泉州清雄寺,汉语系,刘云梅,,福建省,泉州市,泉港区,福建省泉州市泉港区南埔镇凤翔村院前125号,,,,,118.910530,25.163792
泉州灵德堂,汉语系,黄美月,2002-07-01,福建省,泉州市,泉港区,福建省泉州市泉港区山腰街道锦山村31号,,,,,118.902199,25.120901
泉州燕山寺,汉语系,出聪木,,福建省,泉州市,泉港区,福建省泉州市泉港区涂岭镇小坝村,,,,,118.802620,25.187012
泉州真诚堂,汉语系,肖龙香,2002-08-01,福建省,泉州市,泉港区,福建省泉州市泉港区南埔镇肖厝村,,,,,118.979294,25.190683
泉州石冠洞寺,汉语系,,,福建省,泉州市,泉港区,福建省泉州市泉港区前黄镇古县村,,,,,118.877213,25.159082
泉州祖元堂,汉语系,释闻振,,福建省,泉州市,泉港区,福建省泉州市泉港区界山镇东张村129号,,,,,118.890083,25.224920
泉州祥云寺,汉语系,释振莲,1994-11-01,福建省,泉州市,泉港区,福建省泉州市泉港区峰尾镇郭厝大安自然村1000号岩山祥云寺,,,,,118.934792,25.121870
泉州福元堂,汉语系,释德文,2002-08-01,福建省,泉州市,泉港区,福建省泉州市泉港区南埔镇南埔村16组79号,,,,,118.909370,25.191021
泉州离相寺,汉语系,释普集,,福建省,泉州市,泉港区,福建省泉州市泉港区山腰街道港六中街832号,,,,,118.906601,25.126181
泉州积善堂,汉语系,林聪珠,2002-08-01,福建省,泉州市,泉港区,福建省泉州市泉港区南埔镇南埔村亭林尾2号,,,,,118.909370,25.191021
泉州笔架寺,汉语系,赖美玉,,福建省,泉州市,泉港区,福建省泉州市泉港区涂岭镇黄田村,,,,,118.724731,25.155771
泉州聚元堂,汉语系,吴瑞珠,,福建省,泉州市,泉港区,福建省泉州市泉港区界山镇狮东村5组458号,,,,,118.907501,25.228861
泉州莲溪堂,汉语系,曾水凤,,福建省,泉州市,泉港区,福建省泉州市泉港区涂岭镇溪西村7组,,,,,118.817513,25.102573
泉州虎岩寺,汉语系,杨荣清,2002-05-01,福建省,泉州市,泉港区,福建省泉州市泉港区涂岭镇松园村,,,,,118.836952,25.167843
泉州观莲堂,汉语系,释宏因,,福建省,泉州市,泉港区,福建省泉州市泉港区后龙镇田里村6组60号,,,,,118.940292,25.153860
泉州观莲洞,汉语系,陈怀红,,福建省,泉州市,泉港区,福建省泉州市泉港区后龙镇田里村16号,,,,,118.940292,25.153860
泉州观音亭,汉语系,释文航,,福建省,泉州市,泉港区,福建省泉州市泉港区界山镇大前村,,,,,118.908081,25.222261
泉州观音堂,汉语系,释耀航,,福建省,泉州市,泉港区,福建省泉州市泉港区南埔镇太白峰,,,,,118.892311,25.186766
泉州观音洞寺,汉语系,释宝禅,2002-10-01,福建省,泉州市,泉港区,福建省泉州市泉港区涂岭镇小坝村,,,,,118.802620,25.187012
泉州诚善堂,汉语系,释妙禅,,福建省,泉州市,泉港区,福建省泉州市泉港区峰尾镇联岩村后曾1000号,,,,,118.938820,25.125414
泉州诚平慈云堂,汉语系,刘兴娥,,福建省,泉州市,泉港区,福建省泉州市泉港区峰尾镇诚平村大街南21号,,,,,118.962372,25.116041
泉州诚香堂,汉语系,陈宣珠,,福建省,泉州市,泉港区,福建省泉州市泉港区后龙镇割山村11组,,,,,118.946388,25.152632
泉州迴元堂,汉语系,释性善,,福建省,泉州市,泉港区,福建省泉州市泉港区界山镇槐山村12组267号,,,,,118.898514,25.209011
泉州通元寺,汉语系,释常耀,2002-09-01,福建省,泉州市,泉港区,福建省泉州市泉港区界山镇鹅头村加口20号,,,,,118.871063,25.222481
泉州道德堂,汉语系,陈如妹,2002-08-01,福建省,泉州市,泉港区,福建省泉州市泉港区南埔镇南埔村13组78号,,,,,118.909370,25.191021
泉州郭厝慈云堂,汉语系,许秀琴,,福建省,泉州市,泉港区,福建省泉州市泉港区峰尾镇郭厝下西2组,,,,,118.933678,25.130020
泉州重光寺,汉语系,释文福,,福建省,泉州市,泉港区,福建省泉州市泉港区南埔镇前沁自然村77号,,,,,118.915588,25.179962
泉州金元堂,汉语系,陈双容,,福建省,泉州市,泉港区,福建省泉州市泉港区界山镇东凉村赤屿仔900号,,,,,118.926804,25.225851
泉州青狮洞寺,汉语系,释海慧,2000-01-01,福建省,泉州市,泉港区,福建省泉州市泉港区前黄镇坝头坑内山,,,,,118.895462,25.161350
泉州青龙洞,汉语系,林清德,2002-07-01,福建省,泉州市,泉港区,福建省泉州市泉港区南埔镇南埔村邱厝山,,,,,118.949379,25.189651
泉州静修堂,汉语系,陈辉煌,,福建省,泉州市,泉港区,福建省泉州市泉港区后龙镇田里村,,,,,118.940292,25.153860
泉州静元庵,汉语系,释慧铭,,福建省,泉州市,泉港区,福建省泉州市泉港区界山镇玉山村27号,,,,,118.881622,25.208151
泉州香山庵,汉语系,陈云琼,2003-01-01,福建省,泉州市,泉港区,福建省泉州市泉港区后龙镇峰前村28号,,,,,118.970428,25.164242
泉州香清庵,汉语系,释典明,,福建省,泉州市,泉港区,福建省泉州市泉港区后龙镇坑仔底村16组企塘1号,,,,,118.923981,25.154831
泉州龙兴堂,汉语系,释悟果,,福建省,泉州市,泉港区,福建省泉州市泉港区界山镇河阳村93号,,,,,118.883842,25.227182
石狮龙海寺,汉语系,释延溪,2011-02-24,福建省,泉州市,石狮市,福建省石狮市祥芝古浮村,龙海禅寺，原名龙兴寺，也曾被称作灵海寺，坐落于福建省石狮市古浮村，是一座祀奉观音佛祖的古刹。,,,,118.756104,24.769272
石狮三源寺,汉语系,何丽华,,福建省,泉州市,石狮市,福建省石狮市宝盖山风景区,,,,,118.679749,24.716890
石狮东福寺,汉语系,邱连升,,福建省,泉州市,石狮市,福建省石狮市鸿山镇东埔三村,,,,,118.766335,24.744312
石狮五台庵,汉语系,何锋鹏,,福建省,泉州市,石狮市,福建省石狮市宝盖镇坑东村,,,,,118.667122,24.711021
石狮仁慈寺,汉语系,释上闻,,福建省,泉州市,石狮市,福建省石狮市鸿山镇湖厝村,,,,,118.718689,24.740831
石狮凤里庵,汉语系,李雪珍,,福建省,泉州市,石狮市,福建省石狮市凤里街道凤里街,,,,,118.631271,24.738831
石狮华林寺,汉语系,释传慈,,福建省,泉州市,石狮市,福建省石狮市灵秀镇钞坑村狮仔山,,,,,118.631615,24.727463
石狮圆通庵,汉语系,施秀色,,福建省,泉州市,石狮市,福建省石狮市宝盖镇杆头村,,,,,118.657379,24.715691
石狮妙通寺,汉语系,康园园,,福建省,泉州市,石狮市,福建省石狮市鸿山镇伍堡村,,,,,118.754799,24.742052
石狮宝光禅寺,汉语系,庄碧雅,,福建省,泉州市,石狮市,福建省石狮市港塘村青石路116号,,,,,118.619820,24.749552
石狮慈济寺,汉语系,蔡加珍,,福建省,泉州市,石狮市,福建省石狮市祥芝镇祥运村,,,,,118.775063,24.771437
石狮慈航寺,汉语系,陈天赐,,福建省,泉州市,石狮市,福建省石狮市永宁镇永宁社区,,,,,118.690453,24.680159
石狮慈音寺,汉语系,吴春满,,福建省,泉州市,石狮市,福建省石狮市宝盖镇松茂村,,,,,118.659088,24.748363
石狮慎诚寺,汉语系,释教津,,福建省,泉州市,石狮市,福建省石狮市新华街43号,,,,,118.647920,24.731900
石狮慧源禅寺,汉语系,郭宝琴,2011-05-24,福建省,泉州市,石狮市,福建省石狮市永宁镇郭坑村,,,,,118.712318,24.692692
石狮普莲寺,汉语系,郭玉树,,福建省,泉州市,石狮市,福建省石狮市宝盖镇前坑村,,,,,118.660889,24.737032
石狮普门禅寺,汉语系,释心一,,福建省,泉州市,石狮市,福建省石狮市永宁镇港边村,,,,,118.685028,24.677361
石狮普闻寺,汉语系,蔡标准,,福建省,泉州市,石狮市,福建省石狮市凤里普闻路32号,,,,,118.647920,24.731900
石狮梅福寺,汉语系,陈雪雪,,福建省,泉州市,石狮市,福建省石狮市永宁镇小街,,,,,118.693939,24.686403
石狮法净寺,汉语系,释振永,,福建省,泉州市,石狮市,福建省石狮市宝盖镇仑后村,,,,,118.660492,24.752781
石狮法雨禅寺,汉语系,释传慧,2003-05-24,福建省,泉州市,石狮市,福建省石狮市鸿山镇伍堡村,,,,,118.754799,24.742052
石狮洛伽寺,汉语系,吴教盛,,福建省,泉州市,石狮市,福建省石狮市永宁镇黄金海岸内,,,,,118.701561,24.683739
石狮清净寺,汉语系,洪珠,,福建省,泉州市,石狮市,福建省石狮市祥芝镇祥农村,,,,,118.770248,24.765802
石狮灵秀寺,汉语系,邱元培,,福建省,泉州市,石狮市,福建省石狮市锦尚厝上村,,,,,118.731049,24.723560
石狮甘露寺,汉语系,邱华朝,,福建省,泉州市,石狮市,福建省石狮市鸿山镇东埔一村,,,,,118.770103,24.748100
石狮白衣寺,汉语系,施能旺,,福建省,泉州市,石狮市,福建省石狮市宝盖曾坑村,,,,,118.647781,24.727133
石狮碧云寺,汉语系,洪锦旋,,福建省,泉州市,石狮市,福建省石狮市钳江镇溪前村,,,,,118.693039,24.737690
石狮祥溪寺,汉语系,蔡芳凹,,福建省,泉州市,石狮市,福建省石狮市祥芝镇祥农村,,,,,118.770248,24.765802
石狮紫树林寺,汉语系,郑红箱,,福建省,泉州市,石狮市,福建省石狮市永宁镇城隍庙东边,,,,,118.696877,24.675611
石狮莲华寺,汉语系,王进步,2011-02-24,福建省,泉州市,石狮市,福建省石狮市灵秀镇灵柳村,,,,,118.615112,24.729490
石狮莲江寺,汉语系,林培育,,福建省,泉州市,石狮市,福建省石狮市蚶江镇莲中村,,,,,118.686584,24.779873
石狮观音阁,汉语系,蔡旋治,,福建省,泉州市,石狮市,福建省石狮市永宁镇梅林村,,,,,118.684830,24.673090
石狮金沙庵,汉语系,吴侨声,,福建省,泉州市,石狮市,福建省石狮市新湖福利东路84号,,,,,118.636806,24.734717
石狮静修禅寺,汉语系,释心智,,福建省,泉州市,石狮市,福建省石狮市灵秀镇彭田村,,,,,118.609581,24.720282
石狮龙兴寺,汉语系,黄丽凤,,福建省,泉州市,石狮市,福建省石狮市祥芝莲坂村,,,,,118.740639,24.762133
永春西峰寺,汉语系,释证仁,唐咸通年间（公元860-874）,福建省,泉州市,永春县,福建省泉州市永春县湖洋镇清白村,西峰寺位于福建省永春县湖洋镇齐云峰下，始建于唐咸通年间（公元860-874），是闽南一带闻名的千年古刹,,,,118.423172,25.394182
永春普济寺,汉语系,林玉堂,,福建省,泉州市,永春县,福建省泉州市永春县蓬壶镇美山村,泉州永春普济寺又名普济禅院，取“普渡众生，慈悲济世”之意。隐落于泉州市永春县蓬壶镇美山村五班山中，五班山即五峰一字排开由西南向东北伸延，形成一大弧形屏障。这里远离繁华古镇，独得一方幽静。,,,,118.154510,25.389082
永春白马寺,汉语系,释来慧,,福建省,泉州市,永春县,福建省泉州市永春县桃城镇,白马寺，位于河南省洛阳老城以东12公里处，始建于东汉永平十一年（68年），是佛教传入中国后兴建的第一座寺院，白马寺建立之后，中国“僧院”便泛称为“寺”，白马寺也因此被认为是中国佛教的发源地，有中国佛教的“祖庭”和“释源”之称。白马寺占地面积约为200亩，寺内保存了大量元代夹纻干漆造像如三世佛、二天将、十八罗汉等，弥足珍贵，是我国第一批全国重点文物保护单位之一。,,,,118.302193,25.320230
永春乌髻岩寺,汉语系,吴永从,,福建省,泉州市,永春县,福建省泉州市永春县锦斗镇洪内村,,,,,118.094009,25.416740
永春云峰岩,汉语系,李锦义,,福建省,泉州市,永春县,福建省泉州市永春县东平镇大山庵,,,,,118.280197,25.266130
永春仙洞真宝殿,汉语系,林荣耀,,福建省,泉州市,永春县,福建省泉州市永春县蓬壶镇美山村,,,,,118.154510,25.389082
永春仙硿岩,汉语系,陈其珍,,福建省,泉州市,永春县,福建省泉州市永春县岵山镇南林山半山坡,,,,,118.258942,25.280952
永春华岩室,汉语系,蔡跨灶,,福建省,泉州市,永春县,福建省泉州市永春县五里街镇西安路3号,,,,,118.270830,25.333510
永春大善寺,汉语系,释果范,,福建省,泉州市,永春县,福建省泉州市永春县石鼓镇卿园村大善寺,,,,,118.236214,25.331581
永春天仙寺,汉语系,释印宣（颜如华）,,福建省,泉州市,永春县,福建省泉州市永春县石鼓镇桃场社区,,,,,118.269295,25.326590
永春天禄岩,汉语系,释启明,,福建省,泉州市,永春县,福建省泉州市永春县桃城镇长安村,,,,,118.312080,25.324091
永春天龙寺,汉语系,释元恒,,福建省,泉州市,永春县,福建省泉州市永春县桃城镇环翠社区,,,,,118.299065,25.326897
永春开元寺,汉语系,黄真桂,,福建省,泉州市,永春县,福建省泉州市永春县桃城镇桃溪村,,,,,118.292480,25.317095
永春惠仙岩,汉语系,姚金火,,福建省,泉州市,永春县,福建省泉州市永春县达埔镇光烈村,,,,,118.180923,25.299860
永春无极寺,汉语系,林金殿,,福建省,泉州市,永春县,福建省泉州市永春县蓬壶镇美山村,,,,,118.154510,25.389082
永春毗蓝岩,汉语系,释云峰,,福建省,泉州市,永春县,福建省泉州市永春县桃城镇桃溪社区,,,,,118.292435,25.317169
永春清泉岩,汉语系,黄锦树,,福建省,泉州市,永春县,福建省泉州市永春县湖洋镇蓬莱村,,,,,118.428719,25.417492
永春狮峰岩,汉语系,李木生,,福建省,泉州市,永春县,福建省泉州市永春县达埔镇狮峰村,,,,,118.173111,25.317221
永春观音寺,汉语系,释印宣（颜如华）,,福建省,泉州市,永春县,福建省泉州市永春县魁星岩,,,,,118.260391,25.318731
永春隐善堂,汉语系,林国梅,,福建省,泉州市,永春县,福建省泉州市永春县桃城镇花石村313号,,,,,118.315773,25.303173
永春雪山岩,汉语系,释善空（雷贵善）,,福建省,泉州市,永春县,福建省泉州市永春县呈祥乡西村村,,,,,118.146301,25.445112
永春魁星岩,汉语系,颜如华,年代不详,福建省,泉州市,永春县,福建省泉州市永春县石鼓镇桃场村,,,,,118.266968,25.324352
永春鼎仙岩,汉语系,郑力生,,福建省,泉州市,永春县,福建省泉州市永春县湖洋镇溪西村鼎仙岩,,,,,118.403542,25.379391
永春龙山寺,汉语系,释德乾,,福建省,泉州市,永春县,福建省泉州市永春县桃城镇卧龙村,,,,,118.311813,25.328602
永春龙昇岩,汉语系,林来成,,福建省,泉州市,永春县,福建省泉州市永春县蓬壶镇西昌村,,,,,118.144142,25.382822
大田屏山崇圣岩寺,汉语系,郭开浩,,福建省,三明市,大田县,福建省三明市大田县屏山乡内洋村,,,,,117.895798,25.597780
大田建设感德寺,汉语系,释智弘,,福建省,三明市,大田县,福建省三明市大田县建设镇建爱村,,,,,117.801971,26.005692
建宁伊家万松山寺,汉语系,释明聪,,福建省,三明市,建宁县,福建省三明市建宁县伊家乡伊家村,,,,,116.759430,26.686531
建宁伊家川排丘寺,汉语系,释瑞广,,福建省,三明市,建宁县,福建省三明市建宁县伊家乡兰溪村,,,,,116.771202,26.731562
建宁伊家罗里斜寺,汉语系,释明勋,,福建省,三明市,建宁县,福建省三明市建宁县伊家乡陈家村,,,,,116.719070,26.716532
建宁伊家西游寺,汉语系,释明南,,福建省,三明市,建宁县,福建省三明市建宁县伊家乡伊家村,,,,,116.759430,26.686531
建宁伊家西竹寺,汉语系,释明光,,福建省,三明市,建宁县,福建省三明市建宁县伊家乡东风村,,,,,116.727257,26.672541
建宁伊家观音寺,汉语系,肖森林,,福建省,三明市,建宁县,福建省三明市建宁县伊家乡伊家村,,,,,116.759430,26.686531
建宁伊家通禅寺,汉语系,释瑞祥,,福建省,三明市,建宁县,福建省三明市建宁县伊家乡伊家村,,,,,116.759430,26.686531
建宁伊家鹫灵山寺,汉语系,释明生,1998-10-21,福建省,三明市,建宁县,福建省三明市建宁县伊家乡兰溪村,,,,,116.771202,26.731562
建宁均口宝峰寺,汉语系,释道秀,1998-03-10,福建省,三明市,建宁县,福建省三明市建宁县均口镇均口村,,,,,116.799271,26.655611
建宁均口明峰寺,汉语系,释明光,1997-07-11,福建省,三明市,建宁县,福建省三明市建宁县均口镇龙头村,,,,,116.747749,26.618992
建宁均口永兴寺,汉语系,释明传,,福建省,三明市,建宁县,福建省三明市建宁县均口镇均口村,,,,,116.799271,26.655611
建宁均口石燕岩,汉语系,无,,福建省,三明市,建宁县,福建省三明市建宁县均口镇黄岭村,,,,,116.824112,26.727762
建宁均口莲湖寺,汉语系,林立兴,,福建省,三明市,建宁县,福建省三明市建宁县均口镇黄岭村,,,,,116.824112,26.727762
建宁均口观音堂,汉语系,释乾成,,福建省,三明市,建宁县,福建省三明市建宁县均口镇修竹,,,,,116.801323,26.686352
建宁均口龙须寺,汉语系,释修正,,福建省,三明市,建宁县,福建省三明市建宁县均口镇均口村,,,,,116.799271,26.655611
建宁客坊古佛寺,汉语系,李锦爱,,福建省,三明市,建宁县,福建省三明市建宁县客坊乡张溪村,,,,,116.621391,26.713942
建宁客坊新丰寺,汉语系,徐皆尧,1997-10-25,福建省,三明市,建宁县,福建省三明市建宁县客坊乡里元村,,,,,116.561050,26.723970
建宁客坊白云崇圣寺,汉语系,释演新,1997-08-10,福建省,三明市,建宁县,福建省三明市建宁县客坊乡白云寺,,,,,116.530647,26.685190
建宁客坊翠竹寺,汉语系,刘斯祈,,福建省,三明市,建宁县,福建省三明市建宁县客坊乡客坊村,,,,,116.589348,26.716902
建宁客坊西华山寺,汉语系,谢忠明,,福建省,三明市,建宁县,福建省三明市建宁县客坊乡湾坊村,,,,,116.526901,26.705811
建宁报国禅寺,汉语系,释隆愿,,福建省,三明市,建宁县,福建省三明市建宁县濉溪镇绕山,,,,,116.850571,26.824921
建宁溪口兜卒寺,汉语系,释心慧,,福建省,三明市,建宁县,福建省三明市建宁县溪口镇枫元村,,,,,116.785408,26.871141
建宁溪口六紫寺,汉语系,释修定,,福建省,三明市,建宁县,福建省三明市建宁县溪口镇溪口村,,,,,116.721771,26.925774
建宁溪口古佛寺,汉语系,释慧妙,1997-09-10,福建省,三明市,建宁县,福建省三明市建宁县溪口镇溪口村,,,,,116.721771,26.925774
建宁溪口圆应寺,汉语系,释宏智,,福建省,三明市,建宁县,福建省三明市建宁县溪口镇马元村,,,,,116.830780,26.900890
建宁溪口圭峰寺,汉语系,释斯星,,福建省,三明市,建宁县,福建省三明市建宁县溪口镇渠村村,,,,,116.720917,26.927052
建宁溪口永和寺,汉语系,曾德智,1997-06-13,福建省,三明市,建宁县,福建省三明市建宁县溪口镇桐元村,,,,,116.835533,26.875303
建宁溪口永德寺,汉语系,释广莲,,福建省,三明市,建宁县,福建省三明市建宁县溪口镇高圳村,,,,,116.803589,26.841572
建宁溪口永福寺,汉语系,释演真,1998-07-06,福建省,三明市,建宁县,福建省三明市建宁县溪口镇半元村,,,,,116.814568,26.868711
建宁溪口甘露寺,汉语系,释正觉,1997-10-20,福建省,三明市,建宁县,福建省三明市建宁县溪口镇马元村,,,,,116.830780,26.900890
建宁溪口福慧寺,汉语系,释通译,1999-08-16,福建省,三明市,建宁县,福建省三明市建宁县溪口镇溪口村,,,,,116.721771,26.925774
建宁溪口花山寺,汉语系,朱由金,,福建省,三明市,建宁县,福建省三明市建宁县溪口镇杨林村,,,,,116.762489,26.888870
建宁溪口莲花寺,汉语系,释云忠,1997-10-11,福建省,三明市,建宁县,福建省三明市建宁县溪口镇桐元村,,,,,116.835533,26.875303
建宁溪口西峰寺,汉语系,释修英,1999-06-21,福建省,三明市,建宁县,福建省三明市建宁县溪口镇桐元村,,,,,116.835533,26.875303
建宁溪口高善寺,汉语系,释果缘,,福建省,三明市,建宁县,福建省三明市建宁县溪口镇溪口村,,,,,116.721771,26.925774
建宁溪源中乐寺,汉语系,释智登,1997-10-12,福建省,三明市,建宁县,福建省三明市建宁县溪源乡蒋坊村,,,,,116.992058,26.990610
建宁溪源旗峰殿寺,汉语系,释瑞益,1997-10-12,福建省,三明市,建宁县,福建省三明市建宁县溪源乡官家地,,,,,116.972900,26.957752
建宁溪源清和寺,汉语系,岳贞卿,,福建省,三明市,建宁县,福建省三明市建宁县溪沅乡鲇坑村,,,,,116.998863,27.000563
建宁溪源玉泉寺,汉语系,姜养兰,,福建省,三明市,建宁县,福建省三明市建宁县溪沅乡东溪村,,,,,117.005394,27.024660
建宁濉溪东阁寺,汉语系,释广新,1997-09-13,福建省,三明市,建宁县,福建省三明市建宁县濉溪镇坑井,,,,,116.833679,26.817041
建宁濉溪云岭寺,汉语系,释隆愿,1997-07-05,福建省,三明市,建宁县,福建省三明市建宁县濉溪圳头村,,,,,116.866150,26.819622
建宁濉溪佛顶寺,汉语系,释明勇,,福建省,三明市,建宁县,福建省三明市建宁县濉溪镇水南村,,,,,116.841827,26.825132
建宁濉溪双灵寺,汉语系,释耀成,1997-10-15,福建省,三明市,建宁县,福建省三明市建宁县濉溪镇河东村,,,,,116.850861,26.835522
建宁濉溪地藏寺,汉语系,释修亮,,福建省,三明市,建宁县,福建省三明市建宁县濉溪镇黄舟坊,,,,,116.844360,26.846090
建宁濉溪崇莲寺,汉语系,释智登,1996-08-17,福建省,三明市,建宁县,福建省三明市建宁县濉溪镇镇东山,,,,,116.854141,26.827982
建宁濉溪极乐寺,汉语系,释智照,1997-06-08,福建省,三明市,建宁县,福建省三明市建宁县濉溪镇西门,,,,,116.850571,26.824921
建宁濉溪西山寺,汉语系,释振庆,,福建省,三明市,建宁县,福建省三明市建宁县濉溪镇大元村,,,,,116.850571,26.824921
建宁濉溪长福寺,汉语系,释修桂,,福建省,三明市,建宁县,福建省三明市建宁县濉溪镇长吉村,,,,,116.853203,26.793112
建宁濉溪龙树寺,汉语系,释修亮,1998-08-11,福建省,三明市,建宁县,福建省三明市建宁县濉溪镇河东村,,,,,116.850861,26.835522
建宁里心三佛寺,汉语系,黄在荣,,福建省,三明市,建宁县,福建省三明市建宁县里心镇里心村,,,,,116.674927,26.828772
建宁里心华严寺,汉语系,黄汉华,,福建省,三明市,建宁县,福建省三明市建宁县里心镇里心村,,,,,116.674927,26.828772
建宁里心南华山寺,汉语系,江月香,,福建省,三明市,建宁县,福建省三明市建宁县里心镇新圩村,,,,,116.721237,26.809231
建宁里心古佛寺,汉语系,唐耀椂,1997-11-12,福建省,三明市,建宁县,福建省三明市建宁县里心镇里心村,,,,,116.674927,26.828772
建宁里心天福寺,汉语系,汪玉兰,,福建省,三明市,建宁县,福建省三明市建宁县,,,,,116.846040,26.830920
建宁里心妙峰山寺,汉语系,傅令妹,,福建省,三明市,建宁县,福建省三明市建宁县里心镇芦田村,,,,,116.659851,26.894894
建宁里心妙觉寺,汉语系,吴金龙,,福建省,三明市,建宁县,福建省三明市建宁县里心镇里心村曾坑,,,,,116.680252,26.851223
建宁里心宝峰寺,汉语系,释慧悟,,福建省,三明市,建宁县,福建省三明市建宁县里心镇滩角村,,,,,116.696442,26.801891
建宁里心灵华山寺,汉语系,余华,,福建省,三明市,建宁县,福建省三明市建宁县里心镇靖安村,,,,,116.632439,26.831793
建宁里心灵龟寺,汉语系,白金,,福建省,三明市,建宁县,福建省三明市建宁县里心镇上里村,,,,,116.676270,26.833441
建宁里心禅山寺,汉语系,陈福建,1998-10-25,福建省,三明市,建宁县,福建省三明市建宁县里心镇上里村,,,,,116.676270,26.833441
建宁里心西麓峰寺,汉语系,释智果,,福建省,三明市,建宁县,福建省三明市建宁县里心镇里心村,,,,,116.674927,26.828772
建宁里心金轮寺,汉语系,邱模良,,福建省,三明市,建宁县,福建省三明市建宁县里心镇里心村,,,,,116.674927,26.828772
建宁里心金龙寺,汉语系,黄道发,,福建省,三明市,建宁县,福建省三明市建宁县里心镇汪家村,,,,,116.689980,26.795212
建宁里心香林寺,汉语系,邹师严,,福建省,三明市,建宁县,福建省三明市建宁县里心镇双溪村,,,,,116.748955,26.788591
建宁里心龟峰寺,汉语系,徐明发,1997-07-27,福建省,三明市,建宁县,福建省三明市建宁县里心镇岩上村,,,,,116.583435,26.838102
建宁黄坊万圣寺,汉语系,释修道,,福建省,三明市,建宁县,福建省三明市建宁县黄坊乡武调村,,,,,116.888474,26.910831
建宁黄坊云坞寺,汉语系,释智登,,福建省,三明市,建宁县,福建省三明市建宁县黄坊乡陈岭村,,,,,116.928833,26.955713
建宁黄坊安乐寺,汉语系,释明成,,福建省,三明市,建宁县,福建省三明市建宁县黄坊乡黄坊村,,,,,116.884621,26.976503
建宁黄埠严峰山寺,汉语系,张广林,,福建省,三明市,建宁县,福建省三明市建宁县黄埠乡贤河村,,,,,116.611000,26.771902
建宁黄埠古佛寺,汉语系,释明慧,,福建省,三明市,建宁县,福建省三明市建宁县黄埠乡陈余村,,,,,116.583092,26.801682
建宁黄埠大士山寺,汉语系,释明奕,,福建省,三明市,建宁县,福建省三明市建宁县黄埠乡黄埠村,,,,,116.660957,26.740135
建宁黄埠太平寺,汉语系,余国邦,1997-11-10,福建省,三明市,建宁县,福建省三明市建宁县黄埠乡大余村,,,,,116.592529,26.785393
建宁黄埠福善寺,汉语系,释修正,,福建省,三明市,建宁县,福建省三明市建宁县黄埠乡贤河村,,,,,116.611000,26.771902
建宁黄埠福贤寺,汉语系,吴兆前,,福建省,三明市,建宁县,福建省三明市建宁县黄埠乡贤河村,,,,,116.611000,26.771902
建宁黄埠观音岩寺,汉语系,段火贵,1998-09-24,福建省,三明市,建宁县,福建省三明市建宁县黄埠乡桂阳村,,,,,116.571289,26.813511
将乐临马寺,汉语系,释庚石,,福建省,三明市,将乐县,福建省三明市将乐县南口乡,,,,,117.426743,26.625395
将乐五通寺,汉语系,黄大有,,福建省,三明市,将乐县,福建省三明市将乐县安仁乡安仁村,,,,,117.439583,26.966621
将乐兴龙寺,汉语系,释明发,,福建省,三明市,将乐县,福建省三明市将乐县南口乡陈厝村,,,,,117.388954,26.580563
将乐南华寺,汉语系,释普德,,福建省,三明市,将乐县,福建省三明市将乐县安仁乡半岭村,,,,,117.460152,26.975241
将乐南口太平寺,汉语系,释宗发,,福建省,三明市,将乐县,福建省三明市将乐县南口乡蛟湖村,,,,,117.442192,26.654232
将乐古佛堂,汉语系,袁庭光,2000-05-01,福建省,三明市,将乐县,福建省三明市将乐县古镛镇和平村,,,,,117.484444,26.745832
将乐含云寺,汉语系,王惟观,,福建省,三明市,将乐县,福建省三明市将乐县华山,,,,,117.473061,26.731079
将乐圣者岩,汉语系,释宗本,,福建省,三明市,将乐县,福建省三明市将乐县漠源乡湖管村,,,,,117.531837,26.666290
将乐城关观音庵,汉语系,释心戒,,福建省,三明市,将乐县,福建省三明市将乐县和平街光明苍16号,,,,,117.470960,26.729040
将乐天柱寺,汉语系,钟礼昌,,福建省,三明市,将乐县,福建省三明市将乐县漠源伍坊村,,,,,117.615341,26.676104
将乐崇林寺,汉语系,释传清,,福建省,三明市,将乐县,福建省三明市将乐县安仁乡富山村,,,,,117.440254,26.966991
将乐延福寺,汉语系,释碧彩,,福建省,三明市,将乐县,福建省三明市将乐县光明乡阳源村,,,,,117.398331,26.791639
将乐明台寺,汉语系,释惟一,,福建省,三明市,将乐县,福建省三明市将乐县玉华洞,,,,,117.503494,26.700434
将乐普度寺,汉语系,释静心,,福建省,三明市,将乐县,福建省三明市将乐县光明乡渠许村,,,,,117.366730,26.813221
将乐普陀寺,汉语系,杨礼龙,,福建省,三明市,将乐县,福建省三明市将乐县光明乡光明村,,,,,117.394745,26.791937
将乐水南观音庵,汉语系,释真英,,福建省,三明市,将乐县,福建省三明市将乐县水南渡头村,,,,,117.473312,26.719212
将乐罗山寺,汉语系,释常华,,福建省,三明市,将乐县,福建省三明市将乐县古镛镇玉华村,,,,,117.479820,26.698441
将乐证觉寺,汉语系,释今莲,1994-07-01,福建省,三明市,将乐县,福建省三明市将乐县万全常安村,,,,,117.230331,26.667391
三明列西龙泉寺,汉语系,罗域楷,1995-11-01,福建省,三明市,梅列区,福建省三明市列西龙源山,龙泉古寺始建于何时，无资料可考。清光绪十八年（1892），殿宇毁于火灾，后重建年代记载不明。1985年，在广大佛教徒的乐助下，再次重建寺庙。该寺距三明梅列区列西村5华里，坐北朝南，形式、布局均保留古建筑的特点，是三明市区唯一现存的古寺。,,,,117.626640,26.278730
三明净业堂,汉语系,释惟辉,,福建省,三明市,梅列区,福建省三明市梅列区列西群英二村后山,,,,,117.620500,26.270820
明溪均峰寺,汉语系,释广能,,福建省,三明市,明溪县,福建省三明市明溪县夏阳乡紫云村,,,,,117.492531,26.360281
明溪明崚寺,汉语系,释法灯,,福建省,三明市,明溪县,福建省三明市明溪县雪峰镇山坑口,,,,,117.200409,26.359352
明溪月峰寺,汉语系,冯金铭,,福建省,三明市,明溪县,福建省三明市明溪县城关乡余坊村,,,,,117.180717,26.288881
明溪永兴寺,汉语系,释瑞亮,,福建省,三明市,明溪县,福建省三明市明溪县夏阳乡夏阳村,,,,,117.463608,26.425013
明溪灵山寺,汉语系,释仁觉,2009-11-01,福建省,三明市,明溪县,福建省三明市明溪县瀚仙镇花园村,,,,,117.305038,26.417341
明溪狮峰寺,汉语系,张德昌,,福建省,三明市,明溪县,福建省三明市明溪县瀚仙镇石珩村云台山,,,,,117.278107,26.339291
明溪甘泉寺,汉语系,曾长娥,,福建省,三明市,明溪县,福建省三明市明溪县雪峰镇城东村木坑,,,,,117.207191,26.355812
明溪福慧寺,汉语系,释明智,2009-11-01,福建省,三明市,明溪县,福建省三明市明溪县雪峰镇西大路119号,,,,,117.200409,26.359352
明溪福民庙,汉语系,李桂香,2009-11-01,福建省,三明市,明溪县,福建省三明市明溪县胡坊镇胡坊村,,,,,117.236023,26.215088
明溪聚灵寺,汉语系,释修琴,1994-03-01,福建省,三明市,明溪县,福建省三明市明溪县盖洋镇湖上村,,,,,117.063141,26.463560
明溪聚龙寺,汉语系,释法辉,,福建省,三明市,明溪县,福建省三明市明溪县枫溪乡瓦子坪,,,,,116.855652,26.506371
明溪莲花寺,汉语系,释心昌,,福建省,三明市,明溪县,福建省三明市明溪县瀚仙镇花园村,,,,,117.305038,26.417341
明溪观音庙,汉语系,李广福,,福建省,三明市,明溪县,福建省三明市明溪县雪峰镇城东村雪峰林场,,,,,117.207191,26.355812
明溪觉圣寺,汉语系,蔡进陶,,福建省,三明市,明溪县,福建省三明市明溪县瀚仙镇洋龙村,,,,,117.229469,26.394041
明溪隆兴殿,汉语系,邝长盛,,福建省,三明市,明溪县,福建省三明市明溪县胡坊镇瓦口村,,,,,117.219902,26.187782
宁化鹫峰寺,汉语系,雷道泳,,福建省,三明市,宁化县,福建省三明市宁化县安乐乡丁坑口村,宁化县鹫峰寺位于宁化县城东南面15公里的安乐乡黄源铺鹫峰山麓此寺建于一千多年前的五代开福年间，由张濠坑张姓建，明正德十年张姓重建。鼎盛时驻寺僧众达150余人，在明清时期此处曾是长汀、宁化、清流的佛教中心，当年这里香火旺盛，治心问病者、祈福感恩者，慕名而至者日见其众。朝廷也曾在此设举子仑，凡平民受辱者，发给大米一石三斗，以示关怀。该寺几经兴废，一直延续至1965年，1966年“文化大革命”期间被拆除。1985年由释和春为首组织力量，化缘筹集资金，着手重建，经过几年努力才修建好。,,,,116.694633,26.156782
宁化东华山寺,汉语系,释耀桂,1985-11-06,福建省,三明市,宁化县,福建省三明市宁化县济村乡长坊村,,,,,116.484665,26.344433
宁化东山古寺,汉语系,释修果,2011-04-25,福建省,三明市,宁化县,福建省三明市宁化县城郊乡高堑村,,,,,116.677231,26.266502
宁化亘古岩寺,汉语系,龙森林,,福建省,三明市,宁化县,福建省三明市宁化县中沙乡黄柏园,,,,,116.700340,26.368341
宁化信天峰寺,汉语系,释如瑛,,福建省,三明市,宁化县,福建省三明市宁化县安远乡安远村,,,,,116.680389,26.572971
宁化光严寺,汉语系,释云慈,2003-12-04,福建省,三明市,宁化县,福建省三明市宁化县翠江镇城煌岭福坑,,,,,116.658272,26.260372
宁化光化寺,汉语系,廖美九,,福建省,三明市,宁化县,福建省三明市宁化县方田乡泗溪村,,,,,116.511322,26.106840
宁化兴福寺,汉语系,释定禄,2003-12-04,福建省,三明市,宁化县,福建省三明市宁化县城郊乡马元亭村,,,,,116.700401,26.278751
宁化北山三官堂寺,汉语系,释德果,,福建省,三明市,宁化县,福建省三明市宁化县翠江镇北山公园,,,,,116.656288,26.265909
宁化升仙台寺,汉语系,张瑞祥,,福建省,三明市,宁化县,福建省三明市宁化县石壁镇陈塘村,,,,,116.479813,26.270002
宁化南山禅寺,汉语系,释中直,,福建省,三明市,宁化县,福建省三明市宁化县城南乡上坪村,,,,,116.667778,26.201071
宁化双龙庵,汉语系,释会莲,,福建省,三明市,宁化县,福建省三明市宁化县济村乡黄柏村,,,,,116.601151,26.350012
宁化吉祥寺,汉语系,释海凤,,福建省,三明市,宁化县,福建省三明市宁化县翠江镇北山公园,,,,,116.656288,26.265909
宁化园墩山寺,汉语系,张慈品（女）,2011-04-25,福建省,三明市,宁化县,福建省三明市宁化县石壁镇小吴村,,,,,116.502182,26.240973
宁化圆觉寺,汉语系,释德香,1995-09-22,福建省,三明市,宁化县,福建省三明市宁化县安乐乡安乐村,,,,,116.739922,26.108871
宁化城郊李山禅寺,汉语系,释印雪,,福建省,三明市,宁化县,福建省三明市宁化县城郊乡危家坑,,,,,116.710953,26.265282
宁化大园山寺,汉语系,郑云森,,福建省,三明市,宁化县,福建省三明市宁化县中沙乡武昌村,,,,,116.746727,26.372261
宁化大峰山寺,汉语系,释受秀,,福建省,三明市,宁化县,福建省三明市宁化县安乐乡谢坊村,,,,,116.720398,26.124342
宁化太如山寺,汉语系,释广荣,,福建省,三明市,宁化县,福建省三明市宁化县安乐乡夏坊村,,,,,116.692451,26.078920
宁化太平寺,汉语系,范真福,2001-12-03,福建省,三明市,宁化县,福建省三明市宁化县安乐乡刘坊村,,,,,116.700638,26.055252
宁化妙灵山寺,汉语系,释照尔,,福建省,三明市,宁化县,福建省三明市宁化县曹坊镇滑石村,,,,,116.609200,26.012331
宁化安远三官堂,汉语系,释德真,,福建省,三明市,宁化县,福建省三明市宁化县安远乡岩前村,,,,,116.680031,26.553673
宁化定光寺,汉语系,释云慈,,福建省,三明市,宁化县,福建省三明市宁化县城关西大一路31号,,,,,116.654430,26.261780
宁化定莲寺,汉语系,释瑞妙,,福建省,三明市,宁化县,福建省三明市宁化县城南乡横锁村,,,,,116.718132,26.212141
宁化宝塔寺,汉语系,释广祥,,福建省,三明市,宁化县,福建省三明市宁化县翠江镇南大街16号,,,,,116.655010,26.259940
宁化宝峰寺,汉语系,释智吉,,福建省,三明市,宁化县,福建省三明市宁化县安远乡永跃村,,,,,116.705399,26.586731
宁化宝池寺,汉语系,释宏行,,福建省,三明市,宁化县,福建省三明市宁化县水茜乡水茜村,,,,,116.749008,26.464201
宁化客海寺,汉语系,释圣朗,,福建省,三明市,宁化县,福建省三明市宁化县石壁镇石碧村,,,,,116.483932,26.248812
宁化忠峰寺,汉语系,释广猛,,福建省,三明市,宁化县,福建省三明市宁化县城南乡水口村,,,,,116.690849,26.196470
宁化慈恩寺,汉语系,李修良,,福建省,三明市,宁化县,福建省三明市宁化县湖村镇湛坑村罗地,,,,,116.771751,26.319582
宁化普光岩寺,汉语系,释如善,1985-11-06,福建省,三明市,宁化县,福建省三明市宁化县泉上镇泉上村,,,,,116.966827,26.417929
宁化曹坊镇宝华山寺,汉语系,释瑞光,,福建省,三明市,宁化县,福建省三明市宁化县曹坊镇宝丰村,,,,,116.542374,26.079151
宁化曾家窠堂,汉语系,释广慧,,福建省,三明市,宁化县,福建省三明市宁化县济村乡罗家村黄泥排,,,,,116.579552,26.346630
宁化水茜显灵寺,汉语系,邱金良,,福建省,三明市,宁化县,福建省三明市宁化县水茜乡石寮村,,,,,116.796730,26.398161
宁化河龙显灵寺,汉语系,黄胜耀,,福建省,三明市,宁化县,福建省三明市宁化县河龙乡老虎石下,,,,,116.658592,26.445223
宁化治平兴福寺,汉语系,释普荣,1995-09-22,福建省,三明市,宁化县,福建省三明市宁化县治平乡坪埔村,,,,,116.507195,26.050282
宁化法林寺,汉语系,释智琪,,福建省,三明市,宁化县,福建省三明市宁化县泉上镇泉永村,,,,,116.936302,26.435591
宁化济村乡法轮寺,汉语系,释晓盛,,福建省,三明市,宁化县,福建省三明市宁化县济村乡神坛坝,,,,,116.579872,26.315651
宁化湖村镇临田寺,汉语系,释会容,2011-04-25,福建省,三明市,宁化县,福建省三明市宁化县湖村镇黎坊村,,,,,116.851334,26.361893
宁化湖村镇灵隐寺,汉语系,张海莲,2011-04-25,福建省,三明市,宁化县,福建省三明市宁化县湖村镇湖村村,,,,,116.850868,26.348387
宁化狮子峰寺,汉语系,释云慈,,福建省,三明市,宁化县,福建省三明市宁化县石壁镇官坑村,,,,,116.510498,26.263142
宁化玉林山寺,汉语系,释玄辉,,福建省,三明市,宁化县,福建省三明市宁化县翠江镇中山村,,,,,116.658333,26.261980
宁化石壁镇灵峰寺,汉语系,释晃通,,福建省,三明市,宁化县,福建省三明市宁化县石壁镇三坑村,,,,,116.464493,26.269251
宁化禅关庵,汉语系,赖子琴,,福建省,三明市,宁化县,福建省三明市宁化县水茜乡沿口村,,,,,116.722092,26.429201
宁化福园山寺,汉语系,释兴莲,,福建省,三明市,宁化县,福建省三明市宁化县城郊乡巫坊村,,,,,116.656654,26.263512
宁化福林寺,汉语系,谢广胜,,福建省,三明市,宁化县,福建省三明市宁化县安乐乡谢坊村,,,,,116.720398,26.124342
宁化竺隐寺,汉语系,释常明,,福建省,三明市,宁化县,福建省三明市宁化县淮土乡桥头村,,,,,116.470650,26.191362
宁化紫华山寺,汉语系,余会春,,福建省,三明市,宁化县,福建省三明市宁化县安乐乡丁坑口村,,,,,116.694633,26.156782
宁化莲华寺,汉语系,释洞亮,,福建省,三明市,宁化县,福建省三明市宁化县泉上镇泉正村,,,,,116.937294,26.441214
宁化莲池寺,汉语系,赖修闻,,福建省,三明市,宁化县,福建省三明市宁化县水茜乡沿溪村,,,,,116.710831,26.445721
宁化莲海寺,汉语系,释修华,,福建省,三明市,宁化县,福建省三明市宁化县石壁镇红旗村,,,,,116.524940,26.247297
宁化西竺庵,汉语系,释智权,,福建省,三明市,宁化县,福建省三明市宁化县安远乡硝坊村,,,,,116.638641,26.584261
宁化青松寺,汉语系,张耀香,,福建省,三明市,宁化县,福建省三明市宁化县济村乡济村村古背,,,,,116.558754,26.335762
宁化高菩寺,汉语系,释印本,,福建省,三明市,宁化县,福建省三明市宁化县湖村镇店上村,,,,,116.780319,26.341503
宁化龙华峰寺,汉语系,朱春财,1999-12-29,福建省,三明市,宁化县,福建省三明市宁化县淮土乡田背村,,,,,116.425240,26.237970
清流仁寿寺,汉语系,邱国荣,,福建省,三明市,清流县,福建省三明市清流县林畲乡舒曹村,仁寿寺又称“仁寿峰”；在县东距清流县城39公里的林畲乡舒曹村附近，有“独占鳌头”之称。该寺原是邱氏宗祠，明成化间，邱氏祖祠迁出，于此兴建崇祀神农氏的“五谷真仙庙”。,,,,117.089012,26.315371
清流青峰寺,汉语系,释果宝,元朝,福建省,三明市,清流县,福建省三明市清流县龙津镇大横溪村,青峰寺，原名铜锣庵，在福建三明清流县龙津镇横溪村境内，距城区10公里，交通便利。该寺始建于元朝，明洪武初年（1368年）大兴，迄今已有七、八百年历史。寺庙四周苍松叠翠，修竹摇曳，鸟语花香，是个风水宝地、修行佳隅。邑人有诗赞曰：“林翳笼葱云蔽处，修行胜地铜锣庵；有求必应显神通，庇佑四方福泽长”。数百年间，青峰寺几度沧桑兴废。明宣德四年（1429年），重修铜锣庵，因寺院四周青峰环绕，若莲瓣簇拥，景色怡人，故改名为青峰寺。本卿信士吴德为还求嗣之愿捐出的四个石柱础，现仍安放在寺中，见证了这段历史。,,,,116.810310,26.165541
清流上阳山寺,汉语系,温称根,,福建省,三明市,清流县,福建省三明市清流县温郊乡温家山,,,,,117.070602,26.261822
清流东林寺,汉语系,释修生,,福建省,三明市,清流县,福建省三明市清流县东林寺,,,,,116.864029,26.020489
清流东禅寺,汉语系,释满善,,福建省,三明市,清流县,福建省三明市清流县龙津镇水东路11号,,,,,116.822750,26.178800
清流云海寺,汉语系,释大愿,,福建省,三明市,清流县,福建省三明市清流县龙津镇南极山,,,,,116.810310,26.165541
清流会龙寺,汉语系,邹淑英,,福建省,三明市,清流县,福建省三明市清流县长校镇江坊村,,,,,116.728813,25.923634
清流兴善寺,汉语系,释瑞会,,福建省,三明市,清流县,福建省三明市清流县里田乡洋庄村,,,,,116.696831,25.993731
清流华林寺,汉语系,释会明,,福建省,三明市,清流县,福建省三明市清流县嵩口镇范元村,,,,,116.886551,26.089983
清流天星寺,汉语系,释玄财,,福建省,三明市,清流县,福建省三明市清流县灵地镇灵地村,,,,,116.819130,25.863201
清流定光禅院,汉语系,释传严,,福建省,三明市,清流县,福建省三明市清流县长校镇河排村,,,,,116.736778,25.978247
清流崇祯寺,汉语系,释严祯,,福建省,三明市,清流县,福建省三明市清流县里田乡卢水村,,,,,116.732162,26.027712
清流嵩峰寺,汉语系,释玄旺,,福建省,三明市,清流县,福建省三明市清流县嵩口镇嵩口村,,,,,116.891739,26.142551
清流新山寺,汉语系,罗严旺,,福建省,三明市,清流县,福建省三明市清流县田源乡田源村,,,,,116.849907,26.052021
清流永乐寺,汉语系,释严法,,福建省,三明市,清流县,福建省三明市清流县长校镇长校村,,,,,116.719788,25.949652
清流沙芜灵山寺,汉语系,刘金旺,,福建省,三明市,清流县,福建省三明市清流县沙芜乡铁石村,,,,,116.972229,26.015932
清流清源寺,汉语系,释严生,,福建省,三明市,清流县,福建省三明市清流县嵩溪镇青溪村,,,,,116.886475,26.262281
清流清福寺,汉语系,释耀平,1998-12-01,福建省,三明市,清流县,福建省三明市清流县龙津镇东华山,,,,,116.810310,26.165541
清流白云寺,汉语系,释会福,,福建省,三明市,清流县,福建省三明市清流县长校镇东山村,,,,,116.719788,25.949121
清流福善寺,汉语系,释满善,,福建省,三明市,清流县,福建省三明市清流县里田乡里田村,,,,,116.704109,26.012926
清流福源寺,汉语系,释严融,,福建省,三明市,清流县,福建省三明市清流县长校镇沙坪村,,,,,116.731262,25.962212
清流福潭寺,汉语系,释照尚,,福建省,三明市,清流县,福建省三明市清流县嵩溪镇嵩溪村,,,,,116.950562,26.261181
清流福胜寺,汉语系,释会贤,,福建省,三明市,清流县,福建省三明市清流县嵩口镇围埔村,,,,,116.900200,26.102942
清流竺云寺,汉语系,余继房,,福建省,三明市,清流县,福建省三明市清流县嵩溪镇黄沙口村,,,,,116.957542,26.264992
清流翠峰寺,汉语系,释满明,,福建省,三明市,清流县,福建省三明市清流县长校镇河排村,,,,,116.736778,25.978247
清流董山寺,汉语系,释广清,,福建省,三明市,清流县,福建省三明市清流县邓家乡吉龙村,,,,,116.824783,25.947353
清流西林寺,汉语系,释瑞忠,,福建省,三明市,清流县,福建省三明市清流县嵩口镇大元村,,,,,116.940529,26.106451
清流贵人寺,汉语系,江国华,,福建省,三明市,清流县,福建省三明市清流县长校镇江坊村,,,,,116.728813,25.923634
清流赖坊灵山寺,汉语系,释满明,,福建省,三明市,清流县,福建省三明市清流县赖坊乡陈家村,,,,,116.883179,25.924881
清流金山寺,汉语系,释玄文,,福建省,三明市,清流县,福建省三明市清流县李家乡早禾排村,,,,,116.834900,25.802891
清流金莲寺,汉语系,释德生,,福建省,三明市,清流县,福建省三明市清流县龙津镇水东路152号,,,,,116.823082,26.183121
清流香山寺,汉语系,释仰明,,福建省,三明市,清流县,福建省三明市清流县灵地镇坑甲村,,,,,116.830963,25.920601
清流高城寺,汉语系,江宏宝,,福建省,三明市,清流县,福建省三明市清流县嵩溪镇高地村,,,,,116.906097,26.292862
清流龙峰寺,汉语系,释严满,,福建省,三明市,清流县,福建省三明市清流县嵩口镇沧龙村,,,,,116.902542,26.069462
清流龙莲寺,汉语系,释丰生,,福建省,三明市,清流县,福建省三明市清流县长校镇荷坑村,,,,,116.755829,26.016140
三明圆通寺,汉语系,释明志,1993-01-01,福建省,三明市,三元区,福建省三明市三元区新市南路166号（三明日报印刷厂后山）,三明市三元区圆通寺地址设在“八山一水一分田”之称的三明，福建省三明市三元区文笔山，联系人是释明志,,,,117.611206,26.233097
三明善福寺,汉语系,释妙慧,1999-08-19,福建省,三明市,三元区,福建省三明市三元区荆西振兴路88号,,,,,117.645790,26.271680
三明栲林禅院,汉语系,释云光,,福建省,三明市,三元区,福建省三明市三元区莘口楼源,,,,,117.460228,26.145544
三明永兴庵,汉语系,释圣法,,福建省,三明市,三元区,福建省三明市三元区三元区岩前镇忠山村,,,,,117.437698,26.174683
沙县双山寺,汉语系,释传一,1993-11-01,福建省,三明市,沙县,福建省三明市沙县虬江街道洋坊村,双山寺始建何年，已无从考究，但寺中珍藏的一口古钟，足以说明其古老。古钟高86cm，直径54cm，出于南宋绍兴年间，这说明该寺早在南宋期间就已存在了，迄今至少八百余年。,,,,117.808464,26.385881
沙县吉祥寺,汉语系,释照禅,1993-11-01,福建省,三明市,沙县,福建省三明市沙县虬江街道镇头村西庵,,,,,117.856888,26.376343
沙县天湖下院,汉语系,释心亮,,福建省,三明市,沙县,福建省三明市沙县夏茂镇中山路45号,,,,,117.676990,26.573380
沙县天湖净寺,汉语系,释心亮,,福建省,三明市,沙县,福建省三明市沙县夏茂镇东街砂坑村,,,,,117.671738,26.531733
沙县天湖山寺,汉语系,郑家超,,福建省,三明市,沙县,福建省三明市沙县青州镇坂山村,,,,,117.896782,26.537231
沙县定光禅院,汉语系,释传一,,福建省,三明市,沙县,福建省三明市沙县凤岗街道大洲村淘金山,,,,,117.778587,26.386850
沙县宝严寺,汉语系,释心亮,1993-11-01,福建省,三明市,沙县,福建省三明市沙县凤岗街道文庙路150号,,,,,117.782059,26.389832
沙县性天寺,汉语系,释明性,1993-11-01,福建省,三明市,沙县,福建省三明市沙县凤岗街道东山村二十八曲,,,,,117.803780,26.403261
沙县景福堂,汉语系,释见源,1993-11-01,福建省,三明市,沙县,福建省三明市沙县凤岗街道大洲村,,,,,117.778587,26.386850
沙县栖云禅寺,汉语系,释广饶,,福建省,三明市,沙县,福建省三明市沙县虬江街道垅东村,,,,,117.735458,26.365143
沙县梨树定官寺,汉语系,俞和长,,福建省,三明市,沙县,福建省三明市沙县夏茂镇梨树村,,,,,117.723015,26.589472
沙县涌福寺,汉语系,释印星,,福建省,三明市,沙县,福建省三明市沙县青州镇涌溪村,,,,,117.966324,26.501760
沙县西山岭观音寺,汉语系,释心愿,1993-11-01,福建省,三明市,沙县,福建省三明市沙县凤岗街道西山村,,,,,117.778999,26.408461
沙县隆福寺,汉语系,释道华,1993-11-01,福建省,三明市,沙县,福建省三明市沙县夏茂镇中街村,,,,,117.671303,26.571362
泰宁庆云寺,汉语系,释本性,年代不详,福建省,三明市,泰宁县,福建省三明市泰宁县新桥乡水源村峨嵋峰,泰宁庆云寺位于位于全国十大名镇之一的泰宁，离泰宁县城四十分钟车程，毗邻世界地质公园、国家4A级景区、与宝岛台湾日月潭结为姐妹湖的大金湖。,,,,117.086388,27.005585
泰宁甘露寺,汉语系,释法强,年代不详,福建省,三明市,泰宁县,福建省三明市泰宁县梅口乡水际村,泰宁甘露岩寺位于福建省泰宁金湖西岸，长滩人形山西侧，是中国两个神奇的悬空寺之一，也是泰宁最负盛名的岩寺。,,,,117.087784,26.850843
泰宁七宝庵,汉语系,江莲娥,,福建省,三明市,泰宁县,福建省三明市泰宁县大田乡垒际村,,,,,117.005341,26.923973
泰宁三福堂,汉语系,释必青,,福建省,三明市,泰宁县,福建省三明市泰宁县杉城镇王石村王石坑,,,,,117.221962,26.912432
泰宁中华庵,汉语系,释提伦,,福建省,三明市,泰宁县,福建省三明市泰宁县开善乡洋坑村谢坊,,,,,117.171432,26.736431
泰宁丰岩寺,汉语系,释妙祥,2011-09-01,福建省,三明市,泰宁县,福建省三明市泰宁县杉城镇际溪村,,,,,117.098389,26.898121
泰宁何宝庵,汉语系,释觉生,,福建省,三明市,泰宁县,福建省三明市泰宁县杉城镇红光村何宝山,,,,,117.189728,26.923321
泰宁兴隆庵,汉语系,陈成忠（释提进）,2010-02-01,福建省,三明市,泰宁县,福建省三明市泰宁县上青乡江边村杨梅窠,,,,,117.143799,27.063961
泰宁净福寺,汉语系,释衍发,,福建省,三明市,泰宁县,福建省三明市泰宁县杉城镇胜一村清福巷,,,,,117.183128,26.894211
泰宁出米岩寺,汉语系,汤南恩,,福建省,三明市,泰宁县,福建省三明市泰宁县开善乡池潭村南洋岗,,,,,117.145119,26.712162
泰宁北灵寺,汉语系,李祖武,,福建省,三明市,泰宁县,福建省三明市泰宁县杉城镇梅桥村,,,,,117.169930,26.929340
泰宁古灵寺,汉语系,吴细丛,,福建省,三明市,泰宁县,福建省三明市泰宁县杉城镇长兴村,,,,,117.198318,26.946093
泰宁圆通寺,汉语系,江贵林,,福建省,三明市,泰宁县,福建省三明市泰宁县新桥乡新桥村街头,,,,,117.107407,27.042730
泰宁天台山寺,汉语系,无,,福建省,三明市,泰宁县,福建省三明市泰宁县大田乡垒际村夏家地,,,,,116.945213,26.908972
泰宁天堂庵,汉语系,无,,福建省,三明市,泰宁县,福建省三明市泰宁县杉城镇帐干村,,,,,117.089951,26.929312
泰宁天成岩寺,汉语系,童长承,,福建省,三明市,泰宁县,福建省三明市泰宁县朱口镇官田村高排,,,,,117.291901,27.048410
泰宁太平庵,汉语系,余应明（释禅应）,2013-09-01,福建省,三明市,泰宁县,福建省三明市泰宁县开善乡墩上村,,,,,117.178040,26.756603
泰宁宝善寺,汉语系,余世豪,,福建省,三明市,泰宁县,福建省三明市泰宁县杉城镇南会村,,,,,117.120293,26.864733
泰宁宝灵寺,汉语系,丁华荣,,福建省,三明市,泰宁县,福建省三明市泰宁县朱口镇凹头村,,,,,117.390732,27.059971
泰宁宝盖岩寺,汉语系,熊爱英（释四方）,,福建省,三明市,泰宁县,福建省三明市泰宁县朱口镇寨色村,,,,,117.240578,26.974482
泰宁崇仁寺,汉语系,吴如孝（释道生）,,福建省,三明市,泰宁县,福建省三明市泰宁县杉城镇胜二村戴家坑,,,,,117.180099,26.901072
泰宁开善广惠寺,汉语系,江明生,,福建省,三明市,泰宁县,福建省三明市泰宁县开善乡余坊村,,,,,117.188828,26.751360
泰宁念佛堂,汉语系,邱在妹,,福建省,三明市,泰宁县,福建省三明市泰宁县杉城镇胜一村职中路内,,,,,117.183128,26.894211
泰宁感化寺,汉语系,谢学文（释中圆）,,福建省,三明市,泰宁县,福建省三明市泰宁县朱口镇朱口村街尾,,,,,117.266068,26.976473
泰宁新庆庵,汉语系,余志鹏,,福建省,三明市,泰宁县,福建省三明市泰宁县下渠乡新田村,,,,,117.148033,26.808552
泰宁无极寺,汉语系,李伙钊,,福建省,三明市,泰宁县,福建省三明市泰宁县下渠乡大坑村仕坑,,,,,117.099030,26.764153
泰宁普光寺,汉语系,释灵戒,,福建省,三明市,泰宁县,福建省三明市泰宁县杉城镇长兴村,,,,,117.198318,26.946093
泰宁朱口观音堂,汉语系,林国顺（释昌顺）,,福建省,三明市,泰宁县,福建省三明市泰宁县朱口镇朱口村街头,,,,,117.266068,26.976473
泰宁杉城风山寺,汉语系,释瑞明,,福建省,三明市,泰宁县,福建省三明市泰宁县杉城镇际溪村寨下,,,,,117.098389,26.898121
泰宁李家岩寺,汉语系,释灵心,,福建省,三明市,泰宁县,福建省三明市泰宁县杉城镇际溪村,,,,,117.098389,26.898121
泰宁松山寺,汉语系,释悟旺,2011-09-01,福建省,三明市,泰宁县,福建省三明市泰宁县下渠乡下渠村村松山,,,,,117.162483,26.820372
泰宁枫林庵,汉语系,陈拉胡,,福建省,三明市,泰宁县,福建省三明市泰宁县朱口镇渠高村,,,,,117.334229,27.031893
泰宁梅川寺,汉语系,张水娇（释斯珍）,,福建省,三明市,泰宁县,福建省三明市泰宁县朱口镇梅林村,,,,,117.277550,26.991741
泰宁棋盘寺,汉语系,聂长生,,福建省,三明市,泰宁县,福建省三明市泰宁县朱口镇洋发村洋尾,,,,,117.303703,27.025452
泰宁滴水岩寺,汉语系,张生仔,,福建省,三明市,泰宁县,福建省三明市泰宁县大龙乡张地村西北,,,,,117.044220,26.656981
泰宁灵光寺,汉语系,无,,福建省,三明市,泰宁县,福建省三明市泰宁县大龙乡白石峰,,,,,117.015343,26.710823
泰宁灵山寺,汉语系,吴近生,,福建省,三明市,泰宁县,福建省三明市泰宁县杉城镇邱洪村吴家坊,,,,,117.161194,26.953812
泰宁燕子岩寺,汉语系,范金辉,2010-02-01,福建省,三明市,泰宁县,福建省三明市泰宁县大龙乡陈坑村,,,,,117.030014,26.608780
泰宁狮子山寺,汉语系,肖洪茂,,福建省,三明市,泰宁县,福建省三明市泰宁县杉城镇洋川村,,,,,117.158005,26.969402
泰宁狮子岩,汉语系,龚细北,,福建省,三明市,泰宁县,福建省三明市泰宁县杉城镇丰岩村,,,,,117.144463,26.923573
泰宁狮子岩寺,汉语系,周有木,,福建省,三明市,泰宁县,福建省三明市泰宁县朱口镇石辋村,,,,,117.230934,26.982313
泰宁皈仁寺,汉语系,丁启荣,,福建省,三明市,泰宁县,福建省三明市泰宁县下渠乡上渠村,,,,,117.196167,26.820662
泰宁石仙寺,汉语系,李瑞茂,,福建省,三明市,泰宁县,福建省三明市泰宁县大龙乡大布村官丘坊,,,,,117.009499,26.714170
泰宁神仙岩寺,汉语系,廖祥顺,,福建省,三明市,泰宁县,福建省三明市泰宁县大龙乡焦溪村东南,,,,,117.095322,26.640673
泰宁神光寺,汉语系,（廖生荣）释昌荣,,福建省,三明市,泰宁县,福建省三明市泰宁县大田乡料坊村,,,,,117.020332,26.921164
泰宁祥云阁寺,汉语系,罗秀荣,,福建省,三明市,泰宁县,福建省三明市泰宁县下渠乡大湖村,,,,,117.138420,26.825863
泰宁福灵寺,汉语系,无,,福建省,三明市,泰宁县,福建省三明市泰宁县朱口镇龙湖村,,,,,117.290619,27.090696
泰宁罗汉寺,汉语系,释印悟,,福建省,三明市,泰宁县,福建省三明市泰宁县杉城镇水南村金富街,,,,,117.169807,26.886162
泰宁西金庵,汉语系,叶正义,,福建省,三明市,泰宁县,福建省三明市泰宁县下渠乡红地村电厂,,,,,117.123978,26.816252
泰宁观音堂,汉语系,释灵韦,,福建省,三明市,泰宁县,福建省三明市泰宁县上青乡上青村圣前,,,,,117.188881,27.033161
泰宁观音阁,汉语系,陈金明,,福建省,三明市,泰宁县,福建省三明市泰宁县杉城镇八里桥村,,,,,117.212997,26.884212
泰宁调灵寺,汉语系,邹声龙,,福建省,三明市,泰宁县,福建省三明市泰宁县杉城镇调村,,,,,117.134361,26.979280
泰宁资福寺,汉语系,陈开明,,福建省,三明市,泰宁县,福建省三明市泰宁县大龙乡善溪村,,,,,117.005981,26.670662
泰宁醴泉岩寺,汉语系,释妙愚,,福建省,三明市,泰宁县,福建省三明市泰宁县梅口乡水际村,,,,,117.087784,26.850843
泰宁重兴寺,汉语系,吴广庆,,福建省,三明市,泰宁县,福建省三明市泰宁县下渠乡大渠村,,,,,117.177109,26.841770
泰宁金坑庵,汉语系,释灵达（肖儒达）,2010-02-01,福建省,三明市,泰宁县,福建省三明市泰宁县下渠乡渠里村焦絮,,,,,117.195831,26.845892
泰宁金皿寺,汉语系,丁秀英,,福建省,三明市,泰宁县,福建省三明市泰宁县下渠乡大坑村圩上,,,,,117.110977,26.764351
泰宁金盘寺,汉语系,邹应林,2010-02-01,福建省,三明市,泰宁县,福建省三明市泰宁县新桥乡坑坪村,,,,,117.117081,27.000603
泰宁金龟寺,汉语系,肖来清,,福建省,三明市,泰宁县,福建省三明市泰宁县大田乡金坑村石塘,,,,,117.059067,26.901281
泰宁阁宝峰寺,汉语系,杨益荣,,福建省,三明市,泰宁县,福建省三明市泰宁县下渠乡陈元村,,,,,117.210579,26.812983
泰宁陶金峰寺,汉语系,李景堂（释灵照）,,福建省,三明市,泰宁县,福建省三明市泰宁县上青乡上青村,,,,,117.173904,27.035683
泰宁集福寺,汉语系,释提弘,,福建省,三明市,泰宁县,福建省三明市泰宁县朱口镇梅林村,,,,,117.277550,26.991741
泰宁麒麟岩寺,汉语系,释妙伟,,福建省,三明市,泰宁县,福建省三明市泰宁县朱口镇石辋村,,,,,117.230934,26.982313
泰宁黄石寺,汉语系,杨应旺,,福建省,三明市,泰宁县,福建省三明市泰宁县梅口乡麦坑村猫儿山,,,,,117.066124,26.790310
泰宁龙头岩寺,汉语系,王晓峰（释昌悟）,,福建省,三明市,泰宁县,福建省三明市泰宁县朱口镇音山村杨边,,,,,117.233940,26.948071
泰宁龙泉寺,汉语系,吴锦鸿（释机静）,,福建省,三明市,泰宁县,福建省三明市泰宁县上青乡上青村,,,,,117.173904,27.035683
泰宁龙王岩寺,汉语系,李玉和,,福建省,三明市,泰宁县,福建省三明市泰宁县大龙乡里坑村,,,,,117.012283,26.739151
泰宁龟灵寺,汉语系,释禅慧,,福建省,三明市,泰宁县,福建省三明市泰宁县朱口镇神下村张木坑,,,,,117.358032,27.030312
永安云岩寺,汉语系,释道通,,福建省,三明市,永安市,福建省永安市燕西下渡村215号,,,,,117.365250,25.988033
永安兴国太平寺,汉语系,赖月娥,,福建省,三明市,永安市,福建省永安市燕北兴平村,,,,,117.391220,26.006491
永安南山寺,汉语系,释明禅,1998-01-01,福建省,三明市,永安市,福建省永安市燕南南塔村含笑大道,,,,,117.369987,25.962227
永安善福寺,汉语系,释广琪,2001-12-19,福建省,三明市,永安市,福建省永安市安砂镇曹田村,,,,,117.148453,26.027651
永安圆明寺,汉语系,释道明,1998-01-01,福建省,三明市,永安市,福建省永安市燕东长坑垄康平新村288号,,,,,117.378265,25.964464
永安定光寺,汉语系,释隆平,2002-01-01,福建省,三明市,永安市,福建省永安市曹远镇坑边新村,,,,,117.338005,26.019506
永安宝应寺,汉语系,释寂莲,1988-01-01,福建省,三明市,永安市,福建省永安市燕西下吉山路1号,,,,,117.365180,25.941380
永安崇宁寺,汉语系,释天实,2003-07-01,福建省,三明市,永安市,福建省永安市大湖镇吴坊村,,,,,117.292671,26.105543
永安崇福寺,汉语系,释明本,,福建省,三明市,永安市,福建省永安市大湖镇大湖村68号,,,,,117.332443,26.049122
永安感恩寺,汉语系,暂无,,福建省,三明市,永安市,福建省永安市贡川镇观成村,,,,,117.442039,26.087570
永安感恩寺,汉语系,释明道,,福建省,三明市,永安市,福建省永安市燕西湖滨路8号,,,,,117.359760,25.974420
永安慈航寺,汉语系,释普愿,,福建省,三明市,永安市,福建省永安市小陶镇劳动村,,,,,117.130173,25.724262
永安栟榈寺,汉语系,释传道,,福建省,三明市,永安市,福建省永安市东坡路0号,,,,,117.356361,25.963320
永安湧莲寺,汉语系,释明圆,,福建省,三明市,永安市,福建省永安市燕东新桥村,,,,,117.376465,25.970346
永安莲华寺,汉语系,释普顺,1998-10-01,福建省,三明市,永安市,福建省永安市燕西石碧村,,,,,117.358871,25.972612
永安迎福寺,汉语系,释宏戒,1998-01-01,福建省,三明市,永安市,福建省永安市大湖镇冲二村,,,,,117.375244,26.116373
永安闽山寺,汉语系,释谛元,,福建省,三明市,永安市,福建省永安市罗坊乡罗坊村,,,,,117.014160,25.913750
永安龙安寺,汉语系,释德慧,,福建省,三明市,永安市,福建省永安市小陶镇大陶口村,,,,,117.146614,25.752882
永安龟山寺,汉语系,释照玄,,福建省,三明市,永安市,福建省永安市龟山公园内,,,,,117.364922,25.981150
尤溪台溪吉祥寺,汉语系,释修悟,,福建省,三明市,尤溪县,福建省三明市尤溪县台溪乡凤山村,吉祥寺位于尤溪县台溪乡凤山村，始建于宋淳熙年间，明末立有石碑，清乾隆年间重修，民国三十六年（1947）十月再次重修。,,,,118.203468,26.016861
尤溪中仙下明山寺,汉语系,苏英芳,,福建省,三明市,尤溪县,福建省三明市尤溪县中仙乡西华村,,,,,118.246933,25.941481
尤溪中仙双凤寺,汉语系,池起纤,,福建省,三明市,尤溪县,福建省三明市尤溪县中仙乡上仙村,,,,,118.351341,25.950373
尤溪中仙观音寺,汉语系,郑家培,,福建省,三明市,尤溪县,福建省三明市尤溪县中仙乡西华村,,,,,118.246933,25.941481
尤溪保安寺,汉语系,释维慧,,福建省,三明市,尤溪县,福建省三明市尤溪县城关水南龙井山,,,,,118.190490,26.170040
尤溪坂面上明山寺,汉语系,陈玉珍,,福建省,三明市,尤溪县,福建省三明市尤溪县坂面乡大坪村,,,,,118.221962,25.935081
尤溪坂面圆觉寺,汉语系,张有知,,福建省,三明市,尤溪县,福建省三明市尤溪县坂面乡山面村,,,,,118.084373,25.964071
尤溪坂面岱湖寺,汉语系,杨玉娇,,福建省,三明市,尤溪县,福建省三明市尤溪县坂面乡大坪点,,,,,118.219337,25.937691
尤溪坂面引凤寺,汉语系,释印清,,福建省,三明市,尤溪县,福建省三明市尤溪县坂面乡坂面村,,,,,118.126259,26.036091
尤溪坂面普济寺,汉语系,释惟慧,,福建省,三明市,尤溪县,福建省三明市尤溪县坂面乡梧圆村,,,,,118.116432,26.001041
尤溪坂面普照寺,汉语系,释法明,,福建省,三明市,尤溪县,福建省三明市尤溪县坂面乡坂面村,,,,,118.126259,26.036091
尤溪坂面禅峰寺,汉语系,释智觉,,福建省,三明市,尤溪县,福建省三明市尤溪县坂面乡山面村,,,,,118.084373,25.964071
尤溪天湖寺,汉语系,吴秀能,,福建省,三明市,尤溪县,福建省三明市尤溪县城关水南莲花峰,,,,,118.190490,26.170040
尤溪新阳文峰寺,汉语系,林开书,,福建省,三明市,尤溪县,福建省三明市尤溪县新阳镇夏阳村,,,,,117.941383,26.008972
尤溪新阳金盘寺,汉语系,释慧坤,,福建省,三明市,尤溪县,福建省三明市尤溪县新阳镇夏阳水尾,,,,,117.941383,26.008972
尤溪梅仙峰仙寺,汉语系,陈榕格,,福建省,三明市,尤溪县,福建省三明市尤溪县梅仙镇乾美村,,,,,118.198219,26.311611
尤溪梅仙永和寺,汉语系,释法建,,福建省,三明市,尤溪县,福建省三明市尤溪县梅仙镇南洋董山,,,,,118.195808,26.239471
尤溪溪尾华峰寺,汉语系,姜必怒,,福建省,三明市,尤溪县,福建省三明市尤溪县溪尾乡九峰村磬石山,,,,,118.367531,26.158472
尤溪西城罗汉寺,汉语系,释传章,,福建省,三明市,尤溪县,福建省三明市尤溪县西城镇玉池圆口,,,,,118.147957,26.162420
厦门云塔寺,汉语系,释能元,,福建省,厦门市,海沧区,福建省厦门市海沧区洪坑岩,,,,,118.006561,24.483761
厦门洪坑岩寺,汉语系,释贤严,,福建省,厦门市,海沧区,福建省厦门市海沧区农场麒麟山洪坑岩寺,,,,,118.006172,24.491373
厦门真寂寺,汉语系,释忠明,,福建省,厦门市,海沧区,福建省厦门市海沧区东孚天竺山森林公园内,,,,,117.937134,24.588449
厦门石室禅院,汉语系,释忠明,1999-08-01,福建省,厦门市,海沧区,福建省厦门市海沧区阳顺路8号,,,,,118.020880,24.516680
厦门石峰岩寺,汉语系,释浩振,,福建省,厦门市,海沧区,福建省厦门市海沧区钟山村,,,,,118.027878,24.491621
厦门观音寺,汉语系,释定恒,2010-11-08,福建省,厦门市,湖里区,福建省厦门市仙岳路1279号,观音寺，位于福建省厦门市仙岳山东麓，是厦门地区建国以来新创建的第一座大型寺院。一九九四年，厦门市佛教协会副会长定恒法师主持筹建，至二○○三年完成山门、观音寺、大悲殿、万佛塔、五观堂、香积厨等建设工程，总建筑面积近九千平方米。,,,,118.122300,24.502950
厦门万福寺,汉语系,释界慈,,福建省,厦门市,湖里区,福建省厦门市湖里区禾山镇枋湖蔡坑社虎头山,,,,,118.150932,24.505491
厦门天竺岩寺,汉语系,释明德,,福建省,厦门市,湖里区,福建省厦门市湖里区侨岳路北侧仙岳山天竺岩寺,,,,,118.108810,24.499750
厦门觉性院,汉语系,释德煌,,福建省,厦门市,湖里区,福建省厦门市湖里区禾山枋湖路西3路,,,,,118.143700,24.497412
厦门大明寺,汉语系,释定恒,,福建省,厦门市,集美区,福建省厦门市集美区杏滨街道西滨村大明寺,,,,,118.020454,24.560997
厦门西竺寺,汉语系,释开湧,2010-03-18,福建省,厦门市,集美区,福建省厦门市集美区杏东路56,,,,,118.056452,24.561737
厦门万石莲寺,汉语系,释法源,2010-03-18,福建省,厦门市,思明区,福建省厦门市思明区万石植物园内,,,,,118.103683,24.442760
厦门中岩寺,汉语系,释开悟,,福建省,厦门市,思明区,福建省厦门市思明区植物园内,,,,,118.109161,24.445704
厦门云顶岩寺,汉语系,释宽恒,2011-06-23,福建省,厦门市,思明区,福建省厦门市思明区云顶岩路1号,,,,,118.144639,24.466133
厦门内武庙,汉语系,郑子兴,,福建省,厦门市,思明区,福建省厦门市大同路内武庙街32号,,,,,118.033940,24.484050
厦门净莲堂,汉语系,释成向,,福建省,厦门市,思明区,福建省厦门市思明区将军祠40号,,,,,118.099900,24.460980
厦门华严寺,汉语系,释戒晟,,福建省,厦门市,思明区,福建省厦门市思明区南溪仔9号,,,,,118.088501,24.441921
厦门南普陀寺,汉语系,则悟,2010-03-18,福建省,厦门市,思明区,福建省厦门市思明区思明南路515号,,是,,,118.097300,24.439340
厦门印月寺,汉语系,释普端,,福建省,厦门市,思明区,福建省厦门市思明区溪岸路167号,,,,,118.088570,24.461180
厦门启明寺,汉语系,释开敏,,福建省,厦门市,思明区,福建省厦门市思明区曾厝垵,,,,,118.125488,24.426769
厦门大观院,汉语系,释果华,,福建省,厦门市,思明区,福建省厦门市思明区将军祠路40号第一层,,,,,118.099900,24.460980
厦门天界寺,汉语系,释法兴,,福建省,厦门市,思明区,福建省厦门市思明区万石植物园内,,,,,118.103683,24.442760
厦门太平岩寺,汉语系,释世澄,2010-03-18,福建省,厦门市,思明区,福建省厦门市思明区万石植物园内,,,,,118.103683,24.442760
厦门妙法林寺,汉语系,释法净,2010-11-08,福建省,厦门市,思明区,福建省厦门市思明区励志路1号,,,,,118.090250,24.453470
厦门妙清寺,汉语系,释胜定,,福建省,厦门市,思明区,福建省厦门市思明区墙顶巷28号,,,,,118.083675,24.456670
厦门妙释寺,汉语系,则悟,,福建省,厦门市,思明区,福建省厦门市思明区前埔磨心山东侧,,,,,118.165512,24.467211
厦门庆福寺,汉语系,释心量,2003-01-01,福建省,厦门市,思明区,福建省厦门市思明区思明南路457号,,,,,118.087520,24.444110
厦门延寿寺,汉语系,释慧忍,,福建省,厦门市,思明区,福建省厦门市思明区本部巷10号,,,,,118.084160,24.453060
厦门弥陀寺,汉语系,陈惠真,2010-03-18,福建省,厦门市,思明区,福建省厦门市思明区石顶巷48号之二,,,,,118.082430,24.445790
厦门日光岩寺,汉语系,释胜恬,,福建省,厦门市,思明区,福建省厦门市思明区鼓浪屿晃岩路62号,,,,,118.068120,24.442250
厦门普光寺,汉语系,释传建,,福建省,厦门市,思明区,福建省厦门市思明区莲前西路,,,,,118.133331,24.476191
厦门甘露寺,汉语系,释露慈,,福建省,厦门市,思明区,福建省厦门市思明区虎园路2号,,,,,118.092770,24.454240
厦门白鹿洞寺,汉语系,释常学,,福建省,厦门市,思明区,福建省厦门市思明区白鹿路五号之一,,,,,118.089985,24.449803
厦门碧山岩寺,汉语系,释诚信,2010-03-18,福建省,厦门市,思明区,福建省厦门市思明区思明南路巡司顶巷碧山岩2号,,,,,118.088020,24.443600
厦门祗园寺,汉语系,则悟,,福建省,厦门市,思明区,福建省厦门市思明区黄厝新村116号,,,,,118.152603,24.444813
厦门能仁寺,汉语系,释能元,2010-03-18,福建省,厦门市,思明区,福建省厦门市思明区养真宫街32号,,,,,118.082430,24.445790
厦门虎溪岩寺,汉语系,释净心,,福建省,厦门市,思明区,福建省厦门市思明区虎溪岩路5号,,,,,118.092050,24.450390
厦门进明寺,汉语系,释普端,1991-12-31,福建省,厦门市,思明区,福建省厦门市思明区黄厝溪头下4号,,,,,118.140450,24.430016
厦门雪峰寺,汉语系,释普愿,2010-11-08,福建省,厦门市,思明区,福建省厦门市仙岳路369号,,,,,118.108710,24.493490
厦门顶释寺,汉语系,释果利,,福建省,厦门市,思明区,福建省厦门市思明区释仔街14号,,,,,118.085860,24.451990
厦门鸿山寺,汉语系,释法云,2010-03-18,福建省,厦门市,思明区,福建省厦门市思明区思明南路305号,,,,,118.084550,24.447660
厦门龙泉宫,汉语系,释向因,,福建省,厦门市,思明区,福建省厦门市思明区开平路12号,,,,,118.077130,24.458250
厦门南洋报恩寺,汉语系,释开登,2011-05-11,福建省,厦门市,同安区,福建省厦门市同安区汀溪镇褒美村,,,,,118.120392,24.790350
厦门太华古寺,汉语系,释义杰,,福建省,厦门市,同安区,福建省厦门市同安区莲花镇后埔村,,,,,118.035004,24.766670
厦门拱莲古寺,汉语系,释门玄,2008-07-16,福建省,厦门市,同安区,福建省厦门市同安区大同街道东宅村东宅里11号,,,,,118.182770,24.719172
厦门斗拱岩寺,汉语系,释圣渡,,福建省,厦门市,同安区,福建省厦门市同安区汀溪镇褒美村,,,,,118.120392,24.790350
厦门梅山寺,汉语系,释慈明,1998-12-28,福建省,厦门市,同安区,福建省厦门市同安区大同街道梅山,,,,,118.148315,24.743757
厦门梵天禅寺,汉语系,释仁慈,2010-03-18,福建省,厦门市,同安区,福建省厦门市同安区大同街道轮山路,,,,,118.164131,24.741570
厦门莲花佛心寺,汉语系,释竺冰,2010-03-18,福建省,厦门市,同安区,福建省厦门市同安区莲花镇莲花村佛心寺1号,,,,,118.046082,24.762741
厦门铜钵岩寺,汉语系,释镜悟,2010-11-08,福建省,厦门市,同安区,福建省厦门市同安区莲花镇云洋村,,,,,118.079018,24.782701
厦门佛国寺,汉语系,释法云,2011-12-07,福建省,厦门市,翔安区,福建省厦门市翔安区内厝镇妙高山,,,,,118.336563,24.721060
厦门准提寺,汉语系,释广普,2012-04-01,福建省,厦门市,翔安区,福建省厦门市翔安区内厝镇前宅村,,,,,118.328461,24.659101
厦门普陀岩寺,汉语系,释达源,2010-11-01,福建省,厦门市,翔安区,福建省厦门市翔安区新店镇垵山村,,,,,118.206909,24.582212
厦门清居堂,汉语系,释长如,2010-11-01,福建省,厦门市,翔安区,福建省厦门市翔安区马巷镇山仔尾巷75号,,,,,118.250954,24.657131
厦门甘露寺,汉语系,无,,福建省,厦门市,翔安区,福建省厦门市翔安区大帽山农场寒仔尾村观音山下,,,,,118.306419,24.771132
厦门翔安观音寺,汉语系,释定恒,2018-05-18,福建省,厦门市,翔安区,福建省厦门市翔安区香山风景区,,,,,118.298927,24.628202
武夷山天心永乐禅寺,汉语系,释泽道（徐荣华）,,福建省,武夷山市,,福建省武夷山市武夷街道办天心村（旅游景区内）,,,,,117.995438,27.686495
武夷山天成禅寺,汉语系,释正颂（林素容）,,福建省,武夷山市,,福建省武夷山市武夷街道办天心村（旅游景区虎啸岩）,,,,,117.949181,27.637501
东山铜陵东明寺,汉语系,释道裕,,福建省,漳州市,东山县,福建省漳州市东山县铜陵镇东门屿,位于福建漳州市东门屿北段佛澳。东明寺占地200亩，建筑面积达8500多平方米，有山门、佛室、宝殿、玉佛坛、藏经阁、钟楼等30多处建筑物。,,,,117.556183,23.731232
东山前楼下西坑靖海寺,汉语系,释明善,,福建省,漳州市,东山县,福建省漳州市东山县前楼镇下西坑村,,,,,117.349907,23.682791
东山康美东沈庵,汉语系,唐县担,1999-12-01,福建省,漳州市,东山县,福建省漳州市东山县康美镇东沈村,,,,,117.473297,23.719742
东山康美铜砵圆通苑佛堂,汉语系,释果春,,福建省,漳州市,东山县,福建省漳州市东山县康美镇铜砵村,,,,,117.510414,23.731232
东山康美铜砵法济院,汉语系,黄亚卿,,福建省,漳州市,东山县,福建省漳州市东山县康美镇铜砵村,,,,,117.510414,23.731232
东山康美铜钵苦菜寺,汉语系,白文太,,福建省,漳州市,东山县,福建省漳州市东山县康美镇龙潭社区,,,,,117.512268,23.733263
东山康美龙潭佛光寺,汉语系,释光广,,福建省,漳州市,东山县,福建省漳州市东山县康美镇龙潭社区,,,,,117.512268,23.733263
东山杏陈后林法西寺,汉语系,陈壮甲,,福建省,漳州市,东山县,福建省漳州市东山县杏陈镇后林村,,,,,117.410172,23.765762
东山樟塘后马南正院,汉语系,释法香,2011-03-29,福建省,漳州市,东山县,福建省漳州市东山县樟塘镇后马村,,,,,117.451141,23.729141
东山苏峰寺,汉语系,释妙光,2009-11-01,福建省,漳州市,东山县,福建省漳州市东山县西埔镇冬古村,,,,,117.466003,23.659433
东山西埔大德金寺,汉语系,释法渊,,福建省,漳州市,东山县,福建省漳州市东山县西埔镇东埔街,,,,,117.433983,23.696321
东山西埔顶西石庙寺,汉语系,朱兴金,,福建省,漳州市,东山县,福建省漳州市东山县西埔镇顶西村,,,,,117.432327,23.697620
东山西莲净寺,汉语系,释明善,2005-02-01,福建省,漳州市,东山县,福建省漳州市东山县西埔镇东埔街,,,,,117.433983,23.696321
东山铜陵公园宝智寺,汉语系,释光宣,,福建省,漳州市,东山县,福建省漳州市东山县铜陵镇公园社区,,,,,117.535820,23.733063
东山铜陵大沃五佛寺,汉语系,释光广,,福建省,漳州市,东山县,福建省漳州市东山县铜陵镇大沃社区,,,,,117.516060,23.736681
东山铜陵大沃香光寺,汉语系,释广缘,,福建省,漳州市,东山县,福建省漳州市东山县铜陵镇大沃社区,,,,,117.516060,23.736681
东山铜陵桂花西灵寺,汉语系,胡舜茹,2005-02-01,福建省,漳州市,东山县,福建省漳州市东山县铜陵镇桂花社区,,,,,117.517021,23.736168
东山铜陵演武光传寺,汉语系,释普渡,,福建省,漳州市,东山县,福建省漳州市东山县铜陵镇演武社区,,,,,117.521309,23.733337
东山铜陵码头恩波寺,汉语系,释修量,,福建省,漳州市,东山县,福建省漳州市东山县铜陵镇码头社区,,,,,117.527924,23.736521
东山铜陵苏峰古来寺,汉语系,释遵礼,1999-07-01,福建省,漳州市,东山县,福建省漳州市东山县铜陵镇苏峰社区,,,,,117.524536,23.731071
东山陈城沃角竹林寺,汉语系,陈少锋,2005-02-01,福建省,漳州市,东山县,福建省漳州市东山县陈城镇沃角村,,,,,117.433540,23.587711
华安平安寺,汉语系,李秀福,,福建省,漳州市,华安县,福建省漳州市华安县华丰镇下坂村温水溪,位于云水溪桥头处，原寺倾倒，其名无考。上世纪80年代下坂村群众，为保寺中石佛，盖一小亭，名为“平安亭”，2000年2月29日始改名为“平安寺”，占地面积2000多平方米，背山面水，距华安县城3公里。,,,,117.514648,24.988111
龙海安福寺,汉语系,释广宗,1999-12-30,福建省,漳州市,龙海市,福建省龙海市白水镇井园村,安福寺位于九龙江南溪畔、玳瑁山（又名大帽山）北麓的龙海市白水镇井园村境内，沈海高速公路从寺院右侧穿行而过，水陆交通方便。,,,,117.865974,24.318733
龙海七首岩寺,汉语系,释照光,,福建省,漳州市,龙海市,福建省龙海市九湖镇院后村,,,,,117.649292,24.481401
龙海三宝寺,汉语系,释德辉,,福建省,漳州市,龙海市,福建省龙海市紫泥镇溪墘村,,,,,117.838799,24.444342
龙海云盖岩寺,汉语系,释本光,,福建省,漳州市,龙海市,福建省龙海市浮宫镇田头村,,,,,117.930031,24.379353
龙海五福禅寺,汉语系,释广海,,福建省,漳州市,龙海市,福建省龙海市石码镇仙庵路34号,,,,,117.817261,24.445822
龙海佛心寺,汉语系,释通念,,福建省,漳州市,龙海市,福建省龙海市东泗乡董浦村,,,,,117.802010,24.360653
龙海南太武福兴寺,汉语系,李松铭,2001-05-30,福建省,漳州市,龙海市,福建省龙海市隆教畲族乡黄坑村,,,,,118.080482,24.301601
龙海南太武观音寺,汉语系,释传学,,福建省,漳州市,龙海市,福建省龙海市港尾镇古城村朱厝社,,,,,118.032059,24.321621
龙海古林寺,汉语系,释戒受,,福建省,漳州市,龙海市,福建省龙海市石码镇高坑村林坑社,,,,,117.819252,24.429459
龙海大愿寺,汉语系,释普圣,2004-12-26,福建省,漳州市,龙海市,福建省龙海市榜山镇榜山村,,,,,117.791954,24.436993
龙海宛南亭寺,汉语系,释普法,,福建省,漳州市,龙海市,福建省龙海市石码镇打石街中,,,,,117.820717,24.446369
龙海岱岭慈云寺,汉语系,释照慧,,福建省,漳州市,龙海市,福建省龙海市港尾镇上午村,,,,,118.011070,24.302101
龙海张边楼观音寺,汉语系,释妙果,2010-06-13,福建省,漳州市,龙海市,福建省龙海市石码镇高坑村,,,,,117.816498,24.439503
龙海日照岩寺,汉语系,释志怀,2011-03-29,福建省,漳州市,龙海市,福建省龙海市九湖镇内寮农场,,,,,117.622414,24.458626
龙海普照禅寺,汉语系,释传仁,2002-03-07,福建省,漳州市,龙海市,福建省龙海市港尾镇卓岐村,,,,,118.063171,24.345722
龙海普陀岩寺,汉语系,释上华,,福建省,漳州市,龙海市,福建省龙海市紫泥镇西良村,,,,,117.824440,24.455591
龙海林前岩寺,汉语系,释心霖,,福建省,漳州市,龙海市,福建省龙海市九湖镇林前村,,,,,117.663277,24.423471
龙海清安岩寺,汉语系,释传聪,,福建省,漳州市,龙海市,福建省龙海市双第农场新碑,,,,,117.716530,24.400612
龙海瑞竹岩寺,汉语系,释普法,1993-10-27,福建省,漳州市,龙海市,福建省龙海市榜山镇梧浦村,,,,,117.771553,24.493490
龙海白云岩寺,汉语系,刘海水,,福建省,漳州市,龙海市,福建省龙海市颜厝镇洪坂村,,,,,117.723061,24.464191
龙海禅德寺,汉语系,释成定,,福建省,漳州市,龙海市,福建省龙海市海澄镇山后村仕兜社,,,,,117.827950,24.428976
龙海紫云岩寺,汉语系,高清字,,福建省,漳州市,龙海市,福建省龙海市石码镇高坑村,,,,,117.816498,24.439503
龙海莲堂寺,汉语系,释定演,,福建省,漳州市,龙海市,福建省龙海市海澄镇黎明村山美社,,,,,117.824722,24.411871
龙海蓬莱寺,汉语系,释广悟,,福建省,漳州市,龙海市,福建省龙海市九湖镇木棉村院林山,,,,,117.639259,24.421991
龙海观海寺,汉语系,释传兴,1993-10-27,福建省,漳州市,龙海市,福建省龙海市海澄镇黎明村,,,,,117.824722,24.411871
龙海金仙岩寺,汉语系,刘玉春,,福建省,漳州市,龙海市,福建省龙海市白水镇大帽山,,,,,117.823929,24.334032
龙海高美亭寺,汉语系,释法慧,1993-10-27,福建省,漳州市,龙海市,福建省龙海市榜山镇普边村,,,,,117.768044,24.450811
龙海鱼嘴岩寺,汉语系,洪明坤,,福建省,漳州市,龙海市,福建省龙海市颜厝镇洪塘村,,,,,117.710251,24.456614
龙海龙云古寺,汉语系,释了然,2001-05-30,福建省,漳州市,龙海市,福建省龙海市白水镇郊边村,,,,,117.903702,24.283562
龙海龙兴寺,汉语系,释强峰,2004-12-26,福建省,漳州市,龙海市,福建省龙海市港尾镇沙坛村,,,,,117.993423,24.395401
龙海龙应寺,汉语系,陈凤寿,,福建省,漳州市,龙海市,福建省龙海市东园镇过田村,,,,,117.887230,24.335932
龙海龙池岩寺,汉语系,释正实,,福建省,漳州市,龙海市,福建省龙海市角美镇白礁村潘厝龙池岩寺,,,,,117.951057,24.497524
漳州佛光寺,汉语系,释妙寿,,福建省,漳州市,龙文区,福建省漳州市龙文区步文镇土坪村浦东市场,漳州佛光寺位于福建省漳州市龙文区浦东大厦明欣苑边。,,,,117.682487,24.508230
漳州三峰山聚奎岩寺,汉语系,释仁慈,,福建省,漳州市,龙文区,福建省漳州市龙文区朝阳镇漳滨村三峰山,,,,,117.758049,24.537592
漳州山头顶觉皇寺,汉语系,杨跃其,,福建省,漳州市,龙文区,福建省漳州市龙文区步文镇坂上村山头项社,,,,,117.693604,24.527451
漳州石室岩寺,汉语系,王慧真,2011-03-29,福建省,漳州市,龙文区,福建省漳州市龙文区蓝田镇梧桥村石室岩,,,,,117.759644,24.516773
漳州蓝田崇真堂,汉语系,黄高海,,福建省,漳州市,龙文区,福建省漳州市龙文区蓝田镇蓝田村,,,,,117.725571,24.505602
漳州长福凤凰寺,汉语系,黄清松,,福建省,漳州市,龙文区,福建省漳州市龙文区步文镇长福村,,,,,117.657959,24.474701
南靖东岳寺,汉语系,黄金池,,福建省,漳州市,南靖县,福建省漳州市南靖县靖城镇湖林村湖扑社,,,,,117.521034,24.573811
南靖五云寺,汉语系,吴建荣,,福建省,漳州市,南靖县,福建省漳州市南靖县金山镇河墘村,,,,,117.308388,24.771753
南靖亭光庵,汉语系,吴西南,,福建省,漳州市,南靖县,福建省漳州市南靖县山城镇雁塔村,,,,,117.456619,24.576012
南靖兴隆庙,汉语系,赖友海,,福建省,漳州市,南靖县,福建省漳州市南靖县丰田镇红星村洪盘,,,,,117.452614,24.651661
南靖十一层岩寺,汉语系,王炳荣,2011-03-29,福建省,漳州市,南靖县,福建省漳州市南靖县山城镇翠眉村,,,,,117.382202,24.507603
南靖威武庙,汉语系,肖仁杰,,福建省,漳州市,南靖县,福建省漳州市南靖县龙山镇东爱村上坑组,,,,,117.357094,24.668970
南靖宝林寺,汉语系,释净圆,,福建省,漳州市,南靖县,福建省漳州市南靖县丰田镇横山头,,,,,117.445793,24.603630
南靖宝树径岩寺,汉语系,吴振宁,2011-03-29,福建省,漳州市,南靖县,福建省漳州市南靖县山城镇汤坑村,,,,,117.396942,24.455912
南靖慈慧寺,汉语系,吴龙福,1999-02-08,福建省,漳州市,南靖县,福建省漳州市南靖县龙山镇龙山村,,,,,117.365417,24.675011
南靖新溪尾寺,汉语系,张亚清,,福建省,漳州市,南靖县,福建省漳州市南靖县船场镇世禄村,,,,,117.255569,24.614141
南靖清水岩寺,汉语系,王川国,1998-07-10,福建省,漳州市,南靖县,福建省漳州市南靖县靖城镇阡桥村,,,,,117.504944,24.555811
南靖瀛洲寺,汉语系,韩天送,,福建省,漳州市,南靖县,福建省漳州市南靖县山城镇三卞村,,,,,117.373421,24.516912
南靖灵德庙,汉语系,郑爱珠,,福建省,漳州市,南靖县,福建省漳州市南靖县和溪镇斗米村,,,,,117.264503,24.848242
南靖田底庵,汉语系,陈旺清,,福建省,漳州市,南靖县,福建省漳州市南靖县龙山镇棠溪村下圩组,,,,,117.373833,24.602911
南靖田边庵,汉语系,王其水,2011-03-29,福建省,漳州市,南靖县,福建省漳州市南靖县靖城镇田边村,,,,,117.528343,24.548582
南靖登云岩寺,汉语系,韩甲庚,2011-03-29,福建省,漳州市,南靖县,福建省漳州市南靖县山城镇六安村,,,,,117.371201,24.510002
南靖石门寺,汉语系,吴坤生,2011-03-29,福建省,漳州市,南靖县,福建省漳州市南靖县船场镇梧宅村,,,,,117.248680,24.691973
南靖硕兴庙,汉语系,张光辉,1998-11-23,福建省,漳州市,南靖县,福建省漳州市南靖县山城镇人民路,,,,,117.372978,24.510920
南靖碧溪寺,汉语系,吴荣山,,福建省,漳州市,南靖县,福建省漳州市南靖县金山镇马公村,,,,,117.321083,24.759892
南靖碧阳寺,汉语系,高炳源,,福建省,漳州市,南靖县,福建省漳州市南靖县山城镇山城村,,,,,117.367249,24.513271
南靖祖师公庙,汉语系,詹成金,,福建省,漳州市,南靖县,福建省漳州市南靖县山城镇山城村新中山路,,,,,117.367249,24.513271
南靖紫云寺,汉语系,界象法师,1999-04-19,福建省,漳州市,南靖县,福建省漳州市南靖县山城镇六安村,,,,,117.371201,24.510002
南靖紫云山寺,汉语系,刘步阶,2003-03-14,福建省,漳州市,南靖县,福建省漳州市南靖县书洋镇下版村,,,,,117.047562,24.592670
南靖观音庙,汉语系,韩其朴,,福建省,漳州市,南靖县,福建省漳州市南靖县山城镇六安村安美社,,,,,117.371201,24.510002
南靖象溪水朝寺,汉语系,刘寿山,,福建省,漳州市,南靖县,福建省漳州市南靖县山城镇象溪村,,,,,117.286171,24.519791
南靖车头庵,汉语系,王加振,,福建省,漳州市,南靖县,福建省漳州市南靖县山城镇三卞村,,,,,117.373421,24.516912
南靖钱坂庙,汉语系,张赞富,,福建省,漳州市,南靖县,福建省漳州市南靖县山城镇六安村安美社,,,,,117.371201,24.510002
南靖马坑庵,汉语系,黄建军,,福建省,漳州市,南靖县,福建省漳州市南靖县山城镇碧侯村,,,,,117.342575,24.495783
南靖龙云寺,汉语系,王丽凤,,福建省,漳州市,南靖县,福建省漳州市南靖县山城镇紫荆山大尖,,,,,117.363541,24.511803
南靖龙显岩寺,汉语系,林梓西,1999-06-22,福建省,漳州市,南靖县,福建省漳州市南靖县和溪镇林坂村,,,,,117.237282,24.891003
南靖龟山庙,汉语系,陈炎,,福建省,漳州市,南靖县,福建省漳州市南靖县山城镇坎仔头村,,,,,117.399681,24.488861
平和安厚天堂寺,汉语系,赖启乘,2011-03-29,福建省,漳州市,平和县,福建省漳州市平和县安厚镇东川村,,,,,117.181839,24.150023
平和安厚天龙岩寺,汉语系,张进城,2011-03-29,福建省,漳州市,平和县,福建省漳州市平和县安厚镇东川村,,,,,117.181839,24.150023
平和小溪龙兴寺,汉语系,曾素枝,2002-12-31,福建省,漳州市,平和县,福建省漳州市平和县小溪镇联星村,,,,,117.307312,24.364790
漳州南山寺,汉语系,释普法,年代不详,福建省,漳州市,芗城区,福建省漳州市芗城区南山路1号,南山寺在位于福建省漳州市芗城区九龙江南畔的丹霞山麓，南背靠丹霞山，北面向九龙江，面积4万平方米。据《龙溪县志·古迹》记载，它原名“报劬崇福禅寺”，唐开元年间（公元713～741年）太子太傅陈邕所建。为漳州八大名胜之一，是闻名海内外的有一千二百多年历史的佛教大寺院。国务院于1983年4月9日把南山寺列为全国142座汉传佛教重点寺院之一。,,,,117.648000,24.496290
漳州东桥亭寺,汉语系,释升宏,,福建省,漳州市,芗城区,福建省漳州市芗城区修文东路33号,,,,,117.655110,24.504440
漳州南浦亭寺,汉语系,林风林,,福建省,漳州市,芗城区,福建省漳州市芗城区江滨竹园东侧,,,,,117.661858,24.497622
漳州塔口庵,汉语系,黄阿蕉,,福建省,漳州市,芗城区,福建省漳州市芗城区大同路,,,,,117.653450,24.514650
漳州天宝后山庵,汉语系,沈广州,,福建省,漳州市,芗城区,福建省漳州市芗城区天宝镇天宝村,,,,,117.564644,24.587061
漳州天宝文殊岩寺,汉语系,释净圆,,福建省,漳州市,芗城区,福建省漳州市天宝镇天宝山森林公园,,,,,117.574913,24.615873
漳州宝莲寺,汉语系,黄蔗根,,福建省,漳州市,芗城区,福建省漳州市芗城区石亭镇塘边村,,,,,117.612694,24.564079
漳州步营顶伽蓝庙,汉语系,吴金木,,福建省,漳州市,芗城区,福建省漳州市芗城区新桥街道步营顶,,,,,117.663734,24.505642
漳州法因寺,汉语系,释普法,,福建省,漳州市,芗城区,福建省漳州市芗城区丹霞路丹霞园,,,,,117.672722,24.507214
漳州浦南浯沧庵,汉语系,蒋义务,,福建省,漳州市,芗城区,福建省漳州市芗城区浦南镇浯沧村,,,,,117.633163,24.633371
漳州瀛洲亭寺,汉语系,苏丽华,,福建省,漳州市,芗城区,福建省漳州市芗城区洋老洲96号,,,,,117.645668,24.504145
漳州福兴寺,汉语系,释普法,1996-11-11,福建省,漳州市,芗城区,福建省漳州市芗城区南太武路9-1号,,,,,117.653910,24.510670
漳州裕后庵,汉语系,张丽珍,,福建省,漳州市,芗城区,福建省漳州市芗城区南坑街道市后村1号,,,,,117.681267,24.523550
漳州西桥亭寺,汉语系,江吴河,,福建省,漳州市,芗城区,福建省漳州市修文西路尾人民市场对面,,,,,117.652176,24.509647
漳州过塘慈慧庵,汉语系,韩联芳,,福建省,漳州市,芗城区,福建省漳州市芗城区天宝镇过塘村259-1号,,,,,117.553391,24.594643
漳州长生禅寺,汉语系,释智成,2011-03-29,福建省,漳州市,芗城区,福建省漳州市芗城区新浦路竹围内116号,,,,,117.669937,24.506691
云霄碧云寺,汉语系,朱泰明,2011-07-06,福建省,漳州市,云霄县,福建省漳州市云霄县火田镇七里铺村,云霄七里铺碧云寺位于福建省漳州市云霄县火田镇七里铺村戴郡马亭东侧，此寺庙为明代所建佛教寺庙，寺内供奉南海观世音菩萨、阿弥陀佛等。,,,,117.385559,24.002592
云霄金山寺,汉语系,释演梦,,福建省,漳州市,云霄县,福建省漳州市云霄县东厦镇荷步村,金山寺，又称荷步岩，在梁山金龟岭口，坐东北向西南，寺前数株古老斑芝树，苍翠挺拔，远处即引人瞩目，相传为镇寺之宝。金山寺面积约300平方米，原建筑物所存甚少。史载，清乾隆年间，僧人黄松江于此处发动“天地会”起义，事败后庙被毁。1984年，当地乡民集资献力清基重建，寻出部份石刻楹联及清宣统二年碑记。寺前山道横斜，泉水清甘。南望石矾塔遥立漳江入海处。回顾即“玉女”、“仙人”、“将军”诸山峙列西北方。,,,,117.437439,23.962820
云霄下普庵,汉语系,释戒修,2011-07-06,福建省,漳州市,云霄县,福建省漳州市云霄县莆美镇演武亭村将军山,,,,,117.319382,23.949600
云霄仙峰岩寺,汉语系,吴解通,2011-07-06,福建省,漳州市,云霄县,福建省漳州市云霄县云陵开发区树洞村,,,,,117.388809,23.894522
云霄剑石岩寺,汉语系,汤团和,,福建省,漳州市,云霄县,福建省漳州市云霄县列屿镇城内村剑石岩,,,,,117.482582,23.829441
云霄南山寺,汉语系,张龙棲,,福建省,漳州市,云霄县,福建省漳州市云霄县莆美镇莆南村虎山,,,,,117.341957,23.929710
云霄双峰岩寺,汉语系,李罗生,2011-07-06,福建省,漳州市,云霄县,福建省漳州市云霄县火田镇高田村凤竹自然村,,,,,117.394661,24.053162
云霄广恩亭寺,汉语系,朱长林,,福建省,漳州市,云霄县,福建省漳州市云霄县云陵镇享堂村北门畲仔园,,,,,117.336052,23.958363
云霄应石寺,汉语系,释光诚,2011-07-06,福建省,漳州市,云霄县,福建省漳州市云霄县云陵镇下城村,,,,,117.366577,23.979422
云霄心印寺,汉语系,释法济,,福建省,漳州市,云霄县,福建省漳州市云霄县莆美镇中柱村,,,,,117.349251,23.937393
云霄慈云室寺,汉语系,方宴清,,福建省,漳州市,云霄县,福建省漳州市云霄县莆美镇阳下村,,,,,117.357353,23.941032
云霄慈云寺,汉语系,释湛成,,福建省,漳州市,云霄县,福建省漳州市云霄县云陵镇享堂村秀头山,,,,,117.336052,23.958363
云霄慈帆寺,汉语系,汤阿全,2011-07-06,福建省,漳州市,云霄县,福建省漳州市云霄县列屿镇顶城村,,,,,117.465782,23.822311
云霄慈航寺,汉语系,陈五都,2011-07-06,福建省,漳州市,云霄县,福建省漳州市云霄县陈岱镇岱山村,,,,,117.406181,23.792831
云霄文殊寺,汉语系,释慧文,2011-07-06,福建省,漳州市,云霄县,福建省漳州市云霄县云陵镇下坂村大臣山,,,,,117.363480,23.966547
云霄树德岩寺,汉语系,黄益铭,2011-07-06,福建省,漳州市,云霄县,福建省漳州市云霄县云陵镇享堂村小将军北侧,,,,,117.328560,23.955032
云霄水月楼观音亭寺,汉语系,张辉传,2011-07-06,福建省,漳州市,云霄县,福建省漳州市云霄县云陵镇溪美社区溪边路11号,,,,,117.343600,23.956220
云霄渡头岩寺,汉语系,曾荣坤,,福建省,漳州市,云霄县,福建省漳州市云霄县云陵镇享堂村,,,,,117.336052,23.958363
云霄灵凤寺,汉语系,汤顺源,,福建省,漳州市,云霄县,福建省漳州市云霄县云漳路献宝山,,,,,117.337372,23.957211
云霄灵鹫寺,汉语系,释法众,,福建省,漳州市,云霄县,福建省漳州市云霄县列屿镇城内村灵鹫山,,,,,117.474915,23.830208
云霄甘露寺,汉语系,何再南,2011-07-06,福建省,漳州市,云霄县,福建省漳州市云霄县火田镇圆峰村,,,,,117.366737,24.064270
云霄白云寺,汉语系,林水罕,,福建省,漳州市,云霄县,福建省漳州市云霄县火田镇盘陀岭上,,,,,117.383530,24.007113
云霄碧湖岩寺,汉语系,何秋荣,,福建省,漳州市,云霄县,福建省漳州市云霄县马铺乡枧河村,,,,,117.279129,24.181753
云霄竹溪寺,汉语系,林养花,,福建省,漳州市,云霄县,福建省漳州市云霄县陈岱镇竹港村,,,,,117.373909,23.797331
云霄紫竹寺,汉语系,释志锦,,福建省,漳州市,云霄县,福建省漳州市云霄县火田镇古楼村内楼自然村,,,,,117.436150,24.063782
云霄西霞亭寺,汉语系,林阿河,,福建省,漳州市,云霄县,福建省漳州市云霄县云陵镇金霞社区金霞路189号,,,,,117.330658,23.961538
云霄观音亭寺,汉语系,方俊地,,福建省,漳州市,云霄县,福建省漳州市云霄县东厦镇溪乾村,,,,,117.386330,23.947273
云霄谷春庵,汉语系,何炳煌,,福建省,漳州市,云霄县,福建省漳州市云霄县马铺乡马铺村马铺圩,,,,,117.281693,24.120785
云霄陈岱普贤寺,汉语系,王赛云,,福建省,漳州市,云霄县,福建省漳州市云霄县陈岱镇岱北村,,,,,117.411011,23.796730
云霄龙泉岩寺,汉语系,吴进龙,,福建省,漳州市,云霄县,福建省漳州市云霄县东厦镇竹塔村,,,,,117.415489,23.917042
云霄龙湫岩寺,汉语系,吴建龙,2011-07-06,福建省,漳州市,云霄县,福建省漳州市云霄县东厦镇白塔村,,,,,117.375847,23.920191
云霄龙风寺,汉语系,释光国,,福建省,漳州市,云霄县,福建省漳州市云霄县东厦镇竹塔村,,,,,117.415489,23.917042
漳州常山天星寺,汉语系,释圣航,,福建省,漳州市,云霄县,福建省漳州市常山开发区拓林管理区,,,,,117.541901,24.517986
漳州常山青云寺,汉语系,温仕雄,1998-11-12,福建省,漳州市,云霄县,福建省漳州市云霄县常山开发区常山管理区青云寺,,,,,117.375214,23.875753
漳州常山高陂寺,汉语系,释道南,,福建省,漳州市,云霄县,福建省漳州市云霄常山开发区楼仔岭村坪岭,,,,,117.246910,23.864862
漳浦东罗岩白云寺,汉语系,释光焕（陈灶炎）,,福建省,漳州市,漳浦县,福建省漳州市漳浦县绥安镇东罗岩,,,,,117.649712,24.140190
漳浦丹湖寺,汉语系,释正盛（林国安）,,福建省,漳州市,漳浦县,福建省漳州市漳浦县湖西镇城内村,,,,,117.798210,24.176291
漳浦兴教寺,汉语系,释志显（陈永强）,,福建省,漳州市,漳浦县,福建省漳州市漳浦县绥安镇大亭路,,,,,117.618729,24.115461
漳浦南宣寺,汉语系,释正盛（林国安）,,福建省,漳州市,漳浦县,福建省漳州市漳浦县赤土镇梧桐山,,,,,117.705177,24.145830
漳浦南谷寺,汉语系,胡宗明,,福建省,漳州市,漳浦县,福建省漳州市漳浦县绥安镇溪南村中营,,,,,117.601273,24.099552
漳浦南门慈云岩寺,汉语系,释妙空,,福建省,漳州市,漳浦县,福建省漳州市漳浦县赤湖镇南门城边,,,,,117.875748,24.111563
漳浦古雷龙华寺,汉语系,黄和平,,福建省,漳州市,漳浦县,福建省漳州市漳浦县古雷镇岱仔村,,,,,117.606140,23.768030
漳浦圣能寺,汉语系,释正盛（林国安）,,福建省,漳州市,漳浦县,福建省漳州市漳浦县赤土镇下宫村,,,,,117.734604,24.145832
漳浦安德寺,汉语系,蔡红豆,,福建省,漳州市,漳浦县,福建省漳州市漳浦县霞美镇中社村,,,,,117.690735,23.996502
漳浦宝珠岩寺,汉语系,柯月香,,福建省,漳州市,漳浦县,福建省漳州市漳浦县旧镇青年农场,,,,,117.713760,24.049313
漳浦恩山寺,汉语系,陈清辉,,福建省,漳州市,漳浦县,福建省漳州市漳浦县马坪镇后康村竹树社,,,,,117.917419,24.244791
漳浦悟道岩寺,汉语系,徐初殿,,福建省,漳州市,漳浦县,福建省漳州市漳浦县北部名山玳瑁山,,,,,117.829681,24.293201
漳浦明莲堂,汉语系,杨娇英,,福建省,漳州市,漳浦县,福建省漳州市漳浦县佛潭镇岱嵩村,,,,,117.963104,24.171640
漳浦法泉寺,汉语系,释妙空（吴义和）,,福建省,漳州市,漳浦县,福建省漳州市漳浦县赤湖镇北桥村,,,,,117.878418,24.108501
漳浦海日岩寺,汉语系,杨丽珍,,福建省,漳州市,漳浦县,福建省漳州市漳浦县佛潭镇下坑村,,,,,117.914818,24.189640
漳浦海月岩寺,汉语系,释法华（方春香）,,福建省,漳州市,漳浦县,福建省漳州市漳浦县沙西镇海月岩,,,,,117.513329,23.930012
漳浦清水岩寺,汉语系,谢保春,1997-12-01,福建省,漳州市,漳浦县,福建省漳州市漳浦县赤湖镇后湖村,,,,,117.853241,24.134233
漳浦清泉岩寺,汉语系,胡生理,,福建省,漳州市,漳浦县,福建省漳州市漳浦县大南坂农场下楼村,,,,,117.602303,24.068142
漳浦狮山寺,汉语系,释志广（林金城）,,福建省,漳州市,漳浦县,福建省漳州市漳浦县杜浔镇路打村,,,,,117.622345,23.950163
漳浦瑞龙岩寺,汉语系,释妙寿（林美玲）,,福建省,漳州市,漳浦县,福建省漳州市漳浦县前亭镇岩内场,,,,,118.021057,24.266691
漳浦石泉美佛祖庙,汉语系,林俊杰,,福建省,漳州市,漳浦县,福建省漳州市漳浦县沙西镇下埔村,,,,,117.491783,23.922981
漳浦福寿禅寺,汉语系,释向佛,,福建省,漳州市,漳浦县,福建省漳州市漳浦县赤土镇下宫村,,,,,117.734604,24.145832
漳浦紫薇寺,汉语系,林秀丽,1996-04-01,福建省,漳州市,漳浦县,福建省漳州市漳浦县旧镇镇乌石紫薇山,,,,,117.713760,24.049313
漳浦莲花寺,汉语系,赵英谊,1997-12-01,福建省,漳州市,漳浦县,福建省漳州市漳浦县白竹湖古山作业区,,,,,117.880539,24.148682
漳浦西来庵,汉语系,蓝徳磷,,福建省,漳州市,漳浦县,福建省漳州市漳浦县赤岭镇石椅村,,,,,117.795258,24.256231
漳浦观音寺,汉语系,邱幼得,,福建省,漳州市,漳浦县,福建省漳州市漳浦县古雷镇龙口村,,,,,117.613342,23.781502
漳浦边灵寺,汉语系,林阿娇,,福建省,漳州市,漳浦县,福建省漳州市漳浦县古雷镇古雷村,,,,,117.622337,23.834579
漳浦迎江寺,汉语系,周永福,,福建省,漳州市,漳浦县,福建省漳州市漳浦县沙西镇北旗村,,,,,117.466583,23.926802
漳浦迎祥寺,汉语系,释光兴（沈甘生）,,福建省,漳州市,漳浦县,福建省漳州市漳浦县杜浔镇范阳村,,,,,117.609055,23.939882
漳浦金刚寺,汉语系,李建龙,,福建省,漳州市,漳浦县,福建省漳州市漳浦县沙西镇高林村,,,,,117.577682,23.928301
漳浦高山寺,汉语系,卢顺元,2001-04-01,福建省,漳州市,漳浦县,福建省漳州市漳浦县杜浔镇院边村,,,,,117.636909,23.953941
漳浦鹿坑岩寺,汉语系,释法美（卢阿美）,,福建省,漳州市,漳浦县,福建省漳州市漳浦县杜浔镇过洋村,,,,,117.617188,23.979912
漳浦龙迹亭寺,汉语系,释正满,,福建省,漳州市,漳浦县,福建省漳州市漳浦县杜浔镇过洋村,,,,,117.617188,23.979912
长泰天成山普明禅寺,汉语系,释济群,,福建省,漳州市,长泰县,福建省漳州市长泰县马洋溪生态旅游区天成山,,,,,117.829109,24.587351
诏安西亭观音庵,汉语系,许文串,2011-03-29,福建省,漳州市,诏安县,福建省漳州市诏安县南诏镇西门社区,西亭观音庵址于福建省漳州市诏安县南诏镇县前街西段尾，始建于明代，面积约400平方米。,,,,117.184532,23.708031
诏安七贤庵,汉语系,释光和,,福建省,漳州市,诏安县,福建省漳州市诏安县梅洲乡梅山村,,,,,117.309448,23.773790
诏安万寿寺,汉语系,释达真,1999-04-01,福建省,漳州市,诏安县,福建省漳州市诏安县南诏镇西门社区中山西路150—1,,,,,117.176656,23.709038
诏安万福律苑寺,汉语系,释徹慧,,福建省,漳州市,诏安县,福建省漳州市诏安县南诏镇五一村,,,,,117.178223,23.706501
诏安上帝宫寺,汉语系,林文聪,,福建省,漳州市,诏安县,福建省漳州市诏安县南诏镇东北社区,,,,,117.179207,23.714590
诏安乌山真英岩寺,汉语系,释道源,,福建省,漳州市,诏安县,福建省漳州市诏安县红星乡北庶村,,,,,117.104393,23.867632
诏安九侯禅寺,汉语系,释弘妙,,福建省,漳州市,诏安县,福建省漳州市诏安县金星乡湖内村,,,,,117.210060,23.803650
诏安保林寺,汉语系,林俗金,,福建省,漳州市,诏安县,福建省漳州市诏安县桥东镇含英村,,,,,117.199883,23.651962
诏安华严寺,汉语系,释普德,2004-12-07,福建省,漳州市,诏安县,福建省漳州市诏安县深桥镇西坑村,,,,,117.139229,23.699371
诏安南善庵,汉语系,释正尊,,福建省,漳州市,诏安县,福建省漳州市诏安县南诏镇城内社区,,,,,117.198860,23.716145
诏安南善福慧塔寺,汉语系,释正尊,,福建省,漳州市,诏安县,福建省漳州市诏安县深桥镇溪园村,,,,,117.195404,23.693392
诏安南山寿寺,汉语系,释达英,2011-03-29,福建省,漳州市,诏安县,福建省漳州市诏安县深桥镇寨口村,,,,,117.130028,23.670822
诏安南靖庵,汉语系,释阿长,,福建省,漳州市,诏安县,福建省漳州市诏安县南诏镇五一村,,,,,117.178223,23.706501
诏安双屏寺,汉语系,释道愿,,福建省,漳州市,诏安县,福建省漳州市诏安县桥东镇东沈村,,,,,117.210304,23.703791
诏安天悬居中寺,汉语系,胡海发,,福建省,漳州市,诏安县,福建省漳州市诏安县四都镇上湖村,,,,,117.295807,23.796242
诏安妙音寺,汉语系,释拥一,2011-03-29,福建省,漳州市,诏安县,福建省漳州市诏安县深桥镇大美村,,,,,117.187660,23.693811
诏安宝善庵,汉语系,释明善,,福建省,漳州市,诏安县,福建省漳州市诏安县西潭乡上营村,,,,,117.129333,23.755026
诏安广南庵,汉语系,林文英,,福建省,漳州市,诏安县,福建省漳州市诏安县桥东镇林巷村,,,,,117.205109,23.705570
诏安慈云寺,汉语系,涂克顺,,福建省,漳州市,诏安县,福建省漳州市诏安县南诏镇北关社区,,,,,117.184959,23.710869
诏安慧观寺,汉语系,释道玄,,福建省,漳州市,诏安县,福建省漳州市诏安县桥东镇桥园村,,,,,117.196739,23.706842
诏安护济寺,汉语系,许益平,,福建省,漳州市,诏安县,福建省漳州市诏安县南诏镇北关社区,,,,,117.184959,23.710869
诏安报国寺,汉语系,释法治,1999-04-01,福建省,漳州市,诏安县,福建省漳州市诏安县桥东镇内凤村,,,,,117.229462,23.715481
诏安报恩寺,汉语系,释向前,2000-01-01,福建省,漳州市,诏安县,福建省漳州市诏安县梅岭镇东门村,,,,,117.248970,23.609751
诏安报源寺,汉语系,释智通,,福建省,漳州市,诏安县,福建省漳州市诏安县梅岭镇石城村,,,,,117.257637,23.675982
诏安斗山岩寺,汉语系,释普圣,,福建省,漳州市,诏安县,福建省漳州市诏安县西潭乡牛仔岭,,,,,117.098099,23.771364
诏安明灯寺,汉语系,释耀启,,福建省,漳州市,诏安县,福建省漳州市诏安县太平镇大布村,,,,,117.059952,23.865252
诏安明香寺,汉语系,释道善,,福建省,漳州市,诏安县,福建省漳州市诏安县梅洲乡梅洲华侨农场东径作业区41号,,,,,117.355492,23.846361
诏安樟公寺,汉语系,释明朗,1999-08-01,福建省,漳州市,诏安县,福建省漳州市诏安县四都镇后港村,,,,,117.282074,23.760731
诏安河山古寺,汉语系,释宏观,,福建省,漳州市,诏安县,福建省漳州市诏安县深桥镇溪南村,,,,,117.155922,23.688770
诏安澹园院,汉语系,释道静,1999-04-01,福建省,漳州市,诏安县,福建省漳州市诏安县南诏镇澹园社区,,,,,117.181694,23.709232
诏安白鹤寺,汉语系,释道荣,,福建省,漳州市,诏安县,福建省漳州市诏安县白洋乡汀洋村,,,,,117.065292,23.765970
诏安碧湖庵,汉语系,释达珠,,福建省,漳州市,诏安县,福建省漳州市诏安县深桥镇考湖村,,,,,117.135513,23.729330
诏安碧莲寺,汉语系,释光诚,,福建省,漳州市,诏安县,福建省漳州市诏安县四都镇田美村,,,,,117.293549,23.789122
诏安西觉寺,汉语系,陈庆标,,福建省,漳州市,诏安县,福建省漳州市诏安县南诏镇西门社区,,,,,117.184532,23.708031
诏安观西寺,汉语系,释道观,,福建省,漳州市,诏安县,福建省漳州市诏安县梅岭镇田厝村,,,,,117.267082,23.642231
诏安达摩祖师堂,汉语系,释照辉（徐艺辉）,,福建省,漳州市,诏安县,福建省漳州市诏安县南诏镇梅峰村,,,,,117.181732,23.716084
诏安金光明寺,汉语系,释道修,2004-12-01,福建省,漳州市,诏安县,福建省漳州市诏安县桥东镇西山村,,,,,117.249489,23.700771
诏安金山寺,汉语系,释达香,2001-02-26,福建省,漳州市,诏安县,福建省漳州市诏安县桥东镇内凤村,,,,,117.229462,23.715481
诏安金莲堂,汉语系,释弘开,2011-03-29,福建省,漳州市,诏安县,福建省漳州市诏安县南诏镇西门社区中山西路410号,,,,,117.171440,23.715360
诏安金马台寺,汉语系,吕河北,,福建省,漳州市,诏安县,福建省漳州市诏安县秀篆镇河美村,,,,,116.966492,24.061813
诏安长乐寺,汉语系,释达平,,福建省,漳州市,诏安县,福建省漳州市诏安县汾水关,,,,,117.091095,23.686172
诏安青云寺,汉语系,释道钦,1999-04-01,福建省,漳州市,诏安县,福建省漳州市诏安县南诏镇中山西路606号,,,,,117.180874,23.705088
长乐三溪朝元寺,汉语系,释中宣（胡太文）,,福建省,长乐市,,福建省长乐市江田镇三溪村,,,,,119.546300,25.840530
长乐东关心显娥眉寺,汉语系,邱日秋（释法音）,,福建省,长乐市,,福建省长乐市吴航街道东关村,,,,,119.523468,25.957062
长乐东渡大士殿,汉语系,林瑶（释修悟）,,福建省,长乐市,,福建省长乐市玉田镇东渡村,,,,,119.467728,25.874901
长乐中境灵谷寺,汉语系,孙锦华（释德雄）,,福建省,长乐市,,福建省长乐市吴航街道胜得街,,,,,119.527550,25.955221
长乐云路云龙寺,汉语系,张娇（释净宗）,,福建省,长乐市,,福建省长乐市鹤上镇云路村,,,,,119.576538,25.943392
长乐后董震龙观音堂,汉语系,董梦云（释定学）,,福建省,长乐市,,福建省长乐市文岭镇后董村222号,,,,,119.656700,25.989230
长乐壶井狮岩寺,汉语系,吴本彩（释智宜）,,福建省,长乐市,,福建省长乐市文武砂镇壶井村,,,,,119.587761,25.905022
长乐大宏荣香寺,汉语系,徐文丽（释利安）,,福建省,长乐市,,福建省长乐市潭头镇大宏村,,,,,119.601784,26.021202
长乐岐后天王寺,汉语系,李强（释传奋）,,福建省,长乐市,,福建省长乐市吴航街道西关街233号,,,,,119.520090,25.971810
长乐岭南长者寺,汉语系,吴智康（释慈藏）,,福建省,长乐市,,福建省长乐市潭头镇岭南村,,,,,119.602478,25.991621
长乐岭顶观音堂,汉语系,杨满家（释君如）,,福建省,长乐市,,福建省长乐市航程街道下朱村,,,,,119.506050,25.966541
长乐岱灵古灵堂,汉语系,释思愿（张赠金）,,福建省,长乐市,,福建省长乐市潭头镇岱灵村,,,,,119.592682,25.986872
长乐文岭棋山禅寺,汉语系,周友腾（释慈祥）,,福建省,长乐市,,福建省长乐市文岭镇前董村,,,,,119.671000,25.988460
长乐松下潮应寺,汉语系,张辉（释淳慧）,,福建省,长乐市,,福建省长乐市松下镇松下村,,,,,119.600987,25.757962
长乐梅花观音寺,汉语系,吴顺明（释宽颖）,,福建省,长乐市,,福建省长乐市梅花镇梅西林,,,,,119.687523,26.015755
长乐江田灵峰寺,汉语系,吴代和（释正端）,,福建省,长乐市,,福建省长乐市江田镇江田村,,,,,119.582520,25.816980
长乐沙京龙泉寺,汉语系,詹厚立（释广禅）,,福建省,长乐市,,福建省长乐市鹤上镇李村,,,,,119.549294,25.946569
长乐泮野兴国寺,汉语系,陈纶芳（释普妙）,,福建省,长乐市,,福建省长乐市航程街道泮野村,,,,,119.495613,25.960541
长乐泮野金山寺,汉语系,单思炳（释心海）,,福建省,长乐市,,福建省长乐市航程街道泮野村,,,,,119.495613,25.960541
长乐洋屿云门寺,汉语系,繆爱端（释传源）,,福建省,长乐市,,福建省长乐市航城街道洋屿村,,,,,119.501700,25.992300
长乐洞头灵洞寺,汉语系,郑团庄（释传生）,,福建省,长乐市,,福建省长乐市营前街道洞头村,,,,,119.461792,25.951172
长乐浮岐蒲竹寺,汉语系,陈晓君（释天发）,,福建省,长乐市,,福建省长乐市猴屿乡浮岐村,,,,,119.543200,26.052440
长乐漳港文京寺,汉语系,李启亿（释通学）,,福建省,长乐市,,福建省长乐市漳港街道屏洋村,,,,,119.617615,25.940302
长乐猴屿屏山寺,汉语系,卢萍贞（释智平）,,福建省,长乐市,,福建省长乐市猴屿乡猴屿村,,,,,119.543200,26.052440
长乐营前瀛洲寺,汉语系,周友勇（释华善）,,福建省,长乐市,,福建省长乐市营前街道万宝山,,,,,119.469208,25.961281
长乐营前玉佛寺,汉语系,刘丽玉（释照文）,,福建省,长乐市,,福建省长乐市营前街道营前村,,,,,119.472755,25.961515
长乐葫芦山普济寺,汉语系,释华清（照清）,,福建省,长乐市,,福建省长乐市吴航街道西关村,,,,,119.513603,25.965443
长乐金峰塘下沙合禅寺,汉语系,黄秀琴（释谛行）,,福建省,长乐市,,福建省长乐市金峰镇塘下村,,,,,119.632454,25.983631
长乐金峰皇恩寺,汉语系,陈碧城（释光琼）,,福建省,长乐市,,福建省长乐市金峰镇金峰村,,,,,119.631439,25.977583
长乐金峰胪峰圣林禅寺,汉语系,张祥根（释传灯）,,福建省,长乐市,,福建省长乐市金峰镇上张村,,,,,119.616631,25.972185
长乐金峰般若堂,汉语系,王秀钦（释秀雄）,,福建省,长乐市,,福建省长乐市金峰镇金峰村,,,,,119.631439,25.977583
长乐金峰西石岩禅寺,汉语系,张祥根（释传灯）,,福建省,长乐市,,福建省长乐市金峰镇首台村,,,,,119.591957,25.973291
长乐长限一善堂,汉语系,张雪峰（释智弘）,,福建省,长乐市,,福建省长乐市营前街道长限村,,,,,119.486938,25.955261
长乐霞州清凉寺,汉语系,方良盛（释法清）,,福建省,长乐市,,福建省长乐市航程街道霞州村,,,,,119.498955,25.972826
长乐鹤上新览光严寺,汉语系,黄穗柳（释界云）,,福建省,长乐市,,福建省长乐市鹤上镇新览村,,,,,119.554611,25.949471
长乐鹤上洞湖观音堂,汉语系,薛丽萍（释悟达）,,福建省,长乐市,,福建省长乐市鹤上镇洞湖村,,,,,119.585663,25.951422
长乐黄石普贤寺,汉语系,唐健波（释妙觉）,,福建省,长乐市,,福建省长乐市营前街道黄石村,,,,,119.413292,25.947660
长乐黄石竹林庵,汉语系,林广义（释广溢）,,福建省,长乐市,,福建省长乐市营前街道黄石村,,,,,119.413292,25.947660
长乐龙门龙源寺,汉语系,陈小飞（释传宽）,,福建省,长乐市,,福建省长乐市航程街道龙门村,,,,,119.498184,25.949190
莲花禅寺,汉语系,释法庄,年代不详,甘肃省,白银市,白银区,甘肃省白银市白银区大坝滩村260号,白银莲花禅寺位于白银市城区西南，109国道以北的大坝滩村莲花山上。其状若莲花故名莲花寺。[1],,,,104.137009,36.539261
朝云山朝云寺,汉语系,武志玺,,甘肃省,白银市,会宁县,甘肃省白银市会宁县百草塬乡九百村,,,,,104.974770,36.171520
桃花山保宁寺,汉语系,王耀义,,甘肃省,白银市,会宁县,甘肃省白银市会宁县会师镇桃花山,,,,,105.057030,35.691353
河桥山紫竹寺,汉语系,何小林,,甘肃省,白银市,会宁县,甘肃省白银市会宁县河畔镇河畔村,,,,,104.974121,36.126854
清凉山清凉寺,汉语系,王进明,,甘肃省,白银市,会宁县,白银市会宁县郭城驿镇新堡子村,,,,,104.888763,36.231071
秀金山长伏观,汉语系,田金地,,甘肃省,白银市,会宁县,甘肃省白银市会宁县甘沟镇田坪村,,,,,105.031754,36.002338
霄行山福慧寺,汉语系,何继宗,,甘肃省,白银市,会宁县,甘肃省白银市会宁县二百户村,,,,,105.005898,36.175922
乌龙山寺,汉语系,张民政,,甘肃省,白银市,景泰县,甘肃省白银市景泰县芦阳镇,,,,,104.158447,37.140850
五佛寺,汉语系,李宗平,,甘肃省,白银市,景泰县,甘肃省白银市景泰县五佛乡兴水村,,,,,104.321274,37.182430
双龙寺,汉语系,孙淑霞,,甘肃省,白银市,景泰县,甘肃省白银市景泰县芦阳镇,,,,,104.158447,37.140850
大敦煌大佛寺,汉语系,吕霞民,,甘肃省,白银市,景泰县,甘肃省白银市景泰县喜泉镇大水闸村,,,,,104.026619,37.078232
法雨寺,汉语系,沈湍云,,甘肃省,白银市,景泰县,甘肃省白银市景泰县草窝滩猎虎山,,,,,104.049149,37.240032
清凉寺,汉语系,罗崇岳,,甘肃省,白银市,景泰县,甘肃省白银市景泰县芦阳镇城北墩,,,,,104.149673,37.165333
灵源寺,汉语系,雷恩厚,,甘肃省,白银市,景泰县,甘肃省白银市景泰县一条山公园,,,,,104.064613,37.190693
观音寺,汉语系,韩维民,,甘肃省,白银市,景泰县,甘肃省白银市景泰县草窝滩翠柳村,,,,,104.577072,37.334702
接引寺,汉语系,苗世福,,甘肃省,白银市,景泰县,甘肃省白银市景泰县芦阳镇条山村,,,,,104.066528,37.155918
普光寺,汉语系,万红新,,甘肃省,白银市,景泰县,甘肃省白银市景泰县一条山镇,,,,,104.072472,37.196571
普音寺,汉语系,罗立科,,甘肃省,白银市,景泰县,甘肃省白银市景泰县中泉乡龙湾村,,,,,104.320633,36.894550
法泉寺,汉语系,张玉仙,年代不详,甘肃省,白银市,靖远县,甘肃省白银市靖远县东湾镇大坝村,法泉寺，又名“红山石崖禅寺”，位于甘肃省白银市靖远县东南红山岔，距靖远火车站约十公里。泉水依崖漩流，寺崖群山环抱，实陇上之明珠，丝绸之要冲，又是靖远八景之首，有“法泉地灵”之称。中国百大名寺之一，省级文物保护单位，省级森林园。,,省级文物保护单位,,104.724098,36.625523
仙佛寺,汉语系,杨文吉,,甘肃省,白银市,靖远县,甘肃省白银市靖远县糜滩乡独石村,,,,,104.614388,36.558979
升云寺,汉语系,张有泰,,甘肃省,白银市,靖远县,甘肃省白银市靖远县东升乡东升村,,,,,104.906799,36.930759
善缘寺,汉语系,王世禄,,甘肃省,白银市,靖远县,甘肃省白银市靖远县乌兰镇西滩村,,,,,104.663002,36.562572
广积寺,汉语系,薛国政,,甘肃省,白银市,靖远县,甘肃省白银市靖远县北湾镇古城村,,,,,104.472740,36.472679
潮云寺,汉语系,周天旭,,甘肃省,白银市,靖远县,甘肃省白银市靖远县高湾乡二百户村,,,,,105.009682,36.526661
红罗寺,汉语系,张国发,,甘肃省,白银市,靖远县,甘肃省白银市靖远县北湾镇天字村,,,,,104.518097,36.484272
红花寺,汉语系,魏邦宏,,甘肃省,白银市,靖远县,甘肃省白银市靖远县高湾乡三百户村,,,,,104.964981,36.566990
青云寺,汉语系,杨福,,甘肃省,白银市,靖远县,甘肃省白银市靖远县若笠乡曹岘村,,,,,104.621330,36.378719
香山寺,汉语系,叶福莉,,甘肃省,白银市,靖远县,甘肃省白银市靖远县高湾乡贾崖村,,,,,105.057198,36.417282
接引寺,汉语系,宋国千,,甘肃省,白银市,靖远县,甘肃省白银市靖远县糜滩乡下滩村,,,,,104.691788,36.621120
普陀寺,汉语系,路思财,,甘肃省,白银市,靖远县,甘肃省白银市靖远县东湾镇杨柳村,,,,,104.812180,36.609673
红山寺,汉语系,释寂意,北魏,甘肃省,白银市,平川区,甘肃省白银市平川区共和镇中和村,可指甘肃白银市平川区红山寺以及河北省武安市红山寺。,,,,105.020813,36.639500
佛光山普度寺,汉语系,释妙媖,,甘肃省,白银市,平川区,甘肃省白银市平川区宝积乡墩墩滩村,,,,,104.814011,36.717022
北塔山青龙观,汉语系,刘维国,,甘肃省,白银市,平川区,甘肃省白银市平川区复兴乡山李村,,,,,105.328949,36.382320
华严寺佛教活点,汉语系,王什礼,,甘肃省,白银市,平川区,甘肃省白银市平川区复兴乡上汉村北沟,,,,,105.269478,36.427643
妙觉寺,汉语系,释弘静,,甘肃省,白银市,平川区,甘肃省白银市平川区共和镇小水村,,,,,104.974640,36.622982
屈吴山万佛寺,汉语系,释宗德,,甘肃省,白银市,平川区,甘肃省白银市平川区共和镇马饮水村,,,,,105.016518,36.636353
行云寺,汉语系,黄仲贤,,甘肃省,白银市,平川区,甘肃省白银市平川区共和镇马饮水村,,,,,105.016518,36.636353
安定区巉口镇观音寺,汉语系,陈信,,甘肃省,定西市,安定区,甘肃省定西市安定区巉口镇大柏林村九龙山,,,,,104.507889,35.645599
安定区西岩寺,汉语系,释本觉,,甘肃省,定西市,安定区,甘肃省定西市安定区凤翔镇西岩山森林公园,,,,,104.606239,35.579533
安定区青烟寺,汉语系,释妙仁,,甘肃省,定西市,安定区,甘肃省定西市安定区巉口镇康家庄村,,,,,104.520393,35.718540
定西市安定区内官营镇鹤林寺,汉语系,张慧兰,,甘肃省,定西市,安定区,甘肃省定西市安定区内官营镇锦鸡塬山,,,,,104.823662,35.546642
定西市安定区青岚乡净慧禅院,汉语系,付海,,甘肃省,定西市,安定区,甘肃省定西市安定区青岚山乡付家村付家曲社,,,,,104.695953,35.658409
临洮县卧龙寺,汉语系,李国安,,甘肃省,定西市,临洮县,甘肃省定西市临洮县洮阳镇卧龙村委,卧龙寺兴建于晚唐，经历五代，至今已有千年历史，明代嘉靖年间成为名寺。清光绪年间，陕甘总督左宗棠曾给卧龙寺赠石佛一尊，并手书对联一副“法轮自转菩提海，净域长流功德泉。”在漫长的历史岁月中，卧龙寺历经沧桑，几度盛衰，近年又得重建，使昔日古刹重现了雄姿。,,,,103.861839,35.358532
临洮县东岩寺,汉语系,潘永林,,甘肃省,定西市,临洮县,甘肃省定西市临洮县洮阳镇东街村岳麓山,,,,,103.875427,35.368477
临洮县中铺慈云寺,汉语系,石宝孝,,甘肃省,定西市,临洮县,甘肃省定西市临洮县中铺镇下石家村,,,,,103.695641,35.761482
临洮县乾清寺,汉语系,释昌孝,,甘肃省,定西市,临洮县,甘肃省定西市临洮县洮阳镇北马栏,,,,,103.861839,35.358532
临洮县云慈寺,汉语系,马真新,,甘肃省,定西市,临洮县,甘肃省定西市临洮县红旗乡后庄村三社,,,,,103.638023,35.742210
临洮县佛光寺,汉语系,释悟音,,甘肃省,定西市,临洮县,甘肃省定西市临洮县衙下集镇杨家河村,,,,,103.836868,35.211472
临洮县宝塔寺,汉语系,窦春芝,,甘肃省,定西市,临洮县,甘肃省定西市临洮县洮阳镇广福巷75号,,,,,103.861839,35.358532
临洮县护国寺,汉语系,赵树德,,甘肃省,定西市,临洮县,甘肃省定西市临洮县衙下集镇衙下村,,,,,103.810791,35.220192
临洮县新添妙音寺,汉语系,释界满,,甘肃省,定西市,临洮县,甘肃省定西市临洮县新添镇下街村八社,,,,,103.838562,35.531754
临洮县新添释迦寺,汉语系,释崇全,,甘肃省,定西市,临洮县,甘肃省定西市临洮县新添镇下街村联丰社,,,,,103.838562,35.531754
临洮县漫洼白衣寺,汉语系,李建忠,,甘肃省,定西市,临洮县,甘肃省定西市临洮县漫洼乡漫洼村卧虎山,,,,,104.253723,35.455402
临洮县潮源寺,汉语系,杨成芳,,甘肃省,定西市,临洮县,甘肃省定西市临洮县红旗乡红旗村三社,,,,,103.572670,35.807442
临洮县灵岩寺,汉语系,石淑兰,,甘肃省,定西市,临洮县,甘肃省定西市临洮县太石镇安家咀村,,,,,103.741943,35.662182
临洮县瑞林寺,汉语系,郑鸿飞,,甘肃省,定西市,临洮县,甘肃省定西市临洮县窑店镇四十铺村杨家湾社,,,,,104.020401,35.333141
临洮县白塔寺,汉语系,陈瑞平,,甘肃省,定西市,临洮县,甘肃省定西市临洮县玉井镇白塔村,,,,,103.852737,35.322651
临洮县石景峡蟠龙寺,汉语系,王廷章,,甘肃省,定西市,临洮县,甘肃省定西市临洮县站滩乡井儿沟村,,,,,104.159309,35.524792
临洮县紫松山寺,汉语系,安志伟,,甘肃省,定西市,临洮县,甘肃省定西市临洮县南屏镇光明村,,,,,103.734344,35.183292
临洮县西岩寺,汉语系,张秀芸,,甘肃省,定西市,临洮县,甘肃省定西市临洮县洮阳镇李范家村,,,,,103.835190,35.378471
临洮县高佛寺,汉语系,王发昌,,甘肃省,定西市,临洮县,甘肃省定西市临洮县八里铺镇高庙村,,,,,103.909943,35.447941
陇西县文峰卧龙寺,汉语系,安进福,,甘肃省,定西市,陇西县,甘肃省定西市陇西县文峰镇安家门村五社,陇西卧龙寺位于陇西火车站东南5公里左右，斜对着国道30有一深沟，沟的西侧有一突起的高台，卧龙寺就建在其之上，细看如一盘卧的龙头正对着东方，上面的两棵大树恰似龙的鼻孔一样。卧龙山位于陇西县文峰镇东三十里铺，因山内有寺院---卧龙寺而得名，是当地比较著名的佛教胜地，也是休闲避暑的良好去处。,,,,104.714333,34.933720
陇西仁寿山十方寺,汉语系,释普宗,,甘肃省,定西市,陇西县,甘肃省定西市陇西县巩昌镇六一村仁寿山公园,,,,,104.620674,35.009441
陇西县巩昌镇春场释迦寺,汉语系,魏自强,,甘肃省,定西市,陇西县,甘肃省定西市陇西县巩昌镇苟家门村春场社,,,,,104.649231,34.987640
陇西县巩昌镇柴家门东林寺,汉语系,柴双海,,甘肃省,定西市,陇西县,甘肃省定西市陇西县巩昌镇柴家门村柴家门社,,,,,104.661690,35.000141
陇西县巩昌镇湾儿坪慈霖寺,汉语系,释崇应,,甘肃省,定西市,陇西县,甘肃省定西市陇西县巩昌镇李家沟门村湾儿坪社,,,,,104.648323,34.964664
陇西县巩昌镇苟家门三圣寺,汉语系,苟秉义,,甘肃省,定西市,陇西县,甘肃省定西市陇西县巩昌镇苟家门村苟家门社,,,,,104.656952,34.985661
陇西县文峰镇三台法圆寺,汉语系,张淑德,,甘肃省,定西市,陇西县,甘肃省定西市陇西县文峰镇三台村文家门社,,,,,104.728813,34.950111
陇西县文峰镇四十铺兴福寺,汉语系,释普贤,,甘肃省,定西市,陇西县,甘肃省定西市陇西县文峰镇四十铺村一社,,,,,104.695084,34.960522
陇西县通安驿镇宏法寺,汉语系,释宽德,,甘肃省,定西市,陇西县,甘肃省定西市陇西县巩昌镇冯河村凤凰山社,,,,,104.655472,34.995720
陇西县首阳广佛寺,汉语系,释崇法,,甘肃省,定西市,陇西县,甘肃省定西市陇西县首阳镇南门村大堡子社,,,,,104.435997,35.082611
岷县中寨镇郎寺,藏语系,侯旭光,,甘肃省,定西市,岷县,甘肃省定西市岷县中寨镇大哈村六社,,,,,103.948784,34.685333
岷县岷阳镇喇嘛寺,藏语系,苟建忠,,甘肃省,定西市,岷县,甘肃省定西市岷县岷阳镇民主巷1号,,,,,104.036491,34.440582
岷县梅川镇东寺,藏语系,樊学文,,甘肃省,定西市,岷县,甘肃省定西市岷县梅川镇马场村七社,,,,,104.067581,34.562004
岷县秦许乡庞家寺,藏语系,兹巴力禅,,甘肃省,定西市,岷县,甘肃省定西市岷县秦许乡桥上村三社,,,,,103.998413,34.367603
岷县维新乡洪福寺,藏语系,漆安平,,甘肃省,定西市,岷县,甘肃省定西市岷县维新乡周家村六社,,,,,103.898468,34.710522
岷县西江镇法藏寺,藏语系,丁满忠,,甘肃省,定西市,岷县,甘肃省定西市岷县西江镇甫洞村一社,,,,,104.010208,34.566761
通渭县六里汉传佛教寺,汉语系,雒伟宏,,甘肃省,定西市,通渭县,甘肃省定西市通渭县马营镇六里村营来组峻岭山,,,,,105.129799,35.321922
通渭县南屏山华严寺,汉语系,亢克义,,甘肃省,定西市,通渭县,甘肃省定西市通渭县平襄镇城关村南屏山,,,,,105.248978,35.204002
通渭县文树川汉传佛教寺,汉语系,梁树凡,,甘肃省,定西市,通渭县,甘肃省定西市通渭县榜罗镇文川村那坡社,,,,,105.000702,35.095142
渭源县五竹镇鹿泉寺,汉语系,李怀瑾,,甘肃省,定西市,渭源县,甘肃省定西市渭源县五竹镇鹿鸣村鹿泉寺,,,,,104.072838,35.029922
渭源县清源苏家窑村镇马藏寺,汉语系,释证华,,甘肃省,定西市,渭源县,甘肃省定西市渭源县清源镇苏家窑村马藏寺,,,,,104.155426,35.121788
渭源县清源镇北关村法源寺,汉语系,释悟慧,,甘肃省,定西市,渭源县,甘肃省定西市渭源县清源镇北关村法源寺,,,,,104.206818,35.130760
渭源县清源镇窵林寺,汉语系,王祥义,,甘肃省,定西市,渭源县,甘肃省定西市渭源县清源镇星光村窵林寺,,,,,104.163742,35.094749
渭源县秦祁乡普照寺,汉语系,释法一,,甘肃省,定西市,渭源县,甘肃省定西市渭源县秦祁乡杨川村东山普照寺,,,,,104.293053,35.314880
渭源县莲峰镇马鹿山大山园明寺,汉语系,释本化,,甘肃省,定西市,渭源县,甘肃省定西市渭源县莲峰镇古迹坪村大山园明寺,,,,,104.227081,34.980000
漳县宝光寺,汉语系,释照清,,甘肃省,定西市,漳县,甘肃省定西市漳县武阳镇城关村,,,,,104.467194,34.848412
漳县盐井乡盐昌寺,汉语系,董金花,,甘肃省,定西市,漳县,甘肃省定西市漳县盐井乡盐井村,,,,,104.443382,34.841442
漳县贵清山大佛寺,汉语系,李廷国,2009-08-18,甘肃省,定西市,漳县,甘肃省定西市漳县草滩乡侯家村,,,,,104.493179,34.628761
亚湖寺,藏语系,更登加措,,甘肃省,甘南藏族自治州,迭部县,甘肃省甘南藏族自治州迭部县阿夏乡亚湖寺,,,,,103.751633,33.821911
保合寺,藏语系,贡求西绕,,甘肃省,甘南藏族自治州,迭部县,甘肃省甘南藏族自治州迭部县益哇乡保合寺,,,,,103.198387,34.202770
卡坝路寺,藏语系,贡确益西,,甘肃省,甘南藏族自治州,迭部县,甘肃省甘南藏族自治州迭部县卡坝乡卡坝路寺,,,,,103.499191,34.096489
多乐寺,藏语系,尕让加措,,甘肃省,甘南藏族自治州,迭部县,甘肃省甘南藏族自治州迭部县旺藏乡多乐寺,,,,,103.709045,33.950062
巴西电尕寺,藏语系,额旺东珠,,甘肃省,甘南藏族自治州,迭部县,甘肃省甘南藏族自治州迭部县电尕镇,,,,,103.209663,34.056801
桑周寺,藏语系,索南旦增,,甘肃省,甘南藏族自治州,迭部县,甘肃省甘南藏族自治州迭部县卡坝乡桑周寺,,,,,103.499191,34.096489
然子寺,藏语系,格桑加措,,甘肃省,甘南藏族自治州,迭部县,甘肃省甘南藏族自治州迭部县多儿乡然子寺,,,,,103.889183,33.790482
白古寺,藏语系,齐加木措,,甘肃省,甘南藏族自治州,迭部县,甘肃省甘南藏族自治州迭部县多儿乡白古寺,,,,,103.907318,33.779045
纳告寺,藏语系,赛闹英西,,甘肃省,甘南藏族自治州,迭部县,甘肃省甘南藏族自治州迭部县阿夏乡纳告寺,,,,,103.692551,33.804802
苟吉寺,藏语系,桑木旦加措,,甘肃省,甘南藏族自治州,迭部县,甘肃省甘南藏族自治州迭部县达拉乡苟吉寺,,,,,103.427834,33.887241
茶古寺,藏语系,贡乔藏吉,,甘肃省,甘南藏族自治州,迭部县,甘肃省甘南藏族自治州迭部县卡坝乡茶古寺,,,,,103.499191,34.096489
藏尼寺,藏语系,桑吉加木措,,甘肃省,甘南藏族自治州,迭部县,甘肃省甘南藏族自治州迭部县洛大乡藏尼寺,,,,,103.982018,33.983608
赛当寺,藏语系,贡却达旺,,甘肃省,甘南藏族自治州,迭部县,甘肃省甘南藏族自治州迭部县桑坝乡赛当寺,,,,,103.796013,34.060101
达修寺,藏语系,更登加措,,甘肃省,甘南藏族自治州,迭部县,甘肃省甘南藏族自治州迭部县旺藏乡达修寺,,,,,103.808189,33.977161
迪岗寺,藏语系,贡却桑杰,,甘肃省,甘南藏族自治州,迭部县,甘肃省甘南藏族自治州迭部县电尕镇,,,,,103.209663,34.056801
迪让寺,藏语系,华丹加措,,甘肃省,甘南藏族自治州,迭部县,甘肃省甘南藏族自治州迭部县旺藏乡迪让寺,,,,,103.723030,33.946384
恰日寺,藏语系,旦智傲赛,,甘肃省,甘南藏族自治州,迭部县,甘肃省甘南藏族自治州迭部县达拉乡岗岭村附近,,,,,103.342117,33.864552
扎日寺,藏语系,尕让龙东,,甘肃省,甘南藏族自治州,迭部县,甘肃省甘南藏族自治州迭部县尼傲乡扎日寺,,,,,103.551353,33.958839
扎西寺,藏语系,尕让若巴,,甘肃省,甘南藏族自治州,迭部县,甘肃省甘南藏族自治州迭部县益哇乡当多扎西寺,,,,,103.033287,34.221069
拉桑寺,藏语系,藏知西绕,,甘肃省,甘南藏族自治州,迭部县,甘肃省甘南藏族自治州迭部县益哇乡拉桑寺,,,,,103.192451,34.239880
拉路佐仓寺,藏语系,勒谢加措,,甘肃省,甘南藏族自治州,迭部县,甘肃省甘南藏族自治州迭部县电尕镇拉路佐仓寺,,,,,103.256187,34.047539
措爱寺,藏语系,尕让加措,,甘肃省,甘南藏族自治州,迭部县,甘肃省甘南藏族自治州迭部县益哇乡措爱寺,,,,,103.198387,34.202770
旺藏寺,藏语系,桑杰加措,,甘肃省,甘南藏族自治州,迭部县,甘肃省甘南藏族自治州迭部县旺藏乡旺藏寺,,,,,103.607620,33.953659
那吾曲宗寺,藏语系,久美加木措,年代不详,甘肃省,甘南藏族自治州,合作市,甘肃省甘南藏族自治州合作市那吾乡那吾曲宗寺,那吾曲宗寺位於甘肃省甘南藏族自治区合作市那吾乡扎代滩，属藏传佛教寺院。,,,,102.914207,34.998821
卡加道寺,藏语系,扎杂仓,年代不详,甘肃省,甘南藏族自治州,合作市,甘肃省甘南藏族自治州合作市卡加道乡卡加道寺,卡加道寺全称为「卡加道码格撕噶丹旦派朗」，位於甘肃省甘南藏族自治区合作市卡加道乡境内，属藏传佛教格鲁派寺院。,,,,103.004089,35.120590
加茂贡寺,藏语系,老者,年代不详,甘肃省,甘南藏族自治州,合作市,甘肃省甘南藏族自治州合作市勒秀乡加茂贡寺,加茂贡寺又名加门关寺，藏语称「加茂桑珠朗寺」，意为「圣母如意洲」，坐落馀甘肃省甘南藏族自治区合作市加茂贡乡境内，属藏传佛教寺院。[1],,,,103.094559,34.741821
乔吾塘寺,藏语系,勒知布,,甘肃省,甘南藏族自治州,合作市,甘肃省甘南藏族自治州合作市勒秀乡乔吾塘寺,,,,,102.978683,34.677750
二郎庙,汉语系,王学仁,,甘肃省,甘南藏族自治州,合作市,甘肃省甘南藏族自治州合作市坚木克尔街道办,,,,,102.913162,35.000500
佐盖嘎尔娘寺,藏语系,智华加措,,甘肃省,甘南藏族自治州,合作市,甘肃省甘南藏族自治州合作市佐盖曼玛乡嘎尔娘寺,,,,,103.053780,34.990429
佐盖嘎斯尔寺,藏语系,兰知,,甘肃省,甘南藏族自治州,合作市,甘肃省甘南藏族自治州合作市佐盖多玛乡新寺行政村,,,,,103.130249,35.057301
卡加曼寺,藏语系,旦增加措,,甘肃省,甘南藏族自治州,合作市,甘肃省甘南藏族自治州合作市卡加曼乡卡加曼寺,,,,,102.916054,35.088070
合作寺,藏语系,加洋来合西,,甘肃省,甘南藏族自治州,合作市,甘肃省甘南藏族自治州合作市那吾乡合作寺,,,,,102.914215,34.998737
吉利寺,藏语系,金巴,,甘肃省,甘南藏族自治州,合作市,甘肃省甘南藏族自治州合作市勒秀乡吉利寺,,,,,102.995384,34.795582
多河寺,藏语系,更登加木措,,甘肃省,甘南藏族自治州,合作市,甘肃省甘南藏族自治州合作市那吾乡多河寺,,,,,102.914215,34.998737
岗岔寺,藏语系,贡去乎加木措,,甘肃省,甘南藏族自治州,合作市,甘肃省甘南藏族自治州合作市佐盖曼玛乡岗岔寺,,,,,103.041504,35.068340
日多玛寺,藏语系,曲加措,,甘肃省,甘南藏族自治州,合作市,甘肃省甘南藏族自治州合作市佐盖多玛乡仁多玛行政村,,,,,103.130150,34.948353
曲宗红教寺,藏语系,太卜丹,,甘肃省,甘南藏族自治州,合作市,甘肃省甘南藏族自治州合作市那吾乡曲宗红教寺,,,,,102.914215,34.998737
侯家寺,藏语系,嘉羊松旦,年代不详,甘肃省,甘南藏族自治州,临潭县,甘肃省甘南藏族自治州临潭县流顺乡上寨村,候显（洪保希绕），藏族．祖籍为今甘肃省甘南藏族自治州临潭县流顺乡寺底下村，是明代初期一位杰出的少数民族外交使者，曾“五使绝城”．出使尼八刺，榜葛拉等国．并引进长颈鹿到中国。“劳绩与郑和亚”．被封为“月巴桑主林僧正”，回籍宏扬佛教．侯家寺因候姓得名，传承十余代，属古洮州地区政教合一的藏传佛教寺院之一。,,,,103.545502,34.649422
慈云寺,汉语系,王海,年代不详,甘肃省,甘南藏族自治州,临潭县,甘肃省甘南藏族自治州临潭县城关镇东城角,慈云寺位于甘肃甘南州临潭县县城东的一座小山上，一座庄严雄伟，古典式殿宇群落，这就是1998年移址重建的汉传佛教丛林‘慈云寺’。慈云寺主体由大雄宝殿、天王殿、观音殿、地藏殿，客堂、僧舍、斋堂等附属建筑物，以及正在规划修建的藏经楼和山门等建筑组成。从寺院的建筑规模和信教人数来说，也是甘南州汉传佛教最大的道场,,,,103.358688,34.687038
江可寺,藏语系,尕藏加措,,甘肃省,甘南藏族自治州,临潭县,甘肃省甘南藏族自治州临潭县术布乡亦子多村东主那社,,,,,103.294548,34.617710
玛奴寺,藏语系,洛桑加措,,甘肃省,甘南藏族自治州,临潭县,甘肃省甘南藏族自治州临潭县术布乡阳坡庄村,,,,,103.560814,34.648724
慧峰寺,汉语系,李喜林,,甘肃省,甘南藏族自治州,临潭县,甘肃省甘南藏族自治州临潭县冶力关镇关街村,,,,,103.660011,34.962860
郎木寺,藏语系,罗卜藏加措,,甘肃省,甘南藏族自治州,碌曲县,甘肃省甘南藏族自治州碌曲县郎木赛赤寺,郎木寺具体是一个地域名称，它包括甘南藏族自治州碌曲县下辖的郎木寺镇和四川省若尔盖县红星乡下辖的郎木寺村。郎木寺同时也是四川格鲁派寺庙达仓郎木格尔底寺的简称。在郎木寺沟里有两个隔河相望的寺庙：一座是四川的达仓郎木格尔底寺，另一座是甘肃的赛赤寺。郎木寺的发源地是四川境内的郎木寺大峡谷，在峡谷内有郎木洞、虎穴、和白龙江源头。到郎木寺旅游郎木寺大峡谷是必须要去的！不然你就看不到郎木寺的真谛！,,,,102.630554,34.093216
丁果寺,藏语系,金巴加措,,甘肃省,甘南藏族自治州,碌曲县,甘肃省甘南藏族自治州碌曲县阿拉乡丁果寺,,,,,102.888344,34.625534
双岔日朝,藏语系,俄项达吉,,甘肃省,甘南藏族自治州,碌曲县,甘肃省甘南藏族自治州碌曲县尕海乡双岔日朝,,,,,102.367531,34.257893
吉扎寺,藏语系,尕藏宗者,,甘肃省,甘南藏族自治州,碌曲县,甘肃省甘南藏族自治州碌曲县阿拉乡吉扎寺,,,,,102.864670,34.612564
多松多寺,藏语系,彭次合,,甘肃省,甘南藏族自治州,碌曲县,甘肃省甘南藏族自治州碌曲县双岔乡多松多寺,,,,,102.829620,34.562748
毛日寺,藏语系,尕藏热布吉,,甘肃省,甘南藏族自治州,碌曲县,甘肃省甘南藏族自治州碌曲县双岔乡毛日寺,,,,,102.776749,34.525520
西仓寺,藏语系,霍尔仓,,甘肃省,甘南藏族自治州,碌曲县,甘肃省甘南藏族自治州碌曲县西仓寺,,,,,102.566238,34.574039
拉仁关旧寺,藏语系,卡西仓,,甘肃省,甘南藏族自治州,碌曲县,甘肃省甘南藏族自治州碌曲县拉仁关旧寺,,,,,102.618233,34.515060
旺藏寺,藏语系,尕藏加措,,甘肃省,甘南藏族自治州,碌曲县,甘肃省甘南藏族自治州碌曲县双岔乡旺藏寺,,,,,102.829620,34.562748
娘玛寺,藏语系,昂佐,年代不详,甘肃省,甘南藏族自治州,玛曲县,甘肃省甘南藏族自治州玛曲县阿万仓乡,又称努尔玛寺，藏语全称「桑俄塔尔哇朗」，意为「密乘解脱洲」，位於甘肃省甘南藏族自治州玛曲县阿万仓乡境内。属藏传佛教格鲁派寺院。,,,,101.699432,33.770142
夏秀寺,藏语系,罗周,年代不详,甘肃省,甘南藏族自治州,玛曲县,甘肃省甘南藏族自治州玛曲县曼日玛乡,夏秀寺，全称为「夏秀噶丹夏扎西琼内朗」，汉语为「夏秀寺具嘉论修吉祥之源洲」，坐落於甘肃省甘南藏族自治洲玛曲县曼日玛乡境内，属藏传佛教格鲁派寺院。,,,,102.069473,33.651375
乃玛寺,藏语系,更登加措,年代不详,甘肃省,甘南藏族自治州,玛曲县,甘肃省甘南藏族自治州玛曲县采日玛乡,乃玛寺藏语全称为「桑俄塔尔哇朗」，意为「密乘解脱洲」。位於甘肃省甘南藏族自治州玛曲县采日玛乡乃玛大队，属藏传佛教格鲁派寺院。,,,,102.097054,33.364342
参智合寺,藏语系,旦巴加措,年代不详,甘肃省,甘南藏族自治州,玛曲县,甘肃省甘南藏族自治州玛曲县曼日玛乡,参智合寺全称「参智合贡噶丹扎西群培朗」，汉语意为「具喜吉祥兴法洲」，坐落於甘肃省甘南藏族自治州玛曲县采日玛乡境内，属藏传佛教寺院。,,,,102.069473,33.651375
外香寺,藏语系,扎西加措,,甘肃省,甘南藏族自治州,玛曲县,甘肃省甘南藏族自治州玛曲县尼玛镇,,,,,102.076828,33.994801
年图寺,藏语系,久美加措,,甘肃省,甘南藏族自治州,玛曲县,甘肃省甘南藏族自治州玛曲县欧拉乡,,,,,101.723778,34.075272
木拉寺,藏语系,更登加木措,,甘肃省,甘南藏族自治州,玛曲县,甘肃省甘南藏族自治州玛曲县木西合乡,,,,,101.245010,33.754230
萨玛寺,藏语系,更登加措,,甘肃省,甘南藏族自治州,玛曲县,甘肃省甘南藏族自治州玛曲县阿万仓乡,,,,,101.699432,33.770142
西合强寺,藏语系,洛桑宗珠,,甘肃省,甘南藏族自治州,玛曲县,甘肃省甘南藏族自治州玛曲县木西合乡,,,,,101.245010,33.754230
采日玛寺,藏语系,洛桑丹增,,甘肃省,甘南藏族自治州,玛曲县,甘肃省甘南藏族自治州玛曲县采日玛乡,,,,,102.097054,33.364342
扎西曲朗寺,藏语系,格列嘉措,,甘肃省,甘南藏族自治州,玛曲县,甘肃省甘南藏族自治州玛曲县齐哈玛乡,,,,,101.955551,33.399200
作海寺,藏语系,丹贝达瓦,年代不详,甘肃省,甘南藏族自治州,夏河县,甘肃省甘南藏族自治州夏河县甘加乡作海行政村作海村,作海寺位于甘肃省甘南藏族自治州夏河县甘加草原境内，海拔2900米，作海寺坐落在风光优美的大象山之怀，依山而建，坐北朝南，北面的靠山如大象般傲然而居。周围风景独特，丘山环绕，无比旖旎的自然风光与独特的风水格局，突显出作海寺吉祥的天然宝地。典型的高原气候，春、夏、秋略短，冬季稍长，四季蓝天白云，风景怡人。寺院占地面积61亩，距夏河县城有33公里，交通便利。,,,,102.586418,35.377819
扎油寺,藏语系,切加木措,年代不详,甘肃省,甘南藏族自治州,夏河县,甘肃省甘南藏族自治州夏河县扎油乡中扎油村,扎油寺藏语称「扎油寺噶丹群培林」，位於甘肃省甘南藏族自治区夏河县扎油乡境内，属藏传佛教寺院。,,,,102.778694,34.989403
拉卜楞寺,藏语系,贡却乎金巴,年代不详,甘肃省,甘南藏族自治州,夏河县,甘肃省甘南藏族自治州夏河县拉卜楞镇,拉卜楞寺，位于甘肃省甘南藏族自治州夏河县，藏语全称为：“噶丹夏珠达尔吉扎西益苏奇具琅”，意思为具喜讲修兴吉祥右旋寺。简称扎西奇寺，一般称为拉卜楞寺。拉卜楞寺是藏语“拉章”的变音，意思为活佛大师的府邸。是藏传佛教格鲁派六大寺院之一，被世界誉为“世界藏学府”。鼎盛时期，僧侣达到4000余人，1980年对外开放旅游。[1],是,,国家AAAA级旅游景区,102.520363,35.196522
博拉寺,藏语系,成来加措,,甘肃省,甘南藏族自治州,夏河县,甘肃省甘南藏族自治州夏河县博拉乡加科村,,,,,102.679237,34.933281
吉仓寺,藏语系,尕藏桑杰,,甘肃省,甘南藏族自治州,夏河县,甘肃省甘南藏族自治州夏河县吉仓乡高四木村,,,,,102.827202,34.717552
唐赛尔寺,藏语系,达尔吉,,甘肃省,甘南藏族自治州,夏河县,甘肃省甘南藏族自治州夏河县吉仓乡木道行政村加科村,,,,,102.827202,34.717552
孜合孜寺,藏语系,更登,,甘肃省,甘南藏族自治州,夏河县,甘肃省甘南藏族自治州夏河县麻当乡孜合孜村,,,,,102.774277,35.308952
曼隆寺,藏语系,更尕坚措,,甘肃省,甘南藏族自治州,夏河县,甘肃省甘南藏族自治州夏河县唐尕昂乡麻龙村,,,,,102.916229,35.195522
果哇塘红教寺,藏语系,娘其合加,,甘肃省,甘南藏族自治州,夏河县,甘肃省甘南藏族自治州夏河县麻当乡孜合孜行政村,,,,,102.782227,35.317448
格德寺,藏语系,贡却旦巴,,甘肃省,甘南藏族自治州,夏河县,甘肃省甘南藏族自治州夏河县麻当乡孜合孜行政村,,,,,102.782227,35.317448
甘加白石崖寺,藏语系,贡去乎金巴,,甘肃省,甘南藏族自治州,夏河县,甘肃省甘南藏族自治州夏河县甘加乡八角行政村,,,,,102.575241,35.396149
甘坪寺,藏语系,西日布,,甘肃省,甘南藏族自治州,夏河县,甘肃省甘南藏族自治州夏河县甘加乡仁艾行政村,,,,,102.419670,35.387630
科才寺,藏语系,罗者金巴,,甘肃省,甘南藏族自治州,夏河县,甘肃省甘南藏族自治州夏河县科才乡赞布宁行政村尕高村,,,,,102.227974,34.636597
荣悟寺,藏语系,毛兰加措,,甘肃省,甘南藏族自治州,夏河县,甘肃省甘南藏族自治州夏河县唐尕昂乡让吾道村,,,,,102.770538,35.155052
那木拉嘎寺,藏语系,扎西加措,,甘肃省,甘南藏族自治州,夏河县,甘肃省甘南藏族自治州夏河县王格尔塘镇崖玉村,,,,,102.801018,35.272202
阿木去乎寺,藏语系,智华尖措,,甘肃省,甘南藏族自治州,夏河县,甘肃省甘南藏族自治州夏河县阿木去乎镇得毛塘,,,,,102.687660,34.811604
阿木去乎红教寺,藏语系,索南尖措,,甘肃省,甘南藏族自治州,夏河县,甘肃省甘南藏族自治州夏河县阿木去乎镇得毛塘,,,,,102.687660,34.811604
麦加寺,藏语系,宗智,,甘肃省,甘南藏族自治州,夏河县,甘肃省甘南藏族自治州夏河县吉仓乡麦加村,,,,,102.770607,34.709881
德尔隆寺,藏语系,根顿群培,,甘肃省,甘南藏族自治州,夏河县,甘肃省甘南藏族自治州夏河县王格尔塘镇德尔隆寺,,,,,102.792152,35.220093
扎西寺,藏语系,罗桑坚措,,甘肃省,甘南藏族自治州,夏河县,甘肃省甘南藏族自治州夏河县唐尕昂乡高吉拉卡村,,,,,102.660301,35.392002
拉卜楞尼姑寺,藏语系,云登草毛,,甘肃省,甘南藏族自治州,夏河县,甘肃省甘南藏族自治州夏河县拉卜楞镇九甲行政村王府村,,,,,102.503571,35.187622
拉卜楞洒乙昂尼姑寺,藏语系,尕藏草毛,,甘肃省,甘南藏族自治州,夏河县,甘肃省甘南藏族自治州夏河县拉卜楞镇河南村社区,,,,,102.537621,35.187531
拉卜楞红教寺,藏语系,桑吉东智,,甘肃省,甘南藏族自治州,夏河县,甘肃省甘南藏族自治州夏河县拉卜楞红教寺自然村,,,,,102.520363,35.196522
拉却布寺,藏语系,更登,,甘肃省,甘南藏族自治州,夏河县,甘肃省甘南藏族自治州夏河县达麦乡拉却布寺,,,,,102.628105,35.195087
晒经滩寺,藏语系,旦增,,甘肃省,甘南藏族自治州,夏河县,甘肃省甘南藏族自治州夏河县曲奥乡清水行政村晒经滩村,,,,,102.879845,35.364513
亚下寺,藏语系,李怕国,,甘肃省,甘南藏族自治州,舟曲县,甘肃省甘南藏族自治州舟曲县武坪乡亚下村,,,,,104.333374,33.614651
八楞寺,藏语系,郭炳成,,甘肃省,甘南藏族自治州,舟曲县,甘肃省甘南藏族自治州舟曲县八楞乡政府所在地,,,,,104.519188,33.597477
勒地寺,藏语系,高学海,,甘肃省,甘南藏族自治州,舟曲县,甘肃省甘南藏族自治州舟曲县南峪乡勒地村,,,,,104.362877,33.713543
吾别寺,藏语系,高万曼次,,甘肃省,甘南藏族自治州,舟曲县,甘肃省甘南藏族自治州舟曲县武坪乡吾别村,,,,,104.364204,33.612453
吾德寺,藏语系,黄旺斗,,甘肃省,甘南藏族自治州,舟曲县,甘肃省甘南藏族自治州舟曲县果耶乡吾德村,,,,,104.435944,33.647110
嘎尔寺,藏语系,高奇毕,,甘肃省,甘南藏族自治州,舟曲县,甘肃省甘南藏族自治州舟曲县插岗乡嘎尔村,,,,,104.348351,33.580219
嘎麦诺寺,藏语系,杨贵青,,甘肃省,甘南藏族自治州,舟曲县,甘肃省甘南藏族自治州舟曲县峰迭乡嘎麦诺村,,,,,104.225647,33.825291
宾格寺,藏语系,李下粗,,甘肃省,甘南藏族自治州,舟曲县,甘肃省甘南藏族自治州舟曲县巴藏乡后北山村,,,,,104.060722,33.967342
尖吉寺,藏语系,金次主,,甘肃省,甘南藏族自治州,舟曲县,甘肃省甘南藏族自治州舟曲县博峪乡尖吉村,,,,,104.405983,33.415142
布迪寺,藏语系,尹正海,,甘肃省,甘南藏族自治州,舟曲县,甘肃省甘南藏族自治州舟曲县峰迭乡布子村,,,,,104.249512,33.807610
木耳寺,藏语系,曹双过,,甘肃省,甘南藏族自治州,舟曲县,甘肃省甘南藏族自治州舟曲县曲告纳乡木耳村,,,,,104.629753,33.431263
杰迪寺,藏语系,杨贡布,,甘肃省,甘南藏族自治州,舟曲县,甘肃省甘南藏族自治州舟曲县立节乡杰迪村,,,,,104.118080,33.886913
果耶寺,藏语系,许旺生,,甘肃省,甘南藏族自治州,舟曲县,甘肃省甘南藏族自治州舟曲县果耶乡果耶村,,,,,104.438629,33.646980
那下寺,藏语系,李干干,,甘肃省,甘南藏族自治州,舟曲县,甘肃省甘南藏族自治州舟曲县武坪乡那下村,,,,,104.340141,33.595661
阳山寺,藏语系,雷小生,,甘肃省,甘南藏族自治州,舟曲县,甘肃省甘南藏族自治州舟曲县江盘乡阳山村,,,,,104.367928,33.782921
阿吾寺,藏语系,刘洋代,,甘肃省,甘南藏族自治州,舟曲县,甘肃省甘南藏族自治州舟曲县曲告纳乡下后子村,,,,,104.629753,33.431263
阿木族寺,藏语系,王先作,,甘肃省,甘南藏族自治州,舟曲县,甘肃省甘南藏族自治州舟曲县曲告纳乡阿木族村,,,,,104.629753,33.431263
黑峪寺,藏语系,开智加措,,甘肃省,甘南藏族自治州,舟曲县,甘肃省甘南藏族自治州舟曲县憨班乡黑峪村,,,,,104.183968,33.918201
恰瓦寺,藏语系,韩边玛扎西,,甘肃省,甘南藏族自治州,舟曲县,甘肃省甘南藏族自治州舟曲县插岗乡插岗村,,,,,104.419411,33.529770
拱玫寺,藏语系,赵桑在,,甘肃省,甘南藏族自治州,舟曲县,甘肃省甘南藏族自治州舟曲县拱坝乡拱玫村,,,,,104.534637,33.481529
斜坡寺,藏语系,牟如得,,甘肃省,甘南藏族自治州,舟曲县,甘肃省甘南藏族自治州舟曲县八楞乡斜坡村,,,,,104.532753,33.579029
知知寺,藏语系,阿旺加措,年代不详,甘肃省,甘南藏族自治州,卓尼县,甘肃省甘南藏族自治州卓尼县卡尔钦乡知知寺,知知寺全称为治治寺夏珠格培朗，位於甘肃省甘南藏族自治州卓尼县卡车乡境内。,,,,103.332687,34.488472
旗布寺,藏语系,洛桑初陈,年代不详,甘肃省,甘南藏族自治州,卓尼县,甘肃省甘南藏族自治州卓尼县木耳镇旗布寺,寺院原建於甘肃省甘南藏族自治州卓尼县木耳乡大峪沟西曲果地方，後迁至曲宝滩，以後村名相沿成寺名，「旗布寺」为其谐音。属藏传佛教格鲁派寺院。,,,,103.584824,34.403851
恰盖寺,藏语系,东珠,年代不详,甘肃省,甘南藏族自治州,卓尼县,甘肃省甘南藏族自治州卓尼县恰盖乡温布滩村恰盖寺,恰盖寺，藏语称“勒雪林”，意为“善言洲”。位于甘肃省甘南藏族自治州卓尼县恰盖乡境内，属藏传佛教格鲁派寺院。由噶居．敦约嘉措於藏历第十绕迥火猪年（西元一五八七年，明万历十五年），遵照西藏卫地的一位格西授记所建。,,,,103.460571,34.842163
牛营寺,藏语系,后永娃,年代不详,甘肃省,甘南藏族自治州,卓尼县,甘肃省甘南藏族自治州卓尼县藏巴哇乡牛营寺,牛营寺藏语称夏那合寺，位於甘肃省甘南藏族自治州卓尼县柏林乡石达村，属藏传佛教格鲁派寺院。,,,,103.959885,34.750214
杓哇寺,藏语系,黄开智,年代不详,甘肃省,甘南藏族自治州,卓尼县,甘肃省甘南藏族自治州卓尼县杓哇乡大庄村杓哇寺,杓哇寺，藏语称为“杓哇克珠林”，意思是“杓哇贤哲洲”，是藏传佛教格鲁派寺院。,,,,103.576424,34.981792
多玛寺,藏语系,慈正加措,,甘肃省,甘南藏族自治州,卓尼县,甘肃省甘南藏族自治州卓尼县康多乡多玛寺,,,,,103.539139,35.032211
康多寺,藏语系,扎西加措,,甘肃省,甘南藏族自治州,卓尼县,甘肃省甘南藏族自治州卓尼县康多乡白土咀村,,,,,103.539284,35.034142
康木车红教寺,藏语系,三大肖,,甘肃省,甘南藏族自治州,卓尼县,甘肃省甘南藏族自治州卓尼县完冒乡康木车红教寺,,,,,103.211449,34.737473
沙冒寺,藏语系,旦达加措,,甘肃省,甘南藏族自治州,卓尼县,甘肃省甘南藏族自治州卓尼县完冒乡沙冒村,,,,,103.202980,34.799660
牙当寺,藏语系,桑杰加措,,甘肃省,甘南藏族自治州,卓尼县,甘肃省甘南藏族自治州卓尼县阿子滩乡牙当寺,,,,,103.293114,34.670403
牙路寺,藏语系,扎西加措,,甘肃省,甘南藏族自治州,卓尼县,甘肃省甘南藏族自治州卓尼县扎古录镇牙路村,,,,,103.188919,34.652851
石门寺,藏语系,包指代九,,甘肃省,甘南藏族自治州,卓尼县,甘肃省甘南藏族自治州卓尼县洮砚乡石门寺,,,,,103.819862,34.770973
禅定寺,藏语系,格桑加措,,甘肃省,甘南藏族自治州,卓尼县,甘肃省甘南藏族自治州卓尼县柳林镇四台子村禅定寺,,,,,103.506958,34.592972
贡巴寺,藏语系,喇嘛噶绕仓,,甘肃省,甘南藏族自治州,卓尼县,甘肃省甘南藏族自治州卓尼县刀告乡贡巴寺,,,,,103.129868,34.503166
达扎寺,藏语系,尕藏塔醒,,甘肃省,甘南藏族自治州,卓尼县,甘肃省甘南藏族自治州卓尼县扎古录镇达扎寺,,,,,103.188919,34.652851
郭达苯教寺,藏语系,旦知加措,,甘肃省,甘南藏族自治州,卓尼县,甘肃省甘南藏族自治州卓尼县扎古录镇郭达苯教寺,,,,,103.188919,34.652851
阿考直嘎尔寺,藏语系,其加措,,甘肃省,甘南藏族自治州,卓尼县,甘肃省甘南藏族自治州卓尼县完冒乡阿考直嘎尔寺,,,,,103.202980,34.799660
嘉峪关市护国寺,汉语系,释道戒,,甘肃省,嘉峪关市,,甘肃省嘉峪关市兰新西路66号,嘉峪关护国寺始建于明代。明洪武五年（公元1372年），征虏大将军冯胜建嘉峪关城。明正德元年（1506年）以后，在关城东面广场北侧（现今东闸门内）自西向东陆续修建有护国寺、财神庙、相子庙、鲁班庙、老君庙、马王庙等十多座楼观庙宇，鳞次栉比，香火旺盛。清乾隆七年（公元1742年），陶千驻守嘉峪关时，曾与护国寺住持禅僧性恺发动众人捐资重修，于乾隆二十五年（公元1762年）刻石碑记载，并鼓励后人继承发扬此等善举。,,,,98.238042,39.797555
金川区孩母寺,汉语系,释演行,,甘肃省,金昌市,金川区,甘肃省金昌市金川区宁远堡镇亥母山,,,,,102.183655,38.492962
金川区感恩寺,汉语系,释圆智,,甘肃省,金昌市,金川区,甘肃省金昌市金川区宁远堡镇西坡村三组,,,,,102.171288,38.517162
金川区法云寺,汉语系,释道吉,,甘肃省,金昌市,金川区,甘肃省金昌市金川区天津路,,,,,102.183113,38.526230
金川区金佛寺,汉语系,释宽觉,,甘肃省,金昌市,金川区,甘肃省金昌市金川区宁远堡镇山湾村,,,,,102.134071,38.421562
永昌县金山寺,汉语系,释开目,,甘肃省,金昌市,永昌县,甘肃省金昌市永昌县焦家庄乡骊靬村以北,金山寺前身为百年古寺黄毛寺，位于甘肃省金昌市永昌县骊靬古城附近，距永昌县城15公里。由浙江东天目山居士齐素萍筹资建寺，于2011年在原位于骊靬古城遗址黄毛寺旧址上恢复重建。总占地面积93231㎡，主要建筑有大雄宝殿、天王殿、钟鼓楼、地藏殿等建筑，总建筑面积18098.76㎡。2012年8月，由金昌市民族宗教事务委员会批复同意，为佛教固定活动处所，定名为“金山寺”。现有宗教教职人员10人，常住居士100余人。,,,,101.871643,38.195084
云转寺,汉语系,释昌通,,甘肃省,金昌市,永昌县,甘肃省金昌市永昌县南坝乡,,,,,102.102913,38.107513
五佛寺,汉语系,释法成,,甘肃省,金昌市,永昌县,甘肃省金昌市永昌县城关镇北海子村,,,,,101.979858,38.257549
大觉寺,汉语系,释演德,,甘肃省,金昌市,永昌县,甘肃省金昌市永昌县城关镇北海子村,,,,,101.979858,38.257549
御山圣容寺,汉语系,释宽宏,,甘肃省,金昌市,永昌县,甘肃省金昌市永昌县城关镇金川西村,,,,,101.962570,38.325043
普济寺,汉语系,马银国,,甘肃省,金昌市,永昌县,甘肃省金昌市永昌县城关镇北海子村四社,,,,,101.979858,38.257549
敦煌雷音寺,汉语系,道证,,甘肃省,酒泉市,敦煌市,甘肃省酒泉市敦煌市城南敦月路4公里处,雷音寺位于敦煌市至鸣沙山月牙泉风景区公路的左侧，距市区约4公里。传说古时在月牙泉附近有雷音寺，后被风沙所埋。1989年，由国内外佛教团体和敦煌市佛教协会捐赠，重建了雷音寺。1991年6月落成开光，并对游人开放。雷音寺原名解脱庵，亦名观音堂。明嘉靖六年（公元1527年）无瑕禅师创建，清光绪十年（公元1884年）重建。取“佛音说法，声如雷震”的意思，改名雷音寺。,,,,94.675262,40.097939
敦煌市普光寺,汉语系,道证,,甘肃省,酒泉市,敦煌市,甘肃省酒泉市敦煌市七里镇白马塔村二组,,,,,94.643753,40.129642
敦煌市观音井,汉语系,道证,,甘肃省,酒泉市,敦煌市,甘肃省酒泉市敦煌市莫高镇三危山村,,,,,94.875427,40.075970
敦煌弥陀寺,汉语系,王中国,,甘肃省,酒泉市,敦煌市,甘肃省酒泉市敦煌市阳关镇寿昌村四组,,,,,94.097473,39.911270
敦煌鸣山佛爷庙,汉语系,显提,,甘肃省,酒泉市,敦煌市,甘肃省酒泉市敦煌市月牙泉镇鸣山村四组,,,,,94.691391,40.104702
瓜州县三道沟天元寺,汉语系,胡登耀,,甘肃省,酒泉市,瓜州县,甘肃省酒泉市瓜州县三道沟镇东湖村六组,,,,,96.881889,40.478741
瓜州县南岔截山佛寺,汉语系,赵生辉,,甘肃省,酒泉市,瓜州县,甘肃省酒泉市瓜州县南岔镇安敦路南岔路口南山半山,,,,,95.664719,40.409554
瓜州县安宁寺,汉语系,释慧海,,甘肃省,酒泉市,瓜州县,甘肃省酒泉市瓜州县渊泉镇福利巷社区207号,,,,,95.785751,40.513462
金塔县金塔寺,汉语系,理真,,甘肃省,酒泉市,金塔县,甘肃省酒泉市金塔县金塔镇塔院村三组,,,,,98.916718,39.968651
金塔县青山寺,汉语系,理真,,甘肃省,酒泉市,金塔县,甘肃省酒泉市金塔县鸳鸯池水管所驻地,,,,,98.836769,39.906921
肃北县党城湾寺,藏语系,红旗,,甘肃省,酒泉市,肃北蒙古族自治县,甘肃省酒泉市肃北蒙古族自治县南环路南侧,,,,,94.876840,39.512440
肃州区红山西坪观音庙,汉语系,张国明,,甘肃省,酒泉市,肃州区,甘肃省酒泉市肃州区金佛寺镇西寨村一组,,,,,98.658279,39.474873
肃州区西洞洪水河佛洞庙,汉语系,崔永钢,,甘肃省,酒泉市,肃州区,甘肃省酒泉市肃州区西洞镇新三村,,,,,98.391510,39.605461
酒泉大法幢寺,汉语系,释理顺,,甘肃省,酒泉市,肃州区,甘肃省酒泉市肃州区果园乡高闸沟5队,,,,,98.517540,39.770229
酒泉法幢庵,汉语系,释理宏,,甘肃省,酒泉市,肃州区,甘肃省酒泉市肃州区雄关路1号,,,,,98.497925,39.745243
玉门市花海镇花海新华寺,汉语系,殷金桂,,甘肃省,酒泉市,玉门市,甘肃省酒泉市玉门市花海镇南渠村,,,,,97.747910,40.299931
玉门市赤金红山寺,汉语系,李淑珍,,甘肃省,酒泉市,玉门市,甘肃省酒泉市玉门市赤金镇光明村三组,,,,,97.426949,40.012032
安宁区报恩寺,汉语系,释普正,,甘肃省,兰州市,安宁区,甘肃省兰州市安宁区沙井驿街道沙井驿村,,,,,103.624924,36.149101
城关区普照寺,汉语系,释理旭,,甘肃省,兰州市,城关区,甘肃省兰州市城关区伏龙坪街道头营村,兰州普照寺，始建于唐太宗贞观年间（约627－－649），在宋、元、明、清各代均有修葺。遗址在今兰州市武都路中段的兰园少年宫。昔日全盛时，殿宇雄伟、塑像精美、文物荟萃、为兰州诸寺院之冠。寺内藏有历代经卷6358卷，其中公元1419年刻印的《永乐南藏》638函，现藏于甘肃省图书馆。,,,,103.810300,36.049010
城关区佛光寺,汉语系,释显成,,甘肃省,兰州市,城关区,甘肃省兰州市城关区伏龙坪街道自强沟27号,,,,,103.810300,36.049010
城关区卧佛寺,汉语系,释理愿,,甘肃省,兰州市,城关区,甘肃省兰州市城关区五泉山公园内,,,,,103.829704,36.039852
城关区双林净院,汉语系,释成琳,,甘肃省,兰州市,城关区,甘肃省兰州市城关区伏龙坪街道前街104号,,,,,103.810300,36.049010
城关区嘛呢寺,藏语系,应巴,,甘肃省,兰州市,城关区,甘肃省兰州市城关区五泉山公园内,,,,,103.829704,36.039852
城关区文殊院,藏语系,尕藏旦增,,甘肃省,兰州市,城关区,甘肃省兰州市城关区张掖路街道山字石街12号,,,,,103.828920,36.060510
城关区普陀寺,汉语系,释显法,,甘肃省,兰州市,城关区,甘肃省兰州市城关区枣树沟18号徐家山森林公园,,,,,103.864754,36.101822
城关区法雨寺,汉语系,释显愿,,甘肃省,兰州市,城关区,甘肃省兰州市城关区白塔山公园内,,,,,103.816902,36.068199
城关区浚源寺,汉语系,释理因,,甘肃省,兰州市,城关区,甘肃省兰州市城关区五泉山公园内,,,,,103.829704,36.039852
城关区玉佛寺,汉语系,释僧莲,,甘肃省,兰州市,城关区,甘肃省兰州市城关区静宁南路181号,,,,,103.830304,36.050236
城关区福慧寺,汉语系,释显林,,甘肃省,兰州市,城关区,甘肃省兰州市城关区草场街街道五一山新村,,,,,103.832451,36.084354
城关区隆济禅院,汉语系,释圣定,,甘肃省,兰州市,城关区,甘肃省兰州市城关区靖远路王保保城229号,,,,,103.822060,36.069649
城关区静觉禅院,汉语系,释仁莲,,甘肃省,兰州市,城关区,甘肃省兰州市城关区伏龙坪街道杨家沟32号,,,,,103.810300,36.049010
皋兰县石洞寺,汉语系,释理严,,甘肃省,兰州市,皋兰县,甘肃省兰州市皋兰县石洞镇魏家庄村,,,,,103.960434,36.313492
红古区平安镇永宁寺,藏语系,康华惠,,甘肃省,兰州市,红古区,甘肃省兰州市红古区平安镇张家寺村,位于平安乡张家寺村“寺洼”果园以北，座北朝南。永宁寺建筑宏大，气势雄伟。四周是高达7米的土堡，底宽2.5米，顶宽1.5米。寺前30米处有照牌，长约8米，高5米，底厚1米，上厚0.8米，北为正面，饰“龙凤呈祥”图案，做工精细，是西北地区少见，北碑毁于1962年。建有山门，有石狮一对。山门以北是三间过厅，塑有佛像。内院正中有方形香炉一座。北大殿为正殿，供奉释加牟尼佛祖、准提佛、燃灯佛、弥勒佛、接引佛、准提、如来、旦真、观音、千眼千年佛、鹰嘴、西牛、六臂、轱辘单千四大护法、十八罗汉等，共有360个正神，均为彩塑饰金，称“全神殿”。东西大殿为对称建筑，各三间。三座大殿相互对应，后墙均离开堡墙近2米，与过厅组成四合开式大院。寺内西南角有灶房四间，内有大、二、三、四号锅。寺内有如意塔二座，高约二尺。铸铁钟两口（大钟口径4尺，小钟口径2.6尺）。藏文大经24部，小经24部，每部大经重60斤，小经重20斤。寺东槐树处（原名叫“塌方湾”）有五座方形砖塔，塔高1.8米。清顺治年间焚毁，后重修。清乾隆四十六年（1781年）毁于兵燹，清嘉庆十三年（1808年）又重修。清同治四年（1865年）十一月二十五日又毁于兵燹，仅存寺前照碑。民国7年（1918年）北大殿原址上修了三间经堂，其规模远不如以前，这次重修改名为“张家寺”。在明、清时期，曾与皋兰“石洞寺”、夏“拉卜楞寺”为三大佛教圣地。,,,,103.281731,36.168301
红古区平安镇观音寺,汉语系,唐占禄,,甘肃省,兰州市,红古区,甘肃省兰州市红古区平安镇复兴村,,,,,103.296303,36.163292
红古区窑街宣济寺,汉语系,巨有财,,甘肃省,兰州市,红古区,甘肃省兰州市红古区窑街街道大砂村,,,,,102.878281,36.437332
红古区红古乡八蛮寺,藏语系,张志清,,甘肃省,兰州市,红古区,甘肃省兰州市红古区红古乡水车湾村,,,,,102.980042,36.284122
红古区花庄镇宝山寺,藏语系,王长才,,甘肃省,兰州市,红古区,甘肃省兰州市红古区花庄镇王家庄村,,,,,103.066948,36.236305
七里河区八里镇天都山寺,汉语系,邱玉虎,,甘肃省,兰州市,七里河区,甘肃省兰州市七里河区八里镇岘子口村,,,,,103.835167,35.991840
七里河区八里镇极乐寺,汉语系,叶海林,,甘肃省,兰州市,七里河区,甘肃省兰州市七里河区八里镇叶家湾村,,,,,103.814545,36.020687
七里河区八里镇灵岩宝寺,汉语系,释智仁,,甘肃省,兰州市,七里河区,甘肃省兰州市七里河区八里镇后五泉村,,,,,103.815201,36.024853
七里河区西果园镇云霖寺,藏语系,杨发钰,,甘肃省,兰州市,七里河区,甘肃省兰州市七里河区西果园镇湖滩村,,,,,103.667679,35.925800
七里河区西果园镇蛟龙寺,藏语系,黎守仁,,甘肃省,兰州市,七里河区,甘肃省兰州市七里河区西果园镇青岗村,,,,,103.762489,35.945393
七里河区阿干镇净业寺,汉语系,释净世,2009-12-09,甘肃省,兰州市,七里河区,甘肃省兰州市七里河区阿干镇高林沟13号,,,,,103.847298,35.907803
七里河区阿干镇石佛沟灵岩禅寺,汉语系,钦则,,甘肃省,兰州市,七里河区,甘肃省兰州市七里河区阿干镇石佛路5号,,,,,103.846413,35.904079
七里河区阿干镇西山寺,汉语系,杨秀兰,,甘肃省,兰州市,七里河区,甘肃省兰州市七里河区阿干镇中街31号,,,,,103.846413,35.904079
七里河区黄峪乡法宁寺,汉语系,释净世,,甘肃省,兰州市,七里河区,甘肃省兰州市七里河区黄峪乡王官营村,,,,,103.715767,36.015602
西固区杏胡台村万寿寺,汉语系,释存贤,,甘肃省,兰州市,西固区,甘肃省兰州市西固区四季青街道杏胡台村,万寿寺地处兰州市西固区杏胡台村北的台边上，属于兰州南部山区低山台地边缘，海拔约1800米，比山下的城区高二百多米。万寿寺交通便利，由西固山丹街至杏胡台村的柏油路从寺前绕过，路程约三公里。,,,,103.608330,36.072670
西固区新城镇石佛寺,汉语系,费德林,,甘肃省,兰州市,西固区,甘肃省兰州市西固区新城镇新合村,兰州市西固区新城镇新联村石佛沟内石崖之上有石佛洞，其内刻有石佛图像。佛洞遗迹清嘉庆年间1796-1820年才被发现，并于石佛旁修一禅院，命名石佛寺，石佛沟由此得名。,,,,103.468079,36.167210
西固区柳泉乡长庆寺,汉语系,释显悟,,甘肃省,兰州市,西固区,甘肃省兰州市西固区柳泉乡中坪村,,,,,103.585098,36.101562
西固区河口乡观音寺,汉语系,张耀晏,,甘肃省,兰州市,西固区,甘肃省兰州市西固区河口乡河口村,,,,,103.440903,36.174110
西固区陈坪街道卧龙寺,汉语系,释圆涛,,甘肃省,兰州市,西固区,甘肃省兰州市西固区陈坪街道范坪村卧龙岗,,,,,103.671234,36.074432
永登县城关镇永宁寺,汉语系,释理超,,甘肃省,兰州市,永登县,甘肃省兰州市永登县城关镇青龙山公园,,,,,103.267532,36.739300
永登县城关镇海德寺,汉语系,释昌增,,甘肃省,兰州市,永登县,甘肃省兰州市永登县城关镇新仓巷25号,,,,,103.259510,36.738740
永登县树屏镇通海寺,汉语系,王清太,,甘肃省,兰州市,永登县,甘肃省兰州市永登县树屏镇下杏花村,,,,,103.546425,36.255741
永登县红城镇感恩寺,藏语系,嘉样尼玛,,甘肃省,兰州市,永登县,甘肃省兰州市永登县红城镇永安村,,,,,103.394241,36.454781
永登县红城镇清凉寺,藏语系,嘉样尼玛,,甘肃省,兰州市,永登县,甘肃省兰州市永登县红城镇徐家磨村,,,,,103.402672,36.430943
永登县苦水镇李佛寺,汉语系,缪树林,,甘肃省,兰州市,永登县,甘肃省兰州市永登县苦水镇苦水村,,,,,103.431534,36.251633
永登县连城镇妙因寺,藏语系,玖美相曲,,甘肃省,兰州市,永登县,甘肃省兰州市永登县连城镇连城村,,,,,102.840210,36.587910
永登县连城镇尕达寺,藏语系,薛延华,,甘肃省,兰州市,永登县,甘肃省兰州市永登县连城镇连城村,,,,,102.840210,36.587910
永登县连城镇显教寺,汉语系,释觉轮,,甘肃省,兰州市,永登县,甘肃省兰州市永登县连城镇连城村,,,,,102.840210,36.587910
榆中县兴国寺,汉语系,徐耀斗,,甘肃省,兰州市,榆中县,甘肃省兰州市榆中县城关镇城关村,榆中兴国寺创建于元代年间，自西天传与东土受惠者不可胜数。榆中乃兰垣之门户，自元代蒲察氏创建兴国寺代代添修庙宇，恢宏蔚为壮观，前清举人张继祖屡发善愿，弘扬佛法，其子张恒德于民国三十七年重兴佛教协会，四方信士朝焚暮诵省城名僧蓝众诚，受戒研法，于次，是以寺院名声远播，香火日盛邻郊信众，实感灵验，而远道膜拜陇上志士，慕其名声而来瞻仰。在文化大革命当中被毁，一九九四年在中国共产党宗教政策的指引下，有释隆达师傅多方奔走，创立了榆中县佛教协会，幷重修兴国寺。后因释隆达师傅年老体衰，力不从心，由大德居士徐耀斗接任会长，因缘具足，感佛神力，白手敬业，带领众居士集资献工，会长以土木瓦工基建技术，亲自动手，齐心协力，筹建仿古殿宇五座，经堂一座，彩塑佛、菩萨、四大天王、地狱阎王等像三十余尊。,,,,104.121735,35.845642
榆中县卧牛寺,汉语系,释僧莲,,甘肃省,兰州市,榆中县,甘肃省兰州市榆中县城关镇金牛广场,,,,,104.105911,35.866611
榆中县吉祥寺,汉语系,释理林,,甘肃省,兰州市,榆中县,甘肃省兰州市榆中县和平镇官滩沟,,,,,103.951317,35.879890
榆中县普济寺,汉语系,曾玉英,,甘肃省,兰州市,榆中县,甘肃省兰州市榆中县青城镇青城村,,,,,104.189407,36.327183
榆中县紫云寺,汉语系,岳淑兰,,甘肃省,兰州市,榆中县,甘肃省兰州市榆中县金崖镇郭家庄村,,,,,104.049591,36.037731
榆中县龙泉寺,汉语系,金维学,,甘肃省,兰州市,榆中县,甘肃省兰州市榆中县定远镇矿湾村,,,,,103.979271,35.908581
东干村嘛汉寺,藏语系,李云芝,,甘肃省,临夏回族自治州,东乡族自治县,甘肃省临夏回族自治州东乡族自治县河滩镇东干村,,,,,103.208778,35.780094
三谷寺,汉语系,张孝,,甘肃省,临夏回族自治州,和政县,甘肃省临夏回族自治州和政县城关镇三谷村中社,,,,,103.317200,35.400620
佛教居士林,汉语系,朱崇芳,,甘肃省,临夏回族自治州,和政县,甘肃省临夏回族自治州和政县城关镇龙泉村后山路,,,,,103.349388,35.429482
关滩沟卧龙寺,汉语系,包廷云,,甘肃省,临夏回族自治州,和政县,甘肃省临夏回族自治州和政县新庄乡关滩沟村寺背后社,,,,,103.345032,35.381153
关滩沟娘娘殿,汉语系,王吉洪,,甘肃省,临夏回族自治州,和政县,甘肃省临夏回族自治州和政县新庄乡关滩沟村赵家洼社,,,,,103.345032,35.381153
关滩沟观音菩萨殿,汉语系,包廷云,,甘肃省,临夏回族自治州,和政县,甘肃省临夏回族自治州和政县新庄乡关滩沟村关滩沟社,,,,,103.345032,35.381153
十堡寺,汉语系,王怀喜,,甘肃省,临夏回族自治州,和政县,甘肃省临夏回族自治州和政县三合镇石虎家村九社,,,,,103.370811,35.456711
南远寺,汉语系,张豪,,甘肃省,临夏回族自治州,和政县,甘肃省临夏回族自治州和政县城关镇教场村下崖社,,,,,103.345139,35.430149
南龙佛教寺,汉语系,虎占山,,甘肃省,临夏回族自治州,和政县,甘肃省临夏回族自治州和政县新庄乡槐庄村前庄社,,,,,103.389290,35.355492
吓独庄寺,汉语系,何祥,,甘肃省,临夏回族自治州,和政县,甘肃省临夏回族自治州和政县新庄乡腰套村吓独庄社,,,,,103.368942,35.365131
大坪大山寺,汉语系,叶培云,,甘肃省,临夏回族自治州,和政县,甘肃省临夏回族自治州和政县罗家集乡罗家集村,,,,,103.191147,35.407120
寺沟南海普陀宝山寺,汉语系,李国庆,,甘肃省,临夏回族自治州,和政县,甘肃省临夏回族自治州和政县新营乡寺营村九社,,,,,103.257782,35.357952
张湾青龙寺,汉语系,李龙,,甘肃省,临夏回族自治州,和政县,甘肃省临夏回族自治州和政县马家堡镇张湾村张湾社,,,,,103.228043,35.437080
杜家河观音寺,汉语系,邓雄,,甘肃省,临夏回族自治州,和政县,甘肃省临夏回族自治州和政县城关镇杜家河村七社,,,,,103.337738,35.410362
松鸣岩南五台,汉语系,曹黎云,,甘肃省,临夏回族自治州,和政县,甘肃省临夏回族自治州和政县松鸣镇狼土泉村,,,,,103.388008,35.258121
松鸣岩圣母殿,汉语系,曹黎云,,甘肃省,临夏回族自治州,和政县,甘肃省临夏回族自治州和政县松鸣镇狼土泉村,,,,,103.388008,35.258121
松鸣岩玉皇阁,汉语系,曹黎云,,甘肃省,临夏回族自治州,和政县,甘肃省临夏回族自治州和政县松鸣镇狼土泉村,,,,,103.388008,35.258121
松鸣岩菩萨殿,汉语系,曹黎云,,甘肃省,临夏回族自治州,和政县,甘肃省临夏回族自治州和政县松鸣镇狼土泉村,,,,,103.388008,35.258121
松鸣岩西方顶,汉语系,曹黎云,,甘肃省,临夏回族自治州,和政县,甘肃省临夏回族自治州和政县松鸣镇狼土泉村,,,,,103.388008,35.258121
松鸣岩雷布殿,汉语系,曹黎云,,甘肃省,临夏回族自治州,和政县,甘肃省临夏回族自治州和政县松鸣镇狼土泉村,,,,,103.388008,35.258121
槐庄寺,汉语系,薛清,,甘肃省,临夏回族自治州,和政县,甘肃省临夏回族自治州和政县新庄乡槐庄村黄家山社,,,,,103.363083,35.397552
涌泉佛教寺,汉语系,李文虎,,甘肃省,临夏回族自治州,和政县,甘肃省临夏回族自治州和政县达浪乡李家坪村李家坪社,,,,,103.366432,35.440201
湫池沟寺,汉语系,张纪元,,甘肃省,临夏回族自治州,和政县,甘肃省临夏回族自治州和政县三合镇石虎家村九社,,,,,103.370811,35.456711
白杨沟清元寺,汉语系,陈进良,,甘肃省,临夏回族自治州,和政县,甘肃省临夏回族自治州和政县卜家庄乡白杨沟村白杨沟社,,,,,103.326859,35.426033
盘那寺,藏语系,白辛工,,甘肃省,临夏回族自治州,和政县,甘肃省临夏回族自治州和政县买家集镇民主村8社,,,,,103.238579,35.361061
督岗寺,藏语系,赵文渊,,甘肃省,临夏回族自治州,和政县,甘肃省临夏回族自治州和政县松鸣镇狼土泉村,,,,,103.388008,35.258121
罗家寺,汉语系,罗玉红,,甘肃省,临夏回族自治州,和政县,甘肃省临夏回族自治州和政县罗家集乡裴台村罗下社,,,,,103.196899,35.421810
脖项田家寺,汉语系,田万忠,,甘肃省,临夏回族自治州,和政县,甘肃省临夏回族自治州和政县马家堡镇脖项村田家社,,,,,103.186722,35.443913
蒋家佛教寺,汉语系,欠生荣,,甘肃省,临夏回族自治州,和政县,甘肃省临夏回族自治州和政县梁家寺乡大何家村蒋家社,,,,,103.383018,35.503532
西岔坡娘娘殿,汉语系,王进龙,,甘肃省,临夏回族自治州,和政县,甘肃省临夏回族自治州和政县新庄乡关滩沟村西岔坡社,,,,,103.341713,35.345440
赤洼河寺,藏语系,王明辉,,甘肃省,临夏回族自治州,和政县,甘肃省临夏回族自治州和政县罗家集乡小滩村,,,,,103.176430,35.397713
郑天寺,汉语系,乔文中,,甘肃省,临夏回族自治州,和政县,甘肃省临夏回族自治州和政县和政县三合镇虎家村赵家社,,,,,103.383751,35.460873
马场佛教寺,汉语系,潘英安,,甘肃省,临夏回族自治州,和政县,甘肃省临夏回族自治州和政县卜家庄乡卜家庄村马场社,,,,,103.289444,35.427052
麻藏佛教寺,藏语系,包润民,,甘肃省,临夏回族自治州,和政县,甘肃省临夏回族自治州和政县城关镇麻藏村牙路社,,,,,103.350388,35.423542
龙眼佛教寺,汉语系,王治中,,甘肃省,临夏回族自治州,和政县,甘肃省临夏回族自治州和政县城关镇张家庄村花园社,,,,,103.346115,35.418251
积石山县中咀岭乡金昌喇嘛寺,藏语系,段生华,,甘肃省,临夏回族自治州,积石山保安族东乡族撒拉族自治县,甘肃省临夏回族自治州积石山保安族东乡族撒拉族自治县四社,,,,,103.000099,35.778423
积石山县关家川乡光明寺,汉语系,郭占明,,甘肃省,临夏回族自治州,积石山保安族东乡族撒拉族自治县,甘肃省临夏回族自治州积石山保安族东乡族撒拉族自治县郭家社,,,,,102.875810,35.717680
积石山县关家川乡刑家寺,藏语系,豆迎林,,甘肃省,临夏回族自治州,积石山保安族东乡族撒拉族自治县,甘肃省临夏回族自治州积石山保安族东乡族撒拉族自治县刑家社,,,,,102.938202,35.721893
积石山县关家川乡王家寺,汉语系,王仲良,,甘肃省,临夏回族自治州,积石山保安族东乡族撒拉族自治县,甘肃省临夏回族自治州积石山保安族东乡族撒拉族自治县积石山县关家川乡赵家湾村王家社,,,,,102.979988,35.759010
积石山县关家川乡红华寺,藏语系,张顺红,,甘肃省,临夏回族自治州,积石山保安族东乡族撒拉族自治县,甘肃省临夏回族自治州积石山保安族东乡族撒拉族自治县张家社,,,,,103.039452,35.714771
积石山县刘集乡青龙寺,汉语系,赵福成,,甘肃省,临夏回族自治州,积石山保安族东乡族撒拉族自治县,甘肃省临夏回族自治州积石山保安族东乡族撒拉族自治县二社,,,,,102.789619,35.768429
积石山县别藏镇大庄寺,藏语系,王智生,,甘肃省,临夏回族自治州,积石山保安族东乡族撒拉族自治县,甘肃省临夏回族自治州积石山保安族东乡族撒拉族自治县八社,,,,,102.808281,35.757812
积石山县安集乡三坪寺,汉语系,赵向海,,甘肃省,临夏回族自治州,积石山保安族东乡族撒拉族自治县,甘肃省临夏回族自治州积石山保安族东乡族撒拉族自治县三坪社,,,,,103.008904,35.796501
积石山县安集乡分家寺,藏语系,陈文达,,甘肃省,临夏回族自治州,积石山保安族东乡族撒拉族自治县,甘肃省临夏回族自治州积石山保安族东乡族撒拉族自治县风林村张家社,,,,,103.039452,35.714771
积石山县安集乡卸经寺,汉语系,陈庆佩,,甘肃省,临夏回族自治州,积石山保安族东乡族撒拉族自治县,甘肃省临夏回族自治州积石山保安族东乡族撒拉族自治县陈家豁社,,,,,103.010788,35.682953
积石山县安集乡头坪寺,藏语系,齐占云,,甘肃省,临夏回族自治州,积石山保安族东乡族撒拉族自治县,甘肃省临夏回族自治州积石山保安族东乡族撒拉族自治县头坪社,,,,,103.028732,35.790443
积石山县寨子沟乡华严寺,汉语系,桑吉,,甘肃省,临夏回族自治州,积石山保安族东乡族撒拉族自治县,甘肃省临夏回族自治州积石山保安族东乡族撒拉族自治县何家咀,,,,,102.904663,35.677723
积石山县寨子沟乡善家双龙宝寺,藏语系,善大发,,甘肃省,临夏回族自治州,积石山保安族东乡族撒拉族自治县,甘肃省临夏回族自治州积石山保安族东乡族撒拉族自治县善家社,,,,,102.938202,35.721893
积石山县小关乡祝庆大寺,藏语系,白占元,,甘肃省,临夏回族自治州,积石山保安族东乡族撒拉族自治县,甘肃省临夏回族自治州积石山保安族东乡族撒拉族自治县三社,,,,,102.885910,35.715096
积石山县居集镇灵隐寺,汉语系,杨发忠,,甘肃省,临夏回族自治州,积石山保安族东乡族撒拉族自治县,甘肃省临夏回族自治州积石山保安族东乡族撒拉族自治县积石山县居集镇居集村6社,,,,,102.926659,35.650940
积石山县居集镇红崖下寺,藏语系,乔如山,,甘肃省,临夏回族自治州,积石山保安族东乡族撒拉族自治县,甘肃省临夏回族自治州积石山保安族东乡族撒拉族自治县二社,,,,,102.789619,35.768429
积石山县居集镇红崖龙光寺,藏语系,周国先,,甘肃省,临夏回族自治州,积石山保安族东乡族撒拉族自治县,甘肃省临夏回族自治州积石山保安族东乡族撒拉族自治县业卜湾村四社,,,,,102.889160,35.648842
积石山县徐扈家乡蟠龙寺,藏语系,长世平,,甘肃省,临夏回族自治州,积石山保安族东乡族撒拉族自治县,甘肃省临夏回族自治州积石山保安族东乡族撒拉族自治县五社,,,,,102.786781,35.805771
积石山县柳沟乡龙华寺,藏语系,白云山,,甘肃省,临夏回族自治州,积石山保安族东乡族撒拉族自治县,甘肃省临夏回族自治州积石山保安族东乡族撒拉族自治县樊家沟村9社,,,,,102.887093,35.787212
积石山县石塬乡灵珠寺,汉语系,张心智,,甘肃省,临夏回族自治州,积石山保安族东乡族撒拉族自治县,甘肃省临夏回族自治州积石山保安族东乡族撒拉族自治县上三社,,,,,102.885910,35.715096
积石山县胡林家乡吊坪寺,汉语系,李成玉,,甘肃省,临夏回族自治州,积石山保安族东乡族撒拉族自治县,甘肃省临夏回族自治州积石山保安族东乡族撒拉族自治县积石山县胡林家乡吊坪村吊坪社,,,,,102.968437,35.715263
积石山县胡林家乡昭晖寺,汉语系,曹英培,,甘肃省,临夏回族自治州,积石山保安族东乡族撒拉族自治县,甘肃省临夏回族自治州积石山保安族东乡族撒拉族自治县郭家湾社,,,,,102.919708,35.696262
积石山县郭干乡苟陈家寺,汉语系,海世仓,,甘肃省,临夏回族自治州,积石山保安族东乡族撒拉族自治县,甘肃省临夏回族自治州积石山保安族东乡族撒拉族自治县积石山县郭干乡满陈家村,,,,,103.010788,35.682953
积石山县银川乡李家寺,藏语系,李仲举,,甘肃省,临夏回族自治州,积石山保安族东乡族撒拉族自治县,甘肃省临夏回族自治州积石山保安族东乡族撒拉族自治县银川乡胡李村中社,,,,,103.075394,35.699390
积石山县银川乡石杨寺,藏语系,长海鹏,,甘肃省,临夏回族自治州,积石山保安族东乡族撒拉族自治县,甘肃省临夏回族自治州积石山保安族东乡族撒拉族自治县银川乡银河村,,,,,103.087677,35.729019
积石山县银川乡西番庄寺,藏语系,李玉才,,甘肃省,临夏回族自治州,积石山保安族东乡族撒拉族自治县,甘肃省临夏回族自治州积石山保安族东乡族撒拉族自治县西番庄社,,,,,102.875810,35.717680
积石山县铺川乡双龙寺（二家寺）,藏语系,王守规,,甘肃省,临夏回族自治州,积石山保安族东乡族撒拉族自治县,甘肃省临夏回族自治州积石山保安族东乡族撒拉族自治县二川社,,,,,102.875810,35.717680
积石山县铺川乡石佛寺,藏语系,拦生祯,,甘肃省,临夏回族自治州,积石山保安族东乡族撒拉族自治县,甘肃省临夏回族自治州积石山保安族东乡族撒拉族自治县付家社,,,,,102.938202,35.721893
积石山县铺川乡阳山寺,藏语系,张世光,,甘肃省,临夏回族自治州,积石山保安族东乡族撒拉族自治县,甘肃省临夏回族自治州积石山保安族东乡族撒拉族自治县阳山社,,,,,102.875810,35.717680
三泉寺,汉语系,徐生荣,,甘肃省,临夏回族自治州,康乐县,甘肃省临夏回族自治州康乐县康丰乡辛雍家村110号,,,,,103.703560,35.385571
丑家沟常爷寺,汉语系,辛万珍,,甘肃省,临夏回族自治州,康乐县,甘肃省临夏回族自治州康乐县康丰乡辛雍家村10社,,,,,103.703560,35.385571
乌龙寺,汉语系,张海清,,甘肃省,临夏回族自治州,康乐县,甘肃省临夏回族自治州康乐县胭脂镇庄头村,,,,,103.704643,35.276989
乔家寺,藏语系,陈新明,,甘肃省,临夏回族自治州,康乐县,甘肃省临夏回族自治州康乐县景古镇秦家河村,,,,,103.698662,35.121784
亥姆寺,汉语系,吴尚论,,甘肃省,临夏回族自治州,康乐县,甘肃省临夏回族自治州康乐县虎关乡吴坪村,,,,,103.745964,35.394501
八卡寺,汉语系,李文昌,,甘肃省,临夏回族自治州,康乐县,甘肃省临夏回族自治州康乐县八松乡那尼头村,,,,,103.498001,35.336834
卧虎山祥云寺,汉语系,姚清俊,,甘肃省,临夏回族自治州,康乐县,甘肃省临夏回族自治州康乐县上湾乡三条沟村,,,,,103.583580,35.240791
卧象山祥云寺,汉语系,牟天成,,甘肃省,临夏回族自治州,康乐县,甘肃省临夏回族自治州康乐县草滩乡普巴村,,,,,103.617691,35.232620
古泉寺,汉语系,王树鹏,,甘肃省,临夏回族自治州,康乐县,甘肃省临夏回族自治州康乐县苏集镇马寨村,,,,,103.537750,35.327381
四十八庄福神寺,汉语系,鲍书渊,,甘肃省,临夏回族自治州,康乐县,甘肃省临夏回族自治州康乐县八松乡岔路村9社,,,,,103.479599,35.300682
圆通山宝灵寺,汉语系,王秀福,,甘肃省,临夏回族自治州,康乐县,甘肃省临夏回族自治州康乐县八松乡烈洼村,,,,,103.458382,35.282471
地堂殿,汉语系,丁作莲,,甘肃省,临夏回族自治州,康乐县,甘肃省临夏回族自治州康乐县莲麓镇斜角滩村,,,,,103.748039,35.017780
塔关寺,藏语系,陈东平,,甘肃省,临夏回族自治州,康乐县,甘肃省临夏回族自治州康乐县苏集镇塔关村,,,,,103.608421,35.364582
宝聚寺,汉语系,段世俊,,甘肃省,临夏回族自治州,康乐县,甘肃省临夏回族自治州康乐县康丰乡段家坪村10社,,,,,103.669838,35.373302
崇兴寺,藏语系,丁英,,甘肃省,临夏回族自治州,康乐县,甘肃省临夏回族自治州康乐县景古镇杨家河村,,,,,103.692207,35.131771
广灵寺,汉语系,丁永贵,,甘肃省,临夏回族自治州,康乐县,甘肃省临夏回族自治州康乐县五户乡丁沟村张家沟社,,,,,103.706238,35.167381
月牙寺,汉语系,牛奎,,甘肃省,临夏回族自治州,康乐县,甘肃省临夏回族自治州康乐县白王乡老树沟村,,,,,103.573433,35.391102
泉龙寺,汉语系,张发义,,甘肃省,临夏回族自治州,康乐县,甘肃省临夏回族自治州康乐县附城镇刘家庙村4社,,,,,103.648949,35.358383
灵岩寺,汉语系,郭汉江,,甘肃省,临夏回族自治州,康乐县,甘肃省临夏回族自治州康乐县苏集镇马寨村,,,,,103.537750,35.327381
玄灵皋寺,汉语系,赵立仁,,甘肃省,临夏回族自治州,康乐县,甘肃省临夏回族自治州康乐县苏集镇苏集村,,,,,103.576683,35.345291
界螺寺,汉语系,苟文吉,,甘肃省,临夏回族自治州,康乐县,甘肃省临夏回族自治州康乐县苏集镇双寨村,,,,,103.584549,35.353893
白云寺,汉语系,段世仁,,甘肃省,临夏回族自治州,康乐县,甘肃省临夏回族自治州康乐县附城镇新集村,,,,,103.709877,35.367172
盘龙寺,汉语系,余寿喜,,甘肃省,临夏回族自治州,康乐县,甘肃省临夏回族自治州康乐县苏集镇丰台村,,,,,103.588699,35.345741
窦家寺,汉语系,窦宏斌,,甘肃省,临夏回族自治州,康乐县,甘肃省临夏回族自治州康乐县流川乡清水村14社,,,,,103.710930,35.439083
紫松山寺,汉语系,张国栋,,甘肃省,临夏回族自治州,康乐县,甘肃省临夏回族自治州康乐县五户乡五户村东山社紫松山,,,,,103.710793,35.178013
翠莲山河寺,汉语系,何来夫,,甘肃省,临夏回族自治州,康乐县,甘肃省临夏回族自治州康乐县鸣鹿乡拔子沟村,,,,,103.529114,35.256599
莲花山佛教寺院,汉语系,刘效廉,,甘肃省,临夏回族自治州,康乐县,甘肃省临夏回族自治州康乐县莲麓镇莲花山村,,,,,103.751190,34.972332
菩萨寺,汉语系,易兆国,,甘肃省,临夏回族自治州,康乐县,甘肃省临夏回族自治州康乐县流川乡苏家村,,,,,103.681061,35.437950
蜂窝寺,藏语系,赵国胜,,甘肃省,临夏回族自治州,康乐县,甘肃省临夏回族自治州康乐县鸣鹿乡洼滩村,,,,,103.552139,35.290333
达摩寺,汉语系,张武,,甘肃省,临夏回族自治州,康乐县,甘肃省临夏回族自治州康乐县五户乡打门村上打门社,,,,,103.664932,35.196571
通衢寺,汉语系,安庆云,,甘肃省,临夏回族自治州,康乐县,甘肃省临夏回族自治州康乐县附城镇石王村王家,,,,,103.723602,35.348572
闪红寺,汉语系,杜元涛,,甘肃省,临夏回族自治州,康乐县,甘肃省临夏回族自治州康乐县虎关乡二十铺,,,,,103.752274,35.418602
雍家寺,汉语系,雍丙午,,甘肃省,临夏回族自治州,康乐县,甘肃省临夏回族自治州康乐县康丰乡辛雍家村9社,,,,,103.703560,35.385571
青云寺,汉语系,苏来福,,甘肃省,临夏回族自治州,康乐县,甘肃省临夏回族自治州康乐县流川乡苏家村4社,,,,,103.681061,35.437950
青龙寺,汉语系,张发荣,,甘肃省,临夏回族自治州,康乐县,甘肃省临夏回族自治州康乐县虎关乡高集村高集村,,,,,103.757362,35.419022
魏家寨阳洼寺,汉语系,杨启俊,,甘肃省,临夏回族自治州,康乐县,甘肃省临夏回族自治州康乐县八松乡魏家寨村,,,,,103.503822,35.314751
鸣鹿关寺,汉语系,刘元庆,,甘肃省,临夏回族自治州,康乐县,甘肃省临夏回族自治州康乐县鸣鹿乡鸣关村,,,,,103.537010,35.275040
龙凤山白云寺,汉语系,何恒,,甘肃省,临夏回族自治州,康乐县,甘肃省临夏回族自治州康乐县八松乡南山村郭纪沟,,,,,103.510017,35.283489
普旺寺,汉语系,姜仲海,,甘肃省,临夏回族自治州,康乐县,甘肃省临夏回族自治州康乐县附城镇中元村12号,,,,,103.722473,35.375053
普照寺,汉语系,常有忠,,甘肃省,临夏回族自治州,康乐县,甘肃省临夏回族自治州康乐县附城镇中元村常家沟,,,,,103.745422,35.353821
报恩寺,藏语系,尹国敏,年代不详,甘肃省,临夏回族自治州,临夏市,甘肃省临夏回族自治州临夏市民主东路42号,安波报恩寺风景图（4张）,,,,103.213982,35.604702
华山寺,汉语系,梁乐中,,甘肃省,临夏回族自治州,临夏市,甘肃省临夏回族自治州临夏市尕杨家村,,,,,103.207993,35.565083
宝觉寺,汉语系,丁录,,甘肃省,临夏回族自治州,临夏市,甘肃省临夏回族自治州临夏市临夏市折桥镇后古城村陈四社,,,,,103.219788,35.610630
福灵寺,藏语系,王平,,甘肃省,临夏回族自治州,临夏市,甘肃省临夏回族自治州临夏市罗家湾村杜家社,,,,,103.268288,35.631031
药水寺,汉语系,石解放,,甘肃省,临夏回族自治州,临夏市,甘肃省临夏回族自治州临夏市南龙镇尕杨家村,,,,,103.207993,35.565083
静严弥陀寺,汉语系,梁堂伏,,甘肃省,临夏回族自治州,临夏市,甘肃省临夏回族自治州临夏市南龙镇尕杨家村,,,,,103.207993,35.565083
普光寺,汉语系,黄八斤,,甘肃省,临夏回族自治州,临夏市,甘肃省临夏回族自治州临夏市折桥镇李孟村黄赵家社,,,,,103.238083,35.614273
龙泉寺,汉语系,王小明,年代不详,甘肃省,临夏回族自治州,临夏县,甘肃省临夏回族自治州临夏县南龙镇王明家村5队,位于临夏市南龙山东麓，为当地比较有名气的一座佛教寺院。历史上称为“龙泉书院”（相传为明代兵部尚书王闳幼时读书之地），寺院附近有一泉，泉水源源不断，历时好几十年，关于具体地质学历史学考证，正在完善中。寺院内供有佛教各大佛：释迦牟尼佛、观世音菩萨、弥勒佛、地藏王菩萨、护法等众佛。寺院目前对公众开放。每年的正月十三、七月十五等吉日，有盛大的佛教活动。,,,,103.231079,35.576633
七岔路法轮寺,藏语系,李继忠,,甘肃省,临夏回族自治州,临夏县,甘肃省临夏回族自治州临夏县土桥镇曹家村,,,,,103.169662,35.635582
东山宝光寺,汉语系,段学正,,甘肃省,临夏回族自治州,临夏县,甘肃省临夏回族自治州临夏县井沟乡西南庄村,,,,,103.091667,35.576042
临夏潮音寺,汉语系,释如德,,甘肃省,临夏回族自治州,临夏县,甘肃省临夏回族自治州临夏县北塬乡崔家村孟家墩,,,,,103.210632,35.622841
仲龙寺,汉语系,马云,,甘肃省,临夏回族自治州,临夏县,甘肃省临夏回族自治州临夏县尹集镇马九川村二社,,,,,103.114250,35.508373
八里寺,藏语系,李进祥,,甘肃省,临夏回族自治州,临夏县,甘肃省临夏回族自治州临夏县麻尼寺沟乡关滩村九社,,,,,102.865669,35.528660
兴隆寺,汉语系,杜庭杰,,甘肃省,临夏回族自治州,临夏县,甘肃省临夏回族自治州临夏县刁祁乡兰达村五社,,,,,103.020294,35.454323
凉经寺,汉语系,王玉明,,甘肃省,临夏回族自治州,临夏县,甘肃省临夏回族自治州临夏县白土窑村一社,,,,,103.212524,35.707775
刘家寺,汉语系,刘文海,,甘肃省,临夏回族自治州,临夏县,甘肃省临夏回族自治州临夏县红台乡姚何村刘上社,,,,,103.038750,35.576633
卧龙寺,汉语系,侯尚云,,甘肃省,临夏回族自治州,临夏县,甘肃省临夏回族自治州临夏县尹集镇大滩涧村一社,,,,,103.063400,35.413601
卧龙寺,藏语系,马国峰,,甘肃省,临夏回族自治州,临夏县,甘肃省临夏回族自治州临夏县红台乡卜家台村李家磨社,,,,,103.022530,35.556961
哈脑寺,藏语系,何得辉,,甘肃省,临夏回族自治州,临夏县,甘肃省临夏回族自治州临夏县莲花镇连城村莲花台,,,,,103.165253,35.769402
哈达寺,汉语系,张株元,,甘肃省,临夏回族自治州,临夏县,甘肃省临夏回族自治州临夏县南塬乡张河西村八社,,,,,103.178612,35.719433
响铃寺,汉语系,贺耀明,,甘肃省,临夏回族自治州,临夏县,甘肃省临夏回族自治州临夏县尹集镇尹集村一社,,,,,103.074020,35.476273
唐家寺,汉语系,唐发义,,甘肃省,临夏回族自治州,临夏县,甘肃省临夏回族自治州临夏县南塬乡张王村唐家寺,,,,,103.157112,35.743641
坡头释迦牟尼寺,藏语系,付文江,,甘肃省,临夏回族自治州,临夏县,甘肃省临夏回族自治州临夏县坡头乡坡头村坡上社,,,,,103.137970,35.641701
坡跟寺,汉语系,王英奇,,甘肃省,临夏回族自治州,临夏县,甘肃省临夏回族自治州临夏县寨一社,,,,,103.210648,35.677509
大庙山朝阳寺,汉语系,王学林,,甘肃省,临夏回族自治州,临夏县,甘肃省临夏回族自治州临夏县庙山村,,,,,103.021423,35.470802
天池寺,汉语系,王进成,,甘肃省,临夏回族自治州,临夏县,甘肃省临夏回族自治州临夏县刁祁乡友好村南山,,,,,102.998489,35.435822
小沟干卡佛寺,藏语系,王来顺,,甘肃省,临夏回族自治州,临夏县,甘肃省临夏回族自治州临夏县营滩乡小沟村七社,,,,,102.984810,35.572552
张祁寺,藏语系,张文奎,,甘肃省,临夏回族自治州,临夏县,甘肃省临夏回族自治州临夏县新集镇苗家村张祁寺后上社,,,,,103.104637,35.538742
朝宗寺,汉语系,金六六,,甘肃省,临夏回族自治州,临夏县,甘肃省临夏回族自治州临夏县白杨树社,,,,,103.327400,35.800732
李家寺,汉语系,王英成,,甘肃省,临夏回族自治州,临夏县,甘肃省临夏回族自治州临夏县井沟乡大路村,,,,,103.095314,35.590641
杨家喇嘛寺,藏语系,杨尕全,,甘肃省,临夏回族自治州,临夏县,甘肃省临夏回族自治州临夏县新集镇寺湾村杨家下社,,,,,103.042542,35.516872
梵音寺,汉语系,王得珍,,甘肃省,临夏回族自治州,临夏县,甘肃省临夏回族自治州临夏县红台乡陈姚村牟其沟社,,,,,103.064201,35.547150
漫路兴隆寺,藏语系,刘荣,,甘肃省,临夏回族自治州,临夏县,甘肃省临夏回族自治州临夏县漫路乡漫路集社,,,,,103.105141,35.423531
灵山寺,汉语系,徐尕有,,甘肃省,临夏回族自治州,临夏县,甘肃省临夏回族自治州临夏县韩集镇双城村,,,,,103.042473,35.482964
烟洞山寺,汉语系,王德才,,甘肃省,临夏回族自治州,临夏县,甘肃省临夏回族自治州临夏县民主乡明光村赵家社,,,,,103.176834,35.522034
王家山佛寺,汉语系,李逢浴,,甘肃省,临夏回族自治州,临夏县,甘肃省临夏回族自治州临夏县王阳山,,,,,103.084991,35.465771
石佛寺,藏语系,程昌明,年代不详,甘肃省,临夏回族自治州,临夏县,甘肃省临夏回族自治州临夏县民主乡明光村池湾社,,,,,103.198631,35.535683
观音寺,汉语系,徐登丰,,甘肃省,临夏回族自治州,临夏县,甘肃省临夏回族自治州临夏县七社,,,,,103.234375,35.514400
许家清法寺,汉语系,魏居贤,,甘肃省,临夏回族自治州,临夏县,甘肃省临夏回族自治州临夏县北塬乡钱家村许家社,,,,,103.219757,35.635582
赵家村孙家寺,藏语系,孙有得,,甘肃省,临夏回族自治州,临夏县,甘肃省临夏回族自治州临夏县麻尼寺沟乡赵家村八社,,,,,102.938210,35.509903
达沙佛寺,藏语系,陶四虎,,甘肃省,临夏回族自治州,临夏县,甘肃省临夏回族自治州临夏县达沙村四社,,,,,102.949059,35.528152
邱家寺,汉语系,张维仁,,甘肃省,临夏回族自治州,临夏县,甘肃省临夏回族自治州临夏县红台乡新城集村邱家沟社,,,,,103.049179,35.554081
雪山寺,汉语系,王文佐,,甘肃省,临夏回族自治州,临夏县,甘肃省临夏回族自治州临夏县尹集镇新寨村七社,,,,,103.059952,35.435871
雷音寺,藏语系,齐永祥,,甘肃省,临夏回族自治州,临夏县,甘肃省临夏回族自治州临夏县咀头村一社,,,,,103.212524,35.707775
韩家寺,藏语系,包占云,,甘肃省,临夏回族自治州,临夏县,甘肃省临夏回族自治州临夏县麻尼寺沟乡寺坡寺坡村六社,,,,,102.961182,35.500549
龙泉寺,汉语系,张哓峰,年代不详,甘肃省,临夏回族自治州,临夏县,甘肃省临夏回族自治州临夏县刁祁乡龙泉村二社,,,,,103.048683,35.462940
龙泉寺,藏语系,杨海如,年代不详,甘肃省,临夏回族自治州,临夏县,甘肃省临夏回族自治州临夏县朱墩村杨家河,,,,,103.112068,35.427292
慈云寺,汉语系,王林,年代不详,甘肃省,临夏回族自治州,临夏县,甘肃省临夏回族自治州临夏县北塬乡上石村石三社,,,,,103.154060,35.590481
普光寺,汉语系,杜居有,,甘肃省,临夏回族自治州,临夏县,甘肃省临夏回族自治州临夏县新集镇新集村寨子社,,,,,103.088631,35.512642
报恩寺,藏语系,释界信,年代不详,甘肃省,临夏回族自治州,永靖县,甘肃省临夏回族自治州永靖县刘家峡镇红柳村,年间的报恩寺，取报达佛恩之意。报恩寺建于明代正统元年（1436），相传二龙山是通往三江（黑龙江、松花江、牡丹江）的老龙岗山脉。在寺院围墙之内，松柏参天，古色古香，花草斗艳，大雄宝殿居中，两侧为禅房，均为硬山工建筑。大雄宝殿三楹，中座为释加牟尼，两侧为文殊、普贤菩萨。在其大雄宝殿释迦牟尼塑像背后，塑有面北而坐的“倒坐观音”，这种布局实为罕见。,,,,103.350548,35.949852
白塔寺,藏语系,胥继海,年代不详,甘肃省,临夏回族自治州,永靖县,甘肃省临夏回族自治州永靖县三塬镇两合村,白塔寺，藏语称作谢尔智白代，即东部幻化寺，为藏传佛教凉州四寺（白塔寺、莲花山寺、海藏寺、金塔寺）之一。据《萨迦世系史》记载：萨班与阔端在一次畅叙中为了一件动物皮开展辩论，阔端失败后，他感到有点难堪，准备报复，遂与大臣商议，请魔术师幻化了一座奇特的寺院。武威白塔寺位于凉州城区东南20多公里的武南镇白塔村，这里地势平坦开阔，气候温和，为黄羊河水系杂木河下游冲积绿洲，兰新铁路、国道312线分别从其东西两面经过。[1],,全国重点文物保护单位,,103.196823,35.881271
云光寺,藏语系,杨旦巴,,甘肃省,临夏回族自治州,永靖县,甘肃省临夏回族自治州永靖县刘家峡镇刘家峡村,,,,,103.315002,35.934952
光山寺,藏语系,安银昌,,甘肃省,临夏回族自治州,永靖县,甘肃省临夏回族自治州永靖县盐锅峡镇盐集村,,,,,103.296143,36.086342
居士林,汉语系,刘儒林,,甘肃省,临夏回族自治州,永靖县,甘肃省临夏回族自治州永靖县刘家峡镇刘家峡村,,,,,103.315002,35.934952
永靖县炳灵上寺,藏语系,王成英,,甘肃省,临夏回族自治州,永靖县,甘肃省临夏回族自治州永靖县杨塔乡胜利村,,,,,103.082809,35.823139
法轮寺,汉语系,释昌恒,,甘肃省,临夏回族自治州,永靖县,甘肃省临夏回族自治州永靖县盐锅峡镇焦家村一社,,,,,103.350533,36.118603
炳灵下寺,藏语系,罗仲国,,甘肃省,临夏回族自治州,永靖县,甘肃省临夏回族自治州永靖县王台镇塔坪村,,,,,103.010994,35.819782
真鲁寺,藏语系,孔祥祖,,甘肃省,临夏回族自治州,永靖县,甘肃省临夏回族自治州永靖太极镇大川村,,,,,103.253822,35.973602
红柳村报恩寺,汉语系,崔腾海,,甘肃省,临夏回族自治州,永靖县,甘肃省临夏回族自治州永靖县红柳村三社169号,,,,,103.273651,36.000122
罗家洞寺,藏语系,罗发志,,甘肃省,临夏回族自治州,永靖县,甘肃省临夏回族自治州永靖县刘家峡镇罗川村,,,,,103.301102,35.943283
配塔寺,藏语系,陈秀治,,甘肃省,临夏回族自治州,永靖县,甘肃省临夏回族自治州永靖县盐锅峡镇陈家村,,,,,103.329567,36.105061
雷音寺,汉语系,释昌宣,,甘肃省,临夏回族自治州,永靖县,甘肃省临夏回族自治州永靖县盐锅峡镇小茨村,,,,,103.364929,36.115139
龙夏寺,藏语系,洛桑,,甘肃省,临夏回族自治州,永靖县,甘肃省临夏回族自治州永靖县刘家峡镇龙汇山,,,,,103.346321,35.925781
显龙寺,藏语系,高乃旦,,甘肃省,临夏回族自治州,永靖县,甘肃省临夏回族自治州永靖县三塬镇新建村6社,,,,,103.231728,35.899750
成县城关柏林寺院,汉语系,释寂心,,甘肃省,陇南市,成县,甘肃省陇南市成县城关镇石碑村,,,,,105.719048,33.758640
成县红川甸山寺院,汉语系,董艳芳,,甘肃省,陇南市,成县,甘肃省陇南市成县红川镇青山村,,,,,105.925171,33.710693
成县金石殿寺院,汉语系,党彩英,,甘肃省,陇南市,成县,甘肃省陇南市成县城关镇龙峡村,,,,,105.744011,33.732769
成县鸡峰山二字殿寺院,汉语系,陈桂莲,,甘肃省,陇南市,成县,甘肃省陇南市成县鸡峰镇朝霞村,,,,,105.703728,33.689739
成县鸡峰山光祥寺院,汉语系,徐顺庭,,甘肃省,陇南市,成县,甘肃省陇南市成县鸡峰镇朝霞村,,,,,105.703728,33.689739
成县鸡峰山嵋峈峰寺院,汉语系,释昌慧,,甘肃省,陇南市,成县,甘肃省陇南市成县鸡峰镇朝霞村,,,,,105.703728,33.689739
成县鸡峰山普贤三殿寺院,汉语系,张彩霞,,甘肃省,陇南市,成县,甘肃省陇南市成县鸡峰镇朝霞村,,,,,105.703728,33.689739
成县鸡峰山石佛洞寺院,汉语系,翟芝桂,,甘肃省,陇南市,成县,甘肃省陇南市成县鸡峰镇朝霞村,,,,,105.703728,33.689739
成县鸡峰山菩提寺院,汉语系,王兴明,,甘肃省,陇南市,成县,甘肃省陇南市成县鸡峰镇朝霞村,,,,,105.703728,33.689739
宕昌县城关鹿仁寺院,藏语系,苗赵生义,,甘肃省,陇南市,宕昌县,甘肃省陇南市宕昌县城关镇鹿仁村,,,,,104.344452,33.965961
宕昌县韩院乡牛头寺,汉语系,冯三旺,,甘肃省,陇南市,宕昌县,甘肃省陇南市宕昌县韩院乡韩院村,,,,,104.684807,33.956730
伏镇北禅寺,汉语系,释昌旭,,甘肃省,陇南市,徽县,甘肃省陇南市徽县伏家镇贺店村,,,,,105.973358,33.841072
水阳南禅寺,汉语系,释理航,,甘肃省,陇南市,徽县,甘肃省陇南市徽县水阳乡新寺村,,,,,106.093269,33.748791
西禅寺,汉语系,释昌法,,甘肃省,陇南市,徽县,甘肃省陇南市徽县城关镇凡塄村,,,,,106.079247,33.772415
银杏乡宏化寺,汉语系,张财,,甘肃省,陇南市,徽县,甘肃省陇南市徽县银杏乡宏化村,,,,,106.010643,33.833851
三台山寺,汉语系,张兆连,,甘肃省,陇南市,康县,甘肃省陇南市康县太石乡董湾村,,,,,105.516212,33.570244
云台山寺,汉语系,葛继宗,,甘肃省,陇南市,康县,甘肃省陇南市康县云台镇云台村,,,,,105.667450,33.438084
五龙山寺,汉语系,唐克剑,,甘肃省,陇南市,康县,甘肃省陇南市康县大堡镇街道村,,,,,105.581451,33.468380
元盟山寺,汉语系,蒲树奎,,甘肃省,陇南市,康县,甘肃省陇南市康县长坝镇赵沟村,,,,,105.463707,33.384300
南海山法雨寺,汉语系,金树山,,甘肃省,陇南市,康县,甘肃省陇南市康县豆坪乡李山村,,,,,105.571793,33.551361
四阁山寺,汉语系,石永青,,甘肃省,陇南市,康县,甘肃省陇南市康县大南峪乡寺沟村,,,,,105.700912,33.408691
天桥山寺,汉语系,陈志奇,,甘肃省,陇南市,康县,甘肃省陇南市康县寺台乡袁山村,,,,,105.586258,33.493092
太极山寺,汉语系,张凤岐,,甘肃省,陇南市,康县,甘肃省陇南市康县望关乡贯上村,,,,,105.378761,33.451664
对咀山寺,汉语系,李香花,,甘肃省,陇南市,康县,甘肃省陇南市康县迷坝乡十字村,,,,,105.783363,33.538792
小峨嵋山寺,汉语系,付连勤,,甘肃省,陇南市,康县,甘肃省陇南市康县长坝镇付坝村,,,,,105.461708,33.412601
小鸡山寺,汉语系,李省国,,甘肃省,陇南市,康县,甘肃省陇南市康县王坝乡鸡山坝村,,,,,105.731934,33.336761
尖峰山龙庆寺,汉语系,燕成洲,,甘肃省,陇南市,康县,甘肃省陇南市康县大南峪乡万家山村,,,,,105.772858,33.421642
平洛明月山寺,汉语系,张生荣,,甘肃省,陇南市,康县,甘肃省陇南市康县平洛镇平洛村,,,,,105.410011,33.546043
白云山寺,汉语系,赵金顺,1996-05-02,甘肃省,陇南市,康县,甘肃省陇南市康县城关镇咀台村,,,,,105.593750,33.329361
石龙寺,汉语系,李廷山,,甘肃省,陇南市,康县,甘肃省陇南市康县大南峪乡花庙村,,,,,105.784027,33.420853
菩提寺,汉语系,罗俊英,,甘肃省,陇南市,康县,甘肃省陇南市康县城关镇咀台村,,,,,105.593750,33.329361
观音寺,汉语系,燕成贵,,甘肃省,陇南市,康县,甘肃省陇南市康县大南峪乡万家山村,,,,,105.772858,33.421642
金紫山寺,汉语系,王秀清,,甘肃省,陇南市,康县,甘肃省陇南市康县阳坝镇花岩沟村,,,,,105.870773,32.963169
铁佛寺,汉语系,敬连基,,甘肃省,陇南市,康县,甘肃省陇南市康县大堡镇巩集村,,,,,105.533783,33.447403
青羊寺,汉语系,孙登银,,甘肃省,陇南市,康县,甘肃省陇南市康县城关镇孙家院村,,,,,105.573387,33.320084
青龙山寺,汉语系,李桂英,,甘肃省,陇南市,康县,甘肃省陇南市康县长坝镇大山村,,,,,105.423393,33.411713
麒麟山寺,汉语系,王仲谢,,甘肃省,陇南市,康县,甘肃省陇南市康县豆坪乡上沟村,,,,,105.433441,33.509953
龙凤山寺,汉语系,毕寒柏,,甘肃省,陇南市,康县,甘肃省陇南市康县豆坪乡田能干村,,,,,105.534203,33.561352
扬光寺,汉语系,张文生,,甘肃省,陇南市,康县,甘肃省陇南市康县太石乡河口村,,,,,105.457970,33.616863
明月山寺,汉语系,孙治俭,,甘肃省,陇南市,康县,甘肃省陇南市康县城关镇斜崖村,,,,,105.584953,33.333443
礼县中福寺,汉语系,马麦鹅,,甘肃省,陇南市,礼县,甘肃省陇南市礼县盐官镇牟联村,,,,,105.493408,34.305302
礼县妙胜院,汉语系,马清平,,甘肃省,陇南市,礼县,甘肃省陇南市礼县红河乡草坝村,,,,,105.476395,34.345123
礼县小香山寺,汉语系,赵天保,1989-10-13,甘肃省,陇南市,礼县,甘肃省陇南市礼县城关镇水沟村,,,,,105.177208,34.164963
礼县水平寺,汉语系,王罗长,,甘肃省,陇南市,礼县,甘肃省陇南市礼县白关乡白关村,,,,,104.929947,33.966049
礼县法幢寺,汉语系,释道启,,甘肃省,陇南市,礼县,甘肃省陇南市礼县城关镇冯崖村,,,,,105.227440,34.183609
礼县清江寺,汉语系,董各顺,,甘肃省,陇南市,礼县,甘肃省陇南市礼县白河镇白河村,,,,,104.861221,33.866753
礼县渗水寺,汉语系,曹理岐,,甘肃省,陇南市,礼县,甘肃省陇南市礼县永坪乡寺台村,,,,,105.272041,34.253914
礼县雷音寺,汉语系,释振愿,,甘肃省,陇南市,礼县,甘肃省陇南市礼县龙林乡金联村,,,,,105.098862,33.940380
礼县青林寺,汉语系,楚怎子,,甘肃省,陇南市,礼县,甘肃省陇南市礼县城关镇青林村,,,,,105.142197,34.254082
礼县黄金寺,汉语系,释道观,,甘肃省,陇南市,礼县,甘肃省陇南市礼县永兴乡友好村,,,,,105.301834,34.222969
两当县香泉寺,汉语系,左得厚,年代不详,甘肃省,陇南市,两当县,甘肃省陇南市两当县城关镇香泉村,香泉寺位于甘肃两当县城北郊，过去以“香泉印月”列为两当县八景之一。据《两当县志》载：原是“古庙一楹，仅奉观音一像，1725年（清雍正三年）重修，始扩而为三，又增文殊、普贤两像，1745年（乾隆十年）砌泉为池，建印月轩、僧舍、山门。”,,,,106.303543,33.914001
两当县云屏寺,汉语系,陈军,,甘肃省,陇南市,两当县,甘肃省陇南市两当县云屏乡街道村,,,,,106.416145,33.695560
两当县月亮寺,汉语系,龙左华,,甘肃省,陇南市,两当县,甘肃省陇南市两当县杨店乡颜河村,,,,,106.390450,33.896351
两当县青龙寺,汉语系,魏治明,,甘肃省,陇南市,两当县,甘肃省陇南市两当县兴化乡槐树村,,,,,106.321472,33.848042
两当县高坪寺,汉语系,孙国华,,甘肃省,陇南市,两当县,甘肃省陇南市两当县站儿巷镇高坪村,,,,,106.273132,33.764759
两当县鱼池寺,汉语系,刘雄,,甘肃省,陇南市,两当县,甘肃省陇南市两当县鱼池乡上滩村,,,,,106.289139,33.814110
文县东山寺,汉语系,牛南保,2009-10-01,甘肃省,陇南市,文县,甘肃省陇南市文县城关镇干沟坪村,,,,,104.626389,32.940731
文县云瀑寺,汉语系,金海元,,甘肃省,陇南市,文县,甘肃省陇南市文县铁楼乡石门沟村,,,,,104.488029,32.938442
文县云雾山寺,汉语系,张金旗,,甘肃省,陇南市,文县,甘肃省陇南市文县临江乡沟底下村,,,,,104.935631,33.065731
文县兴云寺,汉语系,高碧莲,,甘肃省,陇南市,文县,甘肃省陇南市文县中寨镇兴隆村,,,,,104.413460,33.223370
文县净国寺,汉语系,杜显峰,,甘肃省,陇南市,文县,甘肃省陇南市文县天池乡天池村,,,,,104.754677,33.221149
文县凤凰寺,汉语系,张桂香,,甘肃省,陇南市,文县,甘肃省陇南市文县丹堡乡丹堡村,,,,,104.777283,32.859913
文县南佛寺,汉语系,王春莲,,甘肃省,陇南市,文县,甘肃省陇南市文县石鸡坝乡石鸡坝村,,,,,104.453979,33.052071
文县南山寺,汉语系,张素英,,甘肃省,陇南市,文县,甘肃省陇南市文县碧口镇碧口下街,,,,,105.246422,32.749630
文县回龙寺,汉语系,杨世德,,甘肃省,陇南市,文县,甘肃省陇南市文县梨坪乡梨坪村,,,,,104.892784,33.186462
文县大佛寺,汉语系,聂吉昌,,甘肃省,陇南市,文县,甘肃省陇南市文县石鸡坝乡张家沟村,,,,,104.482422,33.119553
文县宣抚寺,汉语系,尚志喜,,甘肃省,陇南市,文县,甘肃省陇南市文县尖山乡老爷庙村,,,,,104.878571,33.036812
文县尚德寺,汉语系,王高,,甘肃省,陇南市,文县,甘肃省陇南市文县尚德镇尚德村,,,,,104.760460,32.903511
文县广济寺,汉语系,王春莲,,甘肃省,陇南市,文县,甘肃省陇南市文县堡子坝乡排坊村,,,,,104.669472,33.157223
文县慈恩寺,汉语系,王玉凤,,甘肃省,陇南市,文县,甘肃省陇南市文县城关镇北关251号,,,,,106.077644,33.776592
文县慈觉寺,汉语系,陈召英,,甘肃省,陇南市,文县,甘肃省陇南市文县中寨镇中寨村,,,,,104.424614,33.189163
文县明月寺,汉语系,刘保平,,甘肃省,陇南市,文县,甘肃省陇南市文县堡子坝乡月元村,,,,,104.607689,33.039440
文县明珠寺,汉语系,张利娥,,甘肃省,陇南市,文县,甘肃省陇南市文县中寨镇麦架沟村,,,,,104.407188,33.291874
文县普慧寺,汉语系,王正和,,甘肃省,陇南市,文县,甘肃省陇南市文县堡子坝乡马儿河坝村,,,,,104.676178,33.154079
文县梵音寺,汉语系,张吾生,,甘肃省,陇南市,文县,甘肃省陇南市文县城关镇鹄一坝村,,,,,104.643356,32.963818
文县楼沟寺,汉语系,朱海云,,甘肃省,陇南市,文县,甘肃省陇南市文县碧口镇崖杨夕村,,,,,105.246422,32.749630
文县正源寺,汉语系,闫代有,,甘肃省,陇南市,文县,甘肃省陇南市文县石坊乡柳元村,,,,,104.525314,33.004173
文县正觉寺,汉语系,董元成,,甘肃省,陇南市,文县,甘肃省陇南市文县桥头乡建华村,,,,,104.703987,33.077450
文县永宁寺,汉语系,张根星,,甘肃省,陇南市,文县,甘肃省陇南市文县丹堡乡上丹村,,,,,104.660034,32.872562
文县沛泽寺,汉语系,吴代翠,,甘肃省,陇南市,文县,甘肃省陇南市文县铁楼乡铁楼村,,,,,104.466431,32.908352
文县海螺寺,汉语系,吴奎民,,甘肃省,陇南市,文县,甘肃省陇南市文县中庙乡石门沟村,,,,,104.488029,32.938442
文县清净寺,汉语系,杨满娥,,甘肃省,陇南市,文县,甘肃省陇南市文县城关镇贾昌村,,,,,104.711052,32.928593
文县潮音寺,汉语系,袁华堂,,甘肃省,陇南市,文县,甘肃省陇南市文县碧口镇白果村,,,,,105.229462,32.723782
文县牡丹寺,汉语系,巩兵权,,甘肃省,陇南市,文县,甘肃省陇南市文县临江乡临江村,,,,,104.934113,33.067383
文县玉佛寺,汉语系,张林英,,甘肃省,陇南市,文县,甘肃省陇南市文县城关镇玉虚山,,,,,104.681190,32.944012
文县祥云寺,汉语系,张保全,,甘肃省,陇南市,文县,甘肃省陇南市文县铁楼乡旧寨村,,,,,104.519279,32.928162
文县莲花寺,汉语系,白凤仪,,甘肃省,陇南市,文县,甘肃省陇南市文县堡子坝乡堡子坝村,,,,,104.637138,33.123768
文县边缘寺,汉语系,符天寿,,甘肃省,陇南市,文县,甘肃省陇南市文县石鸡坝乡边地坪村,,,,,104.386719,33.054111
文县隆兴寺,汉语系,张成元,,甘肃省,陇南市,文县,甘肃省陇南市文县石鸡坝乡石鸡坝村,,,,,104.453979,33.052071
文县龙凤寺,汉语系,董纪保,,甘肃省,陇南市,文县,甘肃省陇南市文县口头坝乡西山村,,,,,104.857819,32.939690
武都区普化寺,汉语系,释光谦,,甘肃省,陇南市,武都区,甘肃省陇南市武都区城郊乡渭子沟村,普化寺建于1996年，位于甘肃省陇南市武都区城西五公里处，是一处旅游景点。,,,,104.872681,33.401173
武都区东江清凉寺,汉语系,赵桂林,,甘肃省,陇南市,武都区,甘肃省陇南市武都区东江镇赵坪村,,,,,104.964882,33.433609
武都区两水龙华寺,汉语系,释惟参,,甘肃省,陇南市,武都区,甘肃省陇南市武都区两水镇前村,,,,,104.819511,33.422832
武都区五台山寺,汉语系,释含德,,甘肃省,陇南市,武都区,甘肃省陇南市武都区佛崖镇东固城,,,,,105.292801,33.447613
武都区五库总管寺,汉语系,李红福,,甘肃省,陇南市,武都区,甘肃省陇南市武都区五库乡张坝村,,,,,105.018784,33.026169
武都区兴隆寺,汉语系,释光祥,,甘肃省,陇南市,武都区,甘肃省陇南市武都区城郊乡曹家堡村,,,,,104.937195,33.353104
武都区坪牙俄儿寺,藏语系,孟走正,,甘肃省,陇南市,武都区,甘肃省陇南市武都区坪牙藏族乡俄儿村,,,,,104.591774,33.558132
武都区坪牙寺,藏语系,宗三万交,,甘肃省,陇南市,武都区,甘肃省陇南市武都区坪牙藏族乡坪牙村,,,,,104.671288,33.507919
武都区坪牙旧墩村寺,藏语系,曲扎登,,甘肃省,陇南市,武都区,甘肃省陇南市武都区坪牙藏族乡旧墩村,,,,,104.648659,33.516972
武都区坪牙腰道寺,藏语系,杨主儿,,甘肃省,陇南市,武都区,甘肃省陇南市武都区坪牙藏族乡腰道村,,,,,104.631432,33.519093
武都区坪牙赵杨坪寺,藏语系,曲旦明,,甘肃省,陇南市,武都区,甘肃省陇南市武都区坪牙藏族乡赵杨坪村,,,,,104.622330,33.543053
武都区坪牙风和寺,藏语系,田羊旦,,甘肃省,陇南市,武都区,甘肃省陇南市武都区坪牙藏族乡风和村,,,,,104.712479,33.481762
武都区坪牙鹿连寺,藏语系,王小军,,甘肃省,陇南市,武都区,甘肃省陇南市武都区坪牙藏族乡鹿连村,,,,,104.604523,33.551311
武都区城郊青龙山寺,汉语系,何岁才,,甘肃省,陇南市,武都区,甘肃省陇南市武都区城郊乡姚寨村,,,,,104.923981,33.384739
武都区安化高寺,汉语系,释永净,,甘肃省,陇南市,武都区,甘肃省陇南市武都区安化镇官沟村,,,,,105.039558,33.507954
武都区文殊晨光寺,汉语系,张二全,,甘肃省,陇南市,武都区,甘肃省陇南市武都区两水镇龙王山村,,,,,104.814751,33.382061
武都区桔柑阿难寺,汉语系,释含珍,,甘肃省,陇南市,武都区,甘肃省陇南市武都区桔柑乡桔柑村,,,,,105.098427,33.287251
武都区段河坝龙凤寺,汉语系,张让朝,,甘肃省,陇南市,武都区,甘肃省陇南市武都区两水镇段河坝村,,,,,104.827454,33.399391
武都区汉王寺,汉语系,李占武,,甘肃省,陇南市,武都区,甘肃省陇南市武都区汉王镇汉王村,,,,,105.012672,33.343063
武都区琵琶寺,汉语系,高海明,,甘肃省,陇南市,武都区,甘肃省陇南市武都区琵琶镇琵琶村,,,,,105.315483,33.161381
武都区莲花寺,汉语系,刘正才,,甘肃省,陇南市,武都区,甘肃省陇南市武都区城关镇莲花山,,,,,104.924370,33.393143
武都区角弓镇江寺,汉语系,释德性,,甘肃省,陇南市,武都区,甘肃省陇南市武都区角弓镇白鹤桥村,,,,,104.639214,33.572910
武都区郭河寺,汉语系,刘义华,,甘肃省,陇南市,武都区,甘肃省陇南市武都区郭河乡郭河村,,,,,105.155998,33.345390
武都区马山邬金寺,汉语系,释理豁,,甘肃省,陇南市,武都区,甘肃省陇南市武都区城郊乡四合村,,,,,104.893555,33.336170
武都区马营野牛寺,汉语系,刘成全,,甘肃省,陇南市,武都区,甘肃省陇南市武都区马营镇寺底下村,,,,,104.866653,33.578697
武都区马街净土寺,汉语系,释昌严,,甘肃省,陇南市,武都区,甘肃省陇南市武都区马街镇官堆村,,,,,104.967102,33.466381
武都区马街卧虎寺,汉语系,李保代,,甘肃省,陇南市,武都区,甘肃省陇南市武都区马街镇寺背村,,,,,104.956650,33.466183
武都区龙凤山佛堂寺,汉语系,祁仲福,,甘肃省,陇南市,武都区,甘肃省陇南市武都区龙凤乡寺塄干村,,,,,105.106659,33.406502
武都区龙凤山明山寺,汉语系,释湛霞,,甘肃省,陇南市,武都区,甘肃省陇南市武都区龙凤乡瓦舌头村,,,,,105.048744,33.423332
西和县白雀寺,汉语系,王亮子,,甘肃省,陇南市,西和县,甘肃省陇南市西和县西峪乡白雀村,,,,,105.277420,34.011280
西和县西灵寺,汉语系,冯珠儿,,甘肃省,陇南市,西和县,甘肃省陇南市西和县汉源镇白冯村,,,,,105.292252,34.003662
崇信县龙泉寺,汉语系,于高蕴,,甘肃省,平凉市,崇信县,甘肃省平凉市崇信县锦屏镇梁坡村,龙泉寺位于崇信县城北2公里的凤山山腰，海拔1215米。山上流水从崖壁间渗出，形成两泉：一曰浓露泉，一曰贯珠泉。贯珠泉陡壁之上有一棵古柏，形似飞龙，鳞爪森然，蜿蜒于峭壁之上，已有上千年树龄。龙与泉和，山与水映，龙泉寺因此而得名。龙泉寺为低山沟壑地貌，青山隐隐，绿水悠…,,,,107.030724,35.310673
华亭县东华镇玉佛寺,汉语系,马驰,,甘肃省,平凉市,华亭县,甘肃省平凉市华亭县东华镇西关,,,,,106.648003,35.216293
华亭县神峪回族乡万佛寺,汉语系,宋法贵,,甘肃省,平凉市,华亭县,甘肃省平凉市华亭县神峪回族乡新寨塬村,,,,,106.733040,35.143890
泾川县大云寺,汉语系,释妙林,,甘肃省,平凉市,泾川县,甘肃省平凉市泾川县城关镇共池村,泾川大云寺位于西王母文化发源地、陕甘宁交通枢纽——甘肃省平凉市泾川县，现在其遗址建有大云寺博物馆。,,,国家AAAA级旅游景区,107.350899,35.333733
静宁县珍珠林兴隆寺,汉语系,齐银相,,甘肃省,平凉市,静宁县,甘肃省平凉市静宁县古城乡杨沟村六社,,,,,105.866692,35.437943
崆峒山法轮禅寺,汉语系,释妙林,,甘肃省,平凉市,崆峒区,甘肃省平凉市崆峒区崆峒镇崆峒山中台,,,,,106.525780,35.548214
柳湖圆通寺,汉语系,释妙林,,甘肃省,平凉市,崆峒区,甘肃省平凉市崆峒区柳湖乡土坝村郑家沟社,,,,,106.677361,35.532864
草峰镇佛堂寺,汉语系,王小鹏,,甘肃省,平凉市,崆峒区,甘肃省平凉市崆峒区草峰镇安家村,,,,,106.904770,35.566280
草峰镇庄严寺,汉语系,张国铎,,甘肃省,平凉市,崆峒区,甘肃省平凉市崆峒区草峰镇峁洼村,,,,,106.832809,35.617271
香莲观音殿,汉语系,闫兆珍,,甘肃省,平凉市,崆峒区,甘肃省平凉市崆峒区香莲乡观音殿,,,,,106.901077,35.500164
兴云寺,汉语系,韩俊堂,,甘肃省,平凉市,灵台县,甘肃省平凉市灵台县姚家沟社,,,,,107.353729,35.038189
朝那寺,汉语系,景芳才,,甘肃省,平凉市,灵台县,甘肃省平凉市灵台县董家坡社,,,,,107.230965,35.103863
西宁寺,汉语系,孙金辉,,甘肃省,平凉市,灵台县,甘肃省平凉市灵台县孙付社,,,,,107.647675,35.104424
庄浪县云崖寺,汉语系,李江海,年代不详,甘肃省,平凉市,庄浪县,甘肃省平凉市庄浪县韩店镇石桥村,从甘肃省平凉市庄浪县城东行约30公里，便走近云崖寺的腹地：山势奇巧，林木葱郁，碧水映影，古刹悠悠。,,,,106.276711,35.192402
庆城县普照寺,汉语系,法释,,甘肃省,庆阳市,瓜州县,甘肃省庆阳市庆城县庆城镇北街社区,普照寺，位于庆城县政府后院内，始建于北宋太平兴国年间。保存至今有5间正殿，不仅是一处重点文物保护单位，而且是早已闻名的甘肃省现存较古老的大型木结构建筑之一。,,,,107.890991,35.999222
华池县双塔寺,汉语系,梁新民,年代不详,甘肃省,庆阳市,华池县,甘肃省庆阳市华池县双塔寺森林公园半山腰,"双塔寺遗址和石造像塔原位于甘肃华池县林镇乡张岔村双塔沟和豹子川河交汇处的台地上，寺院和两座石造像塔始建于金正隆至大定年间（1156--1189），筹建人有寺院主持僧普恩、德敬和保义校尉，华池寨主李世雄等人，当时名为""石塔院""，后于大安年间又更名为""兴教院""。双塔造型秀丽，结构严谨，雕凿细腻，充分显示了古代汉族工匠精湛的工艺技巧和完美的艺术造型，凝聚了古代汉族劳动人民智慧和艺术的结晶，具有很高的历史，科学和艺术价值。",,,,108.124794,36.276821
华池县三塔寺,汉语系,哈国青,,甘肃省,庆阳市,华池县,甘肃省庆阳市华池县城壕乡香山塬村西山梁,,,,,107.979828,36.227062
西峰区小崆峒佛光寺,汉语系,强宏俭,1996-11-01,甘肃省,庆阳市,西峰区,甘肃省庆阳市西峰区董志镇北门村,,,,,107.668762,35.674061
西峰区彭原宝塔寺,汉语系,释妙慧,2009-06-24,甘肃省,庆阳市,西峰区,甘肃省庆阳市西峰区彭原乡彭原村,,,,,107.629250,35.781681
永明寺,汉语系,释觉平,年代不详,甘肃省,天水市,甘谷县,甘肃省天水市甘谷县大像山镇五里铺村,永明寺位于甘谷县城南五华里大象山旁，坐东南向西北，雄踞大像山右侧，全部建筑成阶梯式，建筑面积达5000平方米。,,,,105.312210,34.735992
天门山,汉语系,释觉苗,年代不详,甘肃省,天水市,甘谷县,甘肃省天水市甘谷县大像山镇东关村,天门山为秦岭支脉朱圉山主要山峰之一，位于甘肃省甘谷县城南，海拔1500米，是甘谷县名胜风景旅游区之一，自古以来有“天门春晓”的美誉。,,,甘谷县名胜风景旅游区,105.333717,34.734425
积庆寺,汉语系,姚建杰,年代不详,甘肃省,天水市,甘谷县,甘肃省天水市甘谷县新兴镇姚家庄村,积庆寺位于甘肃省天水市甘谷县新兴镇姚家庄村（姚庄村），坐北朝南，北依龙眼山和杨家屲山，南临渭河，东临谢家村，前临北滨河路，后倚陇海铁路甘谷火车站。,,,,105.328613,34.763302
华盖寺,汉语系,释觉元,元代,甘肃省,天水市,甘谷县,甘肃省天水市甘谷县大像山镇二十铺村,华盖寺位于甘谷县城西10公里的南山坳。又称铁瓦寺。地处东经104°58′至105°31′，北纬34°31′至35°03′之间，创自元代，清代曾重修。此处南倚群山，北傍渭川，山势险峻。寺创自明代，清乾隆三十九年1744从对面山峦移来今址重建。1950年起没住僧，于1958年公社化时，佛像被烧、法器被毁。村民卢文章现年80岁先闻风声，冒险深夜抢救高0.3米、宽0.2米，刻有华盖寺，乾隆三十九年樟木所制香炉，抱回家珍藏，在这次重建时献出。1967年文革中，因上饶建瓷厂，来拆古寺的石柱、楹、桁、桷、瓦，寺遂被毁。于1995年11月被批准重建，1996年2月30日动工，至2001年5月基本完工。寺位于高坡上，坐西向东，分天王殿、大雄宝殿、达摩祖师殿（天井西侧）、伽蓝菩萨殿（天井北侧）、厢房，总建筑面积约400多平方米。,,,,105.237213,34.738010
黑潭寺,汉语系,安桂林,年代不详,甘肃省,天水市,甘谷县,甘肃省天水市甘谷县古坡乡古坡村,黑潭寺位于甘谷县城南35公里的古坡乡石鼓山下，藉河上游。寺院隐于潺潺小溪之畔，葱葱林木之中，四周环山，曲径通幽。,,,,105.270973,34.624863
报恩寺,汉语系,谢张甲,年代不详,甘肃省,天水市,甘谷县,甘肃省天水市甘谷县新兴镇谢家村,报恩寺位于皋兰县黑石川乡石青村一社（当地称之为寺上社，原地名为石青洞，后因建报恩寺而被民间为寺上）西侧的无量山山顶。,,,,105.335579,34.761814
南山寺,汉语系,杨兴甲,,甘肃省,天水市,甘谷县,甘肃省天水市甘谷县磐安镇南街村,,,,,105.108879,34.756432
善华寺,汉语系,蒋存明,,甘肃省,天水市,甘谷县,甘肃省天水市甘谷县白家湾乡蒋家湾村,,,,,105.291862,34.697411
柏林寺,汉语系,释昌延,,甘肃省,天水市,甘谷县,甘肃省天水市甘谷县大像山镇沙石坡村,,,,,105.360878,34.730980
正愿寺,汉语系,释觉融,,甘肃省,天水市,甘谷县,甘肃省天水市甘谷县新兴镇蔡家寺村,,,,,105.414818,34.751484
海渊寺,汉语系,释海阔,,甘肃省,天水市,甘谷县,甘肃省天水市甘谷县大像山镇扬场村,,,,,105.345955,34.746494
白石寺,汉语系,杨胜吉,,甘肃省,天水市,甘谷县,甘肃省天水市甘谷县磐安镇三十铺村,,,,,105.184853,34.747501
金仙寺,汉语系,释觉真,,甘肃省,天水市,甘谷县,甘肃省天水市甘谷县大像山镇马务沟村,,,,,105.265739,34.702183
慈云寺,汉语系,曹德贵,年代不详,甘肃省,天水市,甘谷县,甘肃省天水市甘谷县白家湾乡梁家庄村,,,,,105.329590,34.702091
慈光寺,汉语系,释慧悟,,甘肃省,天水市,甘谷县,甘肃省天水市甘谷县新兴镇苟家村,,,,,105.229797,34.777813
显庆寺,汉语系,王玖悦,,甘肃省,天水市,甘谷县,甘肃省天水市甘谷县六峰镇中洲村,,,,,105.361008,34.742573
普济寺,汉语系,陈五娃,,甘肃省,天水市,甘谷县,甘肃省天水市甘谷县大像山镇白云村,,,,,105.315041,34.743172
演营寺,汉语系,释昌瑞,年代不详,甘肃省,天水市,麦积区,甘肃省天水市麦积区中难镇中滩村二组,演营寺位于天水市麦积区三阳川中心地带，唐朝巾帼英雄樊梨花占据樊家城（三阳川境内，距演营寺2华里）时，曾在该寺扎营驻军、演练兵马，故此而得名。,,,,105.656021,34.712471
净土寺,汉语系,齐世杰,年代不详,甘肃省,天水市,麦积区,甘肃省天水市麦积区麦积镇后川村一组,天水净土寺亦称曼殊寺，位于甘肃省天水市东南，与全国四大石窟之一的麦积山石窟相邻，同附近的仙人崖、石门、曲溪等自然景点共同组成闻名全国的风景名胜区。自唐末宋初以来，先后以“寄骨寺”、“京都寺”、“净土寺”而演更。,,,,106.048889,34.407810
龙槐寺,汉语系,刘继来,北魏,甘肃省,天水市,麦积区,甘肃省天水市麦积区马跑泉镇龙槐村,龙槐寺位于甘肃省天水市麦积区马跑泉镇龙槐村，因寺院内有一株树龄近300年的龙爪槐而得名。龙槐寺始建于北魏，后经历代修复重建，已形成规模宏大、结构严谨的佛教建筑。据史料记载，初建时即植龙爪槐一株，树枝虬曲盘盖，荫地半亩，后枯死。清乾隆间补植一株，现枝繁叶茂，四周用钢架支撑，将寺院遮蔽得绿阴晶莹，清凉异常。夏天游人香客入寺，围坐其下，心神俱爽。,,,,105.840012,34.495502
报恩寺,汉语系,黄有全,年代不详,甘肃省,天水市,麦积区,甘肃省天水市麦积区石佛镇黄庄村一组,安波报恩寺风景图,,,,105.693459,34.712521
云光寺,汉语系,沈宁,,甘肃省,天水市,麦积区,甘肃省天水市麦积区甘泉镇龟凤村一组,,,,,105.850540,34.466442
兴国寺,汉语系,释道渡,元代至顺年间（1330年-1332年）,甘肃省,天水市,麦积区,甘肃省天水市麦积区元龙镇红星村一组,,,,,106.123871,34.528839
圆觉寺,汉语系,释会法,,甘肃省,天水市,麦积区,甘肃省天水市麦积区柏阳镇冯家寺村一组,,,,,106.057823,34.500271
太平寺,汉语系,释演证,,甘肃省,天水市,麦积区,甘肃省天水市麦积区甘泉镇玉兰村一组,,,,,105.941742,34.448112
庆寿寺,汉语系,杨新明,,甘肃省,天水市,麦积区,甘肃省天水市麦积区新阳镇王家庄村一组,,,,,105.529152,34.696404
弘法寺,汉语系,释悟行,,甘肃省,天水市,麦积区,甘肃省天水市麦积区道北街道办事处寨子村二组,,,,,105.900749,34.573933
朝阳寺,汉语系,张真乐,,甘肃省,天水市,麦积区,甘肃省天水市麦积区甘泉镇刘家坪村一组,,,,,105.938599,34.450581
朝阳寺,汉语系,释隆兴,,甘肃省,天水市,麦积区,甘肃省天水市麦积区花牛镇纸碾村一组,,,,,105.810989,34.508541
柏林寺,汉语系,高贵水,,甘肃省,天水市,麦积区,甘肃省天水市麦积区花牛镇花牛村一组,,,,,105.870655,34.554062
柳林寺,汉语系,朱富家,,甘肃省,天水市,麦积区,甘肃省天水市麦积区马跑泉镇大柳树村二组,,,,,105.906158,34.508900
槐荫寺,汉语系,张道海,,甘肃省,天水市,麦积区,甘肃省天水市麦积区社棠镇槐阴村一组,,,,,105.977013,34.558201
渗金寺,汉语系,释悟空,,甘肃省,天水市,麦积区,甘肃省天水市麦积区马跑泉镇东泉村,,,,,105.910583,34.539761
灵应寺,汉语系,张海珠,,甘肃省,天水市,麦积区,甘肃省天水市麦积区麦积镇后川村,,,,,106.048889,34.407810
白衣庵,汉语系,杜勤怀,,甘肃省,天水市,麦积区,甘肃省天水市麦积区马跑泉镇潘集寨村石咀组,,,,,105.952950,34.535892
石佛寺,汉语系,田世太,年代不详,甘肃省,天水市,麦积区,甘肃省天水市麦积区石佛镇石佛村二组,,,,,105.705811,34.702438
茅庵寺,汉语系,陈天元,,甘肃省,天水市,麦积区,甘肃省天水市麦积区石佛镇石佛村一组,,,,,105.705811,34.702438
蛟龙寺,汉语系,释智定,,甘肃省,天水市,麦积区,甘肃省天水市麦积区麦积镇贾河村一组,,,,,106.000300,34.387860
金圣寺,汉语系,魏正,,甘肃省,天水市,麦积区,甘肃省天水市麦积区马跑泉镇潘集寨村一组,,,,,105.952950,34.535892
陈大念佛堂,汉语系,王万宗,,甘肃省,天水市,麦积区,甘肃省天水市麦积区中滩镇陈大村一组,,,,,105.681328,34.697823
慈恩寺,汉语系,刘红良,,甘肃省,天水市,麦积区,甘肃省天水市麦积区伯阳镇范家河村二组,,,,,106.099243,34.476372
早阳寺,汉语系,释会灯,,甘肃省,天水市,麦积区,甘肃省天水市麦积区渭南镇渭西村一组,,,,,105.658272,34.681053
圆通寺,汉语系,张保恒,年代不详,甘肃省,天水市,秦安县,甘肃省天水市秦安县中山乡元峰村一组,圆通寺位于甘肃省天水市秦安县中山乡元丰（张家湾）村西，始建于北朝，已有1600多年的历史，在这漫长的岁月里，屡毁屡建。1995年2月19日，圆通寺因地基塌陷，经政府宗教部门批准移至村西，选址重建。2004年10月10日开光开放。建筑都为现代新建，寺院建筑大气磅礴，殿宇巍峨，塑像庄严，器物精细考究，楹联匾额金石碑铭众多，且都出名家或佛界高僧之手，名人墨宝蔚为壮观！虽处万山之中，不时有天南地北之弟子参观寺院新貌、目睹古寺遗风。,,,,105.832924,34.902382
圆通寺,汉语系,张玉梅,年代不详,甘肃省,天水市,秦安县,甘肃省天水市秦安县郭嘉镇郭嘉村一组,,,,,105.557068,34.973682
观音寺,汉语系,朱满祥,,甘肃省,天水市,秦安县,甘肃省天水市秦安县王莆乡邵庄村一组,,,,,105.406158,35.032009
圆洞寺,汉语系,罗长义,年代不详,甘肃省,天水市,秦城区,甘肃省天水市秦城区华岐乡姚宋村,圆洞寺又名圆通寺，位于天水市西南30公里的秦州区华歧乡宋家村，与三国古战场木门道仅一山之隔。相传曹魏大将张郃死后尸骸就葬于圆洞山北三里的铁炉湾峰脚。寺院依山傍水，寺势虎踞龙蟠，周围群山环抱，溪流萦绕。仰观烟云氤氲，树木蓊郁；俯察地脉灵秀，溪水蜿蜒；寺内殿阁棋步，气象庄严。,,,,105.557922,34.384739
南郭寺,汉语系,释宽仓,北朝,甘肃省,天水市,秦城区,甘肃省天水市秦城区玉泉镇羲皇大道25号,"南郭寺，位于甘肃省天水市城南2公里山坳，占地5.7公顷。这里树木葱茏，古柏参天，风景优美，鸟语花香，为天水的八景之一，誉名""南山古柏”。建寺已有一千多年的历史，为历代诗人墨客览胜之地。中国唐代大诗人杜甫于公元759年流寓秦州（今天水）时，写下一百余首赞美诗。",,,国家AAAA级旅游景区,105.755329,34.571145
涌泉寺,汉语系,李引生,年代不详,甘肃省,天水市,秦城区,甘肃省天水市秦城区皂郊镇贾家寺村,贾家寺，又名“涌泉寺”，坐落在天水郡赤峪河畔，距天水市区44公里之西，自古这是秦州通蜀的一条古道。,,,,105.684959,34.528912
净化寺,汉语系,缑进学,,甘肃省,天水市,秦城区,甘肃省天水市秦城区牡丹镇缑家沟村,,,,,105.541512,34.453449
华藏寺,汉语系,王福平,年代不详,甘肃省,天水市,秦城区,甘肃省天水市秦城区华岐乡余坪村,,,,,105.515968,34.334282
华藏庵,汉语系,杨纪琴,,甘肃省,天水市,秦城区,甘肃省天水市秦城区关子镇关子村,,,,,105.378601,34.629749
圆通寺,汉语系,马玉石,年代不详,甘肃省,天水市,秦城区,甘肃省天水市秦城区大门乡南山村,,,,,105.705414,34.226051
大云寺,汉语系,云世全,,甘肃省,天水市,秦城区,甘肃省天水市秦城区关子镇关子村南街,,,,,105.378601,34.629749
演法寺,汉语系,王有珍,,甘肃省,天水市,秦城区,甘肃省天水市秦城区玉泉镇玉泉村,,,,,105.711929,34.584419
炳灵寺,汉语系,释信念,,甘肃省,天水市,秦城区,甘肃省天水市秦城区玉泉镇冰凌寺村冰凌寺93号,,,,,105.685341,34.541416
石门寺,汉语系,高建兰,,甘肃省,天水市,秦城区,甘肃省天水市秦城区关子镇石咀村,,,,,105.363983,34.628662
苑珠寺,汉语系,闫东升,,甘肃省,天水市,秦城区,甘肃省天水市秦城区汪川镇刘骆村,,,,,105.624481,34.213913
慧福寺,汉语系,坚齐林,,甘肃省,天水市,秦城区,甘肃省天水市秦城区齐寿乡坚山村,,,,,105.776199,34.352932
普华寺,汉语系,李双生,,甘肃省,天水市,秦城区,甘肃省天水市秦城区娘娘坝镇李子村上店子,,,,,105.891411,34.245003
瑞莲寺,汉语系,释一钦,年代不详,甘肃省,天水市,秦州区,甘肃省天水市秦州区大城街道办事处奋斗巷2号,瑞莲寺位于秦州区大成街道奋斗巷27号，始建于明代万历三十九年（公元1611年）俗称新寺。,,,,105.721578,34.581594
新洞寺,汉语系,释海岸,,甘肃省,天水市,秦州区,甘肃省天水市秦州区皂郊镇太阳山森林公园,,,,,105.774628,34.417698
水帘洞,汉语系,陈教,年代不详,甘肃省,天水市,清水县,甘肃省天水市清水县永清镇丰望村二组,"武山水帘洞位于甘肃省天水市武山县城东北约25公里的钟楼山峡谷内，谷中""群峰叠嶂觅无路，乱石开径别有天。谷涧溪水潺潺，景色幽静宜人。”水帘洞系高约50米、深20多米的天然岩洞，洞内常年细流不断，雨天洞檐飞流直下如水帘，因而得名。",,全国重点文物保护单位,国家AAAA级旅游景区,106.135384,34.751369
义门寺,汉语系,孙社会,,甘肃省,天水市,清水县,甘肃省天水市清水县郭川乡杜川村二组,,,,,105.808868,34.684101
北天明寺,汉语系,李继哥,,甘肃省,天水市,清水县,甘肃省天水市清水县金集镇连子村一组,,,,,105.897858,34.652431
发祥寺,汉语系,程志远,,甘肃省,天水市,清水县,甘肃省天水市清水县白沙乡陈沟村一组,,,,,106.260971,34.712673
太子寺,汉语系,徐田顺,,甘肃省,天水市,清水县,甘肃省天水市清水县红堡镇倪徐村二组,,,,,105.947517,34.621723
太平寺,汉语系,李跟存,,甘肃省,天水市,清水县,甘肃省天水市清水县永清镇东八里铺村一组,,,,,106.135384,34.751369
宝珠寺,汉语系,朱满满,,甘肃省,天水市,清水县,甘肃省天水市清水县陇东乡朱沟村二组,,,,,106.193466,34.623859
朝阳洞,汉语系,朱长财,,甘肃省,天水市,清水县,甘肃省天水市清水县永清镇樊峡村二组,,,,,106.154991,34.777885
民安寺,汉语系,马宝豆,,甘肃省,天水市,清水县,甘肃省天水市清水县白驼镇白驼村一组,,,,,106.007202,34.850082
海波寺,汉语系,马富存,,甘肃省,天水市,清水县,甘肃省天水市清水县松树乡左李村二组,,,,,106.073822,34.957874
清凉寺,汉语系,王正祥,,甘肃省,天水市,清水县,甘肃省天水市清水县松树乡大王村二组,,,,,106.057549,34.930981
清崖寺,汉语系,张虎儿,,甘肃省,天水市,清水县,甘肃省天水市清水县白沙乡白沙村二组,,,,,106.260933,34.712582
石佛寺,汉语系,高仰斌,年代不详,甘肃省,天水市,清水县,甘肃省天水市清水县草川乡刑来村二组,,,,,105.976509,34.663002
锡谷寺,汉语系,周建华,,甘肃省,天水市,清水县,甘肃省天水市清水县贾川乡贾川村二组,,,,,105.935127,34.694912
青莲寺,汉语系,王祖国,,甘肃省,天水市,清水县,甘肃省天水市清水县郭川乡三条沟村二组,,,,,105.786598,34.653152
顺林寺,汉语系,金随保,,甘肃省,天水市,清水县,甘肃省天水市清水县土门乡西坡村二组,,,,,105.900688,34.742313
普济寺,汉语系,白虎德,,甘肃省,天水市,清水县,甘肃省天水市清水县贾川乡白坡村二组,,,,,105.902519,34.734501
华严寺,汉语系,录田映,,甘肃省,天水市,武山县,甘肃省天水市武山县四门镇潘家湾村三组,,,,,105.017929,34.640221
莲花寺,汉语系,汪七应,,甘肃省,天水市,武山县,甘肃省天水市武山县四门镇四门村二组,,,,,105.012154,34.622952
慈云寺,汉语系,张应全,年代不详,甘肃省,天水市,武山县,甘肃省天水市武山县龙台乡上河峪村三组,,,,,104.874474,34.525593
老庵寺,汉语系,马金贵,年代不详,甘肃省,天水市,张家川回族自治县,甘肃省天水市张家川回族自治县恭门镇付川村一组,老庵寺悠久的历史和卧龙山优美的自然风光结合，情景交融的人文,,,,106.340553,34.964043
金佛寺,汉语系,马满堂,,甘肃省,天水市,张家川回族自治县,甘肃省天水市张家川回族自治县恭门镇付川村,,,,,106.340553,34.964043
古浪县宝塔寺,汉语系,释道妙,,甘肃省,武威市,古浪县,甘肃省武威市古浪县土门镇保和村路北组宝塔寺,,,,,103.014565,37.610729
古浪县普济寺,汉语系,释道清,,甘肃省,武威市,古浪县,甘肃省武威市古浪县泗水镇双塔村,,,,,102.877518,37.579082
古浪县清凉寺,汉语系,李培满,,甘肃省,武威市,古浪县,甘肃省武威市古浪县土门镇台子村3组,,,,,103.075272,37.611340
古浪县甘露寺,汉语系,释存菩,,甘肃省,武威市,古浪县,甘肃省武威市古浪县永丰滩乡新河村后沟组,,,,,103.016083,37.721764
古浪县观音寺,汉语系,释圆菩,,甘肃省,武威市,古浪县,甘肃省武威市古浪县裴家营镇裴家营村,,,,,103.524834,37.475689
古浪县青山寺,汉语系,释万恒,,甘肃省,武威市,古浪县,甘肃省武威市古浪县大靖镇东关村十三组青山寺,,,,,103.429718,37.489841
古浪县香林寺,汉语系,魏国祯,,甘肃省,武威市,古浪县,甘肃省武威市古浪县古丰乡冰沟墩村,,,,,102.848412,37.423801
古浪县龙泉寺,汉语系,释妙法,,甘肃省,武威市,古浪县,甘肃省武威市古浪县城关街道办上城社区,,,,,102.888100,37.456642
古浪县龙济寺,汉语系,释理文,,甘肃省,武威市,古浪县,甘肃省武威市古浪县直滩乡龙泉村古山组,,,,,103.717361,37.484203
凉州区东竺寺,汉语系,释道慧,,甘肃省,武威市,凉州区,甘肃省武威市凉州区高坝镇十三里堡村2组,,,,,102.710014,37.887920
凉州区亥母洞寺,汉语系,李润元,,甘肃省,武威市,凉州区,甘肃省武威市凉州区凉州区新华乡缠山村14组,,,,,102.638176,37.791016
凉州区光佛寺,汉语系,冯学德,,甘肃省,武威市,凉州区,甘肃省武威市凉州区武南镇青石村,,,,,102.744949,37.862011
凉州区光寿寺,汉语系,释仁正,,甘肃省,武威市,凉州区,甘肃省武威市凉州区黄羊镇李宽村8组,,,,,102.862648,37.738903
凉州区天城寺,汉语系,王昌,,甘肃省,武威市,凉州区,甘肃省武威市凉州区西营镇二沟村3组,,,,,102.311348,37.944443
凉州区平沟寺,汉语系,释理方,,甘肃省,武威市,凉州区,甘肃省武威市凉州区黄羊镇广场10组,,,,,102.849571,37.665882
凉州区延寿寺,汉语系,王得发,,甘肃省,武威市,凉州区,甘肃省武威市凉州区曾堡村三组,,,,,102.770454,37.907120
凉州区恒沙寺,汉语系,释观照,,甘肃省,武威市,凉州区,甘肃省武威市凉州区发放镇沙子沟村4组,,,,,102.746445,37.962994
凉州区恒河寺,汉语系,王森,,甘肃省,武威市,凉州区,甘肃省武威市凉州区凉州区下双乡沙河村2组,,,,,102.739738,38.042740
凉州区接引寺,汉语系,释理宏,,甘肃省,武威市,凉州区,甘肃省武威市凉州区松树乡莲花山,,,,,102.486343,37.932751
凉州区普济寺,汉语系,甄培仁,,甘肃省,武威市,凉州区,甘肃省武威市凉州区武南镇西寨村7组,,,,,102.769020,37.811211
凉州区松涛寺,汉语系,张兴来,,甘肃省,武威市,凉州区,甘肃省武威市凉州区金羊镇松涛村六组,,,,,102.620598,37.984341
凉州区法轮寺,汉语系,齐天军,,甘肃省,武威市,凉州区,甘肃省武威市凉州区黄羊镇新店村7组,,,,,102.838844,37.658752
凉州区洞儿寺,汉语系,他华山,,甘肃省,武威市,凉州区,甘肃省武威市凉州区谢河镇石岗村3组,,,,,102.755470,37.644520
凉州区海藏寺,汉语系,释道安,,甘肃省,武威市,凉州区,甘肃省武威市凉州区李家磨村一组海藏路,,,,,102.614670,37.950993
凉州区清凉寺,汉语系,释理如,,甘肃省,武威市,凉州区,甘肃省武威市凉州区高坝镇蜻蜓村2组,,,,,102.722664,37.913082
凉州区观音山寺,汉语系,毛新辉,2011-01-08,甘肃省,武威市,凉州区,甘肃省武威市凉州区凉州区张义镇堡子村观音山,,,,,102.658958,37.521511
凉州区高兴寺,汉语系,张进财,,甘肃省,武威市,凉州区,甘肃省武威市凉州区怀安乡芦家沟村9组,,,,,102.480492,37.975002
凉州区鸠摩罗什寺,汉语系,释理方,,甘肃省,武威市,凉州区,甘肃省武威市凉州区西大街北大街66号,,,,,103.675250,38.950180
民勤县圣容寺,汉语系,释觉信,,甘肃省,武威市,民勤县,甘肃省武威市民勤县三雷镇南关街大寺庙巷106号,,,,,103.079712,38.624413
民勤县法幢寺,汉语系,连发安,,甘肃省,武威市,民勤县,甘肃省武威市民勤县收成乡礼智村法幢寺,,,,,103.712082,38.878819
天祝县华藏寺,藏语系,格勒尖措,年代不详,甘肃省,武威市,天祝藏族自治县,甘肃省武威市天祝藏族自治县华藏镇华干路社区,天祝县华藏寺位于甘肃省武威市天祝藏族自治县，全称为永明华藏寺，从开建至今进行过三次更名，同时殿顶也经过几更换。,,,,103.137840,36.975548
天祝县东大寺,藏语系,扎西加措,,甘肃省,武威市,天祝藏族自治县,甘肃省武威市天祝藏族自治县赛什斯镇东大寺村50号（组）,,,,,102.788994,36.846737
天祝县南冲寺,藏语系,孔照明,,甘肃省,武威市,天祝藏族自治县,甘肃省武威市天祝藏族自治县朵什乡南冲村,,,,,103.063942,37.328201
天祝县夏玛寺,藏语系,嘉爱见尚,,甘肃省,武威市,天祝藏族自治县,甘肃省武威市天祝藏族自治县西大滩乡西大滩村,,,,,103.172882,37.301022
天祝县大水上寺,藏语系,杨生明,,甘肃省,武威市,天祝藏族自治县,甘肃省武威市天祝藏族自治县旦马乡土塔村,,,,,102.185791,37.790489
天祝县天堂寺,藏语系,奎藏宗周,,甘肃省,武威市,天祝藏族自治县,甘肃省武威市天祝藏族自治县天堂镇天堂村,,,,,102.511864,36.939571
天祝县朵什寺,藏语系,张仁谦,,甘肃省,武威市,天祝藏族自治县,甘肃省武威市天祝藏族自治县朵什乡石沟村,,,,,103.013092,37.310459
天祝县极乐寺,藏语系,朵成全,,甘肃省,武威市,天祝藏族自治县,甘肃省武威市天祝藏族自治县安远镇极乐村一组；,,,,,102.839310,37.273190
天祝县柔丹噶擦寺,藏语系,贾桑吉,,甘肃省,武威市,天祝藏族自治县,甘肃省武威市天祝藏族自治县抓喜秀龙乡南泥沟村,,,,,102.797737,37.187073
天祝县毛藏寺,藏语系,尖参,,甘肃省,武威市,天祝藏族自治县,甘肃省武威市天祝藏族自治县毛藏乡毛藏村,,,,,102.417442,37.516300
天祝县石门寺,藏语系,马成财,,甘肃省,武威市,天祝藏族自治县,甘肃省武威市天祝藏族自治县石门镇石门村,,,,,103.013290,36.977531
天祝县祝贡寺,藏语系,罗藏毛兰,,甘肃省,武威市,天祝藏族自治县,甘肃省武威市天祝藏族自治县东大滩乡华郎村四组,,,,,103.372910,37.208160
天祝县祝隆寺,藏语系,达新排,,甘肃省,武威市,天祝藏族自治县,甘肃省武威市天祝藏族自治县赛什斯镇下古城村36号（组）,,,,,102.797668,36.850231
天祝县红沟寺,藏语系,韩得巍,,甘肃省,武威市,天祝藏族自治县,甘肃省武威市天祝藏族自治县大红沟乡红沟寺村,,,,,102.576828,37.466061
天祝县西大寺,藏语系,杨生海,,甘肃省,武威市,天祝藏族自治县,甘肃省武威市天祝藏族自治县赛拉隆乡皮袋湾村,,,,,102.742943,36.759369
天祝县达隆寺,藏语系,嘉样扎西,,甘肃省,武威市,天祝藏族自治县,甘肃省武威市天祝藏族自治县松山镇达隆村,,,,,103.401451,37.104309
上龙湾寺,汉语系,释昌空,,甘肃省,张掖市,甘州区,甘肃省张掖市甘州区龙渠乡三清湾村,,,,,100.241058,38.822884
东山寺,汉语系,释传兴,,甘肃省,张掖市,甘州区,甘肃省张掖市甘州区平山湖蒙古族乡红泉村,,,,,100.830658,39.169090
大佛寺禅院,汉语系,释觉明,,甘肃省,张掖市,甘州区,甘肃省张掖市甘州区佛城社区,,,,,100.454659,38.936272
灵隐寺,汉语系,释觉明,,甘肃省,张掖市,甘州区,甘肃省张掖市甘州区沙井镇兴隆村,,,,,100.240150,39.155491
西来寺,汉语系,释本法,,甘肃省,张掖市,甘州区,甘肃省张掖市甘州区南街西来寺社区,,,,,100.449112,38.932133
重庆寺,汉语系,王建明,,甘肃省,张掖市,甘州区,甘肃省张掖市甘州区明永乡明永村,,,,,100.306458,39.012062
高台县梧桐泉寺,汉语系,释谛法,1993年,甘肃省,张掖市,高台县,甘肃省张掖市高台县梧桐泉粮库以南5公里,高台县梧桐泉寺，位于县城西南30公里处榆木山西侧，距312国道10公里。1965年列为县级文物保护单位，“文革”中全部建筑、树木被毁。1993年2月，经县人民政府批准，梧桐泉寺为佛教活动场所，并作为旅游景点进行恢复建设。据高台县志记载，梧桐泉寺因山涧有滴滴泉及梧桐树而得名。清嘉庆年间曾建无量佛殿，咸丰、同治年间毁于战火。后于清光绪19年（1893年）至民国元年（1912年）重建殿宇。,,,,99.639473,39.249413
临泽县香古寺,汉语系,释理空,,甘肃省,张掖市,临泽县,甘肃省张掖市临泽县板桥镇东柳村,,,,,100.219093,39.312283
民乐圆通寺,汉语系,释乘品,,甘肃省,张掖市,民乐县,甘肃省张掖市民乐县六坝镇六坝村,圆通寺位于甘肃省张掖市民乐县六坝乡城堡内。,,,,100.724915,38.646614
民乐圣天寺,汉语系,释大行,,甘肃省,张掖市,民乐县,甘肃省张掖市民乐县城区圣天寺路3号,,,,,100.813170,38.430640
民乐海潮寺,汉语系,释昌智,,甘肃省,张掖市,民乐县,甘肃省张掖市民乐县丰乐乡海潮坝沙沟,,,,,100.704124,38.552502
民乐石佛寺,汉语系,释大改,,甘肃省,张掖市,民乐县,甘肃省张掖市民乐县南丰乡扁都口峡谷,,,,,100.902977,38.306637
民乐童子寺,汉语系,释觉尘,,甘肃省,张掖市,民乐县,甘肃省张掖市民乐县民联乡上翟寨村,,,,,100.912903,38.440651
民乐青龙寺,汉语系,释道济,,甘肃省,张掖市,民乐县,甘肃省张掖市民乐县丰乐乡易家湾村,,,,,100.608070,38.444691
山丹大佛寺,汉语系,释洞钵,年代不详,甘肃省,张掖市,山丹县,甘肃省张掖市山丹县清泉镇清泉村,山丹大佛寺位于甘肃省张掖市山丹县城西5公里处的瞭高山脚下，旧名“土佛寺”，始建于北魏（公元425年），距今1500多年。明英宗朱祁镇曾亲手为该寺题写匾额“土佛”，土佛寺由此得名。本寺在历史上屡遭战火，又屡次重建，特别是1971年，这座千年古刹几乎毁于“文革”浩劫。自1992年开始，时任主持释觉慧大师八方化缘，在香港宝莲禅寺著名佛教活动家圣一大师的支持及捐助下，共耗资1700多万元对山丹大佛寺进行重建，并于1998年正式开光。寺内拥有世界上最大的室内泥塑坐佛。目前是国家4A级旅游景区。,,,国家AAAA级旅游景区,101.033913,38.792782
山丹东岳寺,汉语系,释演净,,甘肃省,张掖市,山丹县,甘肃省张掖市山丹县东乐乡十里堡村,,,,,100.888573,38.815342
山丹榆树寺,汉语系,释昌能,,甘肃省,张掖市,山丹县,甘肃省张掖市山丹县清泉镇拾号村,,,,,101.039909,38.826241
山丹茂儿寺,汉语系,释昌童,,甘肃省,张掖市,山丹县,甘肃省张掖市山丹县清泉镇南湖村,,,,,101.086967,38.772541
山丹钟山寺,汉语系,释延知,,甘肃省,张掖市,山丹县,甘肃省张掖市山丹县山丹县大马营乡中河村,,,,,101.194458,38.460842
山丹阴骘寺,汉语系,释昌正,,甘肃省,张掖市,山丹县,甘肃省张掖市山丹县位奇镇新开村,,,,,101.049568,38.609062
肃南县千佛洞,汉语系,释理明,,甘肃省,张掖市,肃南裕固族自治县,肃南裕固族自治县马蹄藏族乡马蹄村,,,,,100.421288,38.481873
肃南县康隆寺,藏语系,安国增,,甘肃省,张掖市,肃南裕固族自治县,肃南裕固族自治县康乐乡大草滩村,,,,,99.938347,38.798294
肃南县文殊寺,藏语系,索忠杰,,甘肃省,张掖市,肃南裕固族自治县,肃南裕固族自治县祁丰藏族乡文殊村,,,全国重点文物保护单位,国家AAAA级旅游景区,98.346703,39.650940
肃南县明海寺,藏语系,洛桑嘉措,,甘肃省,张掖市,肃南裕固族自治县,肃南裕固族自治县明花乡上井村,,,,,99.459373,39.445164
肃南县沙沟寺,藏语系,洛桑云丹,,甘肃省,张掖市,肃南裕固族自治县,肃南裕固族自治县皇城镇河西村,,,,,101.946190,38.009480
肃南县红湾寺,藏语系,妥自明,,甘肃省,张掖市,肃南裕固族自治县,肃南裕固族自治县红湾寺镇红湾社区,,,,,99.613609,38.835098
肃南县长沟寺,藏语系,安生荣,2009-11-10,甘肃省,张掖市,肃南裕固族自治县,肃南裕固族自治县大河乡光华村,,,,,99.511803,38.970661
肃南县马蹄寺,藏语系,傲赛嘉措,,甘肃省,张掖市,肃南裕固族自治县,肃南裕固族自治县马蹄藏族乡马蹄村,,,,,100.421288,38.481873
石堂庵,汉语系,释光慈,年代不详,广东省,潮州市,潮安区,广东省潮州市潮安区凤塘镇玉窖村,石堂庵位于潮州市凤塘镇西郊玉窖村，毗邻揭阳市。环境隽美、寺宇地灵。主要建筑有大雄宝殿、设观音殿、地藏菩萨殿、弥勒殿、韦驮殿，廊环院合，高大典雅，布置齐全。近年来，寺内修缮，添置神像。十分庄严。,,,,116.536072,23.584690
仙岩寺,汉语系,蔡义贞,年代不详,广东省,潮州市,潮安区,广东省潮州市潮安区凤塘镇青蔴山,广东潮州潮安县凤塘镇青麻山，有仙岩寺。位于麟坪乡辖区内青麻山西北山麓，清嘉庆十八年（1814年）建。主体建筑有山门、天王殿、佛殿共三进。由潮州开元寺派僧主持，香火盛极一时。麟坪旧乡进士邱轩昂曾在此修读而后中进士。山门上“仙岩寺”为邱轩昂题。,,,,116.562141,23.589880
甘露寺,汉语系,陈图泉,年代不详,广东省,潮州市,潮安区,广东省潮州市潮安区彩塘镇金砂南方,甘露寺，初名观音茅蓬，又名常素庙，始建于民国十八年，即公元一九二九年由本地寂成和尚（俗名裴金维）所创建。,,,,116.651482,23.482122
九座庵,汉语系,释光东,年代不详,广东省,潮州市,潮安区,广东省潮州市潮安区浮洋镇福洞,潮安县浮洋镇九座庵学校创办于1935年。1995年在海内外热心人士帮助下建成了新校舍，2001年12月通过县一级学校评估。,,,,116.609329,23.582451
宝庆寺,汉语系,薛永鹏,年代不详,广东省,潮州市,潮安区,广东省潮州市潮安区薛陇梅林湖虎尾山,宝庆寺位于广东潮州潮安县庵埠镇梅林湖薛陇村的白云岩宝庆寺，于南宋宝庆三年（1227）由薛陇村二世祖、进士薛洪鼎创寺，1993年至越岁修建，1993年4月被批准开放，以奇洞异岩、山明水秀而著称于世。[1],,,,116.641037,23.465811
三山庵,汉语系,释传聪,,广东省,潮州市,潮安区,广东省潮州市潮安区古巷镇福庆三山庵,,,,,116.577980,23.672518
佛光寺,汉语系,释达清,年代不详,广东省,潮州市,潮安区,广东省潮州市潮安区龙湖镇,,,,,116.649559,23.558672
元信庵,汉语系,释佛听,,广东省,潮州市,潮安区,广东省潮州市潮安区凤塘镇塘边村,,,,,116.592239,23.615412
兰若庵,汉语系,释悟清,,广东省,潮州市,潮安区,广东省潮州市潮安区登塘镇白水村,,,,,116.495079,23.701231
别峰庵,汉语系,释慧碧,,广东省,潮州市,潮安区,广东省潮州市潮安区金石镇潘厝,,,,,116.613251,23.531471
太和佛堂,汉语系,谢瑞君,,广东省,潮州市,潮安区,广东省潮州市潮安区庵埠镇内文龙喉顶,,,,,116.682144,23.449770
太平寺,汉语系,释昌慧,,广东省,潮州市,潮安区,广东省潮州市潮安区凤凰镇凤西村,,,,,116.664917,23.961842
宝云寺,汉语系,释昌慧,,广东省,潮州市,潮安区,广东省潮州市潮安区金石镇水库顶,,,,,116.619278,23.525940
宝善寺,汉语系,黄盛洲,,广东省,潮州市,潮安区,广东省潮州市潮安区彩塘镇华桥,,,,,116.669418,23.497856
宝林念佛堂,汉语系,释照愿,,广东省,潮州市,潮安区,广东省潮州市潮安区沙溪镇东山湖,,,,,116.586517,23.532331
居士林,汉语系,释智兰,,广东省,潮州市,潮安区,广东省潮州市潮安区庵埠镇竹排街18号,,,,,116.682144,23.449770
平安寺,汉语系,陈图泉,年代不详,广东省,潮州市,潮安区,广东省潮州市潮安区凤凰镇庵角村,,,,,116.702919,23.903492
广严庵,汉语系,释妙慧,,广东省,潮州市,潮安区,广东省潮州市潮安区庵埠镇广严庵,,,,,116.682144,23.449770
广济佛堂,汉语系,陈图泉,,广东省,潮州市,潮安区,广东省潮州市潮安区庵埠镇中山路127号,,,,,116.682144,23.449770
廖厝念佛堂,汉语系,释信文,,广东省,潮州市,潮安区,广东省潮州市潮安区金石镇廖厝,,,,,116.626060,23.517200
泰安佛堂,汉语系,陈炳瑞,,广东省,潮州市,潮安区,广东省潮州市潮安区东凤镇黄厝尾,,,,,116.699409,23.502031
湖山禅寺,汉语系,释隆伟,,广东省,潮州市,潮安区,广东省潮州市潮安区庵埠镇梅林湖边,,,,,116.641037,23.465811
灵和禅寺,汉语系,释当传,,广东省,潮州市,潮安区,广东省潮州市潮安区庵埠镇竹排街1号,,,,,116.682144,23.449770
狮岩寺,汉语系,释信文,,广东省,潮州市,潮安区,广东省潮州市潮安区彩塘镇宏二村,,,,,116.657219,23.508831
白云古寺,汉语系,释宗兰,年代不详,广东省,潮州市,潮安区,广东省潮州市潮安区赤凤镇葵山林,,,,,116.541077,23.816080
禅隐古寺,汉语系,释果胜,,广东省,潮州市,潮安区,广东省潮州市潮安区江东镇上庄,,,,,116.655655,23.585278
福围庵,汉语系,释道常,,广东省,潮州市,潮安区,广东省潮州市潮安区庵埠镇复兴路65号,,,,,116.682144,23.449770
莲林念佛社,汉语系,释碧君,,广东省,潮州市,潮安区,广东省潮州市潮安区浮洋镇新兴街97号,,,,,116.581314,23.760056
贵月庵,汉语系,陈楚云,,广东省,潮州市,潮安区,广东省潮州市潮安区东凤镇内畔,,,,,116.700317,23.491062
龙川寺,汉语系,郭然,,广东省,潮州市,潮安区,广东省潮州市潮安区庵埠镇潮安大道边,,,,,116.683319,23.464991
水月庵,汉语系,释道扬,年代不详,广东省,潮州市,枫溪区,广东省潮州市枫溪区瓷兴路,,,,,116.609093,23.654119
法光寺,汉语系,释光信,,广东省,潮州市,枫溪区,广东省潮州市枫溪区云步村,,,,,116.623314,23.617641
泗洲佛堂,汉语系,释宗明、蔡丽芯、陈婵霞、陈惜育,,广东省,潮州市,枫溪区,广东省潮州市枫溪区藏龙村泗洲佛堂,,,,,116.597618,23.641190
永福寺,汉语系,释达明,年代不详,广东省,潮州市,饶平县,广东省潮州市饶平县汫洲镇虎头山,永福寺位于广东潮州饶平县，创于宋，重建于广东潮州饶平县。,,,,116.940880,23.622202
香泉寺,汉语系,释耀禅,年代不详,广东省,潮州市,饶平县,广东省潮州市饶平县新丰镇丰联管区桂山,位于广东省饶平县新丰镇丰联村后桂山，据说始建于明朝，1800年（清嘉庆庚申年）重修，石门匾尚在。寺左曾有桂山书院，现已废，余一石门匾（已断缺）和一块古碑，为1860年（咸丰庚申年）立。,,,,116.864120,24.053360
狮子寺,汉语系,释达妙,年代不详,广东省,潮州市,饶平县,广东省潮州市饶平县汫西青山,狮子寺广东潮州饶平县汫洲镇汫西乡青山（狮北）的狮子寺，以其天然石佛、石观音菩萨坐像故又名石佛寺，闻名遐迩,,,,117.003900,23.664120
仁寿寺,汉语系,释超顺,明朝,广东省,潮州市,饶平县,广东省潮州市饶平县饶洋镇水口西村,饶平县饶洋镇水口山坡“象地”的仁寿寺，创自明朝，1997年至越年重建，1998年6月29日被批准登记开放。,,,,116.882622,24.102962
金光寺,汉语系,吴楚君,年代不详,广东省,潮州市,饶平县,广东省潮州市饶平县高堂镇大岭山,饶平县高堂镇群星管区的大岭山金光寺，自1989年以来重建，由吴楚君女居士为首辛苦筹资，住持释弘广等海内外善信鼎力捐款，辟山修路，削坡筑宇，殿堂众多，规模宏伟，气势壮观，引鹤泉清，为粤东梵宇新秀。,,,,116.940544,23.706562
念佛院,汉语系,释道如,年代不详,广东省,潮州市,饶平县,广东省潮州市饶平县井洲井东办事处,念佛院坐落于广东潮州饶平县汫洲镇东部，院前是镇中心大道，东面汫东园林，树木成阴；西是东环城路，有汫洲镇名胜古迹龙井甘泉。,,,,117.003900,23.664120
云峰寺,汉语系,释光彩,年代不详,广东省,潮州市,饶平县,广东省潮州市饶平县所城高埕管区,南粤边陲的饶平县所城镇高埕村北面，有座高峰，名叫“云峯寺”。山腰有座古刹，因山而名，称“云峯寺”。这里山高石奇，雄伟壮观，远望寺后主峰，峰顶端有几块巨石，巧合在一起，如同一朵含苞待放的冲天莲花，真是天造地设，人间奇景。现寺中供奉释迦摩尼三身佛，十八罗汉，千手千眼观音。,,,,117.124321,23.620592
南海庵,汉语系,释宝裕,年代不详,广东省,潮州市,饶平县,广东省潮州市饶平县石壁山南海精舍,南海庵，也叫南海精舍。位于潮州饶平县“粤东一璧”（赵朴初题）旅游区内，黄冈镇石壁山雷音禅寺（俗称“石壁庵”）西旁的南海精舍（庵），创建于1990年4月，越载3月26日开光，由港胞郑金松、颜巧柔伉俪和新加坡缁素捐建，小巧玲珑，山清水秀。1990年被县宗教局批准登记开放，香火颇旺，游客不绝。它由释惟圣尼师（1915—1999）于1989年筹资，1990年4月起经一年创建落成。庵坐北向南，总占地1千多平方米，其中建筑780平方米，琉璃瓦饰顶。从东南面的大门进之，有石径花园300平方米。,,,,117.011658,23.684792
林姜寺,汉语系,释明尚,年代不详,广东省,潮州市,饶平县,广东省潮州市饶平县钱东镇灰寨村,林姜寺，位于广东潮州饶平县钱东镇境内的大甲山脚浮岗上，后倚群峰，前含黄铜岭，下面是广阔的田野及灰寨村。,,县级文物保护单位,,116.900314,23.659441
静修庵,汉语系,释仁瑞,年代不详,广东省,潮州市,饶平县,广东省潮州市饶平县石壁山东侧山霞村,静修庵是佛家弟子尼姑（是指归入佛门，受持具足戒的女子）修行的寺院。如饶平静修庵、宝应静修庵、绍兴静修庵等,,,,117.012138,23.686159
白衣庵,汉语系,释超诚,,广东省,潮州市,饶平县,广东省潮州市饶平县黄冈北门大衙路,建于明朝年间（1368—1644年），几度荒废修建。庵堂原座落于十八沟。因道路弯曲崎岖，两侧的房屋参差，且有不少是破烂不堪的危房，1999年当地政府进行城区改造，故庵堂择地重建。比丘尼释超成不辞辛劳，四处奔波，感动十分善信，纷纷解囊相助，群策群力，终于完成庵堂重建工程，现庵堂占地面积380平方米，建筑面积700平方米。余弘义赋诗云：“古庵复建佛泥金，朝夕鸣钟传法音，菩萨灵光昭盛世，经楼灯火照禅心。”前任住持释道修尼师（1928—2000），俗名郑臣燕，黄冈镇大澳村人。自幼持素礼佛，礼释弘舜尼师为剃度师，后赴潮州开元寺受具足戒。出家后，一直住白衣庵，晨昏礼佛，参禅习经，勤修苦行，广受好评。现任住持释超成尼师，自幼不喜荤腥，青年时信佛，时常来白衣庵诵经礼佛，恭敬三宝。1992年礼释道修尼师为剃度师，1996年赴福州崇福寺受具足戒，1999年募化十方善信移址重建白衣庵。2004年到五台山普寿寺参学。她勤修苦行，慈悲利生，扶贫济困，常为善堂送米，还收养弃婴一名，含辛茹苦，使其茁壮成长。2006年饶平遭遇百年一遇洪灾，全县98%城镇村庄受浸，最深处达5.2米，受洪水围困的人口达56万人，涉及七个镇126个村庄，受灾严重。超尼师心系受灾群众，将平日省食俭用的大米、食用油和积蓄的存款捐献给灾民，同时为灾民祈福消灾，县委统战部向该庵赠送了锦旗。1008年5月她到九华山礼地藏王菩萨，接着又到峨嵋山礼普贤菩萨，12日顺道赴九寨沟朝拜神山，当日14时四川汶川、北川发生7.8级地震，大地颤抖，山河移位，满目疮痍，生离死别。超成尼师续佛慧命，将个人安危置之度外，在地震灾区捐款上万元。2010年4月14日青海省玉树县又发生了7.1级地震，灾情牵动着她的慈悲心肠，她又通过慈善机构向灾区捐款万元，并举办法会，超度众生。超成尼师的善举得到广泛的赞扬。如今的白衣庵，梵宇庄严，纶音绕梁，声名远播。每逢观音菩萨的生日（农历二月十九日）、成道日（六月十九日）、出家日（九月十九日）和每月初一、十五，远近善男信女便簇拥前来朝拜，法号声声，钟鼓悠扬。,,,,117.004227,23.671379
隆福寺,汉语系,释耀文,,广东省,潮州市,饶平县,广东省潮州市饶平县海山镇石头管区,广东省潮州市饶平县寺庙，创自1千多年前的晋朝（265—420），为志书所载潮汕最早创建之寺庵。历经多次兴废。已于1986年至1994年由释光辉法师主持重修，规模宏伟，庄严壮观，1988年10月21日被列为县重点文物保护单位。同年登记开放。,,,,116.959061,23.531462
弘法寺,汉语系,释达诠,年代不详,广东省,潮州市,饶平县,广东省潮州市饶平县新丰镇溁溪三滴水,广东潮州饶平县新丰镇溁西乡五全村三滴水山的弘法寺，1997年至2000年建，2001年11月24日（农历十月初十）举行落成暨诸佛菩萨圣像开光大典。释伽牟尼佛高3.2米，重10吨。阿弥陀佛、药师佛各高3米、重8吨。两位尊者各高约2米、重吨半。大雄宝殿前两侧分别是观音菩萨殿、地藏菩萨殿、钟楼、鼓楼。,,,,116.849762,24.035091
鹤松庵,汉语系,释达柔,年代不详,广东省,潮州市,饶平县,广东省潮州市饶平县所城城南办事处,广东潮州饶平县所城镇南门西侧，即公路旁的鹤松庵，创于明初，清乾隆重修，1989年至1995年修建，1988年获登记开放。以康熙间住持福建诏安县人一忍老和尚，苦行化缘，为民造二桥而闻名。,,,,117.114883,23.603762
龙潭古寺,汉语系,释光创,年代不详,广东省,潮州市,饶平县,广东省潮州市饶平县所城大港琉璃山,广东潮州饶平县所城镇东界大港的龙潭古寺，背靠琉璃岭，一道山涧鸟龙江在寺的东北侧，奔泻入潭似飞龙而故名。创于南宋咸淳元年（1265），元至正重修，1986年再修，焕然一新。1996年2月获县宗教局登记开放。,,,,117.094788,23.621691
仙岩寺,汉语系,詹武东,年代不详,广东省,潮州市,饶平县,广东省潮州市饶平县饶洋上祠,广东潮州饶平县饶洋镇西部岩头东是西岩的一支山脉，由北往南延伸，蜿蜒起伏。历史悠久，驰誉中外的西岩茶，就是这支山脉的特产。在那巍峨的绝壁下，屹立着一座寺院，名叫“仙岩寺”。创于清乾隆六年（1741），1986年扩建一新。,,,,116.882622,24.102962
金山禅寺,汉语系,释达愿,于1990年重建，更名“金山禅寺”,广东省,潮州市,饶平县,广东省潮州市饶平县黄冈镇西门城边48号,广东潮州饶平县金山禅寺，古称准提庵，位于粤东重镇黄冈城的金山顶上（即西门西城边48号），西与城隍庙隔墙，创于胆嘉靖年间（1522—1566），是明、清凤岗八景之一“金山耸峙”，于1990年重兴，由赵朴初会长题寺匾。1993年被登记开放。,,,,117.005569,23.665682
乐天庵,汉语系,释达贤,年代不详,广东省,潮州市,饶平县,广东省潮州市饶平县黄冈镇楚巷猪仔场街,广东潮州饶平县黄冈镇楚巷猪仔场的乐天庵，俗名新庵，创自清乾隆八年（1742）初冬，1954年后被废，1999年5月24日被登记开放，2000年起由住持释道齐尼师筹资重建为四层楼，蒙茗山大师书庵名，2003年11月14日（十月廿一日）落成开光，曾在此召开欢迎纯信大和尚从京载誉归来座谈会，今26吨重铜铸观音像为广东少见。,,,,117.005569,23.665682
粤首庵,汉语系,释道嘉,明朝天启年间（1621—1627,广东省,潮州市,饶平县,广东省潮州市饶平县黄冈镇霞中村,广东潮州饶平县黄冈城东1公里余远、霞绕乡（今霞中管区）马牯岭南麓古楼山边的粤首庵，始建于明朝天启年间（1621—1627），1988年由该乡人、香港高僧释定因（1918—1995）率先捐资，重修前后两座并扩建后座为藏经楼。1988年被登记开放，为饶邑佛门胜地。,,,,117.021049,23.665993
双流寺,汉语系,释光兴,年代不详,广东省,潮州市,饶平县,广东省潮州市饶平县三饶城郊塔山门北山麓,广东潮州饶平县古城三饶镇双流寺，是“饶平八景”之首，为粤东名刹，创于宋（960—1279）之前，已于1996年10月23日被批准重建，1999年八月正式动工，大雄宝殿于2001年建成。千年古刹将更加宏伟壮观重放光彩。,,,,116.797623,23.941986
观海寺,汉语系,释达明,年代不详,广东省,潮州市,饶平县,广东省潮州市饶平县黄冈镇碧岗管区,观海寺，位于饶平县黄冈之东，碧岗村后2公里远的炮台山麓。创建于宋代（960—1279），自1980年由释弘舜尼师（1923—1998）修葺，1983年起由释弘肇法师再修并开通大道，今由释达明法师重兴。1988年获县宗教局首批发证开放，1988年10月21日列为县重点文物保护单位。,,,,117.051460,23.663433
古岭寺,汉语系,释法弘,年代不详,广东省,潮州市,饶平县,广东省潮州市饶平县中岭山霞霞西村,古岭寺位于广东潮州饶平县黄冈镇北郊栖云山东麓，即霞西管区古笃岭径，创自清（1644—1911）初，自1992年至1997年由住持释达悟尼师筹资重建告竣。它前临南海柘林港湾，后倚栖云山峰，山青水绿，灵秀以昭，犹有众多佳联妙墨刻寺柱，是礼佛和游览胜地。,,,,117.015480,23.670763
望海岭寺,汉语系,释汉发,年代不详,广东省,潮州市,饶平县,广东省潮州市饶平县钱东镇望海岭果林场,从广东潮州饶平县钱东镇沿饶钱公路往北约5公里处，有一山岭，因能望风茫茫南海而名“望海岭”。岭上林木苍翠，清风爽人。望海岭寺就建在这清幽的环境中。创于明朝，1988年重建。这里以供奉三尊自占传下的雕琢精巧的观音菩萨而闻名于潮汕及闽南诏安一带，是佛门的一处胜地。,,,,116.894623,23.701132
白雀寺,汉语系,释光兴,年代不详,广东省,潮州市,饶平县,广东省潮州市饶平县柘林镇柘北村,白雀位于饶平县拓林镇北约l千米。建于南宋末年。原称拓林寺，因该地石峰林立。拓树成林而得名。据《东里志》记载：“宋一时原有茅山庵，毁，遂于北面再建拓林寺”。明万历三十一年（1603年）重修大殿。上梁吉日恭请蒋高传（明代人，官至刑部侍郎，后被摘至大城所为盐官）书定山门匾额，恰好有只纤丽的白雀在梁上啾啾欢唱，蒋即兴，用鸡毛大笔疾书：“白雀寺”，书法潇洒流利，今尚存，故寺自此易名为白雀寺。建筑为两进院式，土木结构，前座供奉观世音菩萨，后座供奉西方三圣，寺里珍藏有明代浙江天幢奇主僧德祥和尚所绘制的十八罗汉像。有明代铸造的千斤铜钟。宋代景德镇烧制的祭红大瓶等文物。1982年重修，1988年列为县级文物重点保护单位。,,,,117.094032,23.579903
上浮山福寿庵,汉语系,郑明卿,,广东省,潮州市,饶平县,广东省潮州市饶平县钱东上浮山,,,,,117.003900,23.664120
二鍪山寺,汉语系,吴暹发,,广东省,潮州市,饶平县,广东省潮州市饶平县樟溪镇内庵村二茅山,,,,,116.837273,23.712151
云峰禅寺,汉语系,杨克汉,,广东省,潮州市,饶平县,广东省潮州市饶平县所城镇鸿北村云峰山,,,,,117.126976,23.626390
云峰院,汉语系,释耀莲,,广东省,潮州市,饶平县,广东省潮州市饶平县大埕镇云峰院,,,,,117.149513,23.613432
光明精舍,汉语系,释晓长,,广东省,潮州市,饶平县,广东省潮州市饶平县黄冈镇红光拥军路尾,,,,,117.007507,23.672880
华盖寺,汉语系,张永炎,,广东省,潮州市,饶平县,广东省潮州市饶平县上饶镇上善村岭头,,,,,116.905243,24.138552
古佛庵,汉语系,释超扬,,广东省,潮州市,饶平县,广东省潮州市饶平县黄冈镇拥军路,,,,,117.006104,23.681101
同安岩寺,汉语系,释法常,,广东省,潮州市,饶平县,广东省潮州市饶平县所城镇横山同安岩西天村,,,,,117.076096,23.645876
妙德精舍,汉语系,张丽芳,,广东省,潮州市,饶平县,广东省潮州市饶平县海山镇隆西居委会内,,,,,116.943443,23.532097
宁福寺,汉语系,释友茂,,广东省,潮州市,饶平县,广东省潮州市饶平县所城居委会,,,,,117.003900,23.664120
定慧净寺,汉语系,释道平,,广东省,潮州市,饶平县,广东省潮州市饶平县钱东仙洲管区,,,,,116.898247,23.634430
宝德精舍,汉语系,陈玩纯,,广东省,潮州市,饶平县,广东省潮州市饶平县钱东镇灰寨村,,,,,116.900314,23.659441
宝能寺,汉语系,张永炎,,广东省,潮州市,饶平县,广东省潮州市饶平县上饶镇坝上大塘面,,,,,116.905792,24.134533
广德精舍,汉语系,张藏方,,广东省,潮州市,饶平县,广东省潮州市饶平县城东碧霞路五横3号,,,,,117.003900,23.664120
海莲寺,汉语系,释达明,,广东省,潮州市,饶平县,广东省潮州市饶平县黄冈镇新合管理区,,,,,116.997551,23.663591
白石寺,汉语系,释达明,,广东省,潮州市,饶平县,广东省潮州市饶平县新丰镇九村,,,,,116.858810,24.047333
福寿庵,汉语系,释悟德,,广东省,潮州市,饶平县,广东省潮州市饶平县黄冈红光居委长美五横10号,,,,,116.936058,23.896221
福庆庵,汉语系,释达竟,,广东省,潮州市,饶平县,广东省潮州市饶平县钱东镇紫云管区,,,,,116.923477,23.677061
福慧庵,汉语系,释达华,,广东省,潮州市,饶平县,广东省潮州市饶平县黄冈镇红光办事处,,,,,117.007507,23.672880
福海寺,汉语系,罗光明,,广东省,潮州市,饶平县,广东省潮州市饶平县所城镇南任乡,,,,,117.084076,23.627031
竹林寺,汉语系,释达明,,广东省,潮州市,饶平县,广东省潮州市饶平县新圩镇田中央村,,,,,116.946373,23.805792
竹林庵,汉语系,释道莲,,广东省,潮州市,饶平县,广东省潮州市饶平县钱东镇新乡村,,,,,116.877907,23.620321
茶亭庵,汉语系,释光贤,,广东省,潮州市,饶平县,广东省潮州市饶平县黄冈镇霞东管区汕汾公路北侧,,,,,117.028580,23.666681
西岩寺,汉语系,张益在,,广东省,潮州市,饶平县,广东省潮州市饶平县上饶镇马坑西岩山,,,,,116.868744,24.151279
观音堂,汉语系,释道和,,广东省,潮州市,饶平县,广东省潮州市饶平县钱东镇小东管区,,,,,116.917557,23.670601
觉苑精舍,汉语系,释道莲,,广东省,潮州市,饶平县,广东省潮州市饶平县黄冈镇新霞管区,,,,,117.010818,23.669092
觉莲精舍,汉语系,释达云,,广东省,潮州市,饶平县,广东省潮州市饶平县汫洲镇汫南居委,,,,,116.943001,23.619841
进德庵,汉语系,释达敏,,广东省,潮州市,饶平县,广东省潮州市饶平县黄冈镇洪西寮村,,,,,116.984703,23.668993
长宁庵,汉语系,释超轮,,广东省,潮州市,饶平县,广东省潮州市饶平县黄冈镇仙春管区,,,,,117.058044,23.659000
长寿庵,汉语系,余惜刁,,广东省,潮州市,饶平县,广东省潮州市饶平县黄冈镇山霞村,,,,,117.012352,23.671736
雷音禅寺,汉语系,释达照,,广东省,潮州市,饶平县,广东省潮州市饶平县黄冈石壁山风景区,,,,,117.012138,23.686159
飞凤庵,汉语系,许飞凤,,广东省,潮州市,饶平县,广东省潮州市饶平县所城镇龙溪,,,,,117.112862,23.611092
香山寺,汉语系,释达裕,,广东省,潮州市,饶平县,广东省潮州市饶平县石壁山,,,,,117.012138,23.686159
普光禅寺,汉语系,麦继香,,广东省,潮州市,饶平县,广东省潮州市饶平县井洲井西办事处,,,,,117.003900,23.664120
普德庵,汉语系,释达莹,,广东省,潮州市,饶平县,广东省潮州市饶平县黄冈红光办事处,,,,,117.007507,23.672880
普陀岩庵,汉语系,释达圣,,广东省,潮州市,饶平县,广东省潮州市饶平县所城镇上龙湾山,,,,,117.114998,23.584320
古大士庵,汉语系,释耀兴,年代不详,广东省,潮州市,湘桥区,广东省潮州市湘桥区义安路府仓内16号,在广东潮州市城内中心的府仓内（旧称“永丰仓”），有一座以观音大士塑像，高大典雅而闻名的古大士庵。它以笔架山之中峰为案屏，独具胜概，系潮州名刹之一。1990年和1999年，由住持释明光筹资，分别重建落成慈恩阁、藏经阁、五观堂，使古刹重放光彩。,,,国家AAAA级旅游景区,116.648964,23.667112
叩齿古寺,汉语系,释道源,年代不详,广东省,潮州市,湘桥区,广东省潮州市湘桥区下西平道后巷16号,位于广东潮州市湘桥区城南西平路道后巷，今城南小学东邻的叩齿古寺，原名大隐庵，后名叩齿庵，创自唐朝，自1990年至2003历经十三载，由住持释宏生全面重建并扩建东院，规模宏伟，瑰丽多姿，以其韩愈大颠会晤圣地、“八一”南昌起义军师部驻所、罕见仿唐建筑而声名甚著。1980年被列为潮州市文物保护重点单位。2000年9月15日被省佛协授予“佛教文明寺院”称号。,,,,116.628340,23.674410
万寿庵,汉语系,释耀通,年代不详,广东省,潮州市,湘桥区,广东省潮州市湘桥区北马路七星桥15号,万寿庵，在广东潮州市区金山脚七星桥15号，明末清初创建，万寿庵由清潮州中军游击陈旺创建于康熙十年，原建筑面积包括现在的苏悉地园及北门直街四间铺面在内；原住主持带有海岸、海寿、海富、海玉等七位僧人。康熙十八年因受外来僧人所扰，故上呈岭东兵备道栽定其庵所有权归七位弟子所有。,,,,116.628340,23.674410
万德庵,汉语系,释超印,年代不详,广东省,潮州市,湘桥区,广东省潮州市湘桥区北门外头池顶2号,万德庵在广东潮州市区北门外头池顶2号，创建于明代中期（1480年左右），原为斋堂，清代光绪八年（1882）重修，改斋堂为庵。1986年住持释崇典重修，有佛殿、祖堂、僧舍。建筑面积163.44平方米。,,,,116.647499,23.675196
石庵,汉语系,释理诚,年代不详,广东省,潮州市,湘桥区,广东省潮州市湘桥区意溪镇桂坑村,石庵位于湘桥区意溪镇桂坑村石庵山（古称石瓮山）西面半山坡，距潮州市区约15公里。山上高树凝烟，怪石嶙峋，曲径迀回，洞穴幽邃；山下碧溪流水，清幽雅致。石庵依山而筑，尽得自然之神韵。庵分二层：上为佛堂，白墙灰瓦，十分简朴，堂前有桂花一株，高逾一丈，植于明代，据传为明末公主（郡主）手栽，芬馥异常；下为自然岩洞，洞虚如室，可容十数人。从山脚登蜿蜒小径而上，可见路左峭壁上，镌“寒拾留响”、“不昧因果”的摩崖石刻，为明代南京礼部尚书黄锦手书。,,市级文物重点保护单位,,116.724342,23.716431
明镜古寺,汉语系,释达诠,明朝,广东省,潮州市,湘桥区,广东省潮州市北关北美路,明镜古寺坐落于广东潮州市区北关村北美路尾，始建于明朝（1368—1644），1995年起重建，1999年1月21日落成开光。以“古代风貌，岭南风格”的佛教特色建筑群和颐养孤寡老人的福利型多功能寺院而闻名遐迩。,,,,116.643181,23.678322
来龙庵,汉语系,释传然,年代不详,广东省,潮州市,湘桥区,广东省潮州市湘桥区下东平路王厝堀池墘24号,来龙庵位于广东潮州市区下东平路王厝堀池乾24号，是闹市中的一座具有四百多年历史的尼庵。它是明代中叶，富家谢氏女，矢志披剃出家，法名果弘，其父母为之建此庵以为清修之所。据庵内碑文记载：1932年壬申，比丘尼释宽瞻进行修建。解放后1955年乙未至1991年辛未，住持释惟性尼师先后五次重修，完善各殿堂。,,,,116.650291,23.658426
觉园精舍,汉语系,释信愿,年代不详,广东省,潮州市,湘桥区,广东省潮州市湘桥区布梳街廖厝巷,觉园精舍，在广东潮州市区布梳街廖厝巷1号，原为住持释若化俗家祖业,,,,116.628340,23.674410
别峰古寺,汉语系,释信愿,年代不详,广东省,潮州市,湘桥区,广东省潮州市意溪镇橡埔区,广东潮州市意溪镇橡埔乡别峰古寺，距离市区东北5公里，由崔道亮创于明代（1368—1644），自1983年至2001年，先后由住持释弘廉、释信愿募资重修、扩建，并开辟水泥路面宽大的公路直通寺前，山门高耸，凉亭处处，古景新辉，名刹焕彩。,,,,116.638382,23.702042
东林寺,汉语系,释明皓,,广东省,潮州市,湘桥区,广东省潮州市湘桥区铁铺镇桂林村,东林寺始建于宋末，曾三次被破废，最后一次是清末重修。寺院建筑物尚完好，被桂林村使用。,,,,116.767479,23.602093
慈福庵,汉语系,释达圆,年代不详,广东省,潮州市,湘桥区,广东省潮州市湘桥区东下城脚22号,慈福庵，在广东潮州市区下东城脚22号，创始年代未详，据耆宿所传：昔有姐妹二人，出家后于此创建相连二庵：一为慈福庵，一为慈林庵，俗称“姐妹庵”。抗日战争期间，尼师星散，慈福庵被地痞拆毁，解放后被学校建宿舍，仅存近70平方米的慈林庵部分地产，1986年归还佛教协会管理，进行重修，改名慈福庵，1990年因堤防建设需要被拆去，住持释定实购买该处后座167.44平方米重建，前为庵门厅，后为二层楼，作佛殿、祖堂、僧舍之用。,,,,116.651451,23.660891
慧清庵,汉语系,释永慧,1667,广东省,潮州市,湘桥区,广东省潮州市湘桥区北门方巾巷13号,创自清康熙六年（），从1982年至1999年由住持释正语尼师（潮州市佛协副会长）筹资重建，赵朴初会长题庵匾，梵楼古雅，花草芳菲，为闹市中之静境、嚣尘中之清幽，令人向往。,,,,116.628340,23.674410
宝寿庵,汉语系,释永祥,年代不详,广东省,潮州市,湘桥区,广东省潮州市湘桥区下东平路333号,宝寿庵，在广东潮州市区下东平路333号，是明代末期礼部尚书黄锦之媳（比丘尼广慧智公）及女儿（比丘尼有悟成公）出家清修所建，清代乾隆年间（公元1735—1795）重修，为四合院式结构。,,,,116.649110,23.657240
宝华庵,汉语系,释传明,,广东省,潮州市,湘桥区,广东省潮州市湘桥区东下城脚61号,宝华庵，在广东潮州市区下东城脚61号，创建年代未详，清代乾隆年间（1736—1795）重修，“文革”期间被东池煤厂和居民占用，唯存一厅二房，1981年住持释定崇重修，此后随着宗教政策落实，被占用地方逐渐归还。1999年在善信支持下，进行改建，前为门厅，后为二层楼佛殿、祖堂，两侧分别为僧舍、库房、厨房。,,,,116.651451,23.660891
白塔寺,汉语系,释仁悲,明代（1368-1644）,广东省,潮州市,湘桥区,广东省潮州市湘桥区意溪镇,白塔寺，位于湘桥区意溪镇东洋塭峰之上，因寺后建有白塔一座，故名为白塔寺，为曹洞宗福州鼓山西堂统和尚结茅禅修之所，遂名闻遐迩。又因环境清幽，远离尘俗，而为人们朝圣礼佛、观光旅游胜地。,,,,116.655128,23.692423
佛母寺,汉语系,释圣空,,广东省,潮州市,湘桥区,广东省潮州市湘桥区意溪镇紫莲山,,,,,116.736359,23.720057
南岩寺,汉语系,释隆道,,广东省,潮州市,湘桥区,广东省潮州市湘桥区西园路,,,,,116.639351,23.667601
古竺庵,汉语系,释能照,,广东省,潮州市,湘桥区,广东省潮州市湘桥区意溪镇东郊村,,,,,116.657829,23.689911
孝禅寺,汉语系,释道慈,,广东省,潮州市,湘桥区,广东省潮州市湘桥区意溪镇头塘,,,,,116.615227,23.714300
安禅庵,汉语系,释传纯,,广东省,潮州市,湘桥区,广东省潮州市湘桥区北门宋厝巷16号,,,,,116.647433,23.673210
寿安古寺,汉语系,释理诚,,广东省,潮州市,湘桥区,广东省潮州市西湖公园内,,,,,116.641983,23.671591
居士林,汉语系,方锦诚,,广东省,潮州市,湘桥区,广东省潮州市湘桥区环城南路草埔林30号,,,,,116.645218,23.657190
开元镇国禅寺,汉语系,释达诠,,广东省,潮州市,湘桥区,广东省潮州市开元路32号,,,,,116.648820,23.662670
松林古寺,汉语系,释能亮,,广东省,潮州市,湘桥区,广东省潮州市湘桥区意溪镇埔东松林峰,,,,,116.666267,23.678560
益寿互助会,汉语系,释传然,,广东省,潮州市,湘桥区,广东省潮州市湘桥区太平路家伙巷25号,,,,,116.628340,23.674410
石磷庵,汉语系,释静安,,广东省,潮州市,湘桥区,广东省潮州市湘桥区磷溪镇溪口五村,,,,,116.712051,23.645123
福广庵,汉语系,释宏宗,,广东省,潮州市,湘桥区,广东省潮州市湘桥区意溪镇寨脚,,,,,116.648636,23.692266
苏悉地园,汉语系,释超慧,,广东省,潮州市,湘桥区,广东省潮州市湘桥区北马路杨厝巷13-14号,,,,,116.628340,23.674410
观音堂,汉语系,释道信,,广东省,潮州市,湘桥区,广东省潮州市湘桥区太平路官诰巷14号,,,,,116.649741,23.672843
长寿庵,汉语系,释昌能,,广东省,潮州市,湘桥区,广东省潮州市湘桥区中山路53号,,,,,116.647530,23.670112
慈宝庵,汉语系,释道正,,广东省,潮州市,湘桥区,广东省潮州市湘桥区意溪镇桂坑,,,,,116.721001,23.715813
敬善庵,汉语系,释融敏,,广东省,潮州市,湘桥区,广东省潮州市湘桥区后铺仔34号,,,,,116.635689,23.668375
香慧寺,汉语系,释昌寂,年代不详,广东省,东莞市,,广东省东莞市寮步镇陈家埔村,香慧寺是当前唯一具有东莞代表文化符号莞香的寺院，位于寮步镇香市公园神仙岭脚下，占地面积约5.6亩，总建筑面积约为4000平方米。,,,,113.858238,22.996271
樟木头观音寺,汉语系,释恒武,,广东省,东莞市,,广东省东莞市樟木头镇石新观音山森林公园内,东莞大岭山森林公园观音寺位于东莞市大岭山森林公园石洞景区中心。园内最高点“茶山顶”海拔530.1米，登上峰顶，可欣赏城市新貌，也可欣赏周边湖光山色。据史料记载，始建于明朝，距今已有三百多年历史。相传寺内有一道清泉香甜可口，长时饮用，能够永葆青春，延年益寿，这道清泉流淌过的地方，万物滋养，树木茁壮生长，树根相互交错，形成一道天然的屏障，密不透风，保全着仙泉的灵性。人们只能闻泉水之声，不见泉水之径，故此泉水又名“隐泉”。后被人们称之为观音圣泉。因此得名于观音寺，观音寺有优越的地理位置和便利的交通条件，与厚街镇，虎门镇，长安镇，大岭山镇，四镇相邻。,,,,114.071587,22.902624
三界庙,汉语系,释法慧,,广东省,东莞市,,广东省东莞市石碣镇袁崇焕公园内,,,,,113.813248,23.099331
东莞市大岭山观音寺,汉语系,释觉悟,,广东省,东莞市,,广东省东莞市虎门怀德大岭山林场石洞景区,,,,,113.676018,22.817659
东莞市法华寺,汉语系,释悟斌,,广东省,东莞市,,广东省东莞市清溪镇银瓶山石对坑,,,,,114.190125,22.822903
东莞市石碣镇三宝寺,汉语系,释妙华,,广东省,东莞市,,广东省东莞市石碣镇水南村,,,,,113.830719,23.099632
云岗古寺,汉语系,释演然,,广东省,东莞市,,广东省东莞市石排镇浦心村,,,,,113.939972,23.089220
小月庵,汉语系,释诠学,,广东省,东莞市,,广东省东莞市石龙镇建街25号,,,,,113.874260,23.105841
广东省东莞市欧仙寺,汉语系,释海印,,广东省,东莞市,,广东省东莞市石龙镇黄家山村,,,,,113.870438,23.116461
广东省东莞市石龙地藏王寺,汉语系,释有鼎,,广东省,东莞市,,广东省东莞市石龙镇长兴街,,,,,113.848511,23.112570
广东省东莞市长安莲花古寺,汉语系,释耀渡,2002-08-01,广东省,东莞市,,广东省东莞市长安镇咸西村莲花山,,,,,113.808609,22.843515
樨缘庵,汉语系,释嘉威,,广东省,东莞市,,广东省东莞市石龙镇打锁街35号,,,,,113.874260,23.105841
湧池庵,汉语系,释证蜜,,广东省,东莞市,,广东省东莞市中堂镇槎滘村第三坊,,,,,113.631294,23.090721
石龙佛寺,汉语系,释耀昌,,广东省,东莞市,,广东省东莞市石龙镇新维村,,,,,113.840988,23.111111
紫竹林庵,汉语系,释远定,,广东省,东莞市,,广东省东莞市常平镇南环一街1号、2号,,,,,113.993004,22.974903
芙蓉寺,汉语系,释了空,,广东省,东莞市,,广东省东莞市黄江镇宝山,,,,,114.003563,22.915279
菩提庵,汉语系,释灯愿,,广东省,东莞市,,广东省东莞市石龙镇竹丝洲99号,,,,,113.854500,23.111395
菩提庵,汉语系,释焱祺,,广东省,东莞市,,广东省东莞市石龙镇卖鸡地60号,,,,,114.090248,22.877131
觉华寺,汉语系,释觉悟,,广东省,东莞市,,广东省东莞市中堂镇觉华路,,,,,113.647697,23.094810
金沙寺,汉语系,释则明,,广东省,东莞市,,广东省东莞市沙田镇阇西村,,,,,113.612343,22.906151
隐贤寺,汉语系,释延佛,,广东省,东莞市,,广东省东莞市常平镇丽城开发区隐贤山庄内,,,,,114.024231,22.975241
静光堂,汉语系,释慈传,,广东省,东莞市,,广东省东莞市石龙镇大桥周屋12号,,,,,113.852341,23.104872
归义庵,汉语系,释静航,,广东省,东莞市,,广东省东莞市麻涌镇麻四村七坊,,,,,113.567688,22.996317
广东省东莞市资福寺,汉语系,释觉悟,,广东省,东莞市,东城区,广东省东莞市东城同沙生态公园黄公山,,,,,113.812088,22.984850
海潮庵,汉语系,释宏生,,广东省,东莞市,东城区,广东省东莞市东城鳌峙塘村,,,,,113.826698,23.092882
琉花寺,汉语系,释自度,,广东省,东莞市,东城区,广东省东莞市东城区榴花公园内,,,,,113.816437,23.083019
福善庵,汉语系,释心坚,,广东省,东莞市,东城区,广东省东莞市东城石井蓢基湖一路横巷13号,,,,,113.798880,23.033080
般若念佛堂,汉语系,释惟觉,,广东省,东莞市,东城区,广东省东莞市东城区温塘百草岭一路十巷,,,,,113.815521,23.044769
西皈庵,汉语系,释锐添,,广东省,东莞市,东城区,广东省东莞市东城区涡岭商业街东区七巷六号,,,,,113.774719,23.027510
黄旗观音古寺,汉语系,释自度,,广东省,东莞市,东城区,广东省东莞市东城区旗峰公园内,,,,,113.774979,23.015942
乐善庵,汉语系,释普能,,广东省,东莞市,莞城区,广东省东莞市莞城区万寿路60号,,,,,113.758260,23.044058
宝觉庵,汉语系,释成亮,,广东省,东莞市,莞城区,广东省东莞市莞城仁和二甲25号,,,,,113.751053,23.053415
清秀庵,汉语系,翟秀兰,,广东省,东莞市,莞城区,广东省东莞市莞城象塔街30号,,,,,113.757085,23.042597
西传庵,汉语系,释肇文,,广东省,东莞市,莞城区,广东省东莞市莞城木石居13号,,,,,113.751053,23.053415
西竺庵,汉语系,释礼增,,广东省,东莞市,莞城区,广东省东莞市莞城果蕉街24号,,,,,113.751053,23.053415
祗园念佛堂,汉语系,释昌平,,广东省,东莞市,南城区,广东省东莞市南城西平上手村,,,,,113.760338,22.990601
东莞市万江小享村龙树庵,汉语系,释达光,,广东省,东莞市,万江区,广东省东莞市万江区小享村,,,,,113.687920,23.063152
素庵,汉语系,释淦贤,,广东省,东莞市,万江区,广东省东莞市万江大汾村居委会连步桥坊十巷13号,,,,,113.693497,23.042395
佛教从云庵,汉语系,释印烨,,广东省,佛山市,顺德区,广东省佛山市顺德区乐从镇沙边大街黄巷1号,,,,,113.089241,22.958511
佛教奎福寺,汉语系,释则当,,广东省,佛山市,顺德区,广东省佛山市顺德区均安镇星槎村,,,,,113.114838,22.743670
佛教宝林寺,汉语系,释宏满,,广东省,佛山市,顺德区,广东省佛山市顺德区大良宝林路,,,,,113.280296,22.810240
佛教慈航净院,汉语系,黎样致,,广东省,佛山市,顺德区,广东省佛山市顺德区陈村镇白岗基,,,,,113.227844,22.958256
佛教紫云阁,汉语系,释满如,,广东省,佛山市,顺德区,广东省佛山市顺德区龙江镇人民路22号,,,,,113.128792,22.862591
佛教觉妙净院,汉语系,释信妙,,广东省,佛山市,顺德区,广东省佛山市顺德区杏坛镇逢简村,,,,,113.149223,22.814131
佛教金色庵,汉语系,释永赞,,广东省,佛山市,顺德区,广东省佛山市顺德区大良三株松3号,,,,,113.251667,22.843630
佛教雨花寺,汉语系,释本空,,广东省,佛山市,顺德区,广东省佛山市顺德区容桂雨花巷1号,,,,,113.260872,22.761959
广州市能仁寺,汉语系,释耀智,1824,广东省,广州市,白云区,广东省广州市白云山,能仁寺始建于1824，位于广东省广州市白云山，其创建人是吟坚和尚。,,,,113.297295,23.178823
广州市金刚禅寺,汉语系,释心光,2010-07-30,广东省,广州市,白云区,广东省广州市白云区金沙洲钟村横五巷46号,广州市金刚禅寺地处广州市白云区金沙洲沙凤钟村内，是广州市第六大丛林，是广州市白云区登记开放的唯一一所大型佛教活动场所，其前身为东岳庙，始建于元末明初，距今已有六百五十余年的历史。,,,,113.189072,23.146111
广州市从化圆通寺,汉语系,释如广,,广东省,广州市,从化市,广东省从化市江浦街联星村,落于从化江埔街联星社区辖区内、依傍有“母亲河”之称的流溪河畔，它的前身是联星观音堂。由一位从化籍的乐善好施的善长人翁出资，该寺（即观音堂）始建于公元1920年前，经过多年的建设，最后建成占地面积3亩多（2000多平方米）、建筑面积800多平方米，有住持、员工10多人，堂内大、小观音佛像、设施、活动场所齐全的佛教活动场所。该寺（即观音堂）建成后，名声远播，四方香客云集、香火鼎盛。1938年日本侵华期间，遭日机炸毁，该寺（即观音堂）只留下残垣断壁。,,,,113.603493,23.545042
广州市番禺区眉山寺,汉语系,释如心,,广东省,广州市,番禹区,广东省广州市番禺区市桥街黄编村黄编大道,,,,,113.374619,22.951967
广州市莲花禅寺,汉语系,释光明,,广东省,广州市,番禹区,广东省广州市番禺区石楼镇莲花山旅游区,,,,,113.503578,22.985500
广州市宁隐庵,汉语系,释真雄,2002-06-18,广东省,广州市,海珠区,广东省广州市海珠区同福中路宁隐街2号,,,,,113.317200,23.083310
广州市海幢寺,汉语系,李顺伟,,广东省,广州市,海珠区,广东省广州市南华中路188号,,,,,113.258220,23.105790
广州市东方寺,汉语系,释印觉,,广东省,广州市,花都区,广东省广州市花都区芙蓉旅游度假村,,,,,113.234734,23.502365
广州市华严寺,汉语系,释印觉,,广东省,广州市,花都区,广东省广州市花都区芙蓉大道1号,,,,,113.215400,23.428650
廣州市隆華寺,汉语系,释义普,,广东省,广州市,花都区,广东省广州市花都区梯面鎮五聯村紫霞山庄,,,,,113.325058,23.579411
广州市华林禅寺,汉语系,释光明,,广东省,广州市,荔湾区,广东省广州市下九路华林禅寺前31号,,,,,113.247383,23.116398
广州市福胜庵,汉语系,释光玉,1999-11-15,广东省,广州市,荔湾区,广东省广州市荔湾区十八甫福安街17号,,,,,113.246870,23.112710
广州市陶轮学社,汉语系,释惟信,,广东省,广州市,荔湾区,广东省广州市荔湾区龙津东路洞神坊历荣里8号,,,,,113.251862,23.123522
广州市华峰寺,汉语系,释贤竹,,广东省,广州市,萝岗区,广东省广州市萝岗区永和街禾丰村华峰山,,,,,113.559059,23.230879
广州市法雨寺,汉语系,释永健,,广东省,广州市,萝岗区,广东省广州市萝岗区花果山火村,,,,,113.420837,23.588032
广州市六榕寺,汉语系,释法量,2006-04-14,广东省,广州市,越秀区,广东省广州市越秀区六榕寺87号,六榕寺位于广州市的六榕路，是广州市一座历史悠久、海内外闻名的古刹。寺中宝塔巍峨，树木葱茂，文物荟萃，历史上留下不少名人的足迹。六榕寺因苏东坡当年为寺庙题字而得名。它与光孝、华林、海幢寺并称广州佛教四大丛林。六榕寺和寺中的花塔一样，历来为人们所称颂，加之历史地位与光孝寺齐名素有“光孝以树传，净慧（六榕寺的别称）以塔显”之称。[1],,,,113.260040,23.128292
广州市大佛寺,汉语系,释耀智,公元917-971,广东省,广州市,越秀区,广东省广州市越秀区惠福东路惠新中街21,广州大佛寺始建于南汉（公元917-971），名新藏寺，为南汉王刘龑上应天上二十八宿而建。明代扩建为龙藏寺，后改为巡按公署。清顺治元年（1649）公署毁于火。平南王尚可喜于康熙二年春，自捐王俸，仿京师官庙制式，兼具岭南地方风格重建殿宇，具有较高的文化艺术观赏价值。,,,,113.267960,23.122210
广州市佛教协会道场,汉语系,释光盛,,广东省,广州市,越秀区,广东省广州市越秀区西华路永安约31号,,,,,113.253761,23.131891
广州市无着庵,汉语系,释果正,,广东省,广州市,越秀区,广东省广州市德政中路丽水坊50号,,,,,113.276466,23.120850
增城市倚岩寺,汉语系,释光国,,广东省,广州市,增城市,广东省增城市正果镇正桥街18号,,,,,113.893387,23.417252
增城市正果寺,汉语系,释光喜,,广东省,广州市,增城市,广东省增城市正果寺正桥街18号,,,,,113.895691,23.418766
增城市长寿寺,汉语系,释悟真,,广东省,广州市,增城市,广东省增城市荔城区前进路,,,,,113.837349,23.286819
桂山禅寺,汉语系,赵德平,,广东省,河源市,,广东省河源市桂山风景区内,,,,,114.595741,23.722219
义江古寺,汉语系,释顿善,,广东省,河源市,东源县,广东省河源市东源县义合镇苏家围旅游景区内,,,,,114.888489,23.842690
柳城石林寺,汉语系,陈惠波,,广东省,河源市,东源县,广东省河源市东源县柳城镇坪山村,,,,,115.124451,24.030302
高泉寺,汉语系,释顿念,年代不详,广东省,河源市,和平县,广东省河源市和平县城岭排路实验中学旁,高泉寺，坐落于广东省和平县县城西客站500米处（现实验中学旁边、106厂里面）。始建于清朝康熙年间，后迁大坝汤湖老排，光绪辛丑年迁回和平县城西。现任住持：释顿念（比丘），建筑规模：大殿一处，前殿一处，东寮一处，其它各房若干。,,,,114.931572,24.445744
和平县奇峰庵,汉语系,黄伟群,,广东省,河源市,和平县,广东省河源市和平县上陵镇羊石,,,,,114.997612,24.605350
和平县宁泰寺,汉语系,黄月林,,广东省,河源市,和平县,广东省河源市和平县彭寨镇公和村,,,,,115.056892,24.375032
和平县狮子岩清凉寺,汉语系,释顿静,,广东省,河源市,和平县,广东省河源市和平县合水镇丰岭村狮子岩,,,,,114.898079,24.314791
留云古寺,汉语系,陈慧波,,广东省,河源市,和平县,广东省河源市和平县林寨镇,,,,,115.069084,24.280373
眉峰寺,汉语系,曾秀兰,,广东省,河源市,和平县,广东省河源市和平县上陵镇增公村,,,,,115.030663,24.545483
粮溪华光帝庙,汉语系,曾玉英,,广东省,河源市,和平县,广东省河源市和平县粮溪书塘村历书,,,,,115.018799,24.367592
龙湖观音堂,汉语系,巫红南,,广东省,河源市,和平县,广东省河源市和平县阳明镇龙湖村,,,,,114.957184,24.454342
九龙寺,汉语系,释道能,,广东省,河源市,连平县,广东省河源市连平县黄牛石风景区,,,,,114.460976,24.506594
崇兴寺,汉语系,释悟念,,广东省,河源市,连平县,广东省河源市连平县元善镇东山村,,,,,114.496063,24.351061
灵鹫寺,汉语系,释延实,,广东省,河源市,连平县,广东省河源市连平县高莞镇徐村灵鹫山,,,,,114.696152,24.247316
白云寺,汉语系,释悟霁,,广东省,河源市,连平县,广东省河源市连平县元善镇东联村,,,,,114.484428,24.361980
连平县回龙寺,汉语系,释会传,,广东省,河源市,连平县,广东省河源市连平县元善镇城东居委会新街桥头,,,,,114.494331,24.370901
连平县燕岩六祖古寺,汉语系,释宽静,,广东省,河源市,连平县,广东省河源市连平县陂头镇燕岩六祖古寺,,,,,114.251328,24.419762
鹿湖禅寺,汉语系,释法明,年代不详,广东省,河源市,龙川县,广东省河源市龙川县四都镇新川村,鹿湖禅寺，位于广东省河源市龙川县，原为一个小庵堂。,,,,115.263298,24.247131
上坪崇福寺,汉语系,释如珂,,广东省,河源市,龙川县,广东省河源市龙川县上坪镇青云山,,,,,115.452454,24.698919
上坪观音寺,汉语系,刘丽玲,,广东省,河源市,龙川县,广东省河源市龙川县上坪镇上坪村,,,,,115.450867,24.699120
佗城南山古寺,汉语系,释如珂,,广东省,河源市,龙川县,广东省河源市龙川县佗城镇亨渡村,,,,,115.183319,24.035070
佗城正相寺,汉语系,罗国桥,,广东省,河源市,龙川县,广东省河源市龙川县佗城镇塔西村,,,,,115.155891,24.064592
水坑观音寺,汉语系,释了藏,,广东省,河源市,龙川县,广东省河源市龙川县老隆镇水坑里,,,,,115.250191,24.104691
盘谷古寺,汉语系,释持觉,,广东省,河源市,龙川县,广东省河源市龙川县丰稔镇,,,,,115.331848,24.171862
矮龙山禅寺,汉语系,释法有,,广东省,河源市,龙川县,广东省河源市龙川县麻布岗镇上溪村,,,,,115.385811,24.660042
福兴禅寺,汉语系,释法明,,广东省,河源市,龙川县,广东省河源市龙川县贝岭镇,,,,,115.341789,24.592712
细坳通风寺,汉语系,释瑞转,,广东省,河源市,龙川县,广东省河源市龙川县细坳镇,,,,,115.265167,24.690731
老隆高明寺,汉语系,释法明,,广东省,河源市,龙川县,广东省河源市龙川县老隆镇下泡水,,,,,115.247208,24.090372
贝岭佛光寺,汉语系,释瑞转,,广东省,河源市,龙川县,广东省河源市龙川县贝岭镇宫下村,,,,,115.344864,24.606792
铁场太平寺,汉语系,罗明贤,,广东省,河源市,龙川县,广东省河源市龙川县铁场镇丰光村,,,,,115.553864,24.229633
霍山灵山寺,汉语系,释耀荣,,广东省,河源市,龙川县,广东省河源市龙川县田心镇霍山太乙岩,,,,,115.502777,24.272200
霍山玉麟寺,汉语系,黄科明,,广东省,河源市,龙川县,广东省河源市龙川县铁场镇珊田村,,,,,115.486320,24.225433
龙台寺,汉语系,释法万,,广东省,河源市,龙川县,广东省河源市龙川县老隆镇莲南村,,,,,115.235153,24.098782
龙母金华寺,汉语系,黄观荣,,广东省,河源市,龙川县,广东省河源市龙川县龙母镇珠塘村,,,,,115.432648,24.230951
龙潭寺,汉语系,蔡尚玲,,广东省,河源市,龙川县,广东省河源市龙川县义都镇,,,,,115.138184,24.160440
新田祥云寺,汉语系,刁怀文,,广东省,河源市,龙川县,广东省河源市龙川县新田镇新田村,,,,,115.524948,24.453020
河源市龟峰古寺,汉语系,释妙隆,,广东省,河源市,源城区,广东省河源市源城区城南龟峰古寺,,,,,114.702202,23.726831
福源寺,汉语系,剪岸迪,,广东省,河源市,源城区,广东省河源市源城区巴登新城内,,,,,114.627922,23.622414
凤华寺,汉语系,释慧悟,清朝初年,广东省,河源市,紫金县,广东省河源市紫金县柏埔镇大鲁村,风华古寺原名风华庵，始建于清朝初年，坐落于广东省河源市紫金县柏埔镇小鲁村风景区内。,,,,114.858490,23.647802
万寿寺,汉语系,释内明,,广东省,河源市,紫金县,广东省河源市紫金县义容镇龙腾村,,,,,114.983177,23.584742
东江古竹观音寺,汉语系,赖子友,,广东省,河源市,紫金县,广东省河源市紫金县古竹镇圩镇,,,,,114.707024,23.519093
准提阁,汉语系,张伟良,,广东省,河源市,紫金县,广东省河源市紫金县紫城镇下书茜坑村,,,,,115.210846,23.555880
南母寺,汉语系,曾纯源,,广东省,河源市,紫金县,广东省河源市紫金县瓦溪镇九树洪田村,,,,,115.197601,23.415943
松山寺,汉语系,范子香,,广东省,河源市,紫金县,广东省河源市紫金县南岭镇东溪村,,,,,115.428352,23.326702
祗陀寺,汉语系,欧阳南安,,广东省,河源市,紫金县,广东省河源市紫金县紫城镇乌石三丫角,,,,,115.203011,23.630531
福龙寺,汉语系,何达华,,广东省,河源市,紫金县,广东省河源市紫金县古竹镇上洞村,,,,,114.790459,23.465862
秋江观音寺,汉语系,贺锡强,,广东省,河源市,紫金县,广东省河源市紫金县紫城镇荷光村秋江水库旁,,,,,115.186089,23.634811
越王山观音寺,汉语系,释德源,,广东省,河源市,紫金县,广东省河源市紫金县古竹镇留洞村,,,,,114.752861,23.493912
长排山观音寺,汉语系,邹振惠,,广东省,河源市,紫金县,广东省河源市紫金县古竹镇孔埔村,,,,,114.731674,23.508982
黄花广福寺,汉语系,陈玉梅,,广东省,河源市,紫金县,广东省河源市紫金县紫城镇新樟村委会转水角自然村,,,,,115.274162,23.575880
龙凤寺,汉语系,释达刚,年代不详,广东省,河源市,紫金县,广东省河源市紫金县蓝塘镇汉塘村,,,,,114.955978,23.443542
彼岸寺,汉语系,陈威生,,广东省,河源市,紫金县,广东省河源市紫金县凤安镇觉民村,,,,,114.829102,23.396082
惠州市准提寺,汉语系,释持忍,1996-04-08,广东省,惠州市,,广东省惠州市西湖崇道山,,,,,114.443672,22.783630
博罗县园洲镇洪圣寺,汉语系,释可能,,广东省,惠州市,博罗县,广东省惠州市博罗县园洲镇义合村,,,,,114.006378,23.151461
博罗县小金欧坑普福禅院,汉语系,释来德,,广东省,惠州市,博罗县,广东省惠州市博罗县小金欧坑普福禅院,,,,,114.413795,23.227329
博罗县柏塘镇天堂山元音古寺,汉语系,陈宁,,广东省,惠州市,博罗县,广东省惠州市博罗县柏塘镇平安白芒林场天堂山,,,,,114.368610,23.394870
博罗县横河白马古寺,汉语系,高锦章,,广东省,惠州市,博罗县,广东省惠州市博罗县横河镇,,,,,114.123871,23.340132
博罗县石湾镇妙吉祥精舍,汉语系,释妙隆,,广东省,惠州市,博罗县,广东省惠州市博罗县石湾镇石湾南路宾馆第一马路,,,,,113.893700,23.146212
博罗县石湾镇明月古寺,汉语系,释道淳,,广东省,惠州市,博罗县,广东省惠州市博罗县石湾镇铁场村,,,,,113.928192,23.160131
博罗县福田镇太平禅寺,汉语系,释果证,,广东省,惠州市,博罗县,广东省惠州市博罗县福田镇鸡公坑村,,,,,113.936684,23.219702
博罗县福田镇心田精舍,汉语系,释妙严,,广东省,惠州市,博罗县,广东省惠州市博罗县福田镇福田村,,,,,113.957077,23.213760
博罗县福田镇明珠禅寺,汉语系,释道淳,,广东省,惠州市,博罗县,广东省惠州市博罗县象头山林场,,,,,114.465294,23.330820
博罗县福田镇法臧精舍,汉语系,释法旺,,广东省,惠州市,博罗县,广东省惠州市博罗县福田镇依岗村,,,,,113.960213,23.207281
博罗县罗浮宝积寺,汉语系,胡朝杰,,广东省,惠州市,博罗县,广东省惠州市博罗县罗浮山下浪村,,,,,114.034447,23.264149
博罗县罗浮山东林寺,汉语系,罗瑞雄,,广东省,惠州市,博罗县,广东省惠州市博罗县罗浮山酥醪村,,,,,114.080948,23.272495
博罗县罗浮山华首古寺,汉语系,关健兴,,广东省,惠州市,博罗县,广东省惠州市博罗县罗浮山,,,,,114.034447,23.264149
博罗县罗浮山南楼寺,汉语系,释慎琼,,广东省,惠州市,博罗县,广东省惠州市博罗县罗浮山,,,,,114.034447,23.264149
博罗县罗浮山法云寺,汉语系,释惟缘,,广东省,惠州市,博罗县,广东省惠州市博罗县罗浮山下浪村,,,,,114.034447,23.264149
博罗县罗浮拨云寺,汉语系,释妙隆,,广东省,惠州市,博罗县,广东省惠州市博罗县罗浮山,,,,,114.034447,23.264149
博罗县罗阳镇玉佛寺,汉语系,释明勇,,广东省,惠州市,博罗县,广东省惠州市博罗县罗阳镇葫芦岭,,,,,114.287842,23.163561
博罗县长宁镇观音古寺,汉语系,释法皈,,广东省,惠州市,博罗县,广东省惠州市博罗县长宁镇牛过水村,,,,,114.048317,23.230862
博罗县龙溪镇资福寺,汉语系,杨辉隆,,广东省,惠州市,博罗县,广东省惠州市博罗县龙溪镇太平山下,,,,,114.113564,23.128683
广东省博罗县礼佛禅寺,汉语系,释迦应华,2000-11-13,广东省,惠州市,博罗县,广东省惠州市博罗县罗阳镇梅花村,,,,,114.252441,23.202831
延庆寺,汉语系,释印仁,,广东省,惠州市,博罗县,广东省惠州市博罗县罗阳镇梅花林场,,,,,114.241928,23.201963
惠州市大亚湾清泉古寺,汉语系,释昌平,,广东省,惠州市,大亚湾区,广东省惠州市大亚湾区霞涌办事处义联村,,,,,114.665398,22.785751
惠州市大亚湾黄鱼涌狮子山观音寺,汉语系,释顿广,,广东省,惠州市,大亚湾区,广东省惠州市大亚湾区黄鱼涌狮子山,,,,,114.456460,22.788510
惠州市永福寺,汉语系,释妙峰,2000-12-20,广东省,惠州市,红花湖景区,广东省惠州市红花湖景区内,,,,,114.368317,23.072966
惠州市惠城区三栋普陀观音寺,汉语系,释恒善,,广东省,惠州市,惠城区,广东省惠州市惠城区三栋镇上洞村,,,,,114.444794,22.989182
惠州市惠城区嘉祐寺,汉语系,林翠浓,,广东省,惠州市,惠城区,广东省惠州市惠城区河南岸办事处河南岸村,,,,,114.422951,23.072962
惠州市惠城区明月庵,汉语系,释慧然,,广东省,惠州市,惠城区,广东省惠州市惠城区桥西后所街20号,,,,,114.402650,23.083960
惠州市惠城区望康吉祥寺,汉语系,杨会珍,,广东省,惠州市,惠城区,广东省惠州市惠城区江北望江村,,,,,114.435997,23.117632
惠州市惠城区汝湖镇仍图观音寺,汉语系,释法通,,广东省,惠州市,惠城区,广东省惠州市惠城区汝湖镇仍图,,,,,114.581085,23.183886
惠州市惠城区莲华禅寺,汉语系,释常通,,广东省,惠州市,惠城区,广东省惠州市惠城区桥东东平村,,,,,114.425987,23.088680
惠州市日照精舍,汉语系,释明宽,,广东省,惠州市,惠城区,广东省惠州市龙丰上排十小区瑶芳大厦（碧宇楼）B栋2004房,,,,,114.385429,23.075130
惠州市普陀莲花禅院,汉语系,释常斌,,广东省,惠州市,惠城区,广东省惠州市江北文昌路城市花园二座二楼,,,,,114.412880,23.101061
惠州市莲光精舍,汉语系,释法宏,,广东省,惠州市,惠城区,广东省惠州市下角菱湖三路13号湖畔花园A6—815,,,,,114.392784,23.102150
广东惠东庆云寺,汉语系,陈少钦,,广东省,惠州市,惠东县,广东省惠州市惠东县稔山镇白云村,,,,,114.783073,22.883112
惠东县吉隆镇天成庵,汉语系,释昌凤,,广东省,惠州市,惠东县,广东省惠州市惠东县吉隆镇平政村,,,,,114.926918,22.813400
惠东县吉隆镇祗园寺,汉语系,李益明,,广东省,惠州市,惠东县,广东省惠州市惠东县吉隆镇黄埠下圩村,,,,,114.962570,22.746111
惠东县吉隆镇草庵禅院,汉语系,释慧空,,广东省,惠州市,惠东县,广东省惠州市惠东县吉隆镇轿岭村麻輋村小组,,,,,114.904961,22.838140
惠东县吉隆镇钟山寺,汉语系,林锦豪,,广东省,惠州市,惠东县,广东省惠州市惠东县吉隆镇荖埔村,,,,,114.889862,22.773232
惠东县吉隆镇龙亨古寺,汉语系,孙永林,,广东省,惠州市,惠东县,广东省惠州市惠东县吉隆镇黄埠四门村,,,,,114.972168,22.756630
惠东县吉隆镇龙凤禅寺,汉语系,释慧斌,,广东省,惠州市,惠东县,广东省惠州市惠东县吉隆镇平政村,,,,,114.926918,22.813400
惠东县多祝宝林禅寺,汉语系,释一如,,广东省,惠州市,惠东县,广东省惠州市惠东县多祝镇新联村打石坑,,,,,114.837250,23.057600
惠东县多祝镇宝华寺,汉语系,释会光,,广东省,惠州市,惠东县,广东省惠州市惠东县多祝镇洋口村,,,,,114.911369,23.018381
惠东县多祝镇龙岩古寺,汉语系,许观全,,广东省,惠州市,惠东县,广东省惠州市惠东县多祝镇长坑村,,,,,114.845604,22.974672
惠东县大岭镇宝光寺,汉语系,方美懿,,广东省,惠州市,惠东县,广东省惠州市惠东县大岭镇大岭村,,,,,114.701103,22.997692
惠东县安墩镇洋潭归龙寺,汉语系,曾关金,,广东省,惠州市,惠东县,广东省惠州市惠东县安墩镇洋潭村归龙寺,,,,,115.054382,23.275742
惠东县巽寮镇天龙寺,汉语系,释达新,,广东省,惠州市,惠东县,广东省惠州市惠东县巽寮镇赤砂村天龙寺,,,,,114.750038,22.739952
惠东县平山狮朝洞古庙,汉语系,朱友平,,广东省,惠州市,惠东县,广东省惠州市惠东县平山办事处黄排社区,,,,,114.725082,22.966162
惠东县平海镇云山寺,汉语系,释光幸,,广东省,惠州市,惠东县,广东省惠州市惠东县平海镇跞头村,,,,,114.872627,22.617392
惠东县平海镇普照庵,汉语系,释隆明,,广东省,惠州市,惠东县,广东省惠州市惠东县平海镇大水坑村,,,,,114.861900,22.636013
惠东县平海镇榜山寺,汉语系,释本月,,广东省,惠州市,惠东县,广东省惠州市惠东县平海镇榜山路90号,,,,,114.872627,22.617392
惠东县平海镇狮岩古寺,汉语系,释智德,,广东省,惠州市,惠东县,广东省惠州市惠东县平海镇蔗洞村,,,,,114.799774,22.644135
惠东县港口镇东莲禅寺,汉语系,释弘文,,广东省,惠州市,惠东县,广东省惠州市惠东县港口镇东海村,,,,,114.893898,22.612862
惠东县白盆珠镇莲花山莲花寺,汉语系,释一山,,广东省,惠州市,惠东县,广东省惠州市惠东县白盆珠镇莲花山莲花寺,,,,,115.240074,23.065498
惠东县白盆珠镇西来古刹,汉语系,钟娘球,,广东省,惠州市,惠东县,广东省惠州市惠东县白盆珠镇新庵狮子山,,,,,115.197052,23.118732
惠东县观音山观音寺,汉语系,释妙隆,,广东省,惠州市,惠东县,广东省惠州市惠东县平山办事处观音山,,,,,114.723526,22.976715
惠东县铁涌镇玄妙庵,汉语系,释常闻,,广东省,惠州市,惠东县,广东省惠州市惠东县铁涌镇光明村,,,,,114.837547,22.743921
惠东县黄埠镇七里亭妙音庵,汉语系,释常静,,广东省,惠州市,惠东县,广东省惠州市惠东县黄埠镇七里亭妙音庵,,,,,114.961838,22.745014
惠东县黄埠镇白莲寺,汉语系,释道然,,广东省,惠州市,惠东县,广东省惠州市惠东县黄埠镇壆头村白莲寺,,,,,114.960861,22.767836
惠阳区新墟镇龙道寺,汉语系,释延通,,广东省,惠州市,惠阳区,广东省惠州市惠阳区新墟镇南坑村,,,,,114.251213,22.814922
惠阳区沙田镇佛光寺,汉语系,释法宏,1997-05-08,广东省,惠州市,惠阳区,广东省惠州市惠阳区沙田镇刀背岭,,,,,114.551102,22.866390
惠阳区秋长镇观音禅寺,汉语系,释顿休,,广东省,惠州市,惠阳区,广东省惠州市惠阳区秋长镇茶园松幌村,,,,,114.429100,22.828814
惠阳区良井镇甘泉古寺,汉语系,释果瑞,,广东省,惠州市,惠阳区,广东省惠州市惠阳区良井镇甘泉路1号,,,,,114.569112,22.989859
惠阳区象山观音古寺,汉语系,释中勇,,广东省,惠州市,惠阳区,广东省惠州市惠阳区三和经济开发区象岭村,,,,,114.454758,22.858122
惠阳区镇隆石门寺,汉语系,释悟印,,广东省,惠州市,惠阳区,广东省惠阳区镇隆甘陂村,,,,,114.337547,22.978743
广东省惠州市龙门县南昆山法华禅寺,汉语系,释延通,,广东省,惠州市,龙门县,广东省惠州市龙门县南昆山,,,,,114.097183,23.607845
广东省惠州市龙门县平陵镇龙岩寺,汉语系,释顿龙,,广东省,惠州市,龙门县,广东省惠州市龙门县平陵镇金龙大道傍,,,,,114.341888,23.647005
广东省惠州市龙门县龙华镇龙华寺,汉语系,释耀善,,广东省,惠州市,龙门县,广东省惠州市龙门县龙华镇龙华旧圩河边,,,,,114.197449,23.611292
广东省惠州市龙门县龙城万寿古寺,汉语系,释心廉,,广东省,惠州市,龙门县,广东省惠州市龙门县龙城办事处高街1号,,,,,114.252310,23.729480
惠州仲恺高新区护法寺,汉语系,释悟印,,广东省,惠州市,仲恺高新区,广东省惠州市仲恺高新区陈江街道幸福村,,,,,114.300255,23.067152
大雁山海会寺,汉语系,释常俊,,广东省,江门市,鹤山市,广东省鹤山市沙坪镇大雁山风景区内,,,,,113.021194,22.779264
江门市外海法华庵,汉语系,释严光,2000-06-18,广东省,江门市,江海区,广东省江门市江海区外海莞草堂46号,,,,,113.149429,22.596226
江门市外海清莲庵,汉语系,释安慧,,广东省,江门市,江海区,广东省江门市江海区外海塘边坊直街13号,,,,,113.155502,22.592642
江门市外海茶庵寺,汉语系,释登觉,,广东省,江门市,江海区,广东省江门市江海区外海公园,,,,,113.151520,22.593670
江门市雪峰寺,汉语系,释明生,2011-11-08,广东省,江门市,江海区,广东省江门市江海区白水带风景区内,,,,,113.121620,22.586132
开平市宝国寺,汉语系,释顿瀚,,广东省,江门市,开平市,广东省开平市三埠街道办荻海葫芦山,,,,,112.687637,22.352890
江门市叱石观音寺,汉语系,释印弘,,广东省,江门市,蓬江区,广东省江门市杜阮镇叱石风景区内,叱石观音寺位于江门市蓬江区杜阮镇叱石风景区内，距江门市区9公里，离新会市区14公里，叱石山是圭峰山绿护屏向东北延伸的一条支脉。据史料记载，叱石山景观始建于明末，至今已近400年历史，为“岭南百景”之一，是集儒、释、道为一体的罕见奇观。早上云雾缭绕，景致变幻无穷，登山顶观日出，远眺银湖，旭日东升，霞光波影，蔚为壮观，山下村庄成片，风景秀丽，令人心旷神怡；傍晚可欣赏万家灯火，竞艳争辉；静坐山中，谷里泉水潺潺、禅院钟声回荡、枝头小鸟啼鸣、林里松涛萧萧，让人乐而忘返。,,,,113.006973,22.581421
江门市蓬江区荷塘智莲舍,汉语系,释安提,,广东省,江门市,蓬江区,广东省江门市蓬江区荷塘镇良村,,,,,113.133499,22.653582
台山市古兜山北峰寺,汉语系,释贤敏,2001-10-22,广东省,江门市,台山市,广东省台山市四九镇古兜山林场,,,,,112.925171,22.233067
台山市广海灵湖寺,汉语系,释仁伟,,广东省,江门市,台山市,广东省台山市广海镇港口路象山,,,,,112.797798,21.968981
台山市水步白象寺,汉语系,释永智,,广东省,江门市,台山市,广东省台山市水步镇独冈村象山,,,,,112.752533,22.364882
台山市石花山西严寺,汉语系,释惟增,2004-03-16,广东省,江门市,台山市,广东省台山市台城镇石花山公园,,,,,112.800003,22.258266
广东省新会圭峰山玉台寺,汉语系,释明生,,广东省,江门市,新会区,广东省江门市新会区圭峰山,,,,,113.028847,22.557165
江门市新会佛教莲静庵,汉语系,释见性,,广东省,江门市,新会区,广东省江门市新会区会城濠桥街五巷24号,,,,,113.032710,22.517448
江门市新会区佛教慈胜庵,汉语系,释沛圻,,广东省,江门市,新会区,广东省江门市新会区会城诗书街2号101,,,,,113.032310,22.458770
江门市新会区佛教福成庵,汉语系,释广勤,,广东省,江门市,新会区,广东省江门市新会区会城人民路1号201,,,,,113.044060,22.518670
江门市新会慈航精舍,汉语系,释宗慧,,广东省,江门市,新会区,广东省江门市新会区会城中心南路8号1座207,,,,,113.045380,22.508230
紫竹庵,汉语系,释传益,年代不详,广东省,揭阳市,惠来县,广东省揭阳市惠来县前詹镇后枫村,紫竹庵，位于广东省潮汕惠来县前詹镇后方乡，创建于明朝（1368—1644），距今已有500年历史。陆丰县萧姓僧人为开山祖师。自创建以米，香火旺盛，为当地黎民瞩仰和敬奉。,,,,116.428551,22.943462
振德精舍,汉语系,释超盛,年代不详,广东省,揭阳市,惠来县,广东省揭阳市惠来县周田镇狮石村,振德精舍，亦名振德精庵，位于广东省揭阳市惠来县，在周田镇狮石乡。,,,,116.483574,23.001293
龙岩禅寺,汉语系,释惟铭,年代不详,广东省,揭阳市,惠来县,广东省揭阳市惠来县惠城镇东郊村,在距广东揭阳惠来县城东北约3公里的东郊村，有创自宋代俗称“西天佛”的龙岩寺。,,,,116.299484,23.038721
仙井古岩,汉语系,释惟愿,年代不详,广东省,揭阳市,惠来县,广东省揭阳市惠来县东陇镇苗海村,仙井古岩位于广东省揭阳惠来县，在东陇镇苗海村背面，以其寺内有一口天然古井，泉水甘冽，终年不竭，而遐迩闻名。[1-3],,,,116.250587,23.017632
西来古寺,汉语系,释法融,年代不详,广东省,揭阳市,惠来县,广东省揭阳市惠来县溪西镇溪二村,西来古寺，又称“溪西佛祖”。位于广东省揭阳市惠来县，坐落于溪西镇溪二村龙溪西畔，旧时是入潮古道必经之地。,,,,116.180328,22.982332
天福寺,汉语系,林乙明,年代不详,广东省,揭阳市,惠来县,广东省揭阳市惠来县周田镇狮石村,天福寺，位于广东省揭阳市惠来县周田镇狮石乡，坐落于葵阳关外的狮石湖畔，距惠来县城约8公里。清乾降年间（1736-1795），由甘泉岩开山林贤德择地造寺。迄今已200余年，同治年间（1862-1874）重修。1988年8月获县宗教局登记开放，现已被列入揭阳市文物保护单位。是惠来县佛教圣地之一。,,,,116.483574,23.001293
狮山古寺,汉语系,释传律,年代不详,广东省,揭阳市,惠来县,广东省揭阳市惠来县隆江镇后吉村,狮山古寺，原称“西山岩”，俗称“后吉庵”。位于惠来县隆江镇狮山后吉村。始建于宋仁宗天圣五年（1027），距今980多年历史。,,,,116.188141,23.010780
沙门古寺,汉语系,释耀勇,年代不详,广东省,揭阳市,惠来县,广东省揭阳市大南山华侨管理区岭门沙门古寺,沙门古寺位于广东省揭阳市惠来县，在惠来葵潭镇东南面，地处大南山华侨农场岭门管区，俗称“岭门庵”。1998年7月2日揭阳市宗教局登记，有著名诗僧释定持所撰妙联，系礼佛、游览好去处。寺庙位于大南山落脉，背靠岭门径，临田见水，龙溪襟带奔流南海，故揽山水之胜。,,,,116.166069,23.269062
普慧岩,汉语系,释惟迎,年代不详,广东省,揭阳市,惠来县,广东省揭阳市惠来县靖海镇葛山村,普慧岩位于广东揭阳市惠来县，在惠来县靖海镇葛峰山，离南海2公里，距惠来县城26公里。始建于明洪武年间（1368—1398），迄今已具600多年的历史。,,,,116.513672,23.011501
龙泉寺,汉语系,刘万华,年代不详,广东省,揭阳市,惠来县,广东省揭阳市惠来县隆江镇北溪村,龙泉寺位于惠州佛岭村，占地约2600平方米，建筑面积1200平方米。建于明成化年间，清乾隆年间重修。,,,,116.158028,23.041941
荆山古寺,汉语系,释妙光,年代不详,广东省,揭阳市,惠来县,广东省揭阳市惠来县仙庵镇京陇村,荆山古寺，位于广东揭阳惠来县仙庵镇京陇乡，即汕头市潮阳区之南。创于元朝延祐三年（1316），1986年至越年另择址重建一新，1988年8月被批准开放。,,,,116.500328,23.029282
华古寺,汉语系,释惟腾,年代不详,广东省,揭阳市,惠来县,广东省揭阳市惠来县东陇镇华房村,华古寺，位于揭阳市惠来县县城南5公里处的东陇镇华房村东隅，与神泉港隔河相望。,,,,116.282959,22.980793
镇江寺,汉语系,释传性,年代不详,广东省,揭阳市,惠来县,广东省揭阳市惠来县隆江镇新容社区,广东揭阳市惠来县城西15公里隆江镇市尾山龙溪东堤旁的镇江古寺，创自明朝正德年间（1506—1521），“龙溪襟带”为古代惠来八景之一，已修建一新，由赵朴初会长题匾，1989年1月10日公布为县文物保护单位，1991年6月修复开光，1995年10月1日被批准登记开放，系惠来一处名胜。,,,,116.181465,22.981943
石壁寮庵,汉语系,释惟琴,年代不详,广东省,揭阳市,惠来县,广东省揭阳市惠来县神泉镇角林村,广东揭阳惠来县神泉镇角林乡石壁寮庵，因处于蛤虫九石壁下搭寮所成而故名，位于县城之南约5公里，面对文昌古塔，旁有通往县城古道。相传创自明末，以凤阳僧来此传来伤科医术等秘方救人无数而古今扬名。1985年5月1日获县宗教局登记开放，1997年九月初一日至新千禧元旦由惟明师筹巨资而扩大重建一新，恢宏庄严。2000年10月27日隆重举行重建落成开光庆典。,,,,116.315598,23.003693
铭湖岩,汉语系,释惟生,年代不详,广东省,揭阳市,惠来县,广东省揭阳市惠来县前詹镇铭湖村,广东揭阳惠来县前詹镇铭西村的铭湖岩，创建于南宋咸淳元年（1265），历代有修建，1987年复建，越载获登记开放，是惠来八景之一，1989年1月19日被县政府公布为重点文物保护单位之一，以岩洞奇特而古今闻名。,,县级重点文物保护单位,,116.430183,22.964491
慈航古寺,汉语系,释传心,年代不详,广东省,揭阳市,惠来县,广东省揭阳市惠来县前詹村沟疏村,广东揭阳惠来县前詹镇沟疏乡慈航古寺，创自清嘉庆年间（1796年—1820年），“文革”中之1974年被拆毁，1979年起20年间逐步重建，1988年8月由县宗教局批准登记开放。在“文革”大浩劫中的1974年，全寺被拆，仅存石柱。1975年，释惟和被极左风雨冲击得濒临绝境。,,,国家AA级旅游景区,116.386879,22.938681
惠镇寺,汉语系,释惟信,年代不详,广东省,揭阳市,惠来县,广东省揭阳市惠来县隆江镇桥埔村,广东揭阳惠来县城西约11公里隆江镇桥埔村惠镇寺，俗称“桥埔庵”，创自清代，雍正十二年（1734年），“文革”浩劫中，寺内沉香佛、铜观音、琉璃菩萨与古诗、赋等珍贵文物也被毁殆尽。现由主持释惟信于1984年修葺旧寺，1995年10月1日由宗教局登记开放，1996年由中国佛协会长赵朴初题名，1999年创建规模壮观的大雄宝殿，使这名刹更受海内外善信崇拜。寺处古时潮汕通往海陆丰、省城必经之道，前襟龙溪流，背靠牛地山。道光十六年（1836）时信僧10余人，改并扩建之。,,,,116.189911,23.001600
宝德庵,汉语系,释惟宗,年代不详,广东省,揭阳市,惠来县,广东省揭阳市惠来县周田镇狮石村,广东揭阳惠来县成田镇狮石乡宝德庵，创建于清末光绪丙午年（1906），1991年至越载重建，恬静清幽，系脱俗禅修胜地。1988年8月获登记开放。,,,,116.483574,23.001293
观音古寺,汉语系,释新鸿,年代不详,广东省,揭阳市,惠来县,广东省揭阳市惠来县华湖镇新地村,观音古寺位于罗浮山麓，罗浮山又名东樵山，位于广东省博罗县西北部，横跨博罗县、龙门县、增城市三地，方圆五百余里，主峰海拔1296米。山势雄奇逶逶、重峦叠翠；云遮雾绕、悬泉飞瀑、钟灵毓秀；得天地之灵气，是开天之妙境，素有“清都蓬莱”、“岭南第一山”之美称。中国汉朝史学家司马迁将罗浮山比作“粤岳”。罗浮山历史悠久，名胜古迹繁多，佛教道教和谐相融，寺院宫观林立，拥有九观、十八寺、三十二庵，僧人道士如云，文人墨客纷至，是海内外著名的宗教圣地。二〇〇四年国务院批准为国家级重点风景名胜区。,,,,116.338860,23.024471
佛光寺,汉语系,释传正,年代不详,广东省,揭阳市,惠来县,广东省揭阳市惠来县溪西镇黄光山,佛光寺。位于揭阳惠来县黄光山城西北方向[1]，距县城17.3公里，地处溪西镇鲁阳村村与曲溪之间的群山中。原名“黄藤岗”，曾称“黄亭岗”，后改名“黄光山”。清宣统三年（1911）桂月（农历八月）碑刻为“黄光山”，故名。,,,,116.117867,23.044279
光华古寺,汉语系,释新孝,,广东省,揭阳市,惠来县,广东省揭阳市惠来县周田镇武宁村,,,,,116.479492,23.034901
光明寺,汉语系,释耀如,,广东省,揭阳市,惠来县,广东省揭阳市惠来县仙庵镇浮埔村,,,,,116.517693,23.034580
十力禅院,汉语系,释仁法,,广东省,揭阳市,惠来县,广东省揭阳市惠来县惠城镇西二社区盘上珠车路行大埔,,,,,116.296371,23.036364
千佛古寺,汉语系,郑慧龙,,广东省,揭阳市,惠来县,广东省揭阳市惠来县鳌江镇沃上村,,,,,116.036163,22.943111
华蔚寺,汉语系,释惟纯,,广东省,揭阳市,惠来县,广东省揭阳市惠来县岐石镇华清村,,,,,116.152390,22.899063
广福寺,汉语系,释惟珠,,广东省,揭阳市,惠来县,广东省揭阳市惠来县神泉镇横山村,,,,,116.347107,22.980961
庄严禅寺,汉语系,释惟铭,,广东省,揭阳市,惠来县,广东省揭阳市惠来县周田镇施家村,,,,,116.406479,23.034397
望德庵,汉语系,释惟心,,广东省,揭阳市,惠来县,广东省揭阳市惠来县仙庵镇田墘村,,,,,116.493629,23.058882
永福禅寺,汉语系,释明生,,广东省,揭阳市,惠来县,广东省揭阳市惠来县惠城镇榕石,,,,,116.291580,23.035480
波罗庵,汉语系,释传文,,广东省,揭阳市,惠来县,广东省揭阳市惠来县惠城镇西一社区,,,,,116.294449,23.039042
狮峰寺,汉语系,释见闻,,广东省,揭阳市,惠来县,广东省揭阳市惠来县神泉镇芦园村,,,,,116.354469,22.939993
甘泉禅寺,汉语系,释法藏,2010-12-16,广东省,揭阳市,惠来县,广东省揭阳市惠来县周田镇甘泉岩,,,,,116.445328,23.012640
白云古寺,汉语系,严青梅,年代不详,广东省,揭阳市,惠来县,广东省揭阳市惠来县惠城镇山美村,,,,,116.196663,23.023491
福寿寺,汉语系,释惟见,,广东省,揭阳市,惠来县,广东省揭阳市惠来县仙庵镇京陇村,,,,,116.500328,23.029282
美云庵,汉语系,释惟顺,,广东省,揭阳市,惠来县,广东省揭阳市惠来县周田镇杭美村,,,,,116.475121,22.980022
西林庵,汉语系,释惟贤,,广东省,揭阳市,惠来县,广东省揭阳市惠来县周田镇狮石村,,,,,116.483574,23.001293
观音古庵,汉语系,释惟琴,,广东省,揭阳市,惠来县,广东省揭阳市惠来县神泉镇澳角村,,,,,116.333641,22.952002
观音寺,汉语系,释传果,年代不详,广东省,揭阳市,惠来县,广东省揭阳市惠来县靖海镇资深村,,,,,116.509094,22.973171
观音阁,汉语系,释惟严,年代不详,广东省,揭阳市,惠来县,广东省揭阳市惠来县惠城镇墩高社区,,,,,116.295372,23.025471
达摩院,汉语系,朱洪星,,广东省,揭阳市,惠来县,广东省揭阳市惠来县隆江镇凤红村,,,,,116.198807,22.998371
金狮寺,汉语系,吴明香,,广东省,揭阳市,惠来县,广东省揭阳市惠来县东陇镇寄陇村,,,,,116.272774,23.014622
普陀禅寺,汉语系,释传平,,广东省,揭阳市,惠来县,广东省揭阳市惠来县惠城镇虎头岩,,,,,116.279915,23.096209
揭阳市揭东区云海寺,汉语系,释耀瑜,,广东省,揭阳市,揭东区,广东省揭阳市揭东区曲溪街道办事处陈寮村,,,,,116.426163,23.583061
揭阳市揭东区五福庵,汉语系,释传育,1995-10-05,广东省,揭阳市,揭东区,广东省揭阳市揭东区新亨镇居委会,,,,,116.283134,23.614491
揭阳市揭东区光明庵,汉语系,释耀坚,,广东省,揭阳市,揭东区,广东省揭阳市揭东区锡场镇谭蔡村,,,,,116.295830,23.574711
揭阳市揭东区凤山寺,汉语系,释耀芝,,广东省,揭阳市,揭东区,广东省揭阳市揭东区新享镇凤奎村,,,,,116.286392,23.611443
揭阳市揭东区大悲庵,汉语系,释悟法,,广东省,揭阳市,揭东区,广东省揭阳市揭东区埔田镇埔田村,,,,,116.389442,23.622110
揭阳市揭东区宝云寺,汉语系,释耀瑜,2004-10-10,广东省,揭阳市,揭东区,广东省揭阳市揭东区新亨硕联村,,,,,116.293121,23.616953
揭阳市揭东区宝龙寺,汉语系,释光贤,,广东省,揭阳市,揭东区,广东省揭阳市揭东区锡场镇锡西村藤吊岭,,,,,116.347298,23.622284
揭阳市揭东区广安寺,汉语系,释耀瑜,,广东省,揭阳市,揭东区,广东省揭阳市揭东区锡场镇东仓后围,,,,,116.308418,23.577393
揭阳市揭东区梅林寺,汉语系,蔡雪芳,,广东省,揭阳市,揭东区,广东省揭阳市揭东区云路镇象岗村,,,,,116.450409,23.586479
揭阳市揭东区港美念佛社,汉语系,吴少卿,1995-10-05,广东省,揭阳市,揭东区,广东省揭阳市曲溪街道办事处港美村,,,,,116.425209,23.570093
揭阳市揭东区源德禅寺,汉语系,释耀瑜,1995-10-05,广东省,揭阳市,揭东区,广东省揭阳市揭东区曲溪街道办事处缶灶村,,,,,116.398064,23.569630
揭阳市揭东区灵觉精舍,汉语系,释慈悟,,广东省,揭阳市,揭东区,广东省揭阳市揭东区新亨镇北良村,,,,,116.253983,23.628672
揭阳市揭东区白石禅寺,汉语系,无,2010-04-30,广东省,揭阳市,揭东区,广东省揭阳市揭东区云路镇军田村,,,,,116.448387,23.634642
揭阳市揭东区紫林庵,汉语系,释法智,,广东省,揭阳市,揭东区,广东省揭阳市揭东区玉湖镇东寮村,,,,,116.263260,23.687042
揭阳市揭东区腾龙寺,汉语系,无,,广东省,揭阳市,揭东区,广东省揭阳市揭东区玉窖镇半洋村,,,,,116.525612,23.607372
揭阳市揭东区莲花庵,汉语系,林炎凤,,广东省,揭阳市,揭东区,广东省揭阳市揭东区锡场锡东村,,,,,116.332802,23.589539
揭阳市揭东区金龙寺,汉语系,释新成,2005-02-20,广东省,揭阳市,揭东区,广东省揭阳市揭东区埔田镇庵后村,,,,,116.419319,23.605713
揭阳市揭东区飞凤古寺,汉语系,释耀瑜,,广东省,揭阳市,揭东区,广东省揭阳市揭东区埔田镇南湖村黄岐山,,,,,116.372513,23.599581
揭西县三官寺,汉语系,释传性,,广东省,揭阳市,揭西县,广东省揭阳市揭西县风江镇鸿江村榕江堤边,,,,,116.117378,23.413000
揭西县东园镇碧岩寺,汉语系,吴树荣,,广东省,揭阳市,揭西县,广东省揭阳市揭西县东园镇赤岩村,,,,,116.121323,23.489103
揭西县坪上镇莲池庵,汉语系,蔡国庆,,广东省,揭阳市,揭西县,广东省揭阳市揭西县坪上镇过路塘,,,,,115.858650,23.420792
揭西县棉湖花果寺,汉语系,释新成,,广东省,揭阳市,揭西县,广东省揭阳市揭西县棉湖镇解放路,,,,,116.137962,23.443689
揭西县河婆天竺岩,汉语系,韩伟良,,广东省,揭阳市,揭西县,广东省揭阳市揭西县河婆街道天竺岩,,,,,115.845741,23.398062
揭西县河婆广德庵,汉语系,刘建达,,广东省,揭阳市,揭西县,广东省揭阳市揭西县河婆街道广德庵,,,,,115.866043,23.433651
揭西县石灵寺,汉语系,释新成,,广东省,揭阳市,揭西县,广东省揭阳市揭西县钱坑钱西,,,,,115.999359,23.388401
揭西县祥龙寺,汉语系,释耀乘,,广东省,揭阳市,揭西县,广东省揭阳市揭西县龙潭镇井下村,,,,,115.886703,23.460102
揭西县金和镇妙音堂,汉语系,陈少林,,广东省,揭阳市,揭西县,广东省揭阳市揭西县金和镇和东下林村上时,,,,,116.068443,23.427542
揭西县金和镇青竹庵,汉语系,杨映忠,,广东省,揭阳市,揭西县,广东省揭阳市揭西县金和镇仙福乡,,,,,116.079124,23.454309
揭阳空港区文殊寺,汉语系,释传殊,,广东省,揭阳市,空港区,广东省揭阳市空港区炮台镇桃山村,文殊寺位于揭东县炮台镇桃山村。寺前两棵高大木棉树，雄伟壮大。,,,,116.504532,23.515961
榕江观音阁,汉语系,明生,,广东省,揭阳市,空港区,广东省揭阳市空港区京冈办事处双溪嘴,揭阳榕江观音阁由释明生大和尚筹划建设，由六观音阁、观音广场、放生台、金水河等部分组成，采用唐代建筑风格，规划建筑总面积近4万平方米，估算工程总造价3亿多元，建成后将成为揭阳市地标性建筑。,,,,116.459976,23.498180
揭阳空港区吉祥寺,汉语系,释耀志,,广东省,揭阳市,空港区,广东省揭阳市空港区地都镇乌美村,广东揭阳揭东县吉祥寺，位于汕揭公路206国道旁，与汕头市金平区莲塘交界附近的地都镇乌美村，是汕头、揭阳、潮州、潮阳鼎立汇聚之桑浦山南麓，面临榕、韩、练三江交汇之侧畔，可谓外三江之要冲，便四市之交通。,,,,116.571480,23.430511
揭阳空港区古山寺,汉语系,释耀乘,,广东省,揭阳市,空港区,广东省揭阳市空港区炮台浮岗村,,,,,116.476097,23.544651
揭阳空港区地都佛教居士林,汉语系,郑旭龙,,广东省,揭阳市,空港区,广东省揭阳市空港区地都镇钱岗村,,,,,116.555252,23.448280
揭阳空港区地都韫玉寺,汉语系,郑藩城,,广东省,揭阳市,空港区,广东省揭阳市空港区地都镇钱前村,,,,,116.535759,23.440090
揭阳空港区弘扬静苑,汉语系,释达勤,,广东省,揭阳市,空港区,广东省揭阳市空港区溪南办事处西寨村,,,,,116.417908,23.557522
揭阳空港区福广寺,汉语系,释净光,,广东省,揭阳市,空港区,广东省揭阳市空港区登岗镇港口村,,,,,116.531921,23.536989
天福庵,汉语系,释传志,,广东省,揭阳市,蓝城区,广东省揭阳市蓝城区月城镇玉步头村,,,,,116.277161,23.598213
石母双峰古寺,汉语系,释耀瑜,,广东省,揭阳市,蓝城区,广东省揭阳市蓝城区桂岭镇双山村,,,,,116.238335,23.586643
普宁市佛教莲花寺,汉语系,释光隆,,广东省,揭阳市,普宁市,广东省普宁市流沙东街道老河街,莲花寺位於广东省普宁市，1914年潮汕名僧根乐法师在其师兄根宽和尚的支持下创建，其位置在今天的流沙市区中心，广汕公路北侧，与流沙公路毗邻。寺内清净庄严，环境优美。,,,,116.178711,23.296143
普宁市佛教观音寺,汉语系,释光祥,,广东省,揭阳市,普宁市,广东省普宁市燎原街道光南下尾,观音寺，位于普宁市燎原镇光南村下尾社，由比丘尼亚诗、隆智发起，博得善士陈自明、陈久和、元达、之德鼎力支持，聘请高明地师傅择“钉螺迎水”之吉地兴建，於光绪乙末年（1895）竣工。时至文化革命期间，破除迷信，寺尼被逐，无处栖身，故暂居於村内之民宅。寺院被改为农业生产队之仓库。改革开放后，盛世升平，古寺归还，但已面目皆非。至1992年，由比丘尼新应、光徉，出游泰国，博得华侨原光村下尾社乡众诚心解囊资助。在海内外众多虔诚善男信女齐心协力支持下，重修古寺，旧貌焕新颜，佛光普照，慈航普渡，福庇黎庶。今释光祥师为住持。,,,,116.174965,23.330437
南岩古寺,汉语系,释明生,,广东省,揭阳市,普宁市,广东省普宁市南溪镇登峰村,,,,,116.226982,23.486122
普宁市佛教义德寺,汉语系,释光果,,广东省,揭阳市,普宁市,广东省普宁市流沙北街道西陇村,,,,,116.170967,23.318521
普宁市佛教义福庵,汉语系,释光静,,广东省,揭阳市,普宁市,广东省普宁市燎原街道光南村,,,,,116.170151,23.335512
普宁市佛教云翔寺,汉语系,释光旭,,广东省,揭阳市,普宁市,广东省普宁市马鞍山农场峡岭山,,,,,116.019135,23.158922
普宁市佛教五佛古寺,汉语系,释仁道,,广东省,揭阳市,普宁市,广东省普宁市广太镇金狮池,,,,,116.289200,23.450901
普宁市佛教五福堂,汉语系,释光禅,,广东省,揭阳市,普宁市,广东省普宁市大坝镇铁山洋,,,,,116.189606,23.347273
普宁市佛教仙泉寺,汉语系,释光旭,,广东省,揭阳市,普宁市,广东省普宁市麒麟镇樟岗村,,,,,116.332542,23.385862
普宁市佛教兴德寺,汉语系,释耀虹,,广东省,揭阳市,普宁市,广东省普宁市流沙西街道赤水村,,,,,116.156250,23.289473
普宁市佛教凤山岩,汉语系,释耀丛,,广东省,揭阳市,普宁市,广东省普宁市池尾镇塘边村,,,,,116.123024,23.289192
普宁市佛教圆通庵,汉语系,释仁修,,广东省,揭阳市,普宁市,广东省普宁市后溪乡圆明村,,,,,115.763741,23.170410
普宁市佛教天阁寺,汉语系,释仁铮,,广东省,揭阳市,普宁市,广东省普宁市梅塘镇石鸟村,,,,,116.128410,23.344902
普宁市佛教宝德寺,汉语系,释光泉,,广东省,揭阳市,普宁市,广东省普宁市占陇镇下寨村,,,,,116.257339,23.298780
普宁市佛教宝德庵,汉语系,释如慈,,广东省,揭阳市,普宁市,广东省普宁市下架山镇陂乌新村,,,,,116.212471,23.268162
普宁市佛教宝心庵,汉语系,释耀海,,广东省,揭阳市,普宁市,广东省普宁市大坝镇寨河村,,,,,116.189308,23.379641
普宁市佛教宝龙寺,汉语系,释隆兴,,广东省,揭阳市,普宁市,广东省普宁市大南山街道益岭村,,,,,116.179489,23.241493
普宁市佛教庄严寺,汉语系,释昌盛,,广东省,揭阳市,普宁市,广东省普宁市流沙镇西街道南沙管区佛教庄严寺,,,,,116.168510,23.277752
普宁市佛教惠福庵,汉语系,释达明,,广东省,揭阳市,普宁市,广东省普宁市燎原街道乌石村,,,,,116.155434,23.326962
普宁市佛教慈恩寺,汉语系,释悟然,,广东省,揭阳市,普宁市,广东省普宁市流沙东街道北山村,,,,,116.211143,23.330410
普宁市佛教报恩居士林,汉语系,马海生,,广东省,揭阳市,普宁市,广东省普宁市流沙镇西街道赤华路培英园北区16幢,,,,,116.158780,23.296720
普宁市佛教文法庵,汉语系,释耀雄,,广东省,揭阳市,普宁市,广东省普宁市燎原街道陇军田村,,,,,116.184113,23.335922
普宁市佛教新兴庵,汉语系,释光恩,,广东省,揭阳市,普宁市,广东省普宁市流沙镇赤水湖底,,,,,116.159943,23.286253
普宁市佛教新圩庵,汉语系,释耀清,,广东省,揭阳市,普宁市,广东省普宁市大坝镇半径乡东山村,,,,,116.167053,23.365801
普宁市佛教无量寿寺,汉语系,释妙心,,广东省,揭阳市,普宁市,广东省普宁市梅林镇龙狮岗,,,,,115.991447,23.241951
普宁市佛教明心庵,汉语系,释如智,,广东省,揭阳市,普宁市,广东省普宁市下架山镇石盘村,,,,,116.228142,23.240242
普宁市佛教朱山寺,汉语系,释常隆,,广东省,揭阳市,普宁市,广东省普宁市广太镇新寮村,,,,,116.284653,23.462103
普宁市佛教来山阁禅寺,汉语系,释法文,,广东省,揭阳市,普宁市,广东省普宁市下架山镇虎岗山村,,,,,116.223770,23.255072
普宁市佛教洪阳居士林,汉语系,吴自有,,广东省,揭阳市,普宁市,广东省普宁市洪阳镇新安村,,,,,116.216682,23.434780
普宁市佛教流沙居士林,汉语系,陈少雄,,广东省,揭阳市,普宁市,广东省普宁市流沙南街道军屯村,,,,,116.194618,23.286390
普宁市佛教清莲庵,汉语系,释昌妙,,广东省,揭阳市,普宁市,广东省普宁市军埠镇何厝围村,,,,,116.292038,23.260202
普宁市佛教湖山古寺,汉语系,释耀法,,广东省,揭阳市,普宁市,广东省普宁市广太镇湖内村,,,,,116.257973,23.478603
普宁市佛教玉兴庵,汉语系,释光平,,广东省,揭阳市,普宁市,广东省普宁市下架山镇咸寮村,,,,,116.212204,23.242292
普宁市佛教白灵庵,汉语系,释耀正,,广东省,揭阳市,普宁市,广东省普宁市军埠镇石桥头村,,,,,116.292473,23.276482
普宁市佛教白石岩,汉语系,释宏成,,广东省,揭阳市,普宁市,广东省普宁市流沙西街道马栅村,,,,,116.153831,23.298363
普宁市佛教盘龙阁,汉语系,释耀智,,广东省,揭阳市,普宁市,广东省普宁市梅林镇龙狮岗,,,,,115.991447,23.241951
普宁市佛教胜恩寺,汉语系,释光盛,,广东省,揭阳市,普宁市,广东省普宁市占陇镇浮屿村,,,,,116.302673,23.284632
普宁市佛教藏莲寺,汉语系,释道清,,广东省,揭阳市,普宁市,广东省普宁市大南山镇灰寨村,,,,,116.174973,23.258883
普宁市佛教观胜居士林,汉语系,许淑芳,,广东省,揭阳市,普宁市,广东省普宁市流沙南街道泗竹埔村顶沟仔,,,,,116.186562,23.279991
普宁市佛教观音庵,汉语系,释演彻,,广东省,揭阳市,普宁市,广东省普宁市南溪镇扬美村,,,,,116.203003,23.517900
普宁市佛教觉惠庵,汉语系,释隆香,,广东省,揭阳市,普宁市,广东省普宁市南径镇陇华村,,,,,116.310371,23.340851
普宁市佛教觉林寺,汉语系,释宽宏,,广东省,揭阳市,普宁市,广东省普宁市流沙东街道郭厝寮村,,,,,116.211098,23.320152
普宁市佛教赤山庵,汉语系,释光静,,广东省,揭阳市,普宁市,广东省普宁市梅林镇安仁村,,,,,115.991447,23.241951
普宁市佛教金佛寺,汉语系,释光文,,广东省,揭阳市,普宁市,广东省普宁市大南山街道枫头寮村,,,,,116.172752,23.272520
普宁市佛教零雯寺,汉语系,释光明,,广东省,揭阳市,普宁市,广东省普宁市梅塘镇溪南村,,,,,116.089622,23.380283
普宁市佛教馨香寺,汉语系,释昌永,,广东省,揭阳市,普宁市,广东省普宁市占陇镇玉溪村,,,,,116.228439,23.327692
普宁市佛教马嘶禅寺,汉语系,释光进,,广东省,揭阳市,普宁市,广东省普宁市池尾街道马山,,,,,116.142670,23.310852
普宁市佛教龙华寺,汉语系,释耀智,,广东省,揭阳市,普宁市,广东省普宁市池尾街道贵政山村,,,,,116.142059,23.290041
普宁市佛教龙庆庵,汉语系,释文余,,广东省,揭阳市,普宁市,广东省普宁市洪阳镇东村东街,,,,,116.216202,23.438951
普宁市佛教龙溪寺,汉语系,释光如,,广东省,揭阳市,普宁市,广东省普宁市流沙东街道老河街,,,,,116.178711,23.296143
花古岩寺,汉语系,释戒静,,广东省,揭阳市,普侨区,广东省揭阳市普侨区后寮村,,,,,116.160645,23.508432
榕城观音寺,汉语系,释耀明,2009-11-06,广东省,揭阳市,榕城区,广东省揭阳市榕城区东湖公园内,,,,,116.376060,23.526194
揭阳市区仙湖古寺,汉语系,释耀辉,,广东省,揭阳市,榕城区,广东省揭阳市榕城区仙桥街道办事处桂南村,,,,,116.321701,23.478630
揭阳市区侣云寺,汉语系,黄扁昌,,广东省,揭阳市,榕城区,广东省揭阳市榕城区东升街道办事处新河村黄岐山,,,,,116.375099,23.557383
揭阳市区天山古寺,汉语系,释耀合,1998-07-01,广东省,揭阳市,榕城区,广东省揭阳市榕城区仙桥街道办事处屯埔村,,,,,116.305084,23.470041
揭阳市区宝琼庵,汉语系,释新铭,,广东省,揭阳市,榕城区,广东省揭阳市榕城区新兴街道办事处下义村,,,,,116.379013,23.532623
揭阳市区崇光岩,汉语系,释光彬,,广东省,揭阳市,榕城区,广东省揭阳市榕城区东阳街道办事处山东围村,,,,,116.350700,23.574512
揭阳市区开觉精舍,汉语系,释耀严,,广东省,揭阳市,榕城区,广东省揭阳市榕城区仙桥街道办事处口吴村,,,,,116.350647,23.518534
揭阳市区报恩寺,汉语系,释光茂,2004-09-01,广东省,揭阳市,榕城区,广东省揭阳市榕城区榕东街道办事处梅兜村,,,,,116.388321,23.540031
揭阳市区明崇岩寺,汉语系,释传性,,广东省,揭阳市,榕城区,广东省揭阳市榕城区梅云街道办事处汤前村,,,,,116.319809,23.510883
揭阳市区明本堂,汉语系,释达勤,,广东省,揭阳市,榕城区,广东省揭阳市榕城区中山路八房祠,,,,,116.353340,23.532921
揭阳市区紫峰寺,汉语系,释耀概,,广东省,揭阳市,榕城区,广东省揭阳市榕城区梅云街道办事处汤前村,,,,,116.319809,23.510883
揭阳市区莲华精舍,汉语系,释达妙,,广东省,揭阳市,榕城区,广东省揭阳市榕城区西马街道办事处西郊村,,,,,116.343689,23.538841
揭阳市区观音堂,汉语系,许仲雄,,广东省,揭阳市,榕城区,广东省揭阳市榕城区东门义渡口,,,,,116.412521,23.514952
揭阳市区龙珠寺,汉语系,陈汉标,,广东省,揭阳市,榕城区,广东省揭阳市榕城区仙桥街道办事处西岐村,,,,,116.344818,23.481401
揭阳市双峰寺,汉语系,释耀勇,1995-10-01,广东省,揭阳市,榕城区,广东省揭阳市榕城区东门双峰边26号,,,,,116.366920,23.524860
揭阳市慈云禅寺,汉语系,释自雄,2000-12-01,广东省,揭阳市,榕城区,广东省揭阳市榕城区东升街道办事处新河村黄岐山,,,,,116.375099,23.557383
揭阳市榕城区佛教居士林,汉语系,释悟平,2001-12-01,广东省,揭阳市,榕城区,广东省揭阳市榕城区揭池路消防指挥中心西侧,,,,,116.350082,23.554073
开元寺,汉语系,刘镇湘,,广东省,罗定市,,广东省罗定市太平镇镇安村,,,,,111.501823,22.523170
灵山寺,汉语系,张明芳,,广东省,罗定市,,广东省罗定市罗镜镇缘安沙墩村,,,,,111.418747,22.534632
一觉寺,汉语系,钟竟成,,广东省,茂名市,电白区,广东省茂名市电白区沙院镇沙院圩烟墩岭,,,,,110.960808,21.490313
太平寺,汉语系,释妙静,,广东省,茂名市,电白区,广东省茂名市电白区沙琅镇新城公园,,,,,111.223587,21.774769
庄山寺,汉语系,释明国,,广东省,茂名市,电白区,广东省茂名市电白区电城镇庄山寺,,,,,111.303238,21.522682
灵源寺,汉语系,释禅俊,1994-12-12,广东省,茂名市,电白区,广东省茂名市电白区麻岗镇热水,,,,,111.172661,21.598423
观山寺,汉语系,释大愿,年代不详,广东省,茂名市,高州市,广东省高州市观山路4号,观山寺群位于高州市之西的观山上，观山东临鉴江，南对南宫岭，山清水秀，风景迷人。明代以来，这里先后建起了观山寺、玉泉寺、吕仙殿、潘仙殿、报德祠等寺庙建筑群。民国期间，又开辟了中山公园，建有中山亭、若虚亭、茂植亭、咏风亭、襟江亭、旷怡亭和断碑亭等建筑，使观山增添了不少色彩。在这些建筑群体的各个不同地方，分别树有各种碑记，其中有诗碑、记事碑、记功碑、捐题碑以及各个名家题词手迹碑记等。在山上的断崖处，还有摩崖石刻，这些建筑群体和石刻群体，结构有序，典雅大方，颇有风韵。,,,,110.846950,21.919560
复龙庵,汉语系,释本严,年代不详,广东省,茂名市,高州市,广东省高州市南关小观山16号,复龙庵位于广东省高州市高州镇南宫岭。,,,,110.845474,21.910473
宝莲庵,汉语系,释妙因,年代不详,广东省,茂名市,高州市,广东省高州市小观山15号,宝莲庵位于高州市城南关的南宫岭上，坐落于城南的南宫岭，与城西的观山隔江相望，遥相呼应，而且都是宗教群体建筑，使用功能相同，只不过是南宫岭与观山相比，面积稍小，高度稍低而矣。因此，人们又把南宫岭称作“小观山”。,,,,110.845474,21.910473
佛子禅院,汉语系,释雪尘,,广东省,茂名市,高州市,广东省高州市宝江街道广潭村佛子岭,,,,,111.150093,22.063770
信愿寺,汉语系,朱伟勇,,广东省,茂名市,高州市,广东省高州市新垌镇红星村,,,,,111.074272,21.906862
回水庵,汉语系,释远果,,广东省,茂名市,高州市,广东省高州市小观山27号,,,,,110.845474,21.910473
回龙庵,汉语系,释清德,,广东省,茂名市,高州市,广东省高州市平江屋背岭,,,,,111.036324,21.823612
宝林寺,汉语系,释耀正,,广东省,茂名市,高州市,广东省高州市石鼓镇石鼓岭,,,,,110.772842,21.822582
林泉寺,汉语系,释汇正,,广东省,茂名市,高州市,广东省高州市新垌中合村,,,,,111.096603,21.937592
洗太南天寺,汉语系,曾永杰,,广东省,茂名市,高州市,广东省高州市南塘镇大石垌村,,,,,110.798218,22.027243
潭头念佛堂,汉语系,龙华,,广东省,茂名市,高州市,广东省高州市潭头镇潭头村,,,,,110.870743,22.170893
益寿庵,汉语系,释如旺,,广东省,茂名市,高州市,广东省高州市环城路91号,,,,,110.853380,21.918120
盘古寺,汉语系,释果妙,,广东省,茂名市,高州市,广东省高州市曹江镇高凉岭,,,,,110.959801,22.023891
石莲庵,汉语系,黎果新,年代不详,广东省,茂名市,高州市,广东省高州市东岸镇石碧村,,,,,110.961823,22.125811
观庄寺,汉语系,释耀德,,广东省,茂名市,高州市,广东省高州市谢鸡镇观庄山,,,,,110.990143,21.918083
高升寺,汉语系,释本善,,广东省,茂名市,高州市,广东省高州市谢鸡镇金鸡山,,,,,110.990143,21.918083
文贤寺,汉语系,李容基,,广东省,茂名市,高州市,广东省高州市沙田镇文贤山,,,,,110.719772,21.902330
南山寺,汉语系,释仁焕,年代不详,广东省,茂名市,化州市,广东省化州市丽岗镇（丽岗圩）尖岗岭,广东省化州市南山寺始建于盛唐时期，距今已有1200多年历史。明朝神宗皇帝赐高僧憨山大师金帑3000修葺寺院，又赐“海印”佛匾，光其门楣。两广总督戴耀也曾赠题“曹溪演法六祖之道”，南山寺因此声名远播。晚近以来，由于种种原因，南山寺人迹凋零。为保护和弘扬佛教历史文化，满足十方信众朝礼受教的心愿，上级政府批准扩建南山寺。南山寺得以祖庭重光，法脉延续。,,,,110.644432,21.757574
水月庵,汉语系,张华,年代不详,广东省,茂名市,化州市,广东省化州市东山街道办上街垌东堤路,,,,,110.644417,21.653011
琉璃庵,汉语系,李绍先,,广东省,茂名市,化州市,广东省化州市新安镇榕树村委会琉璃山,,,,,110.482475,21.644896
河清寺,汉语系,释悟隆,,广东省,茂名市,茂南区,广东省茂名市茂南区公馆镇石滩村,,,,,110.839790,21.676920
灵惠寺,汉语系,释大愿,2004-01-05,广东省,茂名市,茂南区,广东省茂名市茂南区公馆镇周坑村,,,,,110.817749,21.646877
莲水庵,汉语系,赵仕林,,广东省,茂名市,茂南区,广东省茂名市茂南区金塘镇桂山村,,,,,110.827072,21.777842
三圣寺,汉语系,赖德冠,,广东省,茂名市,信宜市,广东省信宜市东镇街道新里村,,,,,110.932579,22.356232
冼太观音庙,汉语系,李龙,,广东省,茂名市,信宜市,广东省信宜市镇隆镇八坊村,,,,,110.880081,22.211102
城北武帝观音庙,汉语系,陆瑞珍,,广东省,茂名市,信宜市,广东省茂名市信宜市人民北路154号,,,,,110.951190,22.361090
太华寺,汉语系,梁辉明,,广东省,茂名市,信宜市,广东省信宜市东镇街道庄垌村,,,,,110.853500,22.419571
永庆寺,汉语系,曾桂全,,广东省,茂名市,信宜市,广东省信宜市东镇街道垌尾村,,,,,110.950180,22.383221
石山寺,汉语系,陈高飞,,广东省,茂名市,信宜市,广东省信宜市东镇街道塘面村,,,,,110.940254,22.319311
禄运寺,汉语系,释心秀,,广东省,茂名市,信宜市,广东省茂名市信宜市东镇街道六运村,,,,,110.932388,22.312311
莲花禅寺,汉语系,释本馨,2012-12-24,广东省,茂名市,信宜市,广东省茂名市信宜市镇隆镇北畔村,,,,,110.879784,22.192202
明觉禅寺,汉语系,释通明,,广东省,茂名市,信宜市,广东省信宜市朱砂镇石根村,,,,,110.971191,22.610537
盘湖庵,汉语系,释传达,年代不详,广东省,梅州市,大埔县,广东省梅州市大埔县湖寮镇双髻山,盘湖庵位于大埔县湖寮镇双髻山麓，始建于唐，为土木结构建筑，三进院落四合院布局，占地面积约619平方米，座西向东。唐开成年间，福建沙县潘了拳高僧云游到此，结庐取名“盘湖禅院”。清初，明吏部侍郎罗万杰，隐居于此，募款建寺名“盘湖庵”。后经广东七奇之一弘觉国师林木陈高僧，清挂印饶平营总兵吴六奇等人筹款修建，寺名即为国师亲书。清代大埔女诗人范荑香为此写下“盘湖非旧仍严正，大石虽顽也点头”的诗句。庵前有一百年古榕基于巨石上，宛如迎客松。,,,,116.625084,24.335571
南安寺,汉语系,释传清,年代不详,广东省,梅州市,大埔县,广东省梅州市大埔县桃源镇新东村,南安寺位于梅州市大埔县桃源镇新东村水口。南安寺始建于明朝万历九年，清道光五年重修，历经多年，1988年旅泰华桥郭瑞兰先生倡仪，海外人士热烈响应，再次修复南安寺，迄今长垂420余载，可谓历史悠久。虽历朝兴替，战火纷扰，古寺仍然香火鼎盛，长盛不衰。南安寺是长垂四百多年的文物古迹，有“我镇之中华文化宝库”之说，也因此得以闻名海内外。大殿供奉本师释迦牟尼如来，消灾延寿药师如来，阿弥陀如来三世佛圣像及文殊、普贤、观音和地藏四大菩萨圣像，还有目莲尊者和十八罗汉,,,,116.665619,24.088112
福山寺,汉语系,释惟灯,年代不详,广东省,梅州市,大埔县,广东省梅州市大埔县五虎山公园,福山寺位於广东省大埔县城虎山公园内，是将古建筑“文武阁”扩建而成。全寺占地十亩，该旅游区由大雄宝殿、祖师殿、观音殿、药师殿、弥陀殿、文武阁等古今建筑物组成。,,,,116.693382,24.341251
万福寺,汉语系,释惟添,,广东省,梅州市,大埔县,广东省梅州市大埔县大麻镇坑尾村,,,,,116.453163,24.377378
华灵寺,汉语系,释宏定,,广东省,梅州市,大埔县,广东省梅州市大埔县茶阳镇下马湖村,,,,,116.722023,24.525131
永丰寺,汉语系,释传理,,广东省,梅州市,大埔县,广东省梅州市大埔县茶阳镇梅林管理区松江村,,,,,116.679840,24.478281
灵觉寺,汉语系,释传真,,广东省,梅州市,大埔县,广东省梅州市大埔县西河镇上黄砂蕨岭,,,,,116.762817,24.519091
甘露堂,汉语系,释桂珍,,广东省,梅州市,大埔县,广东省梅州市大埔县大麻镇英雅,,,,,116.474609,24.377522
真如寺,汉语系,释传学,,广东省,梅州市,大埔县,广东省梅州市大埔县大麻镇圩镇1号,,,,,116.534203,24.340191
福林念佛堂,汉语系,郭杰和,,广东省,梅州市,大埔县,广东省梅州市大埔县大麻新马路街尾,,,,,116.536697,24.343130
茶阳念佛堂,汉语系,卢忍华,,广东省,梅州市,大埔县,广东省梅州市大埔县茶阳镇,,,,,116.681061,24.520472
西来寺,汉语系,释惟庆,,广东省,梅州市,大埔县,广东省梅州市大埔县银江镇龙市村,,,,,116.445137,24.263483
观音阁,汉语系,释慈广,年代不详,广东省,梅州市,大埔县,广东省梅州市大埔县茶阳镇长治坪上村,,,,,116.681061,24.520472
连云寺,汉语系,释传能,,广东省,梅州市,大埔县,广东省梅州市大埔县西河镇北塘村,,,,,116.704338,24.460653
高礤寺,汉语系,释传贵,,广东省,梅州市,大埔县,广东省梅州市大埔县青溪镇上坪沙村,,,,,116.588928,24.522991
龙兴寺,汉语系,释斯芳,,广东省,梅州市,大埔县,广东省梅州市大埔县湖寮镇莒村,,,,,116.735573,24.387661
龙江寺,汉语系,释传通,,广东省,梅州市,大埔县,广东省梅州市大埔县高陂镇陂寨村,,,,,116.632431,24.178534
西岩寺,汉语系,释彰荣,年代不详,广东省,梅州市,丰顺县,广东省梅州市丰顺县汤西镇彭城,西岩寺，位于广东丰顺县汤西镇西城村，省道S228线旁，始建于清乾隆年间，占地面积五千多平方米，素为佛教胜地。,,,,116.126709,23.786739
万佛寺,汉语系,释怀慧,年代不详,广东省,梅州市,丰顺县,广东省梅州市丰顺县汤坑镇虎头山,广东丰顺县万佛寺，园区面积约为1.35平方公里。根据万佛园的性质、原则、主题，园区共分为六个功能区，包括中心区、登高区、闲趣区、童趣区、游乐活动区和入口管理区。,,,,116.187195,23.742453
丰良居士林,汉语系,饶慧珍,,广东省,梅州市,丰顺县,广东省梅州市丰顺县丰良镇张家祠,,,,,116.299324,23.996132
保福寺,汉语系,释真安,,广东省,梅州市,丰顺县,广东省梅州市丰顺县丰良镇金日温泉度假村,,,,,116.210884,23.955023
太平寺,汉语系,徐位村,,广东省,梅州市,丰顺县,广东省梅州市丰顺县汤坑镇汤坑路400号,,,,,116.178910,23.761440
崇德堂,汉语系,释怀慧,,广东省,梅州市,丰顺县,广东省梅州市丰顺县汤南镇隆烟,,,,,116.208450,23.714890
永德堂,汉语系,吴宝珠,,广东省,梅州市,丰顺县,广东省梅州市丰顺县汤南镇新埔,,,,,116.188644,23.725363
黎昌寺,汉语系,释怀慧,,广东省,梅州市,丰顺县,广东省梅州市丰顺县附城黎峰村,,,,,116.170532,23.785980
七圣宫,汉语系,罗喜春,,广东省,梅州市,蕉岭县,广东省梅州市蕉岭县蕉城镇黄田村,,,,,116.164833,24.654491
东灵庵,汉语系,叶青,,广东省,梅州市,蕉岭县,广东省梅州市蕉岭县新铺镇矮岭管理区,,,,,116.151222,24.506660
乐善庵,汉语系,李德干,,广东省,梅州市,蕉岭县,广东省梅州市蕉岭县南磜镇左槐村,,,,,116.319618,24.716850
五显宫,汉语系,徐省越,,广东省,梅州市,蕉岭县,广东省梅州市蕉岭县三圳镇福北村,,,,,116.141319,24.607042
仙岩寺,汉语系,叶伟浩,年代不详,广东省,梅州市,蕉岭县,广东省梅州市蕉岭县新铺镇油坑村,,,,,116.166428,24.537373
兴化寺,汉语系,释信德,,广东省,梅州市,蕉岭县,广东省梅州市蕉岭县蕉城镇横岗村,,,,,116.181213,24.655912
兴福寺,汉语系,叶开贤,,广东省,梅州市,蕉岭县,广东省梅州市蕉岭县南磜镇三泰村,,,,,116.332184,24.784870
千松庵,汉语系,丘小丽,,广东省,梅州市,蕉岭县,广东省梅州市蕉岭县蕉城镇金星村,,,,,116.161919,24.666712
华光庙,汉语系,黄秋凤,,广东省,梅州市,蕉岭县,广东省梅州市蕉岭县蕉城镇陂角,,,,,116.157593,24.672272
四姑宫,汉语系,丘春梅,,广东省,梅州市,蕉岭县,广东省梅州市蕉岭县新铺镇北方村,,,,,116.120209,24.456421
回龙宫,汉语系,丘红宇,,广东省,梅州市,蕉岭县,广东省梅州市蕉岭县新铺镇彭坑村,,,,,116.131660,24.507450
太平宫,汉语系,丘春荣,,广东省,梅州市,蕉岭县,广东省梅州市蕉岭县长潭镇堑垣村,,,,,116.144203,24.653751
奇峰寺,汉语系,谢清新,,广东省,梅州市,蕉岭县,广东省梅州市蕉岭县新铺镇下南村,,,,,116.149933,24.490641
崇光寺,汉语系,黄福南,,广东省,梅州市,蕉岭县,广东省梅州市蕉岭县蕉城镇湖谷村,,,,,116.166428,24.645309
广福寺,汉语系,李运香,,广东省,梅州市,蕉岭县,广东省梅州市蕉岭县广福镇乐干,,,,,116.202309,24.853531
杨子宫,汉语系,丘兆顺,,广东省,梅州市,蕉岭县,广东省梅州市蕉岭县蕉城镇东山村,,,,,116.174370,24.645521
灵凤堂,汉语系,巫建平,,广东省,梅州市,蕉岭县,广东省梅州市蕉岭县文福镇坑头村,,,,,116.211624,24.771811
白果寺,汉语系,杨汉标,,广东省,梅州市,蕉岭县,广东省梅州市蕉岭县蓝坊镇丰口村,,,,,116.220818,24.639650
白马寺,汉语系,邹运用,,广东省,梅州市,蕉岭县,广东省梅州市蕉岭县长潭镇白马管理区,,,,,116.156723,24.649931
皇佑庵,汉语系,郭炳兴,,广东省,梅州市,蕉岭县,广东省梅州市蕉岭县南磜镇皇佑村,,,,,116.327255,24.774723
福永寺,汉语系,王宝亮,,广东省,梅州市,蕉岭县,广东省梅州市蕉岭县南礤镇步上村,,,,,116.347542,24.751310
缘广堂,汉语系,涂远辉,,广东省,梅州市,蕉岭县,广东省梅州市蕉岭县文福镇坑头村,,,,,116.211624,24.771811
蕉岭县佛教居士林,汉语系,钟环玉,,广东省,梅州市,蕉岭县,广东省梅州市蕉岭县蕉城镇长兴路47号,,,,,116.168110,24.650310
闽粤赣释迦文化中心大佛寺,汉语系,释亲证,,广东省,梅州市,蕉岭县,广东省梅州市蕉岭县长潭镇,,,,,116.156723,24.649931
青云庵,汉语系,黄珠英,,广东省,梅州市,蕉岭县,广东省梅州市蕉岭县南磜镇石寨村水口,,,,,116.367081,24.782650
静光寺,汉语系,钟开勇,,广东省,梅州市,蕉岭县,广东省梅州市蕉岭县三圳镇河西村,,,,,116.132790,24.609131
飞来庵,汉语系,林美,,广东省,梅州市,蕉岭县,广东省梅州市蕉岭县蕉城镇龙安村,,,,,116.166710,24.633270
高台庵,汉语系,龙秋英,,广东省,梅州市,蕉岭县,广东省梅州市蕉岭县长潭镇库区267号,,,,,116.129921,24.707697
高陂庵,汉语系,钟增明,,广东省,梅州市,蕉岭县,广东省梅州市蕉岭县南磜镇石寨村,,,,,116.367081,24.782650
慈渡寺,汉语系,释照寂,,广东省,梅州市,蕉岭县,广东省梅州市蕉岭县文福镇暗石村,,,,,116.170677,24.752293
文光庵,汉语系,陈玉贤,,广东省,梅州市,蕉岭县,广东省梅州市蕉岭县南磜镇富足村,,,,,116.332321,24.737812
文池寺,汉语系,丘蔚骅,,广东省,梅州市,蕉岭县,广东省梅州市蕉岭县文福镇红星村,,,,,116.193031,24.715042
文福寺,汉语系,游耿标,,广东省,梅州市,蕉岭县,广东省梅州市蕉岭县文福镇白湖村,,,,,116.197800,24.748322
普会寺,汉语系,释宏君,,广东省,梅州市,蕉岭县,广东省梅州市蕉岭县新铺镇尖坑村,,,,,116.114525,24.561783
千佛塔寺,汉语系,释明慧,年代不详,广东省,梅州市,梅江区,广东省梅州市梅江区金山街道办事处龙丰村,千佛塔寺。寺院坐落在梅州市东郊山上，还在市区时，远远就能看见灯光映衬下的千佛宝塔。,,,,116.133881,24.308811
汉帝宫,汉语系,刘雪荣,明朝年间（公元约1370年）,广东省,梅州市,梅江区,广东省梅州市梅江区江南街道办事处豆子脉村,汉帝宫地处广东梅州市江南四横街丽都路，始建于明朝年间（公元约1370年），香火极旺，1958年大闹钢铁毁于一夜之间，1993年由主持释用广法师（俗名陈坤龙）发动善信重修恢复，再续香火。2008年因各种原因再次在原址重建。,,,,116.136360,24.291203
万亿禅寺,汉语系,释法缘（黄君梅）,,广东省,梅州市,梅江区,广东省梅州市梅江区西阳镇秀竹村,,,,,116.186630,24.232203
万缘庵,汉语系,释彰蕴（危世奎）,,广东省,梅州市,梅江区,广东省梅州市梅江区城北镇洋文三村万缘山,,,,,116.114639,24.366951
乐善堂,汉语系,陈广荣,,广东省,梅州市,梅江区,广东省梅州市梅江区西郊街道办事处梅兴路4—8号,,,,,116.109765,24.306020
五峰禅院,汉语系,释全运（李国运）,,广东省,梅州市,梅江区,广东省梅州市梅江区城北镇群益横坑村,,,,,116.022308,24.405663
仁寿庵,汉语系,释喜玲（钟德云）,,广东省,梅州市,梅江区,广东省梅州市梅江区城北镇岭上村,,,,,116.070541,24.324011
关帝宫,汉语系,释德贵（巫宜桂）,,广东省,梅州市,梅江区,广东省梅州市梅江区西阳镇申坑村,,,,,116.176254,24.294243
净土庵,汉语系,释美华（陈美华）,,广东省,梅州市,梅江区,广东省梅州市梅江区城北镇五里亭村,,,,,116.101860,24.320932
北岩寺,汉语系,释全炎（解国炎）,,广东省,梅州市,梅江区,广东省梅州市梅江区城北镇北岩,,,,,116.100319,24.326130
北帝宫,汉语系,释演保（杨福保）,,广东省,梅州市,梅江区,广东省梅州市梅江区西阳镇鲤溪村,,,,,116.265450,24.275831
善缘庵,汉语系,释对华（张凤秀）,,广东省,梅州市,梅江区,广东省梅州市梅江区城北镇洋文村,,,,,116.114639,24.366951
圣光寺,汉语系,释印祥（胡志旋）,,广东省,梅州市,梅江区,广东省梅州市梅江区西阳镇太平村,,,,,116.200027,24.275801
圣母宫,汉语系,释证昌（古安仁）,,广东省,梅州市,梅江区,广东省梅州市梅江区西阳镇圩镇,,,,,116.201820,24.278761
大东岩寺,汉语系,释慧宽,,广东省,梅州市,梅江区,广东省梅州市梅江区金山办事处龙丰村,,,,,116.133881,24.308811
大帝宫,汉语系,释宏艳（钟艳华）,,广东省,梅州市,梅江区,广东省梅州市梅江区三角镇东升村,,,,,116.146667,24.266949
大神宫,汉语系,释明华（傅桂华）,,广东省,梅州市,梅江区,广东省梅州市梅江区西阳镇新联村,,,,,116.234901,24.296261
天公寺,汉语系,释用福（汤勇元）,,广东省,梅州市,梅江区,广东省梅州市梅江区城北镇洋文卢竹径,,,,,116.069771,24.388540
天公庵（天玺寺）,汉语系,释宗远（池远庆）,,广东省,梅州市,梅江区,广东省梅州市梅江区城北镇扎田干光新丰村道侧,,,,,116.081726,24.350632
天后宫,汉语系,释利平（张利平）,,广东省,梅州市,梅江区,广东省梅州市梅江区西阳镇新联村,,,,,116.234901,24.296261
平山寺,汉语系,释彰庆（黄根庆）,,广东省,梅州市,梅江区,广东省梅州市梅江区三角镇湾下村,,,,,116.108398,24.252012
梅州市梅江区佛教新庵,汉语系,释芙蓉（梁芙蓉）,,广东省,梅州市,梅江区,广东省梅州市梅江区三角镇三龙村,,,,,116.096443,24.253092
梅州市梅江区佛教汉帝宫,汉语系,释用广（陈坤龙）,,广东省,梅州市,梅江区,广东省梅州市梅江区三角镇大坜村江南丽都中路,,,,,116.123199,24.280151
梅州市梅江区佛教西阳观音宫,汉语系,释明华（傅桂华）,,广东省,梅州市,梅江区,广东省梅州市梅江区西阳镇莆田村,,,,,116.209991,24.283220
梅州市梅江区佛教西阳观音寺,汉语系,释真生（杨福生）,,广东省,梅州市,梅江区,广东省梅州市梅江区西阳镇鲤溪村,,,,,116.265450,24.275831
梅江区佛教居士林,汉语系,黄优元,,广东省,梅州市,梅江区,广东省梅州市梅江区西郊街道办事处金苑小区,,,,,116.108627,24.301241
水月院,汉语系,释渊霞（翁怡霞）,,广东省,梅州市,梅江区,广东省梅州市梅江区城北镇北岩,,,,,116.100319,24.326130
清天寺,汉语系,释远强（侯贵强）,,广东省,梅州市,梅江区,广东省梅州市梅江区三角镇上坪村,,,,,116.114128,24.263582
清水庵,汉语系,释庆红（陈秀红）,,广东省,梅州市,梅江区,广东省梅州市梅江区城北镇扎上村,,,,,116.072418,24.360882
灵鹫寺,汉语系,释全辉（张青辉）,,广东省,梅州市,梅江区,广东省梅州市梅江区城北镇扎上村禾仓栋,,,,,116.050789,24.345331
燕山庵,汉语系,释用义（钟建华）,,广东省,梅州市,梅江区,广东省梅州市梅江区金山街道办事处金丰村,,,,,116.175323,24.337221
田子庵,汉语系,释真祥（刘燕祥）,,广东省,梅州市,梅江区,广东省梅州市梅江区西阳镇秀竹村,,,,,116.186630,24.232203
白鹤宫,汉语系,释爱胜（侯爱胜）,,广东省,梅州市,梅江区,广东省梅州市梅江区三角镇湾下村,,,,,116.108398,24.252012
目莲寺,汉语系,释镜拨（卜镜泼）,,广东省,梅州市,梅江区,广东省梅州市梅江区三角镇东升村客天下侧,,,,,116.149811,24.264099
石壁宫,汉语系,释琼福（管琼福）,,广东省,梅州市,梅江区,广东省梅州市梅江区城北镇扎下村,,,,,116.075714,24.362091
碧峰寺,汉语系,释宝华（池宏庆）,,广东省,梅州市,梅江区,广东省梅州市梅江区金山街道办事处周溪村,,,,,116.135178,24.323761
祥云禅寺,汉语系,释明慧（侯慧珍）,,广东省,梅州市,梅江区,广东省梅州市梅江区金山街道办事处金丰村,,,,,116.175323,24.337221
祥吉庵,汉语系,释柳珍（曹柳珍）,,广东省,梅州市,梅江区,广东省梅州市梅江区城北镇古洲村,,,,,116.110229,24.323980
福龙寺,汉语系,释永明（李献忠）,,广东省,梅州市,梅江区,广东省梅州市梅江区城北镇玉西村,,,,,116.013748,24.344301
竹林寺,汉语系,释用泉（蓝金泉）,,广东省,梅州市,梅江区,广东省梅州市梅江区金山街道办事处黄坑村,,,,,116.160477,24.309641
缘福寺,汉语系,释用金（郭金浪）,,广东省,梅州市,梅江区,广东省梅州市梅江区长沙镇上罗村,,,,,116.134880,24.173193
西华庵,汉语系,释春彦（古碧凤）,,广东省,梅州市,梅江区,广东省梅州市梅江区城北镇五洲城古洲路三巷,,,,,116.108063,24.317451
西圣宫,汉语系,释全南（曾庆南）,,广东省,梅州市,梅江区,广东省梅州市梅江区西阳镇下黄坑村,,,,,116.201820,24.278761
西岩古刹,汉语系,释刚宏（谢浩怀）,,广东省,梅州市,梅江区,广东省梅州市梅江区城北镇黄留村高西岩,,,,,116.091507,24.333719
西来庵,汉语系,释真亮（谢志良）,,广东省,梅州市,梅江区,广东省梅州市梅江区西郊街道办事处西区村,,,,,116.099922,24.308500
观音宫,汉语系,释用宽（李运星）,,广东省,梅州市,梅江区,广东省梅州市梅江区金山街道办事处黄坑村高涧,,,,,116.160477,24.309641
观音寺,汉语系,释宏開（杨灼华）,,广东省,梅州市,梅江区,广东省梅州市梅江区金山街道办事处天伯公山,,,,,116.133018,24.312660
财神宫,汉语系,释永义（李进忠）,,广东省,梅州市,梅江区,广东省梅州市梅江区金山街道办事处周溪村,,,,,116.135178,24.323761
长兴庵,汉语系,释彰寿（廖寿兴）,,广东省,梅州市,梅江区,广东省梅州市梅江区城北镇玉西村,,,,,116.013748,24.344301
长沙居士林,汉语系,杨顺华,,广东省,梅州市,梅江区,广东省梅州市梅江区长沙镇长沙圩,,,,,116.122375,24.212252
阳东岩寺,汉语系,释江海（陈坤海）,,广东省,梅州市,梅江区,广东省梅州市梅江区金山街道办事处芹洋村阳东岩,,,,,116.132690,24.309092
静福庵,汉语系,苏华通,,广东省,梅州市,梅江区,广东省梅州市梅江区虹桥头19号,,,,,116.119217,24.312853
高观音寺,汉语系,释真觉（熊日祥）,,广东省,梅州市,梅江区,广东省梅州市梅江区西阳镇秀竹村,,,,,116.186630,24.232203
高观音庵,汉语系,释证树（李连树）,,广东省,梅州市,梅江区,广东省梅州市梅江区长沙镇小密村,,,,,116.130585,24.225132
鸿盛宫,汉语系,释春萍（杨春萍）,,广东省,梅州市,梅江区,广东省梅州市梅江区西郊街道办事处黄塘村,,,,,116.099434,24.313911
鸿福庵,汉语系,释宽愿（侯菊兰）,,广东省,梅州市,梅江区,广东省梅州市梅江区金山街道办事处周溪村,,,,,116.135178,24.323761
鹤山寺,汉语系,释妙华（张华）,,广东省,梅州市,梅江区,广东省梅州市梅江区三角镇湾下村,,,,,116.108398,24.252012
感应岩,汉语系,释彰信（古安信）,,广东省,梅州市,梅江区,广东省梅州市梅江区西阳镇将军阁村,,,,,116.232018,24.259991
慈云宫,汉语系,释明平（刘秀平）,,广东省,梅州市,梅江区,广东省梅州市梅江区城北镇岭上村大径口,,,,,116.070541,24.324011
慧贞庵,汉语系,释奎珍（古奎珍）,,广东省,梅州市,梅江区,广东省梅州市梅江区城北镇黄明村,,,,,116.088623,24.327351
文帝宫,汉语系,释镜思（卜镜思）,,广东省,梅州市,梅江区,广东省梅州市梅江区城北镇黄留村高西岩,,,,,116.091507,24.333719
明山宫,汉语系,释新友（钟新友）,,广东省,梅州市,梅江区,广东省梅州市梅江区三角镇坜明村八组,,,,,116.132225,24.272572
普同塔院,汉语系,释彰莲（肖爱美）,,广东省,梅州市,梅江区,广东省梅州市梅江区三角镇湾下村,,,,,116.108398,24.252012
祥云宫,汉语系,李晓金,年代不详,广东省,梅州市,梅县,广东省梅州市梅县松口镇盘龙村,祥云宫位于广东省梅州市梅县区松口镇古镇洋坑村的祥云宫是当地人供奉“梅溪公王”的庙宇，历经450多年依然香火不断。该宫奉祀梅溪公王、三宝和观音，香火鼎盛。从梅州市区的梅城出发48公里车程可达梅县区祥云宫。,,,,116.408470,24.517662
龙岩寺,汉语系,释耀政,年代不详,广东省,梅州市,梅县,广东省梅州市梅县隆文镇岩前村,相传为明万历初年，由一高僧所建。距今已有400年。岩洞高约12米，宽约20余米，深达50米。走进岩洞，迎面是佛殿。中间塑有“三宝大佛”及诸佛像；两边岩壁，依高低之状，塑观音行天及十八罗汉，神情各异，栩栩如生。,,,,116.357231,24.585611
龙岗寺,汉语系,释彰文,年代不详,广东省,梅州市,梅县,广东省梅州市梅县南口镇荷泗联合村,梅州市梅县区龙岗寺，位于广东省梅州市梅县区南口镇荷泗镇太和圩西面一华里的吕屋侧角。据寺碑和荷泗镇石陂村陈氏族谱记载，该寺初建于明代嘉靖14年（公元1535年）距今已有470年。,,,,115.995941,24.160872
灵光寺,汉语系,释瑞基,唐代懿宗咸通年间,广东省,梅州市,梅县,广东省梅州市梅县雁洋镇阴那村,梅州灵光寺位于广东省梅州市梅县区雁洋镇阴那村阴那山五指峰西麓半山海拔约500米处，面积有6000多平方米。[1]是广东四大名刹之一。[2-3]该寺原名圣寿寺，相传为唐代懿宗咸通年间高僧潘了拳（自号惭愧，福建省延平府沙县人）创建，至今已有一千多年历史。相传明洪武十八年（1385年），广东监察御史梅鼎捐钱扩建，易名“灵光寺”，并亲书“灵光寺”三字嵌刻在山门殿的门额上。[2-3]惭愧祖师，俗姓潘，名了拳，佛教得道高僧，神通广大，有求必应，行仁赐福，兴神助战，功勋卓著。英名远播，四海人民皆敬奉，倍受人间崇拜。,,,国家AAAA级旅游景区,116.393578,24.401640
佛光寺,汉语系,释证荣,年代不详,广东省,梅州市,梅县,广东省梅州市梅县扶大镇铁炉潭村,梅州佛光寺原名乌仙岩，始建于明朝，历时四百余载，地处广东省梅州市梅县区扶大镇乌仙村。毗邻梅州市梅县区新城办，离梅州市区的梅城六公里，交通便利，景色秀丽，仙迹犹存。,,,,116.068604,24.284410
灵华寺,汉语系,夏松富,年代不详,广东省,梅州市,梅县,广东省梅州市梅县雁洋镇对坑村,广东省汕头市潮阳区和平镇下寨村灵华寺，创于明朝，1984年复修，1984年大为扩建。1988年被批准开放，1998年被市文管会批准为镇级文物保护单位，成为练江下游平原上一处胜景。,,,,116.302910,24.389271
七圣宫,汉语系,释宗辉,,广东省,梅州市,梅县,广东省梅州市梅县程江镇大塘村,,,,,116.071770,24.233021
三圣宫,汉语系,释生元,,广东省,梅州市,梅县,广东省梅州市梅县扶大镇所里村,,,,,116.081383,24.257723
三圣庙,汉语系,古革祥,,广东省,梅州市,梅县,广东省梅州市梅县大坪镇大坪村,,,,,115.962212,24.374201
丙村念佛堂,汉语系,释明琼,,广东省,梅州市,梅县,广东省梅州市梅县丙村镇红光村,,,,,116.271584,24.372381
东华山寺,汉语系,吕林泰,,广东省,梅州市,梅县,广东省梅州市梅县水车镇小立村,,,,,116.039032,24.115372
丰兴寺,汉语系,古强章,,广东省,梅州市,梅县,广东省梅州市梅县白渡镇丰溪村,,,,,116.198723,24.498230
二水庵,汉语系,释满通,,广东省,梅州市,梅县,广东省梅州市梅县松口镇下坪村,,,,,116.356682,24.517572
云庆寺,汉语系,何尚文,,广东省,梅州市,梅县,广东省梅州市梅县松源镇白玉村,,,,,116.375809,24.671574
云泉寺,汉语系,温金文,,广东省,梅州市,梅县,广东省梅州市梅县南口镇葵岗村,,,,,116.050919,24.245281
五显宫,汉语系,杨琴,,广东省,梅州市,梅县,广东省梅州市梅县丙村镇人和村,,,,,116.270073,24.356833
仙华庵,汉语系,罗玲丽,,广东省,梅州市,梅县,广东省梅州市梅县南口镇车陂村,,,,,116.013023,24.283482
佛祖庵,汉语系,释秋香,,广东省,梅州市,梅县,广东省梅州市梅县桃尧镇桃源村,,,,,116.488380,24.652582
佛祖高,汉语系,释永雄,,广东省,梅州市,梅县,广东省梅州市梅县城东镇书坑村,,,,,116.147369,24.349871
佛缘庵,汉语系,李顺珍,,广东省,梅州市,梅县,广东省梅州市梅县松口镇南上村,,,,,116.415779,24.493811
光禄寺,汉语系,梁其胜,,广东省,梅州市,梅县,广东省梅州市梅县南口镇瑶燕村,,,,,116.034370,24.250973
关爷宫,汉语系,潘运元,,广东省,梅州市,梅县,广东省梅州市梅县南口镇瑶燕村,,,,,116.034370,24.250973
北帝宫,汉语系,江东强,,广东省,梅州市,梅县,广东省梅州市梅县雁洋镇大坪村,,,,,116.363541,24.401670
南兴寺,汉语系,释燕雄,,广东省,梅州市,梅县,广东省梅州市梅县水车镇双阙村,,,,,116.022331,24.087261
善福庵,汉语系,巫志雄,,广东省,梅州市,梅县,广东省梅州市梅县白渡镇长田村,,,,,116.256561,24.488762
复兴庵,汉语系,古雄丰,,广东省,梅州市,梅县,广东省梅州市梅县大坪镇平中村,,,,,115.964409,24.359211
大和庵,汉语系,释广和,,广东省,梅州市,梅县,广东省梅州市梅县程江镇大和村,,,,,116.082390,24.230383
天爷宫,汉语系,释彰平,,广东省,梅州市,梅县,广东省梅州市梅县程江镇大沙晋村,,,,,116.087128,24.283531
太乙宫,汉语系,张学清,,广东省,梅州市,梅县,广东省梅州市梅县南口镇赤径村,,,,,115.984550,24.320183
太平寺,汉语系,吕梅林,,广东省,梅州市,梅县,广东省梅州市梅县南口镇荷泗太平村,,,,,115.977921,24.183653
夫人庵,汉语系,释廊勤,,广东省,梅州市,梅县,广东省梅州市梅县松源镇案背村,,,,,116.400032,24.700962
开泰寺,汉语系,释觉慧,,广东省,梅州市,梅县,广东省梅州市梅县丙村镇黄梅村,,,,,116.302994,24.358860
松口居士林,汉语系,卜沐章,,广东省,梅州市,梅县,广东省梅州市梅县松口镇南下村,,,,,116.427719,24.494421
梅溪圣宫,汉语系,释宏惠,,广东省,梅州市,梅县,广东省梅州市梅县松口镇经礤村,,,,,116.406914,24.428772
梅竹寺,汉语系,赖金源,,广东省,梅州市,梅县,广东省梅州市梅县桃尧镇松林村,,,,,116.436111,24.604040
武仙寺,汉语系,释运华,,广东省,梅州市,梅县,广东省梅州市梅县南口镇荷泗龙岗村,,,,,116.002022,24.154381
武仙庵,汉语系,释志强,,广东省,梅州市,梅县,广东省梅州市梅县石扇镇银钱村,,,,,116.075768,24.453442
水府寺,汉语系,释纲发,,广东省,梅州市,梅县,广东省梅州市梅县程江镇槐岗村,,,,,116.051514,24.304111
永宁寺,汉语系,巫福兴,,广东省,梅州市,梅县,广东省梅州市梅县白渡镇公珠村,,,,,116.247162,24.527281
永安寺,汉语系,释宗尧,,广东省,梅州市,梅县,广东省梅州市梅县水车镇白沙村,,,,,116.060944,24.101532
永庆庵,汉语系,释秋梅,,广东省,梅州市,梅县,广东省梅州市梅县白渡镇悦来村,,,,,116.202614,24.443632
永昌寺,汉语系,侯渊琴,,广东省,梅州市,梅县,广东省梅州市梅县南口镇龙塘村,,,,,115.967148,24.289452
永福寺,汉语系,何绍文,,广东省,梅州市,梅县,广东省梅州市梅县松源镇白玉村,,,,,116.375809,24.671574
汉帝宫,汉语系,叶翠云,明朝年间（公元约1370年）,广东省,梅州市,梅县,广东省梅州市梅县城东镇竹洋村,,,,,116.146332,24.376051
浮石寺,汉语系,钟仕浩,,广东省,梅州市,梅县,广东省梅州市梅县南口镇瑶东村,,,,,115.965889,24.299690
海棠寺,汉语系,黄定霞,,广东省,梅州市,梅县,广东省梅州市梅县南口镇荷泗七贤村,,,,,116.018051,24.170280
溪口庵,汉语系,古伟元,,广东省,梅州市,梅县,广东省梅州市梅县梅西镇车子排村,,,,,115.910011,24.418961
灵山寺,汉语系,李英平,,广东省,梅州市,梅县,广东省梅州市梅县雁洋镇塘心村,,,,,116.380661,24.419092
灵峰寺,汉语系,侯安平,,广东省,梅州市,梅县,广东省梅州市梅县城东镇葵上村,,,,,116.173111,24.418180
灵慧庵,汉语系,陈小玲,,广东省,梅州市,梅县,广东省梅州市梅县松口镇大力村,,,,,116.404541,24.506372
灵泉寺,汉语系,古雄风,,广东省,梅州市,梅县,广东省梅州市梅县城东镇谢田村,,,,,116.136002,24.366489
登云庵,汉语系,释智雄,,广东省,梅州市,梅县,广东省梅州市梅县南口镇车陂村,,,,,116.013023,24.283482
白云寺,汉语系,释明志,,广东省,梅州市,梅县,广东省梅州市梅县丙村镇横石村,,,,,116.208794,24.378531
白沙庵,汉语系,释全海,,广东省,梅州市,梅县,广东省梅州市梅县石扇镇径尾村,,,,,116.082619,24.423601
白石庵,汉语系,饶伟康,,广东省,梅州市,梅县,广东省梅州市梅县松口镇松南南下村,,,,,116.427719,24.494421
皈和寺,汉语系,邓保文,,广东省,梅州市,梅县,广东省梅州市梅县南口镇双桥村,,,,,116.021690,24.254332
盘龙宫,汉语系,释佑珍,,广东省,梅州市,梅县,广东省梅州市梅县丙村镇群丰村,,,,,116.264030,24.378222
石泉寺,汉语系,管纪海,,广东省,梅州市,梅县,广东省梅州市梅县南口镇瑶上文光村,,,,,115.902702,24.315081
禅林寺,汉语系,释传华,,广东省,梅州市,梅县,广东省梅州市梅县畲江镇松林村,,,,,115.989754,24.044901
福云庵,汉语系,张春梅,,广东省,梅州市,梅县,广东省梅州市梅县松源镇新南村,,,,,116.375183,24.734180
福兴庵,汉语系,韩齐凤,,广东省,梅州市,梅县,广东省梅州市梅县丙村镇银场村,,,,,116.236839,24.365320
福善庵,汉语系,赖士宁,,广东省,梅州市,梅县,广东省梅州市梅县松口镇梅教村,,,,,116.365280,24.534092
福安庵,汉语系,钟金华,,广东省,梅州市,梅县,广东省梅州市梅县梅南镇曹布坝村,,,,,116.089729,24.154470
福林庵,汉语系,潘桃熙,,广东省,梅州市,梅县,广东省梅州市梅县南口镇瑶上村,,,,,115.939224,24.298203
福缘庵,汉语系,梁志清,,广东省,梅州市,梅县,广东省梅州市梅县松口镇仙溪村,,,,,116.417542,24.538301
端正庵,汉语系,黄福缘,,广东省,梅州市,梅县,广东省梅州市梅县松源镇宝坑村,,,,,116.420692,24.662300
耿爷宫,汉语系,游雪瑛,,广东省,梅州市,梅县,广东省梅州市梅县雁洋镇鹧鸪村,,,,,116.297714,24.402771
莲花寺,汉语系,释真悟,年代不详,广东省,梅州市,梅县,广东省梅州市梅县畲江径义鲤鱼村,,,,,116.040581,23.938461
西山宫,汉语系,黄圣生,,广东省,梅州市,梅县,广东省梅州市梅县程江镇西山村,,,,,116.079391,24.287970
西岩寺,汉语系,释天山,,广东省,梅州市,梅县,广东省梅州市梅县雁洋镇三乡上村,,,,,116.370003,24.333054
西方宫,汉语系,杨忠义,,广东省,梅州市,梅县,广东省梅州市梅县白渡镇蕉南村,,,,,116.198868,24.471453
西竺寺,汉语系,黄祥敏,,广东省,梅州市,梅县,广东省梅州市梅县程江镇大沙村,,,,,116.082512,24.243351
观音宫,汉语系,张凤玲,,广东省,梅州市,梅县,广东省梅州市梅县雁洋镇布里村,,,,,116.315048,24.412601
观音岩,汉语系,谢惠莲,,广东省,梅州市,梅县,广东省梅州市梅县雁洋镇雁下村,,,,,116.327621,24.414301
观音庵,汉语系,释慧清,,广东省,梅州市,梅县,广东省梅州市梅县丙村镇银场村,,,,,116.236839,24.365320
财神宫,汉语系,释全康,,广东省,梅州市,梅县,广东省梅州市梅县松口镇铜琶村,,,,,116.433540,24.509710
迅丰寺,汉语系,罗志瑶,,广东省,梅州市,梅县,广东省梅州市梅县南口镇瑶上松水村,,,,,115.934471,24.284222
迥龙寺,汉语系,释彰敬,,广东省,梅州市,梅县,广东省梅州市梅县扶大镇所里村,,,,,116.081383,24.257723
迥龙庵,汉语系,吕幸堂,,广东省,梅州市,梅县,广东省梅州市梅县石扇镇巴庄村,,,,,116.030960,24.446463
遇灵庵,汉语系,陈秀荣,,广东省,梅州市,梅县,广东省梅州市梅县松口镇南上村,,,,,116.415779,24.493811
道南庵,汉语系,杨映珍,,广东省,梅州市,梅县,广东省梅州市梅县雁洋镇南福村,,,,,116.387871,24.425571
镇江寺,汉语系,释机城,,广东省,梅州市,梅县,广东省梅州市梅县松口镇蓬下村,,,,,116.435814,24.460251
长旺庵,汉语系,释秀容,,广东省,梅州市,梅县,广东省梅州市梅县畲江镇新化村,,,,,115.963158,24.049282
雁洋居士林,汉语系,张士杰,,广东省,梅州市,梅县,广东省梅州市梅县雁洋镇鹧鸪村,,,,,116.297714,24.402771
青龙寺,汉语系,沈碧芳,,广东省,梅州市,梅县,广东省梅州市梅县松口镇松东下井村,,,,,116.510750,24.551910
顺贤庵,汉语系,管秀蓉,,广东省,梅州市,梅县,广东省梅州市梅县松口镇寺坑村,,,,,116.391518,24.492722
马坡庵,汉语系,赖金星,,广东省,梅州市,梅县,广东省梅州市梅县隆文镇苏溪村,,,,,116.371933,24.628601
高峰寺,汉语系,谢志雄,,广东省,梅州市,梅县,广东省梅州市梅县南口镇葵岗村,,,,,116.050919,24.245281
高灵寺,汉语系,释彰平,,广东省,梅州市,梅县,广东省梅州市梅县大坪镇守台村,,,,,115.945244,24.361391
龙岗庵,汉语系,释全淼,,广东省,梅州市,梅县,广东省梅州市梅县梅南镇上村,,,,,116.089729,24.154470
龙洞庵,汉语系,卢寿汀,,广东省,梅州市,梅县,广东省梅州市梅县隆文镇坑尾村,,,,,116.350899,24.591301
龙源宫,汉语系,王耀东,,广东省,梅州市,梅县,广东省梅州市梅县松源镇园岭村,,,,,116.371391,24.730331
龙福寺,汉语系,释演接,,广东省,梅州市,梅县,广东省梅州市梅县石坑镇龙头村,,,,,115.863991,24.370842
龙香寺,汉语系,释达明,,广东省,梅州市,梅县,广东省梅州市梅县隆文镇刚尚村,,,,,116.359024,24.604101
恩源禅寺,汉语系,释义空,,广东省,梅州市,梅县,广东省梅州市梅县区桃尧镇黄沙村,,,,,116.472733,24.688482
恩缘禅寺,汉语系,释义空,,广东省,梅州市,梅县,广东省梅州市梅县松源镇荷玉村,,,,,116.448860,24.705362
慈云庵,汉语系,管安昌,年代不详,广东省,梅州市,梅县,广东省梅州市梅县南口镇荷泗四都村,,,,,116.002022,24.154381
扶山寺,汉语系,释秀芬,,广东省,梅州市,梅县,广东省梅州市梅县程江镇扶贵村,,,,,116.094643,24.289942
显光寺,汉语系,曾柳生,,广东省,梅州市,梅县,广东省梅州市梅县松口镇圩镇1号,,,,,116.403282,24.496880
普渡庵,汉语系,卢锦香,,广东省,梅州市,梅县,广东省梅州市梅县梅西镇上官塘村,,,,,115.859970,24.456871
大佛寺,汉语系,释弘化,,广东省,梅州市,平远县,广东省梅州市平远县大柘镇凤池村,广东省梅州市平远县大佛寺于2007年8月3日经广东省民族宗教事务委员会（粤民宗发[2007]214号）批准设立，选址在环境优美，交通便利的广东省梅州市平远县大柘镇凤池村君子坳，距县城2公里，位于世界第一天然卧佛和广南台山国家森林公园中心位置。,,,,115.872337,24.556030
中苧庵,汉语系,刘进祥,,广东省,梅州市,平远县,广东省梅州市平远县泗水镇泗水村,,,,,116.028732,24.749672
于阗寺,汉语系,张桂凤,,广东省,梅州市,平远县,广东省梅州市平远县大柘镇河岭村,,,,,115.907120,24.591852
仙人岩庵,汉语系,谢碧星,,广东省,梅州市,平远县,广东省梅州市平远县仁居镇木溪村,,,,,115.849144,24.861593
双凤庵,汉语系,释性华,,广东省,梅州市,平远县,广东省梅州市平远县仁居镇飞龙村,,,,,115.883568,24.801962
安素庵,汉语系,林新桂,,广东省,梅州市,平远县,广东省梅州市平远县仁居镇麻楼村,,,,,115.911064,24.770992
宝光寺,汉语系,姚龙尹,,广东省,梅州市,平远县,广东省梅州市平远县大柘镇墩背村,,,,,115.893372,24.579370
宝珠寨佛庵,汉语系,范伟雄,,广东省,梅州市,平远县,广东省梅州市平远县仁居镇井下村,,,,,115.903809,24.809771
延福寺,汉语系,延福寺,清乾隆壬申十七年,广东省,梅州市,平远县,广东省梅州市平远县石正镇安仁村,,,,,115.817032,24.531441
正化庵,汉语系,张兆吉,,广东省,梅州市,平远县,广东省梅州市平远县上举镇文裕村,,,,,115.987671,24.829262
石林寺,汉语系,释觉空,,广东省,梅州市,平远县,广东省梅州市平远县差干镇加丰村,,,,,115.964798,24.885931
紫云庵,汉语系,张淑珍,,广东省,梅州市,平远县,广东省梅州市平远县仁居镇畲溪村,,,,,115.943138,24.821913
紫金庵,汉语系,杨桂芳,,广东省,梅州市,平远县,广东省梅州市平远县仁居镇井下村,,,,,115.903809,24.809771
聚缘堂,汉语系,刘水泉,,广东省,梅州市,平远县,广东省梅州市平远县河头镇,,,,,115.877655,24.677082
莲花寺,汉语系,释传一,年代不详,广东省,梅州市,平远县,广东省梅州市平远县大柘镇墩背村岗子上,,,,,115.884819,24.582220
慈云庵,汉语系,陈金旺,年代不详,广东省,梅州市,平远县,广东省梅州市平远县大柘镇凤二村,,,,,115.851143,24.579762
慈善堂,汉语系,肖明锐,,广东省,梅州市,平远县,广东省梅州市平远县八尺镇排下村,,,,,115.778542,24.761831
普善堂,汉语系,释悟修,,广东省,梅州市,平远县,广东省梅州市平远县大柘镇超竹村,,,,,115.902748,24.532633
天池寺,汉语系,曾献锦,年代不详,广东省,梅州市,五华县,广东省梅州市五华县华城镇新一村,天池古寺，坐落于古循州府（今广东省五华县华城镇秦南越王赵佗勃兴之地），地处新桥最高山顶平风台，因高山涌泉而得名。,,,,115.589684,24.117102
平安寺,汉语系,薛高华,年代不详,广东省,梅州市,五华县,广东省梅州市五华县大坝镇大沙村,平安寺，位于广州省梅州市五华县。具有四百多年的历史。,,,,115.768097,24.008501
佛祖庵,汉语系,释传界,,广东省,梅州市,五华县,广东省梅州市五华县河东镇佛祖高,,,,,115.809441,23.918211
保和寺,汉语系,曾锦娣,,广东省,梅州市,五华县,广东省梅州市五华县横陂镇近江村,,,,,115.729370,23.837881
保善堂,汉语系,吴金华,,广东省,梅州市,五华县,广东省梅州市五华县转水镇流洞村,,,,,115.659508,23.953611
华城佛教居士林,汉语系,张亿娣,,广东省,梅州市,五华县,广东省梅州市五华县华城镇乌陂桥,,,,,115.626259,24.059082
南塘寺,汉语系,李玉娣,,广东省,梅州市,五华县,广东省梅州市五华县转水镇黄龙村,,,,,115.699234,23.981663
县城佛教念佛堂,汉语系,罗新松,,广东省,梅州市,五华县,广东省梅州市五华县五华县城宏达路1号,,,,,115.772034,23.923590
善修庵,汉语系,释耀净,,广东省,梅州市,五华县,广东省梅州市五华县河东镇走马村,,,,,115.771591,23.887482
回龙庵,汉语系,何国强,,广东省,梅州市,五华县,广东省梅州市五华县转水镇新华村,,,,,115.704193,24.022970
大朝善堂,汉语系,张嘉展,,广东省,梅州市,五华县,广东省梅州市五华县安流镇里江村,,,,,115.725319,23.773401
太阳塔寺,汉语系,陈石灵,,广东省,梅州市,五华县,广东省梅州市五华县双华镇竹山村,,,,,115.792664,23.753422
妙善庵,汉语系,曾木兰,,广东省,梅州市,五华县,广东省梅州市五华县安流镇大都胜利村,,,,,115.753502,23.754921
杨柳庵,汉语系,邓小远,,广东省,梅州市,五华县,广东省梅州市五华县岐岭镇朝阳村,,,,,115.454727,24.083302
林润寺,汉语系,魏启沐,,广东省,梅州市,五华县,广东省梅州市五华县横陂镇江南村,,,,,115.729843,23.867321
永和寺,汉语系,胡克思,,广东省,梅州市,五华县,广东省梅州市五华县安流镇东礼村,,,,,115.726059,23.703020
永福寺（学佛连社）,汉语系,张林耿,,广东省,梅州市,五华县,广东省梅州市五华县水寨镇罗湖村,,,,,115.747818,23.949770
灵润寺,汉语系,释传心,,广东省,梅州市,五华县,广东省梅州市五华县横陂镇杨恩村,,,,,115.727829,23.854351
珠光寺,汉语系,薛桂娣,,广东省,梅州市,五华县,广东省梅州市五华县大坝镇坝心村,,,,,115.859444,23.981371
甘林庵,汉语系,陈元添,,广东省,梅州市,五华县,广东省梅州市五华县转水镇里塘村,,,,,115.722679,23.972551
甘露寺,汉语系,陈春秀,年代不详,广东省,梅州市,五华县,广东省梅州市五华县横陂镇老楼村,,,,,115.729691,23.823112
福安寺,汉语系,黄美祯,,广东省,梅州市,五华县,广东省梅州市五华县安流镇双福村,,,,,115.645912,23.685371
福寿庵,汉语系,叶展林,,广东省,梅州市,五华县,广东省梅州市五华县华城镇城镇村石柱塘,,,,,115.617081,24.062431
福源寺,汉语系,钟惠霞,,广东省,梅州市,五华县,广东省梅州市五华县华城镇董源村,,,,,115.594109,24.080851
紫云寺,汉语系,蓝连香,,广东省,梅州市,五华县,广东省梅州市五华县河东镇增塘村,,,,,115.780380,23.904161
莲池寺,汉语系,释耀庆,,广东省,梅州市,五华县,广东省梅州市五华县华城镇齐乐村,,,,,115.639198,24.089861
袛园寺,汉语系,周爱新,,广东省,梅州市,五华县,广东省梅州市五华县华城镇环城街75号,,,,,115.625854,24.062983
观音庙,汉语系,张景辉,,广东省,梅州市,五华县,广东省梅州市五华县转水镇益塘村,,,,,115.634689,23.955292
慧云庵,汉语系,张远周,,广东省,梅州市,五华县,广东省梅州市五华县双华镇竹山村,,,,,115.792664,23.753422
药王寺,汉语系,罗思平,年代不详,广东省,梅州市,兴宁市,广东省兴宁市大坪镇圩镇药王山,药王寺，大坪镇圩区西南角的药王山。300多年。,,,,115.582329,24.329647
报福寺,汉语系,袁爱萍,年代不详,广东省,梅州市,兴宁市,广东省兴宁市叶塘镇大众村,兴宁报福寺始建于明朝嘉靖二十七年（即公元1548年），至今有450多年历史。地处，叶塘镇大众村，兴合公路侧，交通便利，香火旺盛，佛事兴隆，是梅州寺院客家特色建筑保存最完善的古刹之一。报福寺曾有两次历史变迁：一是抗日战争时期，战乱危及，广州文理学院迁至该寺为临时校址，培养和造就一批救国救民的仁人志士；二是解放后，为发展教育事业，该寺改为叶塘中心小学，培养了一大批祖国建设人才。因此，该寺成为闻名遐迩的人才摇篮风水宝地。,,,,115.702431,24.194933
神光寺,汉语系,释耀伟,年代不详,广东省,梅州市,兴宁市,广东省兴宁市福兴街道办事处神光村,神光寺位于广东省兴宁市神光路的神光山。神光寺旧时称为南山寿庆寺，在神光山腰，建于北宋嘉祐三年（元一〇五八年）。兴宁寺现存建筑有大雄宝殿、藏经阁、地藏殿、观音殿、祖师殿、僧房、海会塔等，其中大雄宝殿为泰国式荷花殿，寺中有碑刻14块。,,,,115.718559,24.113550
墨池寺,汉语系,钟彩珍,年代不详,广东省,梅州市,兴宁市,广东省兴宁市福兴街道办事处墨池村,墨池寺位于广东省兴宁市风景秀丽的神光山南麓贵人峰，寺询有曾子湖，寺旁有口石泉，泉水自石缝涌出，长流不息，清澈纯净，美味甘醇。据明朝祝枝山编《正德兴宁县志》记载，宋谏议大夫、翰林学士、探花罗孟郊童年在比读书。常在池边习书，洗砚池中，其水尽黑。明万历辛亥孟夏县令陈应荐亲笔书“墨池”两字刻石，立於池边，后人便在此修建一座墨池寺，以供信众奉香朝拜。寺内有一座房舍，名曰“探花书院”，有对联曰：“挂榜名山池染黑，墨池书院紫薇香”，成为兴宁古八景之一。,,市级重点文物保护单位,,115.731201,24.100443
龙凤寺,汉语系,林茂英,年代不详,广东省,梅州市,兴宁市,广东省兴宁市福兴街道办新联村,龙凤寺位于福兴新联村龙凤山嘴，后靠和合水水库，后靠延绵起伏的龙凤山，左依碧波荡漾的石屐水库，粤东名山神光山，清澈的梅溪河水从寺前涓涓流过，站在寺前，城兴宁尽收眼底。世人都说龙凤是观音菩萨盘莲而坐，而更象是如来大佛坐镇山门，普渡众生。,,,,115.686279,24.115610
三宝寺,汉语系,陈玉华,,广东省,梅州市,兴宁市,广东省兴宁市大坪镇大坑村,,,,,115.585289,24.329821
东升寺,汉语系,释斯伟,,广东省,梅州市,兴宁市,广东省兴宁市径南镇东升村,,,,,115.930527,24.185511
东隐寺,汉语系,王福英,,广东省,梅州市,兴宁市,广东省兴宁市坭陂镇东山村,,,,,115.846268,24.090162
二与寺,汉语系,释彰文,,广东省,梅州市,兴宁市,广东省兴宁市径南镇章峰村,,,,,115.941032,24.211773
佛缘寺,汉语系,古元英,,广东省,梅州市,兴宁市,广东省兴宁市水口镇（下堡）圩下村,,,,,115.972160,23.970573
兴福寺,汉语系,黄振威,,广东省,梅州市,兴宁市,广东省兴宁市大坪镇兰亭村,,,,,115.620628,24.273842
北山寺,汉语系,刘仁霞,,广东省,梅州市,兴宁市,广东省兴宁市罗浮镇圩下村,,,,,115.582291,24.521563
合江寺,汉语系,宋启贤,,广东省,梅州市,兴宁市,广东省兴宁市水口镇水洋村,,,,,115.900642,23.989773
和山寺,汉语系,潘建元,,广东省,梅州市,兴宁市,广东省兴宁市宁中镇和山村,,,,,115.772659,24.177362
善庆寺,汉语系,叶耀光,年代不详,广东省,梅州市,兴宁市,广东省兴宁市黄陂镇中心村,,,,国家AA级旅游景区,115.743279,24.403601
宝灵寺,汉语系,幸伟山,,广东省,梅州市,兴宁市,广东省兴宁市径南镇宝山村,,,,,115.878441,24.238262
松山寺,汉语系,王佛其,,广东省,梅州市,兴宁市,广东省兴宁市坭坡镇汤一村,,,,,115.818459,24.054562
流塘寺,汉语系,释明宏,,广东省,梅州市,兴宁市,广东省兴宁市龙田镇利溪村,,,,,115.712151,24.214621
灵化寺,汉语系,释明淑,,广东省,梅州市,兴宁市,广东省兴宁市永和镇锦洞村,,,,,115.840599,24.134665
白衣庵,汉语系,陈云香,,广东省,梅州市,兴宁市,广东省兴宁市兴田街道办事处兴东路,,,,,115.737556,24.138849
石鼓寺,汉语系,饶职方,,广东省,梅州市,兴宁市,广东省兴宁市永和镇永星村,,,,,115.791107,24.155682
福庆寺,汉语系,罗锦凤,,广东省,梅州市,兴宁市,广东省兴宁市新陂镇福庆村,,,,,115.668114,24.138401
花石寺,汉语系,曾初云,,广东省,梅州市,兴宁市,广东省兴宁市黄槐镇槐西村,,,,,115.773903,24.467552
莲花寺,汉语系,李义坚,年代不详,广东省,梅州市,兴宁市,广东省兴宁市宁中镇竹一村,,,,,115.742554,24.161251
蔗塘寺,汉语系,罗辉英,,广东省,梅州市,兴宁市,广东省兴宁市宁中镇蔗塘村,,,,,115.746780,24.187990
观音寺,汉语系,释彰智,年代不详,广东省,梅州市,兴宁市,广东省兴宁市宁新街道办事处水楼村,,,,,115.759399,24.138660
迴源寺,汉语系,钟焕生,,广东省,梅州市,兴宁市,广东省兴宁市黄陂镇寺岗村,,,,,115.702980,24.340462
龙岗寺,汉语系,释如传,年代不详,广东省,梅州市,兴宁市,广东省兴宁市永和镇廉丰村,,,,,115.786804,24.169285
龙西寺,汉语系,袁福泉,,广东省,梅州市,兴宁市,广东省兴宁市罗岗镇罗中村,,,,,115.639931,24.420422
念佛堂,汉语系,曾映标,,广东省,梅州市,兴宁市,广东省兴宁市兴田街道办事处兴城官汕路44号,,,,,115.901337,23.983540
佛冈县王山寺,汉语系,释顿能,,广东省,清远市,佛冈县,广东省清远市佛冈县石角镇英佛公路边,,,,,113.584854,23.765491
连州市古华寺,汉语系,释持德,,广东省,清远市,连州市,广东省连州市大路边镇小里水村古华寺,,,,,112.636047,25.060263
连州市慧光寺,汉语系,释法海,,广东省,清远市,连州市,广东省清远市连州市连州镇四小校址慧光塔旁,,,,,112.386391,24.774961
清远市清城区兴复隆古寺,汉语系,释悟诚,,广东省,清远市,清城区,广东省清远市清城区东城江埗秀田螺村,,,,,113.149773,23.770613
清远市紫竹林寺,汉语系,释传行,,广东省,清远市,清城区,广东省清远市飞来峡山,,,,,113.200661,23.702852
清远市飞来寺,汉语系,释果成,,广东省,清远市,清城区,广东省清远市飞来峡山,,,,,113.200661,23.702852
北山古寺,汉语系,释达愿,1522年（明嘉靖年间）,广东省,清远市,阳山县,广东省清远市阳山县阳城镇城北贤令山麓县道386线旁,北山古寺坐落在广东清远市贤令山麓，坐北向南，因山构筑，占地十多亩，飞檐翘角，体态堂皇。周围群山相抱，树木葱笼；寺前禹门叠浪，馨泻而下；寺内花木丛生，环境幽美，为本县寺庙之冠。,,,,112.638069,24.471323
英德市丰盛古寺,汉语系,释印安,,广东省,清远市,英德市,广东省清远市英德市黎溪镇丰盛古寺,,,,,113.249474,23.941622
英德市南山圣寿寺,汉语系,释海慧,,广东省,清远市,英德市,广东省清远市英德市南山圣寿寺,,,,,113.406868,24.159246
英德市观音岩寺,汉语系,释耀南,,广东省,清远市,英德市,广东省清远市英德市观音山大道北观音岩山,,,,,113.409508,24.267242
英德市金泉寺,汉语系,释常树,,广东省,清远市,英德市,广东省清远市英德市城北金紫山金泉寺,,,,,113.395142,24.217710
梵音精舍,汉语系,释通明,,广东省,汕头市,,广东省汕头市集成里5号,,,,,116.690765,23.358526
西莲精舍,汉语系,释耀达,,广东省,汕头市,,广东省汕头市长厦村西横18号二楼,,,,,116.701813,23.360813
铁林禅寺,汉语系,释海慧,,广东省,汕头市,,广东省汕头市鮀浦龙泉山,,,,,116.645218,23.416243
龙泉岩上岩,汉语系,释宏慈,,广东省,汕头市,,广东省汕头市龙泉岩上岩,,,,,116.645218,23.416243
圆通寺,汉语系,释悟开,年代不详,广东省,汕头市,潮南区,广东省汕头市潮南区陇田镇大布洋管理区,圆通寺，位于广东省汕头市，与广东潮阳市沙陇镇大布洋乡的和惠公路为邻，圆通寺由原中国佛协会长赵朴初题名，系住持释达藏（1930-2002）在释弘广法师为主乐捐下，于1981年到1989年创建，是中国佛协副会长释明生出家处。,,,,116.502464,23.155893
庆德庵,汉语系,释光良,年代不详,广东省,汕头市,潮南区,广东省汕头市潮南区陈店镇洋老管理区,庆德庵，座落于潮南区陈店镇洋内管区之练江南岸，坐南向北，占地面积2800多平方米，目前建筑面积约1000多平方米，系具戒比丘尼法儒、宽辉重兴清光绪年间，至今已具一百多年的历史。据故老相传：因练江于此急转弯，江水冲向洋内一隅乡村，乡人特于水口建一小庙，供奉玄天上帝与齐天大圣佛祖以护境安民。当时，常有出家人住庙照拂香火，终因香油不继而难以维持自养。,,,,116.330521,23.293001
灵显寺,汉语系,释世景,年代不详,广东省,汕头市,潮南区,广东省汕头市潮南区两英镇古溪居委古溪岩,灵显寺位于广东省汕头市潮南区两英镇古溪乡古溪岩内，南凭逶迤蜿蜒的大南山，北与后洋村相望，东与金瓯乡接壤。,,,第二类资源景区,116.373932,23.190393
灵春庵,汉语系,释光伟,年代不详,广东省,汕头市,潮南区,广东省汕头市潮南区司马浦镇溪美朱管理区,灵春庵，位于广东省汕头市潮南区司马浦镇溪美朱村，为坐北朝南、行龙门、前后两座下山虎连接，侧附双层宿舍楼，以及客居楼，占地面积约500多平方米，前座题额“灵春庵”，林湘雄题“万德庄严”殿匾，供奉诸佛圣像；后座题额“春福庵”，依当地传统习俗供奉天后圣母（当地称后座妈）。,,,,116.350449,23.268991
五皈寺,汉语系,释传心,年代不详,广东省,汕头市,潮南区,广东省汕头市潮南区陇田镇溪西居委,广东省汕头市潮阳区沙陇镇溪西乡五皈寺，俗称“五保寺”，肇于宋仁宗天圣五年（1027），南宋景炎三年（1278）释续开扩建，相传文天祥前来礼住持并步上沙丘望幼主，明洪武一年（1368）“虱母仙”何野云也到此。1984年起由住持释惟振重兴，文物颇多。,,,,116.503601,23.168192
福田古寺,汉语系,释光悟,年代不详,广东省,汕头市,潮南区,广东省汕头市潮南区井都镇平湖管理区,广东省汕头市潮阳区井都镇平湖管区西村荔头山西北麓福田古寺，俗称“荔头庵”，创于元朝，改革开放以来修葺、扩建，内有古井临滨海而甘淡，颇有奇趣。,,,,116.556732,23.192982
七星寺,汉语系,释弘礼,年代不详,广东省,汕头市,潮南区,广东省汕头市潮南区成田镇家美管理区一村,广东省汕头市潮阳区成田镇家美乡的七星寺，始自明万历年间（1573-1620），现已由住持释弘礼于乙亥年（1995）十一月全面重建落成开光，尤其是创建宏大的外出门，气势壮观，令人赞叹。,,,,116.472610,23.181376
华古岩,汉语系,释成果,年代不详,广东省,汕头市,潮南区,广东省汕头市潮南区陇田镇田二村,广东省汕头市潮南区田心镇田二村尖山坪东北麓华古岩，创于宋，元代扩建，1993年10月被列为潮阳市文物保护单位，1983年起由住持释成果修建，并新筑外山门，以岩处山泉，峰峦重叠，有报子锣瀑布等奇观而分外迷人。,,,,116.526718,23.136211
义德庵,汉语系,释光丽,,广东省,汕头市,潮南区,广东省汕头市潮南区两英镇东北管理区金鸥北村,,,,,116.365211,23.216251
二灵庵,汉语系,释光兰,,广东省,汕头市,潮南区,广东省汕头市潮南区两英镇仙新叠石村,,,,,116.420990,23.185869
侨光庵,汉语系,释达慧,,广东省,汕头市,潮南区,广东省汕头市潮南区陈店镇流溪村,,,,,116.308174,23.280302
元觉庵,汉语系,释如仁,,广东省,汕头市,潮南区,广东省汕头市潮南区仙城镇仙门城居委,,,,,116.314018,23.232761
养德堂,汉语系,释向源,,广东省,汕头市,潮南区,广东省汕头市潮南区井都镇平湖管理区,,,,,116.556732,23.192982
净行庵,汉语系,释新孝,,广东省,汕头市,潮南区,广东省汕头市潮南区陇田镇仙家乡,,,,,116.513245,23.166609
凤泉岩,汉语系,释达兴,,广东省,汕头市,潮南区,广东省汕头市潮南区峡山街道南里村,,,,,116.433052,23.250301
华峰庵,汉语系,释惟潮,,广东省,汕头市,潮南区,广东省汕头市潮南区陇田镇华林管理区,,,,,116.528862,23.113583
华德庵,汉语系,释光慧,,广东省,汕头市,潮南区,广东省汕头市潮南区司马浦镇仙港管理区,,,,,116.397041,23.271551
华真精舍,汉语系,释惟霞,,广东省,汕头市,潮南区,广东省汕头市潮南区司马浦镇下店管理区,,,,,116.380737,23.244011
原善庵,汉语系,释惟禅,,广东省,汕头市,潮南区,广东省汕头市潮南区胪岗镇胪溪上厝居委,,,,,116.473030,23.229359
和诚庵,汉语系,释达辉,,广东省,汕头市,潮南区,广东省汕头市潮南区胪岗镇新民管理区,,,,,116.458328,23.195992
善德庵,汉语系,释觉愿,,广东省,汕头市,潮南区,广东省汕头市潮南区两英镇西新管理区,,,,,116.390800,23.212103
圆音庵,汉语系,释光慧,,广东省,汕头市,潮南区,广东省汕头市潮南区司马浦镇莲花管理区,,,,,116.372597,23.250360
天宝庵,汉语系,释达圆,,广东省,汕头市,潮南区,广东省汕头市潮南区胪岗镇新联管理区,,,,,116.447273,23.196569
天竺庵,汉语系,张又淑,年代不详,广东省,汕头市,潮南区,广东省汕头市潮南区胪岗镇新中管理区,,,,,116.454422,23.190063
学洋庵,汉语系,释宏远,,广东省,汕头市,潮南区,广东省汕头市潮南区两英镇鹤丰村,,,,,116.403419,23.212721
宏济寺,汉语系,释达真,,广东省,汕头市,潮南区,广东省汕头市潮南区峡山街道峡山居委2片狮头山,,,,,116.408432,23.237322
宏济精舍,汉语系,释悟如,,广东省,汕头市,潮南区,广东省汕头市潮南区峡山街道峡山居委4片95号,,,,,116.433052,23.250301
宝莲庵,汉语系,释悟缘,年代不详,广东省,汕头市,潮南区,广东省汕头市潮南区峡山街道上东浦村,,,,,116.393524,23.231380
广灵庵,汉语系,释光洁,,广东省,汕头市,潮南区,广东省汕头市潮南区陈店镇港后管理区,,,,,116.314720,23.268032
广福庵,汉语系,释惟素,年代不详,广东省,汕头市,潮南区,广东省汕头市潮南区胪岗镇新民管理区,,,,,116.458328,23.195992
弘法寺,汉语系,郑新弘,年代不详,广东省,汕头市,潮南区,广东省汕头市潮南区峡山街道东溪管理区,,,,,116.449554,23.266392
桂林寺,汉语系,释从善,,广东省,汕头市,潮南区,广东省汕头市潮南区峡山街道华桥村,,,,,116.436844,23.274870
梵音精舍,汉语系,释通彻,,广东省,汕头市,潮南区,广东省汕头市潮南区成田镇家美管理区一村,,,,,116.472610,23.181376
永济寺,汉语系,释如定,,广东省,汕头市,潮南区,广东省汕头市潮南区陇田镇望上管理区,,,,,116.531532,23.169731
玄觉精舍,汉语系,连本玄,,广东省,汕头市,潮南区,广东省汕头市潮南区司马浦镇大布下村,,,,,116.359352,23.252922
玉紫岩,汉语系,释耀崇,,广东省,汕头市,潮南区,广东省汕头市潮南区峡山街道东山居委,,,,,116.444778,23.243328
白云岩,汉语系,释达兴,,广东省,汕头市,潮南区,广东省汕头市潮南区胪岗镇新民管理区,,,,,116.458328,23.195992
禅明寺,汉语系,刘俊玲,,广东省,汕头市,潮南区,广东省汕头市潮南区胪岗镇新联管理区,,,,,116.447273,23.196569
福禄庵,汉语系,陈静粉,,广东省,汕头市,潮南区,广东省汕头市潮南区陈店镇溪口居委,,,,,116.329590,23.272552
紫云庵,汉语系,释耀明,,广东省,汕头市,潮南区,广东省汕头市潮南区司马浦镇栅内居委,,,,,116.368362,23.254311
育德精舍,汉语系,释光利,,广东省,汕头市,潮南区,广东省汕头市潮南区司马浦镇溪美朱管理区,,,,,116.350449,23.268991
胜观岩,汉语系,释光华,,广东省,汕头市,潮南区,广东省汕头市潮南区两英镇仙新村,,,,,116.420990,23.185869
西林庵,汉语系,释达坚,,广东省,汕头市,潮南区,广东省汕头市潮南区井都镇上南管理区,,,,,116.556732,23.192982
观静精舍,汉语系,吴新和,,广东省,汕头市,潮南区,广东省汕头市潮南区胪岗镇上厝居委北寨外,,,,,116.440117,23.254930
长宁庵,汉语系,释光卿,,广东省,汕头市,潮南区,广东省汕头市潮南区两英镇西新管理区,,,,,116.390800,23.212103
长福庵,汉语系,释耀丽,,广东省,汕头市,潮南区,广东省汕头市潮南区司马浦镇大布下村,,,,,116.359352,23.252922
陀云岩,汉语系,释传坚,,广东省,汕头市,潮南区,广东省汕头市潮南区陇田镇东仙居委,,,,,116.501945,23.180763
陈店居士林,汉语系,朱彩霞,,广东省,汕头市,潮南区,广东省汕头市潮南区陈店镇陈围居委,,,,,116.329170,23.265604
鸟崎岩,汉语系,释光清,,广东省,汕头市,潮南区,广东省汕头市潮南区成田镇三湖新村,,,,,116.493759,23.188850
黄陇庵,汉语系,释惟珍,,广东省,汕头市,潮南区,广东省汕头市潮南区峡山街道大宅村,,,,,116.417587,23.219662
龙福庵,汉语系,释昌喜,,广东省,汕头市,潮南区,广东省汕头市潮南区两英镇古厝乡龙岭,,,,,116.364952,23.202902
德善庵,汉语系,释光吟,,广东省,汕头市,潮南区,广东省汕头市潮南区峡山街道洋汾林管理区,,,,,116.406342,23.251781
德慧庵,汉语系,释超广,,广东省,汕头市,潮南区,广东省汕头市潮南区峡山街道上东浦大溪南畔,,,,,116.433052,23.250301
念佛禅院,汉语系,释隆道,,广东省,汕头市,潮南区,广东省汕头市潮南区陇田镇大布洋管理区,,,,,116.502464,23.155893
慈德庵,汉语系,释惟坚,,广东省,汕头市,潮南区,广东省汕头市潮南区陈店镇东风二路,,,,,116.314720,23.268032
慈心庵,汉语系,释惟进,,广东省,汕头市,潮南区,广东省汕头市潮南区成田镇家美居委家二乡,,,,,116.471375,23.180511
慈惠庵,汉语系,张宏森,,广东省,汕头市,潮南区,广东省汕头市潮南区胪岗镇新中管理区山家池,,,,,116.454422,23.190063
慈觉庵,汉语系,释道雄,,广东省,汕头市,潮南区,广东省汕头市潮南区成田镇家美管理区三村,,,,,116.472610,23.181376
慧观庵,汉语系,释传德,,广东省,汕头市,潮南区,广东省汕头市潮南区成田镇简朴村,,,,,116.483658,23.170780
承龙庵,汉语系,释耀进,,广东省,汕头市,潮南区,广东省汕头市潮南区仙城镇梅径管理区,,,,,116.298820,23.212240
明福庵,汉语系,释光慧,,广东省,汕头市,潮南区,广东省汕头市潮南区司马浦镇司下管理区,,,,,116.368484,23.258904
卓锡寺,汉语系,释门辉,年代不详,广东省,汕头市,潮阳区,广东省汕头市潮阳区城南街道大南居委东岩,卓锡寺，位于广东省汕头市潮阳区棉城东郊峰腰白牛岩上（俗称东岩）。,,,,116.619278,23.240963
金顶寺,汉语系,王宗盛,年代不详,广东省,汕头市,潮阳区,广东省汕头市潮阳区城南街道大南居委东岩,在寺东南角高峰上，有一座金顶寺。这座创自南宋（1127-1279）古刹，10多年来给经修葺、扩建一新，自1988年被宗教部门批准登记。其建筑面积虽不大，但门前山岩林立，名诗、石刻众多，别具风情。寺主座勋立”。据说是吴丙建。内悬挂1988年茗山上人所题“万德庄严”木匾。佛龛主奉释迦牟尼佛及文殊、普贤二菩萨。,,,,116.619278,23.240963
延寿寺,汉语系,释耀兴,年代不详,广东省,汕头市,潮阳区,广东省汕头市潮阳区城南街道五仙居委,延寿寺，在广东省汕头市潮阳区城南街道五仙村，坐北向南，占地1500平方米，其中建筑面积600多平方米。,,,,116.600571,23.246420
慈恩寺,汉语系,释宗隆,年代不详,广东省,汕头市,潮阳区,广东省汕头市潮阳区文光街道平东居委曲水流,位于广东省汕头市潮阳区棉城东山，桐荫寺的下院慈恩寺，位于曲水流山口，2001年十一月初五落成开光，由住持释宗隆创建，其建筑瑰丽雄伟，金碧辉煌，耸立山腰而分外夺目。潮阳慈恩寺1慈恩寺在桐荫寺东侧数百米远，劈山而建。1997年至2001年，历经五载，释宗隆在师父释心印法师支持下，募资共500万元之巨，历尽艰辛，削岭凿石，铲土填凹，逐步建成。,,,,116.608093,23.259661
转华庵,汉语系,释光贤,年代不详,广东省,汕头市,潮阳区,广东省汕头市潮阳区和平镇中寨六联居委,位于广东省汕头区潮阳区和平镇六联东南侧的转华庵，虽然因其路道较为偏僻，不大引人注目，但是在潮阳的庵寺之中，她的历史却是比较悠久的。,,,,116.479500,23.249052
海棠寺,汉语系,林宗龙,年代不详,广东省,汕头市,潮阳区,广东省汕头市潮阳区河溪镇西田村,桑田海棠寺俗称桑田庵、屿脚庵，位于广东汕头市潮阳区河溪镇西田村境内天后古庙东邻。清光绪甲申《潮阳县志》载曰：“桑田屿脚庵，在县北30里，明天启五年（1625），乡人林朝倡建，谷饶乡例贡林登施租谷25石。”已在2000年重建告竣，古迹焕彩，获市宗教局批准登记开放（1994年7月）。,,,,116.524437,23.355162
灵泉古寺,汉语系,释传道,年代不详,广东省,汕头市,潮阳区,广东省汕头市潮阳区和平镇和平居委前灵豁,灵泉古寺有广东汕头的灵泉古寺，武汉灵泉古寺均是建寺安僧之宝地，也是度假旅游的圣地，适应祈福旅游。,,,,116.475449,23.211830
华严寺,汉语系,释耀星,年代不详,广东省,汕头市,潮阳区,广东省汕头市潮阳区文光街道平东居委曲水流,华严寺，原名“光明精舍”，于2003年8月30日由区民族宗教局批准易名，坐落于汕头市潮阳区文光街道东山风景区。东邻天地坛（三清殿），与城隍庙、双忠庙、东岳庙、灵济宫、桐荫古寺，棉安善堂等释、儒、道诸宇并列。,,,,116.608093,23.259661
海岩寺,汉语系,释宗修,年代不详,广东省,汕头市,潮阳区,广东省汕头市潮阳区河溪镇华东管理区,海岩寺位于潮阳区河溪镇华阳乡旧铺岭。据潮阳县志记载：有郡邑通衢大道穿山绕岩而过，清嘉庆十一年（公元1806年）民众倡建茶亭于道旁，道光年间有僧人居此，改茶亭为寺庙，光绪年间又重修。寺庙依山傍岩建筑，故称海岩寺。祖传邑人吴如璋曾于此筑舍读书。海岩寺山光水色秀丽迷人。寺前两株木棉树挺拔高耸，直指云天，树龄100多年。近年乡民又集资将寺庙修缮和扩建，并在寺内增置一大型铜质卧佛，神态逼真，成一处胜景。,,,,116.558464,23.311781
石泉岩,汉语系,释达群,年代不详,广东省,汕头市,潮阳区,广东省汕头市潮阳区棉北街道平北居委,广东省汕头市潮阳区棉城镇棉北街道平北居委山中的石泉岩，据棉城“世魁林”后裔传说，约创于清乾隆年（1736-1795）初，1996丙子年重修，古榕葱郁，石奇泉清，释、道、儒融为一体，堪称名景胜地。,,,,116.603226,23.271290
金径古寺,汉语系,曾光心,年代不详,广东省,汕头市,潮阳区,广东省汕头市潮阳区城南街道凤上居委,广东省汕头市潮阳区棉城镇凤岗乡两山狭缝径门的金径古寺，位于棉城至海门半途新华大道之东2.5公里山间，原称“白云岩”，因观音娘娘“显灵”而俗称“径门娘”，相传创自宋或元朝，明初虱母仙重修，“文革”后由曾光心女居士为首历经20年重修扩建，于2002年12月20日开光，倚山临径，古榕参天。,,,,116.629295,23.237389
桐荫古寺,汉语系,释宗隆,年代不详,广东省,汕头市,潮阳区,广东省汕头市潮阳区文光街道平东居委曲水流,广东省汕头市潮阳区棉城东山的桐荫寺，创于北宋（960-1127），寺位于东山风景区，与光明精舍、超真观、城隍庙、双忠祠、东岳庙、灵济宫、棉安善堂平列而皆重建。古名桐荫古寺。后因时代变迁而荒废。由邑人释弘修募资于1997年冬重建告竣，越春1月18日开光，为东山添秀。,,,,116.608093,23.259661
灵华寺,汉语系,释惟忠,年代不详,广东省,汕头市,潮阳区,广东省汕头市潮阳区和平镇下寨村,广东省汕头市潮阳区和平镇下寨村灵华寺，创于明朝，1984年复修，1984年大为扩建。1988年被批准开放，1998年被市文管会批准为镇级文物保护单位，成为练江下游平原上一处胜景。,,,,116.480232,23.251614
保灵庵,汉语系,释传清,,广东省,汕头市,潮阳区,广东省汕头市潮阳区和平镇和平居委前灵豁,广东省汕头市潮阳区和平镇和平乡桥尾山，灵泉寺附近的保灵庵，属政府批准同意开放的宗教活动场所，同时属市文物保护单位。,,,,116.475449,23.211830
法华庵,汉语系,释明慧,年代不详,广东省,汕头市,潮阳区,广东省汕头市潮阳区文光街道文光居委罗汉松巷24号,广东汕头市潮阳区文光街道文光居委四方地法华庵，1986年至越载叠建，由释妙进（1899-1958）参予开创，1999年移址南畔约10米处重建为三层楼。,,,,116.604088,23.260506
海兴寺,汉语系,释隆道,年代不详,广东省,汕头市,潮阳区,广东省汕头市潮阳区海门镇北门居委会猫石山,广东汕头市潮阳区海门镇东侧北门居委猫石山乌石堀的海兴寺，俗称“石佛寺”，系释隆道法师自1996年至2000年辟山开创，于2001年8月1日获宗教部门批准登记，以其山势嵯峨，精工建筑，装饰庄严，配套齐全，特别是有一尊炸石时所发现的石佛及由一块乌石刻成弥勒佛，而引人入胜。,,,,116.627884,23.200661
经山古寺,汉语系,释宗隆,年代不详,广东省,汕头市,潮阳区,广东省汕头市潮阳区金灶镇港内村,广东汕头市潮阳和揭阳市两市交界，榕江南麓涵元塔下的经山古寺（属潮阳灶浦镇港内乡），是明嘉靖年间广弘佛法的浙江籍大悟祖师募化创建。,,,,116.407715,23.493242
法容庵,汉语系,释耀慧,年代不详,广东省,汕头市,潮阳区,广东省汕头市潮阳区文光街道平东居委曲水流,广东汕头潮阳区文光街道平东居委东山曲水流的法容庵，位于庄严寺（原光明精舍）之西侧，创于清代，至今100多年，约1930年大部分房屋被改作平东小学，1997年移今址重建，至戊寅十二月十七日（1999年1月）落成开光。,,,,116.608093,23.259661
菩提禅寺,汉语系,释广量,年代不详,广东省,汕头市,潮阳区,广东省汕头市潮阳区棉北街道平北居委,广东汕头潮阳区棉城镇棉北菩提禅寺，以石泉岩为邻，于1993年起由邑人李桂波居士捐资所建，2001年8月1日获临时批准登记证，以建筑宏伟、装饰高档而吸引游人。,,,,116.603226,23.271290
全寿庵,汉语系,释延慧,年代不详,广东省,汕头市,潮阳区,广东省汕头市潮阳区棉北街道平南居委,广东汕头潮阳区棉北街道北关外茶亭路全寿庵，俗称“高地庵”，创于110年前的清光绪十九年癸巳（1893），1985年移址重建，丙子1996年扩建为楼，现毗邻于紫竹林（庵）。,,,,116.598351,23.268021
大北岩,汉语系,释宗华,年代不详,广东省,汕头市,潮阳区,广东省汕头市潮阳区棉北街道平北居委,大北岩位于广东省汕头市潮阳区棉城镇东山北段西麓山腰的大北岩，1993年被列为潮阳市文物保护单位，与南邻小北岩皆为旅游名胜。,,,,116.603226,23.271290
东岩石岩,汉语系,李光钦,,广东省,汕头市,潮阳区,广东省汕头市潮阳区城南街道大南居委东岩,,,,,116.619278,23.240963
乐善庵,汉语系,释宗宣,,广东省,汕头市,潮阳区,广东省汕头市潮阳区文光街道中山东路,,,,,116.614418,23.261980
佛协佛堂,汉语系,释传正,,广东省,汕头市,潮阳区,广东省汕头市潮阳区棉北街道平北大北岩下,,,,,116.599930,23.272511
净光庵,汉语系,释达修,,广东省,汕头市,潮阳区,广东省汕头市潮阳区文光街道西门居委池尾围,,,,,116.601418,23.256903
华阳报恩堂,汉语系,吴宝明,,广东省,汕头市,潮阳区,广东省汕头市潮阳区河溪镇西陇村,,,,,116.546631,23.309723
南庆庵,汉语系,释耀慧,,广东省,汕头市,潮阳区,广东省汕头市潮阳区贵屿镇坑仔管理区,,,,,116.374138,23.352301
古雪岩,汉语系,释光旭,,广东省,汕头市,潮阳区,广东省汕头市潮阳区西胪镇波美居委,,,,,116.508629,23.377750
善光精舍,汉语系,释宗照,,广东省,汕头市,潮阳区,广东省汕头市平原村东右巷1号3楼,,,,,116.699104,23.362122
地坪庵,汉语系,释光敏,,广东省,汕头市,潮阳区,广东省汕头市潮阳区城南街道五仙居委,,,,,116.600571,23.246420
天福寺,汉语系,释印悟,年代不详,广东省,汕头市,潮阳区,广东省汕头市潮阳区棉北街道平西居委上宫,,,,,116.600586,23.266418
天福庵,汉语系,释宗祥,,广东省,汕头市,潮阳区,广东省汕头市潮阳区谷饶镇东明村,,,,,116.394569,23.355331
官路庵,汉语系,释悟正,,广东省,汕头市,潮阳区,广东省汕头市潮阳区金浦街道三堡乡,,,,,116.548332,23.256964
宝光庵,汉语系,释昌吉,,广东省,汕头市,潮阳区,广东省汕头市潮阳区文光街道桃园居委,,,,,116.609833,23.254745
小北岩,汉语系,释惟庆,,广东省,汕头市,潮阳区,广东省汕头市潮阳区文光街道平东居委,,,,,116.601418,23.256903
居士林,汉语系,黄荣城,,广东省,汕头市,潮阳区,广东省汕头市潮阳区关埠镇下底管理区,,,,,116.451202,23.476021
岭海文殊院,汉语系,释妙顺,,广东省,汕头市,潮阳区,广东省汕头市潮阳区海门镇东门社区坑仔水库,,,,,116.625023,23.191765
峰仙岩,汉语系,无,,广东省,汕头市,潮阳区,广东省汕头市潮阳区铜盂镇河陇村,,,,,116.434807,23.308491
崇德庵,汉语系,郑法庆,,广东省,汕头市,潮阳区,广东省汕头市潮阳区金浦街道南门管理区,,,,,116.545952,23.260502
曾山古寺,汉语系,释宗愿,,广东省,汕头市,潮阳区,广东省汕头市潮阳区金浦街道梅东管理区,,,,,116.541252,23.241673
杨枝寺,汉语系,释隆道,,广东省,汕头市,潮阳区,广东省汕头市潮阳区海门镇红洞龙头山,,,,,116.628334,23.194012
梅峰岩,汉语系,释光德,,广东省,汕头市,潮阳区,广东省汕头市潮阳区关埠镇玉一管理区,,,,,116.467499,23.435642
梅峰岩（乌岩）,汉语系,冯俊彬,,广东省,汕头市,潮阳区,广东省汕头市潮阳区西胪镇乌岩村后,,,,,116.482513,23.351501
梵音莲社,汉语系,陈振国,,广东省,汕头市,潮阳区,广东省汕头市潮阳区海门镇莲花峰公园内,,,,,116.615234,23.182247
棉城新庵,汉语系,郑宗顺,,广东省,汕头市,潮阳区,广东省汕头市潮阳区城南街道凤东居委,,,,,116.623680,23.233604
海门新庵,汉语系,姚宗英,,广东省,汕头市,潮阳区,广东省汕头市潮阳区海门镇城南居委,,,,,116.624710,23.223600
海门观音堂,汉语系,无,,广东省,汕头市,潮阳区,广东省汕头市潮阳区海门镇莲峰管理区,,,,,116.615402,23.186541
清泉岩,汉语系,释新平,,广东省,汕头市,潮阳区,广东省汕头市潮阳区铜盂镇河陇村,,,,,116.434807,23.308491
源园寺,汉语系,释弘音,,广东省,汕头市,潮阳区,广东省汕头市潮阳区城南街道龙井水流2横巷3号,,,,,116.599052,23.248522
源德堂,汉语系,姚美珍,,广东省,汕头市,潮阳区,广东省汕头市潮阳区城南街道龙井居委,,,,,116.599838,23.247782
溪云庵,汉语系,释达修,,广东省,汕头市,潮阳区,广东省汕头市潮阳区文光街道西双居委,,,,,116.598892,23.258732
灵山寺,汉语系,释耀瑜,,广东省,汕头市,潮阳区,广东省汕头市潮阳区铜盂镇河陇村,,,,,116.434807,23.308491
灵鹫寺,汉语系,释戒忠,,广东省,汕头市,潮阳区,广东省汕头市潮阳区文光街道西门居委西山风景区,,,,,116.601418,23.256903
玉云寺,汉语系,释耀宇,,广东省,汕头市,潮阳区,广东省汕头市潮阳区金灶镇玉浦居委牛山,,,,,116.400803,23.459311
白牛庵,汉语系,释宗辉,,广东省,汕头市,潮阳区,广东省汕头市潮阳区文光街道平东居委东山东路12巷1号,,,,,116.601418,23.256903
积善庵,汉语系,释惟宏,,广东省,汕头市,潮阳区,广东省汕头市潮阳区城南街道龙井三英宫石狮巷13号,,,,,116.596359,23.246847
竹林寺,汉语系,释达华,,广东省,汕头市,潮阳区,广东省汕头市潮阳区棉北街道平北居委网山,,,,,116.595711,23.280123
紫华莲,汉语系,释达胜,,广东省,汕头市,潮阳区,广东省汕头市潮阳区棉北街道平南居委过境路边,,,,,116.598351,23.268021
紫林庵,汉语系,无,,广东省,汕头市,潮阳区,广东省汕头市潮阳区文光街道桃园居委向北围,,,,,116.601418,23.256903
紫竹居士林,汉语系,林福龙,,广东省,汕头市,潮阳区,广东省汕头市潮阳区河溪镇西陇村,,,,,116.546631,23.309723
紫竹林,汉语系,释达仪,,广东省,汕头市,潮阳区,广东省汕头市潮阳区棉北街道平南居委茶亭路31号,,,,,116.598351,23.268021
红桥庵,汉语系,陈惟昭,,广东省,汕头市,潮阳区,广东省汕头市潮阳区文光街道桃园居委向北围,,,,,116.601418,23.256903
绍云古刹庵,汉语系,无,,广东省,汕头市,潮阳区,广东省汕头市潮阳区海门镇东门外山仔围,,,,,116.628334,23.194012
茶亭庵,汉语系,释传印,,广东省,汕头市,潮阳区,广东省汕头市潮阳区棉北街道平南居委柳厝园,,,,,116.598320,23.265205
莲园精舍,汉语系,释延贤,,广东省,汕头市,潮阳区,广东省汕头市潮阳区文光街道平东居委晒谷埠,,,,,116.603798,23.260759
莲峰古寺,汉语系,释传正,1995-01-30,广东省,汕头市,潮阳区,广东省汕头市潮阳区海门镇莲花峰管理区,,,,,116.628334,23.194012
蟹地庵,汉语系,无,,广东省,汕头市,潮阳区,广东省汕头市潮阳区金浦街道寨外乡,,,,,116.545950,23.260500
西兴寺,汉语系,无,,广东省,汕头市,潮阳区,广东省汕头市潮阳区贵屿镇南安管理区,,,,,116.342331,23.319120
西岩,汉语系,释宏伟,,广东省,汕头市,潮阳区,广东省汕头市潮阳区文光街道西门居委西山,,,,,116.601418,23.256903
西竺庵,汉语系,释达圆,,广东省,汕头市,潮阳区,广东省汕头市潮阳区文光街道西双居委池尾围,,,,,116.596367,23.255760
观音寺,汉语系,释如悟,年代不详,广东省,汕头市,潮阳区,广东省汕头市潮阳区谷饶镇茂广居委三村,,,,,116.407051,23.355242
谷祥佛堂,汉语系,释戒如,,广东省,汕头市,潮阳区,广东省汕头市潮阳区古饶镇上堡居委岭尾宫,,,,,116.401550,23.342459
资生堂,汉语系,释耀静,,广东省,汕头市,潮阳区,广东省汕头市潮阳区谷饶镇茂广居委一村,,,,,116.407051,23.355242
金峰岩,汉语系,无,,广东省,汕头市,潮阳区,广东省汕头市潮阳区谷饶镇新坡乡,,,,,116.417831,23.371733
长福庵,汉语系,释心宏,,广东省,汕头市,潮阳区,广东省汕头市潮阳区谷饶镇深洋乡后小北山南麓,,,,,116.432755,23.391993
长美岩,汉语系,无,,广东省,汕头市,潮阳区,广东省汕头市潮阳区西胪镇波美虎山岩,,,,,116.493919,23.383701
集福庵,汉语系,张宏坤,,广东省,汕头市,潮阳区,广东省汕头市潮阳区贵屿镇南安管理区,,,,,116.342331,23.319120
饶庆寺,汉语系,释宗安,,广东省,汕头市,潮阳区,广东省汕头市潮阳区谷饶镇华光村,,,,,116.413994,23.341072
香远古寺,汉语系,释门行,,广东省,汕头市,潮阳区,广东省汕头市潮阳区金玉镇柳岗乡,,,,,116.376030,23.475811
龙光寺,汉语系,释耀泉,,广东省,汕头市,潮阳区,广东省汕头市潮阳区西胪镇海田乡,,,,,116.506393,23.359081
龙春庵,汉语系,无,,广东省,汕头市,潮阳区,广东省汕头市潮阳区贵屿镇仙彭乡,,,,,116.363167,23.302250
慈德庵,汉语系,释又隆,,广东省,汕头市,潮阳区,广东省汕头市潮阳区谷饶镇新坡居委,,,,,116.417831,23.371733
报恩堂,汉语系,释根安,,广东省,汕头市,潮阳区,广东省汕头市潮阳区谷饶镇大坑村,,,,,116.431992,23.337461
振骘堂,汉语系,郑德元,,广东省,汕头市,潮阳区,广东省汕头市潮阳区城南街道五仙居委,,,,,116.600571,23.246420
普济寺,汉语系,释耀信,,广东省,汕头市,潮阳区,广东省汕头市潮阳区谷饶镇新坡居委,,,,,116.417831,23.371733
延福寺,汉语系,李丽荷,清乾隆壬申十七年,广东省,汕头市,澄海区,广东省汕头市澄海区莲下镇渡亭村,延福寺位于广东省汕头市澄海区莲下镇渡亭乡，建于宋朝，清乾隆壬申十七年重修。,,,,116.782959,23.483212
福庆庵,汉语系,陈佩辉,年代不详,广东省,汕头市,澄海区,广东省汕头市澄海区莲下镇北湾村,广东汕头市澄海区莲下镇北湾乡南社大宫巷西段的福庆庵，创于清同治十三年（1874）之前，于丙子年（1996）在旧庵西邻空地上重建一新，2002年获政府宗教部门批准开放。,,,,116.812767,23.480452
石佛寺,汉语系,辛扬新,年代不详,广东省,汕头市,澄海区,广东省汕头市澄海区澄华街道冠山神山,广东汕头澄海市澄华街道冠山（又名神山）居委“冠山环翠”（澄海古八景之一）中的石佛寺，创自明朝，原称“神山古庵”。坐落于神山西麓，怪石嶙峋，林木苍翠，筑有一座四柱亭台，雅称禅楼，其背后有一巨石削立如壁，石纹有影如人立状，常倒映于仙江清流碧波中，此“禅楼倒影”奇观成为古代冠山十景之一。古刹已列入文物保护单位，并由陈祖鞭（1912-2004.1.16）、辛扬新居士先后筹资扩建，现为旅游礼佛热点。,,,,116.729462,23.476461
丹砂古寺,汉语系,释乾法,年代不详,广东省,汕头市,澄海区,广东省汕头市澄海区莲下镇程美村,丹砂古寺位于广东省汕头市澄海区，坐落于澄海区莲下镇程洋岗村虎丘山西侧。丹砂古寺，创自明成化十三年（1477），历代修葺，1984年列为该澄海市（现改为汕头市澄海区）文物保护单位，后被宗教局批准登记，1986年至1995年初步修建，是释、道、儒三结合古刹，颇具特色，文物丰富，成为程洋岗旅游区重要景点。,,,,116.750511,23.526562
万福庵,汉语系,释悟明,,广东省,汕头市,澄海区,广东省汕头市澄海区盐鸿镇上厝村,,,,,116.875839,23.603851
五福堂,汉语系,陈为钿,清朝光绪丁亥年,广东省,汕头市,澄海区,广东省汕头市澄海区广益街道埔美,,,,,116.773827,23.469191
仁峰佛堂,汉语系,陈圣贤,,广东省,汕头市,澄海区,广东省汕头市澄海区澄华街道下窖桥头沟,,,,,116.744720,23.463284
依莲佛堂,汉语系,陈楚花,,广东省,汕头市,澄海区,广东省汕头市澄海区莲下镇南湾村,,,,,116.808754,23.470991
冠山观音堂,汉语系,释传慈,,广东省,汕头市,澄海区,广东省汕头市澄海区澄华街道冠山神山,,,,,116.729462,23.476461
净莲佛堂,汉语系,林汝娇,,广东省,汕头市,澄海区,广东省汕头市澄海区莲上镇竹林村,,,,,116.792175,23.510920
南寿庵,汉语系,陈纯洁,,广东省,汕头市,澄海区,广东省汕头市澄海区凤翔街道昆美居委,,,,,116.784698,23.457794
善德古庵,汉语系,周丽英,,广东省,汕头市,澄海区,广东省汕头市澄海区盐鸿镇中社村,,,,,116.877899,23.605593
善莲佛堂,汉语系,陈楚刁,,广东省,汕头市,澄海区,广东省汕头市澄海区广益街道龙田龙圣路,,,,,116.749939,23.485069
圆明禅寺,汉语系,释寂照,,广东省,汕头市,澄海区,广东省汕头市澄海区凤翔街道东湖居委,,,,,116.787971,23.450562
塔山古寺,汉语系,释果记,,广东省,汕头市,澄海区,广东省汕头市澄海区莲上镇涂城塔山,,,,,116.792679,23.521652
塘西念佛堂,汉语系,陈成忠,,广东省,汕头市,澄海区,广东省汕头市澄海区东里镇塘西工业区,,,,,116.820183,23.571526
妙明佛堂,汉语系,陈幼芳,,广东省,汕头市,澄海区,广东省汕头市澄海区隆都镇前美村,,,,,116.745354,23.566313
宝华精舍,汉语系,陈楚芬,,广东省,汕头市,澄海区,广东省汕头市澄海区澄华街道城西后巷池,,,,,116.749924,23.469692
履莲居士林,汉语系,王善缘,,广东省,汕头市,澄海区,广东省汕头市澄海区莲上镇兰苑四字顶,,,,,116.788582,23.512442
广佑佛堂,汉语系,许巧贤,,广东省,汕头市,澄海区,广东省汕头市澄海区莲下镇北村村,,,,,116.822990,23.480890
广福庵,汉语系,释光玉,年代不详,广东省,汕头市,澄海区,广东省汕头市澄海区溪南镇仙市村,,,,,116.807434,23.551512
朝峰庵,汉语系,释宏真,,广东省,汕头市,澄海区,广东省汕头市澄海区凤翔街道外埔居委,,,,,116.793930,23.462132
植莲佛堂,汉语系,陈惠贞,,广东省,汕头市,澄海区,广东省汕头市澄海区溪南镇东社村,,,,,116.819328,23.544361
樟林佛堂,汉语系,无,,广东省,汕头市,澄海区,广东省汕头市澄海区东里镇塘西,,,,,116.822762,23.555702
正觉佛堂,汉语系,陈银箴,,广东省,汕头市,澄海区,广东省汕头市澄海区莲下镇槐东村,,,,,116.793968,23.501793
水仙古寺,汉语系,释道印,,广东省,汕头市,澄海区,广东省汕头市澄海区东里镇头冲村,,,,,116.838028,23.561062
湖心莲花佛堂,汉语系,林柱石,,广东省,汕头市,澄海区,广东省汕头市澄海区上华镇湖心村,,,,,116.724052,23.526272
澄东佛堂,汉语系,肖莲钗,,广东省,汕头市,澄海区,广东省汕头市澄海区东里镇东里古桥街,,,,,116.822037,23.554441
玉佛寺,汉语系,陈凤吟,,广东省,汕头市,澄海区,广东省汕头市澄海区凤翔街道港口居委,,,,,116.787971,23.450562
碧兰佛堂,汉语系,林赛花,,广东省,汕头市,澄海区,广东省汕头市澄海区凤翔街道信宁织兴路,,,,,116.789322,23.460463
祗园学苑,汉语系,释耀乐,,广东省,汕头市,澄海区,广东省汕头市澄海区莲下镇槐东村,,,,,116.793968,23.501793
福围庵,汉语系,释宗悟,,广东省,汕头市,澄海区,广东省汕头市澄海区凤翔街道东湖居委,,,,,116.787971,23.450562
福寿佛堂,汉语系,林苏密,,广东省,汕头市,澄海区,广东省汕头市澄海区澄华街道下窖村,,,,,116.744171,23.464561
福慧佛堂,汉语系,江秀如,,广东省,汕头市,澄海区,广东省汕头市澄海区溪南镇海岱村,,,,,116.805931,23.547501
福灵庵,汉语系,释耀明,,广东省,汕头市,澄海区,广东省汕头市澄海区盐鸿镇鸿二羊尾山,,,,,116.858551,23.597012
福田净苑,汉语系,陈自芸,,广东省,汕头市,澄海区,广东省汕头市澄海区莲下镇海后晋祥路,,,,,116.819031,23.473461
竺隐庵,汉语系,释昌德,,广东省,汕头市,澄海区,广东省汕头市澄海区澄华街道西华路口,,,,,116.749924,23.469692
紫莲寺,汉语系,释新华,,广东省,汕头市,澄海区,广东省汕头市澄海区凤翔街道昆美居委,,,,,116.784698,23.457794
莲华阁,汉语系,许羡楚,,广东省,汕头市,澄海区,广东省汕头市澄海区莲下镇建阳村,,,,,116.788788,23.491600
莲花古寺,汉语系,释光念,,广东省,汕头市,澄海区,广东省汕头市澄海区莲华镇碧砂莲花山麓,,,,,116.817352,23.581692
菩提庵,汉语系,释道持,,广东省,汕头市,澄海区,广东省汕头市澄海区广益街道埔美振兴路,,,,,116.773827,23.469191
觉慧佛堂,汉语系,辛静辉,,广东省,汕头市,澄海区,广东省汕头市澄海区澄华街道西门振兴西七巷,,,,,116.749924,23.469692
觉明精舍,汉语系,姚旭文,,广东省,汕头市,澄海区,广东省汕头市澄海区澄华街道西门树下巷,,,,,116.749924,23.469692
觉清精舍,汉语系,曾任苗,,广东省,汕头市,澄海区,广东省汕头市澄海区莲下镇北村村,,,,,116.822990,23.480890
觉音佛堂,汉语系,蔡昌全,,广东省,汕头市,澄海区,广东省汕头市澄海区凤翔街道南门社区,,,,,116.770340,23.456587
资福寺,汉语系,王丹青,,广东省,汕头市,澄海区,广东省汕头市澄海区溪南镇董坑村,,,,,116.774162,23.551031
金莲寺,汉语系,陈晓先,,广东省,汕头市,澄海区,广东省汕头市澄海区溪南镇云英横溪头,,,,,116.831223,23.536041
慧莲佛堂,汉语系,陈绍儿,,广东省,汕头市,澄海区,广东省汕头市澄海区莲下镇槐泽村,,,,,116.789101,23.501022
报福庵,汉语系,释昌德,,广东省,汕头市,澄海区,广东省汕头市澄海区莲上镇里美村,,,,,116.792023,23.535151
圆觉寺,汉语系,释耀惟,年代不详,广东省,汕头市,濠江区,广东省汕头市濠江区达濠街道达埠居委,圆觉寺位于广东汕头市达濠区达埔乡府前路旁，西山古寺东邻，放牛岭脚桶坑的圆觉寺，原名“三甲碗岩”，相传创始于清乾隆（1736-1795）年初，距今200多年，1994年起由住持释耀惟筹资，场址于附近重建，定持法师书寺名，以石脚桶名泉及其金丝小虾、扁蟹、怪鱼珍稀动物而引人入胜，流连忘返。,,,,116.728203,23.281813
西山古寺,汉语系,释弘养,年代不详,广东省,汕头市,濠江区,广东省汕头市濠江区达濠街道达埠居委,西山古寺位于广东汕头市濠江区，坐落在濠江区狮山南侧，磊广公路旁的西山古寺，俗称“西山佛祖庙”，始创于1921年。1988年，因市政建设需要，地址后移重建。1991年起，由住持释定根和释弘养法师募资兴之，今规模恢宏，十分引人。,,,,116.728203,23.281813
双泉寺,汉语系,释超凡,年代不详,广东省,汕头市,濠江区,广东省汕头市濠江区达濠街道赤隆居委,位于汕头市达濠区政府大楼后面东北侧、天公岭公路东南侧山峦的双泉寺，创于甲子年（1984），由港胞石先生（释定应之兄）及释定因法师等捐建，释定应（1912-健在）尼师为开山者，1989年12月10日落成开光。,,,,116.731789,23.281830
巨峰禅寺,汉语系,释达融,年代不详,广东省,汕头市,濠江区,广东省汕头市濠江区宕石街道珠浦居委,巨峰寺，位于广东汕头市达濠区珠浦村东侧，创建于清朝乾隆年间（1736-1795），距今200多年,,,,116.690292,23.290991
金兰寺,汉语系,释达光,年代不详,广东省,汕头市,濠江区,广东省汕头市濠江区达濠街道赤隆居委,金兰寺，位于广东省增城市区南10公里，宋初有姚、周、洪3姓结拜兄弟在此建金兰寺，故名。,,,,116.731789,23.281830
集圣寺,汉语系,释弘养,年代不详,广东省,汕头市,濠江区,广东省汕头市濠江区达濠街道达埠居委,集圣寺位于广东省汕头市濠江区，座落于天公岭西侧的，创自1998年，于2000年3月1日由区宗教局准予开放，4月24日举行三圣佛像开光法会，今为区佛协与市僧伽培训中心所在地。,,,,116.728203,23.281813
德恩寺,汉语系,释超奕,年代不详,广东省,汕头市,濠江区,广东省汕头市濠江区达濠街道达埠居委,德恩寺座落于广东汕头市，在濠江区府前路15号的德恩寺，毗邻西山寺，创自光绪十三年（1887），原称德成堂（又名地母娘宫），“文革”时作生产队牛寮、小酒厂，1980年起不断修建，1994年5月13日获准登记，称“德恩精舍”，2002年初改称“德恩寺”。,,,,116.728203,23.281813
光明寺,汉语系,柯自贵,,广东省,汕头市,濠江区,广东省汕头市濠江区宕石街道澳头居委,,,,,116.681221,23.358631
天坛花园九天禅院,汉语系,释法性,,广东省,汕头市,濠江区,广东省汕头市礐石天坛花园内,,,,,116.693687,23.334770
妙法寺,汉语系,释弘养,,广东省,汕头市,濠江区,广东省汕头市濠江区广澳街道广澳居委,,,,,116.766014,23.266832
宝峰禅寺,汉语系,释法性,,广东省,汕头市,濠江区,广东省汕头市濠江区河浦街道河东居委,,,,,116.659225,23.275986
宝莲居士林,汉语系,林爱珍,,广东省,汕头市,濠江区,广东省汕头市濠江区宕石街道珠浦居委,,,,,116.690292,23.290991
市佛协普同塔,汉语系,释法性,,广东省,汕头市,濠江区,广东省汕头市濠江区礐石狗肚山,,,,,116.689290,23.291540
延寿禅寺,汉语系,释会晟,,广东省,汕头市,濠江区,广东省汕头市濠江区河浦街道河东居委红旗岭,,,,,116.659225,23.275986
柏岭禅寺,汉语系,释演强,,广东省,汕头市,濠江区,广东省汕头市濠江区宕石街道红星居委,,,,,116.690109,23.323400
渡西禅寺,汉语系,释振永,,广东省,汕头市,濠江区,广东省汕头市濠江区玉新街道下衙居委,,,,,116.692253,23.268332
濠美庵,汉语系,释弘养,,广东省,汕头市,濠江区,广东省汕头市濠江区达濠街道青蓝居委,,,,,116.735771,23.278811
紫峰岩寺,汉语系,释果隆,,广东省,汕头市,濠江区,广东省汕头市濠江区宕石街道红旗居委,,,,,116.670639,23.326242
青云禅寺,汉语系,释弘养,,广东省,汕头市,濠江区,广东省汕头市濠江区达濠街道青林居委,,,,,116.735771,23.278811
青松寺,汉语系,释达融,,广东省,汕头市,濠江区,广东省汕头市濠江区达濠街道达埠居委,,,,,116.728203,23.281813
龙华寺,汉语系,释道卿,,广东省,汕头市,濠江区,广东省汕头市濠江区宕石街道珠浦居委,,,,,116.690292,23.290991
龙潭古寺,汉语系,释界成,,广东省,汕头市,濠江区,广东省汕头市濠江区玉新街道黎明居委,,,,,116.666901,23.268007
恭荣精舍,汉语系,释昌静,,广东省,汕头市,濠江区,广东省汕头市濠江区达濠街道葛州居委,,,,,116.735771,23.278811
清云禅寺,汉语系,释祖扬,年代不详,广东省,汕头市,金平区,广东省汕头市金平区鮀江街道鮀浦铸钱洞,清云禅寺位于中国南海之滨的广东省汕头、潮州、揭阳三地交界处，坐落于桑浦山中。这里山势蜿蜒，四面环合；林木青翠，百鸟争鸣。山中奇峰林立，怪石嶙峋，最高峰金刚岩状似僧帽，依天高挂，景象不凡，周围山石上每有海水所蚀圆孔，宛若古时铸钱之模，石下洞窟相连，绵延深远，自宋朝以来便有铸钱洞这美名。洞中清泉潺潺，掬而为饮，沁人肺腑，荡涤尘烦。铸钱洞是潮汕人平安，幸福的象征，“历代潮汕华人为求生存，坐上红头船，飘洋过海。看不见铸钱洞，即知道背井离乡，远离亲人。一旦发达，乘船归来，远远望见铸钱洞金刚岩即平安抵家！”桑浦山中时有异鸟显瑞，彩云呈祥，空中梵音缭绕，钟声悠长。实属天然胜景，佛门净地。,,,,116.648788,23.406242
洄观寺,汉语系,林惜贤,年代不详,广东省,汕头市,金平区,广东省汕头市金平区东方街道浔洄老村,广东省汕头市达濠区浔洄乡洄观寺，创自清，1998年重建，越载5月12日开光，苍山作伴，大海为侣，是海隅渔乡独具特色的朝佛寺宇和学佛场所，现由住持释传境法师、林惜贤居士负责寺务。,,,,116.582901,23.326723
龙泉禅寺,汉语系,释新成,年代不详,广东省,汕头市,金平区,广东省汕头市鮀浦桑浦山小武坑,广东汕头市升平区龙泉岩东侧的龙泉禅寺，是1994年为满足信众于特区内，有一佛教大丛林之愿望，由政府宗教部门批准，开始筹资辟山创建的。,,,,116.433100,23.250290
长石古寺,汉语系,陈煜东,年代不详,广东省,汕头市,金平区,广东省汕头市金平区鮀浦长石路,广东汕头市升平区（今金平区）鮀浦街道鮀东居委长石路，汕大东邻的长石古寺，创于南宋，1991年起由陈文英女居士为首主持下，经海内外善信资助，总投资900余万元，重建一新，规模壮观。,,,,116.705400,23.365250
长庆庵,汉语系,释光继,年代不详,广东省,汕头市,金平区,广东省汕头市金平区鮀浦龙城南路37号,广东汕头市升平区（今金平区）鮀江街道蓬洲古城内南门城脚，城南路37号的长庆庵，创自清乾隆五十一年（1786），1985年至1992年（八月十八日开光）由住持释弘辉（1924-1999）募资重建。,,,,116.651428,23.404442
一辉小苑,汉语系,释常观,,广东省,汕头市,金平区,广东省汕头市金平区光华街道杏花街9号1座201,,,,,116.682390,23.368010
三昧念佛堂,汉语系,陈桂烈,,广东省,汕头市,金平区,广东省汕头市东厦路100号,,,,,116.705400,23.376850
修学精舍,汉语系,释惟见,,广东省,汕头市,金平区,广东省汕头市金平区同益街道金兴苑7栋806,,,,,116.677795,23.358675
光明佛堂,汉语系,释禅超,,广东省,汕头市,金平区,广东省汕头市海安街道利安路26号1梯9楼,,,,,116.679980,23.355340
光明精舍,汉语系,释印善,,广东省,汕头市,金平区,广东省汕头市金平区乌桥街道同兴街53号,,,,,116.676773,23.362352
净修堂,汉语系,蓝妙粧,,广东省,汕头市,金平区,广东省汕头市金平区蓬城西街50号,,,,,116.655818,23.411170
准清庵,汉语系,释长庆,,广东省,汕头市,金平区,广东省汕头市金平区鸥汀街道西畔村,,,,,116.709511,23.412722
华严寺,汉语系,释法性,年代不详,广东省,汕头市,金平区,广东省汕头市金平区鮀浦汕头大学后山莲花心,,,,,116.652809,23.404461
圆光精舍,汉语系,释能禅,,广东省,汕头市,金平区,广东省汕头市金平区鮀浦鮀新路5栋205,,,,,116.651428,23.404442
圆通精舍,汉语系,释悟如,,广东省,汕头市,金平区,广东省汕头市新福街道同平路111号06,,,,,116.672910,23.358280
大慈念佛堂,汉语系,柯御珍,,广东省,汕头市,金平区,广东省汕头市金平区梅园商住楼B座西梯403,,,,,116.708542,23.361589
妙一佛堂,汉语系,释雪尘,,广东省,汕头市,金平区,广东省汕头市北墩后畔新路4号3楼,,,,,116.701424,23.387432
妙光精舍,汉语系,释隆伟,,广东省,汕头市,金平区,广东省汕头市金平区新福街道同平路2号07室,,,,,116.672760,23.355820
妙和禅寺,汉语系,释宗一,,广东省,汕头市,金平区,广东省汕头市金平区鮀江街道沙浦村三叠金山坡地,,,,,116.646187,23.404680
存心念佛堂,汉语系,蔡本通,,广东省,汕头市,金平区,广东省汕头市金平区外马路89号,,,,,116.676750,23.355330
安寿古寺,汉语系,庄立明,,广东省,汕头市,金平区,广东省汕头市金平区启岐山街道岐山南楼,,,,,116.681679,23.358871
定慧精舍,汉语系,释胜文,,广东省,汕头市,金平区,广东省汕头市金平区光华街道厦岭路34号2栋403,,,,,116.676890,23.367620
宝光精舍,汉语系,释觉亮,,广东省,汕头市,金平区,广东省汕头市金平区光华街道杏花村南1巷15号,,,,,116.680412,23.365492
宝莲精舍,汉语系,释光成,,广东省,汕头市,金平区,广东省汕头市金平区金砂东门大路32巷16号4楼,,,,,116.705400,23.365250
小祗园精舍,汉语系,黄惜香,,广东省,汕头市,金平区,广东省汕头市葱陇田中3巷8号,,,,,116.433100,23.250290
市佛协总道场,汉语系,释法性,,广东省,汕头市,金平区,广东省汕头市国平路11号,,,,,116.674570,23.354150
常光精舍,汉语系,释明开,,广东省,汕头市,金平区,广东省汕头市金平区外充公永安村南安街三巷22号,,,,,116.669418,23.353580
广济精舍,汉语系,释道荣,,广东省,汕头市,金平区,广东省汕头市金平区金新北路2号4栋,,,,,116.716019,23.400770
弘法佛堂,汉语系,林爱芳,,广东省,汕头市,金平区,广东省汕头市金平区广厦街道天竺园9栋2号门楼下,,,,,116.716530,23.398411
月光佛堂,汉语系,佘平儿,,广东省,汕头市,金平区,广东省汕头市金平区月浦街道月浦村南畔溪沟边,,,,,116.688698,23.420382
棲霞精舍,汉语系,释光耀,,广东省,汕头市,金平区,广东省汕头市金平区石炮台街道卫工路一横2号7楼,,,,,116.700680,23.356040
正觉佛堂,汉语系,张应兰,,广东省,汕头市,金平区,广东省汕头市金平区大华街道华坞路7号7座6楼,,,,,116.691600,23.363100
正觉精舍,汉语系,释世振,,广东省,汕头市,金平区,广东省汕头市金平区鮀江街道大学路乐业园A区15栋201,,,,,116.663208,23.398455
永福精舍,汉语系,释道祥,,广东省,汕头市,金平区,广东省汕头市金平区石炮台街道长厦西二横11号2楼,,,,,116.702950,23.360832
法雨精舍,汉语系,释世景,,广东省,汕头市,金平区,广东省汕头市金平区黄岗路坪西5栋407,,,,,116.691750,23.360121
清修精舍,汉语系,释能发,,广东省,汕头市,金平区,广东省汕头市金平区石炮台街道平原新村8巷5号,,,,,116.700157,23.356482
清凉精舍,汉语系,释道正,,广东省,汕头市,金平区,广东省汕头市金平区大华街道共兴花园一座201,,,,,116.686821,23.356750
真明佛堂,汉语系,释戒斌,,广东省,汕头市,金平区,广东省汕头市金平区民族路70号908,,,,,116.677434,23.360960
祗光精舍,汉语系,释法演,,广东省,汕头市,金平区,广东省汕头市金平区金禧花园7幢105房,,,,,116.708420,23.392435
竹林精舍,汉语系,释道清,,广东省,汕头市,金平区,广东省汕头市金平区大华街道三洁直街受福里三巷4号,,,,,116.687782,23.358831
般若佛堂,汉语系,释耀学,,广东省,汕头市,金平区,广东省汕头市金平区新福街道荣隆街57号5楼,,,,,116.668080,23.355270
草堂精舍,汉语系,释传正,,广东省,汕头市,金平区,广东省汕头市金平区金霞街道金涛庄东区46幢D座,,,,,116.737297,23.358130
莲光精舍,汉语系,释演宗,,广东省,汕头市,金平区,广东省汕头市金平区同益街道红亭花园20栋1楼,,,,,116.683632,23.357421
莲华精舍,汉语系,释达慧,,广东省,汕头市,金平区,广东省汕头市金平区光华街道护堤路2号305,,,,,116.685050,23.366820
莲池精舍,汉语系,释昌能,,广东省,汕头市,金平区,广东省汕头市金砂东门大路东座35巷7号,,,,,116.695854,23.371080
莲花寺,汉语系,张国炎,年代不详,广东省,汕头市,金平区,广东省汕头市金平区光华街道西港路新乡下围地列5/320号,,,,,116.670090,23.357840
菩提精舍,汉语系,释道稀,,广东省,汕头市,金平区,广东省汕头市金平区金沙街道金砂下寨大巷2巷6号,,,,,116.695854,23.371080
菩提院,汉语系,释祖明,,广东省,汕头市,金平区,广东省汕头市金平区鮀莲街道莲荣社区池八城,,,,,116.600380,23.420092
西光精舍,汉语系,释自新,,广东省,汕头市,金平区,广东省汕头市金平区大华街道竞长村东巷3号,,,,,116.687782,23.358831
西莲觉苑精舍,汉语系,释净芳,,广东省,汕头市,金平区,广东省汕头市金平区金厦街道芙蓉园6栋甲座702,,,,,116.709892,23.374689
觉慧精舍,汉语系,释了空,,广东省,汕头市,金平区,广东省汕头市外马路92号202房,,,,,116.688480,23.355000
觉真净苑,汉语系,郑少奕,,广东省,汕头市,金平区,广东省汕头市金平区东墩街道党校路23号1栋302,,,,,116.701660,23.375770
觉观精舍,汉语系,释新盛,,广东省,汕头市,金平区,广东省汕头市护堤路2号305,,,,,116.685050,23.366820
达光精舍,汉语系,释达善,,广东省,汕头市,金平区,广东省汕头市金平区乌桥街道二马路同兴街同福里21号,,,,,116.676773,23.362352
金光佛堂,汉语系,李河道,,广东省,汕头市,金平区,广东省汕头市金平区金沙街道金砂陵园后楼3-4楼,,,,,116.702927,23.370411
长寿庵,汉语系,释又智,,广东省,汕头市,金平区,广东省汕头市金平区外砂镇东溪村,,,,,116.735703,23.453382
阿兰精苑,汉语系,释惟尚,,广东省,汕头市,金平区,广东省汕头市金平区石炮台街道卫公路4号3楼,,,,,116.700157,23.356482
隐莲精舍,汉语系,释超慈,,广东省,汕头市,金平区,广东省汕头市金砂东门大路榕树下,,,,,116.695854,23.371080
青莲精舍,汉语系,释达传,,广东省,汕头市,金平区,广东省汕头市金平区东方街道中南大厦乙座205,,,,,116.715469,23.355902
高隆净苑,汉语系,释传广,,广东省,汕头市,金平区,广东省汕头市金平区光华街道厦岭路建华一直巷12号,,,,,116.675446,23.369917
弥陀居,汉语系,释耀源,,广东省,汕头市,金平区,广东省汕头市金平区光华街道杏花路旁25号,,,,,116.683441,23.366400
念佛净苑,汉语系,孙晓微,,广东省,汕头市,金平区,广东省汕头市金平区大学路鮀浦狮尾加油站旁共兴花园一座801,,,,,116.643684,23.407816
愍励精舍,汉语系,释弘业,,广东省,汕头市,金平区,广东省汕头市金平区大华街道中山路36号305,,,,,116.687780,23.358850
慈云静苑,汉语系,释新悟,,广东省,汕头市,金平区,广东省汕头市金平区光华北四路36号,,,,,116.671875,23.373958
慈林精舍,汉语系,释宏果,,广东省,汕头市,金平区,广东省汕头市金平区鮀江街道大学路254号2座,,,,,116.649740,23.405450
慈航佛堂,汉语系,陈岱侬,,广东省,汕头市,金平区,广东省汕头市金平区石炮台街道长厦东11直巷4号2楼,,,,,116.702950,23.360832
慈莲精舍,汉语系,释惟进,,广东省,汕头市,金平区,广东省汕头市金平区乌桥街道北海旁1号2栋东梯409,,,,,116.676773,23.362352
慈音念佛堂,汉语系,张延龙,,广东省,汕头市,金平区,广东省汕头市金平区同益街道同益西巷9号1-3楼,,,,,116.681139,23.356443
慧德精舍,汉语系,释光静,,广东省,汕头市,金平区,广东省汕头市金平区大华街道葱陇大井边26号,,,,,116.687782,23.358831
慧炬精舍,汉语系,释广宏,,广东省,汕头市,金平区,广东省汕头市金华街5号1栋2梯805,,,,,116.692320,23.367270
成就净苑,汉语系,释耀恩,,广东省,汕头市,金平区,广东省汕头市金平区光华街道大学路鮀新二巷102号,,,,,116.673492,23.368431
日光精舍,汉语系,释超贤,,广东省,汕头市,金平区,广东省汕头市金平区石炮台街道石炮台8巷4号,,,,,116.698532,23.353209
明光精舍,汉语系,释光成,,广东省,汕头市,金平区,广东省汕头市金平区乌桥街道亨祠右三巷18号,,,,,116.676773,23.362352
智光精舍,汉语系,释宗智,,广东省,汕头市,金平区,广东省汕头市安平路102号1座2号门803,,,,,116.670520,23.352880
证果寺,汉语系,释明性,年代不详,广东省,汕头市,龙湖区,广东省汕头市龙湖区鸥汀街道证果寺路,广东汕头市龙湖区鸥汀街道证果寺，现由赵朴初（1907-2000.5.21）提名，相传始建于明永乐四年（1406），是1994年10月6日被市府公布为文物保护单位的古刹。,,,,116.716331,23.412081
一如净苑,汉语系,释自严,,广东省,汕头市,龙湖区,广东省汕头市龙湖区天山路紫云庄别墅26幢,,,,,116.728271,23.374350
佛光精舍,汉语系,释开贤,,广东省,汕头市,龙湖区,广东省汕头市龙湖区金霞街道龙湖街76号206房,,,,,116.723880,23.375250
大圆满佛堂,汉语系,陈家平,,广东省,汕头市,龙湖区,广东省汕头市龙湖区长平路132号春和苑东梯316房,,,,,116.733192,23.361641
市佛协觉慈念佛堂,汉语系,吴瑞香,,广东省,汕头市,龙湖区,广东省汕头市迎宾路4号建设大厦201,,,,,116.716490,23.368710
梵音阁,汉语系,释海慧,,广东省,汕头市,龙湖区,广东省汕头市龙湖区珠池街道广兴村兴棉街21巷3号,,,,,116.740784,23.371262
楞严精舍,汉语系,释梦月,,广东省,汕头市,龙湖区,广东省汕头市龙湖区珠池街道朝阳庄中区18幢804房,,,,,116.727990,23.363550
清泰念佛堂,汉语系,林穗来,,广东省,汕头市,龙湖区,广东省汕头市龙湖区凤凰山路开达大厦首层,,,,,116.714203,23.375315
紫竹精苑,汉语系,释传益,,广东省,汕头市,龙湖区,广东省汕头市龙湖区金泰庄北区26栋207房,,,,,116.739799,23.360821
詠春禅苑,汉语系,释妙光,,广东省,汕头市,龙湖区,广东省汕头市龙湖区新津街道丽水庄中区7幢105房,,,,,116.734741,23.373751
慎修精舍,汉语系,释学元,,广东省,汕头市,龙湖区,广东省汕头市龙湖区新津街道泰山路辛厝寮路口金港街,,,,,116.761017,23.396212
慧明精舍,汉语系,释传清,,广东省,汕头市,龙湖区,广东省汕头市龙湖区建南花园13栋303房,,,,,116.715462,23.369743
无著佛堂,汉语系,释光品,,广东省,汕头市,龙湖区,广东省汕头市龙湖区珠池街道广兴村广兴街东7巷1号二楼,,,,,116.740784,23.371262
云盖寺,汉语系,释超楚,年代不详,广东省,汕头市,南澳县,广东省汕头市南澳县云澳镇老园村,南澳岛上，寺庙可不少。就明朝陈天资《东里志》等史书记载而言，最早佛门就是创自宋朝的云盖寺（原称三宝寺，明重修时易名）。它已于1992年8月15日由县政府公布为第二批文物保护单位。自1985年起历经16载，由住持释通教尼师艰苦备尝，募资重建扩大，于2001年10月5日落成开光。,,,,117.115768,23.403307
屏山岩,汉语系,释达诚,年代不详,广东省,汕头市,南澳县,广东省汕头市南澳县深澳镇后花园村,广东汕头南澳县深澳镇西天岭的屏山岩，原名宾山岩，创于清初，1993年夏至1997年9月由住持诗僧释定持（1921-1999，有传）重建扩大，由吴南生同志题寺名，1999年9月24日被列为县第3批文物保护单位，以筑有独具胜景露天石观音巨像、金针宝塔、诗碑廊（荟萃名流诗联）、宾山亭，和分外秀丽的山水而引人入胜。,,,,117.081627,23.448851
宝莲庵,汉语系,释长盛,年代不详,广东省,汕头市,南澳县,广东省汕头市南澳县后宅镇山顶村,广东汕头南澳县后宅镇前江湾畔，山顶村的宝莲庵，也叫水莲庵，曾称念佛堂，旧时处于桥西头而俗称“桥头庵“，创于民国八年（1919），1980年重建完工。,,,,117.034424,23.415871
云深古寺,汉语系,释达平,,广东省,汕头市,南澳县,广东省汕头市南澳县深澳镇金山村,,,,,117.100090,23.450012
净慈精舍,汉语系,释长盛,,广东省,汕头市,南澳县,广东省汕头市南澳县后宅镇港畔村,,,,,117.027115,23.422913
南山寺,汉语系,释拥志,年代不详,广东省,汕头市,南澳县,广东省汕头市南澳县深澳镇金山村,,,,,117.100090,23.450012
叠石玉佛寺,汉语系,释达隆,,广东省,汕头市,南澳县,广东省汕头市南澳县深澳镇马鞍山,,,,,117.102798,23.452002
天德堂,汉语系,释长进,,广东省,汕头市,南澳县,广东省汕头市南澳县深澳镇金山村,,,,,117.100090,23.450012
广慧精舍,汉语系,释达璇,,广东省,汕头市,南澳县,广东省汕头市南澳县后宅镇城西村,,,,,117.023712,23.421991
白莲庵,汉语系,释达兴,,广东省,汕头市,南澳县,广东省汕头市南澳县深澳镇走马埔村,,,,,117.058289,23.468863
白雀寺,汉语系,释超珊,年代不详,广东省,汕头市,南澳县,广东省汕头市南澳县后宅镇西山村,,,,,117.013969,23.435011
石谭寺,汉语系,释达兴,,广东省,汕头市,南澳县,广东省汕头市南澳县后宅镇钱澳湾,,,,,116.996948,23.420490
竹澳观音堂,汉语系,释达俊,,广东省,汕头市,南澳县,广东省汕头市南澳县后宅镇宫前村,,,,,117.030022,23.425352
聚福庵,汉语系,释宝量,,广东省,汕头市,南澳县,广东省汕头市南澳县深澳镇金山村,,,,,117.100090,23.450012
金山寺,汉语系,释拥净,,广东省,汕头市,南澳县,广东省汕头市南澳县深澳镇金山村,,,,,117.100090,23.450012
隆寿庵,汉语系,释超诚,,广东省,汕头市,南澳县,广东省汕头市南澳县深澳镇海滨村,,,,,117.099197,23.454250
龙珠寺,汉语系,释超净,,广东省,汕头市,南澳县,广东省汕头市南澳县云澳镇西畔村,,,,,117.106277,23.404963
慧音精舍,汉语系,陈乐音,,广东省,汕头市,南澳县,广东省汕头市南澳县后宅镇新乡村,,,,,117.028847,23.417471
慧觉精舍,汉语系,释明华,,广东省,汕头市,升平区,广东省汕头市竞长北1巷7号,,,,,116.433100,23.250290
汕尾市城区东涌浮荫岭凤鸣寺,汉语系,释如照,,广东省,汕尾市,,广东省汕尾市东涌镇安华郭厝寮村浮荫岭凤鸣寺,,,,,115.494812,22.754982
田墘内寮庵,汉语系,释心妙,,广东省,汕尾市,,广东省汕尾市红海湾经济开发区田墘内寮村前,,,,,115.559303,22.682310
遮浪元道禅寺,汉语系,释觉悟,2009-06-01,广东省,汕尾市,,广东省汕尾市红海湾经济开发区试验区遮浪街道湖尾村后山,,,,,115.536133,22.682652
遮浪南海寺,汉语系,曾昭沛,,广东省,汕尾市,,广东省汕尾市红海湾经济开发区遮浪街道打石澳,,,,,115.563133,22.669342
广东省汕尾市赤蝶山觉源寺,汉语系,释耀智,,广东省,汕尾市,城区,广东省汕尾市技工学校左侧100米后面,,,,,115.383652,22.794950
汕尾市城区妙法精舍,汉语系,释如亮,,广东省,汕尾市,城区,广东省汕尾市城区香洲街道园林东街2栋三梯205号,,,,,115.367800,22.776970
汕尾市城区捷胜凝波寺,汉语系,释有聪,,广东省,汕尾市,城区,广东省汕尾市城区捷胜镇后山头,,,,,115.454117,22.716810
汕尾市城区捷胜得道庵,汉语系,释如亮,,广东省,汕尾市,城区,广东省汕尾市城区捷胜镇西山,,,,,115.454117,22.716810
汕尾市城区捷胜潼山甘露寺,汉语系,释延慈,,广东省,汕尾市,城区,广东省汕尾市城区捷胜沙角尾龙虾潼山,,,,,115.470879,22.702940
汕尾市城区湖田古刹宝莲寺,汉语系,释超净,,广东省,汕尾市,城区,广东省汕尾市城区东涌镇湖田村新湖组,,,,,115.403061,22.815371
汕尾市城区马宫普照寺,汉语系,陈金,,广东省,汕尾市,城区,广东省汕尾市城区马宫街道牛尾山脚,,,,,115.252960,22.794722
海丰县长庆寺,汉语系,释昌进,1978年,广东省,汕尾市,海丰县,广东省汕尾市海丰县赤坑镇茅舖村委,长庆寺位于海丰县赤坑镇茅铺村南畔山麓与南涂族交界处，传说始建于南宋宝祐二年（1254年）。明代重建，初名“长明寺”，清乾隆三十年（1765年）修建，易名“长庆寺”，又称“新庵”；因前殿供奉汉代名医华佗，故俗称“华佗庵”。,,,,115.449554,22.889791
海丰县莲花鸡鸣寺,汉语系,释超一,,广东省,汕尾市,海丰县,广东省汕尾市海丰县海城镇莲花村委,汕尾市鸡鸣寺，位于广东省汕尾市海丰县北部莲花山森林管理区，距海丰县城13公里，在莲花与银瓶两山环抱的鸡心山上。始建于明崇祯六年1633年），为高僧印真和尚向合邑缙绅商户募款所创建，原址在寺对面5里之莲花山下，因破晓时慈任常闻鸡心山有公鸡啼鸣，认为灵瑞而迁于今址。,,,,115.270447,23.035521
海丰县梅峰寺,汉语系,杨金城,1992年,广东省,汕尾市,海丰县,广东省汕尾市海丰县梅陇镇梅峰村,梅峰寺是位于海丰县梅陇镇花果山梅陇公园的一座景点，景点山峦环护，曲径迂回。,,,,115.219673,22.898232
海丰县万福寺,汉语系,释常友,,广东省,汕尾市,海丰县,广东省汕尾市海丰县海城镇莲花埔仔村委,,,,,115.323204,22.963781
海丰县准提阁,汉语系,释法净,,广东省,汕尾市,海丰县,广东省汕尾市海丰县城东镇龙山村委,,,,,115.348190,22.969532
海丰县升云寺,汉语系,叶丽萍,,广东省,汕尾市,海丰县,广东省汕尾市海丰县可塘镇可新村委,,,,,115.500153,22.955519
海丰县可塘地藏王寺,汉语系,释达青,,广东省,汕尾市,海丰县,广东省汕尾市海丰县可塘镇可塘居委工业区,,,,,115.466660,22.954102
海丰县后门华严寺,汉语系,,,广东省,汕尾市,海丰县,广东省汕尾市海丰县后门镇红泉村委沙埔村,,,,,115.085892,22.799961
海丰县圣佛庵,汉语系,陈汉光,,广东省,汕尾市,海丰县,广东省汕尾市海丰县赤石镇新联村,,,,,115.079605,22.852953
海丰县妙音居士林,汉语系,刘少梅,,广东省,汕尾市,海丰县,广东省汕尾市海丰县附城镇联西村委小路坡,,,,,115.312706,22.951994
海丰县宝华林寺,汉语系,释宽慧,,广东省,汕尾市,海丰县,广东省汕尾市海丰县小漠镇旺漁村,,,,,115.039650,22.772192
海丰县慧愿精舍,汉语系,释超净,,广东省,汕尾市,海丰县,广东省汕尾市海丰县梅陇镇梅南社区,,,,,115.215416,22.887636
海丰县正觉庵,汉语系,余爱玲,,广东省,汕尾市,海丰县,广东省汕尾市海丰县赤石镇圆墩村,,,,,115.052452,22.833363
海丰县海莲精舍,汉语系,释超果,,广东省,汕尾市,海丰县,广东省汕尾市海丰县海城镇云岭二环路边,,,,,115.318138,22.962460
海丰县深藏寺,汉语系,洪进益,,广东省,汕尾市,海丰县,广东省汕尾市海丰县小漠镇獅山,,,,,115.353409,22.977659
海丰县灵碧寺,汉语系,释如刚,,广东省,汕尾市,海丰县,广东省汕尾市海丰县梅陇镇梅星村,,,,,115.216530,22.885342
海丰县石塘观音堂,汉语系,释耀平,,广东省,汕尾市,海丰县,广东省汕尾市海丰县联安镇石塘村委,,,,,115.238777,22.894115
海丰县石龙庵,汉语系,陈专,,广东省,汕尾市,海丰县,广东省汕尾市海丰县赤石镇冰深村委,,,,,115.051170,22.891012
海丰县福宁庵,汉语系,谢妈康,,广东省,汕尾市,海丰县,广东省汕尾市海丰县赤石镇赤石居委,,,,,115.073418,22.874460
海丰县莲花云莲寺,汉语系,郑炎华,,广东省,汕尾市,海丰县,广东省汕尾市海丰县海城镇莲花村委,,,,,115.270447,23.035521
海丰县莲花大道庵,汉语系,张爱,,广东省,汕尾市,海丰县,广东省汕尾市海丰县海城镇万中村委,,,,,115.323204,22.963781
海丰县莲花妙莲寺,汉语系,释普真,,广东省,汕尾市,海丰县,广东省汕尾市海丰县海城镇召贡村委,,,,,115.298828,23.069061
海丰县莲花白云寺,汉语系,释广然,,广东省,汕尾市,海丰县,广东省汕尾市海丰县海城镇新望村委新埔村,,,,,115.274574,23.001837
汕尾市华侨管理区石古山老塔天祖祈福寺,汉语系,林恩,,广东省,汕尾市,华侨管理区,广东省汕尾市华侨管理区,,,,,115.945648,22.946531
元山寺,汉语系,光明,年代不详,广东省,汕尾市,陆丰市,广东省陆丰市碣石镇玄武山,元山寺位于广东省陆丰市，始建于南宋建炎年，即公元1127年，距今已有八百六十多年的历史了（公元1389年）碣石建卫，碣石卫总兵侯建高主持规划扩建，设计成了一座具有典型的明代建筑风格和艺术特点的宫殿群体。建筑格局卫多组四合院对称式，坐北朝南，卧岗面海，依山递建，其建筑布局合理，结构严谨，计有山门、前殿、中殿、正殿、配殿、厅堂、院落，在右庑廊、方丈厅和僧房等建筑99间，始称玄山寺，后因避清代康熙玄烨的帝伟，改为元山寺。,,全国重点文物保护单位,国家AAAA级旅游景区,115.830475,22.817236
陆静庵,汉语系,释超戒,,广东省,汕尾市,陆丰市,广东省陆丰市大安镇大安墟,山中自然岩石有“猪首石”、“元宝石”、“仙人踏石”、“长寿石”、“十三洞”等景观。,,,,115.631058,23.068592
清凉禅院,汉语系,释光如,年代不详,广东省,汕尾市,陆丰市,广东省陆丰市碣石镇马厝湖,清凉寺，又名清凉禅院，位于广东省湛江市，创建于一九二九年。清凉寺是湛江市能开坛传戒发牒的寺院之一，到一九四九年止已先后七次开坛传戒，受戒僧尼二众遍及国内外。清凉寺又以名僧讲经说法和培育僧才而闻名。,,,,115.830475,22.817236
清峰寺,汉语系,释如胜,唐贞元初年（约786年）,广东省,汕尾市,陆丰市,广东省陆丰市潭西镇城仔山,清峰寺位于广东省汕尾陆丰市潭西镇北面法岫山麓红面城山中。原名“灯光寺”，当地人习惯叫“城仔庵”。清峰寺坐落于海拨800米的山腰，后枕山岳，面朝低谷，云雨交织，气势磅礴，历经几次修葺，现拥有殿宇、厅堂、禅院、僧房等20多间，拱桥3座，石塔5座。清峰寺自唐、宋、明、清以来，衣钵代代相传，历任主持有大颠、清隐、淑引、致忠和秋曾等。清峰山一带松林茂盛，奇花斗艳，怪石嶙峋，千姿百态、泉水叮咚、长流不息，古井清泉，入口甘甜。,,,,115.552864,22.932621
普光寺,汉语系,释光祥,1986年,广东省,汕尾市,陆丰市,广东省陆丰市甲子镇海边路经典山,普光寺位于广东省陆丰市甲子镇海边经典山上，光祥法师始建于1986年，法脉属临济宗。现有山门、天王殿、大雄宝殿、禅房、斋堂等建筑，为木石结构。寺内珍藏《大正新修大藏经》一部。,,,,116.061333,22.879360
定光寺,汉语系,释达仪,明崇祯四年（1631年）,广东省,汕尾市,陆丰市,广东省陆丰市河西清云山,定光寺座落于粤东陆丰市山青水秀的清云山下。始建于明崇祯四年（1631），至今已有三百多年历史。原名清云寺（又名罗堂庵），清道光十年秋（1830）高僧宽鉴重修。主要建筑是在1990年以后才开始修建的。整体为中轴线平面布局，分为天王殿、大雄宝殿、藏经楼、教学大楼、地藏阁、观音阁组成。[1],,,,115.565582,23.002081
慈云庵,汉语系,释传精,年代不详,广东省,汕尾市,陆丰市,广东省陆丰市东海镇金带社一巷,慈云庵位于广东省阳江市江城区甜酒巷48号，坐东向西，为两开三进院落，占地面积640平方米，建筑面积940平方米，1985年5月对外开放以来，香火日渐旺盛，香客游人不绝，是阳江市区目前唯一保存完好又对外开放的庵堂。,,,,115.640182,22.941462
准提庵,汉语系,李美兰,,广东省,汕尾市,陆丰市,广东省陆丰市东海镇环城路,,,,,115.655838,22.937469
博美莲社,汉语系,释达因,,广东省,汕尾市,陆丰市,广东省陆丰市博美镇博美墟,,,,,115.784851,22.946602
古园寺,汉语系,释新成,,广东省,汕尾市,陆丰市,广东省陆丰市湖东镇广场,,,,,115.895767,22.836880
回龙寺,汉语系,释耀汉,,广东省,汕尾市,陆丰市,广东省陆丰市甲子镇新湖下街,,,,,116.061333,22.879360
大安灵泉禅寺,汉语系,释印寂,,广东省,汕尾市,陆丰市,广东省陆丰市大安镇石寨狮仔嶂,,,,,115.642891,23.059462
峰山寺,汉语系,卢琴,,广东省,汕尾市,陆丰市,广东省陆丰市城东镇马鞍山,,,,,115.660751,22.946301
水月寺,汉语系,翁欣,,广东省,汕尾市,陆丰市,广东省陆丰市金厢镇观音岭,,,,,115.777168,22.833340
清修寺,汉语系,张惜,,广东省,汕尾市,陆丰市,广东省陆丰市陆丰河东大屯村,,,,,115.673637,22.996891
潮音精舍,汉语系,释传精,,广东省,汕尾市,陆丰市,广东省陆丰市甲子镇北门雨亭,,,,,116.097282,22.864161
甲子北门古寺,汉语系,释耀章,,广东省,汕尾市,陆丰市,广东省陆丰市甲子镇城东城北中路1号,,,,,116.061333,22.879360
碣石居士学佛苑,汉语系,王丽贞,,广东省,汕尾市,陆丰市,广东省陆丰市碣石镇山石路68号,,,,,115.834648,22.814138
碣石广福寺,汉语系,释达如,,广东省,汕尾市,陆丰市,广东省陆丰市碣石镇梅田村石头围山,,,,,115.812523,22.797050
福慧静苑,汉语系,释光美,,广东省,汕尾市,陆丰市,广东省陆丰市甲子镇北门雨亭,,,,,116.097282,22.864161
福源寺,汉语系,释耀宣,,广东省,汕尾市,陆丰市,广东省陆丰市甲子镇北门雨亭,,,,,116.097282,22.864161
锣贡山念佛堂,汉语系,释达荣,,广东省,汕尾市,陆丰市,广东省陆丰市城东锣贡山,,,,,115.657532,22.951229
陆丰市埔田居士念佛堂,汉语系,卓玉珍,,广东省,汕尾市,陆丰市,广东省陆丰市城东镇磨海村委埔田村148号,,,,,115.703117,22.954182
陆丰市西南天宝洞圆通寺,汉语系,释耀明,2013-11-25,广东省,汕尾市,陆丰市,广东省陆丰市西南镇黄圹嶂,,,,,115.551590,23.060911
陆城居士林,汉语系,陈惜贤,,广东省,汕尾市,陆丰市,广东省陆丰市东海镇鲤鱼潭,,,,,115.653351,22.939512
龙江古寺,汉语系,释慧光,,广东省,汕尾市,陆丰市,广东省陆丰市博美镇佛祖山,,,,,115.784851,22.946602
旗山寺,汉语系,陈如勿,,广东省,汕尾市,陆丰市,广东省陆丰市河西镇旗山,,,,,115.623352,23.014433
陆河县清霞山观音寺,汉语系,刘华通,,广东省,汕尾市,陆河县,广东省汕尾市陆河县新田镇陶仔村,清霞寺就座落在主峰之穴，此穴峰抱溪绕，灵气袭人，眼前翠树绿阴，脚下异草争荣，远眺云飘似海，近闻花香醉人，游客到此，有“一峰相送一峰迎，千里崎岖路不平，回首夕阳迷旧径，出山犹闻鹧鸪声”的由心而生之感觉，留下了无数文人墨客之足迹、参禅悟道者身影。因得天地之灵气，古今以来乃释、道、儒三教人士修养之圣地。始建于元代的清霞寺，跟随着时光的轮回，经守着岁月的谷峰。默佑着四海的子民，福荫着五湖人士。但因时代的变幻，遂毁于二十世纪五十年代之初，原寺面目全非，僧走尼迁，民不敢靠祀，客难以登临，维有佛留原所，不减神光，南海观音菩萨，祥云常降福地。默佑着子民功成业就，马到功成！,,,,115.523621,23.176102
陆河县燕子岩观音寺,汉语系,叶杰煌,,广东省,汕尾市,陆河县,广东省汕尾市陆河县上护镇护东村,观音寺：又称燕子岩，位于陆河县上护镇东北隅人头山。建筑面积约300平方米，后倚大人凸屏障，前观上护全景，群山环抱，山峦重叠，群峰耸秀，风景宜人。,,,,115.599434,23.263483
陆河县东坑聚云寺,汉语系,无,,广东省,汕尾市,陆河县,广东省汕尾市陆河县东坑镇共光村,,,,,115.758064,23.270641
陆河县凤凰山观音寺,汉语系,朱华健,,广东省,汕尾市,陆河县,广东省汕尾市陆河县东坑镇石塔村,,,,,115.725342,23.214161
陆河县尖山寺,汉语系,彭利伟,2006-09-25,广东省,汕尾市,陆河县,广东省汕尾市陆河县东坑镇高树坪村,,,,,115.740410,23.246511
陆河县广福寺,汉语系,彭国平,,广东省,汕尾市,陆河县,广东省汕尾市陆河县环城大道砂坑段罗阁嶂,,,,,115.660004,23.281023
陆河县火山嶂飞寺,汉语系,叶锦恕,,广东省,汕尾市,陆河县,广东省汕尾市陆河县河田镇宝山村,,,,,115.669617,23.311932
陆河县观天寺,汉语系,彭国水,,广东省,汕尾市,陆河县,广东省汕尾市陆河县水唇镇石船村,,,,,115.775093,23.299660
乐昌居士林,汉语系,昌庆淳,2006-11-06,广东省,韶关市,乐昌市,广东省乐昌市乐城镇大瑶山西路51号,,,,,113.348467,25.135567
广东省乐昌市西石岩寺,汉语系,释仁涤,,广东省,韶关市,乐昌市,广东省乐昌市西石岩路99号,,,,,113.341970,25.143130
南雄万善庵,汉语系,释顿青,,广东省,韶关市,南雄市,广东省南雄市雄州镇洋汾水村,,,,,114.311798,25.126406
广东省南雄市大雄禅寺,汉语系,释印彻,,广东省,韶关市,南雄市,广东省南雄市珠玑镇珠玑巷,,,,,114.361008,25.193201
广东省南雄市莲开净寺,汉语系,释顿勇,,广东省,韶关市,南雄市,广东省南雄市雄州镇,,,,,114.315002,25.118052
韶关市曲江区南华禅寺,汉语系,释传正,1996-10-18,广东省,韶关市,曲江区,广东省韶关市曲江区马坝镇,,,,,113.599098,24.677691
曲江月华寺,汉语系,释耀坤,,广东省,韶关市,曲江区,广东省韶关市曲江区乌石镇濛浬村,,,,,113.564598,24.585112
广东省韶关市丹霞山锦石岩寺,汉语系,释法贤,1996-10-23,广东省,韶关市,仁化县,广东省韶关市仁化县丹霞山,,,,,113.738686,25.024252
韶关丹霞山别传寺,汉语系,释顿林,,广东省,韶关市,仁化县,广东省韶关市仁化县丹霞山,,,,,113.738686,25.024252
韶关仁化云龙寺,汉语系,释悟智,,广东省,韶关市,仁化县,广东省韶关市仁化县董塘镇安岗村,,,,,113.618484,25.097183
云门山大觉禅寺,汉语系,释明向,年代不详,广东省,韶关市,乳源县,广东省韶关市乳源县乳城镇,在粤北乳源瑶族自治县城东北六公里云门山下，有一座千年名刹，这便是佛教禅宗“云门宗”的发源地——云门山大觉禅寺。,,,,113.313850,24.755753
广东省始兴县上奉禅寺,汉语系,释法星,,广东省,韶关市,始兴县,广东省韶关市始兴县大坪镇东胡坪村,,,,,114.034821,24.972651
广东韶关东华禅寺,汉语系,释万行,,广东省,韶关市,翁源县,广东省韶关市翁源县龙仙镇,,,,,114.133713,24.348391
韶关市芙蓉山寺,汉语系,释万行,,广东省,韶关市,武江区,广东省韶关市武江区芙蓉山,,,,,113.531288,24.760294
新丰竹林寺,汉语系,释空海,,广东省,韶关市,新丰县,广东省韶关市新丰县遥田镇大浦村,,,,,113.765884,23.999733
新丰西莲寺,汉语系,释光玉,2018-01-11,广东省,韶关市,新丰县,广东省韶关市新丰县黄礤镇雪洞村,,,,,114.210228,24.142702
韶关市大鉴禅寺,汉语系,释法治,,广东省,韶关市,浈江区,广东省韶关市浈江区兴隆街32号,,,,,113.599071,24.801439
韶关浈江万寿禅寺,汉语系,释耀乾,,广东省,韶关市,浈江区,广东省韶关市浈江区莲花山梅山冲,,,,,113.539711,24.727972
宝安凤凰山寺,汉语系,释正法,,广东省,深圳市,宝安区,广东省深圳市宝安区福永街道凤凰山,,,,,113.822701,22.671473
宝安弘源寺,汉语系,释印顺,,广东省,深圳市,宝安区,广东省深圳市宝安区石岩湖度假村内,,,,,113.900627,22.699745
深圳市鹏城东山寺,汉语系,释法清,,广东省,深圳市,大鹏新区,广东省深圳市大鹏新区大鹏街道鹏城东山寺,,,,,114.519424,22.595924
佛教东山寺,汉语系,释法清,,广东省,深圳市,龙岗区,广东省深圳市龙岗区大鹏街道鹏城社区,,,,,114.508080,22.592772
龙兴寺,汉语系,释顿定,,广东省,深圳市,龙岗区,广东省深圳市龙岗区龙园公园内,,,,,114.265633,22.732292
深圳弘法寺,汉语系,释印顺,年代不详,广东省,深圳市,罗湖区,广东省深圳市罗湖区莲塘仙湖植物园,深圳弘法寺位始建于1985年7月1日，位于深圳仙湖植物园内，地处深圳市东郊－－有深圳“绿色心肺”之称的梧桐山麓。是1949年建国后，国内兴建的首座寺院。1990年8月31日，经深圳市人民政府批准，弘法寺作为宗教活动场所对公众开放。从此成为深圳地区香火最为鼎盛、规模影响最大的佛教寺庙。,,,,114.173874,22.576612
万佛禅寺,汉语系,释印顺,,广东省,深圳市,罗湖区,广东省深圳市罗湖区东湖公园东方神曲,,,,,114.153915,22.564478
大华兴寺,汉语系,释印顺,,广东省,深圳市,盐田区,广东省深圳市盐田区三洲田东部华侨城红线内,,,,,114.273239,22.635443
觉华净院,汉语系,释界辽,,广东省,阳江市,高新区,广东省阳江市高新区平冈镇东二村,,,,,111.806038,21.745993
闸坡念佛堂,汉语系,释全平,,广东省,阳江市,海陵区,广东省阳江市海陵区东风一路五巷,,,,,111.967552,21.853901
石觉寺,汉语系,释能定,年代不详,广东省,阳江市,江城区,广东省阳江市江城区新港路17号,石觉寺位於广东省阳江市区南三里外的漠阳江畔，坐南朝北，占地面积四千平方米。“石觉禅林”，是阳江八景之一。,,,,111.957422,21.831074
东山寺,汉语系,释能表,年代不详,广东省,阳江市,江城区,广东省阳江市江城区东岳公园内,东山寺位於广东省阳江市东岳公园。明朝天启四年邑人陈恩盛捐田亩修建。康赜二十五年鲍辅仁重建，道光十二年朱延桂再修。,,,,111.971504,21.849907
竹林禅院,汉语系,释慧乾,,广东省,阳江市,江城区,广东省阳江市江城区双捷镇,,,,,111.809792,21.951410
金鸡寺,汉语系,释能表,,广东省,阳江市,江城区,广东省阳江市江城区金山公园内,,,,,111.988144,21.878483
慈云庵,汉语系,释越洪,年代不详,广东省,阳江市,江城区,广东省阳江市江城区甜酒巷48号,,,,,111.955160,21.861820
吉水寺,汉语系,释普戒,,广东省,阳江市,阳东区,广东省阳江市阳东区大八镇,,,,,111.962883,22.062771
净业寺,汉语系,释隆日,年代不详,广东省,阳江市,阳西县,广东省阳江市阳西县大垌山,净业寺位于广东省阳江市阳西县的阳西大垌山，创建于明朝洪武年间。,,,,111.564735,21.743523
净业寺下院,汉语系,释弘隆,,广东省,阳江市,阳西县,广东省阳江市阳西县大垌山,,,,,111.564735,21.743523
凝秀寺,汉语系,释定慧,,广东省,阳江市,阳西县,广东省阳江市阳西县儒垌镇,,,,,111.426514,21.584288
真宇庵,汉语系,释博深,,广东省,阳江市,阳西县,广东省阳江市阳西县上洋镇,,,,,111.596817,21.596180
晚霞寺,汉语系,释旦明,年代不详,广东省,云浮市,新兴县,广东省云浮市新兴县新城镇枫洞村,坐落于新兴县，与六祖故里国恩寺相邻，是一座拥有一千多年历史的古寺。现在已建成大雄宝殿、天王殿、客堂。斋堂。六祖殿、居士楼。现在又在筹资建造念佛堂。,,,,112.215218,22.712101
竹院庵,汉语系,赵琼玉,年代不详,广东省,云浮市,新兴县,广东省云浮市新兴县六祖镇,竹院庵又名靖度禅院，俗叫竹叶庵，位于位于广东新兴县集成镇洒落径口村竹院山麓，距县城12公里。始建于明万历年间，已有300多年历史。,,,,112.218674,22.593752
国恩寺,汉语系,释如禅,唐代高宗弘道元年683年,广东省,云浮市,新兴县,广东省云浮市新兴县六祖镇,国恩寺位于广东省新兴县，始建于唐代高宗弘道元年683年。它与六祖惠能祝发道场广州光孝寺，毕生弘法道场曲江曹溪南华寺鼎足而立，并称六祖三大祖庭。国恩寺因为既是六祖肉身菩萨的故居，又是六祖弘法、示寂以及辑录六祖“法宝坛经”的圣地而名扬海内外。它是惠能于唐高宗弘道元年（683年）建，名“报恩寺”。唐中宗神龙二年（706年）下诏赐名为“国恩寺”（今门额上书“敕赐国恩寺”）。寺前有省内著名的温泉度假区。,,省级文物保护单位,,112.218674,22.593752
三宝寺,汉语系,释弘昇,,广东省,云浮市,新兴县,广东省云浮市新兴县太平镇坡田村,,,,,112.260803,22.640381
云华禅寺,汉语系,释同皓,,广东省,云浮市,新兴县,广东省云浮市新兴县东成镇,,,,,112.327888,22.687311
六祖故居,汉语系,叶秀棣,,广东省,云浮市,新兴县,广东省云浮市新兴县六祖镇夏卢村,,,,,112.217628,22.591051
兴隆寺,汉语系,释贤戒,,广东省,云浮市,新兴县,广东省云浮市新兴县车岗镇车岗圩,,,,,112.234642,22.785421
夏卢六祖纪念堂,汉语系,叶秀棣,,广东省,云浮市,新兴县,广东省云浮市新兴县六祖镇夏卢村,,,,,112.217628,22.591051
岱山寺,汉语系,释悟茂,,广东省,云浮市,新兴县,广东省云浮市新兴县太平镇社圩,,,,,112.278061,22.630692
水流庵,汉语系,赵仲镜,,广东省,云浮市,新兴县,广东省云浮市新兴县新城镇,,,,,112.227219,22.701002
藏佛坑居士林,汉语系,刘兰开,,广东省,云浮市,新兴县,广东省云浮市新兴县六祖镇龙山塘,,,,,112.217918,22.564301
藏佛寺,汉语系,刘兰开,,广东省,云浮市,新兴县,广东省云浮市新兴县六祖镇龙山塘,,,,,112.217918,22.564301
金台寺,汉语系,释达善,,广东省,云浮市,新兴县,广东省云浮市新兴县新城镇南外村,,,,,112.228737,22.687855
龙华古寺,汉语系,无,,广东省,云浮市,新兴县,广东省云浮市新兴县东成镇都村,,,,,112.351540,22.717463
龙华古寺,汉语系,释瑞祥,,广东省,云浮市,新兴县,广东省云浮市新兴县东成镇都村,,,,,112.351540,22.717463
龙台古寺,汉语系,释心仁,,广东省,云浮市,新兴县,广东省云浮市新兴县六祖镇西睦村委会,,,,,112.218674,22.593752
护龙寺,汉语系,释法胜,,广东省,云浮市,新兴县,广东省云浮市新兴县新城镇大稳村,,,,,112.276962,22.751591
华元寺,汉语系,释悟鑫（俗名：黄冬红）,,广东省,云浮市,郁南县,广东省云浮市郁南县平台镇平台村委下村,,,,,111.421791,23.249672
龙井寺,汉语系,释登明,,广东省,云浮市,郁南县,广东省云浮市郁南县建城镇天马山,,,,,111.543541,23.136831
龙蟠寺,汉语系,释延量（俗名：王久祥）,,广东省,云浮市,郁南县,广东省云浮市郁南县建城镇西镇村委,,,,,111.544952,23.138592
五谷庵,汉语系,释远智,,广东省,湛江市,,广东省湛江市经济技术开发区民安街道办民安圩,,,,,110.322258,21.008591
佛恩庵,汉语系,释清薏,,广东省,湛江市,,广东省湛江市经济技术开发区东山街道办东山圩,,,,,110.385353,21.033501
建德寺,汉语系,释寂空,,广东省,湛江市,,广东省湛江市经济技术开发区东简街道办德老村,,,,,110.490349,21.038742
龙泉寺,汉语系,释贤慧,年代不详,广东省,湛江市,,广东省湛江市经济技术开发区民安街道办龙舍村,,,,,110.279404,20.967220
双清庵,汉语系,释庆云,年代不详,广东省,湛江市,赤坎区,广东省湛江市赤坎区平安街1号,双清庵坐落于广东省湛江市赤坎区平安街。,,,,110.362220,21.276390
清凉寺,汉语系,释法寿,,广东省,湛江市,赤坎区,广东省湛江市赤坎区南方路27号之二,清凉寺，又名清凉禅院，位于广东省湛江市，创建于一九二九年。清凉寺是湛江市能开坛传戒发牒的寺院之一，到一九四九年止已先后七次开坛传戒，受戒僧尼二众遍及国内外。清凉寺又以名僧讲经说法和培育僧才而闻名。,,,,110.358320,21.271550
观音古寺,汉语系,释有严,年代不详,广东省,湛江市,赤坎区,广东省湛江市赤坎区博爱路4号,观音古寺建于光绪十七年（1891），尔后60余年，为古庙兴盛期，一九五三年因城建需要原庙被拆一半。党的十一届三中全会后，在市宗教局关怀下，募得捐款200余万，市佛教协会发起重建（2003年9月竣工），并易名为观音古寺及市佛教协会会所。,,,,110.365340,21.266240
福寿山玉佛寺,汉语系,释文青,年代不详,广东省,湛江市,赤坎区,广东省湛江市赤坎区新泰路3号,福寿山玉佛寺，原名“福寿山庵”，位于广东省湛江市赤坎区新太路，原为三进四合院式结构。该庵旧址原在遂溪县城，名“莲花庵”，后迁至此处，始建于1931年，1987年重修，1990年重光。,,,,110.365340,21.266240
地母庵,汉语系,释才胜,年代不详,广东省,湛江市,赤坎区,广东省湛江市赤坎区中华路53号,地母庵位于广东省湛江市赤坎区中华路57号之三。,,,,110.358610,21.273400
般若精舍,汉语系,杨传熙,年代不详,广东省,湛江市,赤坎区,广东省湛江市赤坎区南方新村一巷52号,般若精舍位于广东省汕头市潮阳区中心，于1997年法舟法师率众创建，般若精舍自成立以来，法灯高悬，是般若同人清修行道之地，也是弘法利生的道场。,,,,110.352440,21.266560
宝莲古庵,汉语系,释善田,,广东省,湛江市,赤坎区,广东省湛江市赤坎区硇洲镇上街村,,,,,110.566139,20.892441
宝莲庵,汉语系,释善悟,年代不详,广东省,湛江市,赤坎区,广东省湛江市赤坎区硇洲镇旧糖厂,,,,,110.365340,21.266240
市佛教居士林,汉语系,黄秀玲,1996-09-01,广东省,湛江市,赤坎区,广东省湛江市赤坎区农林二路三巷51号,,,,,110.354378,21.279730
观音堂,汉语系,释静定,,广东省,湛江市,赤坎区,广东省湛江市赤坎区南方村一巷44号,,,,,110.356750,21.268867
青云庵,汉语系,释嘉旻,,广东省,湛江市,赤坎区,广东省湛江市赤坎区兴华路51号,,,,,110.358078,21.274740
静觉林,汉语系,释松健,,广东省,湛江市,赤坎区,广东省湛江市赤坎区文西路3巷2号,,,,,110.365340,21.266240
慈云庵,汉语系,释慧提,年代不详,广东省,湛江市,赤坎区,广东省湛江市赤坎区大德路68号,,,,,110.358090,21.278040
持名静室,汉语系,释样益,,广东省,湛江市,赤坎区,广东省湛江市赤坎区兴华路33号,,,,,110.359952,21.273801
普陀山庵,汉语系,释远顺,,广东省,湛江市,赤坎区,广东省湛江市赤坎区新泰路四号之一,,,,,110.365340,21.266240
仙桥寺,汉语系,释有空,年代不详,广东省,湛江市,雷州市,广东省雷州市附城镇卜扎村边,仙桥寺是雷州市最古久老的寺院之一，位于霞海公路朴札路段旁，占地面积3000平方米，建筑面积600平方米，地处南海之滨，后枕朴札山，案朝万顷良田，面临滔滔南海，山环水绕，风景优美，交通方便，历代高僧辈出，是闻名遐迩的佛教圣地。,,,,110.110893,20.952532
天竺庵,汉语系,释文庆,年代不详,广东省,湛江市,雷州市,广东省雷州市雷城镇关部前街175号,天竺庵是广东省湛江市雷州市最古老的庵堂，始建于唐朝。,,,,110.095804,20.896411
天宁寺,汉语系,释有昆,,广东省,湛江市,雷州市,广东省雷州市雷城镇西湖大道5号,天宁禅寺位於广东省湛江市雷州市（旧称海康）雷城镇西湖大道5号，古称“报恩寺”，亦称“天宁万寿禅寺”，由开山祖师岫公（有旭）创建於唐代宗大历五年（770年）。,,,,110.094550,20.910850
福田寺,汉语系,释诠芳,年代不详,广东省,湛江市,雷州市,广东省雷州市雷城镇关部后街148号,广东汕头潮阳市井都镇平湖管区西村荔头山西北麓福田古寺，俗称“荔头庵”，创于元朝，改革开放以来修葺、扩建，内有古井临滨海而甘淡，颇有奇趣。,,,,110.091583,20.903431
万寿庵,汉语系,释文精,,广东省,湛江市,雷州市,广东省雷州市英利镇西城境内,,,,,110.091393,20.569382
万岩庵,汉语系,释善提,,广东省,湛江市,雷州市,广东省雷州市英利镇国防路3号,,,,,110.091393,20.569382
万林庵,汉语系,释贤智,,广东省,湛江市,雷州市,广东省雷州市雷城镇圣宫后巷24号,,,,,110.091583,20.903431
三唸庵,汉语系,释有如,,广东省,湛江市,雷州市,广东省雷州市唐家镇唐家圩,,,,,109.849152,20.838219
上坡寺,汉语系,释有昆,,广东省,湛江市,雷州市,广东省雷州市雷城镇西湖大道,,,,,110.083359,20.916981
东山庵,汉语系,释有梅,,广东省,湛江市,雷州市,广东省雷州市英利镇箣仔田村,,,,,110.091393,20.569382
云桥庵,汉语系,释有常,,广东省,湛江市,雷州市,广东省雷州市南兴镇花桥村,,,,,110.131310,20.774733
人心庵,汉语系,释清心,,广东省,湛江市,雷州市,广东省雷州市英利镇金瓜园开发区,,,,,110.091393,20.569382
修善庵,汉语系,释有仁,,广东省,湛江市,雷州市,广东省雷州市雷城镇体育场边投读馆,,,,,110.068222,20.922070
修慧庵,汉语系,释贤耀,,广东省,湛江市,雷州市,广东省雷州市雷城镇城内马草桥145号,,,,,110.104149,20.919992
光德寺,汉语系,释全阳,,广东省,湛江市,雷州市,广东省雷州市乌石镇泗察村猴寮,,,,,109.856499,20.557302
兩花合寺,汉语系,释贤竹,,广东省,湛江市,雷州市,广东省雷州市雷域镇城角坑,,,,,110.094292,20.917023
兴华庵,汉语系,释德慧,,广东省,湛江市,雷州市,广东省雷州市客路镇开元五街,,,,,110.005699,21.086702
准提庵,汉语系,释同修,,广东省,湛江市,雷州市,广东省雷州市雷城镇城内大新街49号,,,,,110.096863,20.908218
华严寺,汉语系,释贤心,年代不详,广东省,湛江市,雷州市,广东省雷州市白沙镇朝阳村前,,,,,110.060608,20.897793
华严庵,汉语系,释祥学,,广东省,湛江市,雷州市,广东省雷州市企水镇龙眼岭,,,,,109.763649,20.762671
华亭寺,汉语系,释则富,,广东省,湛江市,雷州市,广东省雷州市唐家镇华亭村,,,,,109.809082,20.838850
华吉寺,汉语系,释有可,,广东省,湛江市,雷州市,广东省雷州市英利镇东塘头,,,,,110.091393,20.569382
华实庵,汉语系,释有印,,广东省,湛江市,雷州市,广东省雷州市白沙镇水店村南边,,,,,110.067879,20.925112
华峰庵,汉语系,释有诗,,广东省,湛江市,雷州市,广东省雷州市龙门镇龙港橫路南边,,,,,110.026520,20.688742
华开寺,汉语系,释远明,,广东省,湛江市,雷州市,广东省雷州市杨家镇东坎赤坡村,,,,,109.957108,20.988861
华林庵,汉语系,释远应,,广东省,湛江市,雷州市,广东省雷州市企水镇海田江,,,,,109.770432,20.771082
华果寺,汉语系,释远民,,广东省,湛江市,雷州市,广东省雷州市纪家镇敬老院边,,,,,109.785065,20.950333
华池庵,汉语系,释远常,,广东省,湛江市,雷州市,广东省雷州市杨家镇王排甘立岭,,,,,109.987808,20.841921
华洁庵,汉语系,释有智,,广东省,湛江市,雷州市,广东省雷州市南兴镇东坡岭仔,,,,,110.085831,20.801662
华生寺,汉语系,释远合,,广东省,湛江市,雷州市,广东省雷州市龙门镇,,,,,110.026520,20.688742
华藏寺,汉语系,释远亭,,广东省,湛江市,雷州市,广东省雷州市雷城镇西湖水库东,,,,,110.083549,20.917530
卧龙庵,汉语系,释远自,,广东省,湛江市,雷州市,广东省雷州市东里镇,,,,,110.351700,20.787441
吉祥庵,汉语系,释贤成,,广东省,湛江市,雷州市,广东省雷州市附城镇下广村西坡,,,,,110.099304,20.921782
同修庵,汉语系,释广道,,广东省,湛江市,雷州市,广东省雷州市白沙镇水店广海北路,,,,,110.067879,20.925112
回向庵,汉语系,释远定,,广东省,湛江市,雷州市,广东省雷州市雷城镇下江一巷88号,,,,,110.091583,20.903431
圆明庵,汉语系,释贤芳,,广东省,湛江市,雷州市,广东省雷州市唐家镇镇南街,,,,,109.850014,20.834539
圆融庵,汉语系,释远恒,,广东省,湛江市,雷州市,广东省雷州市白沙镇水店村,,,,,110.067879,20.925112
圆觉寺,汉语系,释有生,,广东省,湛江市,雷州市,广东省雷州市南兴镇贺武村,,,,,110.085831,20.801662
大林寺,汉语系,释正书,,广东省,湛江市,雷州市,广东省雷州市龙门镇赤坡塘村,,,,,109.976013,20.742500
天台寺,汉语系,释法来,,广东省,湛江市,雷州市,广东省雷州市北和镇北怀村,,,,,109.862595,20.642633
天桥庵,汉语系,释有寿,,广东省,湛江市,雷州市,广东省雷州市纪家镇,,,,,109.785065,20.950333
天莲山庵,汉语系,释远福,,广东省,湛江市,雷州市,广东省雷州市南兴镇南渡口,,,,,110.095833,20.853540
太阳寺,汉语系,释有性,,广东省,湛江市,雷州市,广东省雷州市雷城镇环城路76号,,,,,110.091583,20.903431
如意庵,汉语系,释有林,,广东省,湛江市,雷州市,广东省雷州市北和镇康港,,,,,109.862595,20.642633
如是寺,汉语系,释明全,,广东省,湛江市,雷州市,广东省雷州市英利镇中笑村,,,,,110.091393,20.569382
如来寺,汉语系,释定盛,,广东省,湛江市,雷州市,广东省雷州市白沙镇水店,,,,,110.067879,20.925112
妙如庵,汉语系,释云智,,广东省,湛江市,雷州市,广东省雷州市雷城镇环城东路66号,,,,,110.101563,20.911568
宁宁庵,汉语系,释有练,,广东省,湛江市,雷州市,广东省雷州市雷城镇伏波关大门楼7号,,,,,110.094238,20.902531
宝全寺,汉语系,释德荣,,广东省,湛江市,雷州市,广东省雷州市调风镇,,,,,110.254524,20.677551
宝宁寺,汉语系,释善持,,广东省,湛江市,雷州市,广东省雷州市乌石镇塘东上岭村东边,,,,,109.853302,20.535643
宝峰寺,汉语系,释德满,,广东省,湛江市,雷州市,广东省雷州市乌石镇岭头村徒会岭南边,,,,,109.862823,20.571402
宝成寺,汉语系,释广由,,广东省,湛江市,雷州市,广东省雷州市乌石镇房参村岭（平龙山）,,,,,109.856018,20.584091
宝明寺,汉语系,释广仁,,广东省,湛江市,雷州市,广东省雷州市乌石镇覃延村西水流沟边,,,,,109.856499,20.557302
宝林舍,汉语系,释清进,,广东省,湛江市,雷州市,广东省雷州市北和镇洋家村,,,,,109.849701,20.692991
宝清庵,汉语系,释广昭,,广东省,湛江市,雷州市,广东省雷州市调风镇收获农场内,,,,,110.238281,20.572952
宝湘庵,汉语系,释德妥,,广东省,湛江市,雷州市,广东省雷州市覃斗镇山尾岭边,,,,,109.910049,20.528009
宝莲庵,汉语系,释永朝,年代不详,广东省,湛江市,雷州市,广东省雷州市南兴镇东兴圩水好坑,,,,,110.085831,20.801662
居士林,汉语系,林春燕,,广东省,湛江市,雷州市,广东省雷州市英利镇街道办,,,,,110.091393,20.569382
常安庵,汉语系,释文学,,广东省,湛江市,雷州市,广东省雷州市龙门镇龙电横下巷45号,,,,,110.023705,20.688915
平善庵,汉语系,释芳忠,,广东省,湛江市,雷州市,广东省雷州市湛江雷州市乌石镇乌石村旁,,,,,109.852722,20.555002
庆善庵,汉语系,释德三,,广东省,湛江市,雷州市,广东省雷州市南兴镇坑尾村,,,,,110.100304,20.813581
有静庵,汉语系,释贤勤,,广东省,湛江市,雷州市,广东省雷州市南兴镇人民大道142号,,,,,110.084089,20.795941
柏林庵,汉语系,释有景,,广东省,湛江市,雷州市,广东省雷州市松竹镇圩内小学附近,,,,,110.057053,20.842171
永安庵,汉语系,释远登,,广东省,湛江市,雷州市,广东省雷州市雷城镇城角坑,,,,,110.094292,20.917023
永竹庵,汉语系,释贤泽,,广东省,湛江市,雷州市,广东省雷州市纪家镇加油站附近,,,,,109.785065,20.950333
江山寺,汉语系,释清林,,广东省,湛江市,雷州市,广东省雷州市企水镇陈家村,,,,,109.787498,20.732351
法演庵,汉语系,释保修,,广东省,湛江市,雷州市,广东省雷州市南兴镇炮台岭（二中边）,,,,,110.085831,20.801662
海会庵,汉语系,释有聪,,广东省,湛江市,雷州市,广东省雷州市白沙镇白沙村,,,,,110.088829,20.896832
海慧寺,汉语系,释远真,,广东省,湛江市,雷州市,广东省雷州市乌石镇菜园仔,,,,,109.842690,20.559542
清园寺,汉语系,释有慈,,广东省,湛江市,雷州市,广东省雷州市北和镇砖厂旁,,,,,109.943069,20.719011
清泉庵,汉语系,释道持,,广东省,湛江市,雷州市,广东省雷州市乌石镇,,,,,109.856499,20.557302
清莲庵,汉语系,释祥典,,广东省,湛江市,雷州市,广东省雷州市雷城镇养马坡87号,,,,,110.095520,20.912203
玉庆庵,汉语系,释庆常,,广东省,湛江市,雷州市,广东省雷州市附城镇下广村西坡,,,,,110.099304,20.921782
现明庵,汉语系,释善悦,,广东省,湛江市,雷州市,广东省雷州市雷城镇民治路50号,,,,,110.091583,20.903431
瑞莲庵,汉语系,释有凤,,广东省,湛江市,雷州市,广东省雷州市雪域镇关部后街150号,,,,,110.096510,20.914440
白波庵,汉语系,释德芳,,广东省,湛江市,雷州市,广东省雷州市雷城镇马草桥63号,,,,,110.091583,20.903431
真如庵,汉语系,释祥智,,广东省,湛江市,雷州市,广东省雷州市雷城镇城内大新街47号,,,,,110.096863,20.908218
石溪寺,汉语系,释远向,,广东省,湛江市,雷州市,广东省雷州市雷高镇鲤鱼吐珠岭,,,,,110.187141,20.810362
福华寺,汉语系,释定禅,,广东省,湛江市,雷州市,广东省雷州市沈塘镇孟山村,,,,,110.137840,20.961010
福园庵,汉语系,释德通,,广东省,湛江市,雷州市,广东省雷州市英利镇油河仔村,,,,,110.091393,20.569382
福田寺（覃斗镇）,汉语系,释明恩,,广东省,湛江市,雷州市,广东省雷州市覃斗镇抒内江乐路76号,,,,,109.910049,20.528009
福缘慈林庵,汉语系,释有玲,,广东省,湛江市,雷州市,广东省雷州市杨家镇琛来村,,,,,109.961899,20.891062
福迁庵,汉语系,释贤祺,,广东省,湛江市,雷州市,广东省雷州市纪家镇上朗路口,,,,,109.785065,20.950333
穆林庵,汉语系,释德宽,,广东省,湛江市,雷州市,广东省雷州市调风镇九龙山,,,,,110.254524,20.677551
竹林庵,汉语系,释能琢,,广东省,湛江市,雷州市,广东省雷州市附城镇田真坑,,,,,110.097679,20.940763
紫光庵,汉语系,释慧修,,广东省,湛江市,雷州市,广东省雷州市雷城镇下河里165号,,,,,110.097092,20.902596
紫明庵,汉语系,释慧祺,,广东省,湛江市,雷州市,广东省雷州市雷城镇后城巷35号,,,,,110.091583,20.903431
紫林庵,汉语系,释慧志,,广东省,湛江市,雷州市,广东省雷州市雷城镇苏楼东巷161号,,,,,110.091583,20.903431
紫竹古庵,汉语系,释慧航,,广东省,湛江市,雷州市,广东省雷州市言城镇养马坡,,,,,110.095879,20.912983
紫莲庵,汉语系,释慧波,,广东省,湛江市,雷州市,广东省雷州市雷城镇西门街215号,,,,,110.091583,20.903431
缘真庵,汉语系,释有永,,广东省,湛江市,雷州市,广东省雷州市苜城镇西门街238号,,,,,110.096510,20.914440
缘觉庵,汉语系,释远春,,广东省,湛江市,雷州市,广东省雷州市雷城镇下城巷5号,,,,,110.091583,20.903431
罗峰寺,汉语系,释则鑫,,广东省,湛江市,雷州市,广东省雷州市唐家镇乌树村草郎岭,,,,,109.936501,20.788153
能仁寺,汉语系,释永辉,1824,广东省,湛江市,雷州市,广东省雷州市英利镇鹰峰岭上,,,,,110.091393,20.569382
莲华庵,汉语系,释德闻,,广东省,湛江市,雷州市,广东省雷州市雪城镇养马坡89号,,,,,110.095879,20.912983
莲宗寺,汉语系,释云魁,,广东省,湛江市,雷州市,广东省雷州市附城镇卜扎墟,,,,,110.097679,20.940763
莲觉庵,汉语系,释德文,,广东省,湛江市,雷州市,广东省雷州市雪城镇关部后街190号,,,,,110.096510,20.914440
菩提山庵,汉语系,释远才,,广东省,湛江市,雷州市,广东省雷州市雷城镇城南坑,,,,,109.961441,20.876951
菩提庵,汉语系,释祥严,,广东省,湛江市,雷州市,广东省雷州市雷城镇西门街264号,,,,,110.091583,20.903431
西凌庵,汉语系,释有静,,广东省,湛江市,雷州市,广东省雷州市附城镇城北村委会下广村边,,,,,110.099304,20.921782
西竺庵,汉语系,释达泉,,广东省,湛江市,雷州市,广东省雷州市雷城镇养马坡76号,,,,,110.095520,20.912203
观音堂,汉语系,释远课,,广东省,湛江市,雷州市,广东省雷州市附城镇南渡口,,,,,110.095833,20.853540
观音堂（南兴镇）,汉语系,释祥善,,广东省,湛江市,雷州市,广东省雷州市南兴镇,,,,,110.085831,20.801662
觉华庵,汉语系,释有清,,广东省,湛江市,雷州市,广东省雷州市雷城镇城内马草桥124号,,,,,110.104149,20.919992
觉圆庵,汉语系,释有虚,,广东省,湛江市,雷州市,广东省雷州市东呈镇东里圩,,,,,110.347221,20.788912
贤良庵,汉语系,释位贤,,广东省,湛江市,雷州市,广东省雷州市附城镇水库边,,,,,110.097679,20.940763
贵竺庵,汉语系,释融通,,广东省,湛江市,雷州市,广东省雷州市白沙镇水店附近,,,,,110.067879,20.925112
连池寺,汉语系,释法安,,广东省,湛江市,雷州市,广东省雷州市乌石镇田寮村东边,,,,,109.856499,20.557302
金仙庵,汉语系,释安微,,广东省,湛江市,雷州市,广东省雷州市龙门镇仙人洞,,,,,110.026520,20.688742
长寿庵,汉语系,释慧合,,广东省,湛江市,雷州市,广东省雷州市雷域镇城内大新街45号,,,,,110.096510,20.914440
陆公泉寺,汉语系,释永辉,,广东省,湛江市,雷州市,广东省雷州市附城镇徐马村边,,,,,110.082573,20.959641
高山寺,汉语系,释有随,,广东省,湛江市,雷州市,广东省雷州市雷城环城东路,,,,,110.101151,20.908930
高峰寺,汉语系,释定悟,,广东省,湛江市,雷州市,广东省雷州市乌石镇嘉山岭,,,,,109.856499,20.557302
龙山寺,汉语系,释法通,,广东省,湛江市,雷州市,广东省雷州市北和镇调罗村,,,,,109.795547,20.642731
念佛庵,汉语系,释贤大,,广东省,湛江市,雷州市,广东省雷州市企水镇龙眼岭,,,,,109.763649,20.762671
悟真庵,汉语系,释永贤,,广东省,湛江市,雷州市,广东省雷州市雷城镇柳絮东39号,,,,,110.091583,20.903431
慈义寺,汉语系,释则励,,广东省,湛江市,雷州市,广东省雷州市北和镇卫生院旁,,,,,109.874023,20.651293
慈观庵,汉语系,释贤芳,,广东省,湛江市,雷州市,广东省雷州市雷域镇环城东路88号,,,,,110.100540,20.911733
报恩庵,汉语系,释样茂,,广东省,湛江市,雷州市,广东省雷州市雷域镇西门街247号,,,,,110.096510,20.914440
支提洞,汉语系,释永辉,,广东省,湛江市,雷州市,广东省雷州市雷城镇西湖大道水库边,,,,,110.083359,20.916981
施茶亭,汉语系,释清林,,广东省,湛江市,雷州市,广东省雷州市企水镇开拓路,,,,,109.763649,20.762671
无为寺,汉语系,释传畅,,广东省,湛江市,雷州市,广东省雷州市附城镇城角坑,,,,,110.097679,20.940763
明山寺,汉语系,释明觉,,广东省,湛江市,雷州市,广东省雷州市调风镇仕孔岭,,,,,110.254524,20.677551
明意寺,汉语系,释达善,,广东省,湛江市,雷州市,广东省雷州市纪家镇齒港圩平陪山,,,,,109.785065,20.950333
明新寺,汉语系,释则秀,,广东省,湛江市,雷州市,广东省雷州市北和镇新村仔,,,,,109.779915,20.657463
明莲庵,汉语系,释则法,,广东省,湛江市,雷州市,广东省雷州市龙门镇龙港橫二路78号,,,,,110.026520,20.688742
明见寺,汉语系,释则杰,,广东省,湛江市,雷州市,广东省雷州市乌石镇平南坡,,,,,109.856499,20.557302
明见庵,汉语系,释则觉,,广东省,湛江市,雷州市,广东省雷州市乌石镇菜园仔,,,,,109.842690,20.559542
明觉林,汉语系,释安琼,,广东省,湛江市,雷州市,广东省雷州市龙门镇那平村,,,,,110.026520,20.688742
明通寺,汉语系,释则圣,,广东省,湛江市,雷州市,广东省雷州市覃斗镇鄭金村,,,,,109.910049,20.528009
普广寺,汉语系,释云玄,,广东省,湛江市,雷州市,广东省雷州市沈塘镇坡尾坡,,,,,110.118820,20.984470
佛教居士林安铺分林,汉语系,李庆芳,,广东省,湛江市,廉江市,广东省湛江市廉江市安铺镇,,,,,110.034744,21.456863
楞严寺,汉语系,释清海,年代不详,广东省,湛江市,麻章区,广东省湛江市麻章区湖光岩风景区内,广东省湛江市湖光岩风景区内的楞严寺经近年扩建修整，重现风采。寺堂结构平衡、深邃、严整统一，砖瓦木石所造的飞檐、门楼、台阁无不体现东方古典建筑文化的神韵。,,,,110.294662,21.147600
宝莲庵,汉语系,释有平,年代不详,广东省,湛江市,麻章区,广东省湛江市麻章区湖光镇新墟胜利路,宝莲庵建落在广东省湛江市麻章区湖光镇新圩，现道场庄严、殿堂巍峨，道风严谨、信众如云。,,,,110.363800,21.274160
白衣庵,汉语系,释如隆,年代不详,广东省,湛江市,麻章区,广东省湛江市麻章区湖光岩风景区内,白衣庵，是广东省湛江市“湖光岩（湛江八景之一，美曰：湖光镜月）”风景区内的道观，在广东省湛江市西南部，广东海洋大学旁，距市区霞山区约15公里。,,,,110.294662,21.147600
华馨庵,汉语系,释有勤,,广东省,湛江市,麻章区,广东省湛江市麻章区太平镇民主街,,,,,110.173439,21.052231
古明山庵,汉语系,释明福,,广东省,湛江市,麻章区,广东省湛江市麻章区太平镇古明山,,,,,110.173439,21.052231
圆明庵,汉语系,释贤志,,广东省,湛江市,麻章区,广东省湛江市麻章区湖光镇西岭村,,,,,110.295784,21.119520
圆觉庵,汉语系,释能本,,广东省,湛江市,麻章区,广东省湛江市麻章区太平镇自力街,,,,,110.173439,21.052231
莲华庵,汉语系,释成耀,,广东省,湛江市,麻章区,广东省湛江市麻章区太平镇通明村,,,,,110.165581,20.989571
观音阁,汉语系,释有廉,年代不详,广东省,湛江市,麻章区,广东省湛江市麻章区麻赤路16号,,,,,110.325278,21.268152
青莲庵,汉语系,释松静,,广东省,湛江市,麻章区,广东省湛江市麻章区麻章镇水沟村,,,,,110.331787,21.259293
敬云寺,汉语系,释法充,,广东省,湛江市,麻章区,广东省湛江市麻章区湖光镇湖塘村,,,,,110.289230,21.126993
佛光禅院,汉语系,释了缘,年代不详,广东省,湛江市,坡头区,广东省湛江市坡头区坡头镇爱华东路,佛光禅院位于广东省湛江市坡头区坡头镇爱周中学旁，占地面积约3亩，主楼4层，是经湛江市宗教局批准（湛民宗[2007]43号）的佛教活动场所，由北京大学高级访问学者、北京大学禅学社导师、出家20多年的释了缘法师创建并住持,,,,110.504677,21.260111
青云庵,汉语系,释慧生,,广东省,湛江市,坡头区,广东省湛江市坡头区官渡镇山咀村,,,,,110.471832,21.412434
玉泉寺,汉语系,释法寿,,广东省,湛江市,遂溪县,广东省湛江市遂溪县黄略镇茅村田墩村,玉泉寺原名石泉寺，位于湛江市遂溪县黄略镇茅村村委会田墩山。交通四通八达，座落于325国道遂湛公路和广湛高速公路、渝湛高速公路及粤海高速公路交汇点出入口旁，距遂溪县城和湛江市区均5公里，靠近东坡荔园度假村。该寺始建于明朝崇祯年间，是少林祖庭，十五世万松嗣福裕禅师七十字派中第十六道字派，释道伟的首徒上庆下浮大师兴建。当时举人彭大公赠地助款建造而成。当时寺亩四周草茂林密，野果丛生，人迹罕见，相传当年田墩财主陈瑞葵一男一女平时乐于行善积德，某日在寺前突然升仙而去。男遗一扇，女遗双鞋，此后兄妹常于寺前寺后显灵，协助韦驮菩萨、关帝、康王、真武公等护寺佑民，解救民间疾苦，有求必应，十分灵验。后来，邻村的祖先相继到本地安居落业，人丁渐旺，形成现在周围的村庄。民国年间，每逢僧人早课，钟声起，木鱼响，一母一子两虎便来到厅外听经，课后礼佛而去，日日如此。山中虽有虎，却从不伤人。由于佛菩萨灵感慈悲，远近闻名，信众渐多，香火渐旺。该寺既是佛祖圣地，亦是党的革命根据地，当年南路地下党干部支仁山、沈斌及广东、湖南两省游击队司令梁汝钦等同志以寺为掩护，在僧人的帮助下，开展革命工作，为中国革命的解放事业作出巨大贡献。解放后，该寺僧人还受到政府的表彰，无奈文革十年，寺庙遭劫，文物被毁，寺内已面目皆非。而幸十一届三中全会，党落实宗教政策，给寺庙带来了希望。一九八五年，释上法下寿大师发启愿重建祖庭。在十方护法居士的鼎力支持下，经过十多年的艰苦创业，当年的石泉寺易名为今天的玉泉寺。目前已初见规模，寺院占地面积陆万仟平方米，寺内建有庄严的大雄宝殿、天王殿、伽蓝殿、客堂、钟鼓楼、祖师堂，功德堂、念佛堂、僧房、客房等。寺内菩萨圣像为缅甸汉白玉雕刻而成，为续佛慧命。我们的目标是渡化众生，回头是岸，祈求上天能给我们大地放生池，拯救生命脱离苦海，六渡轮回。同时希望十方法界，六渡众生起加入玉泉寺念佛修行的队伍，同舟共济，念佛同往西方见如来。,,,,110.283882,21.316467
三元寺,汉语系,释心鹏,,广东省,湛江市,遂溪县,广东省遂溪县遂城镇人民路13号,,,,,110.251820,21.378400
东华山禅寺,汉语系,释明权,,广东省,湛江市,遂溪县,广东省湛江市遂溪县遂城镇围院村,,,,,110.256050,21.377981
严乘庵,汉语系,释融斌,,广东省,湛江市,遂溪县,广东省湛江市遂溪县城月镇家寮村委会,,,,,110.123291,21.105343
乐城庵,汉语系,释清培,,广东省,湛江市,遂溪县,广东省湛江市遂溪县乐民镇乐民圩,,,,,109.758263,21.135563
仁慈庵,汉语系,释融光,,广东省,湛江市,遂溪县,广东省湛江市遂溪县遂城镇文兰开发区,,,,,110.256050,21.377981
古兴龙寺,汉语系,释禅扬,,广东省,湛江市,遂溪县,广东省湛江市遂溪县吴阳镇霞街村,,,,,110.684258,21.343931
天华庵,汉语系,释祥成,,广东省,湛江市,遂溪县,广东省湛江市遂溪县城月镇城月圩,,,,,110.082100,21.172140
嵩山庵,汉语系,释贤宗,,广东省,湛江市,遂溪县,广东省遂溪县岭北镇岭北圩,,,,,110.174988,21.268782
正觉庵,汉语系,释能容,,广东省,湛江市,遂溪县,广东省湛江市遂溪县岭北镇岭北市场北面,,,,,110.172798,21.269558
河源寺,汉语系,释明权,,广东省,湛江市,遂溪县,广东省湛江市遂溪县河头镇河头圩,,,,,109.847672,21.067144
玉泉庵,汉语系,释祥准,,广东省,湛江市,遂溪县,广东省湛江市遂溪县遂城镇建设路七横18号,,,,,110.254219,21.378330
白衣庵（城里村）,汉语系,释能法,,广东省,湛江市,遂溪县,广东省湛江市遂溪县吴阳镇城里村,,,,,110.250060,21.377080
白衣庵（塘禄村）,汉语系,释慧霖,,广东省,湛江市,遂溪县,广东省湛江市遂溪县黄坡镇塘禄村,,,,,110.599991,21.335142
福善庵,汉语系,释圣游,,广东省,湛江市,遂溪县,广东省湛江市遂溪县遂城镇沙坡村坑里园村,,,,,110.246193,21.350796
龙华庵,汉语系,释永贞,,广东省,湛江市,遂溪县,广东省湛江市遂溪县遂城镇东圩76号,,,,,110.252998,21.378830
护国寺,汉语系,释清华,,广东省,湛江市,遂溪县,广东省湛江市遂溪县遂城镇农林路一模76号,,,,,110.243362,21.365179
双峰寺,汉语系,释禅一,年代不详,广东省,湛江市,吴川市,广东省吴川市吴阳镇文塔村,双峰寺，与潮州开元寺、潮阳灵山寺并称“潮郡三大名刹”。“双峰晚钟”为揭阳八景之一。位于揭阳市榕城区马山巷，是揭阳佛教的中心，属揭阳市文物保护单位，为揭阳规模最大之古寺院。,,,,110.660461,21.301952
万寿庵,汉语系,释如懿,,广东省,湛江市,吴川市,广东省吴川市梅录街道漳州街天后宫后面,,,,,110.546463,21.467918
丽山寺,汉语系,释印净,,广东省,湛江市,吴川市,广东省吴川市塘缀镇丽山村丽山岭,,,,,110.614098,21.491241
云水庵,汉语系,释明德,,广东省,湛江市,吴川市,广东省吴川市梅录街道梅山社区,,,,,110.790565,21.446510
回归寺,汉语系,释胜持,,广东省,湛江市,吴川市,广东省吴川市振文镇水口管理区,,,,,110.709984,21.422194
水月庵,汉语系,释祥君,年代不详,广东省,湛江市,吴川市,广东省吴川市梅录街道瓦窑村,,,,,110.794960,21.451107
紫竹禅林,汉语系,释德雯,,广东省,湛江市,吴川市,广东省吴川市梅录街道坡尾村,,,,,110.790298,21.434702
普应禅林,汉语系,释明航,,广东省,湛江市,吴川市,广东省吴川市梅录街道梅录头荔枝园,,,,,110.784058,21.438656
普济庵,汉语系,释成印,,广东省,湛江市,吴川市,广东省吴川市樟铺镇塘口村,,,,,110.687119,21.446703
普馝庵,汉语系,释桂森,,广东省,湛江市,吴川市,广东省吴川市梅录街道振兴路71号,,,,,110.758972,21.588236
上林寺,汉语系,释静定,,广东省,湛江市,霞山区,广东省湛江市霞山区南山村,,,,,110.378922,21.193102
市佛学培训中心,汉语系,释有昆,,广东省,湛江市,霞山区,广东省湛江市霞山区椹川大道东6路28号,,,,,110.397663,21.192389
正觉净寺,汉语系,释贤诚,,广东省,湛江市,霞山区,广东省湛江市霞山区新村南横5巷28号,,,,,110.381210,21.206202
镜华庵,汉语系,释玲宽,,广东省,湛江市,霞山区,广东省湛江市霞山区解放西路19号,,,,,110.397750,21.191220
静观林庵,汉语系,释明仙,,广东省,湛江市,霞山区,广东省湛江市霞山区椹川大道外加剂厂对面,,,,,110.385162,21.215290
真武寺,汉语系,释安秀,年代不详,广东省,湛江市,徐闻县,广东省湛江市徐闻县南山镇长乐沐南村,真武寺位于广东省湛江市徐闻县徐城镇西南10公里处的白鹤山上，也称“白鹤寺”。在徐闻县城西南方向约10公里处的白鹤山上，有一座鲜为人知的古刹──真武寺，该寺坐南向北，分前后殿，建造年代虽然不详，但有清·宣统《徐闻县志》记载，清·嘉庆十一年（1806年）重修，是一座历史悠久的古寺。据《徐闻县文物志》中记载，真武寺前临白鹤山溪水，原名“真武庙”，也称“白鹤寺”。清末贼匪作乱，民不聊生，寺内香火断绝，寺为野藤林木掩盖，故当地人俗称之“掩宅宫”。该寺内至今仍完好无缺幸存着铜香炉、木刻楹联、莲花型石柱础、石鼓门框承座、圆鼓莲花型石础、八棱角石柱等珍贵物品。,,,,110.114235,20.311262
海平寺,汉语系,释达烈,年代不详,广东省,湛江市,徐闻县,广东省湛江市徐闻县海安镇海安埠,屿脚庵是广东省湛江市徐闻县境内的一座寺庙，始建于明万历年间。,,,,110.223938,20.275393
濂山寺,汉语系,释明养,年代不详,广东省,湛江市,徐闻县,广东省湛江市徐闻县下桥镇下桥圩,濂山寺，位于207国道徐闻下桥至雷州英利公路旁，距离县城17公里。始建于明崇祯三年（1630年左右），是徐闻县名胜古刹之一，其历史悠久，环境优雅，香火鼎盛，善信如云，遐迩闻名。现寺院为1982年重修，坐南向北，分前后殿。,,,,110.127550,20.448270
华捍寺,汉语系,释法空,1630年,广东省,湛江市,徐闻县,广东省湛江市徐闻县徐城镇红旗一路28号,华捍寺俗称北门宫。位于广东省湛江市徐闻县故城北门外，现徐闻第三小学校址内。[1],,,,110.165563,20.335267
三元堂,汉语系,释文见,,广东省,湛江市,徐闻县,广东省湛江市徐闻县徐城镇槟朴路11号,,,,,110.177269,20.336121
三官堂,汉语系,释荣坚,,广东省,湛江市,徐闻县,广东省湛江市徐闻县海安镇北关村,,,,,110.214050,20.281462
人心寺,汉语系,释明燃,,广东省,湛江市,徐闻县,广东省湛江市徐闻县城北乡那松村,,,,,110.117188,20.373482
人心庵,汉语系,释清修,,广东省,湛江市,徐闻县,广东省湛江市徐闻县前山镇旧墟,,,,,110.456093,20.418213
伏波庵,汉语系,释祥敏,,广东省,湛江市,徐闻县,广东省湛江市徐闻县徐城镇徐海路,,,,,110.181267,20.317640
佛光庵,汉语系,释净贤,,广东省,湛江市,徐闻县,广东省湛江市徐闻县和安镇陈家开发区,,,,,110.380394,20.632820
华文寺,汉语系,释明宜,,广东省,湛江市,徐闻县,广东省湛江市徐闻县南山镇长乐村委会,,,,,110.114235,20.311262
善应寺,汉语系,释清了,,广东省,湛江市,徐闻县,广东省湛江市徐闻县龙塘镇石桥圩,,,,,110.325569,20.315531
善民庵,汉语系,释文修,,广东省,湛江市,徐闻县,广东省湛江市徐闻县徐城镇山鸡窝1号,,,,,110.177269,20.336121
善觉庵,汉语系,释明果,,广东省,湛江市,徐闻县,广东省湛江市徐闻县迈陈镇人民后街,,,,,109.994484,20.332993
圆通寺,汉语系,释祥宾,年代不详,广东省,湛江市,徐闻县,广东省湛江市徐闻县曲界镇愚公楼,,,,,110.277161,20.407990
圆通庵,汉语系,释文川,,广东省,湛江市,徐闻县,广东省湛江市徐闻县锦和镇外罗港,,,,,110.473625,20.570526
如静庵,汉语系,释念圆,,广东省,湛江市,徐闻县,广东省湛江市徐闻县锦和镇社区居委会,,,,,110.425484,20.569651
宝明寺,汉语系,释明就,,广东省,湛江市,徐闻县,广东省湛江市徐闻县海安镇卫星场,,,,,110.223938,20.275393
尸德寺,汉语系,释杲佳,,广东省,湛江市,徐闻县,广东省湛江市徐闻县曲界镇金满堂村,,,,,110.299492,20.453630
松竹寺,汉语系,释清度,,广东省,湛江市,徐闻县,广东省湛江市徐闻县城北乡那松村,,,,,110.117188,20.373482
玉佛寺,汉语系,释永静,,广东省,湛江市,徐闻县,广东省湛江市徐闻县徐城镇汤宅13巷1号,,,,,110.177269,20.336121
石莲山寺,汉语系,释传生,,广东省,湛江市,徐闻县,广东省湛江市徐闻县海安镇北关村,,,,,110.214050,20.281462
福林禅寺,汉语系,释照瑞,,广东省,湛江市,徐闻县,广东省湛江市徐闻县南山镇五里村,,,,,110.153572,20.272051
积善庵,汉语系,释道贤,,广东省,湛江市,徐闻县,广东省湛江市徐闻县城北乡大黄村,,,,,110.075310,20.336853
竹林寺,汉语系,释清极,,广东省,湛江市,徐闻县,广东省湛江市徐闻县曲界镇,,,,,110.327469,20.482801
紫竹林庵,汉语系,释永全,,广东省,湛江市,徐闻县,广东省湛江市徐闻县下桥镇下桥圩,,,,,110.127550,20.448270
莲华庵,汉语系,释明证,,广东省,湛江市,徐闻县,广东省湛江市徐闻县徐城镇城东大道南段东侧,,,,,110.177269,20.336121
西来寺,汉语系,释明渭,,广东省,湛江市,徐闻县,广东省湛江市徐闻县城北乡大黄村,,,,,110.075310,20.336853
西竺寺,汉语系,释清乐,,广东省,湛江市,徐闻县,广东省湛江市徐闻县迈陈镇东成街,,,,,109.994484,20.332993
觉云庵,汉语系,释杲佳,,广东省,湛江市,徐闻县,广东省湛江市徐闻县南山镇槟榔村,,,,,110.166565,20.305273
觉华庵,汉语系,释广严,,广东省,湛江市,徐闻县,广东省湛江市徐闻县徐城西二路28号,,,,,110.175020,20.326520
普善庵,汉语系,释文敬,,广东省,湛江市,徐闻县,广东省湛江市徐闻县徐城木棉树陈宅二巷9号,,,,,110.165428,20.322512
白云寺,汉语系,释仲贤,,广东省,肇庆市,鼎湖区,广东省肇庆市鼎湖区鼎湖山,位于云溪上游的云顶峰山麓，又称鼎湖古寺。唐高宗仪凤三年（678），禅宗六祖惠能高徒智常禅师创建。明万历三十五年（1607）在白云寺旧址兴建鼎湖古寺，至万历三十九年竣工。,,,,112.555458,23.159660
庆云寺,汉语系,释仲贤,年代不详,广东省,肇庆市,鼎湖区,广东省肇庆市鼎湖区鼎湖山内,庆云寺位于广东省肇庆市鼎湖区鼎湖山的天溪山谷中，位于鼎湖山的天溪山谷中，始建于明崇帧九年（1636年），光绪十九年（1893年），四周峰峦环抱，如瓣瓣莲花，被冠上“莲花寇”的美称，是岭南四大名刹之一，素有“禅、净、律三宗俱善”之盛名，寺里香火历久不衰。,,,,112.555458,23.159660
慈云寺,汉语系,释有民,年代不详,广东省,肇庆市,鼎湖区,广东省肇庆市鼎湖区葫芦山,广东揭阳市东山区黄岐山凤内嘴口慈云禅寺，原名观音堂，明万历年间（1573—1620）由知县潘应龙创建，原址在榕城东门南河之滨，1997年在今址重建，至2001年完成了首期工程，依山而筑，规模壮观，气势雄伟，令人赞叹。寺名由原中国佛协副会长、诗书家释茗山（1913—2001）所书，古刹添辉。,,,,112.677109,23.288950
善庆寺,汉语系,释耀兴,年代不详,广东省,肇庆市,鼎湖区,广东省肇庆市鼎湖区沙铺镇,,,,国家AA级旅游景区,112.681511,23.160751
跃龙庵,汉语系,释仲贤,,广东省,肇庆市,鼎湖区,广东省肇庆市鼎湖区鼎湖山,,,,,112.555458,23.159660
彼岸寺,汉语系,释常慧,,广东省,肇庆市,鼎湖区,广东省肇庆市鼎湖区广利镇砚洲岛,,,,,112.632263,23.175554
憩庵,汉语系,释仲贤,,广东省,肇庆市,鼎湖区,广东省肇庆市鼎湖区鼎湖山,,,,,112.555458,23.159660
护龙祖庙,汉语系,释慧忠,清初,广东省,肇庆市,端州区,广东省肇庆市端州区黄岗街道办事处前村,护龙祖庙位于肇庆市端州区黄岗镇前村，始建于清初，同治十年（1871）重修。四周古树怀抱，环境清幽，有小溪潺潺流过，庙前远眺，田园秀色一览无遗。庙为三进院落四合院式布局，面积136平方米，大门上方镶嵌楷书“护龙祖庙”石匾，前后殿为硬山顶，面宽进深均三间，建筑物前设“低头牵”，抬梁与穿十混合式梁架结构，两殿之间以平面方形的卷棚顶庙亭相连，亭两侧空地边缘，还用矮墙连贯前殿与后殿，使之浑然一体。该庙是肇庆市端州区目前保存最完整的庙宇。1984年公布为肇庆市文物保护单位。,,,,112.508240,23.106411
广莲寺,汉语系,释德超,,广东省,肇庆市,封开县,广东省肇庆市封开县江口镇,,,,,111.510818,23.429182
金山寺,汉语系,何卓华,,广东省,肇庆市,高要市,广东省高要市乐城镇金钟山森林公园,,,,,112.338600,23.390547
龙聚寺,汉语系,释恒清,,广东省,肇庆市,高要市,广东省高要市回龙镇,,,,,112.634727,22.932922
六祖寺,汉语系,释大愿,年代不详,广东省,肇庆市,四会市,广东省四会市贞山区大坑村,六祖寺位于广东省肇庆市四会贞山风景旅游区内，原寺始建于唐代，距今已有一千三百多年有历史。于清嘉庆十四年重修时，六祖寺的建筑面积为60000多平方米，灰沙春墙杉木瓦结构。整体为中轴线平面布局，分别由大门、前殿、后殿及左右辅以的厢房、廊庑及小巷构成一体。寺庙四面环山，山势峻俏，景色宜人。与六祖惠能寺相邻的山间，还有“六祖惠能池”、“佛堂顶”、“仙人路”、“烂布衣”等与六祖惠能当年行迹有关的地名和山名。[1],,,,112.682526,23.343611
天心禅寺,汉语系,释法光,,广东省,肇庆市,四会市,广东省四会市龙甫镇营脚,,,,,112.747200,23.406151
宝林寺,汉语系,姚森容,,广东省,肇庆市,四会市,广东省四会市贞山甘榄村,,,,,112.734040,23.327430
白雾台寺,汉语系,释纯洁,,广东省,肇庆市,四会市,广东省四会市下茆镇马陂山口村,,,,,112.641823,23.413851
莲花寺,汉语系,释纯洁,年代不详,广东省,肇庆市,四会市,广东省四会市东城街道陶塘村,,,,,112.722443,23.336073
中山市佛教小榄净意庵,汉语系,释安聪,,广东省,中山市,,广东省中山市小榄镇永宁南垄街47号,,,,,113.225533,22.661650
中山市佛教小榄镇善庆庵,汉语系,释顿荣,,广东省,中山市,,广东省中山市小榄镇东区大门楼四巷四号,,,,,113.268539,22.592232
中山市小榄镇隐秀寺,汉语系,释弘如,,广东省,中山市,,广东省中山市小榄镇民安北路23号,,,,,113.233917,22.690069
中山石岐西山寺,汉语系,释继慈,,广东省,中山市,,广东省中山市孙文中路240号,,,,,113.373877,22.520940
报恩禅寺,汉语系,释明一,,广东省,中山市,,广东省中山市黄圃镇观仙路一号,,,,,113.350145,22.740482
中山市天门白衣古寺,汉语系,释弘如,2006-07-07,广东省,中山市,石岐区,广东省中山市石岐区莲员东路庵前正街1号,,,,,113.392600,22.515950
中山石岐永建庵,汉语系,释海涵,,广东省,中山市,石岐区,广东省中山市石岐区莲塘街见龙里2号,,,,,113.274780,22.461966
珠海斗门黄杨山金台寺,汉语系,释弘如,,广东省,珠海市,斗门区,广东省珠海市斗门区斗门镇黄杨山,,,,,113.194511,22.230803
珠海市普陀寺,汉语系,释明生,,广东省,珠海市,香洲区,广东省珠海市香洲区东坑普陀寺,,,,,113.528137,22.314741
珠海普陀寺,汉语系,释明生,,广东省,珠海市,香洲区,广东省珠海市香洲区东坑普陀寺,,,,,113.528137,22.314741
凌云县水源寺,汉语系,释惟因,,广西壮族自治区,百色市,凌云县,广西壮族自治区百色市凌云县泗城镇百花山水源洞,,,,,106.581146,24.363569
田东县四平佛堂,汉语系,兰文山,2014-01-08,广西壮族自治区,百色市,田东县,广西壮族自治区百色市田东县平马镇四平村凤龙岭,,,,,107.107544,23.590141
田阳县古佛寺,汉语系,释乾心,,广西壮族自治区,百色市,田阳县,广西壮族自治区百色市田阳县头塘镇百里村治使屯,,,,,106.899864,23.769083
合浦县东山寺,汉语系,释顿茂,,广西壮族自治区,北海市,合浦县,广西壮族自治区北海市合浦县廉州镇东山路39号,,,,,109.204298,21.677108
合浦县保子庵,汉语系,释琼如,,广西壮族自治区,北海市,合浦县,广西壮族自治区北海市合浦县廉州镇文明路93号,,,,,109.200623,21.660091
合浦县党江三婆庙,汉语系,黄世琼,,广西壮族自治区,北海市,合浦县,广西壮族自治区北海市合浦县党江镇党屋村委会阮屋村小组,,,,,109.129608,21.649233
合浦县公馆列圣庙,汉语系,范先钰,,广西壮族自治区,北海市,合浦县,广西壮族自治区北海市合浦县公馆镇南山村委会绿基山村小组,,,,,109.654030,21.824272
合浦县公馆慈云寺,汉语系,范先荣,,广西壮族自治区,北海市,合浦县,广西壮族自治区北海市合浦县公馆镇公馆村委会牌坊坡村小组,,,,,109.649841,21.839281
合浦县公馆武圣宫,汉语系,欧毓成,,广西壮族自治区,北海市,合浦县,广西壮族自治区北海市合浦县公馆镇和平街,,,,,109.608368,21.785881
合浦县公馆觉灵寺,汉语系,陈清国,,广西壮族自治区,北海市,合浦县,广西壮族自治区北海市合浦县公馆镇竹联村委会竹根坡村小组,,,,,109.619019,21.844131
合浦县公馆鳌鱼寺,汉语系,关平,,广西壮族自治区,北海市,合浦县,广西壮族自治区北海市合浦县公馆镇新秀村委会簕竹塘村小组,,,,,109.621140,21.828222
合浦县北山庵,汉语系,钟通恒,,广西壮族自治区,北海市,合浦县,广西壮族自治区北海市合浦县廉州镇钦州巷150号,,,,,109.200623,21.660091
合浦县廉州清惠宫,汉语系,秦仕英,,广西壮族自治区,北海市,合浦县,广西壮族自治区北海市合浦县廉州镇车路塘社区,,,,,109.199829,21.653162
合浦县曲樟灵隐寺,汉语系,黄镜善,,广西壮族自治区,北海市,合浦县,广西壮族自治区北海市合浦县曲樟乡山心村委会根竹山村小组,,,,,109.606247,21.859890
合浦县白沙复庆寺,汉语系,李振辉,,广西壮族自治区,北海市,合浦县,广西壮族自治区北海市合浦县白沙镇龙江村委会博头村小组,,,,,109.689201,21.701111
合浦县白沙天后宫,汉语系,陶显富,,广西壮族自治区,北海市,合浦县,广西壮族自治区北海市合浦县白沙镇平田村委会平田村小组,,,,,109.581978,21.697149
合浦县白沙玉佛寺,汉语系,邓福兰,,广西壮族自治区,北海市,合浦县,广西壮族自治区北海市合浦县白沙镇龙江村委会梁屋地村小组,,,,,108.954422,21.690823
合浦县白沙莲池寺,汉语系,廖上荣,,广西壮族自治区,北海市,合浦县,广西壮族自治区北海市合浦县白沙镇龙江村委会龙井村小组,,,,,109.652733,21.757780
合浦县石康镇东岳庙,汉语系,庞家铨,1997-10-13,广西壮族自治区,北海市,合浦县,广西壮族自治区合浦县石康镇四街,,,,,109.336624,21.747202
合浦县闸口三帝庙,汉语系,陈洪英,,广西壮族自治区,北海市,合浦县,广西壮族自治区北海市合浦县闸口镇闸口社区解放路,,,,,109.469818,21.702730
合浦县闸口普云庵,汉语系,钟凤兰,,广西壮族自治区,北海市,合浦县,广西壮族自治区北海市合浦县闸口镇闸口社区观音山,,,,,109.481598,21.711290
大新县正觉寺,汉语系,释文存,2013-06-19,广西壮族自治区,崇左市,大新县,广西壮族自治区崇左市大新县桃城镇新城社区新光屯,,,,,107.205261,22.801620
大新县青云寺,汉语系,黄月娥,2000-11-28,广西壮族自治区,崇左市,大新县,广西壮族自治区崇左市大新县桃城镇新平路,,,,,107.197830,22.828600
宁明县观音寺,汉语系,释圣缘,,广西壮族自治区,崇左市,宁明县,广西壮族自治区崇左市宁明县城中镇珠连村攀场屯,,,,,107.044548,22.197872
凭祥市观音岩正法寺,汉语系,释圆成,,广西壮族自治区,崇左市,凭祥市,广西壮族自治区凭祥市白云景观大道（凭祥市行政中心对面）,,,,,106.765938,22.097269
东兴市观音寺,汉语系,释莲山,,广西壮族自治区,防城港市,东兴市,广西壮族自治区东兴市明虹路2号,东兴观音寺位于东兴市区明虹路，占地3000多平方米，距北仑河仅数步之遥。据考证，清朝末年，在法国侵略越南划定北仑河界线时，已经有僧人在此搭建茅棚修行，其时大门面向北仑河，以便于过往的信徒进香朝拜。,,,,107.977160,21.538910
防城区灵峰寺,汉语系,释达性,,广西壮族自治区,防城港市,防城区,广西壮族自治区防城港市防城区水营街道办事处沙埠村,,,,,108.360413,21.751892
贵港市北山寺,汉语系,释祥严,2010-08-30,广西壮族自治区,贵港市,,广西壮族自治区贵港市平天山林场谭评站,,,,,109.560379,23.100241
贵港市港北区小江梓潼寺,汉语系,梁裕和,,广西壮族自治区,贵港市,港北区,广西壮族自治区贵港市港北区贵城小江村,,,,,109.600731,23.084721
贵港市港北区龙母庙佛教活动场所,汉语系,梁秀玲,2006-10-10,广西壮族自治区,贵港市,港北区,广西壮族自治区贵港市港北区贵城小江村,,,,,109.600731,23.084721
贵港市南山寺,汉语系,释体如,2006-08-25,广西壮族自治区,贵港市,港南区,广西壮族自治区贵港市南山风景区内,,,,,109.618851,23.054029
贵港市南江居士林,汉语系,吴伟英,,广西壮族自治区,贵港市,港南区,广西壮族自治区贵港市港南区江南街道办事处南江小区,,,,,109.611557,23.072092
桂平市白石山寿圣寺,汉语系,释祥严,2007-05-28,广西壮族自治区,贵港市,桂平市,广西壮族自治区桂平市麻垌镇寿圣寺,寿圣寺旧名三宝殿，又称寿圣寺院，俗称大寺，宋嘉佑三年（公元1058年）主持释大和尚开山创建，历经十年方建成。其为宋、明、清时期我国岭南地区著名的佛教道场，迄今已有一千年历史。寺名匾额“寿圣寺”三字为宋神宗赵顼于熙宁元年（公元1068年）敕赐题额。寿圣寺建成之后，寿圣寺雄伟壮观，气势磅礴，盛名远播，为当时全国著名的佛教圣地。,,,,110.165283,23.152382
桂平市江口镇和尚岩佛寺,汉语系,李柏松,,广西壮族自治区,贵港市,桂平市,广西壮族自治区桂平市江口镇六宝村,,,,,110.143387,23.604052
桂平市江口镇大湟江登高寺,汉语系,张文英,,广西壮族自治区,贵港市,桂平市,广西壮族自治区桂平市江口镇理塘村,,,,,110.217171,23.657671
桂平市江口镇江佛寺,汉语系,李超强,,广西壮族自治区,贵港市,桂平市,广西壮族自治区桂平市江口镇南街,,,,,110.207909,23.593681
桂平市盘石万灵寺,汉语系,覃志林,,广西壮族自治区,贵港市,桂平市,广西壮族自治区桂平市江口镇盘石村,,,,,110.247902,23.593561
桂平市罗秀镇宁福寺,汉语系,廖学焦,,广西壮族自治区,贵港市,桂平市,广西壮族自治区桂平市罗秀镇伟杨村,,,,,110.272018,23.060242
桂平市西山洗石庵,汉语系,释宏渡,,广西壮族自治区,贵港市,桂平市,广西壮族自治区桂平市西山,,,,,110.079010,23.394100
桂平市西山龙华寺,汉语系,释湛空,,广西壮族自治区,贵港市,桂平市,广西壮族自治区桂平市西山,,,,,110.079010,23.394100
桂平市麻垌镇大运寺,汉语系,李业庆,,广西壮族自治区,贵港市,桂平市,广西壮族自治区桂平市麻垌镇大上村,,,,,110.154160,23.114752
平南县上渡镇宝林寺,汉语系,释真悟,,广西壮族自治区,贵港市,平南县,广西壮族自治区贵港市平南县上渡镇上渡街168号,,,,,110.397552,23.512541
平南县大安寺,汉语系,释体弘,,广西壮族自治区,贵港市,平南县,广西壮族自治区贵港市平南县大安镇大安街1号,,,,,110.515381,23.382360
平南县正觉寺,汉语系,释宏国,,广西壮族自治区,贵港市,平南县,广西壮族自治区贵港市平南县平南镇城隍岭1168号,,,,,110.407990,23.549740
贵港市石卡镇天堂寺佛教活动点,汉语系,李仲伦,2011-05-31,广西壮族自治区,贵港市,覃塘区,广西壮族自治区贵港市覃塘区石卡镇,,,,,109.528603,22.952312
贵港市覃塘区覃塘镇福寿寺佛教活动点,汉语系,黄福英,,广西壮族自治区,贵港市,覃塘区,广西壮族自治区贵港市覃塘区覃塘镇龙凤村,,,,,109.405777,23.169901
贵港市黄练镇三灶寺佛教活动点,汉语系,黄宝良,,广西壮族自治区,贵港市,覃塘区,广西壮族自治区贵港市覃塘区黄练镇,,,,,109.320862,23.155941
恭城县观音乡观音寺,汉语系,释弘中,,广西壮族自治区,桂林市,恭城县,广西壮族自治区桂林市恭城县观音乡,,,,,110.968811,25.180822
灌阳县云台寺,汉语系,释明磊,,广西壮族自治区,桂林市,灌阳县,广西壮族自治区桂林市灌阳县黄关镇中秀村,云台寺，广西灌阳黄关镇云台寺是岭南三大名刹之一，与全州湘山寺、桂平西山寺齐名。云台寺始建于盛唐晚期，距今约一千三百多年。在漫长的历史长河中，云台寺历经沧桑。,,,,111.056343,25.365183
灌阳县九龙岩禅正古寺,汉语系,释广源,,广西壮族自治区,桂林市,灌阳县,广西壮族自治区桂林市灌阳县新街镇石丰村九龙岩,,,,,111.098480,25.446871
灌阳县华山清凉寺,汉语系,释心源,2009-12-03,广西壮族自治区,桂林市,灌阳县,广西壮族自治区桂林市灌阳县灌阳镇福星村华山,,,,,111.166161,25.454292
灌阳县慧明寺,汉语系,释心觉,2013-08-05,广西壮族自治区,桂林市,灌阳县,广西壮族自治区桂林市灌阳县灌阳镇上,,,,,111.156158,25.496801
灌阳县文昌阁,汉语系,释智明,,广西壮族自治区,桂林市,灌阳县,广西壮族自治区桂林市灌阳县灌阳镇城关村第八生产队,,,,,111.159912,25.487310
灌阳县高草禅林寺,汉语系,释怀洞,,广西壮族自治区,桂林市,灌阳县,广西壮族自治区桂林市灌阳县西山瑶族乡,,,,,110.972488,25.388031
荔浦县东昌镇观音寺,汉语系,释明燕,2009-08-24,广西壮族自治区,桂林市,荔浦县,广西壮族自治区桂林市荔浦县东昌镇粟木街,,,,,110.516060,24.539242
荔浦县海仙寺,汉语系,莫小玉,,广西壮族自治区,桂林市,荔浦县,广西壮族自治区桂林市荔浦县双江镇两江社区榕树村榕树屯,,,,,110.393661,24.604601
荔浦县鹅翎寺,汉语系,释圣果,,广西壮族自治区,桂林市,荔浦县,广西壮族自治区桂林市荔浦县荔城镇马蹄塘屯,,,,,110.402283,24.473843
临桂县南边山乡永平观音寺,汉语系,释传佛,,广西壮族自治区,桂林市,临桂县,广西壮族自治区桂林市临桂县南边山乡永平村,,,,,110.276932,24.855263
灵川县海洋龙母山明心寺,汉语系,释湛空,,广西壮族自治区,桂林市,灵川县,广西壮族自治区桂林市灵川县海洋乡明心寺,,,,,110.576729,25.307091
灵川县潭下佛堂（紫竹庵）,汉语系,黄福秀,,广西壮族自治区,桂林市,灵川县,广西壮族自治区桂林市灵川县潭下镇圩上民主街54号,,,,,110.289299,25.452843
灵川县青狮潭金山禅院,汉语系,释离缘,,广西壮族自治区,桂林市,灵川县,广西壮族自治区桂林市灵川县九屋镇金山禅院,,,,,110.250015,25.513680
龙胜县东莲觉苑,汉语系,侯光前,,广西壮族自治区,桂林市,龙胜各族自治县,广西壮族自治区桂林市龙胜各族自治县泗水乡八滩村里排组,,,,,110.131882,25.891401
龙胜县仁寿庵,汉语系,李芳继,,广西壮族自治区,桂林市,龙胜各族自治县,广西壮族自治区桂林市龙胜各族自治县都坪村都坪组,,,,,109.937759,25.791021
龙胜县兴佛寺,汉语系,洪德坤,,广西壮族自治区,桂林市,龙胜各族自治县,广西壮族自治区桂林市龙胜各族自治县泗水乡里茶村茶洞组,,,,,110.057281,25.835821
龙胜县宝光寺,汉语系,沈大良,,广西壮族自治区,桂林市,龙胜各族自治县,广西壮族自治区桂林市龙胜各族自治县三门镇鸡爪村上朗组,,,,,109.851379,25.630482
龙胜县广华寺,汉语系,侯吉德,,广西壮族自治区,桂林市,龙胜各族自治县,广西壮族自治区桂林市龙胜各族自治县瓢里镇上塘村拉坝组,,,,,109.866562,25.833961
龙胜县归仁洞,汉语系,杨成,,广西壮族自治区,桂林市,龙胜各族自治县,广西壮族自治区桂林市龙胜各族自治县乐江乡光明村光明一组（将军岩）,,,,,109.903267,25.948801
龙胜县罗佛庵,汉语系,崔成安,,广西壮族自治区,桂林市,龙胜各族自治县,广西壮族自治区桂林市龙胜各族自治县泗水乡里茶村萝卜滩组,,,,,110.057281,25.835821
龙胜县胜利寺,汉语系,赖家胜,,广西壮族自治区,桂林市,龙胜各族自治县,广西壮族自治区桂林市龙胜各族自治县瓢里镇思陇村三寨组,,,,,109.770973,25.853752
龙胜县裕华寺,汉语系,谭显恩,,广西壮族自治区,桂林市,龙胜各族自治县,广西壮族自治区桂林市龙胜各族自治县三门镇洪寨村下龙组,,,,,109.840927,25.719160
龙胜县龙头寺,汉语系,白善仁,,广西壮族自治区,桂林市,龙胜各族自治县,广西壮族自治区桂林市龙胜各族自治县龙胜镇勒黄村勒黄组,,,,,109.972839,25.802801
平乐县印山寺,汉语系,释大广,1993-08-01,广西壮族自治区,桂林市,平乐县,广西壮族自治区桂林市平乐县平乐镇南佛村,,,,,110.636871,24.644640
桂林市栖霞禅寺,汉语系,待定,1988-02-29,广西壮族自治区,桂林市,七星区,广西壮族自治区桂林市七星区七星公园内,,,,,110.312798,25.272200
桂林市祝圣寺,汉语系,释乾敬,1995-12-20,广西壮族自治区,桂林市,七星区,广西壮族自治区桂林市七星区朝阳西路80号,,,,,110.321579,25.268610
全州县宝鼎寿佛寺,汉语系,释怀信,,广西壮族自治区,桂林市,全州县,广西壮族自治区桂林市全州县才湾镇五福村委,,,,,110.955780,25.935751
全州县才湾观音庵,汉语系,释宝庆,,广西壮族自治区,桂林市,全州县,广西壮族自治区桂林市全州县才湾镇永佳洞村,,,,,110.853287,26.054562
全州县湘山天台院,汉语系,释宝庆,,广西壮族自治区,桂林市,全州县,广西壮族自治区桂林市全州县桂黄路17号,,,,,111.071523,25.928646
全州县湘山寺,汉语系,释容平,,广西壮族自治区,桂林市,全州县,广西壮族自治区桂林市全州县桂黄路17号,,,,,111.071523,25.928646
兴安县佛音寺,汉语系,释心宽,,广西壮族自治区,桂林市,兴安县,广西壮族自治区桂林市兴安县兴安镇灵渠景区佛音寺,,,,,110.690491,25.598831
兴安县廻龙庵,汉语系,释乾合,2008-09-05,广西壮族自治区,桂林市,兴安县,广西壮族自治区桂林市兴安县华江乡猫儿山景区廻龙庵,,,,,110.476852,25.769020
兴安县飞霞寺,汉语系,释乾合,,广西壮族自治区,桂林市,兴安县,广西壮族自治区桂林市兴安县兴安镇董田村飞霞寺,,,,,110.625420,25.570786
兴安县高峰寺,汉语系,释昌惠,,广西壮族自治区,桂林市,兴安县,广西壮族自治区桂林市兴安县界首镇马路桥村高峰寺,,,,,110.756760,25.726681
桂林市法藏禅寺,汉语系,释正慈,,广西壮族自治区,桂林市,秀峰区,广西壮族自治区桂林市秀峰区西山路2号（西山公园内）,,,,,110.281151,25.282249
桂林市能仁禅寺,汉语系,释宝志,1984-10-01,广西壮族自治区,桂林市,秀峰区,广西壮族自治区桂林市秀峰区丽君路6号能仁禅寺,,,,,110.286598,25.279446
阳朔县南峰寺,汉语系,释乾慈,,广西壮族自治区,桂林市,阳朔县,广西壮族自治区桂林市阳朔县金宝乡红莲村委,南峰寺古称狮形寨，坐落在阳朔县金宝乡狮形山顶峰，占地30亩，四处山清水秀、古木参天，寺内如来、观音、十八罗汉塑像栩栩如生，各种法器一应俱全。据寺内老僧人介绍，此处在盛唐时期即有庙址，后历经千年沧桑，于清朝道光二十四年（公元1844年）正式建寺,,,,110.318703,24.774672
阳朔县紫竹林庵,汉语系,释良开,,广西壮族自治区,桂林市,阳朔县,广西壮族自治区桂林市阳朔县金宝乡长乐村委龙珠寨村,,,,,110.350891,24.763182
阳朔县腾蛟庵,汉语系,释能春,,广西壮族自治区,桂林市,阳朔县,广西壮族自治区桂林市阳朔县兴坪镇渔村村委漓江滨弗禄山,,,,,110.521713,24.916021
阳朔县鉴山寺,汉语系,释乾慈,,广西壮族自治区,桂林市,阳朔县,广西壮族自治区桂林市阳朔县高田镇凤楼村委云集山,,,,,110.487328,24.730461
永福县凤山澄心寺,汉语系,袁瑞春,2003-09-23,广西壮族自治区,桂林市,永福县,广西壮族自治区桂林市永福县城凤山公园,,,,,109.987007,24.984491
永福县苏桥镇西登寺,汉语系,韦金弟,1996-10-04,广西壮族自治区,桂林市,永福县,广西壮族自治区桂林市永福县苏桥镇石门村榕树屯,,,,,109.996819,25.074781
资源县天宫寺,汉语系,邓柏常,1997-10-01,广西壮族自治区,桂林市,资源县,广西壮族自治区桂林市资源县梅溪乡大坨村八角寨,,,,,110.732330,26.273968
资源县天门寺,汉语系,莫振刚,,广西壮族自治区,桂林市,资源县,广西壮族自治区桂林市资源县资源镇永兴村神仙寨,,,,,110.654320,26.114441
资源县平安寺,汉语系,罗述明,,广西壮族自治区,桂林市,资源县,广西壮族自治区桂林市资源县中峰乡中峰村花果桥村民小组,,,,,110.632011,25.942350
资源县降龙庵,汉语系,周良玉,,广西壮族自治区,桂林市,资源县,广西壮族自治区桂林市资源县梅溪乡大坨村八角寨,,,,,110.732330,26.273968
巴马县青云寺,汉语系,释宗妙,,广西壮族自治区,河池市,巴马瑶族自治县,广西壮族自治区河池市巴马瑶族自治县所略乡甲略村盘见二队,,,,,107.038933,24.047832
大化县莲花山佛教活动场所,汉语系,韦统明,,广西壮族自治区,河池市,大化瑶族自治县,广西壮族自治区河池市大化瑶族自治县都阳镇双福村上林屯,,,,,107.641792,24.063272
大化县那渡山弥陀寺,汉语系,释慧明,,广西壮族自治区,河池市,大化瑶族自治县,广西壮族自治区河池市大化瑶族自治县那渡山弥陀寺,,,,,107.982132,23.732580
大化县金刚精舍,汉语系,黄雷华,,广西壮族自治区,河池市,大化瑶族自治县,广西壮族自治区河池市大化瑶族自治县兴化路同德巷,,,,,107.998140,23.736400
大化县龙口禅寺,汉语系,周韶光,,广西壮族自治区,河池市,大化瑶族自治县,广西壮族自治区河池市大化瑶族自治县大化镇龙口村,,,,,107.968697,23.670410
都安县安宁寺,汉语系,释昇舟,,广西壮族自治区,河池市,都安瑶族自治县,广西壮族自治区河池市都安瑶族自治县安阳镇新老街,,,,,108.104454,23.928583
都安县宝塔寺,汉语系,释印智,,广西壮族自治区,河池市,都安瑶族自治县,广西壮族自治区河池市都安瑶族自治县安阳镇和兴街,,,,,108.104454,23.928583
都安县高岭高阳寺,汉语系,释昇舟,,广西壮族自治区,河池市,都安瑶族自治县,广西壮族自治区河池市都安瑶族自治县高岭镇高岭街,,,,,108.056381,24.059040
都安安福寺,汉语系,释道宏,,广西壮族自治区,河池市,都安瑶族自治县,广西壮族自治区河池市都安瑶族自治县地苏乡新苏村,,,,,108.032547,23.928020
河池市金城江区凤凰寺,汉语系,陆秀琼,,广西壮族自治区,河池市,金城江区,广西壮族自治区河池市金城江区侧岭乡塘甫村拉岜柱屯,,,,,107.794487,24.830841
河池市金城江区天佛寺,汉语系,龙秋荣,,广西壮族自治区,河池市,金城江区,广西壮族自治区河池市金城江区六圩镇岜烈村岜列屯泰华山,,,,,107.990181,24.706762
罗城县丰安寺,汉语系,释禅一,,广西壮族自治区,河池市,罗城仫佬族自治县,广西壮族自治区河池市罗城仫佬族自治县小长安镇小长安社区丰安山,,,,,109.047363,24.880320
罗城县多吉寺,汉语系,释明善,,广西壮族自治区,河池市,罗城仫佬族自治县,广西壮族自治区河池市罗城仫佬族自治县东门镇凤凰社区凤凰山,,,,,108.896965,24.781649
南丹县弥陀禅寺,汉语系,释体果,2001-05-25,广西壮族自治区,河池市,南丹县,广西壮族自治区河池市南丹县城关镇莲城社区拉野湾,,,,,107.539574,24.976969
南丹县明缘禅寺,汉语系,释法宝,,广西壮族自治区,河池市,南丹县,广西壮族自治区河池市南丹县芒场镇拉麻村白岩屯,,,,,107.516380,25.135492
南丹县观音禅寺,汉语系,释道仁,,广西壮族自治区,河池市,南丹县,广西壮族自治区河池市南丹县大厂镇大厂村朝阳屯龙神坳,,,,,107.568871,24.833530
宜州市云深寺,汉语系,释广奎,,广西壮族自治区,河池市,宜州市,广西壮族自治区宜州市北牙乡保安村多灵山,,,,,108.271858,24.471062
宜州市太阳寺,汉语系,释广苏,,广西壮族自治区,河池市,宜州市,广西壮族自治区宜州市庆远镇六坡村峡口屯,,,,,108.669357,24.464590
宜州市石别镇狮岩寺,汉语系,释宏妙,,广西壮族自治区,河池市,宜州市,广西壮族自治区宜州市石别镇永定村加麦屯,,,,,108.625549,24.288919
宜州市紫云寺,汉语系,释法宏,,广西壮族自治区,河池市,宜州市,广西壮族自治区宜州市庆远镇刘三姐音乐喷泉广场,,,,,108.654984,24.500090
宜州市西竺寺,汉语系,释来光,,广西壮族自治区,河池市,宜州市,广西壮族自治区宜州市刘三姐乡良村大村屯,,,,,108.618279,24.536442
宜州市长流寺,汉语系,释宏妙,,广西壮族自治区,河池市,宜州市,广西壮族自治区宜州市屏南乡屏南社区甫村屯,,,,,108.897858,24.372730
贺州市峡山飞来寺,汉语系,罗绍武,,广西壮族自治区,贺州市,八步区,广西壮族自治区贺州市八步区合面狮坝首上游贺江两岸,,,,,111.559341,24.418322
贺州市秀峰寺,汉语系,陈瑞妮,,广西壮族自治区,贺州市,八步区,广西壮族自治区贺州市八步区莲塘镇百花村,,,,,111.646507,24.419321
贺州市高广寺,汉语系,何海章,,广西壮族自治区,贺州市,八步区,广西壮族自治区贺州市平桂管理区黄田镇高广寺,,,,,111.543633,24.432211
富川县弘扬寺,汉语系,高升明,,广西壮族自治区,贺州市,富川瑶族自治县,广西壮族自治区贺州市富川瑶族自治县富阳镇沙汪村委西安村,,,,,111.303551,24.844643
富川县锁水寺,汉语系,释高行,,广西壮族自治区,贺州市,富川瑶族自治县,广西壮族自治区贺州市富川瑶族自治县城北镇凤岭村委凤溪村,,,,,111.236557,24.918192
钟山县回龙镇东寨狮子庵,汉语系,释缘禅,,广西壮族自治区,贺州市,钟山县,广西壮族自治区贺州市钟山县回龙镇东寨村棚肚山内,,,,,111.284813,24.406891
武宣县万寿寺,汉语系,麦德林,,广西壮族自治区,来宾市,武宣县,广西壮族自治区来宾市武宣县武宣镇下北街47号,,,,,109.656522,23.594772
象州县东山寺,汉语系,韦秀芝,,广西壮族自治区,来宾市,象州县,广西壮族自治区来宾市象州县象州镇东岗大道,,,,,109.697197,23.959021
象州县百丈雷山寺,汉语系,谭梅仙,,广西壮族自治区,来宾市,象州县,广西壮族自治区来宾市象州县百丈乡大满村委大满村,,,,,109.928574,23.963291
忻城县城关弥陀净苑,汉语系,释传继,,广西壮族自治区,来宾市,忻城县,广西壮族自治区来宾市忻城县城关镇东安街三巷7号,,,,,108.677063,24.062750
忻城县思练镇飞马寺,汉语系,候国英,,广西壮族自治区,来宾市,忻城县,广西壮族自治区来宾市忻城县思练镇马鞍山,,,,,108.909912,24.032822
忻城县欧洞乡龙都寺,汉语系,覃素妹,,广西壮族自治区,来宾市,忻城县,广西壮族自治区来宾市忻城县欧洞乡欧洞街,,,,,108.828484,24.273661
忻城县通天寺,汉语系,释轮贤,1997-04-22,广西壮族自治区,来宾市,忻城县,广西壮族自治区来宾市忻城县城关镇翠屏山,,,,,108.676025,24.062630
来宾市兴宾区古三开元寺,汉语系,梁广著,,广西壮族自治区,来宾市,兴宾区,广西壮族自治区来宾市区城北街道古三社区古三村,,,,,109.227692,23.748892
来宾市兴宾区龙洞寺,汉语系,释延檄,2006-03-30,广西壮族自治区,来宾市,兴宾区,广西壮族自治区来宾市兴宾区龙洞山,,,,,109.206543,23.688221
来宾市康宁寺,汉语系,麦德林,2007-04-19,广西壮族自治区,来宾市,兴宾区,广西壮族自治区来宾市兴宾区大桥路金海公园内,,,,,109.218979,23.710720
柳州市文殊寺,汉语系,释圣因,2008-02-01,广西壮族自治区,柳州市,城中区,广西壮族自治区柳州市城中区河东办事处牛车坪村,,,,,109.468597,24.368771
柳州市西来寺,汉语系,释广参,2013-07-09,广西壮族自治区,柳州市,城中区,广西壮族自治区柳州市雅儒路西一巷67号,,,,,109.404240,24.315700
柳城县东泉文岩寺,汉语系,释广伍,,广西壮族自治区,柳州市,柳城县,广西壮族自治区柳州市柳城县东泉镇螺田村文岩屯,,,,,109.488144,24.546890
柳城县东泉飞鹅寺,汉语系,释清吉,,广西壮族自治区,柳州市,柳城县,广西壮族自治区柳州市柳城县东泉镇大樟村,,,,,109.512283,24.560843
柳城县凤山开山寺,汉语系,释明辉,,广西壮族自治区,柳州市,柳城县,广西壮族自治区柳州市柳城县凤山镇对河村,,,,,109.269279,24.545301
柳城县太平安乐寺,汉语系,释传性,2006-04-10,广西壮族自治区,柳州市,柳城县,广西壮族自治区柳州市柳城县太平镇安乐村安乐屯,,,,,109.354523,24.740730
柳江县洛满观音禅寺,汉语系,释圣因,,广西壮族自治区,柳州市,柳江县,广西壮族自治区柳州市柳江县洛满镇洛满街,,,,,109.197891,24.413982
柳州市罗汉寺,汉语系,释弘振,,广西壮族自治区,柳州市,马鞍山市,广西壮族自治区柳州市马鞍山罗汉寺,,,,,109.415527,24.301247
融安县镇安寺,汉语系,释智甜,2001-11-06,广西壮族自治区,柳州市,融安县,广西壮族自治区柳州市融安县长安镇和寨屯,,,,,109.410645,25.225353
融水县老子山寿星寺,汉语系,释智湛,,广西壮族自治区,柳州市,融水县,广西壮族自治区柳州市融水县老子山寿星寺,,,,,109.248253,25.057602
三江县乐善寺,汉语系,释耀林,,广西壮族自治区,柳州市,三江县,广西壮族自治区柳州市三江县良口乡河里村南寨屯,,,,,109.409119,25.702261
三江县廻龙寺,汉语系,释乾福,,广西壮族自治区,柳州市,三江县,广西壮族自治区柳州市三江县林溪乡冠洞村枫木屯,,,,,109.657410,25.856728
三江县福禄寺,汉语系,释耀林,,广西壮族自治区,柳州市,三江县,广西壮族自治区柳州市三江县古宜镇河东凉亭界,,,,,109.609108,25.782421
三江县香林寺,汉语系,释真缘,,广西壮族自治区,柳州市,三江县,广西壮族自治区柳州市三江县古宜镇大洲村,,,,,109.594101,25.772993
三江县龙林寺,汉语系,莫妹小,,广西壮族自治区,柳州市,三江县,广西壮族自治区柳州市三江县古宜镇周北村瓦窑屯,,,,,109.651863,25.779663
柳州市开元寺,汉语系,李进,,广西壮族自治区,柳州市,鱼峰区,广西壮族自治区柳州市鱼峰区柳石路西七巷289号,,,,,109.437691,24.267920
柳州市灵泉寺,汉语系,释诚敏,2010-04-08,广西壮族自治区,柳州市,鱼峰区,广西壮族自治区柳州市乐群路北一巷29号,,,,,109.412079,24.298420
宾阳县黎塘镇龙岩寺,汉语系,释灯鑫,,广西壮族自治区,南宁市,宾阳县,广西壮族自治区南宁市宾阳县黎塘公园内,,,,,109.136185,23.202494
横县宝华山应天寿佛寺,汉语系,释慧行,,广西壮族自治区,南宁市,横县,广西壮族自治区南宁市横县那阳镇六旺村,,,,,109.287491,22.624401
横县横州佛教活动点,汉语系,梁翠容,,广西壮族自治区,南宁市,横县,广西壮族自治区南宁市横县横州镇江北路西二巷26－3号,,,,,109.271140,22.681710
广西佛教协会天宁寺,汉语系,释成清,1995-10-10,广西壮族自治区,南宁市,江南区,广西壮族自治区南宁市友谊路78号,天宁寺为始建于唐朝开元十四年（公元726年）的龙兴寺，是南宁创建年代最早的佛教寺院之一，距今已有1280年的历史了。明朝洪武年间（1368-1398）改称天宁寺，并一直沿袭至今,,,,108.293960,22.772220
马山县佛教居士林,汉语系,蓝善山,1994-07-09,广西壮族自治区,南宁市,马山县,广西壮族自治区南宁市马山县白山镇西华街451号,,,,,108.176163,23.707541
马山县古零镇弄拉普陀寺,汉语系,释永乐,2012-02-20,广西壮族自治区,南宁市,马山县,广西壮族自治区马山县古零镇,,,,,108.320099,23.632843
马山县古零镇灵阳寺,汉语系,释传灯,1995-12-26,广西壮族自治区,南宁市,马山县,广西壮族自治区南宁市马山县古零镇丹入屯,,,,,108.310638,23.643141
马山县圆觉寺,汉语系,释纯照,,广西壮族自治区,南宁市,马山县,广西壮族自治区南宁市马山县白山镇内昂路西二巷龙港山,,,,,108.154732,23.708883
南宁市水月庵,汉语系,释性空,,广西壮族自治区,南宁市,青秀区,广西壮族自治区南宁市青秀区凤岭南路6号青秀山风景区内,,,,,108.388634,22.787050
南宁市观音禅寺,汉语系,释镛如,2003-12-28,广西壮族自治区,南宁市,青秀区,广西壮族自治区南宁市青秀区凤岭南路6号青秀山风景区内,,,,,108.388634,22.787050
上林县三教寺,汉语系,释清佛,2000-12-06,广西壮族自治区,南宁市,上林县,广西壮族自治区南宁市上林县大丰镇正街,,,,,108.596283,23.432899
上林县三里镇观音阁,汉语系,释明善,1988-12-06,广西壮族自治区,南宁市,上林县,广西壮族自治区南宁市上林县三里镇南街,,,,,108.725853,23.525391
上林县法性寺,汉语系,释梵原,,广西壮族自治区,南宁市,上林县,广西壮族自治区南宁市上林县大丰镇东春村,,,,,108.591400,23.429913
上林县莲音寺,汉语系,释昌峰,,广西壮族自治区,南宁市,上林县,广西壮族自治区南宁市上林县大丰镇木棉水库,,,,,108.590958,23.434832
钦州市宝莲寺,汉语系,陈锡鑫,,广西壮族自治区,钦州市,,广西壮族自治区钦州市林湖森公园,,,,,108.632790,22.030605
灵山县武利青云寺,汉语系,释隆曼,,广西壮族自治区,钦州市,灵山县,广西壮族自治区钦州市灵山县武利镇,,,,,109.239723,22.163172
灵山县观音寺,汉语系,释昌一,,广西壮族自治区,钦州市,灵山县,广西壮族自治区钦州市灵山县灵城镇,,,,,109.301018,22.424595
浦北县张黄越州寺,汉语系,王禄其,,广西壮族自治区,钦州市,浦北县,广西壮族自治区浦北县张黄镇屈头岭,,,,,109.460228,22.007841
浦北县泉水三宝寺,汉语系,苏凤,2003-09-15,广西壮族自治区,钦州市,浦北县,广西壮族自治区浦北县泉水旧州村委,,,,,109.465073,21.910973
浦北县龙门震龙寺,汉语系,胡正根,,广西壮族自治区,钦州市,浦北县,广西壮族自治区浦北县龙门镇塘田村委,,,,,109.402779,22.139582
岑溪市岑城甘冲念佛堂,汉语系,刘振兰,,广西壮族自治区,梧州市,岑溪市,广西壮族自治区岑溪市岑城镇甘冲村,,,,,110.992249,22.923552
蒙山县安翎寺,汉语系,何燕芬,,广西壮族自治区,梧州市,蒙山县,广西壮族自治区梧州市蒙山县蒙山镇回龙村,,,,,110.532173,24.176472
蒙山县永安寺,汉语系,黄中兰,1995-10-28,广西壮族自治区,梧州市,蒙山县,广西壮族自治区梧州市蒙山县蒙山镇鳌山脚,,,,,110.524918,24.198092
蒙山县觉宽寺,汉语系,陈静元,,广西壮族自治区,梧州市,蒙山县,广西壮族自治区梧州市蒙山县文圩镇大明村,,,,,110.530334,24.136242
藤县太平狮山宁风寺,汉语系,莫桂文,,广西壮族自治区,梧州市,藤县,广西壮族自治区梧州市藤县太平镇七政村龙屈村,,,,,110.739624,23.653612
梧州市四恩寺,汉语系,释成清,,广西壮族自治区,梧州市,万秀区,广西壮族自治区梧州市万秀区石鼓路（白云山风景区内）1号,,,,,111.333054,23.484051
梧州市西竺园,汉语系,释成清,,广西壮族自治区,梧州市,万秀区,广西壮族自治区梧州市岗岭路四级240号,,,,,111.315872,23.481499
梧州市长洲区东华佛堂,汉语系,释成清,,广西壮族自治区,梧州市,长洲区,广西壮族自治区梧州市长洲区长洲镇龙平村东华山,,,,,111.231529,23.456720
玉林市宝相寺,汉语系,释荣波,,广西壮族自治区,玉林市,,广西壮族自治区玉林市茂林镇鹿峰村,,,,,110.271629,22.659012
北流市佛光寺,汉语系,赵胜,,广西壮族自治区,玉林市,北流市,广西壮族自治区北流市塘岸镇金城村二组,,,,,110.265999,22.621653
北流市兴善寺,汉语系,苏家全,,广西壮族自治区,玉林市,北流市,广西壮族自治区北流市大兴路60号,,,,,110.353830,22.705010
北流市勾漏寺,汉语系,待定,,广西壮族自治区,玉林市,北流市,广西壮族自治区北流市北流镇勾漏洞风景区内,,,,,110.391937,22.736959
北流市华禅寺,汉语系,李祖容,,广西壮族自治区,玉林市,北流市,广西壮族自治区北流市北流镇印塘村后山金龟岭,,,,,110.366920,22.723280
北流市宝积佛堂,汉语系,覃庭岩,,广西壮族自治区,玉林市,北流市,广西壮族自治区北流市大里镇林垌村豆肚田组,,,,,110.174683,22.773092
北流市献寿寺,汉语系,赵锦华,,广西壮族自治区,玉林市,北流市,广西壮族自治区北流市塘岸镇金城村1组,,,,,110.265999,22.621653
北流市积善佛堂,汉语系,卓明凤,,广西壮族自治区,玉林市,北流市,广西壮族自治区北流市大里镇上马石村,,,,,110.149803,22.732450
博白县江宁三宝寺,汉语系,黄明芳,2004-05-15,广西壮族自治区,玉林市,博白县,广西壮族自治区玉林市博白县江宁镇四联村,,,,,109.583931,22.109463
玉林市成均镇兴华寺,汉语系,杨成清,,广西壮族自治区,玉林市,福绵区,广西壮族自治区玉林市福绵区成均镇,,,,,109.993507,22.573271
玉林市成均镇宝光佛殿,汉语系,文统程,,广西壮族自治区,玉林市,福绵区,广西壮族自治区玉林市福绵区成均镇,,,,,109.993507,22.573271
玉林市江口水库龙华佛殿,汉语系,陈德荣,,广西壮族自治区,玉林市,福绵区,广西壮族自治区玉林市福绵区成均镇,,,,,109.993507,22.573271
玉林市福绵镇中坡佛殿,汉语系,释心愿,,广西壮族自治区,玉林市,福绵区,广西壮族自治区玉林市福绵区福绵镇,,,,,110.054153,22.586813
玉林市福绵镇普光佛殿,汉语系,谢代英,,广西壮族自治区,玉林市,福绵区,广西壮族自治区玉林市福绵区福绵镇,,,,,110.054153,22.586813
玉林市福绵镇福莲佛殿,汉语系,黎定萍,,广西壮族自治区,玉林市,福绵区,广西壮族自治区玉林市福绵区福绵镇,,,,,110.054153,22.586813
陆川县佛教居士林,汉语系,吕焕清,,广西壮族自治区,玉林市,陆川县,广西壮族自治区玉林市陆川县米场镇根山村,,,,,110.257919,22.412622
容县云溪寺,汉语系,释成开,,广西壮族自治区,玉林市,容县,广西壮族自治区玉林市容县都峤山风景区1号,,,,,110.647583,22.820982
容县妙音寺,汉语系,释会空,,广西壮族自治区,玉林市,容县,广西壮族自治区玉林市容县六王镇必塘岭,,,,,110.751259,22.802011
容县石头集福寺,汉语系,莫阳钊,,广西壮族自治区,玉林市,容县,广西壮族自治区玉林市容县石头镇和衷平山垌,,,,,110.347343,23.018162
容县都峤山庆寿岩禅寺,汉语系,韦基恒,,广西壮族自治区,玉林市,容县,广西壮族自治区玉林市容县都峤山风景区1号,,,,,110.647583,22.820982
兴业县八八功德佛殿,汉语系,庞普明,,广西壮族自治区,玉林市,兴业县,广西壮族自治区玉林市兴业县石南镇凤山村,,,,,109.918068,22.709261
兴业县华龙寺,汉语系,甘远荣,,广西壮族自治区,玉林市,兴业县,广西壮族自治区玉林市兴业县城隍镇龙泉岩,,,,,109.757858,22.608149
兴业县同兴佛殿,汉语系,林国兴,,广西壮族自治区,玉林市,兴业县,广西壮族自治区玉林市兴业县高峰镇大同村,,,,,109.949280,23.008081
兴业县宝华佛殿,汉语系,杨来善,,广西壮族自治区,玉林市,兴业县,广西壮族自治区玉林市兴业县龙安镇杨前村,,,,,110.006348,22.721441
兴业县崇善佛殿,汉语系,钟业琼,,广西壮族自治区,玉林市,兴业县,广西壮族自治区玉林市兴业县小平山镇崇善村,,,,,110.082161,22.802553
兴业县弘法寺,汉语系,刘学辉,,广西壮族自治区,玉林市,兴业县,广西壮族自治区玉林市兴业县卖酒镇卖酒村,,,,,110.082840,22.769411
兴业县竹林佛殿,汉语系,罗善芬,,广西壮族自治区,玉林市,兴业县,广西壮族自治区玉林市兴业县卖酒镇竹沙村,,,,,110.022270,22.807453
兴业县观音佛殿,汉语系,蓝东成,,广西壮族自治区,玉林市,兴业县,广西壮族自治区玉林市兴业县石南镇富阳村,,,,,109.865509,22.756029
兴业县镇龙佛殿,汉语系,戴祖禧,,广西壮族自治区,玉林市,兴业县,广西壮族自治区玉林市兴业县葵阳镇安东村,,,,,109.858223,22.662611
兴业县风锣寺,汉语系,温德仁,,广西壮族自治区,玉林市,兴业县,广西壮族自治区玉林市兴业县高峰镇太平村,,,,,109.917992,22.949743
玉林市东井园,汉语系,释荣波,,广西壮族自治区,玉林市,玉州区,广西壮族自治区玉林市江滨路35号,,,,,110.171250,22.628070
玉林市玉州区地藏佛殿,汉语系,陈占才,,广西壮族自治区,玉林市,玉州区,广西壮族自治区玉林市玉州区玉城街道新民社区,,,,,110.141006,22.620249
玉林市玉州区宝林佛殿,汉语系,庞善权,,广西壮族自治区,玉林市,玉州区,广西壮族自治区玉林市玉州区名山街道硃砂村,,,,,110.168121,22.693121
玉林市玉州区宝莲佛殿,汉语系,释门慧（周道来）,,广西壮族自治区,玉林市,玉州区,广西壮族自治区玉林市玉州区仁东镇大路村,,,,,110.082954,22.656353
玉林市玉州区广慈佛殿,汉语系,胡宗芹,,广西壮族自治区,玉林市,玉州区,广西壮族自治区玉林市玉州区南江街道广恩村,,,,,110.114990,22.586042
玉林市玉州区林村宝山斋,汉语系,王泽茂,,广西壮族自治区,玉林市,玉州区,广西壮族自治区玉林市玉州区城西街道林村,,,,,110.137634,22.657921
玉林市玉州区永莲佛殿,汉语系,钟文强,,广西壮族自治区,玉林市,玉州区,广西壮族自治区玉林市玉州区仁东镇中庞村,,,,,110.095253,22.658281
玉林市玉州区碧莲佛殿,汉语系,陈能森,,广西壮族自治区,玉林市,玉州区,广西壮族自治区玉林市玉州区仁厚镇仁厚村,,,,,110.056122,22.639612
玉林市玉州区绿杨宝山斋,汉语系,覃一玲,,广西壮族自治区,玉林市,玉州区,广西壮族自治区玉林市玉州区名山街道绿杨村,,,,,110.168854,22.658152
玉林市玉州区莲花佛殿,汉语系,禤美荣,,广西壮族自治区,玉林市,玉州区,广西壮族自治区玉林市玉州区城北街道寒山村,,,,,110.113968,22.736301
玉林市玉州区观音佛殿,汉语系,吴振芳,,广西壮族自治区,玉林市,玉州区,广西壮族自治区玉林市玉州区南江街道竹美社区,,,,,110.148697,22.613232
玉林市玉州区谷山宝山斋,汉语系,杨世开,,广西壮族自治区,玉林市,玉州区,广西壮族自治区玉林市玉州区城北街道谷山村,,,,,110.146431,22.665243
玉林市玉州区雪莲佛殿,汉语系,邹伟坤,,广西壮族自治区,玉林市,玉州区,广西壮族自治区玉林市玉州区仁厚镇铁匠村,,,,,110.037987,22.631021
玉林市玉州区鬱州居士林,汉语系,钟文强,,广西壮族自治区,玉林市,玉州区,广西壮族自治区玉林市玉州区南江街道镇忠社区马鞍山,,,,,110.172104,22.616892
云台山寺,汉语系,释妙善,,贵州省,安顺市,,贵州省安顺市开发区西航办破木村,,,,,105.857582,26.242863
玉林寺,汉语系,金林秀,,贵州省,安顺市,,贵州省安顺市开发区西航办破木村,,,,,105.857582,26.242863
法源寺,汉语系,释华祥,年代不详,贵州省,安顺市,平坝县,贵州省安顺市平坝县城关镇杨家坝,法源寺原名东岳庙，位于平坝县城内塔山脚下，约建于明末清初，史载：“该寺旧毁于兵，康熙九年、乾隆二十六年、光绪初年历次修葺。有前殿后殿各三间及两边厢房。”,,,,106.262909,26.408749
金鳌山广源寺,汉语系,释佛德,,贵州省,安顺市,平坝县,贵州省安顺市平坝县夏云镇江西村,,,,,106.303429,26.417162
静修庵,汉语系,释心平,,贵州省,安顺市,平坝县,贵州省安顺市平坝县夏云镇桥上村,,,,,106.305809,26.433130
香吉寺,汉语系,释相信,,贵州省,安顺市,平坝县,贵州省安顺市平坝县夏云镇小山村,,,,,106.342430,26.433981
玉真山寺,汉语系,释莲海,年代不详,贵州省,安顺市,普定县,贵州省安顺市普定县马官镇玉屯村,玉真山寺，位于普定县城南14公里的马官镇玉屯村的玉真山巅，海拔高度1300米，从山脚至山顶寺门，原有石阶500余级，一边有石栏杆，弯环曲折，盘旋至顶；普定县人民政府于1981年7月，公布玉真山寺为县级文物保护单位。,,,,105.752357,26.197498
东华山寺,汉语系,释演吉,,贵州省,安顺市,普定县,贵州省安顺市普定县城关镇东华山寺,,,,,105.745491,26.308960
仙人寺,汉语系,郑方雄,,贵州省,安顺市,普定县,贵州省安顺市普定县化处镇化处街上,,,,,105.635651,26.220863
净佛寺,汉语系,释佛心,,贵州省,安顺市,普定县,贵州省安顺市普定县马官镇余官村,,,,,105.798698,26.210932
培风寺,汉语系,释果新,,贵州省,安顺市,普定县,贵州省安顺市普定县城关镇新堡村,,,,,105.745468,26.246250
天龙山寺,汉语系,释演宣,,贵州省,安顺市,普定县,贵州省安顺市普定县马官镇下坝村,,,,,105.758728,26.241310
广觉寺,汉语系,释佛椗,,贵州省,安顺市,普定县,贵州省安顺市普定县马官镇马官村,,,,,105.755867,26.215162
狮子山寺,汉语系,徐正国,,贵州省,安顺市,普定县,贵州省安顺市普定县化处镇狮子山村,,,,,105.638931,26.227743
翠云山寺,汉语系,金钟,,贵州省,安顺市,普定县,贵州省安顺市普定县马场镇马场村,,,,,105.554939,26.320543
龙华寺,汉语系,释能安,,贵州省,安顺市,普定县,贵州省安顺市普定县城关镇朝阳路,,,,,105.750710,26.310619
东林寺,汉语系,释通睿,明朝万历年间,贵州省,安顺市,西秀区,贵州省安顺市西秀区共和路134号,坐落在贵州安顺市城东南隅南水关段贯城河畔东，始建于明万历年间，旧称：东岳庙。经清康熙、乾隆、嘉庆、道光历朝扩建捐修，始建成一门三院三殿且依山势层层而上之规模，位居安顺三大寺院之列。其建筑奇特，高低错落，精妙绝伦。,,,,105.965330,26.245320
圆通寺,汉语系,释通睿,年代不详,贵州省,安顺市,西秀区,贵州省安顺市西秀区中华南路塔山广场,坐落在安顺城区西南隅西秀山下，始建于1274年，是安顺城建城前三大元代建筑（钟鼓楼、西秀山塔、圆通寺）之一。初建时仅一门一院一殿，供奉圆通观音大士，明初毁于兵戒。明洪武十八年（1385）重修扩建，占地三十余亩、三进两殿一楼、屋宇百间的宏敞规模。后历经明、清两朝历次重修维建，成为安顺三大寺院（圆通寺、崇贞寺、东岳庙）之首，为西南、东南亚佛教圣地，香火鼎盛，声名远播。,,,,105.933830,26.240971
云鹫山寺,汉语系,释华兴,明代,贵州省,安顺市,西秀区,贵州省安顺市西秀区七眼桥镇云山村,云鹫山寺位于贵州省安顺市的云鹫山上，寺以山而得名。该寺始建于明代，清代觉纯法师曾予重建。1981年，在莲净法师带领下再次进行修葺。现有山门、伽蓝殿、大雄宝殿、斋堂、客堂及僧寮等建筑。寺内最独特的建筑为华严阁，四面三层，建于两块巨石之上。寺内珍藏佛经五部。庭中植有荷叶树一株。,,,,106.087914,26.289951
龙泉寺,汉语系,释演忠,,贵州省,安顺市,西秀区,贵州省安顺市西秀区宁谷镇上苑村,西秀区宁谷镇就有一古刹叫龙泉寺。龙泉寺建在龙泉山，龙泉山坐落在龙泉村，龙泉村是自然村寨。村子里很多人都知道龙泉寺的传说。清朝初年有一对看风水的师徒，分别从四川和福建出发寻找“龙脉”。先生找到“龙脉之穴”后，埋下一枚铜钱，徒弟后至，也找到“龙脉之穴”，以铁针刺入。很巧，铁针则好插入铜钱之方孔。此事传出后，当地民众集资建起了“龙钱寺”，久而久之，“龙钱寺”就叫成了“龙泉寺”。,,,,105.992264,26.206001
刘官乡回龙寺,汉语系,释圆天,,贵州省,安顺市,西秀区,贵州省安顺市西秀区刘官乡嘉穗村,,,,,106.211258,26.265013
圆照寺,汉语系,释仁德,,贵州省,安顺市,西秀区,贵州省安顺市西秀区大西桥镇大西桥村圆照寺,,,,,106.129288,26.335230
大悲精舍,汉语系,释仁洁,,贵州省,安顺市,西秀区,贵州省安顺市西秀区华西办玉碗村,,,,,105.954002,26.231060
大西桥回龙寺,汉语系,释能觉,,贵州省,安顺市,西秀区,贵州省安顺市西秀区大西桥镇小寨村,,,,,106.126198,26.347092
妙法禅寺,汉语系,释宏盛,,贵州省,安顺市,西秀区,贵州省安顺市西秀区华西办华严村,,,,,105.942909,26.224863
将军山寺,汉语系,释常晴,,贵州省,安顺市,西秀区,贵州省安顺市开发区幺铺镇红旗村,,,,,105.830788,26.169792
来龙寺,汉语系,释能圣,,贵州省,安顺市,西秀区,贵州省安顺市开发区幺铺镇颜旗村,,,,,105.875641,26.184111
清凉禅院,汉语系,释圣果,,贵州省,安顺市,西秀区,贵州省安顺市西秀区七眼镇清凉村,,,,,106.051003,26.258121
清泰庵,汉语系,释圣果,,贵州省,安顺市,西秀区,贵州省安顺市西秀区虹湖路37号,,,,,105.965330,26.245320
灵泉寺,汉语系,释能悟,,贵州省,安顺市,西秀区,贵州省安顺市西秀区中华北路145号,,,,,105.924210,26.250950
狮子山佛兴寺,汉语系,释演祥,,贵州省,安顺市,西秀区,贵州省安顺市开发区幺铺镇大屯村,,,,,105.873367,26.199532
玉佛寺,汉语系,释仁洁,,贵州省,安顺市,西秀区,贵州省安顺市西秀区轿子山镇屯脚村玉佛寺,,,,,105.954941,26.351952
金光寺,汉语系,释通睿,,贵州省,安顺市,西秀区,贵州省安顺市西秀区龙宫镇漩塘村,,,,,105.882790,26.112593
青龙寺,汉语系,释常德,,贵州省,安顺市,西秀区,贵州省安顺市西秀区东关办新哨村,,,,,106.008759,26.273722
青龙寺,汉语系,释演宣,,贵州省,安顺市,西秀区,贵州省安顺市西秀区七眼桥镇本寨村,,,,,106.086304,26.281614
丁旗灵泉寺,汉语系,释宏玺,,贵州省,安顺市,镇宁布依族苗族自治县,贵州省安顺市镇宁布依族苗族自治县丁旗镇三街村,,,,,105.695168,26.138943
丁旗缘山寺,汉语系,释华能,,贵州省,安顺市,镇宁布依族苗族自治县,贵州省安顺市镇宁布依族苗族自治县丁旗镇二街村,,,,,105.693069,26.138222
环翠山唸佛寺,汉语系,释有缘,,贵州省,安顺市,镇宁布依族苗族自治县,贵州省安顺市镇宁布依族苗族自治县城关镇北关村,,,,,105.765099,26.064671
西街接引寺,汉语系,释有缘,,贵州省,安顺市,镇宁布依族苗族自治县,贵州省安顺市镇宁布依族苗族自治县城关镇西一村,,,,,105.761528,26.057838
紫云硐普化禅寺,汉语系,释演宣,,贵州省,安顺市,紫云苗族布依族自治县,贵州省安顺市紫云苗族布依族自治县松山镇团坡村团坡组,,,,,106.075073,25.748241
大佛洞寺,汉语系,黄秀荣,,贵州省,毕节市,大方县,贵州省毕节市百里杜鹃景区金坡乡煤洞场村新窑组,,,,,105.952789,27.157671
妙湛寺,汉语系,释悟禅,,贵州省,毕节市,大方县,贵州省毕节市大方县慕俄格街道办事处北郊社区交通路,,,,,105.607735,27.152040
普照寺,汉语系,释觉智,,贵州省,毕节市,赫章县,贵州省毕节市赫章县白果镇大营村大营组,,,,,104.816650,27.048113
高岩寺,汉语系,罗祖先,年代不详,贵州省,毕节市,金沙县,贵州省毕节市金沙县城关镇大定村长征组,高岩寺，位于贵州省毕节市金沙县鼓场街道大定坡高岩之上，始建于清咸丰元年，于1982年重建，为金沙县19所开放寺庙之一，县级文物保护单位，该寺风景优美，是烧香礼佛、踏青锻炼的好去处。,,,,106.207542,27.456141
仙佛寺,汉语系,蒋大坤,,贵州省,毕节市,金沙县,贵州省毕节市金沙县沙土镇里庄村场口组,,,,,106.609947,27.370682
佛僧洞寺,汉语系,胡和芬,,贵州省,毕节市,金沙县,贵州省毕节市金沙县禹谟镇金坝村上中组,,,,,106.318298,27.371292
佛山寺,汉语系,罗祖珍,年代不详,贵州省,毕节市,金沙县,贵州省毕节市金沙县沙土镇桃园村岩脚村民组,,,,,106.561333,27.406942
八佛寺,汉语系,梁永忠,,贵州省,毕节市,金沙县,贵州省毕节市金沙县沙土镇和群村田清组,,,,,106.577568,27.366602
古佛寺,汉语系,张联辉,,贵州省,毕节市,金沙县,贵州省毕节市金沙县沙土镇天星村马鞍山组,,,,,106.618782,27.387892
天宁寺,汉语系,释心秒,,贵州省,毕节市,金沙县,贵州省毕节市金沙县城关镇旭华村合理组,,,,,106.228317,27.449041
灵江寺,汉语系,曾在伟,,贵州省,毕节市,金沙县,贵州省毕节市金沙县沙土镇敦华社区花滩河组,,,,,106.586853,27.390661
白云寺,汉语系,张贤容,年代不详,贵州省,毕节市,金沙县,贵州省毕节市金沙县西洛乡金槐村白云寺组,,,,,106.230934,27.480673
观音寺,汉语系,冯玉珍,,贵州省,毕节市,金沙县,贵州省毕节市金沙县平坝乡平庄村九组,,,,,106.153122,27.505402
观音寺,汉语系,许洪志,,贵州省,毕节市,金沙县,贵州省毕节市金沙县禹谟镇龙泉社区,,,,,106.333893,27.373972
金钟寺,汉语系,龙定海,,贵州省,毕节市,金沙县,贵州省毕节市金沙县官田乡新光村大丫口组,,,,,106.429207,27.456991
金龙寺,汉语系,蔡德容,,贵州省,毕节市,金沙县,贵州省毕节市金沙县城关镇大定村胜利组,,,,,106.207542,27.456141
普安寺,汉语系,阎朝中,,贵州省,毕节市,金沙县,贵州省毕节市金沙县安底镇桃园村梅家湾村民组二组,,,,,106.442963,27.399063
普照寺,汉语系,李明英,,贵州省,毕节市,金沙县,贵州省毕节市金沙县西洛乡金槐村梨子林组,,,,,106.240433,27.492771
观音寺,汉语系,张怀珍,,贵州省,毕节市,纳雍县,贵州省毕节市纳雍县雍熙镇公园社区,,,,,105.378899,26.773151
龙泉寺,汉语系,韩世珍,,贵州省,毕节市,纳雍县,贵州毕节市纳雍县张家湾镇补仲村龙井组,,,,,105.427147,26.643320
灵峰寺,汉语系,周林奎,年代不详,贵州省,毕节市,七星关区,贵州省毕节市七星关区三板桥办事处灵峰村灵峰组,灵峰山上，灵峰寺。提起闻名遐迩、毕节八亭之首的灵峰仙境，人们总会情不自禁的想起坐落在灵峰仙境上的灵峰寺。又有古寺雄踞八百米高峰，周围山势极像一尊弥勒佛，而灵峰古寺就坐落在弥勒佛的肚皮上。历经数百年，灵峰古寺汇集了自然之灵性和人文思想于一体，其美名响彻乌蒙大帝。让许多贤者和文人骚客留恋和折服，留下了许多的文人墨迹和神奇的传说。灵峰寺四周植被茂盛，因风高路险常被山岚所萦绕，置身其中，却有几分进入仙境之感。,,,,105.244469,27.291151
云台寺,汉语系,简先政,,贵州省,毕节市,七星关区,贵州省毕节市七星关区燕子口镇中沟村云台组,,,,,105.417168,27.606892
亮岩观音寺,汉语系,汪廷志,2013-08-27,贵州省,毕节市,七星关区,贵州省毕节市七星关区亮岩镇亮岩村下街组,,,,,105.480972,27.634153
净心寺,汉语系,张显明,,贵州省,毕节市,七星关区,贵州省毕节市七星关区市东办事处杨家塘社区,,,,,105.304939,27.294121
大吉观音寺,汉语系,熊祥先,,贵州省,毕节市,七星关区,贵州省毕节市七星关区小吉场镇大吉村和平组,,,,,105.541245,27.527582
天灵寺,汉语系,鲁丕荣,,贵州省,毕节市,七星关区,贵州省毕节市七星关区鸭池镇营中村一组,,,,,105.357079,27.268362
居士林,汉语系,赵乃凤,,贵州省,毕节市,七星关区,贵州省毕节市七星关区市东办事处天河社区,,,,,105.286163,27.308825
洗心寺,汉语系,龚明俊,,贵州省,毕节市,七星关区,贵州省毕节市七星关区市西办事处北门社区,,,,,105.286469,27.299183
清水观音寺,汉语系,王少元,2013-07-23,贵州省,毕节市,七星关区,贵州省毕节市七星关区清水铺镇清水村一组,,,,,105.554771,27.666981
紫云寺,汉语系,吕国文,,贵州省,毕节市,七星关区,贵州省毕节市七星关区鸭池镇庙脚村大凹组,,,,,105.337410,27.276443
金竹林观音寺,汉语系,吴学礼,2013-07-04,贵州省,毕节市,七星关区,贵州省毕节市七星关区阿市乡中寨村金竹林组,,,,,105.628517,27.611021
惠林寺,汉语系,胡思令,,贵州省,毕节市,七星关区,贵州省毕节市七星关区市西办事处安家井社区,,,,,105.264709,27.297710
中坪观音洞寺,汉语系,刘勋平,2004-07-30,贵州省,毕节市,黔西县,贵州省毕节市黔西县中坪镇老街社区三组,,,,,106.285622,27.204432
兴盛寺,汉语系,余德化,,贵州省,毕节市,黔西县,贵州省毕节市黔西县谷里镇中狮村一组,,,,,106.169052,26.986162
净莲寺,汉语系,李泽芬,,贵州省,毕节市,黔西县,贵州省毕节市黔西县文峰办事处东山社区东山路,,,,,106.043060,27.025984
圆通寺,汉语系,郭富学,年代不详,贵州省,毕节市,黔西县,贵州省毕节市黔西县钟山镇松狮村一组,,,,,106.235168,26.981550
水西观音阁,汉语系,释悟禅,,贵州省,毕节市,黔西县,贵州省毕节市黔西县文峰街道办事处公园路水西公园内,,,,,106.043266,27.023319
清风寺,汉语系,李芳珍,,贵州省,毕节市,黔西县,贵州省毕节市黔西县素朴镇大坝村三组,,,,,106.370613,26.999592
玲珑洞,汉语系,谭先伟,,贵州省,毕节市,黔西县,贵州省毕节市黔西县城关镇城西村4组,,,,,106.026497,27.034521
观音洞寺,汉语系,李承秀,,贵州省,毕节市,黔西县,贵州省毕节市黔西县水西街道办事处劳动路27-6号,,,,,106.037048,27.028200
重灵寺,汉语系,毛廷仙,,贵州省,毕节市,黔西县,贵州省毕节市黔西县重新镇三堰村中心路5号,,,,,106.203239,27.277342
青龙山观音洞,汉语系,刘大志,1998-09-30,贵州省,毕节市,黔西县,贵州省毕节市黔西县金碧镇铧口村七组,,,,,105.990608,26.941891
慧远寺,汉语系,熊远才,,贵州省,毕节市,黔西县,贵州省毕节市黔西县重新镇杨家湾村三组,,,,,106.243553,27.271252
九台寺,汉语系,释祖印,,贵州省,毕节市,威宁彝族回族苗族自治县,贵州省毕节市威宁彝族回族苗族自治县草海镇塔山村,,,,,104.213669,26.826542
准提阁,汉语系,释祖印,,贵州省,毕节市,威宁彝族回族苗族自治县,贵州省毕节市威宁彝族回族苗族自治县草海镇文化路,,,,,104.287170,26.858580
双堰街道古佛寺,汉语系,文武,,贵州省,毕节市,织金县,贵州省毕节市织金县双堰街道金南社区,,,,,105.773125,26.656467
双堰街道奇缘寺,汉语系,杨登秀,,贵州省,毕节市,织金县,贵州省毕节市织金县双堰街道金南社区,,,,,105.773125,26.656467
猫场镇观音阁,汉语系,释能信,,贵州省,毕节市,织金县,贵州省毕节市织金县猫场镇和平村,,,,,106.043190,26.539572
珠藏龙山寺,汉语系,周训刚,,贵州省,毕节市,织金县,贵州省毕节市织金县珠藏镇龙山村半边街组,,,,,105.700493,26.546331
观音阁,汉语系,高克丰,年代不详,贵州省,毕节市,织金县,贵州省毕节市织金县熊家场乡群潮村群潮组,,,,,105.699150,26.460381
龙泉寺,汉语系,李元松,,贵州省,毕节市,织金县,贵州省毕节市织金县城关镇太平社区,,,,,105.771568,26.665272
白马寺,汉语系,释祖照,,贵州省,贵安新区,湖潮乡,贵州省贵安新区湖潮乡广兴村黄泥堡组,,,,,,
金山寺,汉语系,高琼,年代不详,贵州省,贵阳市,白云区,贵州省贵阳市白云区沙文镇沙子哨西街50号,金山寺是一座信信奉佛教的寺庙，修于明末清初，位于贵州省贵阳市沙文乡阳尖坡。,,,,106.696800,26.731663
西普陀寺,汉语系,高艳,,贵州省,贵阳市,白云区,贵州省贵阳市白云区龙井路8号,,,,,106.622000,26.669420
东林寺,汉语系,释宽宏,,贵州省,贵阳市,观山湖区,贵阳市观山湖区金珠东路,,,,,106.622540,26.601500
廻龙禅寺,汉语系,张德贵,,贵州省,贵阳市,观山湖区,贵州省贵阳市观山湖区金阳南路廻龙禅寺,,,,,106.635689,26.595705
清镇市观音洞,汉语系,释通能,,贵州省,贵阳市,观山湖区,贵州省贵阳市观山湖区百花湖乡毛栗村大寨组,,,,,106.525078,26.682911
金华下铺回龙寺,汉语系,高萍,,贵州省,贵阳市,观山湖区,贵州省贵阳市观山湖区金华镇下铺村,,,,,106.532898,26.565292
迎祥寺,汉语系,释祖传,明天启元年（一六二一年）,贵州省,贵阳市,花溪区,贵州省贵阳市花溪区青岩镇南街5号,迎祥寺，位于贵州省贵阳市花溪区青岩镇南街。始建于明天启元年（一六二一年），始建者智安法师。清道光五年（一八二五年）重修。补造两厢、韦驮殿、牌坊及围墙。至道光三十年始完工。后有地方豪绅集资在迎祥寺前旁建一小阁，供奉道教斗姆神；乡民久而不察，遂将迎祥寺俗称为「斗姆寺」。,,,,106.688416,26.333208
灵应寺,汉语系,释古修,年代不详,贵州省,贵阳市,花溪区,贵州省贵阳市花溪区高坡乡场坝村,灵应寺建在贵阳市花溪区高坡乡新安村西北部，距高坡乡政府所在地3公里的，贵阳花溪灵应寺古代高坡苗族首领干把珠根据地遗址灵应山上，海拔1570米，为咸丰十年（1856年），由长者李鸿莲与寨（现新安村）中长者众友捐资始建，解放初期建筑尚存，后文革时被毁。1984年高坡群众集资投劳修复寺庙，1993年得到贵阳居士支持，高坡群众集资，将灵应寺扩大修复，现有大雄宝殿、厢房、厨房、念经堂、灵官阁等建筑，内有玉佛一尊，释迦摩尼、观音、地藏等菩萨十尊。,,,,106.546753,26.483252
大兴国寺,汉语系,释心照,2009-05-26,贵州省,贵阳市,花溪区,贵州省贵阳市花溪区青岩镇小西冲,,,,,106.678017,26.346590
龙泉寺,汉语系,释通立,,贵州省,贵阳市,花溪区,贵州省贵阳市花溪区中曹巷十七号,,,,,106.681875,26.502125
慈恩寺,汉语系,张官军,,贵州省,贵阳市,开阳县,贵州省贵阳市开阳县城关镇城西村,,,,,106.962044,27.057291
黔明寺,汉语系,释妙果,年代不详,贵州省,贵阳市,南明区,贵州省贵阳市南明区阳明路1号,黔明寺位于贵州省贵阳市南明河畔阳明路，是贵阳市重要的佛教活动场所。贵州省佛教协会、贵阳市佛教协会均设于寺内。黔明寺是国务院公布的首批142座全国重点寺庙之一。该寺始建于明末，重建于清乾隆年间。清咸丰年间，黔明寺曾改作舒家祠堂。民国年间，广妙法师移驻于此，藏经日丰，皈依者众，成为重要丛林。,,,,106.714320,26.569840
观音洞尼庵,汉语系,释印诚,2013-07-30,贵州省,贵阳市,南明区,贵州省贵阳市南明区油榨街青年路观音洞206号,观音洞，位于青年路侧（山帽山西侧半山腰上），是座历史久远，至今仍留有历史疑案的寺院。该寺建于清嘉庆年间，民国时曾重修。寺内有佛殿、客堂，佛殿供观音像。,,,,106.736389,26.565222
圆通寺,汉语系,释演慧,年代不详,贵州省,贵阳市,南明区,贵州省贵阳市南明区小碧乡黄泥甫村,,,,,106.819229,26.516750
白龙寺,汉语系,释通容,,贵州省,贵阳市,南明区,贵州省贵阳市南明区小碧乡甘庄村,,,,,106.792351,26.525980
寿福寺,汉语系,释吉安,年代不详,贵州省,贵阳市,清镇市,贵州省贵阳市清镇市青山路36号,寿福寺由正院与侧院建筑群组成，占地1314平方米。东院早毁，现存西院，坐南朝北，由戏楼、正殿及两厢组成四合院。正殿面阔五间，撑拱饰浮雕图案。正院为四合天井式结构，分前楼（带戏楼）、正殿、左右两厢组合而成。天井为方形青石板铺成。上世纪80年代中期以后，兴仁县人民政府对寿福寺进行抢救性修复，使这一古建筑群更加壮观气派、色彩鲜亮。修葺一新的寿福寺，已成为当地民人品茶、下棋的最佳去处，并接待了来自日本、新加坡等国家和国内的从多游人。,,省级文物保护单位,,106.471660,26.548960
观音寺,汉语系,释莲明,年代不详,贵州省,贵阳市,清镇市,贵州省贵阳市清镇市卫城镇西门村,观音寺，位于中国优秀旅游城市——贵阳市大南门外南明河南岸，是一组规模较大的古建筑群，与城南甲秀楼相毗邻，占地4000多平方米，始建于明弘治年间（1488-1505年）。观音寺建于明代，最初名为南庵。明朝中期著名哲学家、教育家王阳明于明正德四年（1509年），在贵阳文明书院讲学时，曾数次游览南庵，有《南庵次韵二首》记南庵胜景：“岩寺藏春长不夏，江花映日艳于桃。山阴入户川光暮，林影浮空暑气高。树老岂能知岁月，溪清真可鉴秋毫。但逢佳境须行乐，墨遗风霜著鬓毛。”后来又改名为圣寿寺，弘治《贵州图经新志》记载：“圣寿寺在治城南门外霁虹桥之东，旧南庵。前临清潭，后负崇岗，群峰列谳，左右环绕，草木竹石，错置杂陈。”明正德年间（1506年—1521年）中晚期，巡按贵州监察御史胡琼将圣寿寺改为武侯祠，祭祀诸葛亮，直至明末时期。,,,,106.340729,26.763302
巢凤寺,汉语系,释通植,,贵州省,贵阳市,清镇市,贵州省贵阳市清镇市巢凤社区清镇市巢凤寺,巢凤寺坐落在贵州清镇市城区，始建于明朝初年（公元1370年左右），距今已有600多年的历史，巢凤寺原名东山寺,,,,106.484192,26.549841
兴隆寺,汉语系,释能清,,贵州省,贵阳市,清镇市,贵州省贵阳市清镇市站街镇太平村大寨组清镇兴隆寺,,,,,106.358551,26.637251
廻龙寺,汉语系,释藏乘,,贵州省,贵阳市,清镇市,贵州省贵阳市清镇市红枫湖镇石关村清镇市廻龙寺,,,,,106.465553,26.549711
清枫寺,汉语系,释莲纯,,贵州省,贵阳市,清镇市,贵州省贵阳市清镇市红枫湖社区红旗北路81号,,,,,106.469640,26.558630
清镇市地母庙,汉语系,释佛银,,贵州省,贵阳市,清镇市,贵州省贵阳市清镇市卫城镇平寨村地亩庙,,,,,106.364403,26.732512
灵官寺,汉语系,释福德,,贵州省,贵阳市,清镇市,贵州省贵阳市清镇市新岭社区建国北路8号,,,,,106.469879,26.548702
莲华寺,汉语系,释华净,,贵州省,贵阳市,清镇市,贵州省贵阳市清镇市新岭社区建国北路110号,,,,,106.469879,26.548702
观音庙,汉语系,释华光,,贵州省,贵阳市,清镇市,贵州省贵阳市清镇市建国北路124号,,,,,106.466949,26.554689
观音阁,汉语系,释风慧,年代不详,贵州省,贵阳市,清镇市,贵州省贵阳市清镇市站街镇水塘村清镇市站街镇水塘村,,,,,106.361069,26.633955
南静寺,汉语系,释悟昌,年代不详,贵州省,贵阳市,乌当区,贵州省贵阳市乌当区新堡乡陇脚村箱子沟组,南静寺位于贵州省贵阳市乌当区，南静寺坐落于湘子沟村民组旁，四周群山环抱，古木参天、秀竹成荫、溪水潺潺，是一个休闲避暑的好地方。,,,,106.919853,26.774612
古林寺,汉语系,释道义,年代不详,贵州省,贵阳市,乌当区,贵州省贵阳市乌当区东风镇后所村,古林寺始建于明洪武年间，已有六百多年历史了。它位于乌当区东风镇后所村，距贵州省贵阳市区约二十公里，背靠马鬃岭山脉，坐落在土岗之上，居高临下，俯瞰乌当坝，坐东面西，向着市区方向，清清的鱼梁河从前面缓缓流过，环境十分优美。古林寺占地近两千平方米，分前后两个院落，建筑面积达八百多平方米。前院由大雄宝殿、真武殿、戏楼和厢房组成，后院有观音殿、千手观音殿、接引宝殿、开锁殿和客堂。,,,,106.826050,26.619390
佛山寺,汉语系,释照光,年代不详,贵州省,贵阳市,乌当区,贵州省贵阳市乌当区下坝镇谷坝村,佛山寺位于乌当区下坝乡宋二寨和尚坡下的佛山寺，原名川主庙，又名川子庙，建于康熙四十三年（1704），“文化大革命”后重修。佛山寺的建筑风格奇妙独特，保留了清晰的历史模样。对研究乌当的历史以及政治、经济、宗教、文化、艺术，具有重要价值。,,,,106.897743,26.688641
乌当区观音庙,汉语系,释祖灵,,贵州省,贵阳市,乌当区,贵州省贵阳市乌当区高新社区阿栗村,,,,,106.809097,26.584030
宝鼎寺,汉语系,陈绍杰,,贵州省,贵阳市,乌当区,贵州省贵阳市乌当区水田镇定扒村,,,,,106.857552,26.690300
水口寺,汉语系,释妙永,,贵州省,贵阳市,乌当区,贵州省贵阳市乌当区水田镇水田村,,,,,106.821823,26.742682
金山寺,汉语系,释能净,年代不详,贵州省,贵阳市,乌当区,贵州省贵阳市乌当区羊昌镇马场村,,,,,106.950874,26.890522
方经寺,汉语系,释海因,,贵州省,贵阳市,乌当区,贵州省贵阳市乌当区东风镇洛湾村,,,,,106.816109,26.662271
普照寺,汉语系,释妙乐,,贵州省,贵阳市,息烽县,贵州省贵阳市息烽县小寨坝镇,,,,,106.732529,27.163141
知非寺,汉语系,李德伦,年代不详,贵州省,贵阳市,修文县,贵州省贵阳市修文县龙场镇潮水村,知非寺，原称潮水寺。南明时期，一位大官来此隐居，改名知非寺。知非寺位于贵州省修文县城北1。5公里的潮水村观音山麓，省级公路直通寺院大门口。交通非常便利。知非寺为二重禅院。山门用青石砌成，三重石牌坊，中门额牌有“知非禅林”四大字。,,,,106.580162,26.850695
佛光寺,汉语系,田应明,,贵州省,贵阳市,修文县,贵州省贵阳市修文县扎佐镇大堡村六组,,,,,106.729179,26.856361
古佛洞寺,汉语系,罗继银,,贵州省,贵阳市,修文县,贵州省贵阳市修文县六广镇新中村,,,,,106.423141,26.978022
金凤寺,汉语系,辛志红,,贵州省,贵阳市,修文县,贵州省贵阳市修文县龙场镇城北村,,,,,106.594711,26.835192
觉园尼庵,汉语系,高艳,1862年-1874年,贵州省,贵阳市,云岩区,贵州省贵阳市富水北路49号,觉园尼庵，位于贵州省贵阳市市区内。始建于清同治年间（一八六二年至一八七四年），原名为「长生庵」,,,,106.713900,26.581560
弘福寺,汉语系,吕隆春,年代不详,贵州省,贵阳市,云岩区,贵州省贵阳市枣山路187号,弘福寺位于贵阳市黔灵山群峰中心，距城约1.5公里，是十方丛林，为贵州首刹，向有“黔南第一山”之称。弘福寺于1672年（清康熙11年）由赤松和尚开创，“弘福”二字乃“弘佛大愿，救人救世；福我众生，善始善终之意。赤松是为本寺开山始祖，佛法为临济一系之正宗，乃禅门五宗之一。,,,,106.696020,26.590250
东山寺,汉语系,释妙果,2012-07-15,贵州省,贵阳市,云岩区,贵州省贵阳市云岩区栖霞路17号,,,,,106.729570,26.580440
永丰寺,汉语系,释通清,年代不详,贵州省,六盘水市,六枝特区,贵州省六盘水市六枝特区折溪乡六堡村,永丰寺位于贵州省六盘水市六枝特区折溪乡六堡村大寨。建于清康熙元年（1662）。,,,,105.506348,26.083782
南极山音寺,汉语系,释悟禅,,贵州省,六盘水市,六枝特区,贵州省六盘水市六枝特区平寨镇六枝村,,,,,105.440727,26.236860
大用镇西来寺,汉语系,释能义,,贵州省,六盘水市,六枝特区,贵州省六盘水市六枝特区大用镇大用村,,,,,105.546829,26.188791
灵山寺,汉语系,释佛照,,贵州省,六盘水市,六枝特区,贵州省六盘水市六枝特区新窑乡洗马河村,,,,,105.371811,26.197330
通灵寺,汉语系,释续祥,,贵州省,六盘水市,六枝特区,贵州省六盘水市六枝特区岩脚镇太和村挑水河,,,,,105.387657,26.337481
新兴寺,汉语系,释广平,,贵州省,六盘水市,六枝特区,贵州省六盘水市六枝特区折溪乡折溪村,,,,,105.476707,26.103352
显灵寺,汉语系,释通睿,,贵州省,六盘水市,六枝特区,贵州省六盘水市六枝特区平寨镇兴隆村干河,,,,,105.466064,26.208803
丹霞山护国寺,汉语系,释惟宗,,贵州省,六盘水市,盘县,贵州省六盘水市盘县水塘镇,此护国寺位于贵州六盘水，风景宜人，吸引不少游客到此游玩。该寺位于贵州省六盘水市盘县水塘镇的丹霞山上，距县城17公里。,,,,104.616928,25.683115
丁香寺,汉语系,陈志英,,贵州省,六盘水市,盘县,贵州省六盘水市盘县刘官镇刘家湾村,,,,,104.690674,25.820152
东明寺,汉语系,释宏琳,,贵州省,六盘水市,盘县,贵州省六盘水市盘县城关镇西门坡,,,,,104.649429,25.776602
云台寺,汉语系,敖成余,,贵州省,六盘水市,盘县,贵州省六盘水市盘县段江镇丘田栏田,,,,,104.471580,25.709930
土城爱国寺,汉语系,肖志达,,贵州省,六盘水市,盘县,贵州省六盘水市盘县柏果镇东风村云城山,,,,,104.500473,25.916721
庆云寺,汉语系,黄国城,,贵州省,六盘水市,盘县,贵州省六盘水市盘县柏果镇土城村狗场,,,,,104.518250,26.018932
松柏寺,汉语系,徐吉元,,贵州省,六盘水市,盘县,贵州省六盘水市盘县城关镇2街,,,,,104.649429,25.776602
水星寺,汉语系,释惟元,,贵州省,六盘水市,盘县,贵州省六盘水市盘县城关镇7街云盘山,,,,,104.479141,26.018042
洒基广明佛堂,汉语系,敖二马,2007-10-26,贵州省,六盘水市,盘县,贵州省六盘水市盘县洒基镇迤民村,,,,,104.526230,26.062622
盛华寺,汉语系,徐小蒿,,贵州省,六盘水市,盘县,贵州省六盘水市盘县断江镇大铺子村,,,,,104.504021,25.886501
竹海寺,汉语系,孙本菊,,贵州省,六盘水市,盘县,贵州省六盘水市盘县老厂镇新盘居委会莲花山,,,,,104.829597,25.612415
西来寺,汉语系,卜家素,,贵州省,六盘水市,盘县,贵州省六盘水市盘县石桥镇妥乐村,,,,,104.551468,25.612022
鹅毛寨观音寺,汉语系,黄明芬,,贵州省,六盘水市,盘县,贵州省六盘水市盘县保田鹅毛寨村,,,,,104.676819,25.408083
龙山寺,汉语系,杨细雨,,贵州省,六盘水市,盘县,贵州省六盘水市盘县柏果镇红方旗村多么座,,,,,104.515587,26.032532
念佛堂,汉语系,吴兴,,贵州省,六盘水市,盘县,贵州省六盘水市盘县城关镇人民南路168号,,,,,104.652267,25.779565
水城观音寺,汉语系,释果清,年代不详,贵州省,六盘水市,钟山区,贵州省六盘水市钟山区老城民主路0008号,水城观音寺原名观音阁，位于钟山区荷城街道办事处钟环社区（老城内），修建于清朝嘉庆年间，后因战祸，寺院破烂，僧侣流失，香火锐减，虽然如此，但也有善男信女经常到此烧香拜佛。,,,,104.844470,26.575850
灵山寺,汉语系,张旭亮,,贵州省,六盘水市,钟山区,贵州省六盘水市钟山区乌砂寨,,,,,104.816406,26.629520
南岳寺,汉语系,释果云,,贵州省,黔东南苗族侗族自治州,岑巩县,贵州省黔东南苗族侗族自治州岑巩县思旸镇坪贤村南岳山,,,,,108.756393,27.209442
龙泉山寺,汉语系,孟继英,,贵州省,黔东南苗族侗族自治州,丹寨县,贵州省黔东南苗族侗族自治州丹寨县龙泉镇泉山村,,,,,107.790810,26.190002
地母阁,汉语系,陈家秀,,贵州省,黔东南苗族侗族自治州,黄平县,贵州省黔东南苗族侗族自治州黄平县重安镇中街,,,,,107.900688,26.763102
鼓台山寺,汉语系,王平远,,贵州省,黔东南苗族侗族自治州,黄平县,贵州省黔东南苗族侗族自治州黄平县旧州镇东门村马苑,,,,,107.783051,26.975130
观音阁,汉语系,释能荣,年代不详,贵州省,黔东南苗族侗族自治州,剑河县,贵州省黔东南苗族侗族自治州剑河县柳川镇,,,,,108.590973,26.651463
步云寺,汉语系,游芝玉,,贵州省,黔东南苗族侗族自治州,锦屏县,贵州省黔东南苗族侗族自治州锦屏县三江镇回龙山,,,,,109.209602,26.685282
观音阁,汉语系,释祖心,年代不详,贵州省,黔东南苗族侗族自治州,凯里市,贵州省黔东南苗族侗族自治州凯里市下司镇前进路街道,观音阁位于贵州岑巩县城东500米处龙江河岸凤山嘴的观音阁，被青山绿水环抱，掩没于古树丛林之中。为回龙寺古建筑群的一个部分。阁内有一口著名的大钟，是古思州城32个寺庙中铸造得最佳的一口钟，声音洪亮，晨曦中的钟声全古思州城百姓均能听见，习称“龙寺晚钟”。回龙寺由前殿、大殿；观音阁、回龙寺、内花园等组成，是一个较为完整的宗教建筑群落。,,,,107.800420,26.513210
光明寺,汉语系,释莲净,,贵州省,黔东南苗族侗族自治州,凯里市,贵州省黔东南苗族侗族自治州凯里市炉山镇城关村石仙山,,,,,107.788483,26.657032
观音寺,汉语系,段本莲,,贵州省,黔东南苗族侗族自治州,凯里市,贵州省黔东南苗族侗族自治州凯里市大风洞乡对江村,,,,,107.888580,26.763391
新峰寺,汉语系,释妙果,,贵州省,黔东南苗族侗族自治州,凯里市,贵州省黔东南苗族侗族自治州凯里市城区罗汉山公园内,,,,,108.003052,26.572931
五榕寺,汉语系,释通圆,,贵州省,黔东南苗族侗族自治州,榕江县,贵州省黔东南苗族侗族自治州榕江县古州镇城南五榕山脚,,,,,108.517654,25.924892
甘霖寺,汉语系,释通慧,年代不详,贵州省,黔东南苗族侗族自治州,三穗县,贵州省黔东南苗族侗族自治州三穗县永灵山甘霖寺,甘霖寺，佛教寺院名称，有：贵州省三穗县永灵山甘霖寺、湖南省龙山县甘霖寺、湖北省武穴市甘霖寺等。,,,,108.684097,26.968937
观音阁寺,汉语系,宋海珊,,贵州省,黔东南苗族侗族自治州,施秉县,贵州省黔东南苗族侗族自治州施秉县城内西面山坡,观音阁，位于施秉县城西面的王家坡半山上，为旅游城的景点之一。原寺庙建于清康熙末年，咸丰六年（公元1856年）被毁。清光绪三年（公元1877年），偏桥卫的上五旗杨玉珍望门守节，与其亲族杨天才聚众募捐，重建正殿一栋、厢房二间，塑观音佛像，杨玉珍住持修行，改名为“白衣庵”，后更名为观音阁。1949年解放，僧尼离去。1953年改作偏桥小学，1960年寺庙被拆，庙址复耕。,,,,108.124382,27.032923
金凤山寺,汉语系,释源明,年代不详,贵州省,黔东南苗族侗族自治州,天柱县,贵州省黔东南苗族侗族自治州天柱县社学乡金山村五组,金凤山寺位于贵州省天柱县城东北，距天柱县城10公里，金凤山寺为天柱县最高峰，海拔907.5米，从东、西、南三面上山，都凿有大道，千级石阶蜿蜒曲折，绕山而上。,,,,109.242897,26.957602
善缘寺,汉语系,石修理,,贵州省,黔东南苗族侗族自治州,天柱县,贵州省黔东南苗族侗族自治州天柱县社学乡芹香村梨子坳组,,,,,109.303528,26.901121
回龙寺,汉语系,释祖妙,年代不详,贵州省,黔东南苗族侗族自治州,天柱县,贵州省黔东南苗族侗族自治州天柱县远口镇新寺村,,,,,109.410110,26.828852
中元禅院,汉语系,江春莲,,贵州省,黔东南苗族侗族自治州,镇远县,贵州省黔东南苗族侗族自治州镇远县舞阳镇东关村,,,,,108.440292,27.047352
大岭寺,汉语系,聂永凡,,贵州省,黔东南苗族侗族自治州,镇远县,贵州省黔东南苗族侗族自治州镇远县江古乡大岭村,,,,,108.628189,27.194321
都匀九龙寺,汉语系,释身和,,贵州省,黔南布依族苗族自治州,都匀市,贵州省黔南布依族苗族自治州黔南州都匀市九龙寺,,,,,107.507439,26.258932
莲宗念佛堂,汉语系,王胜,,贵州省,黔南布依族苗族自治州,独山县,贵州省黔南布佈族苗族自治州独山县紫林山翠泉公园,,,,,107.511864,25.817022
九龙寺,汉语系,释崇慈,,贵州省,黔南布依族苗族自治州,惠水县,贵州省黔南布依族苗族自治州惠水县大龙乡九龙村马门组,,,,,106.594994,26.143522
定慧寺,汉语系,陈大明,,贵州省,黔南布依族苗族自治州,惠水县,贵州省黔南布依族苗族自治州惠水县和平镇新城村满坝组,,,,,106.657722,26.126360
荔波观音寺,汉语系,周守珍,,贵州省,黔南布依族苗族自治州,荔波县,贵州省黔南布依族苗族自治州荔波县漳江东路16号,,,,,107.887250,25.411440
佛光寺,汉语系,释照光,,贵州省,黔南布依族苗族自治州,龙里县,贵州省黔南布依族苗族自治州龙里县醒狮镇羊场司村羊场司组,,,,,106.891273,26.578602
天龙洞寺,汉语系,释应空,,贵州省,黔南布依族苗族自治州,龙里县,贵州省黔南布依族苗族自治州龙里县谷脚镇倪儿关村,,,,,106.845734,26.525772
翠微寺,汉语系,释佛度,,贵州省,黔南布依族苗族自治州,龙里县,贵州省黔南布依族苗族自治州龙里县羊场镇翠微村,,,,,107.052940,26.269173
观音洞寺,汉语系,释惟本,,贵州省,黔南布依族苗族自治州,龙里县,贵州省黔南布依族苗族自治州龙里县醒狮镇羊场司村,,,,,106.891273,26.578602
龙云寺,汉语系,释霖山,,贵州省,黔南布依族苗族自治州,龙里县,贵州省黔南布依族苗族自治州龙里县谷脚镇谷脚村,,,,,106.862373,26.513113
龙岭禅寺,汉语系,释海慧,,贵州省,黔南布依族苗族自治州,龙里县,贵州省黔南布依族苗族自治州龙里县龙山镇大冲村,,,,,106.991142,26.459541
兴阳寺,汉语系,杨再兰,,贵州省,黔南布依族苗族自治州,罗甸县,贵州省黔南布依族苗族自治州罗甸县边阳镇岩脚村五组,,,,,106.634819,25.625303
灵园洞,汉语系,黄国琴,,贵州省,黔南布依族苗族自治州,罗甸县,贵州省黔南布依族苗族自治州罗甸县龙坪镇老城村,,,,,106.740112,25.432671
老城观音堂,汉语系,杜德芬,1983-01-01,贵州省,黔南布依族苗族自治州,罗甸县,贵州省黔南布依族苗族自治州罗甸县龙坪镇老城村,,,,,106.740112,25.432671
莲经寺,汉语系,邓德周,,贵州省,黔南布依族苗族自治州,罗甸县,贵州省黔南布依族苗族自治州罗甸县栗木乡达上村,,,,,106.665375,25.639782
玉佛寺,汉语系,释常印,,贵州省,黔南布依族苗族自治州,瓮安县,贵州省黔南布依族苗族自治州瓮安县玉山镇玉佛寺,,,,,107.336159,27.205292
白虎山观音寺,汉语系,释祖法,,贵州省,黔南布依族苗族自治州,瓮安县,贵州省黔南布依族苗族自治州瓮安县猴场镇大金星村大林湾组,,,,,107.599884,27.193840
觉皇寺,汉语系,左学祥,,贵州省,黔南布依族苗族自治州,瓮安县,贵州省黔南布依族苗族自治州瓮安县平定营镇平定营村,,,,,107.419792,26.970032
金佛寺,汉语系,黄一声,,贵州省,黔南布依族苗族自治州,瓮安县,贵州省黔南布依族苗族自治州瓮安县珠藏镇珠藏村,,,,,107.282814,27.380032
金钟寺,汉语系,释祖觉,,贵州省,黔南布依族苗族自治州,瓮安县,贵州省黔南布依族苗族自治州瓮安县中坪镇中坪村,,,,,107.253983,27.150030
雍阳镇观音堂,汉语系,释寂静,,贵州省,黔南布依族苗族自治州,瓮安县,贵州省黔南布依族苗族自治州瓮安县瓮水办事处河滨社区,,,,,107.470161,27.070421
龙潭寺,汉语系,黄兴荣,,贵州省,黔南布依族苗族自治州,瓮安县,贵州省黔南布依族苗族自治州瓮安县银盏镇果果坪村,,,,,107.429413,27.142582
白云寺,汉语系,释通鉴,年代不详,贵州省,黔南布依族苗族自治州,长顺县,贵州省黔南布依族苗族自治州长顺县白云山镇团茶村,贵州省长顺县白云寺，属于省级文物保护单位，坐落于长顺县白云山，与贵州盘县丹霞山、平坝高峰山、铜仁梵净山并称为贵州四大佛教名山。600多年前，明朝建文帝为避“靖难”之难，遥遥千里来到长顺白云山避世隐居修行，于明永乐六年（1408年）建白云寺。[1],,省级文物保护单位,,106.575844,26.220362
广福寺,汉语系,黄绍书,,贵州省,黔南布依族苗族自治州,长顺县,贵州省黔南布佈族苗族自治州长顺县广顺镇北场社区,,,,,106.382774,26.188023
观音寺,汉语系,刘永昌,,贵州省,黔南布依族苗族自治州,长顺县,贵州省黔南布佈族苗族自治州长顺县摆所镇营盘社区观音路,,,,,106.323067,25.933157
青龙寺,汉语系,宋泽荣,,贵州省,黔南布依族苗族自治州,长顺县,贵州省黔南布佈族苗族自治州长顺县威远镇威远社区,,,,,106.520271,26.028147
圆通寺,汉语系,释藏融,年代不详,贵州省,黔西南布依族苗族自治州,安龙县,贵州省黔西南布依族苗族自治州安龙县栖凤办事处西一社区,,,,,105.460770,25.104706
杨泗屯文昌阁寺,汉语系,杨清城,,贵州省,黔西南布依族苗族自治州,兴仁县,贵州省黔西南布依族苗族自治州兴仁县城南办事处杨泗屯村,,,,,105.221054,25.410131
积园寺,汉语系,吕光修,,贵州省,黔西南布依族苗族自治州,兴仁县,贵州省黔西南布依族苗族自治州兴仁县真武山办事处,,,,,105.174797,25.424282
万佛寺,汉语系,唐莉,,贵州省,黔西南布依族苗族自治州,兴义市,贵州省黔西南布依族苗族自治州兴义市万峰林街道办,万佛寺位于兴义东南，与万峰林风景区融为一体，同泥凼石林相衔。万佛寺周围座座青山灵秀，绿荫掩映，丛丛灌木葱茏，奇石挺拔，九峰环抱。这里景区属典型的喀斯特地貌。万佛寺洞宽126米、高82米，洞中奇观千姿百态，造型完美，堪称洞中精华。万佛寺修建于明朝，后来被水冲毁现在的寺庙是后来重建的，于07年重新开放。民风古朴，笑迎客座，也是万佛寺最大的特色。万佛寺洞中是重要的佛教活动场所，所以这里不卖门票。不过寺庙不收门票，在全国也是少见的。万佛寺建于明嘉靖年间，洞中塑有释迦牟尼、弥勒、观音、地藏诸菩萨像，建有大雄宝殿、弥勒殿、观音殿、地藏殿、斋堂、客堂，有僧众锡道场十余人。洞中可容纳万余人，是贵州、云南、广西三省区主要佛教活动场所，是著名的天然洞穴寺院道场。,,,,104.923180,24.994360
水晶寺,汉语系,释照祥,,贵州省,黔西南布依族苗族自治州,兴义市,贵州省黔西南布依族苗族自治州兴义市黄草街道办,,,,,104.897644,25.088522
观音寺,汉语系,唐华会,,贵州省,黔西南布依族苗族自治州,兴义市,贵州省黔西南布依族苗族自治州兴义市坪东办,,,,,104.850090,25.105011
东屏山寺,汉语系,刘洪成,,贵州省,铜仁市,碧江区,贵州省铜仁市碧江区漾头镇,,,,,109.422760,27.694151
东山寺,汉语系,张银菊,,贵州省,铜仁市,碧江区,贵州省铜仁市碧江区铜仁城府东山上,,,,,109.264330,27.816210
兴龙寺,汉语系,释佛法,,贵州省,铜仁市,碧江区,贵州省铜仁市碧江区环北办事处笔家冲,,,,,109.190460,27.706869
响龙寺,汉语系,释乾祥,,贵州省,铜仁市,碧江区,贵州省铜仁市碧江区铜江村,,,,,109.191147,27.707479
回龙寺,汉语系,释心机,年代不详,贵州省,铜仁市,碧江区,贵州省铜仁市碧江区河西办事处双江村,,,,,109.182663,27.716131
紫金寺,汉语系,陈永秋,,贵州省,铜仁市,碧江区,贵州省铜仁市环北办事处,,,,,109.190460,27.706869
金龙寺,汉语系,释静修,,贵州省,铜仁市,碧江区,贵州省铜仁市碧江区坝黄镇龙井村,,,,,109.033661,27.716753
南山寺,汉语系,何开忠,,贵州省,铜仁市,德江县,贵州省铜仁市德江县煎茶镇煎茶村外环路,,,,,107.975563,28.146976
大龙阡寺,汉语系,冉景珍,,贵州省,铜仁市,德江县,贵州省铜仁市德江县青龙镇,,,,,108.113998,28.254721
永盛寺,汉语系,石再凤,,贵州省,铜仁市,德江县,贵州省铜仁市德江县合兴镇朝阳村,,,,,107.988556,28.074276
普照寺,汉语系,任明香,,贵州省,铜仁市,德江县,贵州省铜仁市德江县堰塘乡关口村,,,,,108.088715,28.226034
承恩寺,汉语系,释灵普,年代不详,贵州省,铜仁市,江口县,贵州省铜仁市江口县梵净山金顶,承恩寺，原名上茶殿，位于贵州铜仁梵净山新老金顶之间。“佛教五大名山”梵净山的承恩寺始建于明初，2009年在原遗址上重建，2011年完工，是梵净山顶寺庙群的主体建筑。[1],,,,108.697342,27.910923
大佛寺,汉语系,释佛普,,贵州省,铜仁市,江口县,贵州省铜仁市江口县双江镇三星东路,,,,,108.836906,27.698290
大金佛寺,汉语系,曾一彬,,贵州省,铜仁市,江口县,贵州省铜仁市江口县太平乡梵净山村寨沙组,,,,,108.771500,27.824436
通缘寺,汉语系,释佛缘,,贵州省,铜仁市,江口县,贵州省铜仁市江口县双江镇云盘组沙子坳,,,,,108.836906,27.698290
龙泉禅寺,汉语系,王锡武,,贵州省,铜仁市,江口县,贵州省铜仁市江口县太平乡梵净山村黑湾河,,,,,108.775230,27.843691
三昧禅院,汉语系,养辉,,贵州省,铜仁市,石阡县,贵州省铜仁市石阡县汤山镇,,,,,108.227791,27.522011
仙山寺,汉语系,钟良英,,贵州省,铜仁市,石阡县,贵州省铜仁市石阡县本庄镇新庄社区,,,,,107.920364,27.538935
垂恩寺,汉语系,周其光,,贵州省,铜仁市,石阡县,贵州省铜仁市石阡县坪山乡,,,,,108.224960,27.386856
灵锋寺,汉语系,曹素平,,贵州省,铜仁市,石阡县,贵州省铜仁市石阡县中坝镇河西村,,,,,108.188904,27.458261
甘露寺,汉语系,胡登学,,贵州省,铜仁市,石阡县,贵州省铜仁市石阡县汤山镇高寨村,,,,,108.224861,27.518021
白塔寺,汉语系,徐建珍,,贵州省,铜仁市,石阡县,贵州省铜仁市石阡县汤山镇,,,,,108.227791,27.522011
般若寺,汉语系,孙思源,,贵州省,铜仁市,石阡县,贵州省铜仁市石阡县汤山镇,,,,,108.227791,27.522011
观音寺,汉语系,方洪钰,,贵州省,铜仁市,石阡县,贵州省铜仁市石阡县龙井乡,,,,,108.145058,27.562632
文昌阁,汉语系,肖继权,年代不详,贵州省,铜仁市,思南县,贵州省铜仁市思南县塘头镇街联村甲秀山组,文昌阁，位于贵阳城区东隅，始建于明万历三十七年（1609年），占地1200平方米，以设计巧妙、结构独特而著名，是国家级重点文物保护单位。,,国家级重点文物保护单位,,108.186661,27.739330
华严寺,汉语系,何传翔,年代不详,贵州省,铜仁市,思南县,贵州省铜仁市思南县思唐镇中和社区城西组,华严寺是贵州省最早的佛教建筑之一，位于思南县思唐镇中和山上，背倚大岩关，也叫中和山华严寺，早在1981年7月，已被列为国家级文物保护单位——思唐镇古建筑群之一华严寺始建于宋，面积8835m2。曾为宣慰司祝寿之所，寺内有极为少见的双面观音。四周翠柏繁茂、山色秀丽、享有“中和夏绿”的盛名，山脚有石阶依山曲折而上，途中可见刻有“抬起头来”的树木和造型独特的牌门。为思南县城八景之一，是思南县城古建筑群的重要组成部分,,,,108.255219,27.937401
福慧寺,汉语系,吴有辉,,贵州省,铜仁市,思南县,贵州省铜仁市思南县思唐镇大岩关村大岩关组,,,,,108.246254,27.936522
鱼龙寺,汉语系,陈德刚,,贵州省,铜仁市,思南县,贵州省铜仁市思南县宽坪乡香家湾村桅杆组,,,,,108.065903,28.038212
龙王庙,汉语系,张治珍,年代不详,贵州省,铜仁市,思南县,贵州省铜仁市思南县大坝场镇场坝村场坝组,,,,,108.340500,27.735651
一山寺,汉语系,杨秀发,,贵州省,铜仁市,松桃苗族自治县,贵州省铜仁市松桃苗族自治县平头乡蚂蟥村,,,,,109.075790,28.031786
云落寺,汉语系,释圣闻田茂英,,贵州省,铜仁市,松桃苗族自治县,贵州省铜仁市松桃苗族自治县蓼皋镇南门社区,,,,,109.200691,28.163834
关帝庙,汉语系,赵世堂,,贵州省,铜仁市,松桃苗族自治县,贵州省铜仁市松桃苗族自治县蓼皋镇吊井湾社区,,,,,109.200806,28.165209
兴隆寺,汉语系,王秀金,,贵州省,铜仁市,松桃苗族自治县,贵州省铜仁市松桃苗族自治县甘龙镇土墩坎村,,,,,108.705383,28.332840
凉风洞观音寺,汉语系,龙文炳,,贵州省,铜仁市,松桃苗族自治县,贵州省铜仁市松桃苗族自治县盘信镇大告村,,,,,109.234337,28.026949
凤军寺,汉语系,田秀芬,,贵州省,铜仁市,松桃苗族自治县,贵州省铜仁市松桃苗族自治县冷水乡杨家洞,,,,,109.200951,28.157679
回龙寺,汉语系,陈善才,年代不详,贵州省,铜仁市,松桃苗族自治县,贵州省铜仁市松桃苗族自治县乌罗镇中利村,,,,,108.794434,28.118382
培风寺,汉语系,王荣华,,贵州省,铜仁市,松桃苗族自治县,贵州省铜仁市松桃苗族自治县大路乡两河口村,,,,,108.954208,28.132107
大慈寺,汉语系,吴金生,,贵州省,铜仁市,松桃苗族自治县,贵州省铜仁市松桃苗族自治县蓼皋镇水塘村,,,,,109.210709,28.162981
天山寺,汉语系,杨桂云,,贵州省,铜仁市,松桃苗族自治县,贵州省铜仁市松桃苗族自治县黄板乡天星村,,,,,109.118889,28.261942
天桥寺,汉语系,王秀金,,贵州省,铜仁市,松桃苗族自治县,贵州省铜仁市松桃苗族自治县冷水乡木材村,,,,,108.957024,28.124405
天目山寺,汉语系,彭世录,,贵州省,铜仁市,松桃苗族自治县,贵州省铜仁市松桃苗族自治县普觉镇西门坎村,,,,,108.992249,27.981392
天马寺,汉语系,谢文明,,贵州省,铜仁市,松桃苗族自治县,贵州省铜仁市松桃苗族自治县乌罗镇毛溪村,,,,,108.815727,28.071161
太阳庙,汉语系,冉隆风,,贵州省,铜仁市,松桃苗族自治县,贵州省铜仁市松桃苗族自治县乌罗镇新民村,,,,,108.831062,28.088173
宫庵寺,汉语系,谢兴德,,贵州省,铜仁市,松桃苗族自治县,贵州省铜仁市松桃苗族自治县寨英镇寨英村,,,,,108.912712,27.940252
朝阳寺,汉语系,张应斌,,贵州省,铜仁市,松桃苗族自治县,贵州省铜仁市松桃苗族自治县大路乡田坝村,,,,,108.957130,28.124432
正一山寺,汉语系,龙荷花,,贵州省,铜仁市,松桃苗族自治县,贵州省铜仁市松桃苗族自治县大兴镇星光村,,,,,109.305862,27.905392
灵应寺,汉语系,涂孝海,年代不详,贵州省,铜仁市,松桃苗族自治县,贵州省铜仁市松桃苗族自治县大路乡坪江村,,,,,108.954208,28.132107
狮子山寺,汉语系,姜春芝,,贵州省,铜仁市,松桃苗族自治县,贵州省铜仁市松桃苗族自治县九江乡地安村,,,,,109.128479,28.147722
玉皇阁,汉语系,释佛园,年代不详,贵州省,铜仁市,松桃苗族自治县,贵州省铜仁市松桃苗族自治县甘龙镇甘龙村,,,,,108.706062,28.331732
禹王宫,汉语系,吴秀群,,贵州省,铜仁市,松桃苗族自治县,贵州省铜仁市松桃苗族自治县盘信镇麦地村,,,,,109.232285,28.049122
禹王宫,汉语系,杨挺良,,贵州省,铜仁市,松桃苗族自治县,贵州省铜仁市松桃苗族自治县乌罗镇前进村,,,,,108.800682,28.087332
莲花寺,汉语系,任达澡,,贵州省,铜仁市,松桃苗族自治县,贵州省铜仁市松桃苗族自治县冷水乡罗袍村,,,,,108.892731,28.146263
观音寺,汉语系,舒坤芳,,贵州省,铜仁市,松桃苗族自治县,贵州省铜仁市松桃苗族自治县蓼皋镇马田龙社区,,,,,109.203110,28.173086
迎水寺,汉语系,余明权,,贵州省,铜仁市,松桃苗族自治县,贵州省铜仁市松桃苗族自治县乌罗镇前兴村,,,,,108.811440,28.119841
金山寺,汉语系,杨通轮,年代不详,贵州省,铜仁市,松桃苗族自治县,贵州省铜仁市松桃苗族自治县寨英镇寨转村,,,,,108.935684,27.995441
金钟山寺,汉语系,余春仙,,贵州省,铜仁市,松桃苗族自治县,贵州省铜仁市松桃苗族自治县乌罗镇毛溪村,,,,,108.815727,28.071161
镇江寺,汉语系,邓修针,,贵州省,铜仁市,松桃苗族自治县,贵州省铜仁市松桃苗族自治县大坪镇大坪村,,,,,108.959511,27.555082
飞山寺,汉语系,杨通全,,贵州省,铜仁市,松桃苗族自治县,贵州省铜仁市松桃苗族自治县长兴镇五里村,,,,,109.173943,28.319363
飞山庙,汉语系,王玉顺,,贵州省,铜仁市,松桃苗族自治县,贵州省铜仁市松桃苗族自治县乌罗镇前进村,,,,,108.800682,28.087332
飞灵山寺,汉语系,杨德福,,贵州省,铜仁市,松桃苗族自治县,贵州省铜仁市松桃苗族自治县长坪镇沙坪村,,,,,109.279091,28.104164
龙江寺,汉语系,代仁贵,,贵州省,铜仁市,松桃苗族自治县,贵州省铜仁市松桃苗族自治县大路乡坪江村,,,,,108.954208,28.132107
龙泉寺,汉语系,蒋翠芝,,贵州省,铜仁市,松桃苗族自治县,贵州省铜仁市松桃苗族自治县长兴镇长兴村,,,,,109.198349,28.315376
承福寺,汉语系,胡树菊,,贵州省,铜仁市,松桃苗族自治县,贵州省铜仁市松桃苗族自治县寨英镇罗满村,,,,,108.859001,27.932341
中华山寺,汉语系,万家顺杨再奎,,贵州省,铜仁市,万山特区,贵州省铜仁市万山特区敖寨乡中华山寺,,,,,109.274002,27.584471
藏宝寺,汉语系,释祖华,,贵州省,铜仁市,万山特区,贵州省铜仁市万山特区万山镇三角岩社区新街组,,,,,109.218208,27.530375
彩云寺,汉语系,杨金菊徐长坤,,贵州省,铜仁市,万山特区,贵州省铜仁市万山特区万山镇三角岩社区新街组,,,,,109.218208,27.530375
印龙寺,汉语系,戴炳珍,,贵州省,铜仁市,印江土家族苗族自治县,贵州省铜仁市印江土家族苗族自治县峨岭镇坪兴村一组,,,,,108.405540,27.989761
双龙寺,汉语系,钟净芬,,贵州省,铜仁市,印江土家族苗族自治县,贵州省铜仁市印江土家族苗族自治县洋溪镇曽心村板田沟组,,,,,108.526237,27.631491
回龙寺,汉语系,田井虔,年代不详,贵州省,铜仁市,印江土家族苗族自治县,贵州省铜仁市印江土家族苗族自治县朗溪镇孟关村孟关组,,,,,108.471771,27.992889
天庆寺,汉语系,释香玉,,贵州省,铜仁市,印江土家族苗族自治县,贵州省铜仁市印江土家族苗族自治县木黄镇金星村青杠坪组,,,,,108.732338,28.006620
天缘寺,汉语系,释祖法,,贵州省,铜仁市,印江土家族苗族自治县,贵州省铜仁市印江土家族苗族自治县中界乡,,,,,108.538414,28.486660
太平寺,汉语系,释照齐,,贵州省,铜仁市,印江土家族苗族自治县,贵州省铜仁市印江土家族苗族自治县木黄镇昔坪村台龙泉组,,,,,108.715302,28.036482
玉泉寺,汉语系,释行愿,,贵州省,铜仁市,印江土家族苗族自治县,贵州省铜仁市印江土家族苗族自治县峨岭镇坪兴村一组,,,,,108.405540,27.989761
行祠庙,汉语系,张永坤,,贵州省,铜仁市,印江土家族苗族自治县,贵州省铜仁市印江土家族苗族自治县木黄镇娄贯村一组,,,,,108.694984,28.084702
青微寺,汉语系,吴朝修,,贵州省,铜仁市,印江土家族苗族自治县,贵州省铜仁市印江土家族苗族自治县新业乡落坳村上寨组,,,,,108.622139,28.020102
静修寺,汉语系,李传智,,贵州省,铜仁市,印江土家族苗族自治县,贵州省铜仁市印江土家族苗族自治县天堂镇天堂村下街组,,,,,108.562088,28.147482
护国禅寺,汉语系,释佛友,,贵州省,铜仁市,印江土家族苗族自治县,贵州省铜仁市印江土家族苗族自治县大圆址村苏家坡组,,,,,108.621437,27.919807
文昌寺,汉语系,周朝正,,贵州省,铜仁市,印江土家族苗族自治县,贵州省铜仁市印江土家族苗族自治县新业乡文昌村二组,,,,,108.690109,28.038622
复兴寺,汉语系,杨通莲,,贵州省,铜仁市,玉屏侗族自治县,贵州省铜仁市玉屏侗族自治县大龙镇九双龙村桥边,,,,,108.970581,27.312962
水潮寺,汉语系,杨胜芝,,贵州省,铜仁市,玉屏侗族自治县,贵州省铜仁市玉屏侗族自治县平溪镇七里塘村三岔箱子岩,,,,,108.957443,27.251892
菩提寺,汉语系,姚源芬,,贵州省,铜仁市,玉屏侗族自治县,贵州省铜仁市玉屏侗族自治县平溪镇红花村八仙岩,,,,,108.921150,27.250101
金龙寺,汉语系,颜菊花,,贵州省,铜仁市,玉屏侗族自治县,贵州省铜仁市玉屏侗族自治县大龙镇大龙堡村,,,,,109.042244,27.293091
铁柱山寺,汉语系,杨云成,,贵州省,铜仁市,玉屏侗族自治县,贵州省铜仁市玉屏侗族自治县朱家场镇铁柱山,,,,,108.944771,27.350662
弥陀寺,汉语系,胥林祥,,贵州省,铜仁市,玉屏侗族自治县,贵州省铜仁市玉屏侗族自治县平溪镇七里塘村九狮山,,,,,108.957443,27.251892
旗头山寺,汉语系,姚茂和,,贵州省,铜仁市,玉屏侗族自治县,贵州省铜仁市玉屏侗族自治县田坪镇白果村,,,,,109.131615,27.451662
佛来寺,汉语系,汪代明,,贵州省,遵义市,赤水市,贵州省赤水市复兴镇凉江村,,,,,105.726433,28.519112
半壁寺,汉语系,何德友,,贵州省,遵义市,赤水市,贵州省赤水市市中办事处滨江社区,,,,,105.703209,28.586760
大同镇观音殿,汉语系,贾龙英,,贵州省,遵义市,赤水市,贵州省赤水市大同镇古镇社区21号,,,,,105.681175,28.507141
天台镇怀阳寺,汉语系,释觉瑞,,贵州省,遵义市,赤水市,贵州省赤水市天台镇天台村大屋基组,,,,,105.808952,28.583412
太平寺,汉语系,释照玉,,贵州省,遵义市,赤水市,贵州省赤水市官渡镇五里村,,,,,106.098518,28.541172
正觉寺,汉语系,释照正,,贵州省,遵义市,赤水市,贵州省赤水市长沙镇笃睦村关上组,,,,,105.970680,28.707478
石梅寺,汉语系,曾中云,,贵州省,遵义市,赤水市,贵州省赤水市元厚镇石梅村,,,,,105.919899,28.377441
长岭圆通寺,汉语系,释崇慈,,贵州省,遵义市,赤水市,贵州省赤水市文华办红岭社区,,,,,105.703972,28.580948
曹佛寺,汉语系,韩正华,,贵州省,遵义市,赤水市,贵州省赤水市丙安乡三佛村,,,,,105.823700,28.467112
中华寺,汉语系,释明德,,贵州省,遵义市,凤冈县,贵州省遵义市凤冈县王寨镇高坝组,,,,,107.886551,27.753191
土溪玉凰阁,汉语系,曾祥立,,贵州省,遵义市,凤冈县,贵州省遵义市凤冈县土溪镇大连村,,,,,107.746643,28.290920
太极洞观音寺,汉语系,曹大碧,,贵州省,遵义市,凤冈县,贵州省遵义市凤冈县何坝凌云村,,,,,107.682030,27.864021
川祖寺,汉语系,安文华,,贵州省,遵义市,凤冈县,贵州省遵义市凤冈县蜂岩镇一品泉社区,,,,,107.815346,27.757278
琊川双塘寺,汉语系,张健,,贵州省,遵义市,凤冈县,贵州省遵义市凤冈县琊川镇新村,,,,,107.670349,27.683552
真武山红叶寺,汉语系,释宗明,1996-12-15,贵州省,遵义市,凤冈县,贵州省遵义市凤冈县龙泉镇文峰村,,,,,107.721054,27.973413
进化观音寺,汉语系,罗元碧,,贵州省,遵义市,凤冈县,贵州省遵义市凤冈县进化镇前进社区,,,,,107.684425,27.796427
才源寺,汉语系,高庆碧,,贵州省,遵义市,凤冈县,贵州省遵义市凤冈县天桥乡天桥村,,,,,107.837059,27.618912
平安寺,汉语系,释应慧,清顺康年间,贵州省,遵义市,红花岗区,贵州省遵义市新蒲新区新蒲镇中坪村,遵义平安寺坐落在贵州省遵义市新蒲镇320国道旁，距市区20公里，所处地理位置平坦，交通便利，风景优美、灵气逼人。,,,,107.001022,27.675371
湘山寺,汉语系,释心照,年代不详,贵州省,遵义市,红花岗区,贵州省遵义市红花岗区湘山路,湘山寺屹立于名城遵义市中心，雄踞红花岗区群山环抱、贯城河湘江偎依的湘山之巅。碧波捧莲蕊，绿叶护红花，是幽雅秀丽的千年古刹。被定为省级文物保护单位。寺建于唐代宗大历年间（公元766—779年），名万福寺，1200余年间，数易其名，元初称护国寺，明末称湘山寺，清中称双泉禅寺，民国初称万寿禅院，但湘山寺之名却被沿用至今。,,,,106.927193,27.682180
桃溪寺,汉语系,释能圆,年代不详,贵州省,遵义市,红花岗区,贵州省遵义市红花岗区忠庄镇,桃溪寺，风景名胜，位于贵州省遵义市西郊5公里。桃溪寺为木结构四合院式建筑，山门两侧为八字墙，门上匾额横书“桃溪寺”三字、整个寺宇背依一片古枫翠柏，面临清澈明丽的桃溪河水，桃溪河两岸桃李成片，绿柳垂丝，是近郊一片难得的田园佳境。桃溪寺为省级文物保护单位。,,,,106.879761,27.633007
回龙寺,汉语系,释悟戒,年代不详,贵州省,遵义市,红花岗区,贵州省遵义市红花岗区万里路,,,,,106.920600,27.675050
海风井寺,汉语系,释宗缘,,贵州省,遵义市,红花岗区,贵州省遵义市红花岗区南关镇南岭村,,,,,106.904625,27.649696
灵山寺,汉语系,释宗明,,贵州省,遵义市,红花岗区,贵州省遵义市红花岗区长征镇凉水村,,,,,106.951485,27.689901
白云寺,汉语系,释果园,年代不详,贵州省,遵义市,红花岗区,贵州省遵义市红花岗区健生路24号,,,,,107.188444,27.687398
石佛洞寺,汉语系,释实辉,,贵州省,遵义市,红花岗区,贵州省遵义市红花岗区长征镇沙坝村,,,,,106.945038,27.696680
茅衙寺,汉语系,释传法,,贵州省,遵义市,红花岗区,贵州省遵义市红花岗区海龙镇温泉村,,,,,106.833282,27.733202
菩提寺,汉语系,释应强,,贵州省,遵义市,红花岗区,贵州省遵义市红花岗区老城法院街,,,,,106.919800,27.687190
螺狮山复兴寺,汉语系,释相品,,贵州省,遵义市,红花岗区,贵州省遵义市红花岗区中华南路税务厅巷口村,,,,,106.931139,27.686274
邵阳寺,汉语系,释佛顺,,贵州省,遵义市,红花岗区,贵州省遵义市红花岗区巷口镇巷口村,,,,,106.835663,27.672390
金狮山法王寺,汉语系,释智觉,,贵州省,遵义市,红花岗区,贵州省遵义市红花岗区红海路金狮山,,,,,106.936378,27.697191
金鼎山寺院,汉语系,释普法,,贵州省,遵义市,红花岗区,贵州省遵义市红花岗区金鼎山镇,,,,,106.801239,27.725580
雷台山般若寺,汉语系,释果维,,贵州省,遵义市,红花岗区,贵州省遵义市红花岗区延安路雷台山居,,,,,106.939186,27.693853
龙潭寺,汉语系,释应净,,贵州省,遵义市,红花岗区,贵州省遵义市红花岗区海龙镇龙泉村,,,,,106.875603,27.757252
董公寺,汉语系,释觉法,明朝万历年间,贵州省,遵义市,汇川区,贵州省遵义市汇川区董公寺镇新庙,董公寺位于遵义市北部，娄山关南麓，距市中心6公里，是汇川区的一个镇，原先是一座寺，现在的地方就是遵义市北关中学，与著名的董酒厂仅有一墙之隔。,,,,106.924774,27.764812
云峰山寺,汉语系,释仁真,,贵州省,遵义市,汇川区,贵州省遵义市汇川区板桥镇,,,,,106.913773,27.971451
弘源寺,汉语系,无,,贵州省,遵义市,汇川区,贵州省遵义市汇川区团泽镇洪江村,,,,,107.075722,27.769053
水口寺,汉语系,释慧照,,贵州省,遵义市,汇川区,贵州省遵义市汇川区团泽镇高台村,,,,,107.076004,27.813412
汇川区如来寺,汉语系,释惟持,,贵州省,遵义市,汇川区,贵州省遵义市汇川区董公寺镇沿红村,,,,,106.927673,27.736523
观音岩,汉语系,释位宗,,贵州省,遵义市,汇川区,贵州省遵义市汇川区上海路,,,,,106.927628,27.707840
观音阁寺,汉语系,释果云,,贵州省,遵义市,汇川区,贵州省遵义市汇川区三阁公园,,,,,106.916763,27.709801
金佛寺,汉语系,释慧宗,,贵州省,遵义市,汇川区,贵州省遵义市汇川区上海路,,,,,106.927628,27.707840
银盘寺,汉语系,伍居士,,贵州省,遵义市,汇川区,贵州省遵义市汇川区董公寺镇银盘寺,,,,,106.924967,27.764817
高岩寺,汉语系,释通灵,年代不详,贵州省,遵义市,汇川区,贵州省遵义市汇川区高坪镇永胜村玉平组,,,,,106.904381,27.816132
高崖山寺,汉语系,释觉超,,贵州省,遵义市,汇川区,贵州省遵义市汇川区董公寺镇割麻村,,,,,106.955032,27.749170
报恩寺,汉语系,释真胜,,贵州省,遵义市,汇川区,贵州省遵义市汇川区高坪镇双狮村,,,,,106.914444,27.811932
西来庵,汉语系,释寂源,年代不详,贵州省,遵义市,湄潭县,贵州省遵义市湄潭县湄江镇,西来庵，始建于明朝万历后期，原名“朝阳寺”，明末清初，深处偏远闭塞的贵州夜郎故地，是一个多事之秋。苟延残喘的南明王朝蛰居偷安于黔南安龙，永历帝朱由榔的左右踌躇，使得朝臣奸党拉帮结派。其下大西军头目孙可望暴力凶残，为排除异己，不惜灭杀重臣，时任川黔滇巡抚权臣钱邦芑也难免遭此劫难。为避灾祸，钱邦芑不得以出家为僧，自号“大错”，辗转余庆他山，后到湄潭“朝阳寺”隐居，并改名为“西来庵”，以回避奸人注意。在湄潭，钱邦芑与当时身居要职的云贵总督范鑛、兵部尚书程源、礼部祭司郎中郑之珖，以及胡钦华、吴扶灵等聚集西来庵一带，“栽花莳竹”，设馆授徒，企图了结残生。可惜时不遂愿，不得以再度逃逸隐匿。钱邦芑虽然只是匆匆而来，又匆匆而走，但他在这里却留下了《西来庵记》、《水源洞天》、《柏扬坝琴洲记》等传世篇章。,,,,107.476501,27.767088
兰伞寺,汉语系,李代芬,,贵州省,遵义市,湄潭县,贵州省遵义市湄潭县黄家坝镇岩孔坝村,,,,,107.418100,27.733370
开元寺,汉语系,田儒芬,,贵州省,遵义市,湄潭县,贵州省遵义市湄潭县永兴镇永兴镇共村黄菊山,,,,,107.576200,27.868780
楞严寺,汉语系,释果勇,,贵州省,遵义市,湄潭县,贵州省遵义市湄潭县永兴镇三街137号,,,,,107.576200,27.868780
永兴寺,汉语系,释普尽,,贵州省,遵义市,湄潭县,贵州省遵义市湄潭县茅坪镇桂花村,,,,,107.393944,27.493052
观音洞寺,汉语系,张文学,2001-03-10,贵州省,遵义市,湄潭县,贵州省遵义市湄潭县洗马乡杨家山村,,,,,107.511543,27.948923
金沙寺,汉语系,刘千明,,贵州省,遵义市,湄潭县,贵州省遵义市湄潭县鱼泉镇仙谷山村,,,,,107.485700,27.865780
龙宝寺,汉语系,释果延,,贵州省,遵义市,湄潭县,贵州省遵义市湄潭县湄江镇环西路６０号,,,,,107.481258,27.768376
普陀寺,汉语系,释能信,,贵州省,遵义市,湄潭县,贵州省遵义市湄潭县湄江镇龙泉村水沿沟村民组,,,,,107.489000,27.780670
云帱山寺,汉语系,释祖弘,年代不详,贵州省,遵义市,仁怀市,贵州省遵义市仁怀市中枢街道办事处火炉坎村麻沙沟组,云帱山寺又叫飞龙寺。位于贵州省仁怀市东云帱山上，寺初建于明朝万历（公元1403年——1425年）年间，存至民国八年（公元1919）年。传建此寺时，突遇颇似观音圣像之大陨石自天而将。故此寺称“飞来寺”亦名“观音寺”，历时五百载，香火甚为旺盛。,,省级重点文物保护单位,,106.449821,27.807201
骑龙寺,汉语系,刘应怀,年代不详,贵州省,遵义市,仁怀市,贵州省遵义市仁怀市茅台镇岩滩村青杠林组,骑龙寺位于贵州省仁怀市茅台镇龙山之麓、赤水之滨。此地因国酒茅台香飘中外，骑龙寺因长徵渡口而彪炳古今。青龙山顶建有“醉醒”高楼，与朱砂堡由江泽民主席题词的“红军长征四渡赤水纪念塔”遥相呼应，蔚然壮观。,,,,106.382660,27.897062
妙音寺,汉语系,释妙乐,,贵州省,遵义市,仁怀市,贵州省遵义市仁怀市中枢街道办事处火炉坎村青杠坡组,妙音寺庙位于贵州省仁怀市，2015年由93岁高僧学长老题字“大雄宝殿”。其周边景区公园云帱山森林公园是仁怀市重点工程项目，该公园景区包含“妙乐胜境”（2014年由明学长老题词）牌楼，妙音寺寺庙等景点。,,,,106.434128,27.811884
云仙寺,汉语系,释演宏,,贵州省,遵义市,仁怀市,贵州省遵义市仁怀市中枢街道办事处东门社区东门组,,,,,106.423691,27.816219
千佛寺,汉语系,释常乐,,贵州省,遵义市,仁怀市,贵州省遵义市仁怀市中枢街道办事处东门社区东门组,,,,,106.423691,27.816219
台圣寺,汉语系,王崇良,,贵州省,遵义市,仁怀市,贵州省遵义市仁怀市茅台镇杨柳湾社区七组,,,,,106.381943,27.856972
台洋寺,汉语系,王卯先,,贵州省,遵义市,仁怀市,贵州省遵义市仁怀市茅台镇观音社区2组,,,,,106.370354,27.854761
太平寺,汉语系,释通觉,,贵州省,遵义市,仁怀市,贵州省遵义市仁怀市中枢街道办事处青杠园社区沙坪组,,,,,106.409042,27.800112
水口寺,汉语系,虞枝富,,贵州省,遵义市,仁怀市,贵州省遵义市仁怀市鲁班镇生界村水口组,,,,,106.358994,27.767122
永安寺,汉语系,邓先发,,贵州省,遵义市,仁怀市,贵州省遵义市仁怀市五马镇鱼孔村街道组,,,,,106.342468,27.649282
洪恩寺,汉语系,王正锣,,贵州省,遵义市,仁怀市,贵州省遵义市仁怀市大坝镇街道社区云山组,,,,,106.417107,28.018362
玉屏寺,汉语系,释海灵,,贵州省,遵义市,仁怀市,贵州省遵义市仁怀市中枢街道办事处城北社区玉屏组,,,,,106.417358,27.815022
莫家岩寺,汉语系,释佛印,,贵州省,遵义市,仁怀市,贵州省遵义市仁怀市茅坝镇茅坝社区新华组,,,,,106.191978,27.689224
观佛寺,汉语系,释静慈,,贵州省,遵义市,仁怀市,贵州省遵义市仁怀市长岗镇长征社区4组,,,,,106.424248,27.665760
卧龙寺,汉语系,释传清,,贵州省,遵义市,绥阳县,贵州省遵义市绥阳县郑场镇卧龙村,位于贵州省绥阳县郑场镇万里村的卧龙山上，又名川祖神祠。始建于唐代宗永泰元年（765年），距离县城15公里，占地面积约5400平方米。,,,,107.262665,27.898943
九龙寺,汉语系,李世会,,贵州省,遵义市,绥阳县,贵州省遵义市绥阳县蒲场镇七九村,,,,,107.063065,27.852982
云台寺,汉语系,张晓容,,贵州省,遵义市,绥阳县,贵州省遵义市绥阳县洋川镇乡门村,,,,,107.194542,27.959326
仙顶寺,汉语系,陈启富,,贵州省,遵义市,绥阳县,贵州省遵义市绥阳县风华镇金承村,,,,,107.129370,27.973676
冸水寺,汉语系,刘登贵,,贵州省,遵义市,绥阳县,贵州省遵义市绥阳县枧坝镇枧坝村,,,,,107.042709,28.069122
凤凰寺,汉语系,毛荣阳,,贵州省,遵义市,绥阳县,贵州省遵义市绥阳县茅垭镇关德村,,,,,107.214920,28.120380
合口寺,汉语系,向常福,,贵州省,遵义市,绥阳县,贵州省遵义市绥阳县茅垭镇茅垭村,,,,,107.170120,28.090530
回归寺,汉语系,刘登权,,贵州省,遵义市,绥阳县,贵州省遵义市绥阳县蒲场镇蒲场村,,,,,107.089149,27.899691
圆音寺,汉语系,吴堂艳,,贵州省,遵义市,绥阳县,贵州省遵义市绥阳县洋川镇民兴村,,,,,107.215782,27.965706
天台寺,汉语系,释藏慧,,贵州省,遵义市,绥阳县,贵州省遵义市绥阳县洋川镇天台村,,,,,107.191368,27.963322
宗峰寺,汉语系,代玉良,,贵州省,遵义市,绥阳县,贵州省遵义市绥阳县枧坝镇杉木箐村,,,,,107.057388,28.115952
宝盖寺,汉语系,杨世琼,,贵州省,遵义市,绥阳县,贵州省遵义市绥阳县洋川镇乡门村,,,,,107.194542,27.959326
永丰寺,汉语系,王龙刚,年代不详,贵州省,遵义市,绥阳县,贵州省遵义市绥阳县风华镇金字村,,,,,107.108429,27.972313
灵山寺,汉语系,释古参,,贵州省,遵义市,绥阳县,贵州省遵义市绥阳县风华镇牛心村,,,,,107.115601,27.913073
狮山寺,汉语系,释应祥,,贵州省,遵义市,绥阳县,贵州省遵义市绥阳县郑场镇狮山村,,,,,107.253304,27.882721
白云寺,汉语系,张承楷,年代不详,贵州省,遵义市,绥阳县,贵州省遵义市绥阳县洋川镇东山村,,,,,107.207558,27.988543
白云寺,汉语系,赵家祥,年代不详,贵州省,遵义市,绥阳县,贵州省遵义市绥阳县风华镇双龙村,,,,,107.157730,27.899910
白石金山寺,汉语系,童正隆,,贵州省,遵义市,绥阳县,贵州省遵义市绥阳县风华镇莲丰村,,,,,107.109612,27.931511
白马寺,汉语系,叶建林,,贵州省,遵义市,绥阳县,贵州省遵义市绥阳县洋川镇民丰村,,,,,107.204292,27.969042
皇台寺,汉语系,释莲刚,,贵州省,遵义市,绥阳县,贵州省遵义市绥阳县洋川镇诗乡门村,,,,,107.170601,27.939034
石鼓寺,汉语系,彭相勃,,贵州省,遵义市,绥阳县,贵州省遵义市绥阳县旺草镇晨光村,,,,,107.272591,28.129251
神仙洞,汉语系,王照英,年代不详,贵州省,遵义市,绥阳县,贵州省遵义市绥阳县洋川镇东山村,,,,,107.207558,27.988543
縂文观音寺,汉语系,秦安银,,贵州省,遵义市,绥阳县,贵州省遵义市绥阳县风华镇银堡村,,,,,107.092453,27.932842
踏脚寺,汉语系,谭长学,,贵州省,遵义市,绥阳县,贵州省遵义市绥阳县风华镇光明村,,,,,107.137840,27.969332
金山寺,汉语系,郑继多,年代不详,贵州省,遵义市,绥阳县,贵州省遵义市绥阳县旺草镇光华村,,,,,107.280083,28.148790
锣铜寺,汉语系,释通智,,贵州省,遵义市,绥阳县,贵州省遵义市绥阳县风华镇金字村,,,,,107.108429,27.972313
静心寺,汉语系,李其祥,,贵州省,遵义市,绥阳县,贵州省遵义市绥阳县风华镇风华村,,,,,107.108658,27.935972
报恩寺,汉语系,释普恩,,贵州省,遵义市,绥阳县,贵州省遵义市绥阳县郑场镇清源村,,,,,107.229210,27.910381
普陀寺,汉语系,梁润先,,贵州省,遵义市,绥阳县,贵州省遵义市绥阳县洋川镇雅泉村,,,,,107.159637,27.956633
瑞峰寺,汉语系,释智觉,,贵州省,遵义市,桐梓县,贵州省遵义市桐梓县尧龙山镇金山村,,,,,106.800011,28.567352
观音寺,汉语系,释普明,,贵州省,遵义市,桐梓县,贵州省遵义市桐梓县娄山关镇二农村,,,,,106.831100,28.099392
降龙寺,汉语系,释智泽,,贵州省,遵义市,桐梓县,贵州省遵义市桐梓县娄山关镇城郊村山岔丫,,,,,106.824608,28.125841
龙台寺,汉语系,释果提,,贵州省,遵义市,桐梓县,贵州省遵义市桐梓县楚米镇楚蔬村,,,,,106.832779,28.235760
慈光寺,汉语系,释智广,,贵州省,遵义市,桐梓县,贵州省遵义市桐梓县娄山关镇东山村,,,,,106.838540,28.148650
普陀寺,汉语系,释本安,,贵州省,遵义市,桐梓县,贵州省遵义市桐梓县娄山关镇二农村,,,,,106.831100,28.099392
九龙寺,汉语系,释宗良,,贵州省,遵义市,习水县,贵州省遵义市习水县东皇镇伏龙村牛老湾组,,,,,106.226761,28.305529
佛宝山寺,汉语系,胡通会,,贵州省,遵义市,习水县,贵州省遵义市习水县伏龙村沙坝组,,,,,106.226761,28.305529
凌云寺,汉语系,郑地书,,贵州省,遵义市,习水县,贵州省遵义市习水县醒民镇钢铁村十三组,,,,,106.043381,28.148960
天华寺,汉语系,释宏明,,贵州省,遵义市,习水县,贵州省遵义市习水县寨坝镇友谊村,,,,,106.527870,28.683493
天堂寺,汉语系,释万文,,贵州省,遵义市,习水县,贵州省遵义市习水县习酒镇金坪村,,,,,106.175278,28.155441
太平山寺,汉语系,廖天贵,,贵州省,遵义市,习水县,贵州省遵义市习水县东皇镇白坭村大岩组,,,,,106.274803,28.298702
朝阳寺,汉语系,邓通会,,贵州省,遵义市,习水县,贵州省遵义市习水县马临经济工业区临丰村第四组,,,,,106.178482,28.263222
正龙寺,汉语系,释正一,,贵州省,遵义市,习水县,贵州省遵义市习水县东皇镇关坪村黄坪组,,,,,106.206497,28.292412
永安寺,汉语系,释宗良,,贵州省,遵义市,习水县,贵州省遵义市习水县土城镇青杠坡村,,,,,106.049850,28.264662
芸枫寺,汉语系,释通印,,贵州省,遵义市,习水县,贵州省遵义市习水县东皇镇木楠村天堂组,,,,,106.184692,28.323854
菩提寺,汉语系,释照勤,,贵州省,遵义市,习水县,贵州省遵义市习水县东皇镇太平村红星组,,,,,106.209244,28.378073
观音寺,汉语系,释照平,,贵州省,遵义市,习水县,贵州省遵义市习水县温水镇罗汉村红星组,,,,,106.494629,28.439201
青龙山佛光寺,汉语系,释照彻,,贵州省,遵义市,习水县,贵州省遵义市习水县民化乡三元村,,,,,106.132469,28.312002
龙凤寺,汉语系,罗通会,,贵州省,遵义市,习水县,贵州省遵义市习水县东皇镇关坪村小湾组,,,,,106.206497,28.292412
龟山寺,汉语系,赵兴列,,贵州省,遵义市,习水县,贵州省遵义市习水县土城镇团结街四组,,,,,106.008591,28.263163
禹门寺,汉语系,释心志,,贵州省,遵义市,新蒲新区,贵州省遵义市新蒲新区新舟镇沙滩村红光组,,,,,107.205360,27.780510
节孝寺,汉语系,无,,贵州省,遵义市,新蒲新区,贵州省遵义市新蒲新区虾子镇宝合村,,,,,107.222504,27.719193
雨台寺,汉语系,释香云,,贵州省,遵义市,新蒲新区,贵州省遵义市新蒲新区虾子镇米兰社区雨台山,,,,,107.189537,27.681984
飞钟寺,汉语系,无,,贵州省,遵义市,新蒲新区,贵州省遵义市新蒲新区三渡镇水洋村东方红组,,,,,107.315292,27.676260
凉龙寺,汉语系,罗成林,,贵州省,遵义市,余庆县,贵州省遵义市余庆县松烟镇大松村凉水组,,,,,107.626091,27.618450
平安寺,汉语系,任永娥,清顺康年间,贵州省,遵义市,余庆县,贵州省遵义市余庆县大乌江镇乌江村龙屯组,,,,,107.701340,27.399191
朝阳寺,汉语系,娄义中,,贵州省,遵义市,余庆县,贵州省遵义市余庆县松烟镇新台村林湾组,,,,,107.574524,27.581631
朝阳洞,汉语系,刘福华,,贵州省,遵义市,余庆县,贵州省遵义市余庆县花山乡花山村桥边组,,,,,107.702484,27.374422
极乐寺,汉语系,袁林华,,贵州省,遵义市,余庆县,贵州省遵义市余庆县白泥镇下里村四组,,,,,107.900421,27.226912
灵净寺,汉语系,张王亮,,贵州省,遵义市,余庆县,贵州省遵义市余庆县关兴镇高炉村坪上组,,,,,107.703712,27.538900
玉佛寺,汉语系,释果庆,,贵州省,遵义市,余庆县,贵州省遵义市余庆县小腮镇中关村代强组,,,,,107.832581,27.251060
石佛寺,汉语系,释能来,,贵州省,遵义市,余庆县,贵州省遵义市余庆县龙家镇光辉村艾门组,,,,,107.577293,27.514021
金山寺,汉语系,释妙尘,年代不详,贵州省,遵义市,余庆县,贵州省遵义市余庆县白泥镇子营社区草墩坳组,,,,,107.880890,27.236452
普陀寺,汉语系,张定能,,贵州省,遵义市,余庆县,贵州省遵义市余庆县关兴镇关兴村凯里组,,,,,107.731422,27.565231
石笋峰观音寺,汉语系,释通修,,贵州省,遵义市,正安县,贵州省遵义市正安县凤仪镇楼台村,正安石笋峰，正安八景之一，位于正安县凤仪镇，地处楼台新区与清溪河漂流毛家塘途中，距县城西2.5公里。因该峰由一块完整的巨石形成，且其外形酷似一根破土而出正努力向上生长的石笋而得名。峰顶与地面的垂直距离为150米，相当于一座50层高的摩天大楼。在这根巨大无比的石笋上，从山脚到山巅10余座庙宇楼阁层层相叠，远远望去，寺庙建筑与石峰相得益彰，缺一不可。庙内塑观音、药王、山神等神像。徙步登峰，道狭险峻，人登峰顶如入云霄，放眼远望，周围青山翠柏，绿树成荫，让人心宁气闲。,,,,107.438538,28.533401
二圣阁观音寺,汉语系,徐万仙,,贵州省,遵义市,正安县,贵州省遵义市正安县凤仪镇汪家田村,,,,,107.438332,28.561022
凤凰观音寺,汉语系,徐世友,,贵州省,遵义市,正安县,贵州省遵义市正安县安场镇小米庄村大田组,,,,,107.401459,28.617712
南龙口经灵寺,汉语系,释涌喜,,贵州省,遵义市,正安县,贵州省遵义市正安县庙塘镇教良村鸽子坝组,,,,,107.179543,28.553772
天仁堂观音寺,汉语系,张禄帮,,贵州省,遵义市,正安县,贵州省遵义市正安县新州镇新洲村新民组,,,,,107.354736,28.802181
崇兴寺,汉语系,释心道,,贵州省,遵义市,正安县,贵州省遵义市正安县凤仪镇山峰村,,,,,107.456863,28.543242
樊溪庙观音寺,汉语系,释通成,,贵州省,遵义市,正安县,贵州省遵义市正安县安场镇官井村,,,,,107.435738,28.646332
水井岩观音寺,汉语系,霍金全,,贵州省,遵义市,正安县,贵州省遵义市正安县安场镇光明村平坝组,,,,,107.426552,28.637571
田生口观音寺,汉语系,敖顺菊,,贵州省,遵义市,正安县,贵州省遵义市正安县凤仪镇田生村,,,,,107.460403,28.528410
石龙峰观音寺,汉语系,郑周义,,贵州省,遵义市,正安县,贵州省遵义市正安县瑞溪镇瑞溪村,,,,,107.356583,28.567093
罗汉洞观音寺,汉语系,释涓僧,,贵州省,遵义市,正安县,贵州省遵义市正安县瑞溪镇燕子坝村,,,,,107.418831,28.600941
铁金岩观音寺,汉语系,黎兴贵,,贵州省,遵义市,正安县,贵州省遵义市正安县安场镇兴庄村林坪组,,,,,107.438980,28.653372
雄塘寺,汉语系,娄义芳,,贵州省,遵义市,正安县,贵州省遵义市正安县小雅镇小雅街上,,,,,107.221420,28.491812
龙泉寺,汉语系,释祖琴,,贵州省,遵义市,正安县,贵州省遵义市正安县凤仪镇凤山社区,,,,,107.443069,28.550493
龙虎硐观音寺,汉语系,释通群,,贵州省,遵义市,正安县,贵州省遵义市正安县安场镇支前村,,,,,107.410469,28.609663
三层寺,汉语系,释常修,,贵州省,遵义市,遵义县,贵州省遵义市遵义县南白镇后坝村农田组,,,,,106.804054,27.493162
东流寺,汉语系,释佛慧,,贵州省,遵义市,遵义县,贵州省遵义市遵义县泮水镇西安村高峰组,,,,,106.423203,27.532822
五显寺,汉语系,释心悟,,贵州省,遵义市,遵义县,贵州省遵义市遵义县西坪镇厂上村厂上组,,,,,107.199448,27.519381
佛兴寺,汉语系,释朗悟,,贵州省,遵义市,遵义县,贵州省遵义市遵义县鸭溪镇雷泉社区二组,,,,,106.671494,27.575352
双龙寺,汉语系,无,,贵州省,遵义市,遵义县,贵州省遵义市遵义县乌江镇老君关村大坝组,,,,,106.783142,27.322882
和音寺,汉语系,无,,贵州省,遵义市,遵义县,贵州省遵义市遵义县三合镇龙兴组,,,,,106.771751,27.422791
和音寺,汉语系,释祖相,,贵州省,遵义市,遵义县,贵州省遵义市遵义县三合镇三合村南街组,,,,,106.767899,27.416462
回龙寺,汉语系,释如会,年代不详,贵州省,遵义市,遵义县,贵州省遵义市遵义县马蹄镇长远村和平组,,,,,106.460159,27.554031
圣云寺,汉语系,释圆静,,贵州省,遵义市,遵义县,贵州省遵义市遵义县喇叭镇高山村前进组,,,,,107.095573,27.585581
复兴禅院,汉语系,释悟踪,,贵州省,遵义市,遵义县,贵州省遵义市遵义县龙坪镇瓦厂村瓦厂组,,,,,107.002083,27.534231
宝峰山寺,汉语系,释元贵,,贵州省,遵义市,遵义县,贵州省遵义市遵义县南白镇宝井村锦友组,,,,,106.834503,27.537689
川祖寺,汉语系,释贤甘,,贵州省,遵义市,遵义县,贵州省遵义市遵义县尚稽镇茅坪村全军坝组,,,,,106.896774,27.580751
平正乡圆通寺,汉语系,释本空,,贵州省,遵义市,遵义县,贵州省遵义市遵义县平正乡红星村六井组,,,,,107.227341,27.415131
弘庙寺,汉语系,无,,贵州省,遵义市,遵义县,贵州省遵义市遵义县团溪镇五龙村团山组,,,,,107.087257,27.445772
泮水观音寺,汉语系,释儒端,,贵州省,遵义市,遵义县,贵州省遵义市遵义县泮水镇遵金村民兴组,,,,,106.324577,27.501085
石牛寺,汉语系,释传学,,贵州省,遵义市,遵义县,贵州省遵义市遵义县南白镇白龙社区肖家湾组,,,,,106.834038,27.515303
矿泉寺,汉语系,释橡清,,贵州省,遵义市,遵义县,贵州省遵义市遵义县枫香镇枫胜居枫胜组,,,,,106.535873,27.605242
罗汉寺,汉语系,释心定,,贵州省,遵义市,遵义县,贵州省遵义市遵义县南白镇遵南社区,,,,,106.837791,27.552851
群仙寺,汉语系,李明扬,,贵州省,遵义市,遵义县,贵州省遵义市遵义县毛石镇白花村太平组,,,,,106.684639,27.843691
西来寺,汉语系,释悟踪,,贵州省,遵义市,遵义县,贵州省遵义市遵义县龙坑镇八里村林村组,,,,,106.819550,27.594423
青龙寺,汉语系,释明亮,,贵州省,遵义市,遵义县,贵州省遵义市遵义县三合镇刀靶村丰坪组,,,,,106.756531,27.366880
飞来寺,汉语系,释照圆,,贵州省,遵义市,遵义县,贵州省遵义市遵义县三岔镇尖山村青水组,,,,,106.922966,27.504015
龙岩寺,汉语系,释传银,,贵州省,遵义市,遵义县,贵州省遵义市遵义县沙湾镇大土坎组,,,,,106.829220,27.536250
显灵寺,汉语系,释真元,,贵州省,遵义市,遵义县,贵州省遵义市遵义县三合镇阁庄村从兴组,,,,,106.806458,27.443451
普渡寺,汉语系,杨志孝,,贵州省,遵义市,遵义县,贵州省遵义市遵义县三盆镇落炉村仙峰组,,,,,106.555397,28.006592
海南永庆寺,汉语系,释根通,年代不详,海南省,,澄迈县,海南省澄迈县老城盈滨半岛,永庆寺位于海南省澄迈县，盈滨半岛旅游区。永庆寺始建于北宋时期，为古代“澄迈八景”之一，是海南历史上有名的禅林圣地。经后历朝历代不断扩建，形成一定规模。寺院有佛殿三座、东西厢房十多间和山门等建筑物。殿宇分别摆设如来佛、观世音佛及多尊菩萨，为琼北人民禅林圣地。善男信女常临祈祷，香火萦绕不断。其时周围林木茂盛，遮天蔽日，景色秀丽，环境清幽，为古代澄迈县著名八景之一。,,,,110.110917,19.982259
澄迈县金山寺,汉语系,释昌乐,,海南省,,澄迈县,海南省澄迈县金江镇金山寺,澄迈金山寺，位于海南省海口市西南56公里处的澄迈县城金江镇，寺院始建于明朝洪武年间，解放前夕毁于兵乱，1993年重建。规模宏伟，是海南省目前较大的佛教建筑物。,,,,110.012901,19.739441
定安县龙凤山普济寺,汉语系,林旺先,,海南省,,定安县,海南省定安县富文镇龙凤山,,,,,110.262848,19.551172
陵水县三昧寺,汉语系,常贤,,海南省,,陵水县,海南省陵水县南门岭城南村,,,,,110.031563,18.500885
陵水县庆善庵,汉语系,释总贤,2005-07-27,海南省,,陵水县,海南省陵水县椰林镇城东村,,,,,110.044502,18.499432
海南博鳌禅寺,汉语系,释常藏,2004-06-26,海南省,,琼海市,海南省琼海市博鳌镇博鳌禅寺,,,,,110.558243,19.160202
屯昌县福庆寺,汉语系,许道书,年代不详,海南省,,屯昌县,海南省屯昌县新兴镇下园村,福庆寺位于海南省屯昌县大同乡大塘村，原名“福禄庵”，最初由清代临济宗比丘尼释心贤、释心静住持。师勤如恒，精通经文；严守戒律，遵循佛本；佛显其灵，士尽其恳；庵誉遐弛，慈心施仁。,,,,110.151253,19.497482
屯昌西仁寺,汉语系,李高进,,海南省,,屯昌县,海南省屯昌县屯城新南路甲67号,,,,,110.103470,19.351820
万宁市潮音寺,汉语系,林存海,年代不详,海南省,,万宁市,海南省万宁市万城镇东山岭景区,相传唐代天宝七年（公元748年），鉴真法师第五次东渡日本未果，漂流至海南，于是率弟子专程来东山岭讲经弘法，佛音绕梁，三日不绝，随后第六次东渡终于成功。,,,,110.421181,18.802347
万宁市后安广善庵,汉语系,翁夏福,,海南省,,万宁市,海南省万宁市后安镇后安村委会上市村,,,,,110.450432,18.863312
海南省文昌市宏光寺,汉语系,印顺,2003-09-09,海南省,,文昌市,海南省文昌市文城镇启智里,,,,,110.752808,19.618380
海口市仁心寺,汉语系,印顺,2014-06-30,海南省,海口市,美兰区,海南省海口市美兰区海甸一东路六庙4号,,,,,110.343658,20.046873
海口市泰华庵,汉语系,释成道,,海南省,海口市,美兰区,海南省海口市美兰区灵山镇灵桂路,,,,,110.432930,19.966669
海口市灵山寺,汉语系,释海信,2002-02-04,海南省,海口市,美兰区,海南省海口市美兰区灵山镇,,,,,110.432930,19.966669
海口市湖中寺,汉语系,释海信,2014-06-30,海南省,海口市,秀英区,海南省海口市秀英区海港路20号,,,,,110.281610,20.017260
三亚南山寺大茅山庄念佛堂,汉语系,陈兆琛,2011-05-08,海南省,三亚市,,海南省三亚市吉阳镇大茅村委会,,,,,109.634987,18.347601
三亚南山寺海上观音道场,汉语系,印顺,,海南省,三亚市,,海南省三亚市南山佛教文化旅游区,,,,,109.208847,18.295860
三亚市南山寺,汉语系,印顺,,海南省,三亚市,,海南省三亚市崖城镇南山文化旅游区,,,,,109.210983,18.300606
三亚市南山寺三十三观音堂,汉语系,马宪泉,,海南省,三亚市,,海南省三亚市崖城镇南山文化旅游区,,,,,109.210983,18.300606
三亚市南山寺金玉观音阁,汉语系,周浩,,海南省,三亚市,,海南省三亚市崖城镇南山文化旅游区,,,,,109.210983,18.300606
三圣寺,汉语系,滑会军,,河北省,保定市,安国市,河北省安国市东王奇村,,,,,115.362373,38.373451
东兴寺,汉语系,纪秋征,,河北省,保定市,安国市,河北省安国市南章村,,,,,115.456482,38.388042
云城念佛堂,汉语系,封纪年,,河北省,保定市,安国市,河北省安国市东方药城富康路,,,,,115.335289,38.420300
兴国寺,汉语系,释妙善,年代不详,河北省,保定市,安国市,河北省安国市东长仕村,,,,,115.326640,38.418450
北大街念佛堂,汉语系,李丽欣,,河北省,保定市,安国市,河北省安国市北大街,,,,,115.326640,38.418450
大李庄念佛堂,汉语系,石习彬,2006-12-08,河北省,保定市,安国市,河北省安国市大李庄村,,,,,115.240128,38.336220
广慧寺,汉语系,释果一,,河北省,保定市,安国市,河北省安国市曲堤村,,,,,115.352753,38.425541
流昌念佛堂,汉语系,李荣安,2006-12-01,河北省,保定市,安国市,河北省安国市流昌村,,,,,115.348503,38.313160
菩提念佛堂,汉语系,刘克军,,河北省,保定市,安国市,河北省安国市门东村,,,,,115.372627,38.438152
韩村念佛堂,汉语系,周建房,,河北省,保定市,安国市,河北省安国市韩村,,,,,115.326640,38.418450
德慧念佛堂,汉语系,马长生,2014-06-28,河北省,保定市,安国市,河北省安国市祁州镇北河沿45号,,,,,115.315033,38.419941
灵觉寺,汉语系,释恒意,年代不详,河北省,保定市,安新县,河北省保定市安新县同口镇同口三村,河北灵觉寺始建于清乾隆年间，位于保定市安新县同口镇西南孝义河畔，在白洋淀内，四面皆水，为尼僧院。,,,,115.869675,38.795326
净业禅寺,汉语系,释真修,,河北省,保定市,安新县,河北省保定市安新县三台镇申明亭村,,,,,115.839653,38.967293
天宁寺,汉语系,释昌恒,唐代,河北省,保定市,安新县,河北省保定市安新县安州镇桥南村,,,全国重点文物保护单位,,115.827232,38.883930
敕赐沛恩寺,汉语系,释龙凤,,河北省,保定市,安新县,河北省保定市安新县白洋淀文化苑,,,,,115.969231,38.941528
明珠寺,汉语系,李大英,,河北省,保定市,安新县,河北省保定市安新县城东环路,,,,,115.935640,38.935350
护国寺,汉语系,杜永良,年代不详,河北省,保定市,博野县,河北省保定市博野县大营村,大营护国寺位于博野县城南约2.5公里的大营村东，可从县城南街口南行过小营村再直接南行到大营村，进村不远东行即可，也可以从县城东博程路口南行至国家粮食储备库再西行1公里入村即到。大营护国寺现占地面积20余亩，近年重建后已经初具规模，已建成三重大殿，东西配殿，斋堂，戏台等建筑。另建有韩祖祠。大营护国寺每年正月初十左右举行隆重庙会，平时初一，十五及重要佛教节日庙门大开。,,,,115.483589,38.429871
正信念佛堂,汉语系,孟凡林,,河北省,保定市,博野县,河北省保定市博野县小店村,,,,,115.452019,38.532711
正觉念佛堂,汉语系,翟子忠,,河北省,保定市,博野县,河北省保定市博野县城东,,,,,115.464390,38.457660
白塔念佛堂,汉语系,井民权,,河北省,保定市,博野县,河北省保定市博野县白塔村,,,,,115.526100,38.378220
菩提寺,汉语系,朱泽普,,河北省,保定市,博野县,河北省保定市博野县北白沙村,,,,,115.454231,38.463760
报国念佛堂,汉语系,陈僧,,河北省,保定市,博野县,河北省保定市博野县大墟村,,,,,115.503830,38.485210
普宁念佛堂,汉语系,孙秀敏,,河北省,保定市,博野县,河北省保定市博野县大齐村,,,,,115.516510,38.475689
吉祥寺,汉语系,王千,,河北省,保定市,定兴县,河北省保定市定兴县小朱庄乡臧官营村,,,,,115.895012,39.213531
天华寺,汉语系,赵连英,,河北省,保定市,定兴县,河北省保定市定兴县北田乡东章村,,,,,115.862892,39.159721
众慧念佛堂,汉语系,杜静轩,,河北省,保定市,定州市,河北省定州市冢息镇贾村,,,,,114.970573,38.309780
佛光寺,汉语系,释万生,年代不详,河北省,保定市,定州市,河北省定州市李亲顾镇市庄村,,,,,115.119858,38.288063
兴国寺,汉语系,释宗法,年代不详,河北省,保定市,定州市,河北省定州市北城区新立街,,,,,114.990250,38.516260
慈云念佛堂,汉语系,李平占,,河北省,保定市,定州市,河北省定州市子位镇寺底村,,,,,115.155151,38.305103
云溪寺,汉语系,释昌如,,河北省,保定市,阜平县,河北省保定市阜平县平阳镇山嘴头村三岩寨,,,,,114.476273,38.818932
大佛寺,汉语系,释自在,,河北省,保定市,阜平县,河北省保定市阜平县天生桥镇大车沟口村,,,,,114.009682,38.878941
法华寺,汉语系,释仁熙,,河北省,保定市,阜平县,河北省保定市阜平县王林口乡寺口村,,,,,114.322388,38.821762
白衣寺,汉语系,释悟智,,河北省,保定市,阜平县,河北省保定市阜平县龙泉关镇黑崖沟村,,,,,113.811989,38.951183
红叶寺,汉语系,释寂光,,河北省,保定市,阜平县,河北省保定市阜平县阜平镇苍山村,,,,,114.181664,38.795120
般若寺,汉语系,释正风,,河北省,保定市,阜平县,河北省保定市阜平县龙泉关镇八里庄村,,,,,113.889427,38.910622
菩提寺,汉语系,释印开,,河北省,保定市,阜平县,河北省保定市阜平县龙泉关镇西刘庄村,,,,,113.820183,38.939163
观音寺,汉语系,释贤善,年代不详,河北省,保定市,阜平县,河北省保定市阜平县天生桥镇不老树村,,,,,114.037079,38.876652
静慧寺,汉语系,邵春如,,河北省,保定市,阜平县,河北省保定市阜平县史家寨乡定家庄村,,,,,114.273071,38.924900
弥陀寺,汉语系,释永慧,年代不详,河北省,保定市,阜平县,河北省保定市阜平县史家寨乡董家村,,,,,114.305183,38.965302
恒山寺,汉语系,释太如,,河北省,保定市,阜平县,河北省保定市阜平县台峪乡吴家庄村,,,,,114.431770,38.946682
百国极乐寺,汉语系,释常慧,,河北省,保定市,高碑店市,河北省高碑店市高碑店北大街188号,,,,,115.886380,39.356730
普佑念佛堂,汉语系,韩建立,,河北省,保定市,高阳县,河北省保定市高阳县东街,,,,,115.778840,38.700070
普惠寺,汉语系,释妙严,,河北省,保定市,高阳县,河北省保定市高阳县庞口镇旧城村,,,,,115.927254,38.680832
护国寺,汉语系,刘书铭,年代不详,河北省,保定市,涞水县,河北省保定市涞水县三坡镇邢各庄村,涞水县三坡护国寺始建于辽代，原名“观音寺”。大清光绪年间重修一次。抗战时期，八路军在此架设电台，被日军发现，遭日军飞机轰炸被毁。后邢各庄村村民自发修建，又于文革期间再遭破坏一直未曾恢复。2011年，邢各庄村两委班子全体成员极力倡导，邀请大功德主刘书铭居士（法号释迦千煦）重建本寺，并签订协议。,,,,115.365501,39.693340
中天古佛寺,汉语系,释证住,,河北省,保定市,涞水县,河北省保定市涞水县赵各庄镇李各庄村,,,,,115.242828,39.678753
中庆华寺,汉语系,释传道,,河北省,保定市,涞水县,河北省保定市涞水县永阳镇北洛平村,,,,,115.591293,39.458973
广华寺,汉语系,释能莲,,河北省,保定市,涞水县,河北省保定市涞水县涞水镇南关村,,,,,115.714790,39.389362
庆华寺,汉语系,释隆发,,河北省,保定市,涞水县,河北省保定市涞水县永阳镇北洛平村,,,,,115.591293,39.458973
金山寺,汉语系,李名文,,河北省,保定市,涞水县,河北省保定市涞水县石亭镇金山寺,,,,,115.724792,39.515602
凊凉寺,汉语系,释传喜,,河北省,保定市,涞源县,河北省保定市涞源县白石山镇白石口村,,,,,114.704300,39.260643
圆照寺,汉语系,释静修,,河北省,保定市,涞源县,河北省保定市涞源县白石山镇菜村岗村,,,,,114.667274,39.290581
大中寺,汉语系,释永修,,河北省,保定市,涞源县,河北省保定市涞源县上庄乡中庄村,,,,,114.774033,39.457951
登梯寺,汉语系,释证柱,,河北省,保定市,涞源县,河北省保定市涞源县水堡镇井子会村,,,,,114.530952,39.320580
石佛寺（原文殊寺）,汉语系,释会修,,河北省,保定市,涞源县,河北省保定市涞源县南韩村,,,,,114.690773,39.382202
紫岩寺,汉语系,释妙成,,河北省,保定市,涞源县,河北省保定市涞源县金家井乡孙家庄村,,,,,114.739159,39.481800
莲池寺,汉语系,释德定,,河北省,保定市,涞源县,河北省保定市涞源县南屯乡黑山村,,,,,114.744308,39.305653
观音寺,汉语系,释会修,年代不详,河北省,保定市,涞源县,河北省保定市涞源县杨家庄镇浮图峪村,,,,,114.841309,39.368549
镇海禅寺,汉语系,释体证,,河北省,保定市,涞源县,河北省保定市涞源县城区办南关村,,,,,114.690361,39.346283
香山寺,汉语系,释隆理,,河北省,保定市,涞源县,河北省保定市涞源县北石佛乡北石佛村,,,,,114.627419,39.341713
古莲台万佛寺,汉语系,释道泓,2002-08-18,河北省,保定市,蠡县,河北省保定市蠡县辛兴镇梁庄村,蠡州首刹——古莲台万佛寺，位于河北省保定市的东南部，坐落在蠡县东北九公里处的梁家庄。据史料记载“古莲台”是秦始皇统一六国之后所建的高台之一，三十八步台阶，高十余米，四周为莲花池所敷设围绕，故得“古莲台”之名；后因土山中天然生出一种小黄菊花，故名“菊花山”。梁家庄以古莲台为中心围绕建村，全村有九条道路贯穿于此，如九龙吐珠一般，故又名“九龙口”。,,,,115.653244,38.545322
慈云禅林,汉语系,释果纬,年代不详,河北省,保定市,蠡县,河北省保定市蠡县万安镇崔庄,慈云禅林位于蠡县城东北十五公里处，坐落在万安镇崔庄村东，以寺中直径两米左右的铁铸大钟而得名，始建于宋末元初，兴盛于明朝中叶，当时常住僧众达数百人之多。抗战时期大钟寺被战火夷为平地，大钟和寺院碑文被护教信众埋入地下，至今下落不明。,,,,115.645599,38.600090
兴国禅寺,汉语系,刘新社,,河北省,保定市,蠡县,河北省保定市蠡县桑园镇潘营村,,,,,115.581017,38.586319
古灵山寺,汉语系,韩秀云,,河北省,保定市,蠡县,河北省保定市蠡县万安镇古灵山村,,,,,115.627357,38.665844
正觉念佛堂,汉语系,韩进发,,河北省,保定市,蠡县,河北省保定市蠡县小陈乡南大留村,,,,,115.556091,38.513062
紫薇山念佛堂,汉语系,杜小霞,,河北省,保定市,蠡县,河北省保定市蠡县辛兴镇辛兴村,,,,,115.650314,38.557732
营山寺,汉语系,井小双,,河北省,保定市,蠡县,河北省保定市蠡县万安镇井营村,,,,,115.633949,38.655411
德善念佛堂,汉语系,高迎春,2011-05-13,河北省,保定市,蠡县,河北省保定市蠡县小陈乡张村,,,,,115.527809,38.525951
忠孝寺,汉语系,杨喜梅,,河北省,保定市,蠡县,河北省保定市蠡县城内范字街,,,,,114.984589,38.744812
普贤念佛堂,汉语系,王彦俊,,河北省,保定市,蠡县,河北省保定市蠡县北关,,,,,115.583600,38.488060
真觉禅寺（大慈阁）,汉语系,释真广,,河北省,保定市,莲池区,河北省保定市莲池区穿行楼北街57号,,,,,115.502610,38.859300
慈云禅寺,汉语系,释悟亮,,河北省,保定市,莲池区,河北省保定市莲池区东金庄乡东金庄村,,,,,115.536697,38.871250
慈缘堂,汉语系,闫志军,,河北省,保定市,莲池区,河北省保定市阳光北大街1236号,,,,,115.480560,38.897270
观音寺,汉语系,道志,年代不详,河北省,保定市,清苑区,河北省保定市清苑区闫庄乡国公营村,,,,,115.642014,38.906590
德泉寺,汉语系,释戒光,,河北省,保定市,清苑区,河北省保定市清苑区温仁镇罗家营村,,,,,115.414818,38.594315
八会千佛寺,汉语系,付同会,,河北省,保定市,曲阳县,河北省保定市曲阳县晓林乡石门村,,,,,114.683952,38.548714
浮休寺,汉语系,释戒修,,河北省,保定市,曲阳县,河北省保定市曲阳县恒州镇水窦涧,,,,,114.669250,38.656044
清凉庵,汉语系,释隆慈,,河北省,保定市,曲阳县,河北省保定市曲阳县文德乡慈顺村,,,,,114.790932,38.572662
黄山八会寺,汉语系,释智严,,河北省,保定市,曲阳县,河北省保定市曲阳县羊平镇西羊平村,,,,,114.716393,38.524761
普净寺,汉语系,潘香云,,河北省,保定市,曲阳县,河北省保定市曲阳县恒州镇北关村,,,,,114.699532,38.625664
普明寺念佛堂,汉语系,颜志伟,,河北省,保定市,曲阳县,河北省保定市曲阳县郎家庄乡郎家庄村,,,,,114.645325,38.863682
楞严寺,汉语系,释妙净,,河北省,保定市,容城县,河北省保定市容城县南张镇南张村,,,,,115.790550,39.055191
龙华寺,汉语系,无,,河北省,保定市,容城县,河北省保定市容城县南张镇沙河营村,,,,,115.816292,39.087723
明月禅寺,汉语系,无,1993-05-04,河北省,保定市,容城县,河北省保定市容城县晾马台镇晾马台村,,,,,116.000801,39.071934
卧佛寺,汉语系,李建国,年代不详,河北省,保定市,唐县,河北省保定市唐县白合镇柏山村,卧佛寺位於河北省井陉县苍岩山，吴兆林居士创建於1993年，系净士道场，现有天王殿、大雄宝殿、卧佛殿、钟鼓楼等。碑刻一块。卧佛寺位于苍岩山福庆寺之巅，主要建筑有卧佛殿、大雄宝殿、钟鼓楼等。整个建筑依山就势，递次增高，殿宇耸矗，金碧辉煌，其中卧佛寺内塑有全国最大的室内卧佛。该寺是佛教信徒依法开展佛事活动和法物流通的场所，常年有僧人留住。,,,,114.857101,38.887131
文殊寺,汉语系,释一明,年代不详,河北省,保定市,唐县,河北省保定市唐县羊角乡塔子沟村,创建于元朝泰定年间（公元1324－1327年），占地二十余亩。明朝万历初年（1573年），邑人李朝阳于燕赵豫晋之间募铜万余斤，铸成阿弥陀佛接引像一尊，佛像高二丈三尺，线条流畅，造型逼真，高大雄伟，置大殿内，后人遂称文殊寺一名大佛寺。,,,,114.688141,39.019630
兴国寺,汉语系,郑俊苗,年代不详,河北省,保定市,唐县,河北省保定市唐县大洋乡明伏村,,,,,114.829857,38.830532
延禧寺,汉语系,释尊行,,河北省,保定市,唐县,河北省保定市唐县园子村,,,,,114.982964,38.740013
柏岩寺,汉语系,释恒光,,河北省,保定市,唐县,河北省保定市唐县军城镇贤表村,,,,,114.706688,38.866951
灵源寺,汉语系,释尊行,,河北省,保定市,唐县,河北省保定市唐县高昌镇庆都山,,,,,115.021828,38.792927
金牛寺,汉语系,张永生,,河北省,保定市,唐县,河北省保定市唐县军城镇娘子神村,,,,,114.727180,38.914993
龙潭寺,汉语系,高田庆,,河北省,保定市,唐县,河北省保定市唐县长古城乡大白尧村,,,,,114.951370,38.685600
显龙寺,汉语系,释隆福,,河北省,保定市,唐县,河北省保定市唐县王京镇东马寨村,,,,,115.023651,38.651253
大善国寺,汉语系,张同杰,唐贞观年间,河北省,保定市,望都县,河北省保定市望都县黑堡乡西白城,大善国寺始建于唐贞观年间，位于河北省望都县西白城村，占地30余亩，殿堂庄严，佛法昌隆。民国初期，诸般逆缘，渐成废墟。[1],,,,115.056458,38.728321
净业念佛堂,汉语系,高占忠,,河北省,保定市,望都县,河北省保定市望都县中韩庄乡尧庄村,,,,,115.255074,38.585754
净寂念佛堂,汉语系,张秋景,2004-05-10,河北省,保定市,望都县,河北省保定市望都县寺庄乡寺庄村,,,,,115.140480,38.755840
崇兴寺,汉语系,张同爱,,河北省,保定市,望都县,河北省保定市望都县宰庄村,,,,,115.089729,38.717041
法禅寺,汉语系,李国顺,,河北省,保定市,望都县,河北省保定市望都县高岭乡东白陀,,,,,115.251572,38.670502
观音寺,汉语系,唐兴佳,年代不详,河北省,保定市,望都县,河北省保定市望都县小寨子,,,,,115.260048,38.526970
观音院,汉语系,孙振江,,河北省,保定市,望都县,河北省保定市望都县中韩庄乡北曹庄,,,,,115.265411,38.615601
静莲居舍念佛堂,汉语系,熊丙信,,河北省,保定市,望都县,河北省保定市望都县朝阳路静莲居舍念佛堂,,,,,115.184052,38.713493
普静寺,汉语系,孙增水,,河北省,保定市,望都县,河北省保定市望都县中韩庄乡北王疃,,,,,115.218048,38.642521
大佛禅寺念佛堂,汉语系,赵山林,,河北省,保定市,雄县,河北省保定市雄县雄州镇黄湾村,,,,,116.065041,38.964642
福慧念佛堂,汉语系,邢利军,,河北省,保定市,雄县,河北省保定市雄县昝岗镇段岗村,,,,,116.222809,39.054939
慈慧念佛堂,汉语系,李俊仙,,河北省,保定市,雄县,河北省保定市雄县张岗乡张庄村北,,,,,116.235313,39.023003
伍级洪教禅寺,汉语系,陈玉龙,,河北省,保定市,徐水区,河北省保定市徐水区大因镇伍级村,,,,,115.660439,38.961723
兜率寺,汉语系,释明月,,河北省,保定市,徐水区,河北省保定市徐水区大王店镇西黑山村,,,,,115.405968,39.075180
李迪成普偈寺,汉语系,释愿泓,,河北省,保定市,徐水区,河北省保定市徐水区大因镇李迪成村,,,,,115.739891,38.901371
白塔铺兴圣寺念佛堂,汉语系,释慧忍,,河北省,保定市,徐水区,河北省保定市徐水区高林村镇白塔铺村,,,,,115.674332,39.057503
福慧念佛堂,汉语系,闫淑贤,,河北省,保定市,徐水区,河北省保定市徐水区安肃镇南城村,,,,,115.654259,39.009090
西崔庄净宗念佛堂,汉语系,李大勇,,河北省,保定市,徐水区,河北省保定市徐水区崔庄镇西崔庄村,,,,,115.738869,39.014591
吉祥寺念佛堂,汉语系,郑春晖,,河北省,保定市,易县,河北省保定市易县白马乡上白羊村,,,,,115.432831,39.447628
镇国禅寺,汉语系,张宝华,,河北省,保定市,易县,河北省保定市易县凌云册乡解村,,,,,115.536217,39.244400
龙泉大历寺,汉语系,释法可,,河北省,保定市,易县,河北省保定市易县西山北乡塔峪村,,,,,115.275902,39.125450
宝胤寺,汉语系,邱树志,年代不详,河北省,保定市,涿州市,河北省涿州市豆庄乡西何各庄村,千年古刹宝胤寺位于河北省涿州市西何各庄村，西何各庄村为燕督亢秋成旧址，宝胤寺因祈求督亢沃野平原五谷丰登而建。南濒修复一新的燕赵古长城，东依风光旖旎的荷花淀，北临通贯东西的廊涿高速公路。寺庙由砖石砌造，外廓剪影优美，远望古朴凝重，巍峨雄伟。该寺始建于唐初，距今至少有1400年历史。,,,,116.076080,39.392361
六祖禅寺,汉语系,无,年代不详,河北省,保定市,涿州市,河北省涿州市清凉寺办事处马坊村,六祖禅寺建于涿州市清凉寺办事处马坊村东，为纪念六祖惠能大师，成为涿州市又一重要的文化标志。,,,,116.036552,39.506493
海禅林寺,汉语系,证文,年代不详,河北省,保定市,涿州市,河北省涿州市义和庄乡东茨村,海禅林寺位于涿州市区东15公里，义和庄乡东茨村。始建于清乾隆二十三年。供奉圣母。参照泰山娘娘庙宫修建。,,,,116.156410,39.479721
天国寺,汉语系,肖茂功,,河北省,保定市,涿州市,河北省涿州市桃园办事处太平庄村,,,,,115.957512,39.496181
南小营念佛堂,汉语系,周树清,,河北省,沧州市,沧县,河北省沧州市沧县纸房头乡南小营村,,,,,116.729942,38.284523
开元寺念佛堂,汉语系,庞从峰,,河北省,沧州市,沧县,河北省沧州市沧县旧州镇东关村,,,,,117.036980,38.205360
铁佛寺,汉语系,赵宝成,年代不详,河北省,沧州市,东光县,河北省沧州市东光县南外环铁佛寺,铁佛寺，位于沧州市偏西南60公里处的东光县城内，素有“沧州狮子景州塔，东光县的铁菩萨”而闻名遐迩。据《东光县志》记载，铁佛寺原名“普照寺”，始建于北宋开宝五年（公元973年）。,,省级重点文物保护单位,,116.538422,37.874260
印心精舍,汉语系,李风红,2009-06-22,河北省,沧州市,东光县,河北省沧州市东光县南霞镇南霞口村,,,,,116.561150,37.970596
善导佛堂,汉语系,朱娜,2011-07-21,河北省,沧州市,东光县,河北省沧州市东光县连镇镇前一街,,,,,116.483093,37.801773
净土念佛堂,汉语系,赵永奎,,河北省,沧州市,河间市,河北省河间市胜利中路,,,,,116.104134,38.449471
千佛寺念佛堂,汉语系,悟实,,河北省,沧州市,河间市,河北省河间市胜利路,,,,,116.099000,38.445480
弘宇佛堂,汉语系,张福华,,河北省,沧州市,黄骅市,河北省黄骅市黄骅镇新华路东,,,,,117.360992,38.370152
海印佛堂,汉语系,孙建军,,河北省,沧州市,黄骅市,河北省黄骅市黄骅镇深庄村,,,,,117.368362,38.370430
双庙村佛教活动场所,汉语系,王丙奇,,河北省,沧州市,南皮县,河北省沧州市南皮县刘八里乡双庙村,,,,,116.693161,38.017200
杨庄村佛教活动场所,汉语系,黄海明,,河北省,沧州市,南皮县,河北省沧州市南皮县刘八里乡杨庄村,,,,,116.657242,38.053772
佛光寺,汉语系,姚贵林,年代不详,河北省,沧州市,泊头市,河北省泊头市文庙镇文庙村,,,,,116.612320,38.177280
六和莲社,汉语系,李树兰,,河北省,沧州市,泊头市,河北省泊头市西郝村,,,,,116.308464,38.117001
泊莲禅寺,汉语系,王连立,,河北省,沧州市,泊头市,河北省泊头市泊镇肖圈村,,,,,116.558861,38.049232
盘古寺,汉语系,果兹,2010-08-09,河北省,沧州市,青县,河北省沧州市青县盘古镇盘古村,盘古寺，是位于河北青县的寺院。,,,,116.800270,38.527222
观音寺,汉语系,周玉书,年代不详,河北省,沧州市,青县,河北省沧州市青县新兴镇大孝子墓,东临大海西临涧，南控齐鲁锁幽燕。古刹历代高僧栖，名播天下誉津南。《青县志》（清。光绪）载：观音寺在县西南四十里大孝子墓东南隅，同治（1867年）六年重修。观音寺位于新兴镇大孝子墓村东，始建于何年何月已无从考证，但在其几百年的历史长河中，许多帝王墨客到此观瞻凭吊，留下了不少动人的故事。,,,,116.721550,38.418713
地藏寺,汉语系,吴华芬,公元1816年,河北省,沧州市,青县,河北省沧州市青县清州镇耿官屯村,地藏寺始建于公元1816年，即清朝仁宗嘉庆二十一年、夏历丙子年。昔日格局宏峻，庙产有香资地三百余亩，范围达围场、丰宁及本镇周边地区。,,,,116.856995,38.602581
雷音寺,汉语系,张富昌,,河北省,沧州市,青县,河北省沧州市青县金牛镇雷音寺,,,,,117.052727,38.605843
文殊念佛堂,汉语系,赵辉,,河北省,沧州市,青县,河北省沧州市青县城区文化路、振兴路口北,,,,,116.803180,38.583480
古佛禅林,汉语系,释崇悲,,河北省,沧州市,任丘市,河北省任丘市新华路办事处文化北道,,,,,116.105629,38.707329
净心禅院,汉语系,赵玉生,,河北省,沧州市,市沧县,河北省沧州市沧县大官厅乡史贾村,,,,,116.636177,38.356953
李天木泰山奄,汉语系,商正刚,,河北省,沧州市,市沧县,河北省沧州市沧县李天木乡李天木村,,,,,117.057564,38.339931
内村佛教活动点,汉语系,郗淑馈,2011-01-29,河北省,沧州市,肃宁县,河北省沧州市肃宁县尚村镇北内村,,,,,115.812363,38.490868
北甘河华严念佛堂,汉语系,刘宪环,2003-10-29,河北省,沧州市,肃宁县,河北省沧州市肃宁县肃宁镇北甘河村,,,,,115.820641,38.447544
岳庄佛教活动点,汉语系,王玉格,1997-03-29,河北省,沧州市,肃宁县,河北省沧州市肃宁县万里镇北岳庄村,,,,,115.876747,38.320862
法藏念佛堂,汉语系,刘凤,,河北省,沧州市,吴桥县,河北省沧州市吴桥县安陵镇小齐村,,,,,116.401398,37.692039
隆华寺,汉语系,范振峰,,河北省,沧州市,献县,河北省沧州市献县段村乡彭村,,,,,116.040741,38.284203
净业寺,汉语系,张爱农,,河北省,沧州市,盐山县,河北省沧州市盐山县城南宣惠河南岸,,,,,117.228058,38.052059
水月寺念佛堂,汉语系,白玉凤,,河北省,沧州市,运河区,河北省沧州市运河区水月寺大街40号,,,,,116.857117,38.316845
中砞念佛堂,汉语系,许瑞云,2004-03-07,河北省,承德市,承德县,河北省承德市承德县下板城镇中砞村,,,,,118.179153,40.776970
净宗念佛堂,汉语系,冯水伶,,河北省,承德市,承德县,河北省承德市承德县甲山镇黄庄村,,,,,118.407623,40.783234
竹林寺,汉语系,佟爱国,,河北省,承德市,承德县,河北省承德市承德县上谷乡马杖子村,,,,,118.514130,40.809933
慈龙寺,汉语系,杨忠武,,河北省,承德市,承德县,河北省承德市承德县大营子乡全宝河村,,,,,118.018898,40.714729
承德县讲佛堂,汉语系,孙强,,河北省,承德市,承德县,河北省承德市承德县下板城,,,,,118.162399,40.760811
同林寺,汉语系,焦云庭,,河北省,承德市,丰宁满族自治县,河北省承德市丰宁满族自治县选营乡选营村,,,,,116.881363,41.391071
大觉禅寺,汉语系,释海如,,河北省,承德市,丰宁满族自治县,河北省承德市丰宁满族自治县土城镇四间房村,,,,,116.527908,41.341831
祇园精舍,汉语系,张凤侠,2010-06-08,河北省,承德市,丰宁满族自治县,河北省承德市丰宁满族自治县大阁镇北坝沿,,,,,116.646141,41.204922
万塔黄崖寺,汉语系,释明月,年代不详,河北省,承德市,宽城满族自治县,河北省承德市宽城满族自治县宽城镇三异景村,万塔黄崖寺位于河北省宽城县县城西南，有悠久的历史和深厚的文化底蕴。为辽金时期佛教遗址，是我国北方最大的汉传佛教场所，1991年被确定为省级文物保护单位。,,,,118.463501,40.572430
万寿寺,汉语系,郭宝金,南北朝后梁大定六年（559年）,河北省,承德市,隆化县,河北省承德市隆化县唐三营镇唐南村,河北省承德市隆化县唐三营万寿寺始建于清康熙42年（公元1702年）8月，完工于康熙45年5月。房屋共80间。总占地13340平方米，其中主寺面积3200平方米，另有主持院落和戏楼广场等。因建于万寿山脚下而得名。由朝庭依诏敕建，康熙帝御笔亲提“万寿寺”三个大字，制成金匾挂于山门正方并幸于60岁生日时在此度过。本寺建成后，威名远扬，成为清代管辖古北口外唯一的一处汉传佛道双修的主持寺庙。,,,,117.795174,41.639690
利生念佛堂,汉语系,孙林,2006-07-03,河北省,承德市,隆化县,河北省承德市隆化县隆化镇三北种业南库前,,,,,117.747208,41.318813
圆通寺,汉语系,党秀山,,河北省,承德市,隆化县,河北省承德市隆化县隆化镇南街村,,,,,117.730019,41.314213
观音寺念佛堂,汉语系,释昌通,2012-01-16,河北省,承德市,隆化县,河北省承德市隆化县蓝旗镇苏木营村观音寺念佛堂,,,,,117.651413,41.359612
观音念佛堂,汉语系,徐凤云,2012-07-17,河北省,承德市,隆化县,河北省承德市隆化县韩麻营镇牌岔子村,,,,,117.813377,41.285202
普照寺,汉语系,陆建军,,河北省,承德市,隆化县,河北省承德市隆化县茅荆棘坝乡茅荆坝村,,,,,118.124367,41.527100
石佛寺,汉语系,石增亮,,河北省,承德市,滦平县,河北省承德市滦平县付营子乡邢家沟门村,石佛寺座落于河北省承德市西南约30公里的滦平县付营子乡邢家沟门的石佛山上，距京承高速2公里。这里崇山峻岭，风景秀美，是个非常有灵气的地方。过去没有修路以前，通往寺院的路只有一条羊肠小道，要经过三道山门才能进入寺院。门前左侧有许多巨石昂天而立，是未来观音阁的绝妙去处，四面观音佛像将在那里落座。庙门前和右侧是环山悬崖。站在悬崖上，向远方眺望，可以看到民间传说中的南天门，绵延的山脉，酷似一座巨大的卧佛，浮云缭绕，令人神奇，令人遐想……,,,,117.743378,40.890732
滦平县城念佛堂,汉语系,孙玉琴,,河北省,承德市,滦平县,河北省承德市滦平县滦平镇工贸城,,,,,117.349792,40.943840
观音寺,汉语系,哈斯巴特尔,年代不详,河北省,承德市,滦平县,河北省承德市滦平县大屯满族乡兴洲村,,,,,117.373611,41.011322
金沟屯佛教固定活动处所,汉语系,焦国芳,,河北省,承德市,滦平县,河北省承德市滦平县金沟屯镇金沟屯村,,,,,117.505875,41.051334
宗畅寺,汉语系,释明宽,年代不详,河北省,承德市,平泉县,河北省承德市平泉县平泉镇城北村,宗畅寺，俗称喇嘛庙，位于河北省承德市平泉县，是一座藏传佛教格鲁派寺院。,,,,118.709892,41.021103
平安寺,汉语系,陆艳,,河北省,承德市,平泉县,河北省承德市平泉县杨树岭镇三座店村,,,,,118.882019,41.002583
双龙寺,汉语系,尹永生,明代,河北省,承德市,双滦区,河北省承德市双滦区双塔山镇团瓢村,,,,,117.808632,40.967739
圣灵禅堂,汉语系,马新颜,2010-03-22,河北省,承德市,双滦区,河北省承德市双滦区双塔山镇棋盘地村中心大街68号,,,,,117.813800,40.972370
圣缘念佛堂,汉语系,赵明军,,河北省,承德市,双滦区,河北省承德市双滦区陈栅子南山根村,,,,,117.844482,40.890221
普宁寺,藏语系,莫日根图,年代不详,河北省,承德市,双桥区,河北省承德市双桥区普宁路1号,普宁寺位于河北省承德市，是中国北方最大的佛事活动场所，僧侣云集、香火旺盛，联合国教科文组织确定的世界文化遗产，国家首批公布的4A级景区。普宁寺的主尊佛像千手千眼观世音菩萨，通高27.21米，是世界上最大金漆木雕千手千眼观世音菩萨，已被列入吉尼斯世界纪录，经过整体维修后，更具宗教艺术的魅力，其文物价值和艺术价值堪称世界之最。,,,国家AAAA级旅游景区,117.952490,41.017160
佛光普照念佛堂,汉语系,李福仁,2015-04-20,河北省,承德市,双桥区,河北省承德市双桥区牛圈子沟镇马架子村,,,,,117.988441,40.963821
柒瑞龙光寺,汉语系,妙圆法师,2014-08-15,河北省,承德市,双桥区,河北省承德市双桥区大石庙镇马家庄村,,,,,118.008942,40.925503
石洞沟念佛堂,汉语系,张成玉,,河北省,承德市,双桥区,河北省承德市双桥区石洞子沟,,,,,117.920181,40.972054
哈里哈缘成念佛堂,汉语系,韩立顺,2013-05-20,河北省,承德市,围场满族蒙古族自治县,河北省承德市围场满族蒙古族自治县哈里哈乡八十三号,,,,,117.563889,42.167992
四合永念佛堂,汉语系,刘怀山,2007-12-08,河北省,承德市,围场满族蒙古族自治县,河北省承德市围场满族蒙古族自治县四合永镇营字村,,,,,117.829109,41.805607
围场镇报恩念佛堂,汉语系,王建军,,河北省,承德市,围场满族蒙古族自治县,河北省承德市围场满族蒙古族自治县围场镇金龙潭2号,,,,,117.763924,41.923462
塞罕坝念佛堂,汉语系,杨勇,2011-12-08,河北省,承德市,围场满族蒙古族自治县,河北省承德市围场满族蒙古族自治县塞罕坝林械林场三方林场,,,,,117.266129,42.409489
朝阳湾念佛堂,汉语系,张国林,2006-12-06,河北省,承德市,围场满族蒙古族自治县,河北省承德市围场满族蒙古族自治县朝阳湾镇朝阳湾村,,,,,117.964111,42.068851
聚缘阁念佛堂,汉语系,胡丽敏,2014-01-16,河北省,承德市,围场满族蒙古族自治县,河北省承德市围场满族蒙古族自治县围场镇前进村,,,,,117.768723,41.924591
龙潭念佛堂,汉语系,周淑芳,,河北省,承德市,围场满族蒙古族自治县,河北省承德市围场满族蒙古族自治县围场镇富强村,,,,,117.763939,41.933010
普法念佛堂,汉语系,赵小兵,2014-01-16,河北省,承德市,围场满族蒙古族自治县,河北省承德市围场满族蒙古族自治县围场镇土字村,,,,,117.763924,41.923462
九山仙居念佛堂,汉语系,高亚洲,2010-03-10,河北省,承德市,兴隆县,河北省承德市兴隆县上石洞乡栅子沟村,,,,,117.313721,40.473091
观自在念佛堂,汉语系,释衍芸,2014-01-10,河北省,承德市,兴隆县,河北省承德市兴隆县兴隆镇东区津兴名苑小区,,,,,117.516167,40.431652
钟鼓寺,汉语系,王春元,,河北省,承德市,兴隆县,河北省承德市兴隆县北水泉乡东梅寺村,,,,,117.508789,40.512520
隆芸寺,汉语系,释衍芸,,河北省,承德市,兴隆县,河北省承德市兴隆县雾灵山乡冬梅寺村,,,,,117.508789,40.512520
极乐寺,汉语系,王庆云,,河北省,邯郸市,,河北省邯郸市马头经济开发区城南办事处辛庄营村,,,,,114.450668,36.460239
二祖匡教禅寺,汉语系,祁金花,年代不详,河北省,邯郸市,成安县,河北省邯郸市成安县南环路,二祖匡教禅寺[1]位于河北省成安县城曙光东路，始建于南北朝北齐六年（公元555年），距今已有1400余年，当时占地300余亩，九门九照，住僧千余人，规模浩大，气势恢宏，堪为邺北第一大寺。禅宗二祖慧可大师当年在此地讲经说法34年，寺内为其筑台曰说法台。赵补初老先生曾说：没有慧可就没有中国禅宗！,,,,114.669990,36.444140
二祖寺,汉语系,释超和,,河北省,邯郸市,成安县,河北省邯郸市成安县商城镇东二祖村二祖寺,,,,,114.592522,36.480042
匡国寺,汉语系,李书美,,河北省,邯郸市,成安县,河北省邯郸市成安县柏寺营乡西岳固村,,,,,114.706619,36.373531
圆觉寺,汉语系,张林美,,河北省,邯郸市,成安县,河北省邯郸市成安县北乡义路固村,,,,,114.846176,36.448631
平安寺,汉语系,释会平,,河北省,邯郸市,成安县,河北省邯郸市成安县长巷乡温村,,,,,114.517891,36.392109
龙泉寺,汉语系,郝付生,年代不详,河北省,邯郸市,磁县,河北省邯郸市磁县路村营乡东田井村,龙泉寺位于路村营乡东田井村东磁峰路南侧的俸佛山上。该寺占地面积3600平方米，建筑面积1100平方米，是经河北省ZF1993年批准的建国以来我县唯一的一处重建规模较大的佛教活动场所。也是50年代淹没于东武仕水库库区原路村营村北福祯寺、东田井村北茶岗寺和鸿门寺三寺古建筑的综合恢复。,,,,114.300911,36.389900
白塔寺,汉语系,任贵秀,年代不详,河北省,邯郸市,磁县,河北省邯郸市磁县岳城镇岳城村,白塔寺位于河北省廊坊市，为一座千年古刹，传说北京紫禁城派来的一老一小两个和尚在此静修、为同一条中轴线上的皇宫调引风水。[1],,,,114.224678,36.285561
佛光寺,汉语系,粱瑞芹,年代不详,河北省,邯郸市,磁县,河北省邯郸市磁县岳城镇马家坟村,,,,,114.246155,36.283741
凤凰寺,汉语系,李志花,年代不详,河北省,邯郸市,磁县,河北省邯郸市磁县都党乡石场村,,,,,114.096092,36.340710
圣佛寺,汉语系,马秀莲,,河北省,邯郸市,磁县,河北省邯郸市磁县北贾北乡西庄村,,,,,114.075638,36.484741
塔院寺,汉语系,释证川,,河北省,邯郸市,磁县,河北省邯郸市磁县高臾镇白塔村,,,,,114.464851,36.404922
多庆寺,汉语系,姬占金,,河北省,邯郸市,磁县,河北省邯郸市磁县林坛镇林坛村,,,,,114.317909,36.478630
平原寺,汉语系,赵淑勤,,河北省,邯郸市,磁县,河北省邯郸市磁县讲武城镇孟庄村,,,,,114.342949,36.293751
灵光寺,汉语系,樊清臣,,河北省,邯郸市,磁县,河北省邯郸市磁县花官营乡北左良村,,,,,114.490593,36.508701
石佛寺,汉语系,武树叶,,河北省,邯郸市,磁县,河北省邯郸市磁县林坛镇范村,,,,,114.340393,36.473621
莲花禅寺,汉语系,高书春,,河北省,邯郸市,磁县,河北省邯郸市磁县都党乡南莲花村,,,,,114.098389,36.371101
金堂寺,汉语系,王伏水,,河北省,邯郸市,磁县,河北省邯郸市磁县观台镇西艾口村,,,,,114.069801,36.303070
惠安寺,汉语系,朱德昌,,河北省,邯郸市,磁县,河北省邯郸市磁县磁州镇西槐树村,,,,,114.327293,36.374691
慈云禅寺,汉语系,聂铭江,,河北省,邯郸市,磁县,河北省邯郸市磁县溢泉湖度假村,,,,,114.330231,36.406731
大乘玉佛寺,汉语系,宋贵生,年代不详,河北省,邯郸市,丛台区,河北省邯郸市丛台区铁西北大街2号,大乘玉佛寺原称大佛寺，位于河北省邯郸市区西部，插箭岭公园南，占地66亩，始建于南北朝大象年间，距今已有1400余年。[1-2],,,,114.467743,36.620739
四士堂,汉语系,古风琴,,河北省,邯郸市,丛台区,河北省邯郸市陵西路,,,,,114.493390,36.618530
大圣殿,汉语系,栗振远,,河北省,邯郸市,丛台区,河北省邯郸市丛台区中柳林村,,,,,114.520264,36.604229
天地寺,汉语系,释源信,,河北省,邯郸市,丛台区,河北省邯郸市丛台区苏曹乡河东社区桥东北街,,,,,114.517136,36.630886
清佛寺,汉语系,李增信,,河北省,邯郸市,丛台区,河北省邯郸市丛台区十里铺村南北大街,,,,,115.166611,36.337749
观音堂,汉语系,李秀荣,,河北省,邯郸市,丛台区,河北省邯郸市丛台区常谢庄村中街,,,,,114.480209,36.626438
观音堂,汉语系,秦克玉,,河北省,邯郸市,丛台区,河北省邯郸市丛台区南苏曹中街西头,,,,,114.493390,36.618530
龙门寺,汉语系,李建国,,河北省,邯郸市,丛台区,河北省邯郸市丛台区联纺西路北关小区北头路西,,,,,114.468468,36.629803
乡傩寺,汉语系,陈英,,河北省,邯郸市,大名县,河北省邯郸市大名县埝头乡前沙路村,,,,,115.317123,36.194202
兴国寺,汉语系,许贵善,年代不详,河北省,邯郸市,大名县,河北省邯郸市大名县旧治乡李三排村,,,,,115.198479,36.241001
大兴寺,汉语系,徐良亭,,河北省,邯郸市,大名县,河北省邯郸市大名县万堤镇皂庄村,,,,,115.253738,36.418873
清凉寺,汉语系,冯明振,西汉,河北省,邯郸市,大名县,河北省邯郸市大名县沙圪塔北贾庄村,,,,,115.070381,36.474133
碧丰寺,汉语系,宋英各,,河北省,邯郸市,大名县,河北省邯郸市大名县北峰乡后北峰村,,,,,115.420570,36.225922
青云寺,汉语系,罗广春,,河北省,邯郸市,大名县,河北省邯郸市大名县沙圪塔乡儒家寨南街,,,,,115.070168,36.453060
慧缘寺,汉语系,宋保民,,河北省,邯郸市,大名县,河北省邯郸市大名县金滩镇石家寨,,,,,115.284302,36.277653
普华寺,汉语系,王友玺,,河北省,邯郸市,大名县,河北省邯郸市大名县万堤镇代庄村,,,,,115.235069,36.373901
天台寺,汉语系,孙孟章,年代不详,河北省,邯郸市,肥乡县,河北省邯郸市肥乡县天台山镇天台山村,天台寺坐落于河北省肥乡县，建立于唐贞元二十三年，是佛教北方天台宗稀有弘法道场。天台山原为山名，山在天台山村东侧。雍正十年《肥乡县志》卷一记载：天台山在县西南十五里，上建天台寺。因系浙江天台山僧人结庵而居，山名为僧人所起，称天台山，寺称天台寺，与浙江天台山天台寺（国清讲寺原名），山名同，寺名同，法脉相连，血脉相连。,,,,114.723091,36.534641
井堂寺,汉语系,张新良,年代不详,河北省,邯郸市,肥乡县,河北省邯郸市肥乡县肥乡镇梁庄村东,肥乡县井堂寺是河北省丰厚历史资源的重要组成部分，因寺内有省重点文物保护单位——“圣井”而闻名。,,省级重点文物保护单位,,114.796593,36.575611
东佛寺,汉语系,释仁勤,,河北省,邯郸市,肥乡县,河北省邯郸市肥乡县城关镇高庄村东,,,,,114.777168,36.573261
兴福寺,汉语系,释义固,,河北省,邯郸市,肥乡县,河北省邯郸市肥乡县东漳堡乡东大靳村,,,,,114.983131,36.548782
大悲观音寺,汉语系,刘志军,,河北省,邯郸市,肥乡县,河北省邯郸市肥乡县旧店乡北营村,,,,,114.890381,36.651821
大觉寺,汉语系,石文钧,,河北省,邯郸市,肥乡县,河北省邯郸市肥乡县毛演堡乡后屯村,,,,,114.801407,36.601192
崇兴寺,汉语系,赵成栋,,河北省,邯郸市,肥乡县,河北省邯郸市肥乡县屯庄营乡小西高村,,,,,114.914864,36.588421
崇喜寺,汉语系,释思念,,河北省,邯郸市,肥乡县,河北省邯郸市肥乡县元固乡东元固村,,,,,114.878700,36.519951
清兴寺,汉语系,李义,,河北省,邯郸市,肥乡县,河北省邯郸市肥乡县天台山镇西马固村,,,,,114.753059,36.555202
白马寺,汉语系,刘晓红,,河北省,邯郸市,肥乡县,河北省邯郸市肥乡县肥乡镇后翟固村,,,,,114.853622,36.578350
观音寺,汉语系,释丛玉,年代不详,河北省,邯郸市,肥乡县,河北省邯郸市肥乡县旧店乡东北高村,,,,,114.920563,36.624050
慧明寺,汉语系,李新民,,河北省,邯郸市,肥乡县,河北省邯郸市肥乡县肥乡镇西张寨村,,,,,114.846771,36.611420
日月禅寺,汉语系,释昌飞,,河北省,邯郸市,肥乡县,河北省邯郸市肥乡县元固乡杨庄村东,,,,,114.840797,36.533592
南常乐寺,汉语系,陈秀荣,,河北省,邯郸市,峰峰矿区,河北省邯郸市峰峰矿区峰峰镇前西佐村,,,,,114.203033,36.489410
大钟寺,汉语系,秦继付,,河北省,邯郸市,峰峰矿区,河北省邯郸市峰峰矿区彭城镇富田村,,,,,114.170341,36.419220
峰增寺,汉语系,罗文付,,河北省,邯郸市,峰峰矿区,河北省邯郸市峰峰矿区峰峰镇峰峰村,,,,,114.214638,36.472282
柳泉寺,汉语系,李怀军,,河北省,邯郸市,峰峰矿区,河北省邯郸市峰峰矿区义井镇宿凤村,,,,,114.123482,36.442272
定国寺,汉语系,释悟君,年代不详,河北省,邯郸市,复兴区,河北省邯郸市复兴区人民西路,定国寺是我国较为古老的寺院遗址之一，座落在河北省邯郸市复兴区前百家村内,,,,114.472794,36.611629
孟仵佛教活动场所,汉语系,王洪凤,,河北省,邯郸市,复兴区,河北省邯郸市复兴区孟仵社区8米路西,,,,,114.468292,36.601952
庞村佛教活动场所,汉语系,何志刚,,河北省,邯郸市,复兴区,河北省邯郸市复兴区庞村大街西头,,,,,114.473090,36.616930
建峰佛教活动场所,汉语系,郭银铃,,河北省,邯郸市,复兴区,河北省邯郸市复兴区建峰院4-2-6,,,,,114.459534,36.616066
王郎佛教活动场所,汉语系,王利强,2004-06-04,河北省,邯郸市,复兴区,河北省邯郸市复兴区王郎广场西,,,,,114.460350,36.610394
联纺路佛教活动场所,汉语系,胡金明,,河北省,邯郸市,复兴区,河北省邯郸市复兴区联纺西路,,,,,114.438629,36.630970
西大屯佛教活动场所,汉语系,邰会生,2005-07-04,河北省,邯郸市,复兴区,河北省邯郸市复兴区西大屯村,,,,,114.442604,36.601593
西小屯佛教活动场所,汉语系,丁书凤,,河北省,邯郸市,复兴区,河北省邯郸市复兴区西小屯村,,,,,114.425613,36.593700
佛堂寺,汉语系,靳凤芹,,河北省,邯郸市,馆陶县,河北省邯郸市馆陶县馆陶镇车疃村,,,,,115.308289,36.572823
圆通寺,汉语系,暂缺,,河北省,邯郸市,馆陶县,河北省邯郸市馆陶县寿山寺乡宁堡村,,,,,115.199028,36.545670
天佛寺,汉语系,赵兰芝,,河北省,邯郸市,馆陶县,河北省邯郸市馆陶县王桥乡鸭窝村,,,,,115.164619,36.478500
空通寺,汉语系,郭树新,,河北省,邯郸市,馆陶县,河北省邯郸市馆陶县魏僧寨镇东村,,,,,115.389885,36.718533
功德寺,汉语系,郭昧林,,河北省,邯郸市,广平县,河北省邯郸市广平县胜营镇辛庄营村,,,,,114.858482,36.388142
千佛寺,汉语系,耿法清,,河北省,邯郸市,广平县,河北省邯郸市广平县广平镇城内村,,,,,114.946648,36.480522
崇福寺,汉语系,张朝海,,河北省,邯郸市,广平县,河北省邯郸市广平县平固店镇平东街,,,,,115.073814,36.569504
广善寺,汉语系,李秀兰,,河北省,邯郸市,广平县,河北省邯郸市广平县东张孟乡南寺头村,,,,,115.170837,36.575951
极乐寺,汉语系,吕廷芳,,河北省,邯郸市,广平县,河北省邯郸市广平县广平镇城南工业区,,,,,114.928329,36.445492
洪门寺,汉语系,曹付银,,河北省,邯郸市,广平县,河北省邯郸市广平县广平镇东孟固村,,,,,114.886230,36.473892
金岗花园寺,汉语系,释会天,,河北省,邯郸市,广平县,河北省邯郸市广平县十里铺乡金安村,,,,,115.038239,36.476410
施普寺,汉语系,郝长清,,河北省,邯郸市,广平县,河北省邯郸市广平县东张孟乡东张孟村,,,,,115.151237,36.576000
慧云禅寺,汉语系,释源尘,,河北省,邯郸市,邯郸南堡乡,河北省邯郸市邯郸南堡乡崔曲村,,,,,114.530579,36.524849
爆台寺,汉语系,张清金,年代不详,河北省,邯郸市,邯郸县,河北省邯郸市经济开发区爆台寺,河北省邯郸市东环路开发区有个村庄叫爆台寺。村东有一座寺庙，爆台寺村因庙而远近有名，历史悠久。,,,,114.557213,36.631180
龙泉寺,汉语系,释永慈,年代不详,河北省,邯郸市,邯郸县,河北省邯郸市邯郸县南堡乡南上宋村,东周战国时期，七雄争霸，今邯郸为赵国的国都。城东二十里处是古黄漳东岸大堤，人称黄龙岭。东有一龙泉常年日夜喷流，形成湖泊长渠，东流直入广府城外湖内。龙泉的来历，何年形成谁也不知道，也没有历史文字的记载。传说禹王将黑龙锁在了黑岗地区，头系泊头，尾扎渤海。将红龙锁在古黄漳西岸的红龙岭，即现今鸡毛山一带。头系滏阳河，尾扎紫山。将黄龙锁在古黄漳东岸，即黄龙岭，头系磁县黄龙村后的漳河滩上，尾扎广府城。被困以后，本性未改，不断兴风作浪，飞沙走石，地震山摇祸害百姓。历代君王对其治理只采用修寺建塔，盖庙破风水等手段来扶正祛邪。黄龙岭起伏延绵数十里，高低重叠，树茂草盛，湖泉相应，随天气美景各有特色，隐藏着各种稀奇鸟类和动物，人称仙境，被赵王皇族占为游玩打猎之地，庶民不得进入。赵武灵王修筑丛台，也希望此地并有紫气东来之说作为吉利。李渊登基。拨款数千两，龙泉宝地大建寺院，占地三百亩。规模宏大，坐落环境都有一定的说法和讲究。建筑宏伟，除山门建在磁县黄龙村后的漳河滩外，此地建有穿廊弥勒殿，天王殿，大雄宝殿，三圣殿，地藏殿，毗卢殿，观音殿，伽蓝殿，文殊殿，普贤殿，韦陀殿，五方佛殿，罗汉堂，僧寮，斋堂，钟鼓楼，藏经楼及配殿长廊等，分三进院落。并有假山，莲池，亭桥，练武场，站桩厅，讲经台，地下室等建筑。当时不亚于白马寺，少林寺，金山寺，崇圣寺，法门寺，大慈恩等寺的声誉，传遍三山四水五岳遐迩闻名，闻名文武。寺院大乘流派，传说保藏过赵国玉玺和氏璧，国存佛舍利十九处之一。贞观四年，公元六三〇年，李世民进碑寺院，亲笔写下“宝地佑国安民”六个大字。公元七〇四年，女皇武则天欠安，为增寿康健降旨刷新神像，公元七〇五年，武氏驾崩。传说龙泉寺落成开光大典时，玄奘在此讲经。唐初，鉴真高僧应日本邀请六次东渡，在日本传经十年，回国后，曾在此介绍日本佛教界情况并赠与日本经书。自李渊公元六一八年建寺，至北宋神宗年间一〇六五年，龙泉寺共四百四十七年之久，可为最荣耀的鼎盛时期。朱棣为朱元璋之子元顺帝的遗腹子，公元一三八〇年，朱元璋封他为燕王，命他分兵三路人马攻打燕京。他带领中路人马实行了烧光，杀光，抢光的政策，当时龙泉寺也焚为废墟，幸存的人也稀少，后来又从山西迁民。这里只因龙泉寺的废墟上出现异常，如晴日晨天空现异景，阴雨龙腾旋风来，鹤凤鸣，浓雾里人唤鸟叫，星月夜群仙现形，松柏上谈笑，陨石上下棋，鸡啼升天。龙泉寺上的神奇故事特多，遐迩闻名。一六七二年，康熙年间翻修龙泉寺。一七八六年，乾隆年间翻修。清政府腐败无能，军阀各居，兵荒马乱，全国人民处于水深火热的重重灾难中，龙泉寺的香火也冷冷落落。民国成立后，政局较安定，经济少有恢复。以南上宋李家口院上宋三村为首，召集十八村共议定翻修龙泉寺，竣工后并将龙泉寺的剩余七十余亩土地分给村民租种。一九四五年，日本投降，邯郸解放，开展国内三年解放战争。破迷信，打神，拆庙，龙泉寺也难以幸免。龙泉寺成了碎砖烂瓦，荒草丛生的一片废墟。改革开放，国家昌盛，政通人和，百废俱兴，发扬传统文化为国家所望，民众所求。一九八一年，广大信众齐心协力，发动民众，献计献策，施资捐物，龙泉寺也得以重修，寺院的修建没有间断，先后建成山门，耳房，天王殿，古佛殿，大雄宝殿，伽蓝殿，菩萨殿，斋堂等等。国家宗教政策恢复以后，龙泉寺于二〇〇二年正式批准开放。寺院因长期无僧人住持，应信众需要和政府任命，于二〇一二年底聘请通恒法师等众，住持龙泉寺。,,,,114.555008,36.560833
禅房寺,汉语系,杨吉增,年代不详,河北省,邯郸市,邯郸县,河北省邯郸市邯郸县康庄乡政府四1.5公里,禅房寺地处邯郸西三十里群山之中，是邯郸地区历史最久的寺院之一。民间传说此寺院建于汉朝，但缺乏确凿的证据，根据重建禅房寺挖地基及墓地时，清理出的佛像、铜钱、饰物等推断，建寺不晚于唐朝。,,,,114.332268,36.622921
云盖寺,汉语系,释永玉,,河北省,邯郸市,邯郸县,河北省邯郸市经济开发区东西鸭池,,,,,114.554939,36.684029
八岔口玄空寺,汉语系,释觉愿,,河北省,邯郸市,邯郸县,河北省邯郸市邯郸县代召乡西井头村北,,,,,114.593353,36.590683
大佛寺,汉语系,释觉尘,,河北省,邯郸市,邯郸县,河北省邯郸市邯郸县黄粱梦镇黄粱梦村,,,,,114.491203,36.683369
月爱寺,汉语系,释得真,,河北省,邯郸市,邯郸县,河北省邯郸市经济开发区西尚壁村,,,,,114.588982,36.664303
铜佛寺,汉语系,释圣观,,河北省,邯郸市,邯郸县,河北省邯郸市邯郸县黄粱梦贵龙岗村,,,,,114.493179,36.693851
隆庆寺,汉语系,释果提,,河北省,邯郸市,邯郸县,河北省邯郸市邯郸县南吕固乡东召里村,,,,,114.537727,36.710140
青塔寺,汉语系,释妙宗,,河北省,邯郸市,邯郸县,河北省邯郸市邯郸县霍北村,,,,,114.400551,36.607250
龙湖寺,汉语系,释觉别,,河北省,邯郸市,邯郸县,河北省邯郸市邯郸县户村镇张岩俞村,,,,,114.370522,36.637821
榕桦寺,汉语系,张绍礼,,河北省,邯郸市,邯山区,河北省邯郸市邯山区北张庄镇北张庄村,,,,,114.463051,36.556290
崇庆寺,汉语系,侯占兴,年代不详,河北省,邯郸市,鸡泽县,河北省邯郸市鸡泽县浮图店乡西庄村村西,崇庆寺位于涉县井店镇，崇庆寺建于明代，原规模宏大，局部呈标准伽蓝七堂式，几经变迁，现仅存天王殿、水陆殿、大佛殿及东西配房，占地1000平方米。天王殿面阔三间，进深一间，硬山布瓦顶，琉璃瓦剪边，用柱全为小八角石柱，柱上施三踩斗拱；水陆殿面阔三间，进深三间，悬山布瓦顶，琉璃瓦剪边，施木柱，用五架梁，檐部用三踩斗拱，门窗全为拱券式；大佛殿为寺内主体建筑，建于明成化十七年（1481年），面阔三间，进深二间，悬山布瓦顶绿琉璃剪边，大木用七架梁，前后檐柱为小八角石柱，柱头、平身施三踩斗拱，明间平身科加45度斜昂，梁架结构仍保留了早期建筑的一些特点，如施驼峰、叉手、攀间等，施元、明建筑结构处理手法演变的重要实例。现为河北省重点文物保护单位。[1],,,,114.768158,36.920292
乐城寺,汉语系,王其昌,,河北省,邯郸市,鸡泽县,河北省邯郸市鸡泽县浮图店乡柏枝寺村村南,,,,,114.771057,36.849812
广济寺,汉语系,张苏文,,河北省,邯郸市,鸡泽县,河北省邯郸市鸡泽县浮图店乡东柳村村东,,,,,114.826790,36.900337
开明寺,汉语系,高改社,,河北省,邯郸市,鸡泽县,河北省邯郸市鸡泽县浮图店乡浮东一村,,,,,114.774429,36.883835
兴华寺,汉语系,吕申明,,河北省,邯郸市,临漳县,河北省邯郸市临漳县狄邱乡西狄邱村,,,,,114.578781,36.294971
北佛寺,汉语系,王爱清,,河北省,邯郸市,临漳县,河北省邯郸市临漳县西羊羔乡杜城营,,,,,114.655769,36.342373
村佛龙寺,汉语系,王庆学,,河北省,邯郸市,临漳县,河北省邯郸市临漳县狄邱乡北张村,,,,,114.622940,36.298431
观音寺,汉语系,刘庆美,年代不详,河北省,邯郸市,临漳县,河北省邯郸市临漳县柏鹤乡有阁刘村,,,,,114.716690,36.286892
杏林寺,汉语系,释法基,公元682年,河北省,邯郸市,邱县,河北省邯郸市邱县香城固东关村,杏林寺位于邱县香城固镇东关村东，始命名于公元682年（唐高宗永淳元年），具有1300多年的文化历史，此后曾多次重修，为县级重点文物保护单位。,,,,115.285172,36.839081
清涼寺,汉语系,武亚利,,河北省,邯郸市,邱县,河北省邯郸市邱县新马头镇村西,,,,,115.167183,36.811790
八宝寺,汉语系,苗换芹,,河北省,邯郸市,曲周县,河北省邯郸市曲周县大河道乡后老营村,,,,,114.921570,36.651073
兴福寺,汉语系,申英,,河北省,邯郸市,曲周县,河北省邯郸市曲周县槐桥乡南寨村,,,,,115.062378,36.763084
宝峰寺,汉语系,王玉坤,,河北省,邯郸市,曲周县,河北省邯郸市曲周县河南疃镇东水疃村,,,,,115.089890,36.946461
正果禅寺,汉语系,,1995-02-27,河北省,邯郸市,曲周县,河北省邯郸市曲周县曲周镇郑桥村,,,,,114.959404,36.748360
金佛寺,汉语系,释圣海,,河北省,邯郸市,曲周县,河北省邯郸市曲周县依庄乡依庄村,,,,,115.167747,36.622501
龙堂寺,汉语系,,,河北省,邯郸市,曲周县,河北省邯郸市曲周县第四疃镇焦庄村,,,,,115.009117,36.876511
南泉寺,汉语系,释昌戒,,河北省,邯郸市,涉县,河北省邯郸市涉县固新镇固新村,,,,,113.752388,36.467724
大悲禅院,汉语系,杨国英,,河北省,邯郸市,涉县,河北省邯郸市涉县井店镇四街村,,,,,113.738441,36.613132
定觉寺,汉语系,释果義,,河北省,邯郸市,涉县,河北省邯郸市涉县西达镇东达村,,,,,113.857224,36.409782
开法寺,汉语系,释悲文,,河北省,邯郸市,涉县,河北省邯郸市涉县河南店镇庄上村熊耳山,,,,,113.669189,36.508873
柏台寺,汉语系,钱香兰,,河北省,邯郸市,涉县,河北省邯郸市涉县固新镇昭义村,,,,,113.775459,36.446980
清泉寺,汉语系,释悲文,,河北省,邯郸市,涉县,河北省邯郸市涉县固新镇原曲村,,,,,113.739944,36.481133
真觉寺,汉语系,释妙舟,,河北省,邯郸市,涉县,河北省邯郸市涉县西戌镇宋家庄村,,,,,113.780388,36.685432
行龙寺,汉语系,释慈一,,河北省,邯郸市,涉县,河北省邯郸市涉县神头乡神头村,,,,,113.621712,36.521370
觉慈寺,汉语系,释果智,,河北省,邯郸市,涉县,河北省邯郸市涉县索堡镇悬钟村,,,,,113.579208,36.655781
长生寺,汉语系,释志明,,河北省,邯郸市,涉县,河北省邯郸市涉县合漳乡张头村,,,,,113.765114,36.367161
鹿耳寺,汉语系,释会茹,,河北省,邯郸市,涉县,河北省邯郸市涉县关防乡苏刘村,,,,,113.942299,36.499451
昭福寺,汉语系,释慧果,,河北省,邯郸市,涉县,河北省邯郸市涉县西戌镇西戌村,,,,,113.802658,36.693630
万佛寺,汉语系,孙慧海,年代不详,河北省,邯郸市,魏县,河北省邯郸市魏县双庙乡狮子口村,,,,,114.938454,36.226589
临漳寺,汉语系,释清贤,,河北省,邯郸市,魏县,河北省邯郸市魏县回隆镇西街村,,,,,114.771240,36.148582
佛祖寺,汉语系,陈希,,河北省,邯郸市,魏县,河北省邯郸市魏县北皋镇北街村,,,,,114.801399,36.269913
兴隆寺,汉语系,田学英,年代不详,河北省,邯郸市,魏县,河北省邯郸市魏县车往镇大仓口村,,,,,114.806511,36.186691
吉祥寺,汉语系,史明,,河北省,邯郸市,魏县,河北省邯郸市魏县魏城镇小北关村,,,,,114.933693,36.377903
天宫寺,汉语系,崔万江,年代不详,河北省,邯郸市,魏县,河北省邯郸市魏县北皋镇西坡头村,,,,,114.745644,36.262680
安阳寺,汉语系,郭兆勇,,河北省,邯郸市,魏县,河北省邯郸市魏县回隆镇北街村,,,,,114.774261,36.151543
白佛寺,汉语系,姜玉环,,河北省,邯郸市,魏县,河北省邯郸市魏县牙里镇胡村店村,,,,,114.964363,36.128571
胡贯寺,汉语系,张平,,河北省,邯郸市,魏县,河北省邯郸市魏县大磨乡前寺村,,,,,114.844170,36.306313
观音寺,汉语系,王宝忠,年代不详,河北省,邯郸市,魏县,河北省邯郸市魏县泊口乡大王庄村,,,,,114.902977,36.186359
文殊寺,汉语系,李书廷,年代不详,河北省,邯郸市,魏县,河北省邯郸市魏县魏城镇南关村,,,,,114.933182,36.353783
普渡寺,汉语系,刘卫国,,河北省,邯郸市,魏县,河北省邯郸市魏县仕望集乡胡庄村,,,,,114.888351,36.303520
永宁寺,汉语系,释为泰,,河北省,邯郸市,武安市,河北省武安市管陶乡寺峪沟村永宁寺,永宁寺位于河北省邯郸武安市管陶乡寺峪沟村。距武安市50多公里，邯郸市80多公里。交通方便、环境优美、天然氧吧、有山有水。山是太行山，水是洺河水，山水辉映，是国家森林公园、地质公园所在地。深山藏古寺，好山僧侣多。永宁寺始建于隋唐，历史悠久，饱经沧桑。古寺坐北朝南，背山面水，依山而建，是中国传统文化佛寺布局建筑，享有“千年古寺”声誉。永宁寺保留着数量较多的石刻碑，素有碑林之称。千年文字会说话，碑文述说这古寺的兴衰历史，祈福迎祥的功绩。碑头都是盘龙图案，传说是皇家御修寺院。寺院周围山清水秀，有永宁湖、永宁溪、永宁瀑、金斗山、当阳佛、龙蟹沟、龙虎石、野猪石、藏龙沟、如来泉、龙泉寨100多处自然景观。如今的永宁寺，在释为泰法师的率领下，下定决心，排除万难，修建了十方诸佛殿，自力更生，不怕苦和累，按市政府的规划，让古老的永宁寺重新辉煌起来。晨钟暮鼓响起来，兴佛事、同时不断举办法会，让众生明白佛法，明白因果，止恶、行善，不受苦难，普度众生、广结善缘，香火旺，国家安定，到永宁寺，把幸福和吉祥带回来，让国泰民安，佛法弘扬十方。,,,,113.861740,36.838963
寿宁寺,汉语系,释圣琦,年代不详,河北省,邯郸市,武安市,河北省武安市矿山镇白鹿寺村,寿宁寺，位于河北省武安市，坐落于白鹿寺村北中岩山下；背靠中岩山，庙前一条清水河，山清水秀，风光如画。此庙修建不大，可以说是小寺一个，占地一亩多，布局和今寺略有不同。正殿三楹，明柱长廊，东殿四间左右，南殿三间略小，西殿为长房。,,,,114.151138,36.821522
圣井寺,汉语系,班随昌,,河北省,邯郸市,武安市,河北省武安市康二城,山不在高，有仙则名。水不在深，有龙则灵。在被称为“华夏龙骨”的太行山余脉东麓，有一处“藏在深闺人未识”的仙山圣境，这里群峦环抱，林木掩映，山鸟鸣啭，云蒸霞蔚，千年佛寺依然古色古香，民俗神话充满传奇色彩，让造访的游客魂牵梦绕，流连忘返。这，就是位于武安康二城境内的旅游胜地“九龙山风景区”，景区主要建筑为千年古刹————圣井寺。,,,,114.292313,36.658100
菩安寺,汉语系,释仁智,年代不详,河北省,邯郸市,武安市,河北省武安市磁山镇西孔壁村,菩安寺，又名大悲楼，位于河北省武安市城区西南15公里处西孔壁村的元龙山之顶。始建于2005年，占地面积13333平方米（20市亩）。2007年4月28日，经河北省民族宗教厅批准为正式佛教活动场所。元龙山菩安寺，菩萨梦中显圣境，佛占宝地现吉祥。地处“红山”北半坡，背靠仙境“里海园”，东边不远“王朝顶”，“天女下凡”在西边。“麻姑”出自东北角，东南青龙“响堂山”。菩安寺就座落在这里。西孔壁村原有菩萨庙一座，始建年代无考，庙宇毁于文革时期的七十年代。抗日战争时期，该村叫菩安村。该村菩萨庙遗址，在文革后被本村副业摊占用。为了落实党和国家的宗教政策，恢复佛教活动场所，该村将旧庙新迁到元龙山上。,,,,114.107071,36.601841
红山寺,汉语系,李全贵,年代不详,河北省,邯郸市,武安市,河北省武安市北安乐乡北安乐村,红山寺位于武安市东北25公里紫金山麓，是华北慕名的佛教圣地。,,,,114.337433,36.773441
龙泉寺,汉语系,释演隆,年代不详,河北省,邯郸市,武安市,河北省武安市武安镇五街,河北省武安市龙泉寺位于武安市区东北角，武安市城关镇五街龙泉公园内，2005年经政府宗教主管部门正式登记为佛教活动场所，登记证号为：邯民宗A064号，现任主持为演隆法师。龙泉寺始建于公元388年（北魏），兴盛于唐，荒废于清咸丰年间。改革开放后，党的宗教政策逐步得到落实，为保障佛教信徒过佛教生活的需要，在武安籍香港佛教青年协会高僧畅怀长老的鼎力资助及社会各界人士的大力支持下，2002年春，经政府宗教主管部门批准恢复修建龙泉寺。,,,,114.186104,36.692001
东关念佛堂,汉语系,王杏娥,2006-05-20,河北省,邯郸市,武安市,河北省武安市武安镇东关街,,,,,114.186104,36.692001
云岩寺,汉语系,高爱兰,,河北省,邯郸市,武安市,河北省武安市邑城镇北西井,,,,,114.262474,36.847961
佛协报恩讲堂,汉语系,释法达,,河北省,邯郸市,武安市,河北省武安市南关街,,,,,114.202217,36.692101
圆觉寺,汉语系,释义舍,,河北省,邯郸市,武安市,河北省武安市邑城镇,,,,,114.262474,36.847961
广福寺,汉语系,韦全生,,河北省,邯郸市,武安市,河北省武安市磁山镇磁山二街,,,,,114.105484,36.574772
洪门寺,汉语系,张占杰,,河北省,邯郸市,武安市,河北省武安市寺庄乡东寺庄,,,,,114.095802,36.775593
洺山寺,汉语系,张国成,,河北省,邯郸市,武安市,河北省武安市武安镇沟村,,,,,114.186104,36.692001
福泉寺,汉语系,释然智,,河北省,邯郸市,武安市,河北省武安市康二城镇车王口村,,,,,114.294388,36.631802
观音院,汉语系,张平天,,河北省,邯郸市,武安市,河北省武安市磁山镇高坡村,,,,,114.105484,36.574772
钟山寺,汉语系,郭从天,,河北省,邯郸市,武安市,河北省武安市矿山镇郭二庄村,,,,,114.203041,36.813030
青塔寺,汉语系,仁起方,,河北省,邯郸市,武安市,河北省武安市北安庄乡南田村,,,,,114.208374,36.646332
龙掩寺,汉语系,马凤琴,,河北省,邯郸市,武安市,河北省武安市伯延镇东万年村,,,,,114.159683,36.619732
兴隆寺,汉语系,释续法,年代不详,河北省,邯郸市,永年县,河北省邯郸市永年县界河店乡七里店村,兴隆寺位于河北省永年县临关镇七里店村，唐朝慰迟敬德所建，一九九○年续法法师主持重修，现存山门殿、大雄宝殿、祖师殿等建筑，珍藏《大藏经》一部。,,,,114.494102,36.750210
泉亭寺,汉语系,未法的,年代不详,河北省,邯郸市,永年县,河北省邯郸市永年县临名关中召庄村南,泉亭寺：在河北省永年县临洺关西五里中召庄村南。旧志称：镇地掘井必三丈乃及泉，唯寺中地掘二尺即得水，内有莲池，水泉常溢。寺有古井尚存。又名南寺。民间相传原为战国时赵王香火院。明天启年间（）邑人李养冲（李芳莎父）曾重修。现已重辟为旅游景点。,,,,114.472168,36.765091
观音阁,汉语系,释仁秀,宋代,河北省,邯郸市,永年县,河北省邯郸市永年县临名关镇南大街,观音阁位于河北邯郸永年县城，系唐尉迟敬德奉敕重修，元魏时崇尚佛屠与其所建。[1],,,,114.489304,36.783623
甘露寺,汉语系,释究成,年代不详,河北省,邯郸市,永年县,河北省邯郸市永年县广府镇东关,甘露寺坐落在长江之滨的北固山，可说是一座“三国山”。但它更是一座充满了英雄豪气的山。因为有孙刘联姻的故事，千百年来，无数文人墨客，登临北固，即景抒情，壮怀激烈，留下多少气吞山河的壮丽诗篇。,,,,114.739899,36.701603
佛光寺,汉语系,单可珍,年代不详,河北省,邯郸市,永年县,河北省邯郸市永年县临名关镇施庄村,佛光寺地处河北省邯郸市永年县永合会镇新安村西侧200米处的山沟里。佛光寺全称是：紫金山佛光禅寺。该寺正在建设之中，已经建成大雄宝殿、山门等主要建筑。[1],,,,114.503738,36.778919
大明寺,汉语系,志长法,明代,河北省,邯郸市,永年县,河北省邯郸市永年县西苏乡方头固村,大明寺位于河北省邯郸市永年县城西北28里，有巨冢雄立，潭水环注，乃西北之胜概也。现为河北重点文物保护单位。,,省级重点文物保护单位,,114.589348,36.771351
安仁寺,汉语系,释通圣,年代不详,河北省,邯郸市,永年县,河北省邯郸市永年县西苏乡三塔村,安仁寺位于河北省邯郸市永年县西苏乡三塔村，始建于唐代，距今已有一千三百多年历史，曾是冀南一座享有声誉的十方道场，历史上原名洪福寺，至明代，改名为安仁寺。1993年开始重建，现任住持为通圣法师。,,,,114.580193,36.742210
万佛寺,汉语系,武明和,年代不详,河北省,邯郸市,永年县,河北省邯郸市永年县永合会镇冀窑村,,,,,114.397980,36.767971
东禅寺,汉语系,释佛慧,,河北省,邯郸市,永年县,河北省邯郸市永年县界河店乡郑村,,,,,114.477264,36.719181
佛光禅寺,汉语系,释仁秀,,河北省,邯郸市,永年县,河北省邯郸市永年县永合会镇新安村,,,,,114.363869,36.732861
佛吉寺,汉语系,张锡龄,,河北省,邯郸市,永年县,河北省邯郸市永年县曲陌乡故城村,,,,,114.668861,36.792629
保全寺,汉语系,冀占江,,河北省,邯郸市,永年县,河北省邯郸市永年县刘汉乡冀尹固村,,,,,114.564247,36.819260
兴国寺,汉语系,释义忠,年代不详,河北省,邯郸市,永年县,河北省邯郸市永年县刘营乡睢宁村,,,,,114.583061,36.812580
古岩禅寺,汉语系,韩贵良,,河北省,邯郸市,永年县,河北省邯郸市永年县东杨庄乡太辛庄村,,,,,114.663834,36.778194
圆明禅寺,汉语系,释智刚,,河北省,邯郸市,永年县,河北省邯郸市永年县临名关镇石北口村,,,,,114.494453,36.772923
大定寺,汉语系,霍治国,,河北省,邯郸市,永年县,河北省邯郸市永年县西河庄乡陈寨村,,,,,114.840981,36.682072
大慈寺,汉语系,弓树堂,,河北省,邯郸市,永年县,河北省邯郸市永年县南沿村镇西大慈村,,,,,114.637444,36.686001
天王寺,汉语系,释智空,,河北省,邯郸市,永年县,河北省邯郸市永年县西阳城乡通头村,,,,,114.425903,36.821213
广生寺,汉语系,邱凤姣,,河北省,邯郸市,永年县,河北省邯郸市永年县广府镇西街,,,,,114.730377,36.701061
开元寺,汉语系,释净法,,河北省,邯郸市,永年县,河北省邯郸市永年县刘营乡榆林村,,,,,114.583061,36.812580
极乐寺,汉语系,释无畏,,河北省,邯郸市,永年县,河北省邯郸市永年县临名关镇苗庄村,,,,,114.506363,36.772121
法华寺,汉语系,释无生,,河北省,邯郸市,永年县,河北省邯郸市永年县西阳城乡西阳城村,,,,,114.443604,36.830059
法如寺,汉语系,释仁定,,河北省,邯郸市,永年县,河北省邯郸市永年县张西堡镇马军营村,,,,,114.820518,36.741947
洪福寺,汉语系,释隆正,,河北省,邯郸市,永年县,河北省邯郸市永年县界河店兴业村,,,,,114.530945,36.732624
清云寺,汉语系,张江升,,河北省,邯郸市,永年县,河北省邯郸市永年县临名关镇裴坡庄村,,,,,114.526604,36.759663
清泉寺,汉语系,释慧朴,,河北省,邯郸市,永年县,河北省邯郸市永年县刘营乡龙泉村,,,,,114.542290,36.787430
清流寺,汉语系,释悟真,,河北省,邯郸市,永年县,河北省邯郸市永年县大北汪镇正里村,,,,,114.649605,36.839531
真如寺,汉语系,释明威,,河北省,邯郸市,永年县,河北省邯郸市永年县临名关镇段庄村,,,,,114.489304,36.783623
观音寺,汉语系,卢彩荣,年代不详,河北省,邯郸市,永年县,河北省邯郸市永年县刘汉乡刘固村,,,,,114.580139,36.863045
铁龙寺,汉语系,释行护,,河北省,邯郸市,永年县,河北省邯郸市永年县临名关镇七里店村,,,,,114.494102,36.750210
顺国寺,汉语系,释传戒,,河北省,邯郸市,永年县,河北省邯郸市永年县讲武乡陈七方村,,,,,114.646309,36.805820
鸿隆寺,汉语系,释妙定,,河北省,邯郸市,永年县,河北省邯郸市永年县刘营乡赵刘营村,,,,,114.582611,36.813370
龙华寺,汉语系,赵金春,,河北省,邯郸市,永年县,河北省邯郸市永年县讲武乡南辛村,,,,,114.612518,36.776543
普应寺,汉语系,王影臣,,河北省,邯郸市,永年县,河北省邯郸市永年县曲陌乡曲陌村,,,,,114.695312,36.838203
普慧寺,汉语系,贾同科,,河北省,邯郸市,永年县,河北省邯郸市永年县张西堡镇夏堡店村,,,,,114.829674,36.781830
安平县念佛堂,汉语系,韩立杰,2007-04-05,河北省,衡水市,安平县,河北省衡水市安平县南胡林村北,,,,,115.539009,38.243301
福庆念佛堂,汉语系,释会明,2007-04-07,河北省,衡水市,安平县,河北省衡水市安平县前张庄村,,,,,115.550331,38.205860
古城普生念佛堂,汉语系,侴万生,2010-11-07,河北省,衡水市,阜城县,河北省衡水市阜城县古城镇古城村,,,,,116.275703,37.883072
甘露寺念佛堂,汉语系,释果清,,河北省,衡水市,故城县,河北省衡水市故城县工业西路,,,,,115.965810,37.347480
观音寺念佛堂,汉语系,释延谦,,河北省,衡水市,故城县,河北省衡水市枣强县新华西街,,,,,115.711563,37.514919
竹林寺,汉语系,释月悟,,河北省,衡水市,冀州市,河北省衡水市冀州市竹林大街一号,,,,,115.572212,37.557195
道安寺,汉语系,释崇悲,,河北省,衡水市,冀州市,河北省冀州市二铺村,,,,,115.570618,37.566952
宋门普生念佛堂,汉语系,王淑敏,2015-04-15,河北省,衡水市,景县,河北省衡水市景县温城原宋门中学,,,,,116.125320,37.739349
开福寺,汉语系,释恒光,,河北省,衡水市,景县,河北省衡水市景县县城,,,,,116.270600,37.692340
香光念佛堂,汉语系,梁金茹,,河北省,衡水市,景县,河北省衡水市景县梁集乡刘子龙村,,,,,116.281189,37.801910
高卜观音精舍,汉语系,尹胜庄,,河北省,衡水市,景县,河北省衡水市景县王谦寺镇苗村,,,,,116.105263,37.618282
景州塔念佛堂,汉语系,梁金茹,,河北省,衡水市,景县,河北省衡水市景县景安大街交通局西侧,,,,,116.249580,37.691891
镇海寺,汉语系,释继空,年代不详,河北省,衡水市,饶阳县,河北省衡水市饶阳县大尹村镇大尹村,镇海寺位于衡水市饶阳县大尹村。唐朝时滋河泛滥，村民苦不堪言，故建佛寺而镇之，以镇之故名为镇海寺。自此，水势渐撤，滋河消灭，直至文革时期，镇海寺被夷为平地，片瓦皆无。,,,,115.834900,38.309761
兴隆寺,汉语系,释常济,年代不详,河北省,衡水市,深州市,河北省深州东安庄乡清辉头村,,,,,115.478729,37.973660
天宁念佛堂,汉语系,释常济,2009-11-07,河北省,衡水市,深州市,河北省深州大堤镇闫城西村,,,,,115.557823,37.900803
法尊寺,汉语系,释演明,,河北省,衡水市,深州市,河北省深州市辰时镇南周堡村,,,,,115.634041,38.039730
深州佛协念佛堂,汉语系,张百娃,,河北省,衡水市,深州市,河北省深州市深州镇西杜庄,,,,,115.511780,37.994427
天宁寺,汉语系,释道航,唐代,河北省,衡水市,桃城区,河北省衡水市桃城区赵圈镇胡家堂村,天宁寺位于衡水市区西部六公里，是明朝古刹，历史上颇具名望，系皇家寺院，史载寺院兴盛时占地800亩，后因历史原因，几度兴衰，幸遇胜缘，河北妙莲尼师及衡水众居士发心礼请圣宇法师、道航法师修复古道场，天宁寺经政府批准，于2011年9月10日在旧址复建。重建的一期大雄宝殿、十方讲堂、斋堂、宿舍楼、客堂及法物流通处等建筑设施已臻完善。它继承了千年古刹风格，雄伟挺拔，既有传统寺院思想，更具时代新姿，与洋溢着现代气息的魅力湖城遥相呼应，将是衡水市又一标志性的建筑。,,全国重点文物保护单位,,115.548553,37.746841
灵山念佛堂,汉语系,释灵透,,河北省,衡水市,桃城区,河北省衡水市工业新区张团马村,,,,,115.638168,37.749352
禅陀念佛堂,汉语系,释恒诚,2010-04-01,河北省,衡水市,桃城区,河北省衡水市桃城区邓庄乡王单陀村,,,,,115.749931,37.635082
菩提苑,汉语系,张平,,河北省,衡水市,桃城区,河北省衡水市桃城区南环东路,,,,,115.691650,37.711231
慈济念佛堂,汉语系,王二巧,,河北省,衡水市,桃城区,河北省衡水市桃城区大庙村,,,,,115.677338,37.731102
兴圣禅院,汉语系,释耀度,2015-06-01,河北省,衡水市,武强县,河北省衡水市武强县街关镇郭家湾村,,,,,115.837234,37.935452
华严禅寺,汉语系,释能弘,,河北省,衡水市,武强县,河北省衡水市武强县武强镇北辛庄,,,,,116.008858,38.121040
福胜寺,汉语系,释觉生,,河北省,衡水市,武强县,河北省衡水市武强县武强镇红卫街,,,,,115.983963,38.042351
东纸房念佛堂,汉语系,温桂莲,,河北省,衡水市,枣强县,河北省衡水市枣强县肖张镇东坊村,,,,,115.727013,37.595562
南臣山念佛堂,汉语系,刘春发,,河北省,衡水市,枣强县,河北省衡水市枣强县王常乡南臣山村,,,,,115.892311,37.545940
弘觉念佛堂,汉语系,侯玉明,,河北省,衡水市,枣强县,河北省衡水市枣强县玻璃钢管委会杜烟村,,,,,115.725212,37.547642
正法念佛堂,汉语系,郭立春,,河北省,衡水市,枣强县,河北省衡水市枣强县建设南路西,,,,,115.719711,37.494942
隆福寺,汉语系,慧广,唐朝（武则天时期）,河北省,廊坊市,安次区,河北省廊坊市安次区古县村,廊坊市隆福寺位于廊坊市安次区古县村，始建于唐朝（武则天时期），距今有一千多年的历史了，在20世纪60年代被毁，现存有长明灯楼一座在廊坊市博物馆收藏。,,,,116.649467,39.533630
地藏寺,汉语系,释觉慧,公元1816年,河北省,廊坊市,安次区,河北省廊坊市安次区葛渔城镇北街,,,,,116.832832,39.251301
大观音院,汉语系,释道元,2011-07-11,河北省,廊坊市,安次区,河北省廊坊市安次区东沽港镇东二村,,,,,116.838280,39.178513
石佛寺,汉语系,释宽佛,,河北省,廊坊市,安次区,河北省廊坊市安次区东港镇外澜城村,,,,,116.747643,39.175892
西莲念佛堂,汉语系,韩瑞金,2011-07-11,河北省,廊坊市,安次区,河北省廊坊市安次区葛渔城镇新立村,,,,,116.855392,39.295364
观音院,汉语系,王泉壹,,河北省,廊坊市,安次区,河北省廊坊市安次区永华东道36号,,,,,116.712627,39.505349
进忠念佛堂,汉语系,解金玲,2011-07-11,河北省,廊坊市,安次区,河北省廊坊市安次区东沽港镇陶河村,,,,,116.838600,39.206741
慈航念佛堂,汉语系,释正道,,河北省,廊坊市,安次区,河北省廊坊市安次区仇庄乡南官庄村,,,,,116.778442,39.460205
龙泉禅寺,汉语系,释慧广,年代不详,河北省,廊坊市,霸州市,河北省霸州市信安镇民强街,龙泉禅寺始建于公元644年，为唐太宗时期大将军尉迟敬德监修。,,,,116.652237,39.141552
大佛禅寺,汉语系,释宽佛,年代不详,河北省,廊坊市,霸州市,河北省霸州市堂二里镇北二街,大佛禅寺位于霸州堂二里镇的格达村。进入霸州地界，途中路边有一牌坊，上面醒目写着“堂二里大佛禅寺”从此进入就可以到达大佛禅寺。该寺占地近40亩，累计投资9000万。佛寺建筑宏伟庄严，环境清雅安详。,,,,116.719742,39.143990
光华念佛堂,汉语系,刘和平,2008-07-15,河北省,廊坊市,霸州市,河北省霸州市霸州市东环路西侧,,,,,116.889076,39.118172
净业精舍,汉语系,任宝仓,,河北省,廊坊市,霸州市,河北省霸州市胜芳镇清芳道西,,,,,116.718941,39.081932
净心佛堂,汉语系,崔波,,河北省,廊坊市,霸州市,河北省霸州市霸州镇城三街,,,,,116.390114,39.112671
古老街念佛堂,汉语系,李泽涛,,河北省,廊坊市,霸州市,河北省霸州市古老街北段路西,,,,,116.391700,39.125810
大悲禅寺,汉语系,王光明,,河北省,廊坊市,霸州市,河北省霸州市胜芳镇清芳道西,,,,,116.718941,39.081932
宝莲禅寺,汉语系,耿天荣,,河北省,廊坊市,霸州市,河北省霸州市堂二里镇尹华山村西南角,,,,,116.688843,39.154732
弥陀院,汉语系,杜国华,,河北省,廊坊市,霸州市,河北省霸州市霸州镇冯庄村,,,,,116.380714,39.114292
崇福寺,汉语系,释宏一,,河北省,廊坊市,大城县,河北省廊坊市大城县里坦镇大邵村,,,,,116.597404,38.530602
柏籽念佛堂,汉语系,沙淑玲,,河北省,廊坊市,大城县,河北省廊坊市大城县北魏乡位吉村,,,,,116.396667,38.639591
白广寺,汉语系,释慧能,,河北省,廊坊市,固安县,河北省廊坊市固安县新源街,,,,,116.304321,39.430981
白净寺,汉语系,白丰瑞,年代不详,河北省,廊坊市,广阳区,河北省廊坊市广阳区东安市场,白净寺[1]成立于一九九四年，前身为印光念佛堂，是京南廊坊市第一所佛教场所。,,,,116.714897,39.513962
塔院念佛堂,汉语系,魏淑清,2008-12-20,河北省,廊坊市,广阳区,河北省廊坊市广阳区北旺乡北旺二村,,,,,116.799538,39.517864
周家庄念佛堂,汉语系,田宗旺,,河北省,廊坊市,三河市,河北省三河市杨庄镇周家庄村,,,,,117.048111,39.894051
灵山寺,汉语系,符宝玉,,河北省,廊坊市,三河市,河北省三河市黄土庄镇大唐回村,,,,,117.088692,40.045124
燕郊一街念佛堂,汉语系,郑月海,,河北省,廊坊市,三河市,河北省三河市燕郊镇一街村,,,,,116.805618,39.928650
海潮院念佛堂,汉语系,王维淑,,河北省,廊坊市,文安县,河北省廊坊市文安县左各庄镇福新村,,,,,116.626457,39.010422
清宁寺,汉语系,释常净,,河北省,廊坊市,文安县,河北省廊坊市文安县滩里镇安里屯村,,,,,116.697403,39.009033
大安寺,汉语系,释永寿,,河北省,廊坊市,香河县,河北省廊坊市香河县开发区第一城内,,,,,116.907188,39.715321
白塔寺,汉语系,白丰瑞,2002-06-29,河北省,廊坊市,永清县,河北省廊坊市永清县大辛阁村,白塔寺位于河北省廊坊市，为一座千年古刹，传说北京紫禁城派来的一老一小两个和尚在此静修、为同一条中轴线上的皇宫调引风水,,,,116.432709,39.336704
佛光苑,汉语系,海素,,河北省,廊坊市,永清县,河北省廊坊市永清县曹家务乡曹官营村,,,,,116.497932,39.405262
观音禅寺,汉语系,侯树生,,河北省,廊坊市,永清县,河北省廊坊市永清县后羿村,,,,,116.563850,39.224922
华严寺,汉语系,释源持,,河北省,秦皇岛市,北戴河新区,河北省秦皇岛市北戴河新区大蒲河管理处大浦河村,,,,,119.299355,39.699772
水岩寺,汉语系,释存海,2006-06-20,河北省,秦皇岛市,昌黎县,河北省秦皇岛市昌黎县杏树园村900号,昌黎县水岩寺，出昌黎县城往北，沿去碣石山景区的水泥路一直前行，进碣石门，越碣阳湖，随着碣石山主峰仙台顶的渐近，一处由南向北依次递高、金碧辉煌错落有致的恢弘仿古建筑便越加清晰地映入眼帘。那，就是自2002年重建，历时7年竣工大成，远近闻名的千年佛教圣地———水岩寺。,,,,119.155434,39.735821
净土寺,汉语系,释真轮,年代不详,河北省,秦皇岛市,海港区,河北省秦皇岛市海港区石门寨镇北未庄村,净土寺，位于河北省秦皇岛市北30公里，属国家地质公园自然保护区。长城脚下，柳江盆地中心。处于“古傍水崖战场”北侧避风向阳的山坡。背靠青山绿水、碧水掩映的著名古刹。,,,,119.572578,40.136143
印光念佛堂,汉语系,李铁良,,河北省,秦皇岛市,海港区,河北省秦皇岛市海港区南大寺,,,,,119.498421,39.876801
天然禅寺,汉语系,释照龙,,河北省,秦皇岛市,海港区,河北省秦皇岛市海港区驻操营镇板厂峪村,,,,,119.529251,40.151192
法云寺,汉语系,释圣清,,河北省,秦皇岛市,海港区,河北省秦皇岛市海港区新店子村北800米,,,,,119.500458,39.886414
望海禅寺,汉语系,释宗儒,2005-07-26,河北省,秦皇岛市,青龙满族自治县,河北省秦皇岛市青龙满族自治县祖山风景区,,,,,119.470932,40.146133
大悲院,汉语系,释妙法,,河北省,秦皇岛市,山海关区,河北省秦皇岛市山海关区古城,,,,,119.706902,39.974762
护国金刚寺,汉语系,释慧行,,河北省,石家庄市,高邑县,河北省石家庄市高邑县富村镇北渎村,护国金刚寺位于河北高邑县境内的凤凰山坳，距县城15公里。西屏太行群峰，东现平畴万里。长龙环匝，仙气十足。寺脚下面，南水北调运河蜿蜒而过，相映如画。京广铁路，京深高速，连通南北，交通便利。县史悠长，民风淳朴。,,,,114.489052,37.584240
弘一念佛堂,汉语系,张密彩,,河北省,石家庄市,高邑县,河北省石家庄市高邑县集贸市场,,,,,114.611679,37.596863
天台寺,汉语系,释果通,年代不详,河北省,石家庄市,藁城市,河北省藁城市廉州镇清流村,该寺位于藁城市清流村一华里处，307国道南侧。,,,,114.771278,38.015194
丘头村念佛堂,汉语系,刘七妮,,河北省,石家庄市,藁城市,河北省藁城市丘头镇丘头村,,,,,114.696663,37.984760
南桥寨村念佛堂,汉语系,杜美珍,,河北省,石家庄市,藁城市,河北省藁城市增村镇南桥寨村,,,,,114.752068,38.276279
城元村念佛堂,汉语系,茆爱英,,河北省,石家庄市,藁城市,河北省藁城市增村镇城元村,,,,,114.756317,38.254421
大同村念佛堂,汉语系,倪秋芝,,河北省,石家庄市,藁城市,河北省藁城市岗上镇大同村,,,,,114.726540,38.008392
妙量念佛堂,汉语系,胡素艳,,河北省,石家庄市,藁城市,河北省藁城市商贸城,,,,,114.856705,38.020336
廉州北街观音堂,汉语系,李双勤,,河北省,石家庄市,藁城市,河北省藁城市廉州镇北街村,,,,,114.847107,38.032017
延庆寺,汉语系,杨瑞京,,河北省,石家庄市,藁城市,河北省藁城市贾市庄镇马邱村,,,,,114.953888,37.889431
西里村清凉寺,汉语系,米增凯,,河北省,石家庄市,藁城市,河北省藁城市兴安镇西里村,,,,,114.938080,38.058689
西门天恩寺,汉语系,岳金栓,,河北省,石家庄市,藁城市,河北省藁城市西关镇西门村,,,,,114.814713,38.255623
赵庄村念佛堂,汉语系,鲍换金,,河北省,石家庄市,藁城市,河北省藁城市张家庄镇赵庄村,,,,,114.693741,38.174900
里庄三教寺,汉语系,李占秋,,河北省,石家庄市,藁城市,河北省藁城市常安镇里庄村,,,,,114.963623,37.964371
普光寺,汉语系,释果亮,年代不详,河北省,石家庄市,晋州市,河北省晋州市镇赵村,普光寺是唐太宗李世民御赐宰相魏征的家庙，始建于贞观五年（公元613年）。,,,,115.067070,38.044704
慈玉济寺,汉语系,张玉英,年代不详,河北省,石家庄市,晋州市,河北省晋州市桃园镇西台村,2011年10月15日上午，新落成的晋州市慈玉济寺举行开光大典，全国各地佛门弟子以及广大四众弟子近五千人参加了开光大典，香港艺人曾志伟、苗侨伟、戚美珍以及投资人张玉珊前来祝贺。,,,,115.028931,37.875942
开寿寺,汉语系,高建良,,河北省,石家庄市,晋州市,河北省晋州市桃园镇后甫村,,,,,115.014290,37.977573
洪福寺,汉语系,谷小翠,,河北省,石家庄市,晋州市,河北省晋州市东里庄镇中作村,,,,,115.098419,37.955452
观世寺,汉语系,释通忍,,河北省,石家庄市,晋州市,河北省晋州市东里庄镇东寺村,,,,,115.083618,37.936264
顺兴寺,汉语系,王庆顺,,河北省,石家庄市,晋州市,河北省晋州市营里镇鲁家庄村,,,,,115.134239,37.807102
灵岩寺,汉语系,释延迁,北齐,河北省,石家庄市,井陉县,河北省石家庄市井陉县秀林镇西柏山村,灵岩寺位于河北省井陉县秀林镇南，距县城微水20.5华里，前临甘陶河，后倚天台山；宜沙公路从山脚下穿过，绵右渠水蜿蜒盘绕山腰。这里悬崖峭壁、古柏盈崖，草木浓郁。寺庙建在峨险峤危之处，四周山峦迭翠，谷涧纵横，风光秀美，寺宇与大自然融为一体，形成神邃优美的旅游景区。,,,,114.077820,37.959461
金华寺,汉语系,释一莲,年代不详,河北省,石家庄市,井陉县,河北省石家庄市井陉县南王庄乡北芦庄村,金华寺：距井陉县城20公里的南王庄乡境内，井（陉）元（氏）公路在寺前穿过。此处的山称观音山，周围异峰突起，围成一个大山场，占地5000亩。,,,,114.186882,37.907009
华严寺,汉语系,释果亮,,河北省,石家庄市,井陉县,河北省石家庄市井陉县秀林镇北横口村,,,,,114.103920,38.007900
大愿寺,汉语系,释寂久,,河北省,石家庄市,井陉县,河北省石家庄市井陉县小作镇北石门村,,,,,114.052177,38.127743
宝林寺,汉语系,释果通,,河北省,石家庄市,井陉县,河北省石家庄市井陉县小作镇西岭村,,,,,114.029839,38.119740
朝阳寺,汉语系,释一醒,,河北省,石家庄市,井陉县,河北省石家庄市井陉县北正乡西南正村,,,,,114.082138,38.044769
龙岩寺,汉语系,释宽叶,,河北省,石家庄市,井陉县,河北省石家庄市井陉县苍岩山镇胡家滩村,,,,,114.139580,37.844982
灵山寺,汉语系,释净慈,,河北省,石家庄市,灵寿县,河北省石家庄市灵寿县陈庄镇白家河村,,,,,114.166733,38.586193
观音寺,汉语系,李海瑞,年代不详,河北省,石家庄市,灵寿县,河北省石家庄市灵寿县五岳寨风景区,,,,,113.868217,38.720779
灵岩寺,汉语系,陈泉洲,北齐,河北省,石家庄市,鹿泉市,河北省鹿泉市白鹿泉乡枣林村西,枣林村西，原为并排两座寺院，中间以腰墙分隔为前后两进院落，。前有天王殿，殿前有石桥一座，由块石砌就，在石缝中原长有一棵柏树，从根部分成二杈，呈倒人字形，当地人俗称“人字柏”。进天王殿，院东西有配殿各三间，东侧有二层钟楼一座，砖、木、石结构，布瓦歇山顶，面一进一，通高9米，三、五架梁横一挂钟用的横梁。前后檐下各用一朵一斗二升交麻叶的平身科，两山面各用两朵交麻叶。角柱为木质通柱。楼顶及墙损坏比较严重。往里进月亮门为二进院，正北为大雄宝殿，砖、木、石结构，布瓦硬山顶，面阔三间，进深一间，前后带廊。建筑面积108平方米，高7.6米。三、五架梁前后带抱头梁，前檐下随檩枋和柱头枋间有垫板，其余构件因白灰抹顶不太清楚。现保存好，大雄宝殿后面有僧房若干间，寺东并列为跨院，供白衣观音，在清末时就已毁坏。,,,,114.275208,38.068069
龙泉寺,汉语系,代雅云,年代不详,河北省,石家庄市,鹿泉市,河北省鹿泉市上庄镇韩庄村西,龙泉寺坐落在河北省石家庄市鹿泉龙泉汉北岸台地上，东距石家庄14公里。龙泉寺历史悠久。,,,,114.329758,37.998051
乘业寺,汉语系,师书子,,河北省,石家庄市,鹿泉市,河北省鹿泉市大河镇北落凌村,,,,,114.402260,38.170383
吉祥寺,汉语系,赵龙,,河北省,石家庄市,鹿泉市,河北省鹿泉市李村镇西小壁村村东,,,,,114.377884,38.186295
大悲寺,汉语系,李三多,,河北省,石家庄市,鹿泉市,河北省鹿泉市李村镇郑村,,,,,114.353920,38.218582
奇云寺,汉语系,刘静,,河北省,石家庄市,鹿泉市,河北省鹿泉市黄壁庄镇翠巍山东,,,,,114.322777,38.240330
宝泉寺,汉语系,白秀珍,,河北省,石家庄市,鹿泉市,河北省鹿泉市上寨乡梁庄村,,,,,114.321602,37.938511
禅林寺,汉语系,于秋枝,,河北省,石家庄市,鹿泉市,河北省鹿泉市获鹿镇石柏村,,,,,114.337273,38.094902
观音寺,汉语系,郭贵枝,年代不详,河北省,石家庄市,鹿泉市,河北省鹿泉市寺家庄镇东良政村,,,,,114.477142,37.958851
明觉寺,汉语系,杜喜凤,,河北省,石家庄市,鹿泉市,河北省鹿泉市李村镇同阁村西,,,,,114.336723,38.170841
普照寺,汉语系,王书婷,,河北省,石家庄市,鹿泉市,河北省鹿泉市宜安镇裴村村东,,,,,114.302948,38.193581
万安寺,汉语系,韩书瑞,,河北省,石家庄市,栾城区,河北省石家庄市开发区郄马镇北郄马村,,,,,114.625885,37.979984
延寿寺,汉语系,释慧和,年代不详,河北省,石家庄市,平山县,河北省石家庄市平山县古月镇北下寨村,平山延寿禅寺，地点：河北省平山县，构造：南院和北院，建筑：天王殿、韦驮殿、伽兰殿、观音殿。,,,,113.901443,38.299984
觉山寺,汉语系,释宽域,年代不详,河北省,石家庄市,平山县,河北省石家庄市平山县古月镇寺南坡村,觉山寺（也称觉山天宁万寿禅寺），位子河北省平山县古月镇寺南坡村，东距县城30公里，距石家庄市55公里，寺院占地面积80多亩，寺后和左右山场均为寺院保护区域，共700多亩，50余万平方米。,,县级重点文物保护单位,,113.884689,38.227562
万寿寺,汉语系,释果恒,南北朝后梁大定六年（559年）,河北省,石家庄市,平山县,河北省石家庄市平山县三汲乡寺沟村,河北平山万寿寺位于林山，在县城西北二十里东西二峰对立，故名在东叫东林山，在西叫西林山，二山相距约五里，山上各一寺。,,,,113.805878,38.419121
燃灯寺,汉语系,释耀空,,河北省,石家庄市,平山县,河北省石家庄市平山县城,,,,,114.186050,38.259980
甘泉寺,汉语系,释慧进,,河北省,石家庄市,平山县,河北省石家庄市平山县平山镇南西焦村,,,,,114.172050,38.195400
普光寺,汉语系,释宏化,,河北省,石家庄市,平山县,河北省石家庄市平山县王坡乡营盘村,,,,,114.096352,38.493885
普济寺,汉语系,释超界,,河北省,石家庄市,平山县,河北省石家庄市平山县合河口乡中台山村,,,,,113.818283,38.713749
真像寺,汉语系,释弘徹,年代不详,河北省,石家庄市,桥西区,河北省石家庄市桥西区三简路,真像寺位于石家庄市南简良村，据村内老人叙述，寺庙解放前期为一土堡式寺庙，寺内碑刻遗存不多，有碣碑，年代漫漶，据碑文记载，寺庙始建于唐开元年间。鹿泉县志亦有关记载。,,,国家AAAA级旅游景区,114.421219,38.060589
三圣寺,汉语系,释慧真,,河北省,石家庄市,桥西区,河北省石家庄市桥西区东良厢村,,,,,114.437454,37.999130
香莲寺,汉语系,释照池,,河北省,石家庄市,唐县,河北省石家庄市行唐县龙州大街,,,,,114.552940,38.438480
东关念佛堂（十方院）,汉语系,张书英,,河北省,石家庄市,无极县,河北省石家庄市无极县无极镇东关村,,,,,114.991562,38.180191
兴国寺,汉语系,释心经,年代不详,河北省,石家庄市,无极县,河北省石家庄市无极县无极镇西关村,,,,,114.970123,38.177429
大名庄念佛堂（弘仁寺）,汉语系,田国民,,河北省,石家庄市,无极县,河北省石家庄市无极县北苏镇大名庄村,,,,,114.859833,38.162960
楼下念佛堂,汉语系,李鹏,,河北省,石家庄市,无极县,河北省石家庄市无极县北苏镇楼下村,,,,,114.830101,38.209259
永宁寺,汉语系,齐俊平,,河北省,石家庄市,无极县,河北省石家庄市无极县城道乡袁流村,,,,,114.948509,38.237251
法云寺,汉语系,罗瑛,,河北省,石家庄市,无极县,河北省石家庄市无极县东侯坊乡东侯坊村,,,,,114.906288,38.186722
兴灵寺,汉语系,释学慈,,河北省,石家庄市,辛集市,河北省辛集市旧城镇孟章村,,,,,115.355644,38.026581
台头寺,汉语系,释圣西,,河北省,石家庄市,辛集市,河北省辛集市旧城镇旧城村,,,,,115.395767,38.005650
大兴寺,汉语系,甄二文,,河北省,石家庄市,辛集市,河北省辛集市前营乡西刘庄村,,,,,115.368980,37.973942
大德寺,汉语系,刘敬芬,,河北省,石家庄市,辛集市,河北省辛集市南智邱镇耿虔寺村,,,,,115.219864,37.758263
崇兴寺,汉语系,释慧明,,河北省,石家庄市,辛集市,河北省辛集市南智邱镇泗尚村,,,,,115.248627,37.801811
清利寺,汉语系,释悟智,,河北省,石家庄市,辛集市,河北省辛集市辛集镇六郎营村,,,,,115.261108,37.939281
白象寺,汉语系,释圣安,,河北省,石家庄市,辛集市,河北省辛集市位伯镇南四仲村,,,,,115.224724,38.032520
长春寺,汉语系,谢好信,,河北省,石家庄市,辛集市,河北省辛集市位伯镇北位井村,,,,,115.267761,38.014381
智弘寺,汉语系,范保玉,,河北省,石家庄市,辛集市,河北省辛集市南智邱镇南智邱村,,,,,115.241135,37.749401
虚云禅林,汉语系,常宏,年代不详,河北省,石家庄市,新华区,河北省石家庄市新华区大郭镇于底村,虚云禅林原名重胜寺，坐落于石家庄市新华区于底镇，1992年由柏林禅寺委派僧团进驻，成为柏林禅寺下院，是一所女众道场。,,,,114.403023,38.083382
净莲寺,汉语系,释慧舟,,河北省,石家庄市,新华区,河北省石家庄市新华区上京村,,,,,114.420967,38.124752
龙岗寺,汉语系,释慧德,公元591年,河北省,石家庄市,裕华区,河北省石家庄市开发区宋营镇东仰陵村,龙岗寺位于石家庄市裕华区宋营镇东南边缘（原归属正定县），因此处原有丘陵一座，观之须仰视，故名东仰陵。,,,,114.612083,38.002171
谛音寺,汉语系,陈泉州,,河北省,石家庄市,裕华区,河北省石家庄市裕华区建设南大街,,,,,114.512238,38.024670
玄通寺,汉语系,释慧真,年代不详,河北省,石家庄市,元氏县,河北省石家庄市元氏县东张乡黎村,玄通寺坐落在元氏县梨村，在2008年11月7日，在玄通古寺的基础上，重新修护建设。,,,,114.539581,37.686352
白毫寺,汉语系,释万舟,,河北省,石家庄市,元氏县,河北省石家庄市元氏县东张乡杜庄,,,,,114.502480,37.712662
蟠龙寺,汉语系,释任其,,河北省,石家庄市,元氏县,河北省石家庄市元氏县北褚乡蟠龙湖,,,,,114.407509,37.810581
护国弥陀寺,汉语系,释燃燈,,河北省,石家庄市,赞皇县,河北省石家庄市赞皇县赵家庄村,河北省石家庄赞皇县石柱山护国弥陀寺，古称护国弥陀庵。,,,,114.356613,37.546711
东坛山净土念佛堂,汉语系,赵焕振,,河北省,石家庄市,赞皇县,河北省石家庄市赞皇县东坛山村,,,,,114.418861,37.703602
云灵寺,汉语系,释慧智,,河北省,石家庄市,赞皇县,河北省石家庄市赞皇县邢郭乡马村五马山云灵寺,,,,,114.433670,37.662804
净业寺,汉语系,释普昱,,河北省,石家庄市,赞皇县,河北省石家庄市赞皇县花林村,,,,,114.456253,37.683342
法会寺,汉语系,释静永,,河北省,石家庄市,赞皇县,河北省石家庄市赞皇县西龙门乡西江洞村,,,,,114.382179,37.677563
淮泉寺,汉语系,释静永,,河北省,石家庄市,赞皇县,河北省石家庄市赞皇县嶂石岩村,,,,,114.117332,37.533436
白衣庵,汉语系,释慧智,,河北省,石家庄市,赞皇县,河北省石家庄市赞皇县院头镇赵家庄,,,,,114.356613,37.546711
无量寿念佛堂,汉语系,杨俊菊,,河北省,石家庄市,赞皇县,河北省石家庄市赞皇县刑郭乡东王俄村,,,,,114.479004,37.624771
柏林禅寺,汉语系,释明海,汉献帝建安年间,河北省,石家庄市,赵县,河北省石家庄市赵县石塔东路,柏林禅寺位于河北省赵县县城（古称赵州）东南角，与赵州桥遥遥相望，始建于汉献帝建安年间（196-220年），全寺占地80亩。古称观音院，南宋为永安院，金代名柏林禅院，自元代起即称柏林禅寺。现任住持为河北省佛教协会会长明海大和尚。,,,,114.776160,37.756310
五星观音堂,汉语系,刘凤珍,,河北省,石家庄市,赵县,河北省石家庄市赵县大夫庄村,,,,,115.039986,37.759357
大兴寺念佛堂,汉语系,高俊校,,河北省,石家庄市,赵县,河北省石家庄市赵县杨户办事处贤门楼,,,,,114.943634,37.764004
法喜念佛堂,汉语系,张秋林,,河北省,石家庄市,赵县,河北省石家庄市赵县北中马办事处田庄村,,,,,114.964111,37.846302
西林寺念佛堂,汉语系,王英菊,,河北省,石家庄市,赵县,河北省石家庄市赵县宋村,,,,,114.732590,37.738613
香光念佛堂,汉语系,耿贵存,,河北省,石家庄市,赵县,河北省石家庄市赵县沙河店镇东杨村,,,,,114.774361,37.654110
普门念佛堂,汉语系,贾志辉,,河北省,石家庄市,赵县,河北省石家庄市赵县谢庄乡郜家庄村,,,,,114.999939,37.824902
曹庄村念佛堂,汉语系,张勤居,,河北省,石家庄市,赵县,河北省石家庄市赵县范庄镇曹庄村,,,,,114.991219,37.763271
临济寺,汉语系,释慧林,年代不详,河北省,石家庄市,正定县,河北省石家庄市正定县临济路,临济寺，原称临济院，现坐落于河北省正定县城生民街东侧。正定临济寺最早建于东魏孝静帝兴和二年（540）。,,,,114.573318,38.134842
临济寺,汉语系,释慧林,,河北省,石家庄市,正定县,河北省石家庄市正定县正定镇燕赵大街临济路,,,,,114.582863,38.153202
大新庄玉洪寺,汉语系,裴俊友,2007-06-01,河北省,唐山市,丰南区,河北省唐山市丰南区大新庄镇大新庄一村,,,,,118.350922,39.432514
凌霄寺,汉语系,谷远奎,,河北省,唐山市,丰润区,河北省唐山市丰润区姜家营乡西杨家营村,,,,,118.190483,39.861252
千佛寺,汉语系,祖廓,,河北省,唐山市,丰润区,河北省唐山市丰润区姜家营乡姜家营村,,,,,118.233994,39.893784
大兴寺,汉语系,姜立新,,河北省,唐山市,丰润区,河北省唐山市丰润区刘家营乡魏庄子村,,,,,118.234818,39.837162
福山寺,汉语系,李广印,年代不详,河北省,唐山市,古冶区,河北省唐山市古冶区古赵路北寺道口西,福山寺是一座重建复原古寺。位于河北省唐山市古冶区北寺道口西北方。,,,,118.445557,39.742542
佛教活动场所,汉语系,释昌诚,,河北省,唐山市,开平区,河北省唐山市开平区栗园镇,,,,,118.255951,39.764172
兴国禅寺,汉语系,释本权,,河北省,唐山市,路北区,河北省唐山市路北区北新东道,,,,,118.211288,39.633709
云崖寺,汉语系,释演明,,河北省,唐山市,迁安市,河北省迁安市五重安红峪口山庄,,,,,118.622734,40.237900
灵山白塔寺,汉语系,释常如,2006-12-01,河北省,唐山市,迁安市,河北省迁安市蔡园镇令山村,,,,,118.582191,40.049049
石佛古寺,汉语系,释祖禅,,河北省,唐山市,迁安市,河北省迁安市杨店子镇张富庄村东,,,,,118.646217,39.995449
观音阁,汉语系,释演声,宋代,河北省,唐山市,迁安市,河北省迁安市大崔庄镇白羊峪村,,,,,118.730057,40.195492
圆通禅寺,汉语系,释常明,,河北省,唐山市,迁西县,河北省唐山市迁西县三屯营景忠山,,,,,118.193481,40.196671
靖缘寺,汉语系,释为缘,,河北省,唐山市,迁西县,河北省唐山市迁西县三屯营西关,,,,,118.204514,40.215302
普陀禅寺,汉语系,释隆航,,河北省,唐山市,迁西县,河北省唐山市迁西县新集镇,,,,,118.404640,40.097023
龙泉精舍,汉语系,桑泽娇,,河北省,唐山市,唐海县,河北省唐山市唐海县唐海镇鱼蟹市场25号,,,,,118.435669,39.268032
般若寺,汉语系,释照戒,,河北省,唐山市,玉田县,河北省唐山市玉田县郭家屯乡阮庄子村,,,,,117.827309,39.948174
麻山寺,汉语系,释常弘,,河北省,唐山市,玉田县,河北省唐山市玉田县郭家屯乡麻山寺村,,,,,117.779083,39.932343
万佛园,藏语系,浦江,1993年,河北省,唐山市,遵化市,河北省遵化市东陵乡新立村,遵化万佛园景区发展有限公司是经国家民政部、国家文物局批准兴建的经营性陵园，由香港宣威集团与遵化市民政局下属遵化市吉安园林陵园公司合作、香港宣威集团董事长浦江先生独资兴建。公司成立于1993年，注册资金400万美元，主营殡葬业、园林业及附属服务行业、园内的景区设施服务；餐饮、住宿服务；石材加工；工艺品、农副产品销售，投资总额800万美元。2004年12月万佛园被国家旅游局评定为国家4A级旅游区，是国内第一家拥有4A级旅游区头衔的花园式陵园。2013年2月万佛园大酒店被评为国家“四星级”酒店，成为国内同行业中的佼佼者，以陵园经营为主导的多元化经营体系全面铺开。在京、津、唐设有驻外办事处。公司2004年通过ISO质量环境管理体系认证。,,,,117.617844,40.181301
御佛寺,汉语系,释源生,年代不详,河北省,唐山市,遵化市,河北省遵化市马兰峪镇塔山,遵化市御佛寺，座落在著名的世界文化遗产地－－清东陵附近的遵化市马兰峪镇塔山，占地18、46亩，寺院倒座，座南朝北，寺院的始建年代已不可考，大约在明代万历年间。,,,,117.700279,40.189991
望海寺,汉语系,郭然,,河北省,唐山市,遵化市,河北省遵化市地北头镇东峪村,望海寺始建于唐朝初年，位于丰南区小集镇郑庄子村北，据碑文记载，由唐初名将尉迟敬德监造。后经历代重修，使这座大殿规模空前，享誉京东。全庙共有“四殿”、“四庙”，加之库房、宿舍等房屋，共计99间。,,,,117.952827,39.965992
云门光泰禅寺,汉语系,石国刚,,河北省,唐山市,遵化市,河北省遵化市兴旺寨乡何家峪村,,,,,117.890228,40.218723
圣泉寺,汉语系,久美更尕,,河北省,唐山市,遵化市,河北省遵化市刘备寨乡安各寨村,,,,,117.939758,40.041992
宝峰寺,汉语系,杨俊振,,河北省,唐山市,遵化市,河北省遵化市党峪镇桃花山,,,,,118.007370,40.023308
栖云寺,汉语系,释宗法,,河北省,唐山市,遵化市,河北省遵化市侯家寨乡前山寨村,,,,,118.041061,40.291679
涌泉寺,汉语系,徐江辉,,河北省,唐山市,遵化市,河北省遵化市铁厂镇铁厂村,,,,,118.193871,40.063683
禅林寺,汉语系,释悟常,,河北省,唐山市,遵化市,河北省遵化市侯家寨乡禅林寺村,,,,,118.016632,40.276314
腾龙寺,汉语系,王洪成,,河北省,唐山市,遵化市,河北省遵化市娘娘庄乡上峪村,,,,,118.095222,40.069180
隆福寺,汉语系,释源生,,河北省,唐山市,遵化市,河北省遵化市马兰峪镇塔山,,,,,117.700279,40.189991
圆福寺,汉语系,张风莲,年代不详,河北省,邢台市,柏乡县,河北省邢台市柏乡县南黄村,圆福寺位于河北省邢台市柏乡县南黄村，距县城东南10公里。始建于南北朝梁武帝（萧衍）年间（公元502年-557年），距今1500年。据史料记载，其寺极盛时，僧众500余人，房舍200余间，占地130余亩。世事变迁，沧海桑田，虽代有修葺，终因时节因缘不具，渐趋衰落。现仅残存石佛像三尊（高3米，宽1米）和一些残碑碎瓦。,,,,114.770142,37.525311
崇光寺,汉语系,左庆成,,河北省,邢台市,柏乡县,河北省邢台市柏乡县十里铺,,,,,115.408203,37.347713
仓桥寺,汉语系,杨凤宽,,河北省,邢台市,广宗县,河北省邢台市广宗县张葛集村,,,,,115.157692,36.920483
建宝寺,汉语系,任敬波,,河北省,邢台市,广宗县,河北省邢台市广宗县件只乡件只村,,,,,115.223518,37.196743
清龙寺,汉语系,释果诚,,河北省,邢台市,广宗县,河北省邢台市广宗县冯寨乡孙庄村,,,,,115.143120,36.978771
石佛寺,汉语系,释虚空,,河北省,邢台市,广宗县,河北省邢台市广宗县广宗镇陈村,,,,,115.134697,37.076653
钟楼寺,汉语系,杜广波,,河北省,邢台市,广宗县,河北省邢台市广宗县冯寨乡牛寨村,,,,,115.150482,36.978260
古郡念佛堂,汉语系,释印宏,,河北省,邢台市,巨鹿县,河北省邢台市巨鹿县巨鹿镇,,,,,115.031334,37.237862
圆照寺,汉语系,释义修,,河北省,邢台市,巨鹿县,河北省邢台市巨鹿县王虎寨镇纸房村,,,,,114.938438,37.219551
金阁寺,汉语系,暂无,,河北省,邢台市,巨鹿县,河北省邢台市巨鹿县堤村乡堤村,,,,,115.064148,37.196251
云通寺,汉语系,明凡,,河北省,邢台市,临城县,河北省邢台市临城县北盘石村,,,,,114.535240,37.410900
净域寺,汉语系,张恒湘,初唐,河北省,邢台市,临西县,河北省邢台市临西县临西镇仓上村,净域寺位于临西县临西镇仓上村。初唐时由著名高僧雪岩祖钦禅师创建，取佛家清净无为、乞求域内安泰祥和之意，命名为“净域寺”。因其建在仓上村东的南、北“月洼”之中，故民间又称“月洼寺”。,,,,115.496040,36.856159
万苑寺,汉语系,王贵生,,河北省,邢台市,临西县,河北省邢台市临西县河西镇南队村,,,,,115.684555,36.849701
千佛寺,汉语系,赵大喜,,河北省,邢台市,临西县,河北省邢台市临西县河北镇瓜厂村,,,,,115.659531,36.830433
卫罗寺,汉语系,释妙栋,,河北省,邢台市,临西县,河北省邢台市临西县大刘庄乡卫罗庵,,,,,115.530296,36.855568
弘法寺,汉语系,释常思,,河北省,邢台市,临西县,河北省邢台市临西县河西镇黄庄村,,,,,115.681587,36.856781
石佛寺,汉语系,孟秀英,,河北省,邢台市,临西县,河北省邢台市临西县吕寨乡石佛村,,,,,115.538048,36.900612
乐善寺,汉语系,张连仲,,河北省,邢台市,隆尧县,河北省邢台市隆尧县隆尧镇西河村,,,,,114.745392,37.348091
南海庙,汉语系,王振英,,河北省,邢台市,隆尧县,河北省邢台市隆尧县莲子镇西范村,,,,,114.859550,37.259872
大悲寺,汉语系,白社江,,河北省,邢台市,隆尧县,河北省邢台市隆尧县北楼乡白家屯村,,,,,114.698967,37.255672
沧溟寺,汉语系,张月书,,河北省,邢台市,隆尧县,河北省邢台市隆尧县牛家桥乡旧城村,,,,,114.857597,37.349552
观音寺,汉语系,张胜芬,年代不详,河北省,邢台市,隆尧县,河北省邢台市隆尧县千户营乡千户营村,,,,,114.919693,37.403320
黄金山,汉语系,张孟杰,,河北省,邢台市,隆尧县,河北省邢台市隆尧县莲子镇莲子村,,,,,114.860367,37.289906
普陀寺,汉语系,王捧兰,,河北省,邢台市,隆尧县,河北省邢台市隆尧县千户营乡西毛尔寨村,,,,,114.984818,37.382687
万佛寺,汉语系,释照来,年代不详,河北省,邢台市,南宫市,河北省南宫市明化大寨,,,,,115.578728,37.307171
圣全寺,汉语系,释果玉,,河北省,邢台市,南宫市,河北省南宫市王道寨乡半壁店村,,,,,115.407143,37.319092
宏门寺,汉语系,释普军,,河北省,邢台市,南宫市,河北省南宫市大村乡南董村,,,,,115.260170,37.399632
法源寺,汉语系,路世常,,河北省,邢台市,南宫市,河北省南宫市垂杨镇垂杨村,,,,,115.573372,37.203552
法灵寺,汉语系,释了梦,,河北省,邢台市,南宫市,河北省南宫市紫冢西底阁村法灵寺,,,,,115.677010,37.216194
泰兴寺,汉语系,李会云,,河北省,邢台市,南宫市,河北省南宫市大屯乡寺张马,,,,,115.491867,37.338562
石佛寺,汉语系,释了杰,,河北省,邢台市,南宫市,河北省南宫市垂杨镇北慈达村石佛寺,,,,,115.578972,37.234272
观音禅寺,汉语系,释一莲,,河北省,邢台市,南宫市,河北省南宫市苏村镇德演宫村观音禅寺,,,,,115.290604,37.341682
德隆寺,汉语系,刘保军,,河北省,邢台市,南宫市,河北省南宫市垂杨崔村德隆寺,,,,,115.599854,37.177738
普彤寺,汉语系,释果清,,河北省,邢台市,南宫市,河北省南宫市北旧城,,,,,115.363533,37.373142
普明寺,汉语系,释大悟,,河北省,邢台市,南宫市,河北省南宫市南便乡天宫村,,,,,115.241798,37.337139
大开元寺,汉语系,释明憨,唐开元年间,河北省,邢台市,南和县,河北省邢台市开元路（中段）88号,大开元寺，原名开元寺，又称东大寺，位于邢台市开元北路88号，史建于后赵石勒年间，距今已有近1700年历史，为我国历代名刹，是禅宗二祖的传钵之地和禅宗七祖神会大师的驻锡之地，曹洞宗的发源地之一，也是“大开元一宗”又称“贾菩萨宗”的祖庭，现为全国重点文物保护单位。开元寺历届住持多为得道高僧，自唐玄宗李隆基下诏敕建后，周世宗柴荣又诏建了大圣塔，宋徽宗赵佶赐名为圆照塔，此塔高108米，为古代中国之最，1250年元世祖忽必烈赐名为大开元寺，列为皇家寺院，明代时期，古刹春游为顺德府十二景之一，清代时期，野寺钟声为邢台八景之一。,,全国重点文物保护单位,,114.507132,37.067870
白雀庵,汉语系,释悟贵,年代不详,河北省,邢台市,南和县,河北省邢台市南和县贾宋镇白佛村,白雀庵位于河北省邢台市南和县东北10公里处白佛村。始建于南北朝北周时期，庵院座北朝南，占地百余亩。现任方丈释悟贵法师。,,,,114.754852,37.068813
圆通寺,汉语系,释传静,,河北省,邢台市,南和县,河北省邢台市南和县史召乡果寨村,,,,,114.863129,37.031010
大悲庵,汉语系,释常念,,河北省,邢台市,南和县,河北省邢台市南和县河郭乡瓦固村,,,,,114.679932,36.976681
水月寺,汉语系,李存,年代不详,河北省,邢台市,南和县,河北省邢台市南和县史召乡史召村,,,,,114.874763,37.054657
西关念佛堂,汉语系,释悟西,,河北省,邢台市,南和县,河北省邢台市南和县县城西关,,,,,114.683760,37.004900
观音寺,汉语系,释常隆,年代不详,河北省,邢台市,南和县,河北省邢台市南和县闫里乡,,,,,114.752647,36.987640
普济寺,汉语系,释法统,,河北省,邢台市,南和县,河北省邢台市南和县贾宋镇小胡村,,,,,114.661392,37.043922
且亭寺,汉语系,王国兵,,河北省,邢台市,内丘县,河北省邢台市内丘县南赛乡寺沟村,,,,,114.337692,37.336380
兴隆寺,汉语系,乔春英,年代不详,河北省,邢台市,内丘县,河北省邢台市内丘县五郭店乡北大丰村,,,,,114.523849,37.339230
千佛寺,汉语系,黄仁湘,,河北省,邢台市,内丘县,河北省邢台市内丘县金店镇中张村,,,,,114.593575,37.366741
云台寺,汉语系,释教圆,年代不详,河北省,邢台市,宁晋县,河北省邢台市宁晋县北河庄镇柏房村,云台寺又名云台庵，坐落于宁晋县城南柏房村南，是汉光武帝刘秀奠基的，到现在有近两千年的历史。在建元开皇年间（公元518-600年）云台上建立寺庙，唐朝开元年间宁晋县志对云台庵已有记载。随着历史的发展，云台庵成了周围几百里进香拜佛的活动基地。传说唐太宗李世民曾在云台庵拜佛、避难。唐玄奘曾到云台庵访禅、修炼。云台寺香火鼎盛、远近闻名。到了清朝末年军阀混战，民不聊生，云台寺香火时断时续，一直到抗日战争爆发，最后一位僧人才离开云台寺。抗日战争期间，冀南部队的将领宋任穷、陈再道曾来云台寺过夜，指挥抗日战斗。,,,,114.901230,37.572392
崇修寺,汉语系,刘京棉,年代不详,河北省,邢台市,宁晋县,河北省邢台市宁晋县四芝兰镇东曹固村,邢台市崇修寺位于河北省邢台市宁晋县四芝兰镇东亩固村。现任主持刘京绵法师。寺院现有僧人8人。规模较小。佛教曹洞宗的发源地之一，迄今已有1200多年的历史，是至今仍保存较为完整的一座唐代名刹。,,,,115.177658,37.744873
观音寺,汉语系,释宏化,年代不详,河北省,邢台市,宁晋县,河北省邢台市宁晋县大陆村镇赵平邱村,观音寺位于河北省邢台市宁晋县城东十二公里大陆村镇赵平邱村，古称“广营堡城”该古城原规划有序，按五行八卦所座落，分二街六巷划为八个方，每方神庙一座，并以神庙而得名，古称神寨村。,,,,115.034859,37.673073
南海普照寺,汉语系,王海皂,1999-04-06,河北省,邢台市,宁晋县,河北省邢台市宁晋县耿庄桥镇冯家台村,,,,,115.013168,37.490253
广明寺,汉语系,刘恒五,,河北省,邢台市,宁晋县,河北省邢台市宁晋县唐邱乡孔小营村,,,,,114.985321,37.720303
正觉寺,汉语系,马忠友,,河北省,邢台市,宁晋县,河北省邢台市宁晋县北鱼乡于家台村,,,,,114.900848,37.452030
法音精舍,汉语系,赵俊国,,河北省,邢台市,宁晋县,河北省邢台市宁晋县苏家庄镇段羊盃,,,,,115.096252,37.759750
玉佛寺,汉语系,释宝观,,河北省,邢台市,宁晋县,河北省邢台市宁晋县四芝兰镇四芝兰村,,,,,115.158958,37.717377
福寿寺,汉语系,释义十,,河北省,邢台市,宁晋县,河北省邢台市宁晋县大陆村镇东魏家庄村,,,,,115.073280,37.624733
福胜寺,汉语系,释果海,,河北省,邢台市,宁晋县,河北省邢台市宁晋县唐邱乡唐邱村,,,,,114.986008,37.689850
观音堂,汉语系,刘瑞生,,河北省,邢台市,宁晋县,河北省邢台市宁晋县四芝兰镇南迁善村,,,,,115.153160,37.729763
贾家口净宗念佛堂,汉语系,魏丰娟,,河北省,邢台市,宁晋县,河北省邢台市宁晋县贾家口镇贾家口村,,,,,115.064644,37.592381
兴固寺,汉语系,释印宏,年代不详,河北省,邢台市,平乡县,河北省邢台市平乡县丰州镇窦冯马,兴固寺位于平乡县丰州镇窦冯马村西部，相传始建于东汉，发展于宋元之时，明、清两代达到鼎盛时期，寺院占地面积100多亩，有僧田300多亩。为当时直隶南部最大的佛教圣地。兴固寺座北朝南，东西宽、南部131.8米、北部162.8米，南北长113.5米现存占地面积16718.6平方米。千余年来，兴固寺曾多次重修维护，今中轴线上仅存三殿（民国六年）、大雄宝殿（1990年换顶），大殿东侧金刚舍利殿（清乾隆十五年）等主要建筑。现将各部分基本状况描述如下：三殿（天王殿）三殿，又名天王殿，高9米，面宽三间，硬山瓦顶，抬梁式木架结构。今为民国六年重修之殿，殿内正面供奉弥勒佛，背后有护法弥陀站像，东西两壁彩绘四大天王。其殿内梁檀多为鸟栢木料，鸟栢刮刨翻新，鸟形益加清晰，其状如燕如鹊，或站或翔，或仰首鸣唱，或翅尾侧听，栩栩如生，有满殿绕飞之感。二殿自上世纪四、五十年代，拆除后未能复建，今仅存墟址。,,,国家AA级旅游风景区,115.079262,37.084930
天宫寺,汉语系,李建波,年代不详,河北省,邢台市,平乡县,河北省邢台市平乡县丰州镇李冯马,名寺之都“天宫寺”，位于邢台市平乡县城东一华里孟冯马村村西（原顺德府平乡县乞村地界）。据（顺德府志）记载该村村西原有一庙名“天宫庙”，所供神佛十分别致，具有玉皇爷，药王爷、老佛爷、佛、菩萨、神像的古老寺庙，在华北地区实属罕见，年代久远、始建不详。公元1400年春天（明建文帝二年）燕王朱棣为统治全国北取中原，驻扎天宫庙。同建文帝大将李景隆在顺德府东百余里为征战沙丘，大战数日。由于阴雨绵绵，南方将士水土不服，屡遭战败。燕王朱棣在天宫庙祈求药王爷，药王显灵，赐予神药。将士康复，一鼓作气打败敌军。1403年永乐元年朱棣皇上登基，报答昔日药王赏赐神药，还愿报恩，调拨皇银重修天宫寺，皇上御赐牌匾“天宫寺”，为明朝皇家唯一修缮的寺庙。,,,,115.080132,37.065262
中天寺,汉语系,释义通,,河北省,邢台市,平乡县,河北省邢台市平乡县田付村乡田付村,,,,,114.984238,37.009769
兴教寺,汉语系,释广诚,,河北省,邢台市,平乡县,河北省邢台市平乡县河古庙镇高阜镇,,,,,115.071434,36.980598
华明寺,汉语系,李秋林,,河北省,邢台市,平乡县,河北省邢台市平乡县寻召乡马康,,,,,115.030159,37.129963
天元普贤寺,汉语系,李保景,,河北省,邢台市,平乡县,河北省邢台市平乡县田付村乡周天,,,,,114.984238,37.009769
常乐寺,汉语系,田西魁,,河北省,邢台市,平乡县,河北省邢台市平乡县田付村乡寺头,,,,,114.992912,37.044144
永兴寺,汉语系,释义戒,,河北省,邢台市,平乡县,河北省邢台市平乡县油召乡来重町,,,,,114.968513,37.059402
清凉寺,汉语系,释印弘,西汉,河北省,邢台市,平乡县,河北省邢台市平乡县节固乡肖庄,,,,,114.947365,37.155422
石佛寺,汉语系,王双奇,,河北省,邢台市,平乡县,河北省邢台市平乡县丰州镇王固,,,,,115.027298,37.091862
福兴寺,汉语系,王永贵,,河北省,邢台市,平乡县,河北省邢台市平乡县田付村乡田固,,,,,115.032074,37.005184
观音禅寺,汉语系,释宏愿,,河北省,邢台市,平乡县,河北省邢台市平乡县田付村乡大刘庄,,,,,115.007271,37.027992
金阁寺,汉语系,聂同义,,河北省,邢台市,平乡县,河北省邢台市平乡县平乡镇霍林寨,,,,,114.974693,36.992661
普贤寺,汉语系,孟相卫,,河北省,邢台市,平乡县,河北省邢台市平乡县田付村乡艾村,,,,,115.008057,37.004192
百泉寺,汉语系,释万山,,河北省,邢台市,桥东区,河北省邢台市桥东区柴庄村东天龙农场1号,,,,,114.591782,37.053516
观音寺,汉语系,释能本,年代不详,河北省,邢台市,桥东区,河北省邢台市桥东区马市街,,,,,114.508600,37.056790
普光寺,汉语系,释能雨,,河北省,邢台市,桥东区,河北省邢台市桥东区东郭村乡道口村,,,,,114.513123,37.035789
普明寺,汉语系,释隆慧,,河北省,邢台市,桥西区,河北省邢台市桥西区李村,普明寺始建于明朝万历年间，原名普润庵，后名普明寺。,,,,114.468160,37.059830
卧龙庄念佛堂,汉语系,侯小凤,,河北省,邢台市,桥西区,河北省邢台市桥西区卧龙庄村,,,,,114.455261,37.001072
吉祥念佛堂,汉语系,申玉芳,,河北省,邢台市,桥西区,河北省邢台市桥西区富水家园,,,,,114.477348,37.095699
菩提寺,汉语系,释万晨,,河北省,邢台市,桥西区,河北省邢台市北小汪村,,,,,114.507132,37.067870
菩提讲堂,汉语系,释寂君,,河北省,邢台市,桥西区,河北省邢台市青青家园东区45#楼,,,,,114.483000,37.102180
崇兴寺,汉语系,韩兰春,,河北省,邢台市,清河县,河北省邢台市清河县快活林森林公园,,,,,115.671013,37.065544
承露庵,汉语系,焦月素,,河北省,邢台市,清河县,河北省邢台市清河县王官庄镇四家务村,,,,,115.603020,36.999931
于盟庄念佛堂,汉语系,吴志坤,,河北省,邢台市,任县,河北省邢台市任县天口乡于盟庄村,,,,,114.816849,37.181274
八角庵,汉语系,释悟修,,河北省,邢台市,任县,河北省邢台市任县天口乡安上村,,,,,114.840218,37.160950
净莲堂,汉语系,王荣花,,河北省,邢台市,任县,河北省邢台市任县邢湾镇郑庄,,,,,114.622162,37.156822
刘家庄念佛堂,汉语系,王存山,,河北省,邢台市,任县,河北省邢台市任县天口乡刘家庄村,,,,,114.839684,37.176872
圆通禅寺,汉语系,张志波,,河北省,邢台市,任县,河北省邢台市任县辛店镇白村,,,,,114.911934,37.165249
大光寺,汉语系,释永超,,河北省,邢台市,任县,河北省邢台市任县骆庄乡东盟台村,,,,,114.808372,37.144691
天台寺,汉语系,释大智,年代不详,河北省,邢台市,任县,河北省邢台市任县辛店镇双丰头村,,,,,114.876732,37.131664
宏发念佛堂,汉语系,吴洪学,,河北省,邢台市,任县,河北省邢台市任县任城镇西街,,,,,114.694572,37.134933
尼家庄念佛堂,汉语系,吴文奎,,河北省,邢台市,任县,河北省邢台市任县天口乡尼家庄村,,,,,114.811722,37.201012
广济寺,汉语系,赵龙阁,,河北省,邢台市,任县,河北省邢台市任县天口乡天口村,,,,,114.846085,37.182301
楞严寺,汉语系,释悟圣,,河北省,邢台市,任县,河北省邢台市任县辛店镇桥西村,,,,,114.888939,37.134449
清凉寺,汉语系,张贵勤,西汉,河北省,邢台市,任县,河北省邢台市任县西固城乡东固城村,,,,,114.772331,37.127460
清凉禅寺,汉语系,霍五申,,河北省,邢台市,任县,河北省邢台市任县西固城乡前台南村,,,,,114.763550,37.124649
马庄念佛堂,汉语系,刘计章,,河北省,邢台市,任县,河北省邢台市任县天口乡马庄村,,,,,114.839684,37.176872
普光禅寺,汉语系,释昌正,,河北省,邢台市,任县,河北省邢台市任县天口乡刘家庄村,,,,,114.839684,37.176872
封峦寺,汉语系,释无心,年代不详,河北省,邢台市,沙河市,河北省沙河市柴关乡白庄村西,封峦寺坐落在河北省沙河市册井乡白庄村西的大安山脚下，南、北、西三面环山，东向开阔有路通，南北山间有河谷，旧时谓其山环三匝、水绕两河、岭危峦秀、云蒸霞蔚，乃灵岩胜境，佛门净地。,,,,114.097450,36.890221
佛祖寺,汉语系,释妙清,,河北省,邢台市,沙河市,河北省沙河市周庄办高庙村,,,,,114.478951,36.930252
兴隆寺,汉语系,释悟静,年代不详,河北省,邢台市,沙河市,河北省沙河市白塔镇兴隆寺,,,,,114.304939,36.922001
净峪寺,汉语系,释明树,,河北省,邢台市,沙河市,河北省沙河市綦村镇朱庄村北净峪寺,,,,,114.215263,37.004471
千佛寺,汉语系,常宗书,,河北省,邢台市,沙河市,河北省沙河市新城镇新章村千佛寺,,,,,114.341087,36.862091
华藏寺,汉语系,姚更申,,河北省,邢台市,沙河市,河北省沙河市新城镇小屯桥村华藏寺,,,,,114.353569,36.874920
延庆寺,汉语系,释圣达,,河北省,邢台市,沙河市,河北省沙河市赞善办明德村,,,,,114.440643,36.857841
建福寺,汉语系,释万一,,河北省,邢台市,沙河市,河北省沙河市褡裢办南汪村建福寺,,,,,114.548439,36.854294
龙泉寺,汉语系,释慧江,年代不详,河北省,邢台市,沙河市,河北省沙河市柴关乡北盆水村,,,,,114.064270,36.884583
普照禅寺,汉语系,释果修,2004-12-10,河北省,邢台市,沙河市,河北省沙河市赵泗水村北,,,,,114.488243,36.859932
天宁寺,汉语系,刘丙须,唐代,河北省,邢台市,威县,河北省邢台市威县章台镇三义庄,河北天宁寺始建于唐初，原名“华池若兰”，宋徽宗政和年间赐名为天宁万寿禅林，元代称为巨刹，名“大天宁寺”。为国家文物局公布第七批全国重点文物保护单位名单。,,全国重点文物保护单位,,115.351021,37.160866
佛光寺,汉语系,采玉盘,年代不详,河北省,邢台市,威县,河北省邢台市威县梨元屯乡杏元屯,,,,,115.466583,36.993851
光明寺,汉语系,孙连群,,河北省,邢台市,威县,河北省邢台市威县梨元屯镇干集村,,,,,115.466499,37.012814
兴隆寺,汉语系,刘翠凤,年代不详,河北省,邢台市,威县,河北省邢台市威县固献乡后戈室,,,,,115.390564,36.963543
兴隆寺,汉语系,李双成,年代不详,河北省,邢台市,威县,河北省邢台市威县贺钊乡西贺钊村,,,,,115.357414,37.081791
善慧寺,汉语系,王化德,,河北省,邢台市,威县,河北省邢台市威县章台南胡帐村,,,,,115.341103,37.132023
大兴寺,汉语系,杜子玲,,河北省,邢台市,威县,河北省邢台市威县梨元屯镇梁庄,,,,,115.469269,37.108643
山海寺,汉语系,刘金国,,河北省,邢台市,威县,河北省邢台市威县章台镇翟庄,,,,,115.426598,37.176991
崇兴寺,汉语系,释果善,,河北省,邢台市,威县,河北省邢台市威县固献乡固三村,,,,,115.390564,36.963543
开元寺,汉语系,释果富,,河北省,邢台市,威县,河北省邢台市威县赵村乡中赵村,,,,,115.403725,37.228622
清云寺,汉语系,段玉午,,河北省,邢台市,威县,河北省邢台市威县高公庄乡经镇,,,,,115.327454,37.190891
石佛寺,汉语系,无,,河北省,邢台市,威县,河北省邢台市威县梨元屯镇王曲,,,,,115.488693,36.968800
般若寺,汉语系,李佩益,,河北省,邢台市,威县,河北省邢台市威县侯贯镇大里庄般若寺,,,,,115.464462,37.165115
藏弥寺,汉语系,宋之文,,河北省,邢台市,威县,河北省邢台市威县章台镇章华堡,,,,,115.421120,37.174522
观音堂,汉语系,释万一,,河北省,邢台市,威县,河北省邢台市威县张营乡马庄村,,,,,115.274040,37.010361
普度禅寺,汉语系,卢卫中,,河北省,邢台市,威县,河北省邢台市威县常庄乡北仓,,,,,115.525322,37.057373
普济寺,汉语系,释果慧,,河北省,邢台市,威县,河北省邢台市威县洺州镇关关,,,,,115.274811,36.980564
慈明寺,汉语系,陈静武,年代不详,河北省,邢台市,新河县,河北省邢台市新河县西流乡故现村,位于新河县城南四公里故现村西，原名慈明庵。据记载始建于隋朝时期。高僧（智者禅师）启建净宗道场（慈明庵），于隋开皇十四年归天台宗。,,,,115.267242,37.488995
中兴寺,汉语系,王辉,,河北省,邢台市,新河县,河北省邢台市新河县寻寨镇寻湖村,,,,,115.160957,37.476692
保宁寺,汉语系,骆雪峰,,河北省,邢台市,新河县,河北省邢台市新河县城东,,,,,115.242140,37.528670
净土寺,汉语系,释万一,年代不详,河北省,邢台市,邢台县,河北省邢台市开发区黄屯新村155号,邢台净土寺乃邢台古刹，已有一千六百多年的历史。椐邢台旧志记载，为十六国后期赵时，大和尚佛图澄公元二三二年至二四八年驻锡之地。金末，曹洞宗巨匠——万松行秀十五岁于邢州（今河北邢台）净土寺出家，后于各地行脚参访，得法于磁州（今河北磁县）大明寺雪岩慧满禅师，传曹洞禅法。住持邢台净土寺为曹洞宗第十四代法嗣，筑万松轩，因之被称万松老人，潜志自修。金章宗明昌四年（一一九三年），应诏赴内廷说法，受隆重礼遇。应耶律楚材之请，著作《从容录》、《请益后录》、《万寿语录》等行于禅林，为禅宗语录之代表作。,,,,114.247383,36.888042
圣水寺,汉语系,郭明新,年代不详,河北省,邢台市,邢台县,河北省邢台市邢台县西黄村镇南小庄,圣水寺位于邢台市西黄村镇南小庄村东的方山（又叫东山，海拔500多米）西坡的半山腰处，始建于隋开皇四年（公元584年），距今已有一千四百多年的历史。它三面是山，翠柏环绕，风景独秀，因寺内有一眼冬不冻、夏不枯的甘甜泉水而得名。传说东汉刘秀曾在此驻兵时，病在了寺内，饮用泉水后，疾病立除，康复如初，一举恢复汉室，于是封此泉为圣水泉，后代在此建寺即称为圣水寺。,,,,114.234779,37.149384
圆通寺,汉语系,释正祥,,河北省,邢台市,邢台县,河北省邢台市邢台县西黄村镇佛光山,,,,,114.233238,37.142849
太行延寿山观音古寺,汉语系,释无心,,河北省,邢台市,邢台县,河北省邢台市邢台县宋家庄镇宋家庄村,,,,,114.100883,37.265972
梵音寺,汉语系,释仁雷,,河北省,邢台市,邢台县,河北省邢台市开发区西梁庄村西,,,,,114.533142,37.058823
玉山寺,汉语系,释仁智,,河北省,邢台市,邢台县,河北省邢台市开发区王快村北,,,,,114.576210,37.024368
玉泉禅寺,汉语系,明海,,河北省,邢台市,邢台县,河北省邢台市邢台县皇寺镇皇寺村,,,,,114.353043,37.182632
裕华寺,汉语系,释寂君,,河北省,邢台市,邢台县,河北省邢台市邢台县会宁镇西沙窝村,,,,,114.482170,37.135292
龙泉寺念佛堂,汉语系,释万一,2008-05-15,河北省,邢台市,邢台县,河北省邢台市邢台县龙泉寺乡龙泉寺村,,,,,114.174919,37.079071
慈云寺,汉语系,释万一,,河北省,邢台市,邢台县,河北省邢台市邢台县将军墓镇将军墓村,,,,,114.031723,37.226360
普度禅寺,汉语系,释常智,,河北省,邢台市,邢台县,河北省邢台市邢台县西黄村镇佛光山,,,,,114.233238,37.142849
护国寺,汉语系,张美荣,年代不详,河北省,张家口市,赤城县,河北省张家口市赤城县云州乡云州村,北距赤城县城15公里的云州舍身崖东麓有一座古刹，名护国寺。至今有700多年的历史了，现为赤城县三大旅游景点之一。考其现存的明、清碑刻，均未记载其初建何时。,,,,115.771561,41.043552
东山寺,汉语系,妥春花,,河北省,张家口市,赤城县,河北省张家口市赤城县雕鄂镇上虎村,,,,,115.739822,40.756359
清云寺,汉语系,陈宝库,,河北省,张家口市,赤城县,河北省张家口市赤城县云州乡镇安堡村,,,,,115.891869,41.117863
玄云寺,汉语系,马志荣,2007-12-26,河北省,张家口市,赤城县,河北省张家口市样田乡尚家堡九连洞,,,,,115.990761,40.763950
红山寺,汉语系,高向东,年代不详,河北省,张家口市,赤城县,河北省张家口市赤城县赤城镇宏达村红山寺沟,,,,,115.831978,40.914410
胜海寺,汉语系,王贵龙,,河北省,张家口市,赤城县,河北省张家口市赤城县大海陀乡大海陀村长春沟,,,,,115.773399,40.584290
观音寺,汉语系,李宝玉,年代不详,河北省,张家口市,赤城县,河北省张家口市赤城县白草镇张家营村,,,,,116.114784,41.101994
吉祥寺,汉语系,白宝亮,,河北省,张家口市,崇礼县,河北省张家口市崇礼县白旗乡西林村,,,,,115.450790,41.087143
西林佛教堂,汉语系,白宝亮,,河北省,张家口市,崇礼县,河北省张家口市崇礼县白旗乡西林村,,,,,115.450790,41.087143
净土寺,汉语系,冯忠山,年代不详,河北省,张家口市,沽源县,河北省张家口市沽源县平定堡镇后湾子,,,,,115.694870,41.684643
净土寺,汉语系,冯忠山,,河北省,张家口市,沽源县,河北省张家口市沽源县平定堡镇后湾子街,,,,,115.680328,41.671532
观音寺,汉语系,陈建新,年代不详,河北省,张家口市,怀来县,河北省张家口市怀来县卧牛山旅游区,,,,,115.758347,40.365429
多宝寺,汉语系,潘长义,,河北省,张家口市,康保县,河北省张家口市康保县屯垦镇阿不盖庙村北,,,,,114.676048,42.012592
玉皇阁,汉语系,释果岚,年代不详,河北省,张家口市,桥西区,河北省张家口市桥西区堡子里,玉皇阁是供奉玉皇大帝的神庙，建于明洪武十年（公元1377年），蔚州卫指挥史周房将蔚州土城改建为砖城，辟东、西、南三门，正北无门建玉皇阁一座，与三门遥相对峙。据《蔚州志》记载，昔日城垣有楼阁24座，独此楼最为弘整高峻，雄伟壮观。,,,,114.878357,40.819042
云泉禅寺,汉语系,赵福刚,,河北省,张家口市,桥西区,河北省张家口市桥西区赐儿山,,,,,114.864204,40.822788
伏魔禅寺,汉语系,释果岚,,河北省,张家口市,桥西区,河北省张家口市桥西区营城子大街9号,,,,,114.869370,40.819560
观音寺,汉语系,刘秀荣,年代不详,河北省,张家口市,尚义县,河北省张家口市尚义县城东沙河北端后山庙沟,,,,,114.220894,41.369213
隆善寺,汉语系,释本悟,明朝成化年间,河北省,张家口市,蔚县,河北省张家口市蔚县西合营镇羊圈堡村,蔚县隆善寺始建于明朝成化年间，光绪十年重修了此两座大殿外，又新建了东西两座殿堂历时一年，光绪十一年完工。隆善寺坐落在张家口市蔚县四十公里外坪台的东北角的一个小土岛。,,,,114.823547,40.013882
地藏寺,汉语系,门玉德,公元1816年,河北省,张家口市,蔚县,河北省张家口市蔚县暖泉镇西古堡村,,,,,114.435799,39.803902
太平寺,汉语系,万福,,河北省,张家口市,蔚县,河北省张家口市蔚县涌泉庄乡西陈家涧村,,,,,114.547623,39.864872
太平寺,汉语系,释万福,,河北省,张家口市,蔚县,河北省张家口市蔚县涌泉庄乡西陈家涧村,,,,,114.547623,39.864872
安乐寺,汉语系,净满,,河北省,张家口市,蔚县,河北省张家口市蔚县涌泉庄乡东陈家涧村,,,,,114.554810,39.865490
安乐寺,汉语系,释净满,,河北省,张家口市,蔚县,河北省张家口市蔚县涌泉庄乡东陈家涧村,,,,,114.554810,39.865490
金河寺,汉语系,释圆正,,河北省,张家口市,蔚县,河北省张家口市蔚县常宁乡西金河口村,,,,,114.946060,39.947952
永宁禅寺,汉语系,释慧学,,河北省,张家口市,下花园区,河北省张家口市下花园鸡鸣山,,,,,115.303146,40.475044
宣化区居士林,汉语系,张双清,1999-03-20,河北省,张家口市,宣化区,河北省张家口市宣化区崇秀西街,,,,,115.073303,40.624550
清凉净苑,汉语系,释妙荣,,河北省,张家口市,宣化区,河北省张家口市宣化区河子西乡河子西村,,,,,115.015839,40.622589
时恩寺,汉语系,释普闻,,河北省,张家口市,宣化区,河北省张家口市宣化区鼓楼大街81号,,,,,115.099230,40.608450
护福寺,汉语系,释行智,,河北省,张家口市,宣化县,河北省张家口市宣化县塔儿村乡王家窑村,,,,,114.851753,40.624241
鹫峰寺,汉语系,宋培宏,唐贞元年间,河北省,张家口市,阳原县,河北省张家口市阳原县揣骨疃镇夭沟村,鹫峰寺（又名澍峰寺），位于阳原县城驻地南偏西二十公里处，为河北省重点文物保护单位。,,,,114.245560,40.034382
鹫峰寺,汉语系,广慧,唐贞元年间,河北省,张家口市,阳原县,河北省张家口市阳原县揣骨疃镇鹫夭沟村,鹫峰寺（又名澍峰寺），位于阳原县城驻地南偏西二十公里处，为河北省重点文物保护单位。,,,,114.245560,40.034382
云盖寺,汉语系,师昌文,,河北省,张家口市,阳原县,河北省张家口市阳原县东城镇鳌鱼口村,,,,,114.406052,40.194221
兴福寺,汉语系,郭茂,,河北省,张家口市,阳原县,河北省张家口市阳原县要家庄乡东且坡村,,,,,114.132401,40.054253
南大寺,汉语系,释圣度,,河北省,张家口市,阳原县,河北省张家口市阳原县要家庄乡要家庄村,,,,,114.127159,40.078072
大觉寺,汉语系,释妙江,,河北省,张家口市,阳原县,河北省张家口市阳原县西城镇黄良坡村,,,,,114.146858,40.131618
广惠寺,汉语系,周巨巨,,河北省,张家口市,阳原县,河北省张家口市阳原县东堡乡响水沟村,,,,,114.254272,40.186382
广惠禅寺,汉语系,释云海,,河北省,张家口市,阳原县,河北省张家口市阳原县东堡乡响水沟村,,,,,114.254272,40.186382
弘善寺,汉语系,温振才,,河北省,张家口市,阳原县,河北省张家口市阳原县东井集镇漫流堡村,,,,,114.016212,40.092781
弘善寺,汉语系,王贵义,,河北省,张家口市,阳原县,河北省张家口市阳原县东井集镇漫流堡村,,,,,114.016212,40.092781
祥和寺,汉语系,李成龙,,河北省,张家口市,阳原县,河北省张家口市阳原县东井集镇和饶庄村,,,,,114.019684,40.045982
祥和寺,汉语系,释印发,,河北省,张家口市,阳原县,河北省张家口市阳原县东井集镇和尧庄村,,,,,113.990601,40.068893
金山寺,汉语系,释变证,,河北省,张家口市,阳原县,河北省张家口市阳原县揣骨疃镇双塔村,,,,,114.303032,40.044281
青龙寺,汉语系,王明堂,,河北省,张家口市,阳原县,河北省张家口市阳原县东城镇六马坊虎头良村,,,,,114.481583,40.179050
青龙寺,汉语系,王明堂,,河北省,张家口市,阳原县,河北省张家口市阳原县六马坊村,,,,,114.304001,40.125523
万佛寺,汉语系,任翠梅,年代不详,河北省,张家口市,张北县,河北省张家口市张北县张北镇永胜昌行政村（南山公园内）,,,,,114.722298,41.132912
张北镇念佛堂,汉语系,任翠梅,,河北省,张家口市,张北县,河北省张家口市张北县张北镇市场街,,,,,114.722290,41.149921
清凉寺,汉语系,张金宝,年代不详,河北省,张家口市,涿鹿县,河北省张家口市涿鹿县涿鹿镇清宁堡村,清凉寺，位于张家口市涿鹿县城西北五公里处，黄羊山群峰环抱之中。古刹庙宇楼塔，在海拔1500米处，四周群峰环抱，古松翠拍成双成对，密集参天，花木花草连片，四季常青。,,,,115.168320,40.400921
观音寺,汉语系,马仲莲,年代不详,河北省,张家口市,涿鹿县,河北省张家口市涿鹿县涿鹿镇北关大街,该寺位于涿鹿县城北关，又称北关观音寺。现在为涿鹿县文物局所在地。,,,,115.221100,40.382221
弥陀寺,汉语系,张金宝,年代不详,河北省,张家口市,涿鹿县,河北省张家口市涿鹿县武家沟镇西窑沟村,,,,,114.983147,40.338421
清凉寺,汉语系,许志刚,年代不详,河北省,张家口市,涿鹿县,河北省张家口市涿鹿县涿鹿镇清宁堡,,,,,115.168320,40.400921
观音禅寺,汉语系,许志刚,,河北省,张家口市,涿鹿县,河北省张家口市涿鹿县涿鹿镇北关村,,,,,115.221123,40.385880
香峰寺,汉语系,白淑良,,河北省,张家口市,涿鹿县,河北省张家口市涿鹿县涿鹿镇清宁堡村,,,,,115.168320,40.400921
香峰寺,汉语系,许志刚,,河北省,张家口市,涿鹿县,河北省张家口市涿鹿县涿鹿镇郝家坡村,,,,,115.174271,40.409332
弥陀寺,汉语系,许志刚,年代不详,河北省,张家口市,涿鹿县,河北省张家口市涿鹿县武家沟镇西窑沟村,,,,,114.983147,40.338421
定国寺,汉语系,释界定,年代不详,河南省,安阳市,安阳县,河南省安阳市安阳县韩陵乡东见山村9组,定国寺位于河南省安阳市东北侧九公里处的韩陵山之顶。始建于公元532年（北魏中兴二年）。占地66670平方米，1990年至1995年先后经安阳县宗教局和安阳市宗教局批准为正式佛教活动场所。,,,,114.416405,36.141544
五台寺,汉语系,释延池,,河南省,安阳市,安阳县,河南省安阳市安阳县曲沟镇曲沟集16组,,,,,114.213577,36.109421
仁安寺,汉语系,李捧,,河南省,安阳市,安阳县,河南省安阳市安阳县曲沟镇永定村10组,,,,,114.194870,36.109982
佛祖寺,汉语系,黄风珍,,河南省,安阳市,安阳县,河南省安阳市安阳县洪河屯乡连庄村9组,,,,,114.335770,36.193302
大弥陀寺,汉语系,释妙彻,,河南省,安阳市,安阳县,河南省安阳市安阳县崔家桥镇艾亭村6组,,,,,114.454460,36.125259
宝岩寺,汉语系,李长枝,,河南省,安阳市,安阳县,河南省安阳市安阳县安阳县马家乡马鞍山1号,,,,,114.029060,36.036900
延祥寺,汉语系,司秀英,,河南省,安阳市,安阳县,河南省安阳市安阳县崔家桥镇路宋村5组,,,,,114.478058,36.126873
段梁寺,汉语系,释照觉,,河南省,安阳市,安阳县,河南省安阳市安阳县安丰乡张显屯村11组,,,,,114.255989,36.237183
盘龙寺,汉语系,张古黑,,河南省,安阳市,安阳县,河南省安阳市安阳县水冶镇南街居委会249号,,,,,114.113747,36.128593
菩提寺,汉语系,孟秀英,唐高宗永徽年间,河南省,安阳市,安阳县,河南省安阳市安阳县磊口乡鹿山村8组,,,,,113.982300,36.156452
御封寺,汉语系,释真广,,河南省,安阳市,安阳县,河南省安阳市新区白璧镇中东孟村,,,,,114.477821,36.089993
观音寺,汉语系,陈秀丽,年代不详,河南省,安阳市,北关区,河南省安阳市北关区彰东办事处西六村25号,,,,,114.421318,36.120750
念佛堂,汉语系,杨玉生,,河南省,安阳市,北关区,河南省安阳市北关区彰北办事处程寸营村3号,,,,,114.338104,36.165604
三教堂,汉语系,杨长安,年代不详,河南省,安阳市,滑县,河南省滑县高平镇三教堂村,,,,,114.810081,35.385323
兴国寺,汉语系,安存会,年代不详,河南省,安阳市,滑县,河南省滑县焦虎乡双沟村,,,,,114.547424,35.344162
兴国寺,汉语系,陈巧荣,年代不详,河南省,安阳市,滑县,河南省滑县城关镇八街村,,,,,114.559044,35.562321
大云寺,汉语系,张秀文,,河南省,安阳市,滑县,河南省滑县城关镇振兴路,,,,,114.559044,35.562321
大雷音寺,汉语系,王章银,,河南省,安阳市,滑县,河南省滑县白道口镇王河京村,,,,,114.745811,35.648911
崇福寺,汉语系,齐广英,,河南省,安阳市,滑县,河南省滑县新区寺东村,,,,,114.552132,35.514832
极乐寺,汉语系,卢书恩,,河南省,安阳市,滑县,河南省滑县老店镇马虎寨村,,,,,114.569511,35.442890
永宁寺,汉语系,郭玉章,年代不详,河南省,安阳市,滑县,河南省滑县老店镇曹固村,,,,,114.560928,35.395382
立佛寺,汉语系,刘玉花,,河南省,安阳市,滑县,河南省滑县牛屯镇晋营村,,,,,114.482193,35.269531
观音寺,汉语系,丁文朝,年代不详,河南省,安阳市,滑县,河南省滑县上官镇干柳树村,,,,,114.609802,35.450100
观音寺,汉语系,曹文修,年代不详,河南省,安阳市,滑县,河南省滑县八里营官寨村,,,,,114.843613,35.492970
清元禅寺,汉语系,释道给,,河南省,安阳市,黄县,河南省内黄县东庄镇新张铺村,,,,,114.846634,35.917721
雨花寺,汉语系,尚新奇,年代不详,河南省,安阳市,林州市,河南省安阳市林州市采桑镇狐王洞村北,雨花寺风景区，位于河南省林州市区正南6公里的采桑镇狐王洞村南卧虎沟里，辰龙口内，有龟蛇把门，东南巍巍辰龙盘踞，南方天马山相对；西南狐仙脑，古名猴山，沿至西方有绵延起伏的照壁山，九峰朝天，似青龙活现，沟东有坐南向北的卧虎山，此乃左伏龙，又伏虎守护，沟水出五峡，沟口风山朝拜，华表相迎·雨花寺历史悠久，古为县名寺之一，创建碑载李淳风为寺点址，但碑已失·1991年在达摩凉窟下岸内得一石像，初考为唐代工艺品·寺院内有新出土的两盘青石碾，依乾隆41年重建碑推测，本寺创建在明朝以前·,,,,113.837257,35.998043
弘法寺,汉语系,李广林,年代不详,河南省,安阳市,林州市,河南省安阳市林州市采桑镇棋梧村东,弘法寺，原名“兴福寺”，位于河南省林州市采桑镇棋梧村北莲花山中。,,,,113.866333,35.974392
三孝念佛堂,汉语系,贾凤巧,,河南省,安阳市,林州市,河南省安阳市林州市姚村镇三孝村西,,,,,113.814537,36.136421
云峰寺,汉语系,释净缘（陈建丽）,,河南省,安阳市,林州市,河南省安阳市林州市姚村镇寨底村西,,,,,113.783478,36.157852
仙岩寺,汉语系,李见昌,,河南省,安阳市,林州市,河南省安阳市林州市城郊乡南马庄村西,,,,,113.818909,36.066551
仙岩寺,汉语系,申荣花,,河南省,安阳市,林州市,河南省安阳市林州市合涧镇茶饭庄村南,,,,,113.675880,35.967613
兴国寺,汉语系,秦贵保,年代不详,河南省,安阳市,林州市,河南省安阳市林州市东姚镇东姚村西,,,,,113.964394,35.912132
千佛寺,汉语系,释果行（赵中奎）,,河南省,安阳市,林州市,河南省安阳市林州市临淇镇石门寺村西,,,,,113.909531,35.855511
双龙寺,汉语系,原玉山,,河南省,安阳市,林州市,河南省安阳市林州市东岗镇东岗村北,,,,,113.926582,36.257980
大般若寺,汉语系,释清林（杨长明）,,河南省,安阳市,林州市,河南省安阳市林州市任村镇任村村北,,,,,113.812325,36.275352
太平寺,汉语系,刘明生,,河南省,安阳市,林州市,河南省安阳市林州市龙山街道西街村西,,,,,113.852623,36.051632
官霖禅寺,汉语系,释衍彻（李国连）,,河南省,安阳市,林州市,河南省安阳市林州市城郊乡面荒村西,,,,,113.818909,36.066551
崇善寺,汉语系,申艳云,,河南省,安阳市,林州市,河南省安阳市林州市河顺镇上庄村北,,,,,113.927711,36.160950
法雨寺,汉语系,杨菊香,,河南省,安阳市,林州市,河南省安阳市林州市横水镇西沟村东,,,,,113.976128,36.116302
洪谷寺,汉语系,王合军,,河南省,安阳市,林州市,河南省安阳市林州市合涧镇肖街村西,,,,,113.719780,35.992981
淇河寺,汉语系,郭五,,河南省,安阳市,林州市,河南省安阳市林州市临淇镇东张村东,,,,,113.891731,35.771431
甘露寺,汉语系,释照仁,,河南省,安阳市,林州市,河南省安阳市林州市横水镇马家庄村北,,,,,113.884354,36.047791
白岩寺,汉语系,李航燕,,河南省,安阳市,林州市,河南省安阳市林州市姚村镇太平庄村北,,,,,113.807808,36.177929
福兴寺,汉语系,莫神喜,,河南省,安阳市,林州市,河南省安阳市林州市城郊乡桑园村西,,,,,113.752708,36.063900
西山寺,汉语系,李秋荣,,河南省,安阳市,林州市,河南省安阳市林州市采桑镇南采桑村西,,,,,113.905563,35.993912
黄花北寺,汉语系,李付生,,河南省,安阳市,林州市,河南省安阳市林州市城郊乡黄华村西,,,,,113.742264,36.092461
慈云寺,汉语系,释清文（秦长栓）,,河南省,安阳市,林州市,河南省安阳市林州市茶店乡后子岗村南,,,,,113.828644,35.825218
普惠寺,汉语系,郝风香,,河南省,安阳市,林州市,河南省安阳市林州市横水镇晋家坡村东,,,,,113.936699,36.056053
龙泉禅寺,汉语系,申先芹,,河南省,安阳市,龙安区,河南省安阳市龙安区龙泉镇龙泉村西,,,,,114.183617,36.063309
云寿寺,汉语系,陈荣生,,河南省,安阳市,内黄县,河南省安阳市内黄县城关镇北丈保村,,,,,114.936371,35.888012
云阳寺,汉语系,释秒景,,河南省,安阳市,内黄县,河南省安阳市内黄县楚旺镇甘庄村,,,,,114.866295,36.087051
兴教寺,汉语系,申运昌,,河南省,安阳市,内黄县,河南省安阳市内黄县豆公乡南街,,,,,114.726402,36.003769
兴隆寺,汉语系,董红训,,河南省,安阳市,内黄县,河南省安阳市内黄县东庄镇北街村,,,,,114.810028,35.934490
南大寺,汉语系,王俊民,,河南省,安阳市,内黄县,河南省安阳市内黄县楚旺镇南街,,,,,114.856033,36.076012
南庄灵感寺,汉语系,释演亮,,河南省,安阳市,内黄县,河南省安阳市内黄县城关镇南关,,,,,114.909904,35.945404
太平兴国寺,汉语系,李希娥,,河南省,安阳市,内黄县,河南省安阳市内黄县后河镇西乜固村,,,,,114.896889,35.790390
极乐寺,汉语系,释慧藏,,河南省,安阳市,内黄县,河南省安阳市内黄县城关镇东风村,,,,,114.907890,35.954483
西来禅院,汉语系,王青兰,,河南省,安阳市,内黄县,河南省安阳市内黄县豆公乡迁民屯村,,,,,114.758163,36.003002
天护寺,汉语系,李九娣,,河南省,安阳市,汤阴县,河南省安阳市汤阴县菜园广平厂村,,,,,114.547668,35.953796
梵王寺,汉语系,贾玉堂,,河南省,安阳市,汤阴县,河南省安阳市汤阴县南大光村,,,,,114.345108,35.894711
河阳寺,汉语系,释法因,,河南省,安阳市,汤阴县,河南省安阳市汤阴县城关镇北关村,,,,,114.360619,35.925301
法云禅寺,汉语系,冯玉信,,河南省,安阳市,汤阴县,河南省安阳市汤阴县宜沟王老屯村,,,,,114.297920,35.810463
禅教寺,汉语系,郑香莲,,河南省,安阳市,汤阴县,河南省安阳市汤阴县任固镇沟北村,,,,,114.675613,35.980873
观音寺,汉语系,冯荣海,年代不详,河南省,安阳市,汤阴县,河南省安阳市汤阴县任固镇冯家巷,,,,,114.640579,35.963310
龙佛寺,汉语系,王菊花,,河南省,安阳市,汤阴县,河南省安阳市汤阴县古贤乡古贤村,,,,,114.465370,35.946510
宝莲寺,汉语系,袁振河,年代不详,河南省,安阳市,文峰区,河南省安阳市文峰区宝莲寺镇杨家井村,地处安阳市南部，与安阳市紧挨，村子南面是汤阴县（岳飞故里、文王羑里），与汤阴县划水而分。交通便利，有10#公交车从村北经过，而且村子的每条主干道都已经水泥化。,,,,114.357094,36.005409
纪家巷,汉语系,高思远,,河南省,安阳市,文峰区,河南省安阳市文峰区文峰区纪家巷29号,,,,,114.350211,36.094723
菩云寺,汉语系,燕凤莲,,河南省,安阳市,文峰区,河南省安阳市高新技术开发区小吴村,,,,,114.380981,36.074963
金佛寺,汉语系,朱志福,,河南省,安阳市,文峰区,河南省安阳市新区高庄乡朱家营村,,,,,114.459229,36.037930
古观音寺,汉语系,释永恒（孟凡钦）,,河南省,安阳市,新区,河南省安阳市新区高庄乡蒋台屯村,,,,,114.489128,36.017780
大明禅寺,汉语系,,,河南省,安阳市,殷都区,河南省安阳市殷都区西郊乡北流寺,,,,,114.240044,36.117142
天盛寺,汉语系,暴国贤,,河南省,安阳市,殷都区,河南省安阳市殷都区西郊乡骈家庄,,,,,114.258156,36.107754
金祥寺,汉语系,白向东,,河南省,安阳市,殷都区,河南省安阳市殷都区铁西路中段,,,,,114.335289,36.092548
静居寺,汉语系,刘连娥,年代不详,河南省,鹤壁市,鹤山区,鹤壁市鹤山区姬家山乡苇泉山,缙云寺位于河南省鹤壁市。坐落在姬家山乡施家沟村，始建于汉，距今约有2000多年历史，原名“苇泉寺”，明代始称静居寺。主要景点有山门，古树，大雄宝殿，毗卢阁和后佛殿遗址。,,,,114.137749,35.971882
太平兴国寺,汉语系,释源杰,年代不详,河南省,鹤壁市,浚县,鹤壁市浚县大伾山东侧,太平兴国寺（简称兴国寺）坐落于浚县大伾山，其寺名是北宋皇帝赵光义以自己的年号“太平兴国”赐封的，如今它至少有1030岁了。和其他的皇家寺院相比，太平兴国寺犹如隐居的高士，深沉清寂。庙宇犹如山林的眼睛，透视出山的意韵、山的文化精神。一座山，因为有了庙宇，更显山林的静谧与辽远。林立的庙宇道观给大伾山增添了几多神秘。,,,,114.561501,35.662590
殷隆寺居士林,汉语系,李希周,,河南省,鹤壁市,浚县,鹤壁市浚县小河镇前同山村,,,,,114.432472,35.594810
隆兴寺居士林,汉语系,赵培枝,,河南省,鹤壁市,浚县,鹤壁市浚县白寺乡白寺村,,,,,114.448181,35.679932
金山寺,汉语系,释德智,唐代,河南省,鹤壁市,淇滨区,鹤壁市淇滨区金山办事处黑山,位于河南省鹤壁市淇滨区庞村镇。毗邻京广铁路、京珠高速公路、107国鹤壁金山寺鹤壁金山寺道。距鹤壁市中心5公里。是以佛教文化为特色的历史文化类人文风景旅游区。2004年成立金山寺景区管理处，正式对其进行开发和建设。因春秋战国时期著名的思想家、政治家、教育家、墨家创始人墨子在此地居住多年，当地又有人称金山为“墨山”。坐落于此的金山嘉佑禅寺始建于唐代，重修于北宋嘉佑年间，是一座佛教文化浓重的千年古刹。据史书记载，金山寺兴盛时期，高僧云集，僧人数百，庙产千顷，香烟缭绕五百里，寺内至今仍完好保存着被誉为豫北第一的大雄宝殿、独具特色的卧佛殿以及其它建筑群。金山名胜游览区植物繁盛，冬季瑞雪覆盖，怡静宜人，春季万物复苏，绿叶滴翠。金山寺晨钟暮鼓，化人心灵。据专家考证，流传千年的《白蛇传》的传说就诞生于金山，雷峰塔遗址、金山寺、淇河、许家沟村、青岩绝白蛇洞构成了传说所需的相关要素。景区内有三步两眼井亭，两井虽相距咫尺，却一眼苦涩，一眼甘甜。西山观景亭被誉为“鹤壁第一亭”。金山风景旅游区为人们静化心灵、寻访探秘、共结连理的最佳之地,,,,114.246262,35.774544
迎福寺居士林,汉语系,靳义传,,河南省,鹤壁市,淇滨区,鹤壁市淇滨区钜桥镇钜桥村,,,,,114.311348,35.688663
兴国寺,汉语系,花水堂,,河南省,鹤壁市,淇县,鹤壁市淇县高村镇花庄村北,,,,,114.216423,35.718773
崇庆寺,汉语系,郭树清,,河南省,鹤壁市,淇县,鹤壁市淇县朝歌街道办事处三海村南,,,,,114.196777,35.613041
白虎岩寺,汉语系,释隆道,,河南省,鹤壁市,淇县,鹤壁市淇县黄洞乡柳林村鲍庄白虎山,,,,,114.128235,35.763802
脱骨寺,汉语系,姜永和,,河南省,鹤壁市,淇县,鹤壁市淇县庙口镇仙谈岗村西,,,,,114.168327,35.704319
金佛寺,汉语系,王宝林,,河南省,鹤壁市,淇县,鹤壁市淇县庙口镇庙口村西,,,,,114.173004,35.714722
胜业寺,汉语系,贡日华,年代不详,河南省,鹤壁市,山城区,鹤壁市山城区鹿楼乡故县村,胜业寺位于鹤壁市山城区故县村，该村是历史上战国时期赵国的国都旧址，拥有较为灿烂的古文化，村内现存有丰富的历史遗迹。,,,,114.221413,35.878983
凤凰山寺,汉语系,秦国林,,河南省,鹤壁市,山城区,鹤壁市山城区鹿楼乡小庄村,,,,,114.190224,35.884827
定乐寺,汉语系,释隆慧,,河南省,鹤壁市,山城区,鹤壁市山城区鹿楼乡中窑头村,,,,,114.189583,35.869492
盘谷寺,汉语系,释果建,年代不详,河南省,济源市,,河南省济源市克井镇大社村,盘谷寺（曾称十方大盘谷寺），济源市重要的古建群之一，位于济源市城区北12公里的克井镇大社村北南太行山南麓盘谷口，距市区15公里。寺以谷名。,,,,112.623062,35.175930
万佛寺,汉语系,释仁智,,河南省,济源市,,河南省济源市坡头镇石槽沟村,,,,,112.549942,34.954983
商山寺,汉语系,张杰英,,河南省,济源市,,河南省济源市承留镇花石村,,,,,112.502113,35.049301
石榴寺,汉语系,王昌妙,,河南省,济源市,,河南省济源市思礼镇思礼村,,,,,112.508827,35.109680
香岩寺,汉语系,暂空缺,年代不详,河南省,济源市,,河南省济源市五龙口镇山口村,,,,,112.704681,35.189590
弥陀寺,汉语系,释妙忍,年代不详,河南省,济源市,,河南省济源市思礼镇涧北村,,,,,112.494431,35.118622
圣佛寺,汉语系,释印定,,河南省,焦作市,,河南省焦作市影视城内,,,,,113.207321,35.266857
月山寺,汉语系,释恒湛,1158年,河南省,焦作市,博爱县,河南省焦作市博爱县月山火车站北,月山寺位于河南省焦作市博爱县月山镇境内，始建于公元1158年，是历史上著名的佛教圣地，与少林寺、白马寺并称为“中原三大古寺”。月山寺曾名“清风寺”、“大名禅院”“宝光寺”，明永乐三年更名为“月山寺”，沿用至今。月山寺鼎盛时期有僧侣五百、房舍千余间，经版、经书收藏甚多，尤其藏经阁中收录的佛经最为完整，明代学者李濂在其所著的《明月山记》中曾提到“读道藏于天坛，读佛藏于明月”，句中的明月即指月山寺。,,,,113.055351,35.210041
青莲寺,汉语系,释演祥,,河南省,焦作市,博爱县,河南省焦作市博爱县清化镇九街,青莲寺位于博爱县清化镇九街，是一座千年古寺。说起青莲寺的来历，倒还有一段传奇经历。,,,,113.082413,35.168953
佛祖寺,汉语系,释果兰,,河南省,焦作市,博爱县,河南省焦作市博爱县南西尚村东,,,,,113.177010,35.158279
圆通寺,汉语系,马金玲,年代不详,河南省,焦作市,马村区,河南省焦作市马村区待王街道办事处北孔庄村,圆通寺佛教文化园，位于焦作市山阳区巡返经济区内，北依太行山青龙峡自然风景区，东邻云台山世界地质公园，西靠中央电视台焦作影视城，南临焦辉公路，交通便利，环境优美。,,,,113.357483,35.253914
石佛寺,汉语系,释恒忏,年代不详,河南省,焦作市,马村区,河南省焦作市马村区待王街道办事处白庄村,石佛寺位于焦作市待王街道办事处白庄村，始建于后汉天福年间（公元948年），距今1000多年历史。2004年，被少林寺接受为下院，原国家佛教协会会长赵朴初先生亲自为石佛寺题写了“石佛寺”牌匾刻挂于天王殿正上方。,,,,113.332298,35.257679
天门寺,汉语系,释恒忏,,河南省,焦作市,马村区,河南省焦作市马村区安阳城街道办事处山底村,,,,,113.327019,35.314720
普明寺,汉语系,张平天（释如教）,,河南省,焦作市,马村区,焦作市马村区待王街道办事处西待王村,,,,,113.322601,35.230633
金山寺,汉语系,李秋菊,年代不详,河南省,焦作市,孟州市,孟州市西虢镇义井村村南,河南孟州金山寺建于唐垂拱三年，位于孟州紫金山山腰上，占地十余亩，与东都洛阳隔河向望，也是古代黄河以北，各州通往东都洛阳的交通要道。,,,,112.739204,34.886173
清凉寺,汉语系,释瑞钢,年代不详,河南省,焦作市,孟州市,河南省焦作孟州市赵和镇苏庄村西500米,,,,,112.711372,34.968349
云阳寺,汉语系,释印戒,南北朝北齐时期,河南省,焦作市,沁阳市,河南省焦作市沁阳市紫陵镇神农山景区,云阳寺，位于河南省焦作市沁阳市紫陵镇赵寨村北云阳河谷，始建于南北朝北齐时期，亦有资料称始建于唐代。云阳河谷在国家AAAAA级神农山风景区内，这里山奇千姿，水幽秀丽，谷内有古寨、古刹、古洞、古塔，“白雾埋阴壑，丹霞助晓光”。,,,国家AAAA级旅游景区,112.818138,35.207859
天宁寺,汉语系,刘春霞,年代不详,河南省,焦作市,沁阳市,河南省焦作市沁阳市怀庆办事处合作街街东,安阳天宁寺有天宁寺塔（文峰塔）五级，由下而登，逐渐宽敞，其巅则为平台，周可容二百人，远望太行，历历在目。文峰塔是一座非常独特的塔，建于后周文顺二年（952年），迄今已有1000多年的历史。因塔建于天宁寺内，故原名天宁寺塔。,,,,112.947861,35.088833
临川寺,汉语系,黄景伦,,河南省,焦作市,沁阳市,河南省焦作市沁阳市紫陵镇神农山景区,,,,,112.818138,35.207859
保寿寺,汉语系,释印才,,河南省,焦作市,沁阳市,河南省焦作市沁阳市常平乡常平村村南,,,,,112.932503,35.237442
古柏观音寺,汉语系,邱秀枝,,河南省,焦作市,示范区,河南省焦作市示范区宁郭镇大驾村北,,,,,113.187462,35.152660
东明寺,汉语系,释果悟,,河南省,焦作市,温县,河南省焦作市温县温泉镇子夏大街一号路1号,,,,,113.083023,34.931763
永安寺,汉语系,释湛开,,河南省,焦作市,温县,河南省温县赵堡镇赵堡村南大寺街28排,,,,,113.166977,34.964031
灵佛寺,汉语系,释秒展,,河南省,焦作市,温县,河南省焦作市温县西南徐堡村中大街村西头路北,,,,,113.089272,35.037220
菩提寺,汉语系,马玉娟,唐高宗永徽年间,河南省,焦作市,温县,河南省焦作市温县黄庄镇东高召村村东生产路北,,,,,112.995827,34.998150
普明寺,汉语系,释果空,年代不详,河南省,焦作市,武陟县,河南省焦作市武陟县大虹桥乡西温村南500米,河南省伊川丁流古镇普明寺，始建于东汉明帝永平13年（公元25年）。光武帝之庶子、明帝之庶兄、楚王刘英督工建造。,,,,113.270111,35.032421
念定寺,汉语系,释印施,年代不详,河南省,焦作市,武陟县,河南省焦作市武陟县北郭乡索余会村南街1号院,河南省焦作武陟县念定寺，位于北郭乡清风岭上的索余会村，是清风岭三寺之一，另外两座寺院是东草亭村的焦作武陟县吉祥寺和高余会村的焦作武陟县崇宁寺，始建年代不详，有古碑记载明、清重修，保存明、清时期的石经幢和水陆画颇有文化研究价值，现为县级文物保护单位。,,,,113.332298,35.018261
佛光寺,汉语系,朱翠英,,河南省,焦作市,武陟县,武陟县龙源镇孙庄1号院,,,,,113.389168,35.107262
南田塘云峰寺,汉语系,释延禅,,河南省,焦作市,武陟县,河南省焦作市武陟县三阳乡,,,,,113.289154,35.112671
古观音寺,汉语系,温满圈,,河南省,焦作市,武陟县,武陟县大虹桥乡岳庄1号院,,,,,113.265961,35.060810
妙乐寺,汉语系,释常立,,河南省,焦作市,武陟县,河南省焦作市武陟县大虹桥乡东张村,,,,,113.333672,35.071980
尊胜寺,汉语系,李路,,河南省,焦作市,武陟县,武陟县大丰镇驾部300米,,,,,113.251724,34.990143
崇福寺,汉语系,郭学萍,,河南省,焦作市,武陟县,武陟县西陶镇古凡村东200米,,,,,113.221024,35.027462
法云寺,汉语系,陈彩云,,河南省,焦作市,武陟县,武陟县大虹桥乡东关村1号院,,,,,113.392181,35.090721
玉佛寺,汉语系,高平立,,河南省,焦作市,武陟县,河南省焦作市武陟县三阳乡山阳村东1号院,,,,,113.289154,35.112671
福慧寺,汉语系,释体定,,河南省,焦作市,武陟县,武陟县龙源镇万花村1号院,,,,,113.381599,35.120380
观音寺,汉语系,门德,年代不详,河南省,焦作市,武陟县,河南省焦作市武陟县和平街西段1号院,,,,,113.401840,35.099520
观音寺,汉语系,马培村,,河南省,焦作市,武陟县,武陟县大丰镇赵庄1号院,,,,,113.221199,34.964550
护国寺,汉语系,陶小素,,河南省,焦作市,武陟县,武陟县西陶镇陶村100米,,,,,113.242508,35.060722
观音堂,汉语系,释妙树,,河南省,焦作市,新区,河南省焦作市新区南张村东头,,,,,113.234894,35.159111
圆融寺,汉语系,释常平,年代不详,河南省,焦作市,修武县,河南省焦作市修武县西村乡当阳峪村,圆融无碍禅寺位于河南省焦作市修武县西村乡当阳峪村，始建于东晋永和七年（公元351年），为“民间东传佛教第一僧”的西晋、后赵僧人佛图澄国师（二三一～三五一）所创建的八百九十三座寺庙之一，为十一进计十九殿、两塔院、七堂、二院落、一馆及十七处泉，在建“圆融国际禅修中心”及“五百罗汉洞”，为韩国圆融宗祖庭。现为国家AAAA级旅游景区、焦作市佛教协会驻地。是“圆融寺文化旅游园区”核心部分。,,,,113.247803,35.278091
万善寺,汉语系,释海空,年代不详,河南省,焦作市,修武县,河南省焦作市修武县岸上乡岸上村,万善寺位于河南省修武县境内，是国家首批世界地质公园、国家重点风景名胜区、国家AAAAA级景区、国家地质公园、国家森林公园、国家水利风景名胜区、国家猕猴自然保护区六个国家级于一体的云台山风景名胜区的其中一个景点。,,,国家AAAA级旅游景区,113.380280,35.419151
灵岩寺,汉语系,陈敦林,,河南省,焦作市,中站区,河南省焦作市中站区龙洞办事处刘庄村,,,,,113.123169,35.258121
中兴寺,汉语系,王保亮,战国末年,河南省,开封市,鼓楼区,河南省开封市仙人庄茶庵村,在豫东平原，黄河中下游有一座历史悠久的古寺－－中兴禅寺。它坐落在古城开封与中国四大名镇朱仙镇之间。位于开尉路西侧，交通便利，现存天王殿三间、正殿三间等建筑。中兴禅寺始建于战国末年，原为纪念魏国大英雄朱亥被封为朱仙而建的祠堂。后于隋唐时，将该祠堂改寺院。,,,,114.298317,34.684891
大相国寺,汉语系,释心广,年代不详,河南省,开封市,鼓楼区,河南省开封市鼓楼区自由路西段36号,大相国寺，原名建国寺，位于开封市自由路西段[1]，是中国著名的佛教寺院，始建于北齐天保六年（555年），唐代延和元年（712年），唐睿宗因纪念其由相王登上皇位，赐名大相国寺。北宋时期，相国寺深得皇家尊崇，多次扩建，是京城最大的寺院和全国佛教活动中心。后因战乱水患而损毁。清康熙十年（1671年）重修。现保存有天王殿、大雄宝殿、八角琉璃殿、藏经楼、千手千眼佛等殿宇古迹。1992年8月恢复佛事活动，复建钟、鼓楼等建筑。整座寺院布局严谨，巍峨壮观，2002年被评定为国家AAAA级旅游景区。[2],是,,国家AAAA级旅游景区,114.354280,34.790200
佛光居士林,汉语系,张文建,,河南省,开封市,金明区,河南省开封市金明区西郊乡高屯村,,,,,114.313469,34.777622
喜台居士林,汉语系,郭桂枝,,河南省,开封市,金明区,河南省开封市金明区水稻乡马头村,,,,,114.303505,34.876244
兴国寺,汉语系,释定悟,年代不详,河南省,开封市,开封县,河南省开封市开封县八里湾镇果园村,兴国寺位于河南省开封县的一个小村庄，于文革之后拆毁，在文革之前兴国寺和相国寺名声都不相上下，但文革之后兴国寺被拆毁了，人们因害怕鬼神又把庙建了起来，但庙里的内部设施非常的简陋与以前相差很远。,,,,114.591118,34.785961
佛山寺,汉语系,樊庆忠,魏,河南省,开封市,开封县,河南省开封市开封县罗王乡土山岗村,,,,,114.624092,34.710419
水香寺,汉语系,郭玉君,,河南省,开封市,开封县,河南省开封市开封县陈留镇南街村,,,,,114.528854,34.667511
观音寺,汉语系,常玉香,年代不详,河南省,开封市,开封县,河南省开封市开封县杜良乡王庄村,,,,,114.562622,34.808182
弥陀寺,汉语系,权松,年代不详,河南省,开封市,开封县,河南省开封市开封县曲兴镇五闫村,,,,,114.635811,34.825615
上方寺,汉语系,宋存善,,河南省,开封市,兰考县,河南省兰考县谷营乡西张集村,,,,,114.873260,34.943348
南彰寺,汉语系,袁得力,,河南省,开封市,兰考县,河南省兰考县南彰镇南彰村,,,,,115.145905,34.935444
真龙寺,汉语系,朱道友,,河南省,开封市,兰考县,河南省兰考县东坝头乡长胜村,,,,,114.843224,34.930000
宝珠寺,汉语系,释源觉,,河南省,开封市,龙亭区,河南省开封市龙亭区东华门街15号,,,,,114.354610,34.815680
铁佛寺,汉语系,马玉荣,年代不详,河南省,开封市,龙亭区,河南省开封市龙亭区北郊乡私访院,,,,,114.356544,34.836411
普济寺,汉语系,释心广,,河南省,开封市,龙亭区,河南省开封市龙亭区西门大街301号,,,,,114.342180,34.800250
观音寺,汉语系,苗素真,年代不详,河南省,开封市,杞县,河南省开封市杞县城关镇东关村内,,,,,114.791115,34.550163
念佛堂,汉语系,王永阁,,河南省,开封市,杞县,河南省开封市杞县宗店乡苏庄村,,,,,114.842583,34.301132
古观音寺,汉语系,释心广,年代不详,河南省,开封市,顺河回族区,河南省开封市顺河回族区白衣阁街30号,古观音寺，又名白衣阁，位于河南省开封市顺河区白衣阁街中，因阁内供白衣观音而得名。,,,,114.363144,34.799970
佛祖寺,汉语系,娄季宣,,河南省,开封市,通许县,河南省开封市通许县四所楼镇娄拐村,,,,,114.605988,34.424271
大佛寺,汉语系,吴凤梅,,河南省,开封市,通许县,河南省开封市通许县邸阁乡邸阁村,,,,,114.469383,34.355446
清凉寺,汉语系,陈乔梅,年代不详,河南省,开封市,通许县,河南省开封市通许县冯庄乡大双沟村,,,,,114.437408,34.525482
清泉寺,汉语系,吴承军,,河南省,开封市,通许县,河南省开封市通许县竖岗镇百里池村,,,,,114.379463,34.397499
禅林寺,汉语系,孟现良,,河南省,开封市,通许县,河南省开封市通许县玉皇庙镇稷子岗村,,,,,114.611351,34.273262
阳明寺,汉语系,杨银针,年代不详,河南省,开封市,尉氏县,河南省开封市尉氏县岗李乡寺后村村内,阳明寺位于河南省开封市岗李乡西北4公里处。,,,,113.902931,34.408260
青云禅寺,汉语系,范立东,年代不详,河南省,开封市,尉氏县,河南省开封市尉氏县庄头乡高庙村村北,青云禅寺位于河南省开封市尉氏县庄头镇高庙范村东的金鸡岭上，始建于唐代，占地面积800平方米，为现代钢筋水泥结构建筑。青云禅寺历史悠久，明代曾是开封大相国寺下院所在地，规模宏大、殿宇辉煌，如今早已失去往日的光辉。,,,,114.155632,34.602661
兴隆寺,汉语系,谷同伦,,河南省,开封市,尉氏县,河南省开封市尉氏县永兴镇孙留村村内,,,,,114.394951,34.292744
洪武寺,汉语系,曹玉良,,河南省,开封市,尉氏县,河南省开封市尉氏县产业集聚区要庄村村内,,,,,114.201401,34.388950
鸿台寺,汉语系,释演奇,,河南省,开封市,尉氏县,河南省开封市尉氏县洧川镇花桥刘村村南,,,,,113.988319,34.313511
黄龙寺,汉语系,张国贤,,河南省,开封市,尉氏县,河南省开封市尉氏县岗李乡冉家村村北,,,,,113.942284,34.441483
广化寺,汉语系,王建圈,元魏（公元386—534年）,河南省,洛阳市,,河南省洛阳市龙门村广化寺路,广化寺坐落在河南省洛阳市龙门村西的山岗上。始建于元魏（公元386—534年）时期。,,,,112.475220,34.573273
大福先寺,汉语系,代秋芳,,河南省,洛阳市,瀍河回族区,河南省洛阳市瀍河回族区唐寺门1号,,,,,112.516006,34.704975
盘龙寺,汉语系,释慧乐,,河南省,洛阳市,吉利区,河南省洛阳市吉利区吉利乡西杨村东,,,,,112.585701,34.914062
白云寺,汉语系,弓明慧,,河南省,洛阳市,栾川县,河南省洛阳市栾川县秋扒乡白岩寺村三组,洛阳市栾川县秋扒乡之古刹白云寺，背倚千仞白崖，高耸入云。古刹始建于汉明帝永平七年（公元70年），与洛阳白马寺（始建于公元68年）是同时代建造的姐妹寺，距今约2000年，现存四块碑碣为证。,,,,111.647499,34.057430
黄密寺,汉语系,释延超,年代不详,河南省,洛阳市,栾川县,河南省洛阳市栾川县石庙镇龙潭村十四组,黄密寺座落于八百里伏牛山腹地，承启于唐，2009年10月28号落成.,,,,111.543022,33.795761
净安寺,汉语系,王丰英,,河南省,洛阳市,栾川县,河南省洛阳市栾川县潭头镇汤营村九龙山疗院内,,,,,111.808075,33.987595
地藏寺,汉语系,谢灵会,,河南省,洛阳市,栾川县,河南省洛阳市栾川县庙子镇庙子村十一组,,,,,111.740562,33.765312
城关镇居士林,汉语系,刘美兰,,河南省,洛阳市,栾川县,河南省洛阳市栾川县城关镇大南沟村九组,,,,,111.626381,33.771709
天元寺,汉语系,杜三娃,,河南省,洛阳市,栾川县,河南省洛阳寺栾川县陶湾镇焦树凹村十二组,,,,,111.479378,33.902821
朝王寺,汉语系,董红英,,河南省,洛阳市,栾川县,河南省洛阳市栾川县栾川乡朝阳村四组,,,,,111.672318,33.780380
法华寺,汉语系,靳瞎,,河南省,洛阳市,栾川县,河南省洛阳市栾川县合峪镇孤山村一组,,,,,111.896721,33.840263
甘露寺,汉语系,张迎蕊,,河南省,洛阳市,栾川县,河南省洛阳市栾川县潭头镇大王庙村二组,,,,,111.762718,34.015770
菩提寺,汉语系,徐良,唐高宗永徽年间,河南省,洛阳市,栾川县,河南省栾川县重渡沟管委会重渡沟村四组,,,,,111.746101,33.902569
观音寺,汉语系,徐贵军,年代不详,河南省,洛阳市,栾川县,河南省洛阳市栾川县城关城关镇东河村一组,,,,,111.627647,33.784920
观音寺,汉语系,王双霞,年代不详,河南省,洛阳市,栾川县,河南省洛阳市栾川县张盘村三组,,,,,111.453682,33.827103
白马寺,汉语系,印乐,东汉永平11年（公元68年）,河南省,洛阳市,洛龙区,河南省洛阳市洛龙区洛白路6号,河南洛阳白马寺位于河南省洛阳老城以东12公里处，创建于东汉永平十一年（公元68年），为中国第一古刹，世界著名伽蓝，是佛教传入中国后兴建的第一座寺院，有中国佛教的“祖庭”和“释源”之称，距今已有1900多年的历史。现存的遗址古迹为元、明、清时所留。寺内保存了大量元代夹纻干漆造像如三世佛、二天将、十八罗汉等，弥足珍贵。,是,全国重点文物保护单位,国家AAAA级旅游景区,112.608190,34.722020
香山寺,汉语系,释常法,年代不详,河南省,洛阳市,洛龙区,河南省洛阳市龙门石窟景区东,,,,,112.475227,34.559929
香山寺,汉语系,释义修,年代不详,河南省,洛阳市,洛宁县,河南省洛阳市洛宁县罗岭乡罗岭村,洛宁香山寺位于洛阳市120公里，在洛宁县罗岭乡罗岭村，在山之半腰，群山环抱，环境幽雅。2008年被确定为河南省重点文物保护单位。传说洛宁香山寺建于东汉永平十年公元67年，早于洛阳白马寺（一说建于东汉永平十二年公元69年。）,,,,111.379509,34.375092
华严寺,汉语系,释万见,,河南省,洛阳市,洛宁县,河南省洛阳市洛宁县兴华镇西坡村,,,,,111.429619,34.262630
观音寺,汉语系,祝金会,,河南省,洛阳市,汝阳县,汝阳县小店镇南圣王台村,观音寺位于河北县西南四十里大孝子墓东南隅，始建于何年何月已无从考证，但在其几百年的历史长河中，许多帝王墨客到此观瞻凭吊，留下了不少动人的故事。观音寺在康乾盛世之时，香火鼎盛，同治与咸丰年间重修，随着清王朝的衰落，国弱民贫，观音寺也失去往日的风采。清末民初，生灵涂炭，列强抢掠；军阀沸战，僧人逃散，千年古刹，毁于一旦；日寇入侵，国破家亡，仅存残垣断壁，也被毁修了炮楼。今天的观音寺仍建在原址上，是由大孝子墓籍佛教大师释仁宽从2002年开始筹资修建，首期工程已于2005年底竣工，坐北朝南，东西长50多米，南北80多米，它的正面是山门，西边是鼓楼，东边是钟楼，后面第一座大殿叫“天王殿”。“天王殿”供奉的是笑口常开、袒胸漏脐的弥勒菩萨，“天王殿”后面是观音寺的主大殿，叫“施无畏佛殿”。主大殿中供奉的是观世音菩萨，他结跏趺坐，慈祥庄严，“龙女”和“善财童子”站立两旁；主林殿东边的配殿是东方三圣殿，西边是西方三圣殿。还有退居寮、方丈寮、僧寮、斋堂等供僧众净修、起居、吃饭等,,,,112.611954,34.145794
大智寺,汉语系,于秀荣,,河南省,洛阳市,汝阳县,河南省洛阳市汝阳县城关镇杜康大道西段寺弯村路北,,,,,112.449791,34.143036
吉祥寺,汉语系,释印通,年代不详,河南省,洛阳市,嵩县,河南省嵩县旧县镇寺上村前门组,吉祥寺位于嵩县县城西南35公里青石峡，始建于东汉明帝时期，占地7920m2，殿宇房舍160间，建筑面积4655m2。寺院座北朝南，一进两节大院，两个小跨院，依山而建，节节渐高。中轴线上自前而后依次为天王殿、大佛殿、大雄宝殿。中轴线东建地藏王殿、西建观音殿。,,,,111.847130,34.052174
云岩寺,汉语系,园慈,年代不详,河南省,洛阳市,嵩县,河南省洛阳市嵩县白河镇下寺村1组,河南云岩寺位于河南洛阳嵩县白河乡下寺村，整个区域分上、下寺两部分，面积约五平方公里。寺院背依伏牛山主峰龙池墁（目前河南省唯一一块没有被开发的原始森林），遥对国家级森林保护区宝天墁，群峰耸峙，怪石嶙峋，飞瀑流湍，古木参天。,,,,111.997887,33.645561
佛泉寺,汉语系,王新会,年代不详,河南省,洛阳市,嵩县,河南省洛阳市嵩县德亭镇佛泉寺村,,,,国家AAA级旅游景区,111.814453,34.193851
圣水寺,汉语系,杨明镜,年代不详,河南省,洛阳市,嵩县,河南省洛阳市嵩县车村镇小豆沟村1组,,,,,112.143372,33.834190
杨山报国寺,汉语系,释传鍼,,河南省,洛阳市,嵩县,河南省洛阳市嵩县木植街乡石磙坪村,,,,,112.081108,33.865490
竹林寺,汉语系,妙宣,,河南省,洛阳市,嵩县,河南省洛阳市嵩县纸房镇高村一组,,,,,112.114250,34.118721
道安寺,汉语系,园慈,,河南省,洛阳市,嵩县,河南省嵩县库区乡万安村三组,,,,,112.151031,34.203392
龙兴寺,汉语系,陈中娃,年代不详,河南省,洛阳市,嵩县,河南省洛阳市嵩县闫庄镇杨大庄村1组,,,,,112.123016,34.300789
药王寺,汉语系,菜环,,河南省,洛阳市,偃师市,河南省洛阳市偃师市城关镇摇头村村北,偃师药王寺号称孙真庙，是偃师人民纪念药王，进行祭祀活动的中心。药王寺原坐落在二龙山东侧山脚，始建年代不详，1951年因建设工区被拆，70年代末开始重建，90年代后经扩建初具规模。重修后的寺院在二龙山西侧，依山势建筑，由南向北，沿中轴线依次为天王殿、大雄宝殿、药王大殿、玉皇大殿，形成一个四院三通的建筑整体。寺内大殿呈歇山斗拱式，错落有致，交相辉映。,,,,112.782913,34.728680
洪江寺,汉语系,释永旭,年代不详,河南省,洛阳市,偃师市,偃师市大口乡山张村中心,洪江寺位于河南省偃师市大口乡南部牛心山半山腰，原有天门、钟鼓梯、观音殿等建筑，可惜现在多已塌毁，余一石牌坊，雕刻精美，有吻兽石狮、浮雕图案等，楹联为“竹径幽深慧日照三千世界，莲台清净祥云覆四大部洲。”,,,,112.717468,34.537724
藏梅寺,汉语系,释延熄,年代不详,河南省,洛阳市,偃师市,河南省洛阳市偃师市顾县镇回龙湾村村南,藏梅寺本名白云寺，位于河南省洛阳市偃师县顾县乡回龙湾村，因背靠白云山而得名。旧时香火鼎盛，规模宏大，有四层院落，头层为四大天王殿，殿前东壁塑有黄巢坐像，披盔戴甲，气势不凡。据《巩县志》记载，唐代黄巢起义西伐长安时，曾在此驻兵，并挖洞贮粮。直到今天，附近还有阅兵台、练兵场、饮马泉等旧名。二层大殿供弥勒佛像。三层为大雄宝殿，供释迦牟尼佛。最后一层是僧人居所。藏梅寺位于青龙河谷中，峰峦拱秀，溪流萦回，林木葱郁，幽静秀美。,,,,112.830261,34.666443
全佛寺,汉语系,释果英,,河南省,洛阳市,偃师市,河南省洛阳市偃师市城关镇潘屯村村北,,,,,112.735733,34.729820
南大寺,汉语系,李振江,,河南省,洛阳市,偃师市,河南省洛阳市偃师市府店镇西口孜村东,,,,,112.850250,34.547371
唐僧寺,汉语系,释印观,,河南省,洛阳市,偃师市,河南省洛阳市偃师市缑氏镇唐僧寺村东,,,,,112.811317,34.593441
玄奘寺,汉语系,释圆明,,河南省,洛阳市,偃师市,河南省洛阳市偃师市缑氏镇陈河村村中,,,,,112.786591,34.613689
龙凤禅寺,汉语系,释清方,,河南省,洛阳市,偃师市,河南省偃师市翟镇镇冉庄村村北,,,,,112.688538,34.681011
招福寺,汉语系,王哲,,河南省,洛阳市,偃师市,河南省洛阳市偃师市大口乡南寨村村东,,,,,112.700264,34.548500
无忧念佛堂,汉语系,王新杰,,河南省,洛阳市,偃师市,偃师市邙岭乡省庄村村南,,,,,112.736122,34.779152
玉泉寺,汉语系,普法,,河南省,洛阳市,伊滨区,河南省洛阳市伊滨区万安山东,,,,,112.510780,34.704310
大觉寺,汉语系,释妙真,年代不详,河南省,洛阳市,伊川县,河南省洛阳市伊川县高山镇谷瑶村东,在伊川县高山镇谷元村剧院隔壁有一处古刹，坐北面南，长300米，宽120余米，占地50余亩，目前建筑面积3000余平方米。它就是大觉寺。该寺始建于元朝惠宗至元年间（公元1335年至公元1340年），已历逾600年沧桑，曾多次重修。据残碑记载，清代乾（隆）嘉（庆）年间是大觉寺的鼎盛时期。当时的大觉寺包括东西跨院，有房舍200余间，建筑面积达5000余平方米，寺内及寺外有古柏数百株，寺地六七百亩，僧侣多达300余名。从碑刻上看，仅圆平、圆钦、圆仲等圆字辈僧人就有80多名。,,,,112.269638,34.423172
龙泉寺,汉语系,释印善,北魏,河南省,洛阳市,伊川县,河南省洛阳市伊川县水寨镇韦村东,河南洛阳伊川县千年古刹龙泉寺，据原碑文记载，龙泉寺始建于西晋年间。随着印度佛教在我国的传播和发展，到南北朝时期已建成一座规模可观的寺院，迄今约一千六百多年的历史。,,,,112.476128,34.443893
净土寺,汉语系,释如琛,2005-10-20,河南省,洛阳市,伊川县,河南省洛阳市伊川县白元乡水牛沟村北,东都洛阳净土寺，原本是北魏时的洛阳净土寺。隋炀帝大业四年（公元608年），从北魏洛阳城（汉魏故城）迁建于隋都洛阳城（隋唐洛阳城）建阳门（唐称建春门，东垣三门之中门，位于今李楼乡楼村东侧）内。四年后，大理寺卿郑善果奉敕在东都洛阳度僧27名，玄奘被录取并在这里出家，时年13岁,,,,112.430069,34.366222
金山寺,汉语系,付喜凤,1995-01-24,河南省,洛阳市,伊川县,河南省洛阳市伊川县白元乡白元村东,《白蛇传》在我国家喻户晓。故事起源于1000多年前的北宋时期，发源地在鹤壁黑山一带。黑山一带的徐家沟村、白蛇洞、金山寺和淇河，具备了《白蛇传》故事所必需的各项构成要素，是一个天然浑成的统一整体。一些史学家考证出《白蛇传》的故事起源于北宋时期，发源地就在黑山之麓、淇河之滨的许家沟、白蛇洞、金山寺。,,,,112.417992,34.356590
万寿寺,汉语系,释源寂,1996-04-01,河南省,洛阳市,伊川县,河南省洛阳市伊川县城关镇窑底村西,,,,,112.453232,34.481560
濛泉寺,汉语系,宋团,,河南省,洛阳市,伊川县,河南省洛阳市伊川县白沙镇白沙村北,,,,,112.534271,34.379612
金钟寺,汉语系,李小妞,,河南省,洛阳市,伊川县,河南省洛阳市伊川县城关镇南街村西,,,,,112.441429,34.415642
钟灵寺,汉语系,释源净,2005-10-20,河南省,洛阳市,伊川县,河南省洛阳市伊川县城关镇北街村西,,,,,112.425148,34.427982
青峰寺,汉语系,释源现,2006-03-02,河南省,洛阳市,伊川县,河南省洛阳市伊川县吕店镇姚沟村北,,,,,112.586372,34.485374
黄龙寺,汉语系,孙元才,,河南省,洛阳市,伊川县,河南省洛阳市伊川县江左镇魏小寨村东,,,,,112.732422,34.468994
五花寺,汉语系,释刚晓,年代不详,河南省,洛阳市,宜阳县,河南省洛阳市宜阳县三乡镇五花寺,位于河南宜阳县三乡村北，连昌河畔，汉山脚下的连昌宫遗址上。五花寺其余建筑已不存在，仅余一塔。该塔实际修造年代不详，旧志记为唐塔，但有关人员鉴定为宋代遗作，为省级文物保护单位。,,,,111.793983,34.444729
龙潭寺,汉语系,释延范,,河南省,洛阳市,宜阳县,河南省洛阳市宜阳县张午乡龙潭寺,龙潭寺位于张坞乡岳社村东南的龙潭河东。因寺附近有一面积约60平方米左右的龙潭而得名。以寺院大殿结构造型特点，可推断为金代所建。现存大雄殿、天王殿、东陪殿、僧房等17间。,,,,111.854988,34.417850
仙游禅寺,汉语系,释演峰,,河南省,洛阳市,宜阳县,河南省洛阳市宜阳县董王庄乡仙游禅寺,,,,,112.110794,34.358620
清风寺,汉语系,释妙真,,河南省,洛阳市,宜阳县,河南省洛阳市宜阳县赵保乡赵庄村1组,,,,,112.147430,34.421650
灵山寺,汉语系,释恒白,,河南省,洛阳市,宜阳县,河南省洛阳市宜阳县锦屏镇灵山寺,,,,,112.104912,34.504742
聚乐寺,汉语系,释印辉,,河南省,洛阳市,宜阳县,河南省洛阳市宜阳县香鹿山镇后庄村1组,,,,,112.209671,34.539600
花山寺,汉语系,王米知,,河南省,洛阳市,宜阳县,河南省洛阳市宜阳县花果山乡花山寺,,,,,111.892967,34.318703
清凉古寺,汉语系,宋红如,,河南省,漯河市,临颍县,河南省漯河市临颍县城关镇董畦村东,,,,,113.955544,33.793072
化身台兴国寺,汉语系,释心源,,河南省,漯河市,郾城区,河南省漯河市郾城区龙城镇李湾村村西北,化身台兴国寺简介化身台位于郾城西11公里龙城镇李湾村北约1公里处。台高8.3米，东四宽180米，南北长130米，面积约23400平方米。属龙山文化遗址。古碑记载：化身台，但云其夫行於外，其妻朝暮登台望之，心志挛凝，久而立化为石，因以名——化身台。化身台八方位正，五行气和，四野拱而平，若立若陵，不圆不方，磊磊然。而钟灵不异于灵鹫峰也。台顶古刹兴国寺之初建，不知何代，明永乐初僧人得台槽刻其文曰：“大唐开元元年兴国寺造”。即物索证，则全唐以来之盛时也。化身台创基渊深。历代而下，田革糜常，几度兴衰。僧人重建卓锡于此。明正德玖元（公元1506年）更新。嘉靖二十六年，当地居民积资复修，明万历二十四年（公元1545年）再次重修立碑，并植白果树一棵，现已高四丈余，三人合抱。.,,,,113.925835,33.605743
双龙寺,汉语系,释延刚,,河南省,漯河市,源汇区,河南省漯河市源汇区干河陈乡南关村南,,,,,113.999290,33.574493
重兴禅寺,汉语系,释海修,,河南省,南阳市,,河南省南阳市社旗下洼酒店街,,,,,112.947930,33.056140
接引寺,汉语系,释印和,年代不详,河南省,南阳市,邓州市,河南省邓州市腰店乡腰店村南,接引寺位于邓州市东，湍河之滨———“接引寺”。原系古刹，由来已久。（原名三教堂即净土宗、禅宗、密宗）寺后湍河似银龙起舞，从西南蜿蜒而来。,,,,112.196892,32.683762
福胜寺,汉语系,释道诚,年代不详,河南省,南阳市,邓州市,河南省邓州市花洲办事处前进街塔院内,福胜寺位于河南省邓州市区内，福胜寺始建于西汉时期，至元末已杂草丛生。明初重建庙宇，1382年（明洪武十五年）设僧会司，集资建殿宇，塑佛像。永乐年间，建造释迦宝殿、三门、方丈、僧舍、禅堂等，重装佛像。1446年（明正统十一年），重盖佛殿，增建钟鼓楼、讲堂、厨库，并装饰了圣像。1468年（明成化四年）在县境内募资新修大雄宝殿，东西两侧分建钟鼓楼和伽蓝祖师殿，同时建造天王殿，整修垣墙和门首，雕刻释迦、弥陀二佛放置大殿两侧，募缘精铜4000余公斤铸造大士文佛，置大殿正中；后来毁于文革。,,全国重点文物保护单位,,112.089272,32.679874
佛慧寺,汉语系,释圣地,,河南省,南阳市,邓州市,河南省邓州市小杨营乡杨营村北坡,,,,,112.196182,32.552170
圣泉寺,汉语系,释常戒,,河南省,南阳市,邓州市,河南省邓州市裴营乡魏寺村河边,,,,,112.021233,32.729412
圣井寺,汉语系,刘富贵,年代不详,河南省,南阳市,方城县,河南省南阳市方城县小史店镇,,,,,113.325951,33.156811
水藏寺,汉语系,释印英,,河南省,南阳市,方城县,河南省南阳市方城县四里店乡柳湾,,,,,112.887993,33.556652
白马寺,汉语系,释印根,东汉永平11年（公元68年）,河南省,南阳市,方城县,河南省南阳市方城县博望镇博望街,,,,国家AAAA级旅游景区,112.741188,33.163311
福兴寺,汉语系,释印觉,,河南省,南阳市,方城县,河南省南阳市方城县杨集乡宋庄村,,,,,112.996689,33.325760
维摩寺,汉语系,释印乐,,河南省,南阳市,方城县,河南省南阳市方城县四里店乡维么寺村,,,,,112.865944,33.375340
房山寺院,汉语系,樊自钦,,河南省,南阳市,方城县,河南省南阳市方城县古庄店乡黑河村,,,,,113.211014,33.242722
普严禅寺,汉语系,释海乾,,河南省,南阳市,方城县,河南省南阳市方城县国营林场,,,,,113.012550,33.254390
方山观音寺,汉语系,释延空,,河南省,南阳市,内乡县,河南省南阳市内乡县湍东镇方山观音寺,方山观音寺概况：观音寺始建于宋朝中期，重建于乾隆12年（1748年），2000年从县城搬迁到方山公园内，方山是内乡八大名山之一，现已成为该县一处旅游景点。方山观音寺现规划建设为一进三道院，一处尼姑庵，已建有大雄宝殿等建筑10余间，欢迎热爱佛教事业的同仁到此投资·建设，共创佛教济世利人伟业。观音寺依山傍水、交通便利、空气清新、环境幽雅清静，是念佛诵经、修身养性的理想处所。,,,,111.791901,33.016697
吉祥寺,汉语系,释演修,年代不详,河南省,南阳市,内乡县,河南省南阳市内乡县灌涨镇杨集村,,,,,111.943489,33.077591
关帝禅寺,汉语系,释印贤,,河南省,南阳市,社旗县,河南省南阳市社旗县朱集街,,,,,112.947930,33.056140
双河寺,汉语系,释演东,,河南省,南阳市,社旗县,河南省南阳市社旗县桥头镇小河流村,,,,,112.788910,33.075642
大龙池庙,汉语系,释妙峰,,河南省,南阳市,社旗县,河南省南阳市社旗县太和乡闫后岗村,,,,,112.968147,32.840172
来佛寺,汉语系,释印志,,河南省,南阳市,社旗县,河南省南阳市社旗县李店,,,,,112.801132,32.547913
清净寺,汉语系,释妙修,,河南省,南阳市,社旗县,河南省南阳市社旗县尧良镇,,,,,112.947930,33.056140
福慧禅寺,汉语系,释演华,,河南省,南阳市,社旗县,河南省南阳市社旗县朱集乡王明甫村,,,,,113.169220,32.856361
郭庵禅寺,汉语系,释印成,,河南省,南阳市,社旗县,河南省南阳市社旗县田庄乡尚庄村,,,,,112.969032,33.085979
飞龙寺,汉语系,释演权,,河南省,南阳市,社旗县,河南省南阳市社旗县郝寨镇李洼村,,,,,113.033043,33.007710
龙泉寺,汉语系,释妙勤,北魏,河南省,南阳市,社旗县,河南省南阳市社旗县尧良镇,,,,,112.947930,33.056140
佛田寺,汉语系,王胜芝,年代不详,河南省,南阳市,唐河县,河南省南阳市唐河县大河屯镇稻谷田,佛田寺位于唐河县大河屯镇夏岗村，一九九七年由群众集资修建。[1],,,,113.056534,32.736603
九塚华严寺,汉语系,范广春,,河南省,南阳市,唐河县,河南省南阳市唐河县古城乡温庄村大樊庄,,,,,112.910004,32.659672
佛光寺,汉语系,释印荣,,河南省,南阳市,唐河县,河南省南阳市唐河县少拜寺镇,,,,,113.143600,32.795879
佛照寺,汉语系,张荣秀,,河南省,南阳市,唐河县,河南省南阳市唐河县桐寨铺镇李营村,,,,,112.767120,32.751270
双峰寺,汉语系,释印慈,,河南省,南阳市,唐河县,河南省南阳市唐河县马振抚乡前庄村,,,,,112.985619,32.468990
双明寺,汉语系,释少新,,河南省,南阳市,唐河县,河南省南阳市唐河县大河屯镇靳庄,,,,,113.056534,32.736603
国安寺,汉语系,释海明,,河南省,南阳市,唐河县,河南省南阳市唐河县古城乡古老庄村古老庄,,,,,112.967407,32.674793
圆通寺,汉语系,释如真,年代不详,河南省,南阳市,唐河县,河南省南阳市唐河县文峰街道新春社区,,,,,112.845512,32.693050
弘佛寺,汉语系,释演旭,,河南省,南阳市,唐河县,河南省南阳市唐河县张店镇付岗村,,,,,112.663689,32.685169
申寺,汉语系,王文堂,,河南省,南阳市,唐河县,河南省南阳市唐河县桐寨铺镇崔庄村委申寺村,,,,,112.772469,32.790451
观音寺,汉语系,释性了,年代不详,河南省,南阳市,唐河县,河南省南阳市唐河县古城乡黄店村,,,,,112.974503,32.713531
铁佛寺,汉语系,李金敏,年代不详,河南省,南阳市,唐河县,河南省南阳市唐河县郭滩镇王老营村,,,,,112.656540,32.501022
龙泉禅寺,汉语系,释如弘,,河南省,南阳市,唐河县,河南省南阳市唐河县湖阳镇仝湾村,,,,,112.795914,32.415661
普化寺,汉语系,释如真,,河南省,南阳市,唐河县,河南省南阳市唐河县黑龙镇黑龙镇村发山,,,,,112.743729,32.488529
普济寺,汉语系,高纪明,,河南省,南阳市,唐河县,河南省南阳市唐河县毕店镇,,,,,113.063812,32.636723
云台寺,汉语系,释清远,清乾隆四十九年,河南省,南阳市,桐柏县,河南省南阳市桐柏县城关镇西杨社区陈庄组,云台寺，位于豫鄂两省交界处的河南省桐柏山主峰太白顶，此山海拔1000多米，山岚谷雾，莽莽苍苍。,,,,113.397820,32.366528
桂泉寺,汉语系,释印和,年代不详,河南省,南阳市,桐柏县,河南省南阳市桐柏县淮源镇彭庄村庙下庄组,桂泉寺位于桐柏县鸿仪河乡彭庄村，占地面积1200平方米。初建于唐，明嘉庆年间重修，后毁于战乱。1992年由香港如修法师捐资仿旧重建。现有天王殿、大雄宝殿及山门。殿内供奉各类佛像7尊。该寺整个建筑红砖青瓦，古朴巧稚。现任住持海渤法师，系河南省佛教协会顾问、桐柏县佛教协会副会长。现有僧人12名。,,,,113.253159,32.484539
回龙寺,汉语系,释源航,年代不详,河南省,南阳市,桐柏县,河南省南阳市桐柏县朱庄镇粉坊村黄老庄组,,,,,113.468369,32.549122
圣恩寺,汉语系,释果兴,,河南省,南阳市,桐柏县,河南省南阳市桐柏县安棚镇王湾村上湾东组,,,,,113.253838,32.586262
妙法寺,汉语系,释海圣,,河南省,南阳市,桐柏县,河南省南阳市桐柏县城关镇西杨社区陈庄组,,,,,113.397820,32.366528
桃花洞普化寺,汉语系,释圆慈,,河南省,南阳市,桐柏县,河南省南阳市桐柏县淮源镇固庙村老虎河组,,,,,113.290863,32.415691
水帘寺,汉语系,释妙侠,,河南省,南阳市,桐柏县,河南省南阳市桐柏县城关镇西杨社区陈庄组,,,,,113.397820,32.366528
永庆寺,汉语系,释海圣,,河南省,南阳市,桐柏县,桐柏县城关镇东环社区肖庄组,,,,,113.423073,32.377319
清泉禅寺,汉语系,释印生,,河南省,南阳市,桐柏县,桐柏县淮源镇后棚村清泉寺组,,,,,113.253212,32.488693
玉佛寺,汉语系,释海保,,河南省,南阳市,桐柏县,河南省南阳市桐柏县城关镇东环社区大堰梢组,,,,,113.415840,32.358631
观音禅林,汉语系,释妙空,,河南省,南阳市,桐柏县,河南省南阳市桐柏县城关镇西杨社区陈庄组,,,,,113.397820,32.366528
云朝寺,汉语系,惠大宾,年代不详,河南省,南阳市,宛城区,河南省南阳市宛城区汉冢乡李王庄村云朝寺,云朝寺位于宛城东南五十里（现河南省南阳市宛城区汉冢乡李王庄村西），曾为中原四大名寺之一，与洛阳白马寺，开封相国寺，登封少林寺齐名。,,,,112.708809,32.849648
弘德寺,汉语系,释印顺,年代不详,河南省,南阳市,宛城区,河南省南阳市宛城区高庙乡谢营村谢营弘德寺,弘德寺位于南阳市宛城区高庙乡谢营村西边一公里处。,,,,112.740234,32.916851
法幢寺,汉语系,释印教,,河南省,南阳市,宛城区,河南省南阳市宛城区金华乡大徐营村大徐营法幢寺,,,,,112.652176,32.824764
金仙寺,汉语系,释印喜,,河南省,南阳市,宛城区,河南省南阳市宛城区红泥湾镇白营村鲁平庄自然村,,,,,112.694901,33.045990
圆明寺,汉语系,释妙馨,,河南省,南阳市,卧龙区,河南省南阳市卧龙区龙王沟景区后庄村圆明寺,,,,,112.481895,33.208054
柏佛寺,汉语系,释演隆,,河南省,南阳市,卧龙区,河南省南阳市卧龙区蒲山镇高庄村,,,,,112.551392,33.097153
灵山寺,汉语系,释妙宝,,河南省,南阳市,卧龙区,河南省南阳市卧龙区蒲山镇官庄村紫灵山寺,,,,,112.536224,33.118404
玉山寺,汉语系,释妙宝,,河南省,南阳市,卧龙区,河南省南阳市卧龙区七里园乡达士营村豫山禅寺,,,,,112.590981,33.061970
观音寺,汉语系,释融印,年代不详,河南省,南阳市,卧龙区,河南省南阳市卧龙区谢庄乡田营村,,,,,112.491371,33.145500
燃灯寺,汉语系,徐超,年代不详,河南省,南阳市,西峡县,河南省南阳市西峡县寺山公园内,显密圆通燃灯寺地处河南西峡县境内的寺山国家森林公园内。山上绿树葱笼，花红柳经，林风阵阵，鸟雀啁啾，山下鹳河缠绕，真的是绿水青山两相宜。燃灯寺屹立在巍巍寺山之颠，是我国古代至今唯一的以供奉燃灯古佛为主的佛教道场，故而历代香火鼎盛，朝拜之人络绎不绝。1995年大德法师释仁涛抵达西峡，筹资近6000万元修建殿堂庙宇500余间，红墙隐于翠柏之中，晨钟暮鼓响彻云霄，经音佛乐余间袅袅，朵朵白云缠绕山腰，似人间仙景，是豫、鄂、陕、晋四省边陲佛教圣地,,,,111.471107,33.291882
吉祥寺,汉语系,李子岑,年代不详,河南省,南阳市,西峡县,河南省南阳市西峡县米坪镇堂坪村,,,,,111.460007,33.628639
大圣寺,汉语系,余世钟,,河南省,南阳市,西峡县,河南省南阳市西峡县桑坪镇桑坪村,,,,,111.261208,33.644913
白石山寺院,汉语系,杜喜峰,,河南省,南阳市,西峡县,河南省南阳市西峡县阳城镇姬庄村,,,,,111.721107,33.301411
重阳寺,汉语系,释印如,,河南省,南阳市,西峡县,河南省南阳市西峡县重阳镇重阳村,,,,,111.265839,33.385582
黄石庵寺,汉语系,释彻镛,,河南省,南阳市,西峡县,河南省南阳市西峡县太平镇黄石庵村,,,,,111.622749,33.661251
香严寺,汉语系,释妙侠,年代不详,河南省,南阳市,淅川县,河南省南阳市淅川县仓房镇磨沟村,香严寺，又名长寿寺、香严长寿寺、显通禅寺，全国重点文物保护单位、国家AAAA级景区。位于河南省南阳市淅川县仓房镇白崖山，东临龙山，西接虎山，北依后岭，南拱面山，整个地形若莲花状，该寺居正中。始建于唐朝，本是慧忠的道场，后建寺于此。唐宣宗曾在寺内避难，剃度为弥。自唐代宗颁旨敕护起，香严寺便与少林寺、白马寺、相国寺并称为中原四大名寺，有万顷香严寺之称。唐代后，该寺曾两度复兴。明永乐年间重建该寺，规模宏大，号称十方长寿大香严禅寺。康熙年间，第58代住持9年重建使该寺再度中兴。1657年至1851年，有六世九位临济宗高僧任住持，香严寺成为临济正宗的重要道场。,,,国家AAA级旅游景区,111.449570,32.777370
法海寺,汉语系,释妙法,年代不详,河南省,南阳市,淅川县,河南省南阳市淅川县荆关镇中街,法海寺又名山乍山客寺、俗称大寺。位于荆紫关东北五公里处。法海寺始建于唐高宗仪风二年（677年），由西峰禅师所建。法海寺三面环山，前面为悬崖绝壁，整个地形恰似一个莲花宝座。传说，法海寺曾出现过佛界信徒梦寐以求的山乍山客天灯。景区内有绝壁飞瀑、古栈道、千佛洞、万佛洞、八棱泉、古寺院、古竹林、猴山等景点二十余处，是朝圣寻幽、休闲度假的最佳去处。,,,国家AA级旅游景区,111.021568,33.251331
圣水寺,汉语系,释妙基,年代不详,河南省,南阳市,淅川县,河南省南阳市淅川县上集镇粱洼村,,,,,111.527153,33.103065
战台寺,汉语系,雷桂梅,年代不详,河南省,南阳市,新野县,河南省南阳市新野县歪子镇东南高速口,战台寺，位于（新野）县城北，凤凰山遗址旁。为中国千年古刹之一。位于河南新野县城北22公里，歪子镇东2公里处，坐落在省重点文物保护单位凤凰山遗址旁。相传原名“旃檀寺’，俱唐碑碑文中曾记载，该寺在唐代被誉之为四大寺院之一。该寺僧人为维护唐王朝在当地的统治地位有功，唐贞观十年，唐太宗李世民为该寺亲自题名、还赠给该寺有“满台贯日，佛光曾宇”一金匾。可惜，唐碑早损，金匾被匪所盗，查无下落。该寺从新建成之后将同西边美丽诱人的荷花湖，东边闻名暇尔的蔓荆山形成一道长约15公里的生态旅游观光带。,,省级重点文物保护单位,,112.385017,32.727982
乾明寺,汉语系,苏改敏,年代不详,河南省,南阳市,新野县,河南省新野县溧河铺镇熊楼村,乾明寺位于河南省新野县溧河铺镇东南2.5公里处，寺院为东汉光武帝皇后阴丽华私宅。,,,,112.461830,32.482872
圣水寺,汉语系,赵元定,年代不详,河南省,南阳市,新野县,河南省南阳市新野县新甸铺镇林桥村,,,,,112.311623,32.407845
龙佛寺,汉语系,李五香,,河南省,南阳市,新野县,河南省新野县汉华街道办团结社区,,,,,112.382187,32.537334
中兴寺,汉语系,姜天宝,战国末年,河南省,南阳市,镇平县,河南省南阳市镇平县杨营镇贾庄村2组,中兴寺（俗名登禅寺）坐落在河南省镇平县杨营镇贾庄村西南（500米）处。据南阳志第三十九卷记载，该寺始建于北魏元年（公元386年）至今已有1600多年历史。该寺的亭台、楼阁、古坊、古碑、佛塔、塔林、古井、马五砖、汉画石、唐代壁画等建筑都是文物珍品；寺院建筑布局严谨、古雅，气势磅礴宏大，幽深壮观，鼎盛时期建筑面积近千亩。僧众2千余人，所以相传有千亩登禅之说历史见证，是南阳佛文化首页，是佛教文物珍品，堪称南阳“释源祖庭”。,,,,112.174438,33.002033
菩提寺,汉语系,释如慈,唐高宗永徽年间,河南省,南阳市,镇平县,河南省南阳市镇平县老庄镇府前街26号,菩提寺始建于唐，唐高宗永徽年间（公元650——655年）由菩提禅师朱智勤主持营建。以后各代有兴有废。清康熙时，襄阳十方主持在此披荆斩棘、扩宏法教、开山辟麓而鼎建。寺内的殿宇楼阁依山而建，四重院落。山门左开，古树虬龙。中轴线上的主要建筑有二佛殿、大雄宝殿、法堂和藏经楼。两侧有钟楼、鼓楼、大客堂、大斋堂、仓房、禅房、道院等。大雄殿为单檐硬山顶结构，颇具气势。阑额、内额、四椽伏等构件均饰彩绘。法堂柱不饰彩，粉饰的藻井图案色泽深重。东西两壁原有炭塑的五百罗汉，灰褐色彩，显得“清静虚无”。,,,,112.154083,32.925270
鳌圆寺,汉语系,释演教,年代不详,河南省,南阳市,镇平县,河南省南阳市镇平县遮山镇夏庄村2组,鳌圆寺，位于区县交界处的遮山镇南，是南阳市镇平佛教协会所在地。东临市区，西望县城，与312国道和京港澳高速公路毗邻，交通便利，有着独特的区位优势。,,,,112.347893,33.038151
关圣寺,汉语系,释演船,,河南省,南阳市,镇平县,河南省南阳市镇平县侯集镇街西村2组,,,,,112.218620,32.941010
白雀寺,汉语系,释妙枝,年代不详,河南省,平顶山市,宝丰县,河南省平顶山市宝丰县李庄乡白雀寺,白雀寺位于平顶山市宝丰县李庄乡古城村西父城遗址之上。,,,,113.258247,33.844311
一忠寺,汉语系,释印严,,河南省,平顶山市,宝丰县,河南省宝丰县张八桥镇袁庄村眼明寺,,,,,112.986137,33.860973
云呈寺,汉语系,张金堂,,河南省,平顶山市,宝丰县,河南省平顶山市宝丰县商酒务镇云呈寺,,,,,112.982941,33.946503
云水寺,汉语系,常珍,,河南省,平顶山市,宝丰县,河南省平顶山市宝丰县赵庄乡木中营村一组,,,,,113.005699,34.008499
伏牛寺,汉语系,石荣,,河南省,平顶山市,宝丰县,河南省宝丰县商酒务镇武岗村北,,,,,113.014824,33.978123
佛安寺,汉语系,毛五子,,河南省,平顶山市,宝丰县,河南省宝丰县肖旗乡鲁庄村岭头王,,,,,113.042953,33.943764
圣水水庵,汉语系,原庙柱,,河南省,平顶山市,宝丰县,河南省平顶山市宝丰县商酒务镇梨沟村,,,,,112.982941,33.946503
寿峰寺,汉语系,李桂提,,河南省,平顶山市,宝丰县,河南省宝丰县大营镇李坪村后窑,,,,,112.849983,33.917011
平安禅寺,汉语系,史转银,,河南省,平顶山市,宝丰县,河南省平顶山市宝丰县李庄乡擂鼓台,,,,,113.272064,33.791531
广严寺,汉语系,刘原照,,河南省,平顶山市,宝丰县,河南省宝丰县杨庄镇马北村广严寺,,,,,113.046150,33.815350
汝江禅寺,汉语系,关花莲,,河南省,平顶山市,宝丰县,河南省宝丰县赵庄乡范庄村汝江禅寺,,,,,113.034332,34.011662
白云禅寺,汉语系,徐书平,,河南省,平顶山市,宝丰县,河南省宝丰县杨庄镇小店村,,,,,113.042671,33.834461
眼明寺,汉语系,释印严,,河南省,平顶山市,宝丰县,河南省平顶山市宝丰县张八桥镇袁庄村眼明寺,,,,,112.986137,33.860973
西禅寺,汉语系,王瑞英,,河南省,平顶山市,宝丰县,河南省平顶山市宝丰县赵庄乡岔河寺村,,,,,113.039330,33.979542
金钟寺,汉语系,王军政,,河南省,平顶山市,宝丰县,河南省平顶山市宝丰县大营镇金钟寺,,,,,112.899559,33.930851
镇凤寺,汉语系,楚花菊,,河南省,平顶山市,宝丰县,河南省宝丰县赵庄乡岔河寺村,,,,,113.039330,33.979542
香山普门禅寺,汉语系,释宏法,,河南省,平顶山市,宝丰县,河南省平顶山市香山大道北,,,,,112.898880,33.898890
永庆寺,汉语系,暂无,年代不详,河南省,平顶山市,郏县,河南省平顶山市郏县黄道乡黄北村,,,,,113.162338,34.068600
白相寺,汉语系,刘玉珍,,河南省,平顶山市,郏县,河南省平顶山市郏县堂街镇李庄村,,,,,113.333359,33.922691
眼明寺,汉语系,张华妮,,河南省,平顶山市,郏县,河南省平顶山市郏县白庙乡大郭庄村,,,,,113.227989,34.022053
石佛寺,汉语系,刘国顺,年代不详,河南省,平顶山市,郏县,河南省平顶山市郏县冢头镇东街村,,,,,113.347221,33.986736
紫云禅寺,汉语系,释定心,,河南省,平顶山市,郏县,河南省平顶山市郏县堂街镇小谢庄村,,,,,113.342880,33.879730
观音庙,汉语系,卲爱,,河南省,平顶山市,郏县,河南省平顶山市郏县长桥镇刘楼村,,,,,113.362762,33.921432
镇水寺,汉语系,张高文,,河南省,平顶山市,郏县,河南省平顶山市郏县薛店镇李庄村,,,,,113.102341,34.023701
鲁义姑寺,汉语系,陈忠义,,河南省,平顶山市,郏县,河南省平顶山市郏县广阔天地乡,,,,,113.173500,33.966022
兴隆寺,汉语系,释印金,,河南省,平顶山市,旧县,河南省平顶山市旧县乡南村,,,,,112.898880,33.898890
龙泉寺,汉语系,释妙才,,河南省,平顶山市,鲁山县,鲁山县熊背乡大麦王村,在河南省鲁山县，龙泉寺是较有名气的寺院之一，千百年来，香火不断。最近几年，随着鲁山县旅游业的火爆，龙泉寺成了观光、旅游、朝拜的地方，天天游人如织。龙泉寺距鲁山县城9公里，位于熊背乡大麦王村。寺院建在老虎岭北麓，寺门不大，但“龙泉禅寺”的匾额却非常醒目。与其他寺院院门朝南相反，龙泉寺院门朝北。据说龙泉寺又名背阴寺的缘故就在于此。,,,,112.820419,33.681881
文殊寺,汉语系,释源果,年代不详,河南省,平顶山市,鲁山县,河南省平顶山市鲁山县鲁山县四棵树村平沟村,寺在中雷保（今三十里屯），光绪《新修南阳县志》有记载，唐贞观二年（628年）僧人德兴创建，寺院重修，香火兴盛。,,,,112.517471,33.678612
明山寺,汉语系,高聚臣,年代不详,河南省,平顶山市,鲁山县,河南省平顶山市鲁山县鲁山县库区乡明山寺村,明山寺始建于汉明帝永平年间，是继白马寺后兴建一批较早的皇家寺院之一，坐落在河南省平顶山市鲁山县明山村境内，南邻国家风景名胜昭平湖，东邻刘氏始祖刘累公墓祠。古寺依山畔湖，田园牧歌，晨钟暮鼓，清幽恬静，实是观光旅游、休闲养生、念佛参禅、品茗居隐的灵山圣地。,,,,112.781609,33.778362
佛泉寺,汉语系,释延佛,年代不详,河南省,平顶山市,鲁山县,河南省平顶山市鲁山县鲁山县赵村乡上汤村,佛泉寺位于河南鲁山上汤境内，紧临311国道，西靠国家名胜石人山风景区，东临昭平湖水上公园，南依秘洞山庄，是河南省伏牛山游客集散地，天朗温泉旅游线的轴心。景区占地11700亩，呈四景三区四最的黄金分布，规模宏大，青山绿水，灵韵秀色，庄严祥和。景区内高152米的卢舍那佛金身肃立，法相庄严。,,,国家AAA级旅游景区,112.485184,33.751541
白塔寺,汉语系,陈喜安,年代不详,河南省,平顶山市,鲁山县,河南省平顶山市鲁山县马楼乡薛寨村,白塔寺，坐落着历史悠久、景色秀丽的白塔寺郭村。该村虽距县城17.5公里，王洛镇6公里，但西北与禹州市毗陵，南与郏县相望的“金三角”优势，使之早在明清时期就成为三县边缘经济、文化交流的著名集镇。至今，两日、十天一会的商贸盛况仍创当地新高。,,,,112.961227,33.677502
全佛寺,汉语系,释妙成,,河南省,平顶山市,鲁山县,河南省平顶山市鲁山县鲁山县梁洼镇郎坟村,,,,,112.911652,33.816959
华严寺,汉语系,释妙云,,河南省,平顶山市,鲁山县,河南省平顶山市鲁山县鲁山县张店乡上洼村,,,,,112.923019,33.764191
大明寺,汉语系,杨聚法,,河南省,平顶山市,鲁山县,河南省平顶山市鲁山县鲁山县张良镇张西村,,,,,113.046623,33.668636
大潺寺,汉语系,朱桂荣,,河南省,平顶山市,鲁山县,鲁山县瓦屋乡大潺寺村,,,,,112.626747,33.855881
天玺寺,汉语系,范兴业,,河南省,平顶山市,鲁山县,河南省平顶山市鲁山县,,,,,112.908020,33.738540
宝林寺,汉语系,李金凡,,河南省,平顶山市,鲁山县,河南省平顶山市鲁山县鲁山县磙子营乡韩西村,,,,,113.109619,33.694592
润国寺,汉语系,暂无,,河南省,平顶山市,鲁山县,鲁山县辛集乡西羊石村,,,,,113.074120,33.767601
红佛寺,汉语系,高国恒,,河南省,平顶山市,鲁山县,鲁山县赵村乡三岔口村,,,,,112.561317,33.769733
茂林寺,汉语系,程远清,,河南省,平顶山市,鲁山县,河南省平顶山市鲁山县鲁山县马楼乡小程村,,,,,112.996040,33.679600
观音寺,汉语系,辛长青,,河南省,平顶山市,鲁山县,鲁山县观音寺乡观音寺村,,,,,112.737129,33.862312
铁佛寺,汉语系,释妙法,年代不详,河南省,平顶山市,鲁山县,河南省平顶山市鲁山县鲁山县马楼乡湖泉店村,,,,,112.975235,33.702953
雷音寺,汉语系,释妙正,,河南省,平顶山市,鲁山县,河南省平顶山市鲁山县鲁山县瓦屋乡耐庄村,,,,,112.692154,33.910759
青古寺,汉语系,任桂兰,,河南省,平顶山市,鲁山县,鲁山县仓头乡青谷寺村,,,,,112.797783,33.876392
慧元禅寺,汉语系,凌书锁,,河南省,平顶山市,鲁山县,河南省平顶山市鲁山县鲁山县张店乡张店村,,,,,112.890503,33.771873
风穴寺,汉语系,释永海,年代不详,河南省,平顶山市,汝州市,河南省汝州市骑岭乡黄庄村,风穴寺又名香积寺、千峰寺，白云禅寺。位于汝州市区东北9公里的中岳嵩山少室山南麓风穴山中。始建于东汉初平元年，后经北魏、唐、宋、金、元、明、清历代重修与扩建。风穴寺总面积约50余亩，现存主要建筑有天王殿、中佛殿、悬钟阁、藏经阁、七祖塔等。在中原四大名寺中保留下诸多唐宋金元明清的建筑遗存，为中国建筑史上留下厚重的实物资料，被古建专家誉为中国的古建博物院。,,全国重点文物保护单位,国家AAA级旅游景区,112.885223,34.223782
三山寺,汉语系,尹合顺,,河南省,平顶山市,汝州市,河南省汝州市小屯镇三山寺,,,,,112.936180,34.056919
南禅寺,汉语系,刘秀莲,,河南省,平顶山市,汝州市,河南省汝州市洗耳河街道南刘庄村大王庄组北6号,,,,,112.833389,34.151901
法行寺,汉语系,宋喜玲,,河南省,平顶山市,汝州市,河南省汝州市风穴路街道塔寺街20号,,,,,112.850250,34.163890
泥河寺,汉语系,曹古堆,,河南省,平顶山市,汝州市,河南省汝州市温泉镇均田村一组,,,,,112.651360,34.226299
观音禅寺,汉语系,释永乾,,河南省,平顶山市,汝州市,河南省汝州市汝南办事处万庄村一组,,,,,112.848534,34.124538
青旭寺,汉语系,赵莲花,,河南省,平顶山市,汝州市,河南省汝州市庙下镇湾子村,,,,,112.736214,34.198933
青龙寺,汉语系,王风芝,,河南省,平顶山市,汝州市,河南省汝州市陵头镇后户村8组,,,,,112.768799,34.241161
慈恩寺,汉语系,王六合,,河南省,平顶山市,石龙区,河南省平顶山市石龙区高庄村,慈恩寺在桐荫寺东侧数百米远，劈山而建。1997年至2001年，历经五载，释宗隆在师父释心印法师支持下，募资共500万元之巨，历尽艰辛，削岭凿石，铲土填凹，逐步建成。,,,,112.871658,33.897892
佛光禅寺,汉语系,释妙心,,河南省,平顶山市,舞钢市,河南省平顶山市舞钢市杨庄乡,,,,,113.489052,33.269623
灵光禅寺,汉语系,释坤成,,河南省,平顶山市,舞钢市,河南省平顶山市舞钢市尚店镇马岗村,,,,,113.418930,33.238274
白云寺,汉语系,释妙严,,河南省,平顶山市,舞钢市,河南省平顶山市舞钢市武功乡罗湾村,,,,,113.552872,33.293732
观音寺,汉语系,释源见,年代不详,河南省,平顶山市,新华区,河南省平顶山市新华区焦店镇焦店村,,,,,113.235710,33.760372
净土寺,汉语系,孙妹,,河南省,平顶山市,叶县,河南省平顶山市龙泉乡草厂,,,,,113.386337,33.469887
古城寺,汉语系,释印英,年代不详,河南省,平顶山市,叶县,河南省平顶山市龙泉乡彭庄,,,,,113.430809,33.487461
圆觉寺,汉语系,释恒周,,河南省,平顶山市,叶县,河南省平顶山市田庄乡英李村,,,,,113.336052,33.554600
寿圣寺,汉语系,释普渡,年代不详,河南省,平顶山市,叶县,河南省平顶山市仙台镇后王村,,,,,113.455780,33.527920
瓦店寺,汉语系,释印振,,河南省,平顶山市,叶县,河南省平顶山市任店镇汪营村,,,,,113.255379,33.567471
香严寺,汉语系,释源继,年代不详,河南省,平顶山市,叶县,河南省平顶山市邓李乡邓李村,,,,,113.506599,33.672131
龙严寺,汉语系,释传弘,,河南省,平顶山市,叶县,河南省平顶山市任店镇寺西村,,,,,113.271736,33.640892
龙泉寺,汉语系,释印觉,北魏,河南省,平顶山市,叶县,河南省平顶山市龙泉乡龙泉村,,,,,113.432701,33.486881
昆东寺,汉语系,释妙武,,河南省,平顶山市,叶县,河南省平顶山市城关乡焦庄,,,,,113.368538,33.631123
普济寺,汉语系,张玉卿,,河南省,平顶山市,叶县,河南省平顶山市夏李乡仙庄,,,,,113.212891,33.493221
雲程寺,汉语系,释印车,,河南省,平顶山市,湛河区,河南省平顶山市湛河区曹镇乡关庄村,,,,,113.181824,33.711269
大觉寺,汉语系,释印武,,河南省,濮阳市,,河南濮阳工业园区黄昌湖村西,濮阳大觉寺，是濮阳唯一一座千年古刹，始建于北宋初年，明万历二十二年（即公元1594年）扩建。当时，寺院占地面积达8亩，进庙门是天王殿与弥勒殿，称为前殿，两侧是钟鼓楼，中殿为大雄宝殿，殿内有高丈佘三尊古佛和文殊、普贤、观音菩萨、十八罗汉塑像；后殿即三圣殿。但是到了清末民初时候，由于军阀混战，国难民灾与兵祸不断，也终于殃及佛陀，使这座千年古刹一次次遭受到破坏。,,,,115.194763,35.741993
净莲寺,汉语系,邬全敏,,河南省,濮阳市,,河南濮阳工业园区西没岸村南,,,,,115.233559,35.758324
皇觉寺,汉语系,释延瑶,,河南省,濮阳市,,河南濮阳工业园区李信村北,,,,,115.218636,35.752419
释佛寺,汉语系,王长红,,河南省,濮阳市,范县,河南省范县龙王庄镇大屯村,,,,,115.534676,35.812565
圆觉寺,汉语系,释演诚,,河南省,濮阳市,华龙区,河南省濮阳市华龙区大庆路南段,,,,,115.071129,35.740009
华严寺,汉语系,郑瑞霞,,河南省,濮阳市,南乐县,河南省濮阳市南乐县城关镇光明路,,,,,115.204002,36.069832
弥勒寺,汉语系,杨根府,,河南省,濮阳市,南乐县,河南省濮阳市南乐县张果屯镇王落集,,,,,115.367668,36.024170
慧源寺,汉语系,石合林,,河南省,濮阳市,南乐县,河南省濮阳市南乐县寺庄乡张浮坵村,,,,,115.132744,36.137333
云峰寺,汉语系,,,河南省,濮阳市,濮阳县,濮阳县八公桥镇杨寨村,,,,,115.105980,35.545231
佛圣寺,汉语系,释庆云,,河南省,濮阳市,濮阳县,河南省濮阳市开发区新习乡丁寨村,,,,,114.920288,35.627003
太平兴国寺,汉语系,释源融,,河南省,濮阳市,濮阳县,濮阳县城关镇国庆路东段,,,,,115.030548,35.705650
张温寺,汉语系,释静思,,河南省,濮阳市,濮阳县,河南省濮阳县梁庄乡袁楼村,,,,,115.174950,35.629852
沙滩,汉语系,左风竹,,河南省,濮阳市,濮阳县,河南省濮阳市濮阳县文留镇沙滩村,,,,,115.269424,35.724323
结缘寺,汉语系,孙海忠,,河南省,濮阳市,濮阳县,河南省濮阳市开发区皇甫办皇甫村东侧,,,,,114.903137,35.756222
静律寺,汉语系,释源殊,,河南省,濮阳市,濮阳县,河南省濮阳市濮阳县城关镇北关,,,,,115.013252,35.717091
护国寺,汉语系,曹石赞,,河南省,濮阳市,濮阳县,河南省濮阳市濮阳县渠村乡牛寨村,,,,,115.034721,35.418762
普照寺,汉语系,释延逢,年代不详,河南省,濮阳市,清丰县,河南省濮阳市清丰县朝阳路81号,清丰县普照寺原名圆明寺，位于清丰县城西南隅，建于唐上元元年（公元674年），后改名为普照寺。,,,,115.099060,35.905320
大秦寺,汉语系,释延孝,,河南省,濮阳市,清丰县,河南省濮阳市清丰县韩村乡杨韩村,,,,,115.017975,35.923031
庆云寺,汉语系,闫改娥,,河南省,濮阳市,清丰县,河南省濮阳市清丰县阳邵乡西阳邵村,,,,,114.974243,36.039440
水陆庙,汉语系,韩学臣,,河南省,濮阳市,清丰县,河南省濮阳市清丰县固城乡张曹村,,,,,115.068222,35.851974
江都寺,汉语系,李素莲,,河南省,濮阳市,清丰县,河南省濮阳市清丰县马庄桥镇,,,,,115.073914,35.827732
观音寺,汉语系,张焕竹,年代不详,河南省,濮阳市,清丰县,河南省濮阳市清丰县韩村乡陈焦夫村,,,,,114.997093,35.895401
弘法寺,汉语系,释心安,年代不详,河南省,濮阳市,台前县,河南省濮阳市台前县城关镇曹楼村西,,,,,115.850632,35.990040
居士林,汉语系,闫保玲,,河南省,三门峡市,湖滨区,河南省三门峡市湖滨区陕州南路78号,,,,,111.187470,34.771410
莲花山竹林寺,汉语系,释延慈,,河南省,三门峡市,灵宝市,河南省灵宝市故县镇故县村,,,,,110.552269,34.544750
千佛窑,汉语系,李小根,,河南省,三门峡市,卢氏县,河南省三门峡市卢氏县五里川镇河南村千佛窑,,,,,111.056648,33.763081
万寿寺,汉语系,杨发召,,河南省,三门峡市,渑池县,河南省三门峡市渑池县陈村乡万寿村西,,,,,111.705482,34.804974
五峰寺,汉语系,梁哲彬,,河南省,三门峡市,渑池县,河南省三门峡市渑池县仁村乡雪白村南,,,,,111.941750,34.843781
千佛寺,汉语系,屈君邦,,河南省,三门峡市,渑池县,河南省三门峡市渑池县果园乡展庄村东,,,,,111.697479,34.683781
延庆寺,汉语系,芮俊朋,,河南省,三门峡市,渑池县,河南省三门峡市渑池县天池镇东天池村东,,,,,111.955231,34.654011
弥陀寺,汉语系,孙官才,年代不详,河南省,三门峡市,渑池县,河南省三门峡市渑池县果园乡峪峒村3组,,,,,111.752190,34.689320
漫泉寺,汉语系,李学仁,,河南省,三门峡市,渑池县,河南省三门峡市渑池县仁村乡大水沟村南,,,,,111.911301,34.827972
禅林寺,汉语系,刘希英,,河南省,三门峡市,渑池县,河南省三门峡市渑池县段村乡中关村1组,,,,,111.827759,34.947231
韶山云门寺,汉语系,苏龙水,,河南省,三门峡市,渑池县,河南省三门峡市渑池县仰韶镇后涧村韶山主峰,,,,,111.820801,34.841930
龙耳寺,汉语系,张万拴,,河南省,三门峡市,渑池县,河南省渑池县张村镇庵北村南,,,,,111.664284,34.762383
空相寺,汉语系,释延慈,年代不详,河南省,三门峡市,陕县,河南省三门峡市陕县西李村乡李村3组,空相寺（KongxiangTemple），原名定林寺，又称熊耳山寺，位于河南省陕县西李村乡的熊耳山下，距三门峡市53公里。是全国文物保护单位。熊耳山海拔885米，北依黄河，南接伏牛山，东临洛阳，西连西安，洛三高速公路从山下通过，交通便捷，风景宜人，既是驰名中外的佛教圣地，也是令人向往的旅游胜地。历史上熊耳山林木茂密，山花烂漫，流水潺潺，鸟语如歌。,,,,111.679718,34.636803
五峰寺,汉语系,秦保金,,河南省,三门峡市,陕县,河南省三门峡市陕县观音堂镇观音堂村1组,,,,,111.564919,34.715099
空相寺居士林,汉语系,吉朝祥,,河南省,三门峡市,陕县,河南省三门峡市陕县西李村乡陡沟村3组,,,,,111.648529,34.664680
菜园居士林,汉语系,释延初,,河南省,三门峡市,陕县,河南省三门峡市陕县菜园乡过村2组,,,,,111.271263,34.628052
香山居士林,汉语系,张改巧,,河南省,三门峡市,义马市,河南省义马市常村镇义马村1组,,,,,111.904442,34.718853
观音寺,汉语系,释延达,年代不详,河南省,商丘市,梁园区,河南省商丘市梁园区民主西路新张庄观音寺,商丘观音寺坐落在河南省商丘市梁园区，是商丘一座远近闻名的佛教道场，这里是商丘市佛教协会所在地和商丘市佛教文化中心。,,,,115.621078,34.442390
居士林,汉语系,张壮斗,,河南省,商丘市,梁园区,河南省商丘市开发区平安办事处长江路6号,,,,,115.694905,34.417543
清忠寺,汉语系,刘忠军,,河南省,商丘市,梁园区,河南省商丘市梁园区新建北路建设路北,,,,,115.643590,34.461890
灵台寺,汉语系,周厚发,,河南省,商丘市,梁园区,河南省商丘市梁园区周集乡周集村灵台寺,,,,,115.788025,34.370979
青陵寺念佛堂,汉语系,陈传进,,河南省,商丘市,梁园区,河南省商丘市梁园区水池铺乡龚庄村南,,,,,115.528503,34.386730
普陀寺,汉语系,黄庭众,,河南省,商丘市,梁园区,河南省商丘市梁园区中州办事处杨唐社区西,,,,,115.671509,34.465832
白云禅寺,汉语系,,年代不详,河南省,商丘市,民权县,河南省商丘市民权县白云寺镇白云寺村3组,白云禅寺历史悠久，岁月沧桑。白云禅寺位于民权县城西南20公里处，龙山晚期文化遗址上，西距省会郑州150公里，东到商丘56公里，距连霍高速民权出口15公里，有花（园）－－白（云禅寺）旅游专线公路相连，交通十分便利，地理位置优越。白云禅寺是豫东现存最大的古建筑群，占地20652平方米，建筑面积1310平方米，与洛阳白马寺、嵩山少林寺、开封相国寺并称为中州四大名寺。[1],,,,114.967957,34.563656
县普光寺,汉语系,释慧天,,河南省,商丘市,民权县,河南省商丘市民权县城关镇冰熊大道19号,,,,,115.172119,34.627579
全佛寺,汉语系,潘锋,,河南省,商丘市,宁陵县,河南省商丘市宁陵县柳河镇张玉虎村3组,,,,,115.252754,34.561321
梨园寺,汉语系,张秀兰,,河南省,商丘市,宁陵县,河南省商丘市宁陵县石桥镇梨花桥村3组,,,,,115.316597,34.504250
状严寺,汉语系,秦德雨,,河南省,商丘市,宁陵县,河南省商丘市宁陵县华堡乡华堡东村2组,,,,,115.338303,34.336613
观音寺,汉语系,余群英,年代不详,河南省,商丘市,宁陵县,河南省商丘市宁陵县宁陵县南关,,,,,115.305160,34.454540
通华寺,汉语系,张远建,,河南省,商丘市,宁陵县,河南省商丘市宁陵县张弓镇张弓北村2组,,,,,115.244171,34.335270
青岗寺,汉语系,李建春,,河南省,商丘市,宁陵县,河南省商丘市宁陵县黄岗乡青岗寺村3组,,,,,115.182030,34.296669
鞋城寺,汉语系,宁远芝,,河南省,商丘市,宁陵县,河南省商丘市宁陵县阳驿乡郭店村5组,,,,,115.207520,34.471439
乔寨居士林,汉语系,王志勤,,河南省,商丘市,睢县,河南省商丘市睢县周堂镇乔寨村2组,,,,,115.127670,34.382381
城关居士林,汉语系,耿庆志,,河南省,商丘市,睢县,河南省商丘市睢县城关镇水口路289号,,,,,115.072884,34.420231
居士林,汉语系,徐军红,,河南省,商丘市,睢县,河南省商丘市睢县匡城镇2组,,,,,114.923264,34.403152
妙音寺,汉语系,李传星,,河南省,商丘市,睢阳区,河南省商丘市睢阳区李口镇李帽头村同庄36号,,,,,115.596268,34.229229
开元寺,汉语系,释演法,,河南省,商丘市,睢阳区,河南省商丘市睢阳区古宋乡火神台村32号,,,,,115.591881,34.365292
佛灵寺,汉语系,韩玉卿,,河南省,商丘市,夏邑县,河南省商丘市夏邑县郭店乡韩口村南,,,,,116.131157,34.131191
关帝庙,汉语系,崔玉英,元代至正年间（1341年—1368年）,河南省,商丘市,夏邑县,河南省商丘市夏邑县业庙乡北,,,,,116.042488,34.050732
大圣寺,汉语系,张京迁,,河南省,商丘市,夏邑县,河南省商丘市夏邑县李集镇张庄村东,,,,,116.087547,34.359032
天龙寺,汉语系,蔡文建,,河南省,商丘市,夏邑县,河南省商丘市夏邑县城关镇天龙湖内,,,,,116.124977,34.230560
洪佛寺,汉语系,赵朝阳,,河南省,商丘市,夏邑县,河南省商丘市夏邑县韩道口镇洪佛寺村西,,,,,116.314774,34.307030
祁大寺,汉语系,祁名山,,河南省,商丘市,夏邑县,河南省商丘市夏邑县车站镇牛王固村北,,,,,116.002861,34.387409
青铜寺,汉语系,郑振英,,河南省,商丘市,夏邑县,河南省商丘市夏邑县岐河乡青铜寺,,,,,116.150497,34.154106
龙泉寺,汉语系,吕秀荣,北魏,河南省,商丘市,夏邑县,河南省商丘市夏邑县罗庄乡刘庄村东,,,,,115.994064,34.105343
佛慈莲社居士林,汉语系,刘须君,,河南省,商丘市,永城市,河南省商丘市永城市西城区健康路28号,,,,,116.545982,33.933929
崇法寺,汉语系,释湛雨,,河南省,商丘市,永城市,河南省商丘市永城市西城区宝塔东路北,,,,,116.449460,33.929150
芒山寺,汉语系,释寂明,,河南省,商丘市,永城市,河南省商丘市永城市芒山镇柿园村北,,,,,116.510559,34.168037
酇城念佛堂,汉语系,释淳善,,河南省,商丘市,永城市,河南省商丘市永城市酇城镇酇东村北,,,,,116.120270,33.957764
鱼山念佛堂,汉语系,付鹏城,,河南省,商丘市,永城市,河南省永城市条河乡鱼山村北,,,,,116.537849,34.234352
慈光居士林,汉语系,王保平,,河南省,商丘市,永城市,河南省商丘市永城市双桥乡王店村东,,,,,116.282158,33.923012
新城念佛堂,汉语系,释广修,,河南省,商丘市,永城市,河南省商丘市永城市东城区丁庄村南,,,,,116.334923,34.103092
中南海寺,汉语系,李玉兰,,河南省,商丘市,虞城县,虞城县城关镇大同路东段路北,,,,,115.850288,34.392620
元隆寺,汉语系,李二军,,河南省,商丘市,虞城县,虞城县李老家乡袁村寺一组,,,,,115.886986,34.455772
光明律寺,汉语系,赵汗青,,河南省,商丘市,虞城县,虞城县谷熟镇郭楼村二组,,,,,115.799629,34.252071
北海寺,汉语系,仇魁兰,,河南省,商丘市,虞城县,河南省虞城县利民镇沈庄村东,,,,,115.933144,34.524040
南大寺,汉语系,常爱莲,,河南省,商丘市,虞城县,虞城县闻集乡闻集街二组,,,,,115.912132,34.263073
圆通寺,汉语系,贺雪梅,,河南省,商丘市,虞城县,虞城县站集乡刘斜村一组,,,,,115.899788,34.218544
塔中寺,汉语系,陈涛,,河南省,商丘市,虞城县,虞城县城郊乡郑庄村一组,,,,,115.854454,34.415001
大圣寺,汉语系,郭义堂,,河南省,商丘市,虞城县,河南省虞城县城郊乡大郭楼村西,,,,,115.879997,34.412361
法华寺,汉语系,朱新启,,河南省,商丘市,虞城县,虞城县大侯乡法华寺村一组,,,,,115.922867,34.338982
王牌寺,汉语系,释恒隆,,河南省,商丘市,虞城县,虞城县李老家乡王牌寺村一组,,,,,115.834038,34.459583
金龙寺,汉语系,王传明,,河南省,商丘市,虞城县,虞城县刘店乡大王庄村一组,,,,,115.858589,34.285881
银扬寺,汉语系,释延成,,河南省,商丘市,虞城县,虞城县王集乡苗庄村二组,,,,,115.865190,34.397370
合和苑念佛堂,汉语系,伊爱莲,,河南省,商丘市,柘城县,河南省商丘市柘城县皇集乡杨集村东,,,,,115.237762,34.009552
灵安寺,汉语系,翟秀荣,,河南省,商丘市,柘城县,河南省商丘市柘城县安平镇安平村东,,,,,115.137115,33.984444
玉皇寺,汉语系,梁令云,,河南省,商丘市,柘城县,河南省商丘市柘城县惠济乡尚寨村南,,,,,115.258736,34.234390
皇台寺,汉语系,李淑芳,,河南省,商丘市,柘城县,河南省商丘市柘城县大仵乡张楼村郭庄东,,,,,115.438881,34.123932
念佛堂,汉语系,陈向东,,河南省,商丘市,柘城县,河南省商丘市柘城县城关镇灯塔街25号,,,,,115.306114,34.072514
普渡念佛堂,汉语系,李秀勤,,河南省,商丘市,柘城县,河南省商丘市地区柘城县陈青集镇梁楼村北,,,,,115.397621,34.038410
普照寺,汉语系,韩培菊,年代不详,河南省,新乡市,封丘县,河南省新乡市封丘县城关镇东街村,封丘县普照寺位于封丘县城东南隅（今黄池公园院内），由唐朝时期一个叫道祥的善人和其徒弟宗录募建，明朝正德二年（1507年）重建，清朝康熙十九年（公元1680年）记载为重建。后来因历史原因，使大寺淹没在历史长河中。现今又在普照寺原址上对其进行大规模重建。,,,,114.425629,35.033562
云峰寺,汉语系,赵文学,,河南省,新乡市,封丘县,河南省新乡市封丘县留光镇留光村,,,,,114.595505,35.072132
准堤寺,汉语系,程钦,,河南省,新乡市,封丘县,河南省新乡市封丘县陈桥镇司庄村,,,,,114.448112,34.955704
大佛寺,汉语系,释源山,,河南省,新乡市,封丘县,河南省新乡市封丘县鲁岗乡任寨村,,,,,114.446510,35.005112
石佛寺,汉语系,王书义,年代不详,河南省,新乡市,封丘县,河南省新乡市封丘县黄陵镇旧黄陵村,,,,,114.683754,35.040501
观音寺,汉语系,孙淑英,年代不详,河南省,新乡市,封丘县,河南省新乡市封丘县荆隆宫乡于店村,,,,,114.250732,34.960773
龙泉寺,汉语系,张红旗,北魏,河南省,新乡市,封丘县,河南省新乡市封丘县荆隆宫乡仝菜寨村,,,,,114.254410,34.995899
大佛寺,汉语系,释印祖,,河南省,新乡市,凤泉区,河南省新乡市凤泉区凤凰山森林公园,,,,,113.928596,35.425339
吉祥寺,汉语系,张锡兰,年代不详,河南省,新乡市,红旗区,河南省新乡市红旗区孟营街146号,,,,,113.870407,35.286499
地藏坛林,汉语系,王富云,,河南省,新乡市,红旗区,河南省新乡市红旗区北关街,,,,,113.875230,35.303510
学佛寺,汉语系,董木香,,河南省,新乡市,红旗区,河南省新乡市红旗区西大街关帝庙,,,,,113.880592,35.303280
悟真寺,汉语系,王纪丰,,河南省,新乡市,红旗区,河南省新乡市红旗区小店镇吴庄村,,,,,114.009193,35.314171
普救寺,汉语系,释秒行,年代不详,河南省,新乡市,辉县市,河南省新乡市辉县市冀屯乡褚邱村,辉县普救寺位于河南辉县市西19公里处，太行山南麓冀屯乡褚邱万柏山上，占地壹佰余亩。松柏林立、四季常青，今建有大雄宝殿，地藏菩萨殿、观间阁、念佛堂、藏经楼、居士楼等。周围还有莺莺坟、炮塔岭、白马将军庙等。,,,,113.619919,35.474861
东白云寺,汉语系,王印,,河南省,新乡市,辉县市,河南省新乡市辉县市常村镇王村铺村,白云寺国家森林公园位于太行山东南麓的辉县市境内，1992年由林业部批建并对外开放。1999年由国务院批准为国家级太行山猕猴自然保护区。经营面积2591公顷，森林覆盖率95%。,,,,113.887604,35.438232
佛会寺,汉语系,吴月英,,河南省,新乡市,辉县市,河南省新乡市辉县市吴村镇一街村,,,,,113.485832,35.360752
兴佛寺,汉语系,杨瑞清,,河南省,新乡市,辉县市,河南省新乡市辉县市张村乡杨圪垱村,,,,,113.920204,35.509892
兴国寺,汉语系,朱灿新,年代不详,河南省,新乡市,辉县市,河南省新乡市辉县市胡桥办事处油房头村,,,,,113.785172,35.427071
十方禅院,汉语系,王孟英,,河南省,新乡市,辉县市,河南省新乡市辉县市城关镇东石河村,,,,,113.816193,35.456970
四佛庵,汉语系,崔同荣,,河南省,新乡市,辉县市,河南省新乡市辉县市城关办事处吕巷村,,,,,113.810059,35.465004
崇福寺,汉语系,阎青妞,,河南省,新乡市,辉县市,河南省新乡市辉县市高庄乡金章村,,,,,113.762978,35.534901
朝阳洞,汉语系,李玉田,,河南省,新乡市,辉县市,河南省新乡市辉县市百泉镇王家庄村,,,,,113.817001,35.494450
水仙寺,汉语系,武阳仕,,河南省,新乡市,辉县市,河南省新乡市辉县市黄水乡韩口村,,,,,113.654953,35.667294
灵觉寺,汉语系,释演经,,河南省,新乡市,辉县市,河南省新乡市辉县市峪河镇三街村,,,,,113.601868,35.360100
白云禅林,汉语系,刘凤云,,河南省,新乡市,辉县市,河南省新乡市辉县市薄壁镇白云寺村,,,,,113.511528,35.472961
立子山寺,汉语系,高建军,,河南省,新乡市,辉县市,河南省新乡市辉县市西平罗乡南平罗村,,,,,113.738419,35.703392
西莲寺,汉语系,魏建敏,,河南省,新乡市,辉县市,河南省新乡市辉县市上八里镇松树坪村,,,,,113.574707,35.597980
通玄寺,汉语系,郭守英,,河南省,新乡市,辉县市,河南省新乡市辉县市孟庄镇烟墩村,,,,,113.812881,35.430824
青莲寺,汉语系,孙秀兰,,河南省,新乡市,辉县市,河南省新乡市辉县市吴村镇王范村,,,,,113.558731,35.311172
护国寺,汉语系,崔合山,,河南省,新乡市,辉县市,河南省新乡市辉县市西平罗乡东沙岗村,,,,,113.752968,35.722061
登觉寺,汉语系,方翠英,年代不详,河南省,新乡市,获嘉县,河南省新乡市获嘉县大新庄乡大新庄村,相传登觉寺始建于东汉明帝年间，是一座早已闻名中原的千年古刹。位于获嘉县城南边相距12公里，在大辛庄村的正北方。几经磨难，现在的寺庙是明天顺八年（1464年）在遗址上重建，现存山门、后殿和耳房，另有明成化十三年大铁钟。,,,,113.644684,35.160271
龙泉寺,汉语系,释法智,北魏,河南省,新乡市,获嘉县,河南省新乡市获嘉县冯庄镇前小召村,龙泉寺始建于唐初，兴盛于唐朝开元年间。寺内修有天王殿，大雄宝殿，观音殿，地藏殿，般若堂，斋堂，客堂，寮房，钟鼓楼，法堂，等，约占地五十余亩，规模宏大，香火旺盛。岁月沧桑，乾坤演变，原寺院被洪水冲毁，据历史记载龙泉寺有一千多年。1990年在寺院遗址处挖掘出了古寺铜印，和皇封的玉印各一枚，玉印上刻有唐开元字样，保存至今。为弘扬佛法，让古寺得以重辉，经省文化局，宗教局批准重建龙泉寺。从90年至今先后修了，大雄宝殿，寮房，山门，钟鼓楼。,,,,113.667213,35.128990
崇兴寺,汉语系,释义妙,,河南省,新乡市,获嘉县,河南省新乡市获嘉县城关镇小西关村,,,,,113.655350,35.266617
平阳寺,汉语系,赵贵英,,河南省,新乡市,获嘉县,河南省新乡市获嘉县黄堤镇黄堤村五组,,,,,113.548882,35.244572
极乐寺,汉语系,岳秀芹,,河南省,新乡市,获嘉县,河南省新乡市获嘉县位庄乡徐庄村三组,,,,,113.627327,35.266731
罗汉寺,汉语系,宋文荣,,河南省,新乡市,获嘉县,河南省新乡市获嘉县徐营镇李吴巷二组,,,,,113.556931,35.151562
西阁寺,汉语系,释源济,,河南省,新乡市,获嘉县,河南省新乡市获嘉县中和镇西街村三组,,,,,113.597855,35.196774
观音寺,汉语系,释法航,年代不详,河南省,新乡市,获嘉县,河南省新乡市获嘉县中和镇羊二庄五组,,,,,113.599648,35.217503
观音寺,汉语系,马金英,年代不详,河南省,新乡市,获嘉县,河南省新乡市获嘉县照镜镇桑庄村,,,,,113.695572,35.281563
飞龙寺,汉语系,张守宽,,河南省,新乡市,获嘉县,河南省新乡市获嘉县亢村镇亢西村三组,,,,,113.686378,35.120953
香山寺,汉语系,黄保富,年代不详,河南省,新乡市,获嘉县,河南省新乡市获嘉县史庄镇陈庄村二组,,,,,113.582329,35.221611
普渡寺,汉语系,释能林,,河南省,新乡市,获嘉县,河南省新乡市获嘉县太山乡陈孝村五组,,,,,113.700638,35.242531
定国禅寺,汉语系,释心舫,年代不详,河南省,新乡市,牧野区,河南省新乡市牧野区和平路办事处定国村,定国禅寺，简称定国寺，为河南省七大佛寺之一。,,,,113.987595,35.331181
崇德寺,汉语系,刘志明,年代不详,河南省,新乡市,牧野区,河南省新乡市牧野区王村镇中马坊村,崇德寺，已经重建了五次。寺院占地面积五亩。,,,,113.842598,35.354969
兴国寺,汉语系,王殿梅,年代不详,河南省,新乡市,牧野区,河南省新乡市牧野区牧野镇西牧村,,,,,113.913620,35.315983
兴德寺,汉语系,郑国平,,河南省,新乡市,牧野区,河南省新乡市牧野区牧野镇尚村,,,,,113.936859,35.319443
法海寺,汉语系,刘树刚,年代不详,河南省,新乡市,牧野区,河南省新乡市牧野区王村镇寺庄顶村,,,,国家AA级旅游景区,113.877647,35.342709
观音堂,汉语系,岳帮香,,河南省,新乡市,牧野区,河南省新乡市牧野区王村镇牛村,,,,,113.847534,35.318573
华藏寺,汉语系,释源一,,河南省,新乡市,卫滨区,河南省新乡市卫滨区和平巷49号,河南新乡华藏寺位于河南省新乡市和平巷49号，现主持为释明理师父，该寺院原有600多年的历史，为河南省新乡市二级文物保护单位，原址位于新乡市商业街，2004年被当地强拆市长拆除，至此老华藏寺不复存在，40多位师父被迫离开，文物散落各处。河南新乡仅存一家正规寺院。,,,,113.866990,35.311530
广佛寺,汉语系,释广利,年代不详,河南省,新乡市,卫滨区,河南省新乡市卫滨区滨新获路铁二中东,广佛寺村是黑龙镇一个自然村、紧挨湖西村、许庄村、李店村、郑营村，毓秀钟灵，地处要塞，物产丰富，花团锦簇河南省南阳市唐河县黑龙镇下辖村广佛寺村,,,,113.841988,35.303047
圆通寺,汉语系,释界印,年代不详,河南省,新乡市,卫滨区,河南省新乡市卫滨区车管所对面圆通寺,,,,,113.840195,35.298496
永庆寺,汉语系,崔素珍,年代不详,河南省,新乡市,卫滨区,河南省新乡市卫滨区八里营永庆寺,,,,,113.836418,35.290833
九禅峰寺,汉语系,释隆道,,河南省,新乡市,卫辉市,河南省新乡市卫辉市狮豹头乡山岭村,,,,,114.018242,35.666473
南海寺,汉语系,郜广山,年代不详,河南省,新乡市,卫辉市,河南省新乡市卫辉市柳庄乡边段庄村,,,,,114.052193,35.372124
宝坛寺,汉语系,丰桂枝,,河南省,新乡市,卫辉市,河南省新乡市卫辉市城郊乡北关村,,,,,114.085243,35.411015
庄严寺,汉语系,牛香梅,,河南省,新乡市,卫辉市,河南省新乡市卫辉市上乐村镇庄严寺,,,,,114.193031,35.508640
河郡寺,汉语系,孙秀梅,,河南省,新乡市,卫辉市,河南省新乡市卫辉市李元屯镇南屯村,,,,,114.218178,35.413803
裕国寺,汉语系,杨保,,河南省,新乡市,卫辉市,河南省新乡市卫辉市汲水镇八里屯村,,,,,114.054970,35.441822
香泉寺,汉语系,雷淑芳,,河南省,新乡市,卫辉市,河南省新乡市卫辉市太公泉镇神头村,,,,,113.966911,35.547462
报恩寺,汉语系,高德成,,河南省,新乡市,卫辉市,河南省新乡市卫辉市城郊乡唐岗村,,,,,114.074677,35.435741
吉祥寺,汉语系,释广德,年代不详,河南省,新乡市,新乡县,河南省新乡市新乡县七里营镇李台村,,,,,113.827408,35.195530
圣国寺,汉语系,释果云,,河南省,新乡市,新乡县,河南省新乡市新乡县翟坡镇东营村,,,,,113.786713,35.234261
大庵寺,汉语系,张五龙,,河南省,新乡市,新乡县,河南省新乡市新乡县七里营镇东曹村,,,,,113.768387,35.150101
小冀佛教居士林,汉语系,梁宝民,,河南省,新乡市,新乡县,河南省新乡市新乡县小冀镇中街村,,,,,113.772408,35.176910
东衙寺,汉语系,张德儒,,河南省,新乡市,原阳县,河南省新乡市原阳县太平镇东衙寺村,,,,,114.150169,35.030727
五佛寺,汉语系,王永先,,河南省,新乡市,原阳县,河南省新乡市原阳县大宾乡马头村,,,,,114.019630,35.005920
磁固寺,汉语系,释心舫,,河南省,新乡市,原阳县,河南省新乡市原阳县师寨镇西磁固堤村,,,,,113.753975,35.063980
纸房,汉语系,陈洪强,年代不详,河南省,新乡市,长垣县,河南省新乡市长垣县孟岗镇纸房村,纸房村位于武邱乡东北角，北临罗圈村南邻滩邱村，全村人口1390，耕地1350亩，主要种植养殖，村两委班子带领广大社会群众法家致富奔小康。,,,,114.762360,35.163033
孟岗,汉语系,冯俊英,年代不详,河南省,新乡市,长垣县,河南省新乡市长垣县孟岗镇孟岗村,孟岗村位于河南省新乡市长垣县孟岗镇，下辖刘寨，分为六个生产小组。人口2600人，耕地1100亩，村民代表20人，党员46人。,,,,114.787811,35.173500
韩庙,汉语系,翟桂香,年代不详,河南省,新乡市,长垣县,河南省新乡市长垣县芦岗乡韩庙村,韩庙村位于芦岗乡政府西南部，北临杨桥村，南临魏庄镇孟占村，西边紧挨刘慈占村。现住人口1600人，使用耕地面积1840亩。全村共有村民代表30人，党员17名。,,,,114.760170,35.132023
万佛寺,汉语系,韩子香,,河南省,新乡市,长垣县,河南省新乡市长垣县孟岗镇侯石头庄村,,,,,114.818123,35.215530
同善寺,汉语系,高翠花,,河南省,新乡市,长垣县,河南省新乡市长垣县魏庄办事处陈寨村,,,,,114.719002,35.132412
大佛寺,汉语系,阔秀荣,,河南省,新乡市,长垣县,河南省新乡市长垣县北外环路,,,,,114.668860,35.200490
宜邱,汉语系,崔素美,,河南省,新乡市,长垣县,河南省新乡市长垣县满村镇宜邱村,,,,,114.716194,35.265488
寿圣寺,汉语系,师国庆,年代不详,河南省,新乡市,长垣县,河南省新乡市长垣县武邱乡顿家村,,,,,114.923080,35.284264
西沙窝,汉语系,丁建洲,,河南省,新乡市,长垣县,河南省新乡市长垣县恼里镇西沙窝村,,,,,114.769043,35.032341
古禅寺,汉语系,释行贵（井玉兰）,,河南省,新郑市,,新郑市辛店镇始祖山景区,,,,,113.606949,34.381104
贤隐寺,汉语系,释妙德,齐梁年间（南北朝）,河南省,信阳市,,信阳市南湾湖风景区贤山村一组,贤隐寺座落在信阳市西郊浉河区湖东开发区贤山南麓幽谷之中。为古时“中原五大寺”之一，与“嵩山少林寺、洛阳白马寺、开封相国寺、南阳玄观庙”齐名。史志记载，贤隐寺系齐梁年间在松和尚始建，距今约1500余年。因该寺建在东汉孝廉周磐隐居处，故称“贤隐寺”。贤隐寺规模宏大，气势宏伟，香客络绎，甚是兴旺。,,,国家AAA级旅游景区,114.043083,32.105331
活佛寺,汉语系,释心如,年代不详,河南省,信阳市,,信阳市鸡公山管理区鸡公山顶,活佛寺位于河南省信阳寺鸡公山顶峰的寺庙,,,,114.079948,31.798950
小南海观音寺,汉语系,释华晨,,河南省,信阳市,固始县,河南省信阳市固始县城关镇五街,,,,,115.683090,32.180202
净居寺,汉语系,释清远,年代不详,河南省,信阳市,光山县,信阳市光山县净居寺名胜管理区大苏山山脚,净居寺位于河南省信阳市光山县晏河乡杨帆街道往西3公里，净居寺建寺历史悠久，是中国八大佛教宗派中开宗立派最早的天台宗的发祥地、始祖庭。寺处“三苏”环护之中，素有“九龙捧圣，四水归池”之奇、十二景观的幽妙。高僧慧思、智觊名冠禅宗，史称二圣。苏东坡、陈季常、黄庭坚咸会于此，颂为三贤。寺前现有5株古柏，排列左右，挺拔而立，世传为唐代和尚所栽。寺中尚存有明万历“皇帝敕粉”碑、清康熙“钦赐大苏山梵天寺重建记碑”等历史名人、学者游净居寺所题诗赋碑刻30余块，其中尤为珍贵的是“宋苏轼游净居寺诗并叙”碑。,,,,114.777473,31.870262
朝阳寺,汉语系,释演新,年代不详,河南省,信阳市,光山县,信阳市光山县弦山南路001号,朝阳寺，位于光山县城弦山南路的朝阳寺商贸市场内，占地面积为520平方米，座西面东，共有砖木结构房屋14间，有前殿、正殿和左右厢房，始建年代不祥，清康熙年间重修。每年2月19日、6月19日、9月19日为庙会日。文革期间，庙内各种佛像皆毁，现主体建筑尚存。保护好朝阳寺，对研究豫南民俗文化、佛教文化以及清代的寺庙建筑艺术具有重要的价值。1980年被光山县人民政府公布为县级文物保护单位。,,,,114.906500,31.993820
南海观音禅寺,汉语系,释海霖,,河南省,信阳市,潢川县,信阳市潢川县老城办事处南海街143号,,,,,115.058884,32.116375
西灵山寺,汉语系,释学悟,,河南省,信阳市,罗山县,信阳市罗山县灵山镇灵山村9组,,,,,114.244720,31.888027
金龙寺,汉语系,释学悟,,河南省,信阳市,罗山县,信阳市罗山县竹竿镇河口村1组,,,,,114.691513,32.251030
雷峰寺,汉语系,释果文,年代不详,河南省,信阳市,平桥区,信阳市平桥区震雷山风景区西,雷峰寺位于信阳平桥区震雷山风景区，中国有多个雷峰寺，本词条主要介绍的香山寺是洛阳雷峰寺、耀县雷峰寺、平顶山雷峰寺。,,,,114.138878,32.066723
凤凰寺,汉语系,释妙德,,河南省,信阳市,平桥区,信阳市平桥区査山乡凤凰山上,,,,,114.125610,32.101050
圣贤寺,汉语系,释海学,,河南省,信阳市,平桥区,信阳市平桥区震雷山风景区西,,,,,114.138878,32.066723
法眼寺,汉语系,释明一,,河南省,信阳市,商城县,信阳市商城县黄柏山景区黄柏山顶,,,,,115.305313,31.407251
清凉寺,汉语系,程晋林,,河南省,信阳市,商城县,信阳市商城县金刚台乡四顾墩村一组,,,,,115.516068,31.790043
准提庵,汉语系,释严立,年代不详,河南省,信阳市,浉河区,信阳市浉河区中山南路15号,准提庵位于信阳市浉河区中山南路，地处闹市，闹中取静，着实是城里人就近礼佛的好去处。临济宗系，始建于宋，现为信阳市浉河区佛教协会所在地。,,,,114.073620,32.121500
祝佛寺,汉语系,释昌盛,年代不详,河南省,信阳市,浉河区,信阳市浉河区游河乡高湾村尧冲组,祝佛寺位于河南省信阳市浉河区西北部的游河乡高湾。距信阳市28公里。为信阳四大名刹之一，始建于大唐天宝年间。,,,,113.923119,32.247101
观音寺（准提庵下院）,汉语系,释严立,,河南省,信阳市,浉河区,信阳市浉河区五星办事处琵琶山村,,,,,114.074043,32.104931
倒座观音堂,汉语系,释界尘,,河南省,信阳市,息县,信阳市息县城关镇南街三组,,,,,114.740509,32.342991
大慈庵,汉语系,释学真,,河南省,信阳市,息县,信阳市息县城关镇西大街路南组,,,,,114.732269,32.340981
玉佛寺,汉语系,释恒鹏,年代不详,河南省,信阳市,新县,信阳市新县江淮岭山上,玉佛寺，位于新县城南8公里处的江淮分水岭，植被丰富，怪石林立。园区座落于风景秀丽的江淮岭上，如今，这里已成为人们观光旅游、休闲度假、揽胜猎奇、陶冶心境的好去处。1999年4月，新县县委、县政府把江淮岭生态园定为新县八大旅游景点之一。,,,,114.879290,31.643890
普济寺,汉语系,释纯檀,,河南省,信阳市,新县,信阳市新县香山湖管理区香山湖北边,,,,,114.890373,31.599201
洼孙龙江寺,汉语系,释宗坤,,河南省,许昌市,,河南省许昌经济技术开发区,,,,,113.796974,33.999619
观音寺,汉语系,孙秀月,,河南省,许昌市,,许昌经济技术开发区长村张乡屯南社区,,,,,113.812881,33.991688
卧佛寺,汉语系,释玄慈,,河南省,许昌市,东城区,河南省许昌市东城区邓庄乡,卧佛寺位于河南省许昌市东城区，距离市区以东10公里左右。属大乘佛教净土宗。据碑文记载，寺院始建于明朝嘉靖年间，由当时少林寺第二十四代传人上镇下阳老和尚主持兴建。在改革开放之处，国家对宗教政策进一步落实之际，对此方的佛教信仰者带来了春分化雨般的希望。最初时，六十几岁的释圆慈老法师一生修行药师法门，参拜洛阳白马寺途径此地，发现此地佛教发展处于空白，周围信士对佛教的认识只是停留在烧香、磕头、祈祷这些形式上。老法师慈悲济世，发心重建卧佛古寺，以阐扬正教，弘扬佛法，广度有情众生，破除愚昧迷信思想，建成一座正信清净，正本清源的佛寺。受佛力加持，在此地广结善缘，受到当地居士、信士的拥护和爱戴。更得到当地市、县、乡、村政府的大力支持，由村政府出面划地100亩，用于古庙恢复。,,,,113.830800,34.046110
东禅寺,汉语系,释妙明,,河南省,许昌市,东城区,河南省许昌市东城区邓庄乡,,,,,113.830800,34.046110
龙化寺,汉语系,释延宣,年代不详,河南省,许昌市,魏都区,许昌市魏都区学院北路俎庄段东侧,龙化寺始建于唐代，由禅宗六祖法如所创，当时的龙化寺有僧众数十人，建筑包括山门、琉璃井、大雄宝殿、龙王殿等。位于许昌市北行七华里，一座著名的佛教寺院：龙化寺，距今已有一千多年的历史。,,,国家AAA级旅游景区,113.830800,34.046110
永兴寺,汉语系,张凤妮,,河南省,许昌市,魏都区,高桥营街道老吴营社区,,,,,,
龙华佛学社,汉语系,王义民,,河南省,许昌市,魏都区,许昌市魏都区文峰北路俎庄段西侧,,,,,113.830800,34.046110
乾明寺,汉语系,释刚圆,年代不详,河南省,许昌市,襄城县,河南省许昌市襄城县山头店乡首山,乾明寺位于河南省许昌市襄城县，1963年被河南省人民政府列为省级文物保护单位。后经国务院核定公布为第七批全国重点文物保护单位。传统文化以八卦对八方，西北方属乾，故名“乾明寺。建于唐武德年间，后几经扩建，全盛于唐宋，元初曾遭兵焚，明代恢复重建。占地数百亩，布局严整，气势矿业磅礴，它南倚首山，北向汝水，西临古道。寺内还有神奇的“乾明晓钟”，能够不敲自鸣．每逢农历二月十五日，寺内有以风筝为主题的古刹庙会。,,,,113.506531,33.793842
白塔寺,汉语系,孟祥欣,年代不详,河南省,许昌市,襄城县,河南省许昌市襄城县白塔寺郭村,,,,,113.436989,34.002010
龙兴寺,汉语系,齐丰城,年代不详,河南省,许昌市,襄城县,河南省许昌市襄城县十里铺乡寺后李村,,,,,113.443230,33.910439
悬空寺,汉语系,释印春,,河南省,许昌市,襄城县,河南省许昌市襄城县库庄镇西沈村,,,,,113.554039,33.909294
聚贤寺,汉语系,释源成,年代不详,河南省,许昌市,许昌县,河南省许昌县小召乡斜店,聚贤寺地处中原腹地，位于汉魏故都许昌，三国文化积淀丰厚，宗教文化影响久远。,,,,113.887802,34.135632
云集寺,汉语系,王花琴,,河南省,许昌市,许昌县,河南省许昌县五女店镇南街村,,,,,114.013710,34.057133
佛学社,汉语系,张瑞芳,,河南省,许昌市,许昌县,河南省许昌县河街乡北街村,,,,,113.767151,34.067112
净土寺,汉语系,释传灯,,河南省,许昌市,许昌县,河南省许昌县将官池镇贾庄村,,,,,113.857178,33.997860
双塔寺,汉语系,巩以梅,,河南省,许昌市,许昌县,河南省许昌县蒋李集双塔寺村,,,,,113.797470,33.886971
古观音寺,汉语系,释妙净,年代不详,河南省,许昌市,许昌县,河南省许昌县小召乡屯里,,,,,113.884430,34.139153
天王寺,汉语系,释妙忠,,河南省,许昌市,许昌县,河南省许昌县小召乡天王寺村,,,,,113.847702,34.161930
正法寺,汉语系,杜保焕,,河南省,许昌市,许昌县,河南省许昌市许昌县张潘街,,,,,113.822720,34.125960
洪山寺,汉语系,释妙山,,河南省,许昌市,许昌县,河南省许昌县苏桥镇丈地村,,,,,113.822662,34.151272
洪福寺,汉语系,安保文,,河南省,许昌市,许昌县,河南省许昌县榆林乡贾庄村,,,,,113.711639,33.911903
演乐寺,汉语系,释圣平,,河南省,许昌市,许昌县,河南省许昌县将官池镇朱寺村,,,,,113.894562,33.979141
灵感寺,汉语系,禄保军,,河南省,许昌市,许昌县,河南省许昌县陈曹乡大陆庄,,,,,114.009018,34.103271
白兔寺,汉语系,释宏慧,,河南省,许昌市,许昌县,河南省许昌县河街乡白兔寺村,,,,,113.742645,34.066113
风旋寺,汉语系,释眼心,,河南省,许昌市,许昌县,河南省许昌市许昌县岗城村,,,,,113.842728,33.891102
报恩寺,汉语系,王保花,,河南省,许昌市,许昌县,河南省许昌县小召乡盐城村,,,,,113.909134,34.130051
无相寺,汉语系,张翠平,,河南省,许昌市,许昌县,河南省许昌县张潘镇无相寺村,,,,,114.005188,34.016933
石佛寺,汉语系,释宗义,年代不详,河南省,许昌市,鄢陵县,河南省鄢陵县陶城乡葛庄村,鄢陵县石佛寺始建于明朝万历年间，位于鄢陵县城南35公里，总占地面积一百余亩，有僧侣师徒四众，传径教法。佛法在此得以弘扬。石佛寺座北朝南，山门、围墙、天王殿、观音殿、地藏殿、大雄宝殿，三对殿，总建筑面积达753平方米。座座殿堂都是琉璃瓦盖顶，莲花脊上装滚龙，岔背上装有仙人走兽，檐下四壁图案绘画精深新颖，各殿堂雕梁画栋，盘龙绕柱，鳞甲耀目，长躯盘绕，栩栩如生。石佛寺内，绿树掩映，松柏挺拔，苍翠参天，花木香草，景色迷人。加之山门，钟鼓楼阁和寺内各殿堂辉映成南北一轴，建筑形式宏伟，且古色古香，环境幽雅。据蛟龙碑文载，石佛寺乃中国佛教第一寺释源租庭白马寺的一个下属寺院。“建国君民，教学为先”，上学只是对青少年的教育，而佛教则是对中老年人的教育，它不是宗教、更不是迷信。它传法教人，积德善，施舍济贫。,,,,114.184074,33.853443
太平兴国寺,汉语系,释广云,,河南省,许昌市,鄢陵县,河南省鄢陵县马栏镇18号,兴国寺是鄢陵县佛教教徒进行宗教活动的主要场所之一。始建于宋太平兴国元年（公元977年），故名兴国寺，距今已有一千多年的历史。现占地30亩。元朝时期被毁。明朝洪武年间（公元1383年）僧人园广重建，距今620年。寺院西南侧有保留完好的宋建6角9层的佛塔。1986年，被省级确定为文物保护单位。,,省级文物保护单位,,114.214897,34.052380
乾明寺,汉语系,李学林,年代不详,河南省,许昌市,鄢陵县,河南省鄢陵县鄢陵县北关,,,,,114.177390,34.102330
兴国寺,汉语系,释普光,年代不详,河南省,许昌市,鄢陵县,河南省鄢陵县陶城乡陶北村,,,,,114.242607,33.829861
净业寺,汉语系,释源慧,,河南省,许昌市,鄢陵县,河南省许昌市鄢陵县金汇区,,,,,114.216469,34.082069
古观音寺,汉语系,释仁涛,2003-03-20,河南省,许昌市,鄢陵县,河南省鄢陵县陶城乡陶南村,,,,,114.242134,33.820511
禅宇寺,汉语系,赵延芳,,河南省,许昌市,鄢陵县,河南省鄢陵县南坞乡南坞村,,,,,114.266579,33.895939
隆兴寺,汉语系,姚保银,,河南省,许昌市,鄢陵县,河南省鄢陵县马坊乡丁庄村,,,,,114.250572,34.118053
香山寺,汉语系,李翠花,年代不详,河南省,许昌市,鄢陵县,河南省鄢陵县望田镇郭寺香山寺,,,,,114.127449,33.875763
黄龙寺,汉语系,马学坤,,河南省,许昌市,鄢陵县,河南省鄢陵县柏梁镇陶家村,,,,,114.112312,34.121635
龙泉寺,汉语系,释益空,北魏,河南省,许昌市,鄢陵县,河南省鄢陵县彭店乡后尚村,,,,,114.201790,34.189571
弥陀寺,汉语系,释普光,年代不详,河南省,许昌市,鄢陵县,河南省鄢陵县张桥乡张北村,,,,,114.274780,33.955051
龙泉寺,汉语系,释妙春,北魏,河南省,许昌市,禹州市,河南省禹州市鸠山镇唐庄村,龙泉寺位于大鸿寨景区内卧佛山下，始建于汉魏时期，距今已有1700多年的历史。龙泉寺位于大鸿寨景区内卧佛山下，始建于汉魏时期，距今已有1700多年的历史，历经沧桑，香火不断，香客众多。战乱年代，寺前建有茶棚，为饥民难民施茶施粥，普结善缘。抗日战争时期，大鸿寨作为豫西抗日根据地的游击区，在共产党的领导下，当地人民打击日寇，为民族独立事业做出过突出贡献。漫漫沧桑，岁月无情，历经了内忧外患，龙泉寺当年辉煌的庙宇建筑已化为残砖瓦砾，昔日的繁荣建筑已不复存在。自20世纪90年代起，逐渐恢复了寺院香火。为满足人们日益增长的精神文化生活需要，促进和谐社会建设，自2010年以来，在社会各界的大力支持下，对龙泉寺进行全方位的修复扩建，于10月7日隆重举办龙泉寺开光庆典活动。,,,,113.176491,34.215611
华严寺,汉语系,释顿超,,河南省,许昌市,禹州市,河南省禹州市钧台办莲花池村,,,,,113.502678,34.177013
大悲禅寺,汉语系,印宽,,河南省,许昌市,禹州市,河南省禹州市张得乡三峰山南麓,,,,,113.407173,34.056160
灵泉寺,汉语系,释寂法,,河南省,许昌市,禹州市,河南省许昌市禹州市神垕镇,,,,,113.230080,34.122334
龙泉禅寺,汉语系,释恒寿,,河南省,许昌市,禹州市,河南省禹州市鸠山镇后地村,,,,,113.091362,34.237370
千佛堂,汉语系,释恒雨,,河南省,许昌市,长葛市,河南省许昌市长葛市古桥乡,,,,,113.982964,34.269501
铁佛寺,汉语系,释恒雨,年代不详,河南省,许昌市,长葛市,河南省长葛市官亭乡官亭村,,,,,113.783707,34.310074
法云寺,汉语系,张玉珍,,河南省,郑州市,,经开区潮河办事处曹古寺村,法云寺，又名柴公寺。五代后周显德二年周世宗柴荣所建，赐名法云寺，与汴京的天清寺（又名白云寺）遥想呼应。,,,,,
祥云寺,汉语系,释会童,,河南省,郑州市,,经开区祥云办事处祥云寺村,,,,,,
嵩山少林寺,汉语系,释永信,,河南省,郑州市,登封市,河南省登封市嵩山少林寺,,是,全国重点文物保护单位,,112.953514,34.514709
嵩山报恩寺,汉语系,释延学,,河南省,郑州市,登封市,登封市嵩阳办事处嵩溪园社区太室山,,,,,113.037621,34.471939
法王寺,汉语系,释延佛,,河南省,郑州市,登封市,登封市嵩山法王寺,,,,,113.026604,34.502460
显圣寺,汉语系,释永信,唐,河南省,郑州市,二七区,郑州市二七区齐礼闫乡黄岗寺,显圣寺原名“报恩寺”，位于河南省郑州市南郊黄岗寺村。显圣寺始建于唐，因其临近驿道，香火旺盛，至清朝乾隆年间已经发展成为规模宏伟之十方丛林，在中原佛教史上有重要的地位。在清乾隆年间名，皇帝南巡至少林寺进香路过此寺，因经历了“伽蓝显圣”救驾之圣迹而将此地赐为“显圣寺”，并敕令重建关帝殿。,,,,113.617264,34.697048
九华精舍,汉语系,释常龙,,河南省,郑州市,二七区,郑州市二七区张魏寨东街41号,,,,,113.640100,34.724680
少林念佛堂,汉语系,释妙融,,河南省,郑州市,二七区,郑州市二七区侯寨乡麦垛沟村,,,,,113.569611,34.668121
菩提精舍,汉语系,李清岭,,河南省,郑州市,二七区,郑州市二七区京广路办事处佛岗新居4楼1单元1楼,,,,,113.672760,34.694012
慈云寺,汉语系,释延超,年代不详,河南省,郑州市,巩义市,河南省巩义市大峪沟镇民权村南,河南巩义慈云寺，青龙山慈云寺位于巩义市大峪沟镇民权村，始建于汉代，是巩义第一丛林。,,,,113.087463,34.685822
十方院,汉语系,释延超,,河南省,郑州市,巩义市,河南省巩义市北山口镇北湾村北,,,,,113.010757,34.709770
嵩岭寺,汉语系,释印坊,,河南省,郑州市,巩义市,河南省巩义市鲁庄镇虎山坡村东,,,,,112.911133,34.598885
石佛寺,汉语系,死亡暂无,年代不详,河南省,郑州市,巩义市,河南省巩义市夹津口镇公川村北,,,,,113.019737,34.551590
龙泉寺,汉语系,释常悟,北魏,河南省,郑州市,巩义市,河南省巩义市西村镇张沟村寺沟街22号,,,,,112.960663,34.578449
明月寺,汉语系,释学洁,,河南省,郑州市,巩义市,河南省巩义市米河镇明月村南,,,,,113.243500,34.648731
岳山寺,汉语系,释慧源,,河南省,郑州市,惠济区,惠济区古荥镇黄河桥村,,,,,113.526604,34.942642
郑州佛学社,汉语系,释圣智,,河南省,郑州市,金水区,郑州市金水区杜岭街,,,,,113.672188,34.760208
超化寺,汉语系,释永信,年代不详,河南省,郑州市,新密市,新密市超化镇超化村,超化寺，全国有多处，一处位于河南省新密市南七公里超化街内，一处位于山东省鱼台县，是著名的佛教圣地。位于河南新密市的超化寺原名“阿育王寺”，坐落于河南新密市超化镇之中心，西依嵩山，南傍马鬼山，北望青屏，东瞰大隗，绿树成荫，景色宜人。素有北方江南之称，是著名的佛教胜地。,,,,113.397621,34.453262
华严寺,汉语系,释恒旺（焦同波）,,河南省,郑州市,新密市,新密市牛店镇北召村,,,,,113.240952,34.535683
南泉寺,汉语系,释妙融（郭明燕）,,河南省,郑州市,新密市,新密市苟堂镇申门村,,,,,113.455269,34.360802
圣水寺,汉语系,释智虚（智虚）,,河南省,郑州市,新密市,新密市白寨镇杨树岗村,,,,,113.532303,34.616592
法海寺,汉语系,释延嵩（王奇畏）,,河南省,郑州市,新密市,新密市城关镇西街村,,,,,113.361084,34.512192
幽胜寺,汉语系,秦爱梅,年代不详,河南省,郑州市,新郑市,新郑市辛店镇始祖山景区,幽胜寺位于新郑市西南风后顶西侧，今千户寨乡杮树行村，又名幽盛寺。,,,,113.606949,34.381104
观音寺（准提庵下院）,汉语系,释恒传,,河南省,郑州市,新郑市,新郑市观音寺镇楼李村,河南省新郑市观音寺院，始建于唐朝公元646年间，距今已有一千多年的历史。始建的开端，就有观音菩萨大慈大悲、救苦救难真实的故事。,,,,113.693794,34.336281
正觉寺,汉语系,蔡俊红,,河南省,郑州市,新郑市,新郑市郭店镇南街村,,,,,113.709000,34.550541
水月寺,汉语系,岳海南,,河南省,郑州市,新郑市,新郑市辛店镇岳庄村,,,,,113.570343,34.380581
报国寺,汉语系,释开坚,,河南省,郑州市,新郑市,新郑市具茨山国家级森林公园管理委员会驮窑村,,,,,113.555664,34.348282
周古寺,汉语系,释延阔,年代不详,河南省,郑州市,荥阳市,荥阳市城关乡瓦窑坡村东周古寺,周古寺位于河南省荥阳市城关乡瓦窑坡村，其前身是祭奠“华宿”、“女娲”、“伏羲”的场所，当时称之为“华祖祀”，始建于西周初年，后来变成皇家祭祀场所，改名为“周古祀”。,,,,113.304588,34.750389
云城寺,汉语系,释明博,公元957年的五代十国,河南省,郑州市,荥阳市,荥阳市广武镇后王村,云城寺位于河南省郑州市荥阳县城东北方向十五华里的广武镇后王村。该寺历史悠久，初建于五代后唐时期，先在村北，后移至村中，再于民国时期迁建于今地。,,,,113.451492,34.851864
大海寺,汉语系,曹云霞,年代不详,河南省,郑州市,荥阳市,荥阳市豫龙镇西张寨39号,荥阳市大海寺，位于郑州西二十公里，三零一国道（郑洛路）荥阳市市标对面三百米处。它是观音菩萨道场，据碑文记载，该寺创建于北魏前期，原名代海寺，传说观音北行渡人，移居荥阳，从此荥阳护城河开始随海水潮汐瑞落，故观音寺又名代海寺。隋唐时，李渊任荥阳郡太守，李世民目患眼疾，求遍名医无效，后到大海寺求佛，立愈。李世民登基后，命尉迟敬德扩建该寺，东西长二十里，南北宽十八里，规模如海，故名大海寺。一九九四年九月清定上师来荥阳参加郑氏谒祖，在大海寺遗址处，指其弟子智妙（俗名曹云霞）重建大海寺，并题字“青云直上”作为鼓励。一九九七年七月，省、市有关部门批准重建大海寺。[1],,,,113.422447,34.765320
龙泉寺,汉语系,释心觉,北魏,河南省,郑州市,荥阳市,河南省荥阳市城关乡龙泉寺,荥阳龙泉寺院位于荥阳市城东北7.5公里，始建于北魏，距今已有1500多年的历史。经唐朝和清朝两次扩建，使寺院更加壮丽，寺院原有殿阁21所，规模之大，是荥阳的一处著名的名胜古迹，历朝历代享誉神州。十年浩劫，寺院惨遭破坏，党的十一届三中全会以后，借助国家宗教政策的支持，由法学律师担任本寺住持、德林法师担任本寺监院（2013年3月驻锡焦作武陟县念定寺担任住持）、兼任本寺书记（2012年冬应永宏法师邀请移住焦作武陟县吉祥寺担任书记兼任焦作武陟县念定寺书记），于2011年进驻本寺，为了弘扬佛法，发心重兴龙泉古寺，如今在地方人民政府和人民群众的支持下，已经恢复为佛教活动场所，并且初具规模，但距过去古时候那气势磅礴的原貌和现代化文化旅游景点的要求还差距很大，有待发展实现。有些殿阁需进一步修建，恢复龙泉盛况。显示出佛国神界的雄浑尊严。,,,,113.429680,34.817551
河阴兴国寺,汉语系,释圣心,年代不详,河南省,郑州市,荥阳市,荥阳市广武镇大师姑村,河阴兴国寺，始建于唐咸亨三年（672年），原名河阴县兴国寺。,,,,113.492043,34.844044
兴国寺,汉语系,释延杰,年代不详,河南省,郑州市,荥阳市,荥阳市豫龙镇兴国寺村,河南荥阳兴国寺，始建于唐咸亨三年（公元672年），名称由洛阳白马寺慧悟禅师取自“上有天命，尊佛兴国”之语。,,,,113.461418,34.736881
洞林寺,汉语系,释永信,年代不详,河南省,郑州市,荥阳市,荥阳市贾峪镇洞林寺村,洞林寺位于荥阳市贾峪乡寺河村北。据碑碣记载，自达摩来中国后，在中原建“天中三林”，该寺即其一。,,,,113.499069,34.667122
军佛寺,汉语系,释圣成,,河南省,郑州市,荥阳市,荥阳市广武镇军张村,,,,,113.425560,34.848232
石泉寺,汉语系,刘秀梅,,河南省,郑州市,荥阳市,荥阳市贾峪镇石硼村,,,,,113.409302,34.668922
竹林寺,汉语系,释延海,,河南省,郑州市,荥阳市,荥阳市高山镇竹林村东北,,,,,113.243668,34.780624
官渡寺,汉语系,释照见,,河南省,郑州市,中牟县,中牟县官渡镇官渡桥村,,,,,114.053108,34.748154
大佛寺,汉语系,释印国,年代不详,河南省,郑州市,中原区,郑州市中原区须水镇小京水村东北街9号,"原占地百余亩，现余二十多亩。凭水如带，临路如虹。山明水秀，幽雅天成，岁月超递，斗转星移。大佛寺建于何时已无证可寻，依据残存史料（石碑）记载，这里曾以""一百单三间铁瓦寺""名驰一时。香火鼎盛，僧众云集，时末清惨遭兵焚，破败役尽，仅余一伽蓝殿在风雨飘摇中默默地绣着大佛寺的无奈与沧桑，兴衰迭变。",,,,113.525612,34.758064
佛光寺,汉语系,释行贵,,河南省,郑州市,中原区,郑州市中原区须水镇西岗后仓村,,,,,113.525612,34.758064
石佛寺,汉语系,耿春雨,,河南省,郑州市,中原区,郑州市中原区须水镇石庙村东石佛寺,,,,,113.481575,34.756031
普渡寺,汉语系,释源通,,河南省,周口市,川汇区,河南省周口市开发区淮河路办事处大孟营村中,,,,,114.692299,33.603870
光武寺,汉语系,释医业,,河南省,周口市,郸城县,河南省周口市郸城县工业区工业大道东段,,,,,115.218391,33.641953
支亭寺,汉语系,马中良,年代不详,河南省,周口市,扶沟县,河南省周口市扶沟县柴岗乡支亭村,支亭寺，位于扶沟县城西南，占地43亩，建筑面积1655平方米，共有房屋100余间。建于北齐年间、已有1400多年历史，是一座雄伟华丽、气势壮观、金碧辉煌、庄严肃穆的千年古刹。原名芝庭寺、紫亭寺、芝亭寺，清嘉庆年间，定名支亭寺，延用至今。支亭寺景区主要由支亭寺仰韶文化遗址、支亭寺国槐、千手观音殿、大雄宝殿、佛祖殿等几部分组成。整体建筑金壁辉煌，脊列龙凤，檐卧走兽，集艺术性与观赏性于一体，规模雄伟壮观。寺内近200尊雕像，形象逼真，栩栩如生。,,,,114.320038,34.018353
兰若寺,汉语系,罗英,,河南省,周口市,扶沟县,河南省周口市扶沟县汴岗镇郑湾村,,,,,114.445572,33.973370
南关居士林,汉语系,谷爱芳,,河南省,周口市,扶沟县,河南省周口市扶沟县城关镇南关街,,,,,114.391640,34.057941
多庆寺,汉语系,薄纪云,,河南省,周口市,扶沟县,河南省周口市扶沟县崔桥镇崔桥村,,,,,114.572548,34.206402
白云寺,汉语系,崔爱军,,河南省,周口市,扶沟县,河南省周口市扶沟县吕潭乡崔庄村,,,,,114.446373,34.090481
遇佛寺,汉语系,李绍强,年代不详,河南省,周口市,淮阳县,河南省周口市淮阳县黄集乡小李行政村,在河南省淮阳县北黄集乡胡王村小李京城东侧，距县城15公里，始建于公元638年，由唐太宗李世民下旨修建。该寺也因李世民蒙观音菩萨搭救转败为胜感恩报恩御笔亲题寺名而誉满中原。,,,,115.028275,33.827301
太康寺,汉语系,张广体,年代不详,河南省,周口市,淮阳县,河南省周口市淮阳县四通镇太康张行政村,太康寺位于河南省淮阳县四通镇太康寺行政村（原太康县张集乡太康寺行政村），是周围信众烧香拜佛的圣地。,,,,115.045708,33.900490
回龙寺,汉语系,常净,年代不详,河南省,周口市,淮阳县,河南省周口市淮阳县豆门乡贾营行政村,,,,,114.957733,33.455730
嵩宁寺,汉语系,王国昌,,河南省,周口市,淮阳县,河南省周口市淮阳县豆门乡张集行政村,,,,,114.928383,33.472321
观音寺,汉语系,王继张,年代不详,河南省,周口市,淮阳县,河南省周口市淮阳县豆门乡倒栽槐行政村,,,,,114.957733,33.455730
卫真慈善堂,汉语系,高薪记,2013-06-06,河南省,周口市,鹿邑县,河南省鹿邑县卫真办事处四新行政村第2村民组,,,,,115.508133,33.873074
真源念佛堂,汉语系,郭凤英,,河南省,周口市,鹿邑县,河南省鹿邑县紫气大道13号,,,,,115.480766,33.859760
真龙寺,汉语系,石玉亭,,河南省,周口市,商水县,河南省周口市商水县邓城镇邓西村二组,,,,,114.473289,33.650383
西陵寺,汉语系,周保东,,河南省,周口市,商水县,河南省周口市商水县汤庄乡莫口村三组,,,,,114.560783,33.586555
远通寺,汉语系,释海修,,河南省,周口市,商水县,河南省周口市商水县城关乡远通寺村二组,,,,,114.632019,33.549480
慈济佛堂,汉语系,王毛路,,河南省,周口市,商水县,河南省周口市商水县张明乡庞楼村一组,,,,,114.338234,33.650230
护国圣寿寺,汉语系,释海众,,河南省,周口市,商水县,河南省周口市商水县郝岗乡常社村一组,,,,,114.286377,33.701660
小郎寺,汉语系,李海军,,河南省,周口市,沈丘县,河南省周口市沈丘县沈丘县周营乡孟寨村南,,,,,115.203644,33.310013
槐颍寺,汉语系,李四清,,河南省,周口市,沈丘县,河南省周口市沈丘县沈丘县槐店回族镇河南居委会小南庄自然村北,,,,,115.078148,33.375942
通满寺,汉语系,童学信,年代不详,河南省,周口市,太康县,河南省周口市太康县马厂乡后陈行政村仝庄自然村,通满寺位于河南省太康县马厂镇政府北侧200米，是唐朝名将右武候大将军，鄂国忠武公尉迟恭636年12月监造。755年爆发天宝之乱毁于兵燹，留数十间残缺大殿遗址。,,,,115.033440,34.023144
白坡寺,汉语系,韩海芳,年代不详,河南省,周口市,太康县,河南省周口市太康县五里口乡王寺安行政村付集自然村,白坡寺位于河南省太康县五里口北，始建于宋初距今千余年，占地八十亩，庙宇十四间，前后大殿东西廊坊，构筑严谨，殿堂雕梁画柱翘角飞檐红墙绿瓦，别具风格。,,,,114.760422,33.959610
东陵寺,汉语系,刘锦,,河南省,周口市,太康县,河南省周口市太康县芝麻洼乡东行政村东,,,,,114.666443,34.212940
古佛寺,汉语系,贾朋真,,河南省,周口市,太康县,河南省周口市太康县王集乡李小桥行政村丁庆岗自然村,,,,,114.841682,34.147732
古城寺,汉语系,程勉红,年代不详,河南省,周口市,太康县,河南省周口市太康县城关镇牛庄行政村牛庄自然村,,,,,115.033440,34.023144
簧学居士林,汉语系,李秀荣,,河南省,周口市,太康县,河南省周口市太康县城关镇北大街54号,,,,,114.869247,34.075649
让城寺,汉语系,闫景芝,,河南省,周口市,太康县,河南省周口市太康县板桥镇店子里行政村让城寺自然村,,,,,114.610519,33.980682
铁佛寺,汉语系,周玉振,年代不详,河南省,周口市,太康县,河南省周口市太康县逊母口镇东行政村东头,,,,,114.700584,34.024792
佛教场所,汉语系,张荣土,,河南省,周口市,西华县,河南省周口市西华县叶埠口乡泥土店行政村三组,,,,,114.481628,33.668713
佛教居士林,汉语系,王爱莲,,河南省,周口市,西华县,河南省周口市西华县娲城办事处箕城路南段,,,,,114.524323,33.784954
华台寺,汉语系,陈普照,,河南省,周口市,西华县,河南省周口市西华县西华营镇东街,,,,,114.621468,33.937954
妙音莲社,汉语系,王学政,,河南省,周口市,西华县,河南省周口市西华县奉母镇东段,,,,,114.173828,33.728592
洪山寺,汉语系,宋学功,,河南省,周口市,西华县,河南省周口市西华县艾岗乡洪山庙行政村青流河东岸,,,,,114.328751,33.826431
龙泉寺,汉语系,释恒修,北魏,河南省,周口市,西华县,河南省周口市西华县聂堆镇思都岗村一组,,,,,114.515953,33.880291
敬业念佛堂,汉语系,王恒光,,河南省,周口市,西华县,河南省周口市西华县箕子台办事处展辉路北段,,,,,114.512901,33.801189
仁清禅寺,汉语系,郭广明,年代不详,河南省,周口市,项城市,河南省周口市项城市新桥镇常楼行政村西,仁清禅寺，始建于明末清初，因战乱毁坏，其间始终未得修复。直致一九九二年由郭广明和高必宣二居士复建。二00一年九月十五日，国家批准为宗教活动场所。最初在仁清禅寺弘扬佛法的师父有：释源越法师、释悟理法师、释圆光等法师。他们都为仁清禅寺的建设做出很大贡献。经多年的努力，寺院得以修复，佛像庄严，现在寺院建设初建规模。,,,,114.933350,33.222221
北阁修善寺,汉语系,吴付良,,河南省,周口市,项城市,河南省周口市项城市秣陵镇北街,,,,,114.841347,33.208431
千佛阁念佛堂,汉语系,于翠芝,,河南省,周口市,项城市,河南省周口市项城市千佛阁办事处南,,,,,114.913551,33.435040
居士林,汉语系,李书龙,,河南省,周口市,项城市,河南省周口市项城市光武办事处哈蟆寨居委会南,,,,,114.870239,33.452301
镇南大寺,汉语系,刘崇法,,河南省,周口市,项城市,河南省周口市项城市官会镇南大寺行政村西,,,,,114.990608,33.234432
高丘寺,汉语系,李云生,,河南省,周口市,项城市,河南省周口市项城市高寺镇南街,,,,,114.885574,33.244663
下元寺,汉语系,释延轼,,河南省,驻马店市,泌阳县,河南省驻马店市泌阳县铜山乡铜山村,,,,,113.563431,32.777832
净业寺,汉语系,释寅新,,河南省,驻马店市,泌阳县,河南省驻马店市泌阳县古城办事处新兴居委,,,,,113.331497,32.717579
源禅寺,汉语系,王洁,,河南省,驻马店市,泌阳县,河南省驻马店市泌阳县郭集镇街东,,,,,113.134689,32.975361
盘古山九龙寺,汉语系,李柱,,河南省,驻马店市,泌阳县,河南省驻马店市泌阳县盘古乡九龙寺,,,,,113.308632,32.659451
龙泉寺,汉语系,孙玉民,北魏,河南省,驻马店市,泌阳县,河南省驻马店市泌阳县羊册镇古城村委,,,,,113.215744,32.960316
北泉寺,汉语系,释眼多,年代不详,河南省,驻马店市,确山县,河南省驻马店市确山县乐山林场场部院内,北泉寺位于河南驻马店市西南5公里处，旧名叫天宫，后改树佛寺，到唐朝时改名资福禅寺，宋代又改为寿禅院。据确山旧志记载：“城西有三泉，自南向北而分，名曰南泉、中泉和北泉。因此院位居北泉，故沿称北泉寺。”,,,,113.910324,32.840832
佛祖殿,汉语系,刘凤,,河南省,驻马店市,汝南县,河南省汝南县板店乡板店村,,,,,114.418411,33.065292
南海禅寺,汉语系,释界承,,河南省,驻马店市,汝南县,汝南县南海大道东南海禅寺,,,,,114.366959,32.997799
开元寺,汉语系,代月兰,,河南省,驻马店市,汝南县,汝南县城娘娘巷北穆斯林饭店东头,,,,,114.367073,33.001259
蟾虎寺,汉语系,李俊岭,,河南省,驻马店市,上蔡县,河南省驻马店市上蔡县卧龙办事处绳李村西南,,,,,114.234383,33.286873
御园寺,汉语系,释心清,,河南省,驻马店市,上蔡县,河南省驻马店市上蔡县重阳办事处县蔡明园公园西北角,,,,,114.259888,33.256130
千王寺,汉语系,王剑,,河南省,驻马店市,遂平县,河南省驻马店市遂平县嵖岈山镇红石崖村红石岩凤凰山,,,,,113.751854,33.200962
安国寺,汉语系,黄俊英,,河南省,驻马店市,遂平县,河南省驻马店市遂平县沈寨乡神沟村神沟街,,,,,113.897713,33.274132
百泉寺,汉语系,王来柱（释延纳）,,河南省,驻马店市,遂平县,河南省驻马店市遂平县凤鸣谷风景区李尧村百泉寺,,,,,113.685509,33.109192
弥陀寺,汉语系,释如摄,年代不详,河南省,驻马店市,西平县,河南省驻马店市西平县杨庄乡栗园村委王庄三组,,,,,113.793144,33.341370
金粟寺,汉语系,释首学,年代不详,河南省,驻马店市,新蔡县,河南省驻马店市新蔡县古吕办事处健康路北,金粟寺位于河南省新蔡县南关，五代后唐清泰二年始建，1966年被强台风所毁。五代后唐清泰二年（935年）僧了一建。元至正间（1341～1368年）重建。,,,,114.986938,32.737179
伽蓝寺,汉语系,周均兰,,河南省,驻马店市,新蔡县,河南省驻马店市新蔡县古吕办事处人民街北,,,,,114.984047,32.748875
周府寺,汉语系,姚红丽,,河南省,驻马店市,新蔡县,河南省驻马店市新蔡县今是街道办事处十里铺村委任庄北,,,,,114.940086,32.777481
娘娘寺,汉语系,闫霞,,河南省,驻马店市,新蔡县,河南省驻马店市新蔡县练村镇桂湾村西北,,,,,115.119164,32.660683
清凉寺,汉语系,李国顺,年代不详,河南省,驻马店市,新蔡县,河南省驻马店市新蔡县宋岗乡腰庄村委,,,,,115.023689,32.680710
金顶寺,汉语系,郑彦彬,,河南省,驻马店市,新蔡县,河南省驻马店市新蔡县练村镇郑寨村委北,,,,,115.165428,32.616070
铁佛寺,汉语系,田玉东,年代不详,河南省,驻马店市,新蔡县,河南省驻马店市新蔡县黄楼镇老培寨村委西北,,,,,114.772453,32.849659
闹天寺,汉语系,彭海龙,,河南省,驻马店市,新蔡县,河南省驻马店市新蔡县韩集镇闹天寺村委,,,,,115.045319,32.900806
万福禅寺,汉语系,释眼宽,,河南省,驻马店市,驿城区,河南省驻马店市驿城区朱古洞乡钱庄村委拜台村民组,,,,,113.931961,32.877609
竹林禅寺,汉语系,释印兴,,河南省,驻马店市,驿城区,河南省驻马店市驿城区蚁峰镇金顶山竹林禅寺,,,,,113.835068,32.869259
老乐山井泉寺,汉语系,释心勇,,河南省,驻马店市,驿城区,河南省驻马店市驿城区朱古洞乡柴坡村井泉寺村民组,,,,,113.945374,32.867073
七星寺,汉语系,池怀喜,,河南省,驻马店市,正阳县,河南省驻马店正阳县油坊店乡陈寨村,,,,,114.623909,32.663712
东关居士林,汉语系,周俊峰,,河南省,驻马店市,正阳县,河南省驻马店正阳县东关渔场,,,,,114.398392,32.605999
东隍寺院,汉语系,吴树胜,,河南省,驻马店市,正阳县,河南省驻马店正阳县汝南埠镇汝南埠街,,,,,114.739098,32.650410
中建观音寺,汉语系,孙玉良,,河南省,驻马店市,正阳县,河南省驻马店市正阳县大林镇沿淮村,,,,,114.529602,32.302692
台天寺院,汉语系,陈庆学,,河南省,驻马店市,正阳县,河南省驻马店正阳县慎水乡台天,,,,,114.404900,32.603302
宝王寺十方院,汉语系,池怀喜,,河南省,驻马店市,正阳县,河南省驻马店正阳县西开发区,,,,,114.392740,32.605660
梁庙寺院,汉语系,李德功,2009-12-11,河南省,驻马店市,正阳县,河南省驻马店正阳县慎水乡梁庙,,,,,114.404900,32.603302
正兴寺,汉语系,王怀运,,河南省,驻马店市,正阳县,河南省驻马店正阳县雷寨乡西严店北街,,,,,114.740791,32.541565
富裕正洁寺,藏语系,夏坝活佛,年代不详,黑龙江省,大庆市,杜尔伯特蒙古族自治县,黑龙江省大庆市杜尔伯特蒙古族自治县一心乡小林科,富裕正洁寺距杜尔伯特蒙古族自治县县城18公里，林肇公路沿线，位于美丽的寿山旅游度假区。清朝乾隆五十二年（1787），旗扎萨克决定兴建旗庙。前后经6年时间，清朝乾隆五十八年（1793），旗庙建成，定名为乌勒穆吉·特古斯·巴雅斯吉郎图·查干黑得，汉译为富裕正洁寺，俗称大庙。[1],,,,124.402374,46.813862
净土寺,汉语系,释慧明,年代不详,黑龙江省,大庆市,杜尔伯特自治县,黑龙江省大庆市杜尔伯特自治县一心乡净土寺,净土寺位于杜尔伯特蒙古族自治县泰康镇西部（林肇公路），赛马场西侧。占地面积14000平方米，是黑龙江省西部规模较大的佛家寺院。净土寺始建于2003年，整体设计、形式布局和建筑特色均保留了我国寺院建筑的风格和特点,,,,124.420853,46.835781
衍福寺,汉语系,释静真,2007-06-01,黑龙江省,大庆市,肇源县,黑龙江省大庆市肇源县民意乡,衍福寺位于黑龙江大庆市西部肇源县民意乡大庙村境内，是我县藏传佛教圣地。周边景点有榆林公园，新新湖又名大庙泡。白金宝屯白金宝文化遗址。,,,,124.477859,45.520821
慧圆寺,汉语系,释传忍,,黑龙江省,大庆市,肇源县,黑龙江省大庆市肇源县四方山村,,,,,125.144188,45.528370
极乐庵,汉语系,释性海,,黑龙江省,大庆市,肇州县,黑龙江省大庆市肇州县肇州镇和平街六委38组167号,,,,,125.269302,45.708111
圆觉寺,汉语系,妙真,,黑龙江省,大兴安岭地区,加格达奇区,黑龙江省大兴安岭地区加格达奇区光明街六委,,,,,124.139560,50.408560
金刚圣寺,汉语系,乘心,,黑龙江省,大兴安岭地区,加格达奇区,黑龙江省大兴安岭地区加格达奇区东山街金刚圣,,,,,124.139560,50.408560
宝胜寺,汉语系,释法静,年代不详,黑龙江省,哈尔滨市,阿城区,黑龙江省哈尔滨市阿城区哈师大北侧白城村,宝胜寺位于黑龙江省哈尔滨市阿城区城南两公里处，始建于金天辅六年（公元1122年）。,,,,126.969734,45.517403
灵隐寺,汉语系,释静智,,黑龙江省,哈尔滨市,巴彦县,黑龙江省哈尔滨市巴彦县西集镇驿马山,,,,,127.233253,46.137741
青莲寺,汉语系,释净禅,,黑龙江省,哈尔滨市,宾县,黑龙江省哈尔滨市宾县民和乡猴石山,,,,,127.610672,45.978703
三光庵,汉语系,释亲悟,,黑龙江省,哈尔滨市,呼兰区,黑龙江省哈尔滨市呼兰区兰河街,,,,,126.587960,45.888990
福极庵,汉语系,释果性,,黑龙江省,哈尔滨市,呼兰区,黑龙江省哈尔滨市呼兰区奋斗社区,,,,,126.664902,45.746471
禅净寺,汉语系,释宏果,年代不详,黑龙江省,哈尔滨市,木兰县,黑龙江省哈尔滨市木兰县东兴镇东南街四委,禅净寺前身为慈航古寺，始建于1919年，1993年6月更名为禅净寺。黑龙江省木兰县香磨山旅游景区。寺院占地面积1.2万平方米，建筑面积近1500平方米，主要建筑有大雄宝殿、观音殿、天王殿、钟鼓楼、寮房和山门等。,,,,127.871712,46.382713
慈航古寺,汉语系,释宏图,,黑龙江省,哈尔滨市,木兰县,黑龙江省哈尔滨市木兰县东兴镇香磨山水库,,,,,127.937958,46.381191
明性庵,汉语系,释弥恒,,黑龙江省,哈尔滨市,木兰县,黑龙江省哈尔滨市木兰县木兰镇富家村付家屯明性庵,,,,,128.070953,45.946079
普照寺,汉语系,释真彻,年代不详,黑龙江省,哈尔滨市,南岗区,黑龙江省哈尔滨市南岗区东大直街3号,普照寺是一座位于黑龙江哈尔滨市南岗区的本市区内最大的尼众道场。落成于1988年，因取“佛光普照”之意，故名普照寺。,,,,126.666850,45.778660
极乐寺,汉语系,释静波,年代不详,黑龙江省,哈尔滨市,南岗区,黑龙江省哈尔滨市南岗区东大直街9号,极乐寺位于哈尔滨市南岗区东大直街尽头，建于民国十二年，公元1923年，占地面积57000平方米。极乐寺是东北三省的四大著名佛教寺院之一，与长春般若寺、沈阳慈恩寺、营口楞严寺齐名。已被列为全国重点开放寺庙和省级重点文物保护单位，现在由静波法师住持。,,,,126.664440,45.776510
华严寺,汉语系,释净西,,黑龙江省,哈尔滨市,南岗区,黑龙江省哈尔滨市南岗区比乐街65号,哈尔滨华严寺位于南岗区比乐街63号。始建于1920年，1929年续建，1937年竣工，为尼众寺院。,,,,126.660760,45.757370
净土寺,汉语系,释亲法,年代不详,黑龙江省,哈尔滨市,平房区,黑龙江省哈尔滨市平房区松花路69号,,,,,126.587740,45.578150
普照寺,汉语系,释昌修,年代不详,黑龙江省,哈尔滨市,尚志市,黑龙江省哈尔滨市尚志市一面坡南乐街,,,,,128.141235,45.070927
观音寺,汉语系,释安海,,黑龙江省,哈尔滨市,双城市,黑龙江省哈尔滨市双城市双城镇承旭村,,,,,126.331902,45.370529
龙聚宝寺,汉语系,释了空,,黑龙江省,哈尔滨市,双城市,黑龙江省哈尔滨市双城市韩甸镇白土村,,,,,125.868332,45.241203
圆觉寺,汉语系,释亲诚,,黑龙江省,哈尔滨市,通河县,黑龙江省哈尔滨市通河县铧子山圆觉寺,,,,,128.654175,46.082939
华藏寺,汉语系,释果杰,,黑龙江省,哈尔滨市,五常市,黑龙江省哈尔滨市五常市拉林满族镇西门外,华藏寺占地37万平方米，有造型别致的牌楼，高大院墙，大雄宝殿，三圣殿，观音殿，地藏殿，藏经楼，流通处，僧寮，客堂，居士寮等。大雄宝殿高32米，面积1724平方米。外形双叠飞檐，四面流水，广天浩瀚，庄严圣地。华藏寺主持释果杰法师现任：五常市佛教协会会长，五常市政协委员，参政议政，带领寺院僧众及信教群众，接受党和各级政府的领导，爱国爱教，参与和谐社会建设，参与社会慈善活动：,,,,126.869881,45.238781
三缘寺,汉语系,释成智,,黑龙江省,哈尔滨市,五常市,黑龙江省哈尔滨市五常市安家镇三缘寺,,,,,127.099388,45.062752
历母山寺,汉语系,释觉圣,1996-10-03,黑龙江省,哈尔滨市,五常市,黑龙江省哈尔滨市五常市沙河子镇,,,,,127.618309,44.452351
慈云寺,汉语系,释思了,年代不详,黑龙江省,哈尔滨市,五常市,黑龙江省哈尔滨市五常市五常镇慈云寺,,,,,127.170387,44.921600
慈云寺,汉语系,释显华,年代不详,黑龙江省,哈尔滨市,依兰县,黑龙江省哈尔滨市依兰县古迹路1号,慈云寺位于依兰县城西北，北依松花江。,,,,129.557034,46.330873
鹤岗市三宝寺,汉语系,释果成,,黑龙江省,鹤岗市,南山区,黑龙江省鹤岗市南山区90委12组,,,,,130.287140,47.315060
法乘寺,汉语系,释昌澄,,黑龙江省,黑河市,北安市,黑龙江省黑河市北安市通北镇九委,,,,,126.782021,47.771442
徳源寺,汉语系,释昌祥,,黑龙江省,黑河市,北安市,黑龙江省黑河市北安市北岗区九委北新社区,,,,,126.498184,48.256184
钟灵寺,汉语系,昌慧,,黑龙江省,黑河市,五大连池市,黑龙江省黑河市五大连池风景区钟灵寺,,,,,126.132782,48.650204
净土寺,汉语系,释大一,年代不详,黑龙江省,鸡西市,城子河区,黑龙江省鸡西市城子河区长青乡红卫村小城山,黑龙江省净土寺位于黑龙江鸡西市城子河区，始建于1995年，整体设计、形式布局和建筑特色均保留了我国寺院建筑的风格和特点。寺院坐北面南，临街是4000平方米的停车场。净土寺系主持释本园历尽艰难所创建。在始建之初，收一徒弟法名曰：无愚。这位师父为人忠诚，一直到往生还在为寺院尽心，具体在此不表。,,,,131.068619,45.333214
曼殊净院,汉语系,释永明,,黑龙江省,鸡西市,滴道区,黑龙江省鸡西市滴道区兰岭乡平安村,,,,,130.653793,45.322281
华严寺,汉语系,释无牵,,黑龙江省,鸡西市,鸡冠区,黑龙江省鸡西市鸡冠区文化路华严寺,,,,,130.944580,45.302490
永安寺,汉语系,释果超,,黑龙江省,佳木斯市,富锦市,黑龙江省佳木斯市富锦市大榆树镇新立村,,,,,132.144485,47.289619
清林寺,汉语系,释华藏,,黑龙江省,佳木斯市,富锦市,黑龙江省佳木斯市富锦市砚山镇石砬山林场,,,,,132.278610,47.203564
圆觉寺,汉语系,释显普,,黑龙江省,佳木斯市,桦南县,黑龙江省佳木斯市桦南县桦南镇向阳山社区一组175号,,,,,130.560074,46.233360
妙觉寺,汉语系,释寂澄,,黑龙江省,佳木斯市,郊区,黑龙江省佳木斯市郊区四丰乡,,,,,130.361084,46.757610
玉佛寺,汉语系,释中言,,黑龙江省,佳木斯市,郊区,黑龙江省佳木斯市郊区四丰水库,,,,,130.371078,46.762531
佛光寺,汉语系,释明临,年代不详,黑龙江省,佳木斯市,前进区,黑龙江省佳木斯市前进区胜利路中段,佛光寺位于佳木斯市水源山东北面，座南朝北，是黑龙江省东部较大寺院（净土道场）。佛光寺源于一九三八年的般若大佛寺，后因社会动荡僧众星散各方，庙宇无存。在党的十一届三中全会落实宗教信仰自由政策，九O年应信众的请求恢复佛教事业。寺院是佛教的表相，佛法住世的象征。在政府的大力支持下，批准选址水源山，开山建寺。九五年明临法师住持后，慨然以重光寺院，隆盛道场为己任。道心坚固，领众修持，信众钦承，为之所感，仗义疏财。明临法师按着自办方针，于九六年大兴土木之施，历经十余年建成殿宇十座，二层楼房二栋，建筑面积1.3万平方米。,,,,130.375250,46.814090
愿海寺,汉语系,释本真,年代不详,黑龙江省,佳木斯市,汤原县,黑龙江省佳木斯市汤原县亮子河林场,2001年愿海寺经黑龙江省宗教局批准始建，总面积3万平方米，是东北地区较大的比丘尼寺院。愿海寺坐落在黑龙江省汤原县大亮子河原始森林。,,,,129.614975,46.999092
净如寺,汉语系,释果海,,黑龙江省,佳木斯市,汤原县,黑龙江省佳木斯市汤原县汤原镇,,,,,129.906189,46.733509
祥云寺,汉语系,释正念,,黑龙江省,佳木斯市,同江市,黑龙江省佳木斯市同江市大直路127号,,,,,132.494858,47.648323
圆通讲寺,汉语系,根善,年代不详,黑龙江省,牡丹江市,爱民区,黑龙江省牡丹江市爱民区北山街,圆通讲寺在牡丹江市北金龙山“龙戏珠”处，高高耸立着山门、天王殿和讲经说法堂几座新式仿古建筑，展现在人们面前。,,,,129.588272,44.605576
金光寺,汉语系,正光,年代不详,黑龙江省,牡丹江市,东宁县,黑龙江省牡丹江市东宁县东宁镇西岭村,金光寺位于东宁县城西3公里绥芬河市左岸的山坡上。四周为果园和耕地，红墙绿树，掩映生辉。南北均有道路与县城相连，交通方便。金光寺与神仙洞风景区隔河相望。南岸有七座山峰，蜿蜒起伏，宛若一条巨龙俯卧山岗，其头、脖、背、爪、尾清晰可见，人称卧龙山。绥芬河九曲十八弯，金光寺正好是建在第十八弯上，是一座不可多得的宝寺。,,,,131.123566,44.084145
报恩寺,汉语系,道性,,黑龙江省,牡丹江市,海林市,黑龙江省牡丹江市海林市子荣街,,,,,129.398804,44.572392
回云寺,汉语系,妙实,1990年,黑龙江省,牡丹江市,林口县,黑龙江省牡丹江市林口县龙爪镇高云村,回云寺位于林口县高云村东南的群山间，总面积9000平方米，建筑面积为600平方米。该寺始建于1990年，正门为仿古式建筑，门两侧分别为砖瓦结构的钟楼和鼓楼。,,,,130.125977,45.320591
兴隆寺,汉语系,大根,年代不详,黑龙江省,牡丹江市,林口县,黑龙江省牡丹江市林口县林口镇杨木岗,,,,,130.281265,45.275970
莲花寺,汉语系,正隆,,黑龙江省,牡丹江市,林口县,黑龙江省牡丹江市林口县莲花镇莲花村,,,,,129.802551,45.471333
通觉寺,汉语系,果碧,年代不详,黑龙江省,牡丹江市,穆棱市,黑龙江省牡丹江市穆棱市河西乡,通觉禅寺位于黑龙江省穆棱市河西乡，是佛教禅宗道场，通觉禅寺建于1999年，是一座正在建设中的寺院，它的建设，结束了穆棱市没有佛教寺院的历史。,,,,130.490906,44.928871
大光明寺,汉语系,释正坚,年代不详,黑龙江省,牡丹江市,绥芬河市,黑龙江省绥芬河市乌苏里大街,大光明寺位于黑龙江省绥芬河市天长山南麓，坐北朝南，依山傍水，寺院本寺是由省宗教事务局批准开放的省级寺院，系省级文明宗教活动场所。经过数年建设，现已建成大小殿堂十余座，寺院梵宇庄严，宝相殊妙。各处建筑设计独特，具有浓郁的中国古典建筑艺术风格，在建设过程中注重突出特色，建成多处全国以及东北地区独有的建筑。,,,省级寺院,131.142578,44.410122
九层寺,汉语系,佛律,,黑龙江省,牡丹江市,阳明区,黑龙江省牡丹江市阳明区五林镇亮子河水库,,,,,129.840424,44.711159
极灵寺,汉语系,释佛通,2007-12-07,黑龙江省,七台河市,勃利县,黑龙江省七台河市勃利县大四站镇吉兴河水库,位于黑龙江省东部勃利县灵峰南麓，环抱在翠绿的万丛中，犹如一颗璀璨的明珠。,,,,130.355545,45.840923
静修寺,汉语系,释国慧,,黑龙江省,七台河市,勃利县,黑龙江省七台河市勃利县杏树朝鲜乡杏树村,,,,,130.573273,45.923809
佛宝寺,汉语系,释显本,年代不详,黑龙江省,七台河市,茄子河区,黑龙江省七台河市茄子河区东胜村,佛宝寺位于黑龙江省七台河市区东北的桃山水库南岸，总面积4000平方米，建筑面积1100平方米，由殿堂、斋堂、僚房等组成。整个建筑均采用中国佛教古式建筑风格，按佛教传统习惯布局。,,,,131.033325,45.784672
圣泉寺,汉语系,昌建,,黑龙江省,齐齐哈尔市,拜泉县,黑龙江省齐齐哈尔市拜泉县生态公园内,,,,,126.142303,47.600372
圆照寺,汉语系,照旭,,黑龙江省,齐齐哈尔市,富裕县,黑龙江省齐齐哈尔市富裕县富裕镇,,,,,124.474808,47.801472
楞严寺,汉语系,释照空,年代不详,黑龙江省,齐齐哈尔市,克东县,黑龙江省齐齐哈尔市克东县克东镇保安街,楞严寺地处黑龙江省克东县城东北郊，位居双峰对峙的二克山之上。夕日，贫僧久疾沉疴二十余年，幸迂法缘“大佛顶如来密因修证了义诸菩萨万行首楞严经”。虔持楞严神咒几心咒，使顽疾神奇般不治而愈。遂发心在五台山出家，以报佛恩。,,,,126.240349,48.034851
永安寺,汉语系,昌法,,黑龙江省,齐齐哈尔市,克山县,黑龙江省齐齐哈尔市克山县克山镇北,,,,,125.877838,48.035412
青云庵,汉语系,释宏悟,,黑龙江省,齐齐哈尔市,龙沙区,黑龙江省齐齐哈尔市龙沙区大民村,,,,,123.917519,47.269882
问心庵,汉语系,释无言,,黑龙江省,齐齐哈尔市,讷河市,黑龙江齐齐哈尔市讷河市城北,,,,,124.883970,48.484190
普渡寺,汉语系,释昌明,,黑龙江省,齐齐哈尔市,讷河市,黑龙江省齐齐哈尔市讷河市新城区,,,,,124.883970,48.484190
佛尔寺,汉语系,玄庆,2007-12-10,黑龙江省,齐齐哈尔市,碾子山区,黑龙江省齐齐哈尔市碾子山区富强辖区（蛇洞山）,佛尔寺位于黑龙江省齐齐哈尔市碾子山区西部4.5公里处，美丽的国家“AA”级蛇洞山自然保护区内。,,,,122.861153,47.559669
大乘寺,汉语系,释中谛,年代不详,黑龙江省,齐齐哈尔市,铁锋区,黑龙江省齐齐哈尔市铁锋区民航路499号,大乘寺，寺庙。有齐齐哈尔大乘寺、新昌大乘寺、山西晋阳大乘寺、彬县大乘寺、正定县大乘寺、乐至大佛镇大乘寺、昌吉县大乘寺和太原大乘寺。,,,,123.979349,47.317463
宝安寺,汉语系,玄澄,,黑龙江省,齐齐哈尔市,依安县,黑龙江省齐齐哈尔市依安县上游乡,,,,,125.323883,47.978020
宝光寺,汉语系,释长吉,年代不详,黑龙江省,双鸭山市,宝清县,黑龙江省双鸭山市宝清县宝清镇解放村西,宝光寺位于黑龙江宝清县解放村以西，元宝山以南。寺院占地面积一万八千多平方米。现任住持是乘悟法师。,,,,132.286438,46.332611
慈云寺,汉语系,释玄吉,年代不详,黑龙江省,双鸭山市,宝清县,黑龙江省双鸭山市宝清县,,,,,132.197080,46.326950
大菩提寺,汉语系,印藏,年代不详,黑龙江省,双鸭山市,集贤县,黑龙江省双鸭山市集贤县福利镇龙山,大菩提寺位于黑龙江双鸭山市集贤县，大菩提寺现任住持正修法师，黑龙江省双鸭山市佛教协会会长，双鸭山市政协委员。,,,,131.125534,46.735844
佛母山中道寺,汉语系,释正开,,黑龙江省,双鸭山市,尖山区,黑龙江省双鸭山市尖山区双兴村佛母山,,,,,131.124817,46.648479
九峰禅寺,汉语系,释正兴,,黑龙江省,双鸭山市,岭东区,黑龙江省双鸭山市岭东区清山旅游区,,,,,131.190414,46.496052
普渡寺,汉语系,释正道,,黑龙江省,双鸭山市,岭东区,黑龙江省双鸭山市岭东区青山旅游区,,,,,131.205078,46.504421
妙音寺,汉语系,释正好,,黑龙江省,双鸭山市,饶河县,黑龙江省双鸭山市饶河县西村子乡,位于黑龙江省双鸭山市饶河县大顶子山脚下，距饶河县城西北19千米。有三级路面相通。是旅游观光和信徒朝拜胜地，是建筑类人文风景旅游区。建筑面积3267平方米，建有天王殿、大雄宝殿、藏经楼、三圣殿、观音殿、地藏殿、念佛堂、斋堂、客堂、僧舍、流通处、钟楼、鼓楼、功德亭等仿古式建筑。是佛子修学和休闲旅游的绝佳去处。饶河县妙音寺是我县唯一的佛教大乘寺院，属净土宗道场，主弘念佛法门。,,,,134.003082,46.926552
净宇寺,汉语系,释明性,1996-12-01,黑龙江省,绥化市,安达市,黑龙江省绥化市安达市兴安街11委14组,,,,,125.343790,46.417730
宝安寺,汉语系,释正渡,,黑龙江省,绥化市,安达市,黑龙江省绥化市安达市北引路,,,,,125.343790,46.417730
济渡古寺,汉语系,释佛光,,黑龙江省,绥化市,安达市,黑龙江省绥化市安达市卧里屯乡安萨路西侧,,,,,125.294304,46.468384
普光寺,汉语系,释传闻,,黑龙江省,绥化市,北林区,黑龙江省绥化市北林区四方台镇四方台山南,,,,,126.988747,46.922211
圣海寺,汉语系,释显彻,,黑龙江省,绥化市,海伦市,黑龙江省绥化市海伦市前进乡民众村3组,,,,,126.881073,47.428490
龙莲寺,汉语系,释显杰,1998-10-20,黑龙江省,绥化市,海伦市,黑龙江省绥化市海伦市海伦镇保城村2队2组,,,,,126.967880,47.455551
明净寺,汉语系,释觉顺,2007-09-13,黑龙江省,绥化市,明水县,黑龙江省绥化市明水县202国道东,,,,,125.906000,47.173320
大宝积寺,汉语系,释果铭,2007-12-10,黑龙江省,绥化市,青冈县,黑龙江省绥化市青冈县繁荣街,,,,,126.121017,46.676651
观音寺,汉语系,妙明,,黑龙江省,绥化市,庆安县,黑龙江省绥化市庆安县公园路,,,,,127.507580,46.880200
红光寺,汉语系,释显德,1998-07-03,黑龙江省,绥化市,望奎县,黑龙江省绥化市望奎县卫星镇庙山公园,红光寺开始筹建于1994年，望奎县地处我国北方，绥化市临着省会哈尔滨市，黑龙江省的地理中心。相邻有道观。,,,,126.673691,46.714542
灵山寺,汉语系,释悲文,,黑龙江省,绥化市,望奎县,黑龙江省绥化市望奎县南五路,,,,,126.486020,46.832810
法源寺,汉语系,释常通,2007-01-26,黑龙江省,绥化市,肇东市,黑龙江省绥化市肇东市六法南路建设街57号,,,,,126.006200,46.060250
经教寺,汉语系,释觉明,,黑龙江省,绥化市,肇东市,黑龙江省绥化市肇东市北十七道街199号,,,,,125.962500,46.051210
普济寺,汉语系,释净妙,,黑龙江省,绥化市,肇东市,黑龙江省绥化市肇东市四站镇东八里村北600米,,,,,125.880081,45.674522
天龙寺,汉语系,中慧,,黑龙江省,伊春市,金山屯区,黑龙江省伊春市金山屯区团结街石场委,,,,,129.428990,47.413030
仰山寺,汉语系,释普愿,,湖北省,,,道观河风景区石寨村保安寨,,,,,,
孝感双峰山白云寺,汉语系,冷先萍,,湖北省,,,双峰山旅游度假区白云砦,,,,,,
望亲台寺,汉语系,释永法,,湖北省,,,咸安区桂花镇鸣水泉村,,,,,,
武汉白浒山碧云寺,汉语系,杜幼生,,湖北省,,,武汉东湖新技术开发区花山街白浒村白浒山,,,,,,
武汉花山华严寺,汉语系,黄智红,,湖北省,,,武汉化工区八吉府街何董村圣水口,,,,,,
潜江市浩口清宁禅寺,汉语系,释灯海,2021-10-25,湖北省,,,湖北省潜江寺浩口镇柳泗河村,,,,,,
灵泉寺,汉语系,释禅定,,湖北省,,,武汉东湖新技术开发区龙泉街龙泉山,,,,,,
慧园寺,汉语系,汤秀兰,,湖北省,,,双峰山旅游度假区涂巷村,,,,,,
新建寺,汉语系,释传旺,,湖北省,,,咸安区双溪桥镇杨仁村,,,,,,
无相寺,汉语系,释悟证,,湖北省,,,咸安区双溪桥镇李容村,,,,,,
监利县周老普安寺,汉语系,释惟心,,湖北省,,监利县,监利县周老嘴镇白洋村五组,,,,,,
泉洪寺,汉语系,叶秒生,,湖北省,赤壁市,,赤壁市沧湖开发区普安村,,,,,113.622459,29.794231
凤凰街办东山寺,汉语系,张东风,,湖北省,鄂州市,,湖北省鄂州市凤凰街办司徒村,,,,,114.915802,30.387762
古楼街办华光禅林,汉语系,释法成,,湖北省,鄂州市,,湖北省鄂州市古楼街道办事处考棚社区,,,,,114.891785,30.405598
葛店开发区古堤寺,汉语系,释道仙,2009-12-18,湖北省,鄂州市,,湖北省鄂州市葛店经济技术开发区胡铺村,,,,,114.699112,30.518093
葛店开发区怀恩寺,汉语系,释圣海,2013-12-02,湖北省,鄂州市,,湖北省鄂州市葛店经济技术开发区罗庄村,,,,,114.643082,30.509050
葛店开发区慈灵寺,汉语系,释果仙,,湖北省,鄂州市,,湖北省鄂州市葛店经济技术开发区黄矶村,,,,,114.653023,30.539030
葛店开发区文昌阁,汉语系,释照乾,2003-04-21,湖北省,鄂州市,,湖北省鄂州市葛店经济技术开发区何庄村,,,,,114.716080,30.507652
葛店开发区观音寺,汉语系,释东源,,湖北省,鄂州市,,湖北省鄂州市葛店经济技术开发区宋熊村,,,,,114.655464,30.552811
西山街办仙灵寺,汉语系,释坚质,2004-12-02,湖北省,鄂州市,,湖北省鄂州市西山街办梁新屋村,,,,,114.855934,30.383600
西山街办关公古寺,汉语系,释常盈,,湖北省,鄂州市,,湖北省鄂州市鄂城泽林镇余三下村,,,,,114.869598,30.337313
西山街办古灵泉寺,汉语系,释坚光,,湖北省,鄂州市,,湖北省鄂州市西山街道办事处西山社区,,,,,114.878113,30.405045
西山街办结缘寺,汉语系,释坚霞,,湖北省,鄂州市,,湖北省鄂州市西山街办梁新屋村,,,,,114.855934,30.383600
西山街办西山庵,汉语系,释坚云,,湖北省,鄂州市,,湖北省鄂州市西山街道办事处落驾坪社区,,,,,114.869087,30.401312
鄂州开发区佛灵寺,汉语系,释印发,2017-05-15,湖北省,鄂州市,,湖北省鄂州市鄂州开发区范墩村,,,,,114.829964,30.372183
鄂州开发区华嚴禅寺,汉语系,释道圆,,湖北省,鄂州市,,湖北省鄂州市鄂州开发区周铺村,,,,,114.841469,30.360891
鄂州开发区吉祥寺,汉语系,释德藏,2005-12-02,湖北省,鄂州市,,湖北省鄂州市鄂州开发区旭光村,,,,,114.826180,30.411161
鄂州开发区普济寺,汉语系,释持善,2005-12-02,湖北省,鄂州市,,湖北省鄂州市鄂州开发区周屴村,,,,,114.800957,30.410120
华容镇龙华寺,汉语系,释持友,,湖北省,鄂州市,鄂城区,湖北省鄂州市鄂城区汀祖镇汀坳村,,,,,114.943748,30.266630
杜山镇普光寺,汉语系,释宏德,,湖北省,鄂州市,鄂城区,湖北省鄂州市鄂城区汀祖镇刘畈村,,,,,114.983337,30.226871
杨叶镇三九禅寺,汉语系,释坚本,,湖北省,鄂州市,鄂城区,湖北省鄂州市鄂城区杨叶镇杨叶村,,,,,115.069962,30.304604
杨叶镇东江寺,汉语系,释坚法,2004-05-23,湖北省,鄂州市,鄂城区,湖北省鄂州市鄂城区杨叶镇平石村,,,,,115.071007,30.340721
段店镇五通古寺,汉语系,释持惠,,湖北省,鄂州市,鄂城区,湖北省鄂州市鄂城区沙窝乡赵寨村,,,,,114.950783,30.324963
汀祖镇东狱禅寺,汉语系,释正莲,2005-01-31,湖北省,鄂州市,鄂城区,湖北省鄂州市鄂城区杨叶镇平石村,,,,,115.071007,30.340721
汀祖镇海会寺,汉语系,释透微,2005-05-16,湖北省,鄂州市,鄂城区,湖北省鄂州市鄂城区汀祖镇刘畈村,,,,,114.983337,30.226871
汀祖镇神山寺,汉语系,释指义,2003-11-20,湖北省,鄂州市,鄂城区,湖北省鄂州市鄂城区汀祖镇刘畈村,,,,,114.983337,30.226871
汀祖镇聚贤寺,汉语系,释惟兴,,湖北省,鄂州市,鄂城区,湖北省鄂州市鄂城区泽林镇建新村,,,,,114.801880,30.357012
汀祖镇青山寺,汉语系,释智兵,,湖北省,鄂州市,鄂城区,湖北省鄂州市鄂城区沙窝乡渔坝村,,,,,115.012459,30.349932
汀祖镇香光寺,汉语系,王竹青,2011-01-11,湖北省,鄂州市,鄂城区,湖北省鄂州市鄂城区汀祖镇刘畈村,,,,,114.983337,30.226871
汀祖镇龙王庙,汉语系,释持善,2017-05-15,湖北省,鄂州市,鄂城区,湖北省鄂州市鄂城区汀祖镇刘畈村,,,,,114.983337,30.226871
沙窝乡云盖寺,汉语系,释成林,2002-10-08,湖北省,鄂州市,鄂城区,湖北省鄂州市鄂城区沙窝乡麻羊垴林场,,,,,114.973610,30.348431
沙窝乡云霖寺,汉语系,释常春,2005-05-28,湖北省,鄂州市,鄂城区,湖北省鄂州市鄂城区沙窝乡渔坝村,,,,,115.012459,30.349932
沙窝乡太子庙,汉语系,释果贵,2011-05-28,湖北省,鄂州市,鄂城区,湖北省鄂州市鄂城区沙窝乡黄山村,,,,,115.025238,30.309622
沙窝乡广慧寺,汉语系,释惟成,2003-06-30,湖北省,鄂州市,鄂城区,湖北省鄂州市鄂城区沙窝乡渔坝村,,,,,115.012459,30.349932
沙窝乡灵普寺,汉语系,释持守,2005-04-18,湖北省,鄂州市,鄂城区,湖北省鄂州市鄂城区花湖镇胄山村,,,,,115.055710,30.267393
泽林镇兴隆寺,汉语系,释戒兴,,湖北省,鄂州市,鄂城区,湖北省鄂州市鄂城区燕矶镇杜湾村,,,,,115.040543,30.365522
泽林镇凤凰禅寺,汉语系,释法缘,,湖北省,鄂州市,鄂城区,湖北省鄂州市鄂城区泽林镇大山村,,,,,114.837059,30.336472
泽林镇塔桥寺,汉语系,释悟戒,,湖北省,鄂州市,鄂城区,湖北省鄂州市鄂城区泽林镇塔桥村,,,,,114.892624,30.322811
泽林镇宝山寺,汉语系,释广学,,湖北省,鄂州市,鄂城区,湖北省鄂州市鄂城区沙窝乡黄山村,,,,,115.025238,30.309622
泽林镇广佛寺,汉语系,释古超,2005-04-18,湖北省,鄂州市,鄂城区,湖北省鄂州市鄂城区花湖镇胄山村,,,,,115.055710,30.267393
泽林镇显应寺,汉语系,释惟静,,湖北省,鄂州市,鄂城区,湖北省鄂州市鄂城区燕矶镇车湖村,,,,,115.053108,30.370932
泽林镇普度寺,汉语系,释古华,2001-10-20,湖北省,鄂州市,鄂城区,湖北省鄂州市鄂城区泽林镇大山村,,,,,114.837059,30.336472
泽林镇普照寺,汉语系,释正信,,湖北省,鄂州市,鄂城区,湖北省鄂州市鄂城区泽林镇团结村,,,,,114.827179,30.342041
泽林镇法官寺,汉语系,释妙冰,,湖北省,鄂州市,鄂城区,湖北省鄂州市鄂城区汀祖镇刘显村,,,,,114.922478,30.266541
泽林镇诸佛寺,汉语系,释妙林,,湖北省,鄂州市,鄂城区,湖北省鄂州市鄂城区泽林镇泽林村,,,,,114.869209,30.328951
燕矶镇关公庙,汉语系,释传悟,,湖北省,鄂州市,鄂城区,湖北省鄂州市鄂城区杜山镇路口村,,,,,114.794342,30.383701
燕矶镇土陡寺,汉语系,释顿培,,湖北省,鄂州市,鄂城区,湖北省鄂州市鄂城区燕矶镇百洪村,,,,,114.951340,30.350662
燕矶镇婆龙庙,汉语系,释惟焱,,湖北省,鄂州市,鄂城区,湖北省鄂州市鄂城区燕矶镇百洪村,,,,,114.951340,30.350662
燕矶镇嵩山寺,汉语系,释悟圣,,湖北省,鄂州市,鄂城区,湖北省鄂州市鄂城区汀祖镇刘畈村,,,,,114.983337,30.226871
燕矶镇玉书阁,汉语系,释胜缘,,湖北省,鄂州市,鄂城区,湖北省鄂州市鄂城区燕矶镇燕矶村,,,,,115.016434,30.392382
碧石渡镇万寿寺,汉语系,释心高,,湖北省,鄂州市,鄂城区,湖北省鄂州市鄂城区沙窝乡渔坝村,,,,,115.012459,30.349932
碧石渡镇明泉寺,汉语系,释坚玉,,湖北省,鄂州市,鄂城区,湖北省鄂州市鄂城区碧石渡镇卢湾村,,,,,114.873520,30.244810
碧石渡镇灵鹫寺,汉语系,释乘旋,,湖北省,鄂州市,鄂城区,湖北省鄂州市鄂城区碧石渡镇卢湾村,,,,,114.873520,30.244810
碧石渡镇白云寺,汉语系,释坚慧,,湖北省,鄂州市,鄂城区,湖北省鄂州市鄂城区碧石渡镇李家境村,,,,,114.854523,30.291901
花湖镇报本寺,汉语系,释惟应,2003-02-16,湖北省,鄂州市,鄂城区,湖北省鄂州市鄂城区花湖镇刘钊村,,,,,115.003990,30.276922
花湖镇灵峰寺,汉语系,释妙能,2004-05-30,湖北省,鄂州市,鄂城区,湖北省鄂州市鄂城区泽林镇团结村,,,,,114.827179,30.342041
花湖镇胄山古刹,汉语系,释指正,,湖北省,鄂州市,鄂城区,湖北省鄂州市鄂城区花湖镇胄山村,,,,,115.055710,30.267393
葛店大塆观音堂,汉语系,释心道,,湖北省,鄂州市,鄂城区,湖北省鄂州市鄂城区长港镇大闸村,,,,,114.709274,30.326242
葛店开发区达僧寺,汉语系,释持芹,,湖北省,鄂州市,鄂城区,湖北省鄂州市鄂城区燕矶镇嵩山村,,,,,114.997543,30.387432
葛店开发区青云寺,汉语系,释心烁,,湖北省,鄂州市,鄂城区,湖北省鄂州市鄂城区泽林镇塔桥村,,,,,114.892624,30.322811
西山街办团山寺,汉语系,释演超,,湖北省,鄂州市,鄂城区,湖北省鄂州市鄂城区汀祖镇吴垴村,,,,,114.975304,30.244272
西山街办石山寺,汉语系,释见成,,湖北省,鄂州市,鄂城区,湖北省鄂州市鄂城区泽林镇泽林村,,,,,114.869209,30.328951
西山街办黄山寺,汉语系,释智渡,,湖北省,鄂州市,鄂城区,湖北省鄂州市鄂城区沙窝乡新湾村,,,,,115.022072,30.327772
鄂城新区天龙寺,汉语系,释智藏,,湖北省,鄂州市,鄂城区,湖北省鄂州市鄂城区泽林镇楼下村,,,,,114.866478,30.336311
鄂城新区新兴寺,汉语系,释戒文,,湖北省,鄂州市,鄂城区,湖北省鄂州市鄂城区杨叶镇杨叶村,,,,,115.069962,30.304604
鄂城新区水月庵,汉语系,释印波,,湖北省,鄂州市,鄂城区,湖北省鄂州市鄂城区鄂城新区水月村,,,,,114.927284,30.343481
鄂城新区龙泉古寺,汉语系,释坚刚,2004-05-24,湖北省,鄂州市,鄂城区,湖北省鄂州市鄂城区鄂城新区将军村,,,,,114.926003,30.380552
长港镇云港寺,汉语系,释演云,,湖北省,鄂州市,鄂城区,湖北省鄂州市鄂城区花湖镇刘钊村,,,,,115.003990,30.276922
长港镇招隐寺,汉语系,释见平,,湖北省,鄂州市,鄂城区,湖北省鄂州市鄂城区长港镇峒山村,,,,,114.721008,30.344933
太和镇长兴禅寺,汉语系,释法仁,2002-12-02,湖北省,鄂州市,鄂州市,湖北省鄂州市鄂州市梁子湖区太和镇,,,,,114.680428,30.093491
碧石渡镇问士台寺,汉语系,王鲜花,,湖北省,鄂州市,鄂州市,湖北省鄂州市鄂州市沙窝乡沙窝村,,,,,114.973198,30.349901
临江乡乘龙寺,汉语系,释慈禅,,湖北省,鄂州市,华容区,湖北省鄂州市华容区临江乡崔汤村,,,,,114.758003,30.473932
临江乡关帝寺,汉语系,释源安,,湖北省,鄂州市,华容区,湖北省鄂州市华容区临江乡芦洲村关帝庙,,,,,114.822021,30.437660
临江乡马安古寺,汉语系,释宽坚,,湖北省,鄂州市,华容区,湖北省鄂州市华容区临江乡龙潭村,,,,,114.779190,30.475634
华容镇佛晨寺,汉语系,释演智,,湖北省,鄂州市,华容区,湖北省鄂州市华容区华容镇熊皮村,,,,,114.744621,30.529581
华容镇八角亭寺,汉语系,释演岭,2017-05-15,湖北省,鄂州市,华容区,湖北省鄂州市华容区华容镇刘花村,,,,,114.736900,30.515881
华容镇关圣寺,汉语系,释乘能,2017-05-15,湖北省,鄂州市,华容区,湖北省鄂州市华容区华容镇芦花村,,,,,114.727600,30.564581
华容镇圣寿寺,汉语系,释超明,,湖北省,鄂州市,华容区,湖北省鄂州市华容区华容镇周汤村,,,,,114.721260,30.530582
华容镇普济寺,汉语系,高既忠,,湖北省,鄂州市,华容区,湖北省鄂州市华容区华容镇牌坊村,,,,,114.742691,30.568041
华容镇极乐寺,汉语系,释法融,,湖北省,鄂州市,华容区,湖北省鄂州市华容区华容镇熊皮村,,,,,114.744621,30.529581
华容镇清太寺,汉语系,释续佛,,湖北省,鄂州市,华容区,湖北省鄂州市华容区华容镇五分村,,,,,114.725159,30.502481
华容镇瓜圻寺,汉语系,释坚慧,,湖北省,鄂州市,华容区,湖北省鄂州市华容区蒲团乡瓜圻村,,,,,114.723564,30.431671
华容镇观音寺,汉语系,释性林,,湖北省,鄂州市,华容区,湖北省鄂州市华容区华容镇芦花村,,,,,114.727600,30.564581
华容镇觉华寺,汉语系,释持觉,,湖北省,鄂州市,华容区,湖北省鄂州市华容区华容镇华容社区,,,,,114.736664,30.535198
华容镇镇江寺,汉语系,释禅念,,湖北省,鄂州市,华容区,湖北省鄂州市华容区华容镇包王村,,,,,114.720772,30.561352
段店镇城隍庙,汉语系,释指盛,,湖北省,鄂州市,华容区,湖北省鄂州市华容区段店镇罗湖村,,,,,114.795738,30.589561
沙窝乡贞烈庵,汉语系,释透英,,湖北省,鄂州市,华容区,湖北省鄂州市华容区段店镇刘弄村,,,,,114.764229,30.587692
泽林镇余家庵,汉语系,释指望,,湖北省,鄂州市,华容区,湖北省鄂州市华容区华容镇芦花村,,,,,114.727600,30.564581
蒲团乡听潮寺,汉语系,释坚国,,湖北省,鄂州市,华容区,湖北省鄂州市华容区蒲团乡何桥村,,,,,114.740448,30.404432
蒲团乡玉佛寺,汉语系,释乘能,,湖北省,鄂州市,华容区,湖北省鄂州市华容区蒲团乡大庙村,,,,,114.778183,30.435001
蒲团乡荆圻寺,汉语系,释坚向,,湖北省,鄂州市,华容区,湖北省鄂州市华容区蒲团乡何桥村,,,,,114.740448,30.404432
西山街办仙佛寺,汉语系,释指连,,湖北省,鄂州市,华容区,湖北省鄂州市华容区华容镇芦花村,,,,,114.727600,30.564581
太和镇关圣祠,汉语系,释昌盛,2005-01-07,湖北省,鄂州市,梁子湖区,湖北省鄂州市梁子湖区太和镇谢埠村,,,,,114.673714,30.071022
太和镇清峰寺,汉语系,谭凤涛,2002-01-02,湖北省,鄂州市,梁子湖区,湖北省鄂州市梁子湖区太和镇谢培村,,,,,114.683571,30.088110
太和镇紫檀寺,汉语系,释心云,,湖北省,鄂州市,梁子湖区,湖北省鄂州市梁子湖区太和镇子坛村,,,,,114.670578,30.118483
梁子镇宝聚寺,汉语系,释传闻,,湖北省,鄂州市,梁子湖区,湖北省鄂州市梁子湖区梁子镇长岭社区,,,,,114.651390,30.245422
恩施市玉龙寺佛教活动处所,汉语系,释明浩,,湖北省,恩施土家族苗族自治州,恩施市,湖北省恩施市舞阳街道办事处五峰山村,,,,,109.495400,30.273550
来凤县仙佛寺,汉语系,王景坤,,湖北省,恩施州,来凤县,湖北省恩施州来凤县翔凤镇仙佛寺村,,,,,109.451538,29.544062
来凤县八股庙,汉语系,喻道丙,,湖北省,恩施州,来凤县,湖北省恩施州来凤县翔凤镇小河坪村,,,,,109.449280,29.533962
来凤县川主庙,汉语系,熊庆功,,湖北省,恩施州,来凤县,湖北省恩施州来凤县翔凤镇关口村,,,,,109.455971,29.548862
来凤县观音阁,汉语系,田玉珍,,湖北省,恩施州,来凤县,湖北省恩施州来凤县百福司镇观音坪村,,,,,109.220642,29.198973
利川市佛宝山白云寺,汉语系,释心继,,湖北省,恩施州利川市,,湖北省恩施州利川市佛宝山开发区,,,,,108.720963,30.207500
利川市凉雾乡龙泉寺,汉语系,王军,2011-02-10,湖北省,恩施州利川市,,湖北省恩施州利川市凉雾乡铁炉村,,,,,108.830231,30.267591
利川市建南镇龙王寺,汉语系,释登智,,湖北省,恩施州利川市,,湖北省恩施州利川市建南镇龙泉村,,,,,108.438118,30.377001
洪湖市长生古寺,汉语系,张道炳,2012-06-05,湖北省,洪湖市,,湖北省洪湖市曹市镇青郑村,,,,,113.221024,30.086952
湖北省黄冈市珠明禅寺,汉语系,释顿天,2011-09-17,湖北省,黄冈市,,湖北省黄冈市经济开发区珠明山村五组,,,,,114.917793,30.446331
黄冈市龙感湖永福寺,汉语系,释能受,2004-12-12,湖北省,黄冈市,,湖北省黄冈市龙感湖管理区严家闸办事处严细墩生产队,,,,,116.003784,29.873812
黄冈市龙感湖莲池寺,汉语系,释妙乐,2008-04-30,湖北省,黄冈市,,湖北省黄冈市龙感湖管理区严家闸办事处新闸社区,,,,,116.003784,29.873812
黄冈市龙感湖雷池寺,汉语系,释持维,2000-12-01,湖北省,黄冈市,,湖北省黄冈市龙感湖管理区严家闸办事处新闸社区,,,,,116.003784,29.873812
湖北省红安县东升禅寺,汉语系,释昌隆,,湖北省,黄冈市,红安县,湖北省黄冈市红安县东升村大路边垸,,,,,114.673897,31.312660
湖北省红安县乌龙寺,汉语系,释法贵,,湖北省,黄冈市,红安县,湖北省黄冈市红安县太平桥镇马井村张承祖垸,,,,,114.644791,30.984911
湖北省红安县仙人禅寺,汉语系,释皆坤,,湖北省,黄冈市,红安县,湖北省黄冈市红安县八里镇石桥村,,,,,114.637810,31.029009
湖北省红安县佛塔山寺,汉语系,释印仁,,湖北省,黄冈市,红安县,湖北省黄冈市红安县华河镇矿山村,,,,,114.541840,31.358051
湖北省红安县八里镇水口寺,汉语系,释传音,,湖北省,黄冈市,红安县,湖北省黄冈市红安县八里镇刘明秋村二组,,,,,114.591537,31.099581
湖北省红安县公义寺,汉语系,释心静,2004-04-30,湖北省,黄冈市,红安县,湖北省黄冈市红安县华河镇涂垸村,,,,,114.518311,31.518826
湖北省红安县北林禅寺,汉语系,释德厚,,湖北省,黄冈市,红安县,湖北省黄冈市红安县杏花乡娥山村北寺岗,,,,,114.725571,31.351151
湖北省红安县华河水口寺,汉语系,释常照,,湖北省,黄冈市,红安县,湖北省黄冈市红安县华河镇何田村,,,,,114.506927,31.351961
湖北省红安县同修寺,汉语系,释普诚,,湖北省,黄冈市,红安县,湖北省黄冈市红安县杏花乡培城村胡家湾,,,,,114.723122,31.377321
湖北省红安县坛墩寺,汉语系,释正法兰,,湖北省,黄冈市,红安县,湖北省红安县永河镇北冲村一组,,,,,114.792488,31.264502
湖北省红安县大寺,汉语系,释常照,1996-12-06,湖北省,黄冈市,红安县,湖北省黄冈市红安县华河镇金桥村阳台山,,,,,114.540291,31.473070
湖北省红安县天台寺,汉语系,释悟乐,,湖北省,黄冈市,红安县,湖北省黄冈市红安县七里坪镇天台寺,,,,,114.654793,31.462971
湖北省红安县天马寺,汉语系,释仁果,2008-11-30,湖北省,黄冈市,红安县,湖北省黄冈市红安县城关镇长渠村,,,,,114.573441,31.288740
湖北省红安县太平寺,汉语系,释正格,,湖北省,黄冈市,红安县,湖北省黄冈市红安县太平桥镇太平寺,,,,,114.644302,30.960381
湖北省红安县妙法莲华寺,汉语系,释普真,,湖北省,黄冈市,红安县,湖北省黄冈市红安县杏花乡东门村一组,,,,,114.655731,31.284250
湖北省红安县宝印禅寺,汉语系,释悟来,,湖北省,黄冈市,红安县,湖北省黄冈市红安县太平桥镇紫潭河村,,,,,114.658768,30.951481
湖北省红安县平安寺,汉语系,释妙金,2009-04-28,湖北省,黄冈市,红安县,湖北省黄冈市红安县七里坪福德桥村3组,,,,,114.597870,31.487961
湖北省红安县弘觉寺,汉语系,释清月,,湖北省,黄冈市,红安县,湖北省红安县高桥镇发展大道,,,,,114.559090,31.156281
湖北省红安县忠孝寺,汉语系,释学汉,,湖北省,黄冈市,红安县,湖北省黄冈市红安县七里坪镇张家垸,,,,,114.654793,31.462971
湖北省红安县普觉寺,汉语系,释心广,,湖北省,黄冈市,红安县,湖北省黄冈市红安县八里镇新田铺村,,,,,114.637810,31.029009
湖北省红安县楞严禅寺,汉语系,释会岸,2009-12-25,湖北省,黄冈市,红安县,湖北省黄冈市红安县城关镇云台山村云台山,,,,,114.611870,31.246853
湖北省红安县永兴寺,汉语系,释顿彻,,湖北省,黄冈市,红安县,湖北省黄冈市红安县永河镇椿树村一组,,,,,114.713173,31.151091
湖北省红安县沙洋寺,汉语系,释心定,,湖北省,黄冈市,红安县,湖北省黄冈市红安县高桥镇沙洋寺,,,,,114.554169,31.154831
湖北省红安县清平寺,汉语系,释心静,,湖北省,黄冈市,红安县,湖北省黄冈市红安县华河镇石晏村,,,,,114.562218,31.476131
湖北省红安县真君庙,汉语系,释学固,,湖北省,黄冈市,红安县,湖北省黄冈市红安县永佳河镇徐尚二村,,,,,114.670898,31.146341
湖北省红安县观音寺,汉语系,释明先,,湖北省,黄冈市,红安县,湖北省黄冈市红安县杏花乡郭受九村新村52号,,,,,114.642227,31.259733
湖北省红安县觅儿寺,汉语系,释心安,,湖北省,黄冈市,红安县,湖北省黄冈市红安县觅儿寺镇觅儿街106号,,,,,114.573120,31.058371
湖北省红安县金台寺,汉语系,延修,,湖北省,黄冈市,红安县,湖北省黄冈市红安县八里湾镇卓旺村彭家湾,,,,,114.641594,31.018581
湖北省红安县铁佛寺,汉语系,释戒参,,湖北省,黄冈市,红安县,湖北省黄冈市红安县觅儿寺镇普安桥村一组,,,,,114.532501,31.032339
湖北省红安县龙泉禅寺,汉语系,释智海,,湖北省,黄冈市,红安县,湖北省黄冈市红安县八里湾镇毛张坞村胡家田湾,,,,,114.608963,31.044580
湖北省红安县龙王寺,汉语系,释果灵,,湖北省,黄冈市,红安县,湖北省黄冈市红安县上新集镇韭菜园村龙王寺,,,,,114.448402,31.357040
湖北省黄梅县一宿庵,汉语系,释慧果,,湖北省,黄冈市,黄梅县,湖北省黄冈市黄梅县孔垅镇二居委会,,,,,115.854683,29.870296
湖北省黄梅县三圣寺,汉语系,释果修,,湖北省,黄冈市,黄梅县,湖北省黄冈市黄梅县黄梅镇东街,,,,,115.939072,30.073122
湖北省黄梅县东岳庙,汉语系,释宽觉,2008-12-16,湖北省,黄冈市,黄梅县,湖北省黄冈市黄梅县黄梅镇西河村,,,,,115.939072,30.073122
湖北省黄梅县东禅寺,汉语系,释达智,,湖北省,黄冈市,黄梅县,湖北省黄冈市黄梅县黄梅镇东禅村,,,,,115.933640,30.066080
湖北省黄梅县中山寺,汉语系,释惟道,,湖北省,黄冈市,黄梅县,湖北省黄冈市黄梅县五祖镇红岩村,,,,,115.941360,30.171423
湖北省黄梅县五福寺,汉语系,释从正,,湖北省,黄冈市,黄梅县,湖北省黄冈市黄梅县濯港镇冯牛村,,,,,115.881294,29.945843
湖北省黄梅县令公寺,汉语系,释道平,2008-12-16,湖北省,黄冈市,黄梅县,湖北省黄冈市黄梅县小池镇虞园村,,,,,115.989220,29.765921
湖北省黄梅县佛母寺,汉语系,释常有,,湖北省,黄冈市,黄梅县,湖北省黄冈市黄梅县孔垅镇吴河村,,,,,115.906090,29.856060
湖北省黄梅县元妙观,汉语系,释德珠,,湖北省,黄冈市,黄梅县,湖北省黄冈市黄梅县濯港镇老街,,,,,115.889740,30.007143
湖北省黄梅县六家庵,汉语系,释演勤,,湖北省,黄冈市,黄梅县,湖北省黄冈市黄梅县杉木乡柘林村,,,,,115.968208,30.123501
湖北省黄梅县南北山寺,汉语系,释正超,,湖北省,黄冈市,黄梅县,湖北省黄冈市黄梅县柳林乡南北山村,,,,,115.960052,30.240822
湖北省黄梅县天后宫,汉语系,释慧珠,,湖北省,黄冈市,黄梅县,湖北省黄冈市黄梅县刘佐乡八三村,,,,,116.116348,29.829262
湖北省黄梅县太白禅寺,汉语系,释养果,,湖北省,黄冈市,黄梅县,湖北省黄冈市黄梅县濯港镇胡牌村,,,,,115.861458,30.008682
湖北省黄梅县孔垄镇关帝庙,汉语系,释愿明,,湖北省,黄冈市,黄梅县,湖北省黄冈市黄梅县孔垄镇四居委会,,,,,115.918129,29.883751
湖北省黄梅县孚佑宫,汉语系,释常戒,,湖北省,黄冈市,黄梅县,湖北省黄冈市黄梅县下新镇下新社区,,,,,116.016853,29.985672
湖北省黄梅县安心寺,汉语系,释智莲,2013-12-10,湖北省,黄冈市,黄梅县,湖北省黄冈市黄梅县孔垄镇油榨村,,,,,115.897202,29.881721
湖北省黄梅县宝庆寺,汉语系,释演法,2008-04-30,湖北省,黄冈市,黄梅县,湖北省黄冈市黄梅县分路镇张门村,,,,,115.915100,29.791071
湖北省黄梅县开口寺,汉语系,释常平,,湖北省,黄冈市,黄梅县,湖北省黄冈市黄梅县新开镇新开村,,,,,115.815269,29.808632
湖北省黄梅县忠心寺,汉语系,释能慧,2008-12-16,湖北省,黄冈市,黄梅县,湖北省黄冈市黄梅县孔垄镇油榨村,,,,,115.897202,29.881721
湖北省黄梅县意生寺,汉语系,释德华,,湖北省,黄冈市,黄梅县,湖北省黄冈市黄梅县濯港镇胡六桥村,,,,,115.884308,30.016972
湖北省黄梅县慈云寺,汉语系,释果修,,湖北省,黄冈市,黄梅县,湖北省黄冈市黄梅县新开镇宝兴村,,,,,115.839493,29.810350
湖北省黄梅县挂笠庵,汉语系,释明远,,湖北省,黄冈市,黄梅县,湖北省黄冈市黄梅县苦竹乡挪步园紫云山,,,,,115.827408,30.219362
湖北省黄梅县接待寺,汉语系,释传福,2008-12-16,湖北省,黄冈市,黄梅县,湖北省黄冈市黄梅县孔垄镇梅坝村,,,,,115.929008,29.879803
湖北省黄梅县文昌寺,汉语系,释宽定,,湖北省,黄冈市,黄梅县,湖北省黄冈市黄梅县小池镇解放新村,,,,,115.989220,29.765921
湖北省黄梅县新安村观音庵,汉语系,释慧旺,2008-04-30,湖北省,黄冈市,黄梅县,湖北省黄冈市黄梅县孔垅镇新安村,,,,,115.912483,29.882742
湖北省黄梅县无量光寺,汉语系,释圣缘,,湖北省,黄冈市,黄梅县,湖北省黄冈市黄梅县新开镇单坝塆村,,,,,115.847321,29.768202
湖北省黄梅县明镜寺,汉语系,释行胜,2008-12-16,湖北省,黄冈市,黄梅县,湖北省黄冈市黄梅县大河镇栗园村,,,,,115.840813,30.088972
湖北省黄梅县普济古寺,汉语系,释常慧,,湖北省,黄冈市,黄梅县,湖北省黄冈市黄梅县小池镇普济宫村,,,,,116.016479,29.760042
湖北省黄梅县杨泗庙,汉语系,释了脱,,湖北省,黄冈市,黄梅县,湖北省黄冈市黄梅县孔垅镇西厢大道,,,,,115.854683,29.870296
湖北省黄梅县梅山寺,汉语系,释法娟,2008-04-30,湖北省,黄冈市,黄梅县,湖北省黄冈市黄梅县黄梅镇火车站旁,,,,,115.939072,30.073122
湖北省黄梅县江心寺,汉语系,释愿明,2008-04-30,湖北省,黄冈市,黄梅县,湖北省黄冈市黄梅县蔡山镇蔡山村,,,,,115.792633,29.882021
湖北省黄梅县煊立寺,汉语系,释演道,,湖北省,黄冈市,黄梅县,湖北省黄冈市黄梅县小池镇王世九村,,,,,116.015800,29.792360
湖北省黄梅县玉华寺,汉语系,释宽弘,,湖北省,黄冈市,黄梅县,湖北省黄冈市黄梅县孔垄镇孔东村,,,,,115.976822,29.867283
湖北省黄梅县玉龙寺,汉语系,释演柱,,湖北省,黄冈市,黄梅县,湖北省黄冈市黄梅县刘佐乡梅中湾村,,,,,116.115761,29.830370
湖北省黄梅县紫竹庵,汉语系,释传霞,2008-04-30,湖北省,黄冈市,黄梅县,湖北省黄冈市黄梅县孔垅镇德化村,,,,,115.918121,29.879702
湖北省黄梅县芦花庵,汉语系,释宏用,,湖北省,黄冈市,黄梅县,湖北省黄冈市黄梅县大河镇四祖寺村,,,,,115.798012,30.119162
湖北省黄梅县菩提寺,汉语系,释法堂,,湖北省,黄冈市,黄梅县,湖北省黄冈市黄梅县苦竹乡七里畈村,,,,,115.908859,30.122971
湖北省黄梅县西庙,汉语系,释演广,,湖北省,黄冈市,黄梅县,湖北省黄冈市黄梅县独山镇大坝村,,,,,116.046524,30.072071
湖北省黄梅县观音寺,汉语系,释常禅,,湖北省,黄冈市,黄梅县,湖北省黄冈市黄梅县下新镇下新社区,,,,,116.016853,29.985672
湖北省黄梅县迥龙寺,汉语系,释演华,,湖北省,黄冈市,黄梅县,湖北省黄冈市黄梅县小池镇新河桥村,,,,,115.994514,29.769352
湖北省黄梅县高山寺,汉语系,释德玉,,湖北省,黄冈市,黄梅县,湖北省黄冈市黄梅县大河镇吴箭楼村,,,,,115.819580,30.157541
湖北省黄梅县鸡鸣寺,汉语系,释传云,,湖北省,黄冈市,黄梅县,湖北省黄冈市黄梅县黄梅镇城乡居委会,,,,,115.949509,30.065290
湖北省黄梅县龙华寺,汉语系,释耀智,,湖北省,黄冈市,黄梅县,湖北省黄冈市黄梅县黄梅镇建陶路,,,,,115.945129,30.082569
湖北黄梅五祖寺,汉语系,释正慈,2013-08-28,湖北省,黄冈市,黄梅县,湖北省黄冈市黄梅县五祖镇一天门社区,,,,,115.947357,30.163076
湖北黄梅四祖寺,汉语系,释明基,2008-04-30,湖北省,黄冈市,黄梅县,湖北省黄冈市黄梅县大河镇四祖村,,,,,115.798798,30.119822
湖北黄梅妙乐禅寺,汉语系,释妙乐,,湖北省,黄冈市,黄梅县,湖北省黄冈市黄梅县小池镇妙乐村,,,,,116.001251,29.793671
湖北黄梅老祖寺,汉语系,释崇延,2008-12-06,湖北省,黄冈市,黄梅县,湖北省黄冈市黄梅县苦竹乡挪步园紫云山,,,,,115.827408,30.219362
湖北省黄州区三官寺,汉语系,释坚海,2008-04-30,湖北省,黄冈市,黄州区,湖北省黄冈市黄州区禹王办事处唐家渡村,,,,,114.846039,30.530872
湖北省黄州区东岳庙,汉语系,释常华,2008-04-30,湖北省,黄冈市,黄州区,湖北省黄冈市黄州区陶店乡幸福村,,,,,114.999786,30.537430
湖北省黄州区东狱府,汉语系,释妙进,2008-04-30,湖北省,黄冈市,黄州区,湖北省黄冈市黄州区陶店乡霸城山村,,,,,115.015480,30.527523
湖北省黄州区丰和寺,汉语系,释持宝,2008-04-30,湖北省,黄冈市,黄州区,湖北省黄冈市黄州区堵城镇老街村,,,,,114.905067,30.546173
湖北省黄州区仙庄寺,汉语系,释印明,2008-04-30,湖北省,黄冈市,黄州区,湖北省黄冈市黄州区陈策楼镇擂鼓山村,,,,,115.043610,30.614672
湖北省黄州区半偈庵,汉语系,释密定,2008-04-30,湖北省,黄冈市,黄州区,湖北省黄冈市黄州区东湖街道办事处汪家墩社区,,,,,114.895790,30.420004
湖北省黄州区四官寺,汉语系,释智昌,2008-04-30,湖北省,黄冈市,黄州区,湖北省黄冈市黄州区路口镇李家寨村,,,,,114.996391,30.464672
湖北省黄州区四官殿,汉语系,释觉真,2013-05-30,湖北省,黄冈市,黄州区,湖北省黄冈市黄州区路口镇李家寨村,,,,,114.996391,30.464672
湖北省黄州区城隍寺,汉语系,释传海,2008-04-30,湖北省,黄冈市,黄州区,湖北省黄冈市黄州区陈策楼镇阮家湾村,,,,,115.058769,30.578072
湖北省黄州区太平寺,汉语系,释仁智,2008-04-30,湖北省,黄冈市,黄州区,湖北省黄冈市黄州区禹王办事处太平寺村,,,,,114.901520,30.511761
湖北省黄州区嵩隐寺,汉语系,释妙悟,2008-04-30,湖北省,黄冈市,黄州区,湖北省黄冈市黄州区陈策楼镇杜家林村,,,,,115.015907,30.545740
湖北省黄州区延龄寺,汉语系,释顿晓,2013-05-30,湖北省,黄冈市,黄州区,湖北省黄冈市黄州区路口镇丁甲村,,,,,114.971771,30.507042
湖北省黄州区护国寺,汉语系,释理悟,2008-04-30,湖北省,黄冈市,黄州区,湖北省黄冈市黄州区陈策楼镇王家店村,,,,,115.029968,30.600212
湖北省黄州区接渡寺,汉语系,释真才,2008-12-16,湖北省,黄冈市,黄州区,湖北省黄冈市黄州区东湖办六福湾社区,,,,,114.952217,30.427252
湖北省黄州区极乐寺,汉语系,释德华,2008-12-16,湖北省,黄冈市,黄州区,湖北省黄冈市黄州区陈策楼镇陈家寨村,,,,,115.054024,30.565361
湖北省黄州区枫香寺,汉语系,释见性,2008-04-30,湖北省,黄冈市,黄州区,湖北省黄冈市黄州区禹王办事处枫香桥村,,,,,114.885254,30.522182
湖北省黄州区甘露寺,汉语系,释顿光,2008-12-16,湖北省,黄冈市,黄州区,湖北省黄冈市黄州区余家湾社区,,,,,114.898590,30.464323
湖北省黄州区白莲寺,汉语系,释顿聪,2008-04-30,湖北省,黄冈市,黄州区,湖北省黄冈市黄州区南湖办事处二队,,,,,114.973709,30.444901
湖北省黄州区白龙潭寺,汉语系,释持灯,2008-04-30,湖北省,黄冈市,黄州区,湖北省黄冈市黄州区陈策楼镇祠堂湾村,,,,,115.037361,30.548870
湖北省黄州区祖师寺,汉语系,释如福,2008-04-30,湖北省,黄冈市,黄州区,湖北省黄冈市黄州区堵城镇叶路村,,,,,114.894112,30.589220
湖北省黄州区紫竹寺,汉语系,释持吉,2008-04-30,湖北省,黄冈市,黄州区,湖北省黄冈市黄州区堵城镇外岭村,,,,,114.886383,30.551540
湖北省黄州区莲华寺,汉语系,释妙琴,2008-04-30,湖北省,黄冈市,黄州区,湖北省黄冈市黄州区路口镇丁甲村,,,,,114.971771,30.507042
湖北省黄州区莲花庵,汉语系,释六智,2008-04-30,湖北省,黄冈市,黄州区,湖北省黄冈市黄州区安国寺路,,,,,114.874733,30.441130
湖北省黄州区观音寺,汉语系,释演琴,2008-04-30,湖北省,黄冈市,黄州区,湖北省黄冈市黄州区赤壁办事处桐梓岗社区,,,,,114.894890,30.457983
湖北省黄州区霸城寺,汉语系,释妙行,2008-12-16,湖北省,黄冈市,黄州区,湖北省黄冈市黄州区陶店乡霸城山村,,,,,115.015480,30.527523
湖北省黄州区静修禅寺,汉语系,释智禅,2008-04-30,湖北省,黄冈市,黄州区,湖北省黄冈市黄州区东湖办事处长江社区,,,,,114.917084,30.420555
湖北省黄州区龙岭寺,汉语系,释慧丰,2008-12-16,湖北省,黄冈市,黄州区,湖北省黄冈市黄州区堵城镇龙王村,,,,,114.901009,30.535522
湖北省黄州区龙泉寺,汉语系,释谷雨,2008-04-30,湖北省,黄冈市,黄州区,湖北省黄冈市黄州区陈策楼镇六庙村,,,,,115.007439,30.564831
湖北省黄州区龙皇寺,汉语系,释光和,2008-12-16,湖北省,黄冈市,黄州区,湖北省黄冈市黄州区赤壁街道办事处建新社区,,,,,114.886436,30.427265
湖北省黄州安国禅寺,汉语系,释崇谛,2008-04-30,湖北省,黄冈市,黄州区,湖北省黄冈市黄州区安国寺路,,,,,114.874733,30.441130
湖北省罗田县三界寺,汉语系,释印善,,湖北省,黄冈市,罗田县,湖北省黄冈市罗田县匡河镇王家垸村,,,,,115.562080,30.698233
湖北省罗田县三里畈镇大王庙,汉语系,释智雄,,湖北省,黄冈市,罗田县,湖北省黄冈市罗田县三里畈镇长源冲村,,,,,115.366608,30.817671
湖北省罗田县中台禅寺,汉语系,释常隆,2008-04-30,湖北省,黄冈市,罗田县,湖北省黄冈市罗田县凤山镇鲇鱼丘村,,,,,115.424019,30.868280
湖北省罗田县义水寺,汉语系,释法兵,,湖北省,黄冈市,罗田县,湖北省黄冈市罗田县匡河镇莲花林村5组,,,,,115.605324,30.773293
湖北省罗田县九资河镇东岳府,汉语系,释印安,2008-04-30,湖北省,黄冈市,罗田县,湖北省黄冈市罗田县九资河镇罗家畈村,,,,,115.653282,31.149082
湖北省罗田县九资河镇观音寺,汉语系,释印树,2008-04-30,湖北省,黄冈市,罗田县,湖北省黄冈市罗田县九资河镇黄石河村,,,,,115.677399,31.055721
湖北省罗田县云盖山慈云寺,汉语系,释印广,,湖北省,黄冈市,罗田县,湖北省黄冈市罗田县大河岸镇杨家坪村,,,,,115.485718,30.843861
湖北省罗田县五显庙,汉语系,释惟善,2008-04-30,湖北省,黄冈市,罗田县,湖北省黄冈市罗田县三里畈镇六家坳村,,,,,115.329590,30.793306
湖北省罗田县什三庙,汉语系,释法珍,,湖北省,黄冈市,罗田县,湖北省黄冈市罗田县凤山镇合家畈村,,,,,115.365189,30.764751
湖北省罗田县仁圣禅寺,汉语系,释斯国,,湖北省,黄冈市,罗田县,湖北省黄冈市罗田县胜利镇方家坳村,,,,,115.459091,31.111320
湖北省罗田县今古禅寺,汉语系,释印光,2008-04-30,湖北省,黄冈市,罗田县,湖北省黄冈市罗田县三里畈镇七道河村,,,,,115.303322,30.898241
湖北省罗田县凤山镇慈云寺,汉语系,释智愿,2008-04-30,湖北省,黄冈市,罗田县,湖北省黄冈市罗田县凤山镇桥南村,,,,,115.394791,30.774162
湖北省罗田县双河寺,汉语系,释法辉,2008-04-30,湖北省,黄冈市,罗田县,湖北省黄冈市罗田县白庙河镇白庙河村,,,,,115.608757,30.998041
湖北省罗田县园通寺,汉语系,释印悟,2008-04-30,湖北省,黄冈市,罗田县,湖北省黄冈市罗田县凤山镇蔬菜村,,,,,115.399048,30.791313
湖北省罗田县大士阁,汉语系,释法智,2008-04-30,湖北省,黄冈市,罗田县,湖北省黄冈市罗田县凤山镇土门坳村,,,,,115.383781,30.774210
湖北省罗田县大河岸镇药王庙,汉语系,释印昭,,湖北省,黄冈市,罗田县,湖北省黄冈市罗田县大河岸镇姚家咀村,,,,,115.545494,30.887611
湖北省罗田县天恩寺,汉语系,释德照,,湖北省,黄冈市,罗田县,湖北省黄冈市罗田县三里畈镇宜林村,,,,,115.324791,30.816360
湖北省罗田县天竺庵,汉语系,释法哉,2008-04-30,湖北省,黄冈市,罗田县,湖北省黄冈市罗田县平湖乡苏家山村,,,,,115.405853,30.957392
湖北省罗田县弘福庵,汉语系,释戒宏,,湖北省,黄冈市,罗田县,湖北省黄冈市罗田县平湖乡平湖村,,,,,115.364914,30.913431
湖北省罗田县慧日庵,汉语系,释印友,,湖北省,黄冈市,罗田县,湖北省黄冈市罗田县河铺镇八迪河村3组,,,,,115.487015,31.025463
湖北省罗田县撞鼓岩药王庙,汉语系,释秒丰,2008-04-30,湖北省,黄冈市,罗田县,湖北省黄冈市罗田县大河岸镇南家山村,,,,,115.472031,30.865940
湖北省罗田县文圣寺,汉语系,释印烁,,湖北省,黄冈市,罗田县,湖北省黄冈市罗田县三里畈镇汪家垅村,,,,,115.275391,30.847672
湖北省罗田县新山寺,汉语系,释印华,2008-12-16,湖北省,黄冈市,罗田县,湖北省黄冈市罗田县匡河镇黄丝铺村,,,,,115.569115,30.720243
湖北省罗田县显化寺,汉语系,释学福,,湖北省,黄冈市,罗田县,湖北省黄冈市罗田县三里畈镇古塘河村,,,,,115.285362,30.806482
湖北省罗田县普济寺,汉语系,释印阳,2008-04-30,湖北省,黄冈市,罗田县,湖北省黄冈市罗田县薄刀峰林场,,,,,115.565857,31.105162
湖北省罗田县来云寺,汉语系,释仁缘,,湖北省,黄冈市,罗田县,湖北省黄冈市罗田县白庙河镇白庙河村,,,,,115.608757,30.998041
湖北省罗田县永庆寺,汉语系,释佛原,2008-04-30,湖北省,黄冈市,罗田县,湖北省黄冈市罗田县凤山镇登场坳村,,,,,115.434128,30.804531
湖北省罗田县河铺镇东岳府,汉语系,释宽心,2008-04-30,湖北省,黄冈市,罗田县,湖北省黄冈市罗田县河铺镇姚家铺村,,,,,115.409554,30.995411
湖北省罗田县清元禅寺,汉语系,释法船（法船）,2021-09-02,湖北省,黄冈市,罗田县,湖北省黄冈市罗田县凤山镇塔山村,,,,,115.428947,30.763859
湖北省罗田县玉泉禅寺,汉语系,释持度,,湖北省,黄冈市,罗田县,湖北省黄冈市罗田县三里畈镇牌石坳村,,,,,115.340042,30.828981
湖北省罗田县玉皇寺,汉语系,释印华,2008-12-16,湖北省,黄冈市,罗田县,湖北省黄冈市罗田县匡河镇雪山河村,,,,,115.581177,30.801441
湖北省罗田县白莲河乡大王庙,汉语系,释法超,,湖北省,黄冈市,罗田县,湖北省黄冈市罗田县白莲河乡白莲河村,,,,,115.439308,30.599710
湖北省罗田县相公庙,汉语系,释印俊,2010-05-28,湖北省,黄冈市,罗田县,湖北省黄冈市罗田县白庙河镇马面冲村,,,,,115.582031,30.984501
湖北省罗田县莲花山寺,汉语系,释法清,,湖北省,黄冈市,罗田县,湖北省黄冈市罗田县匡河镇周家河村,,,,,115.498009,30.672852
湖北省罗田县观音山禅寺,汉语系,释印华,,湖北省,黄冈市,罗田县,湖北省黄冈市罗田县匡河镇观音山茶场,,,,,115.524879,30.708452
湖北省罗田县观音庙,汉语系,释印一,2008-04-30,湖北省,黄冈市,罗田县,湖北省黄冈市罗田县大河岸镇磙石坳村,,,,,115.489967,30.860022
湖北省罗田县资福禅寺,汉语系,释法正,2008-04-30,湖北省,黄冈市,罗田县,湖北省黄冈市罗田县骆驼坳镇学堂村,,,,,115.391472,30.679602
湖北省罗田县金潭寺,汉语系,释智浩,,湖北省,黄冈市,罗田县,湖北省黄冈市罗田县凤山镇河东街村,,,,,115.417824,30.789730
湖北省罗田县降风殿玉帝庙,汉语系,释印行,,湖北省,黄冈市,罗田县,湖北省黄冈市罗田县天堂寨林场,,,,,115.740723,31.095522
湖北省罗田县高庙,汉语系,释妙平,2008-04-30,湖北省,黄冈市,罗田县,湖北省黄冈市罗田县大河岸镇高庙村,,,,,115.453690,30.820051
湖北省罗田县龙泉寺,汉语系,释果中,,湖北省,黄冈市,罗田县,湖北省黄冈市罗田县平湖乡秋千厂村,,,,,115.390892,30.877329
湖北省罗田县龚福庵,汉语系,释印悟,,湖北省,黄冈市,罗田县,湖北省黄冈市罗田县河铺镇八里畈村,,,,,115.383133,30.983482
湖北省罗田显达寺,汉语系,释印祥,2008-04-30,湖北省,黄冈市,罗田县,湖北省黄冈市罗田县凤山镇大人冲村,,,,,115.479729,30.945011
麻城市东岳府,汉语系,释隆灵,2008-04-30,湖北省,黄冈市,麻城市,湖北省麻城市铁门岗乡河畈村,,,,,114.883095,31.012623
麻城市中峰寺,汉语系,释宏开,,湖北省,黄冈市,麻城市,湖北省麻城市张家畈镇狮子岩村,,,,,115.338760,30.978132
麻城市九螺山寺,汉语系,释灵源,2008-04-30,湖北省,黄冈市,麻城市,湖北省麻城市岐亭镇九螺山林场,,,,,115.297218,31.284061
麻城市九龙寺,汉语系,释净定,,湖北省,黄冈市,麻城市,湖北省麻城市阎家河柏子塔村,,,,,115.121002,31.249500
麻城市云雾山寺,汉语系,释宽明,2008-12-16,湖北省,黄冈市,麻城市,湖北省麻城市顺河镇云雾山,,,,,114.857674,31.285112
麻城市五脑山法华寺,汉语系,释果勤,,湖北省,黄冈市,麻城市,湖北省麻城市五脑山森林公园,,,,,114.997093,31.213570
麻城市佛塔山中寺,汉语系,释传清,2008-04-30,湖北省,黄冈市,麻城市,湖北省麻城市张家畈镇佛塔山村,,,,,115.336243,31.062761
麻城市圣佛寺,汉语系,释宽愿,,湖北省,黄冈市,麻城市,湖北省麻城市岐亭镇薛窖山村,,,,,114.748764,31.001970
麻城市大乘寺,汉语系,释惟亮,2008-04-30,湖北省,黄冈市,麻城市,湖北省麻城市木子店镇洗马河村,,,,,115.435829,31.286032
麻城市太子庙,汉语系,释惟顺,,湖北省,黄冈市,麻城市,湖北省麻城市阎家河镇太子庙村,,,,,115.150192,31.239311
麻城市明心寺,汉语系,释普度,2008-04-30,湖北省,黄冈市,麻城市,湖北省麻城市铁门乡凉亭村,,,,,115.107018,31.198841
麻城市杏林寺,汉语系,释净定,,湖北省,黄冈市,麻城市,湖北省麻城市岐亭镇杏花村,,,,,114.732307,31.035831
麻城市永乐庵,汉语系,释明先,,湖北省,黄冈市,麻城市,湖北省麻城市岐亭镇王奉嘴村石家岗,,,,,114.754074,31.017662
麻城市法光寺,汉语系,释宏炜,,湖北省,黄冈市,麻城市,湖北省黄冈市麻城市宋埠镇,,,,,114.808243,31.071472
麻城市百子堂,汉语系,释微妙,,湖北省,黄冈市,麻城市,湖北省麻城市岐亭镇薛窖山村,,,,,114.748764,31.001970
麻城市菩提寺,汉语系,释净兰,,湖北省,黄冈市,麻城市,湖北省黄冈市麻城市宋埠镇,,,,,114.808243,31.071472
麻城市西林禅寺,汉语系,释演缘,2008-04-30,湖北省,黄冈市,麻城市,湖北省麻城市中馆驿镇下垸村,,,,,114.893623,31.123543
麻城市观音寺,汉语系,释宏愿,2008-04-30,湖北省,黄冈市,麻城市,湖北省麻城市岐亭镇前进街,,,,,114.754074,31.017662
麻城市道慧寺,汉语系,释惟莲,2008-04-30,湖北省,黄冈市,麻城市,湖北省麻城市宋埠镇南城,,,,,114.808243,31.071472
麻城市香山寺,汉语系,释学安,2008-04-30,湖北省,黄冈市,麻城市,湖北省麻城市岐亭镇香山寺,,,,,114.698235,31.064631
麻城市高庙禅寺,汉语系,释惟贵,2008-12-16,湖北省,黄冈市,麻城市,湖北省麻城市张家畈高庙村,,,,,115.388809,31.083502
麻城市龟峰山能仁禅寺,汉语系,释演极,2008-04-30,湖北省,黄冈市,麻城市,湖北省麻城市龟峰山风景区,,,,,115.224632,31.082010
湖北省蕲春县万寿禅寺,汉语系,释悟静,2008-12-16,湖北省,黄冈市,蕲春县,湖北省黄冈市蕲春县刘河镇曾冲村,,,,,115.599747,30.229881
湖北省蕲春县东狱寺,汉语系,释弘仁,2010-05-28,湖北省,黄冈市,蕲春县,湖北省黄冈市蕲春县赤东镇朱四房村,,,,,115.481239,30.165564
湖北省蕲春县乌峰寺,汉语系,释理普,,湖北省,黄冈市,蕲春县,湖北省黄冈市蕲春县横车镇乌石山村,,,,,115.426979,30.313282
湖北省蕲春县九龙寺,汉语系,释惟灵,,湖北省,黄冈市,蕲春县,湖北省黄冈市蕲春县漕河镇枫树林居委会,,,,,115.453316,30.240225
湖北省蕲春县云盖寺,汉语系,释见光,,湖北省,黄冈市,蕲春县,湖北省黄冈市蕲春县刘河镇高潮村,,,,,115.677139,30.216091
湖北省蕲春县凤凰寺,汉语系,释常珍,,湖北省,黄冈市,蕲春县,湖北省黄冈市蕲春县管窑镇西湖里村,,,,,115.332970,30.158463
湖北省蕲春县凤山寺,汉语系,释顿义,,湖北省,黄冈市,蕲春县,湖北省黄冈市蕲春县青石镇火龙村,,,,,115.730881,30.323952
湖北省蕲春县圆峰禅寺,汉语系,释圣智,,湖北省,黄冈市,蕲春县,湖北省黄冈市蕲春县管窑镇元峰山村,,,,,115.293350,30.185362
湖北省蕲春县圆朝禅寺,汉语系,释天月,,湖北省,黄冈市,蕲春县,湖北省黄冈市蕲春县向桥乡刘寨村,,,,,115.778870,30.340361
湖北省蕲春县圣莲塔寺,汉语系,释法仁,,湖北省,黄冈市,蕲春县,湖北省黄冈市蕲春县赤东镇白河村,,,,,115.413574,30.209072
湖北省蕲春县大乘禅寺,汉语系,释宏辉,,湖北省,黄冈市,蕲春县,湖北省黄冈市蕲春县株林镇达城街,,,,,115.498642,30.367481
湖北省蕲春县大悲院,汉语系,释悟性,2013-05-06,湖北省,黄冈市,蕲春县,湖北省黄冈市蕲春县刘河镇蔡寿村,,,,,115.668144,30.230711
湖北省蕲春县大竺寺,汉语系,释宽学,,湖北省,黄冈市,蕲春县,湖北省黄冈市蕲春县刘河镇飞跃村,,,,,115.559410,30.224321
湖北省蕲春县太子寺,汉语系,释明禅,2010-05-28,湖北省,黄冈市,蕲春县,湖北省黄冈市蕲春县横车镇张冲村,,,,,115.389160,30.339212
湖北省蕲春县太平寺,汉语系,释宽愿,,湖北省,黄冈市,蕲春县,湖北省黄冈市蕲春县刘河镇胡海村,,,,,115.552193,30.278440
湖北省蕲春县广教禅寺,汉语系,释龙圆,,湖北省,黄冈市,蕲春县,湖北省黄冈市蕲春县横车镇西驿村,,,,,115.421371,30.266361
湖北省蕲春县弘慧寺,汉语系,释能旺,,湖北省,黄冈市,蕲春县,湖北省黄冈市蕲春县张榜镇大同司村,,,,,115.763680,30.374863
湖北省蕲春县手巾庵,汉语系,释演良,,湖北省,黄冈市,蕲春县,湖北省黄冈市蕲春县向桥乡宋树村,,,,,115.842064,30.356043
湖北省蕲春县昭化寺,汉语系,释顿天,,湖北省,黄冈市,蕲春县,湖北省黄冈市蕲春县蕲州镇红石头居委会,,,,,115.353752,30.075010
湖北省蕲春县普渡寺,汉语系,释常春,,湖北省,黄冈市,蕲春县,湖北省黄冈市蕲春县八里湖白堰大队,,,,,115.381226,30.135450
湖北省蕲春县武圣宫,汉语系,释隆成,,湖北省,黄冈市,蕲春县,湖北省黄冈市蕲春县蕲州镇一关街,,,,,115.342903,30.074532
湖北省蕲春县法雨寺,汉语系,释悟常,,湖北省,黄冈市,蕲春县,湖北省黄冈市蕲春县檀林镇麒麟村,,,,,115.864922,30.513611
湖北省蕲春县溪山寺,汉语系,释果光,2008-12-16,湖北省,黄冈市,蕲春县,湖北省黄冈市蕲春县青石镇芭茅街村,,,,,115.732109,30.353180
湖北省蕲春县白云寺,汉语系,释印证,,湖北省,黄冈市,蕲春县,湖北省黄冈市蕲春县刘河镇牌楼村,,,,,115.569839,30.277163
湖北省蕲春县石鼓寺,汉语系,释正修,,湖北省,黄冈市,蕲春县,湖北省黄冈市蕲春县赤东镇范铺村,,,,,115.437302,30.195042
湖北省蕲春县秀云禅寺,汉语系,释顿法,,湖北省,黄冈市,蕲春县,湖北省黄冈市蕲春县赤东镇朱四房村,,,,,115.481239,30.165564
湖北省蕲春县茅山大王庙,汉语系,释清桂,,湖北省,黄冈市,蕲春县,湖北省黄冈市蕲春县彭思镇茅山村,,,,,115.228409,30.218639
湖北省蕲春县莲花寺,汉语系,释仁念,,湖北省,黄冈市,蕲春县,湖北省黄冈市蕲春县狮子镇赵畈村,,,,,115.689278,30.501932
湖北省蕲春县金山寺,汉语系,释理发,,湖北省,黄冈市,蕲春县,湖北省黄冈市蕲春县横车镇马华山村,,,,,115.368050,30.262232
湖北省蕲春县雨松庵,汉语系,释宽建,,湖北省,黄冈市,蕲春县,湖北省黄冈市蕲春县漕河镇杨四岭村,,,,,115.466331,30.245813
湖北省蕲春县青云禅寺,汉语系,释昌全,,湖北省,黄冈市,蕲春县,湖北省黄冈市蕲春县檀林镇陈英村,,,,,115.865387,30.495272
湖北省蕲春县高溪禅寺,汉语系,释圣光,2008-04-30,湖北省,黄冈市,蕲春县,湖北省黄冈市蕲春县青石镇芭桥村,,,,,115.745560,30.238983
湖北省蕲春县龙凤寺,汉语系,释持贤,,湖北省,黄冈市,蕲春县,湖北省黄冈市蕲春县八里湖牛皮坳村,,,,,115.357498,30.130541
湖北省蕲春县龙慧寺,汉语系,释清修,,湖北省,黄冈市,蕲春县,湖北省黄冈市蕲春县八里湖龙凤山林场,,,,,115.357498,30.130541
湖北省蕲春县龙钦寺,汉语系,释宽忍,,湖北省,黄冈市,蕲春县,湖北省黄冈市蕲春县漕河镇夏漕居委会,,,,,115.441513,30.243761
湖北省蕲春县龟山寺,汉语系,释宽雨,,湖北省,黄冈市,蕲春县,湖北省黄冈市蕲春县漕河镇飞跃村,,,,,115.572853,30.251652
团风县云龙寺,汉语系,释辉祥,,湖北省,黄冈市,团风县,湖北省黄冈市团风县但店镇丰家大湾村,,,,,115.198235,30.774994
团风县会龙禅寺,汉语系,释学智,1996-08-06,湖北省,黄冈市,团风县,湖北省黄冈市团风县淋山河镇贾家田村,,,,,114.897484,30.766462
团风县但店东岳府,汉语系,释法观,,湖北省,黄冈市,团风县,湖北省黄冈市团风县但店镇锁石口村,,,,,115.184258,30.762611
团风县兴隆寺,汉语系,释坚栋,,湖北省,黄冈市,团风县,湖北省黄冈市团风县回龙山镇林家大湾村,,,,,114.986053,30.641479
团风县净明寺,汉语系,释持清,2008-12-30,湖北省,黄冈市,团风县,湖北省黄冈市团风县上巴河镇许家河口村,,,,,115.106071,30.678972
团风县古观音寺,汉语系,释法学,2008-12-30,湖北省,黄冈市,团风县,湖北省黄冈市团风县但店镇捉马岗村,,,,,115.171349,30.779871
团风县吉云寺,汉语系,释学意,2008-12-30,湖北省,黄冈市,团风县,湖北省黄冈市团风县淋山河镇井边寨村,,,,,114.893250,30.755411
团风县同善寺,汉语系,释学经,,湖北省,黄冈市,团风县,湖北省黄冈市团风县淋山河镇土门村,,,,,114.956024,30.705502
团风县听竹寺,汉语系,释忏学,,湖北省,黄冈市,团风县,湖北省黄冈市团风县团风镇赤山桥村,,,,,114.906670,30.631802
团风县善济禅寺,汉语系,释坚光,,湖北省,黄冈市,团风县,湖北省黄冈市团风县团风镇旧街,,,,,114.869370,30.632742
团风县回龙庙,汉语系,释道学,,湖北省,黄冈市,团风县,湖北省黄冈市团风县但店镇高岗村,,,,,115.128151,30.707645
团风县圣泉寺,汉语系,释静学,2008-12-30,湖北省,黄冈市,团风县,湖北省黄冈市团风县贾庙乡仁崇村,,,,,115.087090,30.794401
团风县大势至寺,汉语系,释仁学,,湖北省,黄冈市,团风县,湖北省黄冈市团风县团风镇独鼻嘴村,,,,,114.869370,30.632742
团风县宏福寺,汉语系,释密慧,,湖北省,黄冈市,团风县,湖北省黄冈市团风县团风镇化机厂,,,,,114.877045,30.626844
团风县宝华寺,汉语系,释精品,2008-12-30,湖北省,黄冈市,团风县,湖北省黄冈市团风县上巴河镇八里畈村,,,,,115.121391,30.689051
团风县弥陀寺,汉语系,释印宏,2008-12-30,湖北省,黄冈市,团风县,湖北省黄冈市团风县淋山河镇张家畈村,,,,,114.890862,30.743742
团风县文佛寺,汉语系,释慈学,2008-12-30,湖北省,黄冈市,团风县,湖北省黄冈市团风县总路嘴镇双河口村,,,,,115.078308,30.713442
团风县文昌阁,汉语系,释文学,,湖北省,黄冈市,团风县,湖北省黄冈市团风县淋山河镇付河村,,,,,114.962051,30.738663
团风县普济寺,汉语系,释坚济,,湖北省,黄冈市,团风县,湖北省黄冈市团风县上巴河镇上巴河村,,,,,115.100113,30.648342
团风县来龙庙,汉语系,释海旭,,湖北省,黄冈市,团风县,湖北省黄冈市团风县团风镇来龙庙村,,,,,114.891800,30.639353
团风县杨庙寺,汉语系,释道学,,湖北省,黄冈市,团风县,湖北省黄冈市团风县但店镇杨庙村,,,,,115.110710,30.727114
团风县松溪寺,汉语系,释心律,,湖北省,黄冈市,团风县,湖北省黄冈市团风县淋山河镇付河村,,,,,114.962051,30.738663
团风县法雨寺,汉语系,释果花,2008-12-30,湖北省,黄冈市,团风县,湖北省黄冈市团风县马曹庙镇薛坳村,,,,,114.990868,30.664303
团风县淋山河东岳府,汉语系,释稳学,,湖北省,黄冈市,团风县,湖北省黄冈市团风县淋山河镇凤凰村,,,,,114.860252,30.730301
团风县牛王寺,汉语系,释道开,2008-12-30,湖北省,黄冈市,团风县,湖北省黄冈市团风县回龙山镇吴家大湾村,,,,,114.940125,30.561653
团风县百福寺,汉语系,释仁吉,,湖北省,黄冈市,团风县,湖北省黄冈市团风县马曹庙镇,,,,,115.024460,30.655724
团风县眠龙寺,汉语系,释银学,,湖北省,黄冈市,团风县,湖北省黄冈市团风县淋山河镇眠龙村,,,,,114.992538,30.737223
团风县竹陂寺,汉语系,释常德,,湖北省,黄冈市,团风县,湖北省黄冈市团风县上巴河镇十八坡村,,,,,115.082138,30.646301
团风县群龙寺,汉语系,释延净,,湖北省,黄冈市,团风县,湖北省黄冈市团风县但店镇五一林场,,,,,115.184258,30.762611
团风县能严寺,汉语系,释智亮,,湖北省,黄冈市,团风县,湖北省黄冈市团风县团风镇金鸡山村,,,,,114.939812,30.641623
团风县药王寺,汉语系,释坚先,,湖北省,黄冈市,团风县,湖北省黄冈市团风县但店镇双虎山村,,,,,115.184258,30.762611
团风县观音寺,汉语系,释妙琼,,湖北省,黄冈市,团风县,湖北省黄冈市团风县马曹庙镇官塘村,,,,,115.024460,30.655724
团风县赤脚寺,汉语系,释持念,,湖北省,黄冈市,团风县,湖北省黄冈市团风县团风镇王家坊村,,,,,114.816933,30.727282
团风县隆兴寺,汉语系,释圣容,2008-12-30,湖北省,黄冈市,团风县,湖北省黄冈市团风县总路嘴镇锥子河村,,,,,115.091209,30.699972
团风县马曹庙古刹,汉语系,释妙琼,,湖北省,黄冈市,团风县,湖北省黄冈市团风县马曹庙镇,,,,,115.024460,30.655724
团风县龙山寺,汉语系,释光静,,湖北省,黄冈市,团风县,湖北省黄冈市团风县回龙山镇,,,,,114.978813,30.609152
团风县龙泉寺,汉语系,释悟光,,湖北省,黄冈市,团风县,湖北省黄冈市团风县方高坪镇林场,,,,,114.929062,30.681862
武穴市妙音寺,汉语系,释觉灯,,湖北省,黄冈市,武穴市,湖北省黄冈市武穴市刊江办事处泉塘村仙姑山,,,,,115.564148,29.850281
湖北省武穴市万法寺,汉语系,释宏觉,,湖北省,黄冈市,武穴市,湖北省武穴市花桥镇花桥社区居委会,,,,,115.725967,30.008520
湖北省武穴市万福寺,汉语系,释智德,1996-11-07,湖北省,黄冈市,武穴市,湖北省武穴市武穴办事处二里半村,,,,,115.580048,29.852720
湖北省武穴市乌林寺,汉语系,释妙智,,湖北省,黄冈市,武穴市,湖北省武穴市田镇办事处韩垸村乌林寺,,,,,115.470428,29.871574
湖北省武穴市云栖寺,汉语系,释证净,,湖北省,黄冈市,武穴市,湖北省武穴市螺旋路云栖寺,,,,,115.557747,29.854708
湖北省武穴市仁寿寺,汉语系,释乾光,1996-11-07,湖北省,黄冈市,武穴市,湖北省武穴市四望镇德里桥村仁寿寺,,,,,115.545540,29.963091
湖北省武穴市公兴庵,汉语系,释印通,2000-11-07,湖北省,黄冈市,武穴市,湖北省武穴市龙坪镇沙墩村公兴庵,,,,,115.736938,29.886871
湖北省武穴市古佛寺,汉语系,释戒栋,2004-11-07,湖北省,黄冈市,武穴市,湖北省武穴市花桥镇团山河村,,,,,115.743637,30.016413
湖北省武穴市古林寺,汉语系,释果清,,湖北省,黄冈市,武穴市,湖北省武穴市龙坪镇下冯村,,,,,115.627800,29.861530
湖北省武穴市吕祖寺,汉语系,释法贤,,湖北省,黄冈市,武穴市,湖北省黄冈市武穴市梅川镇正街吕祖寺,,,,,115.563591,29.845421
湖北省武穴市四祖禅院,汉语系,释惟森,2004-11-07,湖北省,黄冈市,武穴市,湖北省黄冈市武穴市横岗山,,,,,115.684769,30.182421
湖北省武穴市圆通寺,汉语系,释传望,1996-11-07,湖北省,黄冈市,武穴市,湖北省武穴市龙坪镇下冯村圆通寺,,,,,115.627800,29.861530
湖北省武穴市复兴寺,汉语系,释法雨,,湖北省,黄冈市,武穴市,湖北省武穴市大法寺镇刘主山复兴寺,,,,,115.482330,29.948761
湖北省武穴市天台寺,汉语系,释觉灯,,湖北省,黄冈市,武穴市,湖北省武穴市梅川镇胡立村,,,,,115.657288,30.093781
湖北省武穴市宝圣寺,汉语系,释果有,,湖北省,黄冈市,武穴市,湖北省武穴市花桥镇团山河村狮子山,,,,,115.743637,30.016413
湖北省武穴市广缘寺,汉语系,释正义,,湖北省,黄冈市,武穴市,湖北省武穴市万丈湖办事处黄湖村,,,,,115.719589,29.895641
湖北省武穴市慧元寺,汉语系,释乾光,,湖北省,黄冈市,武穴市,湖北省武穴市大金镇草鞋岭村,,,,,115.588638,29.995911
湖北省武穴市报恩寺,汉语系,释觉灯,,湖北省,黄冈市,武穴市,湖北省武穴市梅川镇解金坡村,,,,,115.607704,30.059860
湖北省武穴市普济寺,汉语系,释应悟,,湖北省,黄冈市,武穴市,湖北省武穴市武穴办事处李顶武村,,,,,115.532654,29.848473
湖北省武穴市林隐寺,汉语系,释觉灯,1988-11-07,湖北省,黄冈市,武穴市,湖北省黄冈市武穴市余川镇横岗山,,,,,115.735558,30.085052
湖北省武穴市栖贤寺,汉语系,释空修,1996-11-07,湖北省,黄冈市,武穴市,湖北省黄冈市武穴市梅川镇蔡垸,,,,,115.607620,30.110052
湖北省武穴市正觉寺,汉语系,释传望,,湖北省,黄冈市,武穴市,湖北省武穴市梅川镇铜古村铜古寨,,,,,115.586441,30.152224
湖北省武穴市武圣寺,汉语系,释昌恒,,湖北省,黄冈市,武穴市,湖北省武穴市梅川镇桑梓园村武圣寺,,,,,115.605782,30.124741
湖北省武穴市水府寺,汉语系,释法贤,2000-11-07,湖北省,黄冈市,武穴市,湖北省武穴市花桥镇向垸村水府寺,,,,,115.798294,29.976427
湖北省武穴市永宁寺,汉语系,释照愿,2008-11-07,湖北省,黄冈市,武穴市,湖北省武穴市梅川镇杨铺村,,,,,115.656822,30.083462
湖北省武穴市牛关古刹,汉语系,释传海,2004-11-07,湖北省,黄冈市,武穴市,湖北省武穴市田镇办事处田镇村牛关矶,,,,,115.415520,29.930391
湖北省武穴市甘霖寺,汉语系,释传法,,湖北省,黄冈市,武穴市,湖北省武穴市太子庙路86号,,,,,115.567978,29.862499
湖北省武穴市白法庵,汉语系,释常贤,,湖北省,黄冈市,武穴市,湖北省武穴市花桥镇花桥村白法庵,,,,,115.726921,30.011082
湖北省武穴市石门寺,汉语系,释来一,,湖北省,黄冈市,武穴市,湖北省武穴市四望镇四望山石门寺,,,,,115.558594,30.024412
湖北省武穴市禅居寺,汉语系,释传仁,,湖北省,黄冈市,武穴市,湖北省武穴市花桥镇郑公塔街道禅居寺,,,,,115.781410,30.007193
湖北省武穴市罗汉寺,汉语系,释照智,,湖北省,黄冈市,武穴市,湖北省武穴市花桥镇杨二岭村横山头垸,,,,,115.668098,30.029871
湖北省武穴市荆林寺,汉语系,释耀德,1996-11-07,湖北省,黄冈市,武穴市,湖北省武穴市石佛寺镇武山寨村,,,,,115.605377,29.925041
湖北省武穴市象山寺,汉语系,释演广,1996-11-07,湖北省,黄冈市,武穴市,湖北省武穴市田镇办事处上郭村上郭垸,,,,,115.612274,29.912582
湖北省武穴市迎龙寺,汉语系,释印通,,湖北省,黄冈市,武穴市,湖北省武穴市花桥镇下彭村迎龙寺,,,,,115.768990,30.005100
湖北省武穴市镇流寺,汉语系,释法辉,2008-11-07,湖北省,黄冈市,武穴市,湖北省武穴市花桥镇兰杰村,,,,,115.746819,30.006630
湖北省武穴市长春寺,汉语系,释印明,2004-11-07,湖北省,黄冈市,武穴市,湖北省黄冈市武穴市龙坪镇牌楼下垸,,,,,115.697350,29.866333
湖北省武穴市面佛寺,汉语系,释正义,,湖北省,黄冈市,武穴市,湖北省武穴市余川镇孙弄村面佛寺,,,,,115.746864,30.078001
湖北省武穴市马口寺,汉语系,释演悟,,湖北省,黄冈市,武穴市,湖北省武穴市大法寺镇大屋雷村马口寺,,,,,115.491737,29.916262
湖北省武穴市高峰寺,汉语系,释演慧,2000-11-07,湖北省,黄冈市,武穴市,湖北省武穴市四望镇南仲村高峰寺,,,,,115.503662,30.040201
湖北省武穴市黄牙寺,汉语系,释果檀,,湖北省,黄冈市,武穴市,湖北省武穴市花桥镇兰杰村,,,,,115.746819,30.006630
湖北省武穴市龙池寺,汉语系,释照志,,湖北省,黄冈市,武穴市,湖北省武穴市花桥镇冲里村,,,,,115.662140,30.019613
湖北省武穴市龙隐寺,汉语系,释觉灯,,湖北省,黄冈市,武穴市,湖北省武穴市武穴办事处上河街特5#,,,,,115.544403,29.849119
浠水县丁司当五祖古刹,汉语系,释持度,,湖北省,黄冈市,浠水县,湖北省黄冈市浠水县丁司垱镇油铺咀村,,,,,115.312248,30.414940
浠水县丁司当天宝寺,汉语系,释智恩（李正华）,,湖北省,黄冈市,浠水县,湖北省黄冈市浠水县丁司当镇羊井村,,,,,115.271599,30.384851
浠水县丁司当天寿寺,汉语系,释头元,2008-04-30,湖北省,黄冈市,浠水县,湖北省黄冈市浠水县丁司当镇天堂寨村,,,,,115.323753,30.392210
浠水县丁司当太平禅寺,汉语系,释演梅,,湖北省,黄冈市,浠水县,湖北省黄冈市浠水县丁司垱镇路庙铺村,,,,,115.323280,30.342831
浠水县丁司当广佑禅寺,汉语系,释能道（李乾山）,2008-04-30,湖北省,黄冈市,浠水县,湖北省黄冈市浠水县丁司垱镇太子庙村,,,,,115.284531,30.388971
浠水县丁司当雨济寺,汉语系,释妙存,,湖北省,黄冈市,浠水县,湖北省黄冈市浠水县丁司当镇苏家窑村,,,,,115.297668,30.421621
浠水县三祖天然禅寺,汉语系,释隆可,,湖北省,黄冈市,浠水县,湖北省黄冈市浠水县国营天然寺林场,,,,,115.245422,30.317532
浠水县兰溪东泉寺,汉语系,释能成,,湖北省,黄冈市,浠水县,湖北省黄冈市浠水县兰溪镇花鼓石村,,,,,115.164284,30.356461
浠水县兰溪九龙庵,汉语系,释真静,2008-04-30,湖北省,黄冈市,浠水县,湖北省黄冈市浠水县兰溪镇遇家岭村,,,,,115.148582,30.348871
浠水县兰溪济度寺,汉语系,释成兴（张秀珍）,,湖北省,黄冈市,浠水县,湖北省黄冈市浠水县兰溪镇藕塘角村,,,,,115.213440,30.394361
浠水县兰溪莲花山寺,汉语系,释妙银,2008-04-30,湖北省,黄冈市,浠水县,湖北省黄冈市浠水县兰溪镇南冲村,,,,,115.169464,30.326071
浠水县南城大觉寺,汉语系,释能如（刘桂兰）,,湖北省,黄冈市,浠水县,湖北省黄冈市浠水县南城胡弄社区,,,,,115.241631,30.433971
浠水县南城育麟庵,汉语系,释演清（叶桂花）,,湖北省,黄冈市,浠水县,湖北省黄冈市浠水县南城南岳庙村8组,,,,,115.266800,30.442112
浠水县南城药王庙,汉语系,释隆德（杨培胜）,,湖北省,黄冈市,浠水县,湖北省黄冈市浠水县南城道人桥社区,,,,,115.281563,30.451803
浠水县南城青龙庙,汉语系,释顿慧（朱建华）,,湖北省,黄冈市,浠水县,湖北省黄冈市浠水县南城云路口社区,,,,,115.271744,30.444441
浠水县四祖平安寺,汉语系,释月成,,湖北省,黄冈市,浠水县,湖北省黄冈市浠水县关口镇李河村,,,,,115.350372,30.646410
浠水县团陂万寿寺,汉语系,释妙济,,湖北省,黄冈市,浠水县,湖北省黄冈市浠水县团陂镇姜堰村,,,,,115.215874,30.667341
浠水县团陂回春寺,汉语系,释妙顺（陈斌生）,,湖北省,黄冈市,浠水县,湖北省黄冈市浠水县团陂镇花埠山村,,,,,115.198425,30.710432
浠水县团陂城隍庙,汉语系,释演空（何爱华）,,湖北省,黄冈市,浠水县,湖北省黄冈市浠水县团陂镇郭港村,,,,,115.226334,30.727772
浠水县城山师谷胜乘寺,汉语系,释智晖,,湖北省,黄冈市,浠水县,湖北省黄冈市浠水县巴河镇城山村,,,,,115.153358,30.467142
浠水县巴河三元寺,汉语系,释隆琏,,湖北省,黄冈市,浠水县,湖北省黄冈市浠水县巴河镇徐家林村,,,,,115.040741,30.432510
浠水县巴河凌佳寺,汉语系,释妙韦（韦建华）,,湖北省,黄冈市,浠水县,湖北省黄冈市浠水县巴河镇汤铺村,,,,,115.082657,30.520121
浠水县巴河城隍庙,汉语系,释常秉,,湖北省,黄冈市,浠水县,湖北省黄冈市浠水县巴河镇马骑山村,,,,,115.022484,30.428030
浠水县巴河调军山寺,汉语系,释妙仁（任初中）,,湖北省,黄冈市,浠水县,湖北省黄冈市浠水县巴河镇调军山村5组,,,,,115.090744,30.421143
浠水县散花回风寺,汉语系,释妙卫（李修旺）,,湖北省,黄冈市,浠水县,湖北省黄冈市浠水县散花镇回风咀村,,,,,115.113960,30.236143
浠水县散花显扬寺,汉语系,释演龙,,湖北省,黄冈市,浠水县,湖北省黄冈市浠水县散花镇快活村,,,,,115.210289,30.326641
浠水县散花普度寺,汉语系,释果琳（王玲）,,湖北省,黄冈市,浠水县,湖北省黄冈市浠水县散花镇散花村,,,,,115.129692,30.218554
浠水县散花鹿埜庵,汉语系,释指净（刘继云）,,湖北省,黄冈市,浠水县,湖北省黄冈市浠水县散花镇鲁屋村,,,,,115.121384,30.238661
浠水县月山弥陀寺,汉语系,释能真（聂美荣）,2008-04-30,湖北省,黄冈市,浠水县,湖北省黄冈市浠水县清泉镇拔炉山村,,,,,115.218353,30.469843
浠水县极缘寺,汉语系,释妙福,,湖北省,黄冈市,浠水县,湖北省黄冈市浠水县竹瓦镇宝龙山村,,,,,115.106949,30.575123
浠水县梅山寺,汉语系,释妙峰（杨秀峰）,2008-04-30,湖北省,黄冈市,浠水县,湖北省黄冈市浠水县竹瓦镇莲花村,,,,,115.097343,30.522661
浠水县汪岗古龙寺,汉语系,释持智（袁令全）,,湖北省,黄冈市,浠水县,湖北省黄冈市浠水县汪岗镇栗寺坳村,,,,,115.203209,30.642361
浠水县汪岗广慈寺,汉语系,释理明（夏记明）,,湖北省,黄冈市,浠水县,湖北省黄冈市浠水县汪岗镇林庵村,,,,,115.251038,30.587051
浠水县汪岗月明寺,汉语系,释妙枝,,湖北省,黄冈市,浠水县,湖北省黄冈市浠水县汪岗镇黑鼠庙村,,,,,115.224174,30.560543
浠水县汪岗镇金顶寺,汉语系,释妙志（陈志雄）,2013-05-06,湖北省,黄冈市,浠水县,湖北省浠水县汪岗镇金鸡山村,,,,,115.174980,30.668621
浠水县汪岗陈庙禅寺,汉语系,释悟成,,湖北省,黄冈市,浠水县,湖北省黄冈市浠水县汪岗镇陈庙河村,,,,,115.184364,30.630873
浠水县汪岗飞鸾寺,汉语系,释理孝（谈祥华）,,湖北省,黄冈市,浠水县,湖北省黄冈市浠水县汪岗镇水雷咀村,,,,,115.246094,30.552792
浠水县洗马碧云庵,汉语系,释法强（祝芳雄）,,湖北省,黄冈市,浠水县,湖北省黄冈市浠水县洗马镇柏树村,,,,,115.429192,30.413832
浠水县清泉东岳府,汉语系,释妙川（张泽川）,2008-04-30,湖北省,黄冈市,浠水县,湖北省黄冈市浠水县清泉镇河东街村,,,,,115.283081,30.450321
浠水县清泉德兴寺,汉语系,释智诚（李锡明）,,湖北省,黄冈市,浠水县,湖北省黄冈市浠水县清泉镇壕地村1组,,,,,115.229553,30.400511
浠水县清泉药王庙,汉语系,释妙吉,,湖北省,黄冈市,浠水县,湖北省黄冈市浠水县清泉镇龙井村,,,,,115.220314,30.519203
浠水县白鹤寺,汉语系,释乘祥（袁志文）,,湖北省,黄冈市,浠水县,湖北省黄冈市浠水县丁司垱镇羊角井村,,,,,115.254097,30.378641
浠水县竹瓦崇福寺,汉语系,释果湖（何征兵）,,湖北省,黄冈市,浠水县,湖北省黄冈市浠水县竹瓦镇杨庄村八组,,,,,115.081970,30.589882
浠水县竹瓦梅兰寺,汉语系,释妙莲（周春莲）,,湖北省,黄冈市,浠水县,湖北省黄冈市浠水县竹瓦镇莲花村,,,,,115.097343,30.522661
浠水县绿杨莲花禅寺,汉语系,释法强,2008-04-30,湖北省,黄冈市,浠水县,湖北省黄冈市浠水县绿杨乡雀山村,,,,,115.615044,30.529623
浠水县绿杨高山寺,汉语系,释印超（程祖号）,,湖北省,黄冈市,浠水县,湖北省黄冈市浠水县绿杨乡龙潭村,,,,,115.546608,30.520311
浠水县芦河灵光寺,汉语系,释理智（陈春娥）,,湖北省,黄冈市,浠水县,湖北省黄冈市浠水县南城芦河村,,,,,115.728409,30.100372
浠水县莲花山万福寺,汉语系,释宽静（方瑞华）,,湖北省,黄冈市,浠水县,湖北省黄冈市浠水县兰溪镇南冲村,,,,,115.169464,30.326071
浠水县蔡河兴龙寺,汉语系,释持世,2008-04-30,湖北省,黄冈市,浠水县,湖北省黄冈市浠水县蔡河镇虎山村,,,,,115.387192,30.531351
浠水县蔡河普照寺,汉语系,释坚光,,湖北省,黄冈市,浠水县,湖北省黄冈市浠水县蔡河镇大山背村,,,,,115.376549,30.492323
浠水县蔡河镇弥陀苑,汉语系,释顿观,,湖北省,黄冈市,浠水县,湖北省浠水县蔡河镇长冲村,,,,,115.374031,30.505501
浠水县虎坳观音庵,汉语系,释妙兴,,湖北省,黄冈市,浠水县,湖北省黄冈市浠水县兰溪镇虎坳村,,,,,115.233185,30.374882
浠水县锡福禅寺,汉语系,释智定（汤定安）,,湖北省,黄冈市,浠水县,湖北省黄冈市浠水县巴河镇锡山村,,,,,115.058365,30.506813
湖北省浠水县天求禅寺,汉语系,释净辉,,湖北省,黄冈市,浠水县,湖北省黄冈市浠水县清泉镇朴树坳村,,,,,115.342392,30.473610
湖北省浠水县慈慧寺,汉语系,释能祥（能祥）,,湖北省,黄冈市,浠水县,湖北省黄冈市浠水县清泉镇张坳口村,,,,,115.237442,30.483490
湖北省浠水县斗方禅寺,汉语系,释悟清,,湖北省,黄冈市,浠水县,湖北省黄冈市浠水县白莲镇斗方山风景区,,,,,115.481201,30.566401
湖北省浠水县法源寺,汉语系,释可行（钱玉明）,,湖北省,黄冈市,浠水县,湖北省黄冈市浠水县浠水县散花镇涂墩村,,,,,115.101860,30.246431
湖北省浠水县清泉寺,汉语系,释印通,,湖北省,黄冈市,浠水县,湖北省黄冈市浠水县清泉镇十月村茶厂,,,,,115.184669,30.409790
湖北省浠水县灵惠寺,汉语系,释妙忍（鲁荣华）,,湖北省,黄冈市,浠水县,湖北省黄冈市浠水县南城姚家岭村,,,,,115.266151,30.422192
湖北省浠水县紫云禅寺,汉语系,释园明,,湖北省,黄冈市,浠水县,湖北省黄冈市浠水县三角山风景区,,,,,115.570564,30.487112
湖北省黄冈市浠水仙鹤寺,汉语系,释印海,2013-12-28,湖北省,黄冈市,浠水县,湖北省浠水县团陂镇牌楼河村1组,,,,,115.328171,30.734720
英山县东岳寺,汉语系,释戒本,,湖北省,黄冈市,英山县,湖北省黄冈市英山县杨柳湾镇土门河村九组,,,,,115.885643,30.904392
英山县乌云寺,汉语系,释应成,,湖北省,黄冈市,英山县,湖北省黄冈市英山县红山镇乌云山村二组,,,,,115.662628,30.779373
英山县云隐寺,汉语系,释正清,,湖北省,黄冈市,英山县,湖北省黄冈市英山县温泉镇北汤河村十组,,,,,115.665161,30.747730
英山县仁风寺,汉语系,释佛缘,,湖北省,黄冈市,英山县,湖北省黄冈市英山县雷家店镇五一村三组,,,,,115.761162,30.887611
英山县伽蓝寺,汉语系,释智悟,,湖北省,黄冈市,英山县,湖北省黄冈市英山县温泉镇莲花路24号,,,,,115.682638,30.733618
英山县古圣寺,汉语系,释通金,,湖北省,黄冈市,英山县,湖北省黄冈市英山县方家咀乡伯仲桥村五组,,,,,115.633476,30.669710
英山县慈云寺,汉语系,释顿宗,,湖北省,黄冈市,英山县,湖北省黄冈市英山县温泉镇北汤河村一组,,,,,115.665161,30.747730
英山县望云寺,汉语系,释法德,,湖北省,黄冈市,英山县,湖北省黄冈市英山县温泉镇白石坳村六组,,,,,115.679382,30.724161
英山县白云寺,汉语系,释印慧,1998-08-29,湖北省,黄冈市,英山县,湖北省黄冈市英山县温泉镇北汤河村二组,,,,,115.665161,30.747730
英山县莲花寺,汉语系,释衍道,1995-11-20,湖北省,黄冈市,英山县,湖北省黄冈市英山县温泉镇莲花村四组,,,,,115.687790,30.736681
英山县观音寺,汉语系,释佛缘,,湖北省,黄冈市,英山县,湖北省黄冈市英山县温泉镇坡儿脑村六组,,,,,115.676971,30.738234
英山县香山寺,汉语系,释持志,,湖北省,黄冈市,英山县,湖北省黄冈市英山县温泉镇南冲畈村七组,,,,,115.637794,30.723482
英山县黑石寺,汉语系,释法德,,湖北省,黄冈市,英山县,湖北省黄冈市英山县石头咀镇居委会四组,,,,,115.761009,30.989452
狮子洞古刹,汉语系,释头义,,湖北省,黄石市,,黄石市黄金山电视塔下,,,,,115.079842,30.187212
一律禅寺,汉语系,释能明,,湖北省,黄石市,大冶市,湖北省大冶市保安镇金塘村,,,,,114.729324,30.169922
丁山寺,汉语系,释谷云,,湖北省,黄石市,大冶市,大冶市陈贵镇铜山口村,,,,,114.832619,30.009432
三佛律寺,汉语系,释证觉,,湖北省,黄石市,大冶市,大冶市金湖街道办事处石花村,,,,,114.947983,30.067232
三元阁,汉语系,释本超,,湖北省,黄石市,大冶市,大冶市保安镇新港大道,,,,,114.743881,30.171341
三圣殿,汉语系,释性坚,,湖北省,黄石市,大冶市,大冶市金山店镇伏三村,,,,,114.811790,30.122730
三峰寺,汉语系,释谷枝,,湖北省,黄石市,大冶市,湖北省大冶市茗山乡中门村,,,,,114.764153,30.086933
三教庵,汉语系,释头转,,湖北省,黄石市,大冶市,大冶市还地桥镇松山村,,,,,114.878494,30.178513
上乐寺,汉语系,释演灵,,湖北省,黄石市,大冶市,大冶市刘仁八镇刘文武村,,,,,114.845131,29.955742
下寺,汉语系,释演宝,,湖北省,黄石市,大冶市,大冶市刘仁八镇刘仁八村,,,,,114.836792,29.935572
下马湖寺,汉语系,释乾宇,,湖北省,黄石市,大冶市,湖北省大冶市金牛镇小泉村,,,,,114.622688,29.935972
下黎庙,汉语系,释演庄,,湖北省,黄石市,大冶市,大冶市刘仁八镇东山村,,,,,114.851929,29.969351
东岳城隍庙,汉语系,释常见,,湖北省,黄石市,大冶市,大冶市东岳路街道办事处青龙塔旁,,,,,114.973694,30.088602
东岳总府,汉语系,释智悟,,湖北省,黄石市,大冶市,大冶市还地桥镇还桥村,,,,,114.832748,30.206192
东岳青龙庵,汉语系,释头清,,湖北省,黄石市,大冶市,大冶市东岳路街道办事处永胜村,,,,,114.986221,30.096300
东溪庵,汉语系,释传正,,湖北省,黄石市,大冶市,大冶市金湖街道办事处佘家畈村,,,,,114.967461,30.042353
东角寺,汉语系,释头圣,,湖北省,黄石市,大冶市,湖北省大冶市陈贵镇陈贵村,,,,,114.799507,30.045000
东鲁寺,汉语系,释常来,,湖北省,黄石市,大冶市,大冶市刘仁八镇下策村,,,,,114.842430,29.934443
义泉寺,汉语系,释果义,,湖北省,黄石市,大冶市,大冶市金湖街道办事处株林村,,,,,114.920982,30.073099
二社寺,汉语系,释演芝,,湖北省,黄石市,大冶市,大冶市刘仁八镇八角亭村,,,,,114.840828,29.918802
云封古刹,汉语系,释传梅,,湖北省,黄石市,大冶市,大冶市大箕铺镇叶家庄村,,,,,115.052208,30.037210
云封寺,汉语系,释演成,,湖北省,黄石市,大冶市,大冶市大箕铺镇叶家庄村,,,,,115.052208,30.037210
云风寺,汉语系,释果玉,,湖北省,黄石市,大冶市,湖北省大冶市灵乡镇风亭村,,,,,114.703262,30.022762
五峰寺,汉语系,释常修,,湖北省,黄石市,大冶市,大冶市金湖街道办事处角田村,,,,,114.950928,30.054853
五显庙,汉语系,释指戒,,湖北省,黄石市,大冶市,大冶市东岳路街道办事处伍桥村,,,,,115.005959,30.117451
仙云堂,汉语系,释印一,,湖北省,黄石市,大冶市,大冶市大箕铺镇石家堍村,,,,,115.016533,30.009640
仙人寺,汉语系,释证安,,湖北省,黄石市,大冶市,湖北省大冶市灵乡镇红峰村,,,,,114.744019,29.967752
仙姑庙,汉语系,释法道,,湖北省,黄石市,大冶市,大冶市大箕铺镇曹家堍村,,,,,115.019661,30.057892
仙山禅寺,汉语系,释果维,2013-05-23,湖北省,黄石市,大冶市,大冶市金山店镇仙山村,,,,,114.852180,30.113331
仙明寺,汉语系,释印桃,,湖北省,黄石市,大冶市,大冶市大箕铺镇柯大兴村,,,,,115.019058,29.998560
佛缘寺,汉语系,释指云,,湖北省,黄石市,大冶市,湖北省大冶市灵乡镇长坪村,,,,,114.743904,30.010530
修学堂,汉语系,释果忠,,湖北省,黄石市,大冶市,大冶市经济开发区罗家桥街办罗桥社区国药公司院内,,,,,114.964455,30.135853
先圣寺,汉语系,释法光,,湖北省,黄石市,大冶市,大冶市大箕铺镇石家堍村,,,,,115.016533,30.009640
六股庙,汉语系,释指万,,湖北省,黄石市,大冶市,大冶市大箕铺镇港边村,,,,,115.030792,29.975460
关公庙,汉语系,释印玉,,湖北省,黄石市,大冶市,大冶市大箕铺镇三角桥村,,,,,114.994530,30.053362
兴隆寺,汉语系,释印光,,湖北省,黄石市,大冶市,大冶市大箕铺镇邓垅村,,,,,115.008102,30.049141
兴龙寺,汉语系,释皆化,,湖北省,黄石市,大冶市,大冶市大箕铺镇八流村,,,,,115.021843,29.982801
冠山禅寺,汉语系,释常慧,2013-05-21,湖北省,黄石市,大冶市,湖北省大冶市金牛镇南城村,,,,,114.615883,30.038822
准提阁,汉语系,释头敏,,湖北省,黄石市,大冶市,湖北省大冶市保安镇友谊村,,,,,114.740562,30.170742
凤凰寺,汉语系,释能诵,,湖北省,黄石市,大冶市,大冶市大箕铺镇凤凰村,,,,,115.036812,30.068380
分夥寺,汉语系,释慈悲,,湖北省,黄石市,大冶市,大冶市还地桥镇军山村,,,,,114.829361,30.214851
刘仁八朝阳寺,汉语系,释能悟,,湖北省,黄石市,大冶市,大冶市刘仁八镇东山村,,,,,114.851929,29.969351
刘仁八镇东佛寺,汉语系,释头兴,,湖北省,黄石市,大冶市,大冶市刘仁八镇大董村,,,,,114.861557,29.938921
北山寺,汉语系,释指净,,湖北省,黄石市,大冶市,湖北省大冶市灵乡镇子山村,,,,,114.764771,29.997272
华严寺观音洞,汉语系,释法德,,湖北省,黄石市,大冶市,大冶市还地桥镇团结村,,,,,114.880028,30.162722
华严禅寺,汉语系,释道能,,湖北省,黄石市,大冶市,大冶市东岳路街道办事处青龙塔旁,,,,,114.973694,30.088602
南山寺,汉语系,释参弘,,湖北省,黄石市,大冶市,大冶市经济开发区罗家桥街办新进村,,,,,114.927376,30.134268
南泉寺,汉语系,释仁智,,湖北省,黄石市,大冶市,大冶市大箕铺镇八流村,,,,,115.021843,29.982801
双龙寺,汉语系,释果云,,湖北省,黄石市,大冶市,湖北省大冶市茗山乡天一村,,,,,114.733223,30.084991
古塘寺,汉语系,释印信,,湖北省,黄石市,大冶市,大冶市还地桥镇东庄村,,,,,114.828094,30.168303
叶家坝龙王庙,汉语系,释惟盛,2013-05-23,湖北省,黄石市,大冶市,大冶市经济开发区叶家坝村,,,,,114.979309,30.100050
周山寺,汉语系,释印修,,湖北省,黄石市,大冶市,大冶市东岳路街道办事处伍桥村,,,,,115.005959,30.117451
唐山寺,汉语系,释演洲,,湖北省,黄石市,大冶市,大冶市刘仁八镇大段村,,,,,114.868721,29.917212
四峰寺,汉语系,释法霞,,湖北省,黄石市,大冶市,大冶市大箕铺镇五里界村,,,,,115.025871,30.025311
圆通禅寺,汉语系,释莲华,,湖北省,黄石市,大冶市,大冶市金湖街道办事处石花村,,,,,114.947983,30.067232
圣祖寺,汉语系,释常缘,,湖北省,黄石市,大冶市,大冶市大箕铺镇八流村,,,,,115.021843,29.982801
地母寺,汉语系,释悟圣,,湖北省,黄石市,大冶市,湖北省大冶市殷祖镇塘下村,,,,,114.882874,29.958351
城佛堂,汉语系,释指缘,,湖北省,黄石市,大冶市,大冶市经济开发区罗家桥街办大塘洲村,,,,,114.965279,30.125280
城山禅寺,汉语系,释指洪,,湖北省,黄石市,大冶市,大冶市还地桥镇黄金湖村,,,,,114.769493,30.269581
大唐寺,汉语系,释常喜,,湖北省,黄石市,大冶市,大冶市经济开发区罗家桥街办新建村,,,,,114.905594,30.135000
大山寺,汉语系,释道通,,湖北省,黄石市,大冶市,大冶市大箕铺镇后畈村,,,,,115.025078,30.037653
大梅寺,汉语系,释德梁,,湖北省,黄石市,大冶市,湖北省大冶市灵乡镇南畈村,,,,,114.747124,29.987543
大泉古刹,汉语系,释谷近,,湖北省,黄石市,大冶市,大冶市金湖街道办事处大泉村,,,,,114.887978,30.030783
大禅古寺,汉语系,释法光,,湖北省,黄石市,大冶市,大冶市大箕铺镇新屋下村,,,,,115.001541,30.058420
大箕铺佛灵寺,汉语系,释法安,,湖北省,黄石市,大冶市,大冶市大箕铺镇石家堍村,,,,,115.016533,30.009640
大箕铺岳公祠,汉语系,释法富,,湖北省,黄石市,大冶市,大冶市大箕铺镇顶坜垴村,,,,,115.022263,30.076502
大箕铺弥勒寺,汉语系,释印宽,,湖北省,黄石市,大冶市,大冶市大箕铺镇后畈村,,,,,115.025078,30.037653
大箕铺镇三峰寺,汉语系,释印钰,2013-05-27,湖北省,黄石市,大冶市,大冶市大箕铺镇石家堍村,,,,,115.016533,30.009640
大箕铺镇观音寺,汉语系,释果兴,,湖北省,黄石市,大冶市,大冶市大箕铺镇下曹村,,,,,115.029755,30.081303
大箕铺镇观音庙,汉语系,释法德,,湖北省,黄石市,大冶市,大冶市大箕铺镇曹家堍村,,,,,115.019661,30.057892
大觉禅寺,汉语系,释果法,,湖北省,黄石市,大冶市,大冶市金山店镇仙山村,,,,,114.852180,30.113331
大龙泉寺,汉语系,释常缘,,湖北省,黄石市,大冶市,大冶市大箕铺镇石家堍村,,,,,115.016533,30.009640
天台禅林,汉语系,释谷根,,湖北省,黄石市,大冶市,大冶市陈贵镇天台山村,,,,,114.860329,30.026934
天花古刹,汉语系,释头定,,湖北省,黄石市,大冶市,大冶市东岳路街道办事处大冶大道莲花巷8号,,,,,114.973694,30.088602
天龙禅寺,汉语系,释证心,,湖北省,黄石市,大冶市,大冶市金湖街道办事处港背村,,,,,114.929878,30.009352
太尉庙,汉语系,释印果,,湖北省,黄石市,大冶市,大冶市金湖街道办事处马叫村,,,,,114.932564,30.066671
太平庵,汉语系,释南极,,湖北省,黄石市,大冶市,大冶市陈贵镇天台山村,,,,,114.860329,30.026934
官田寺,汉语系,释觉空,,湖北省,黄石市,大冶市,大冶市陈贵镇欧家港村,,,,,114.845428,30.042992
宝山寺,汉语系,释智超,,湖北省,黄石市,大冶市,湖北省大冶市殷祖镇江畈村,,,,,114.926003,29.972771
宫台古刹,汉语系,释印宽,,湖北省,黄石市,大冶市,湖北省大冶市灵乡镇宫台村,,,,,114.759422,30.011822
小暑庙,汉语系,释融胜,,湖北省,黄石市,大冶市,大冶市刘仁八镇秦垴村,,,,,114.870117,29.965622
小龙泉寺,汉语系,释演松,,湖北省,黄石市,大冶市,大冶市大箕铺镇石家堍村,,,,,115.016533,30.009640
尖山古刹,汉语系,释谷顺,,湖北省,黄石市,大冶市,大冶市金湖街道办事处宋堍村,,,,,114.942780,30.020872
尖山寺,汉语系,释德昌,,湖北省,黄石市,大冶市,大冶市刘仁八镇腰村村,,,,,114.811020,29.927002
岩山寺,汉语系,释印莲,,湖北省,黄石市,大冶市,大冶市刘仁八镇岩山村,,,,,114.836838,29.983763
崇虚禅林,汉语系,释指戒,,湖北省,黄石市,大冶市,湖北省大冶市殷祖镇巴庄村,,,,,114.899254,29.976542
平安寺,汉语系,释演松,,湖北省,黄石市,大冶市,大冶市大箕铺镇石应高村,,,,,115.045547,30.001081
广佛寺,汉语系,释谷根,,湖北省,黄石市,大冶市,大冶市经济开发区观山村,,,,,114.962532,30.100471
广王寺,汉语系,释大定,,湖北省,黄石市,大冶市,大冶市经济开发区罗桥街办港湖村,,,,,114.976051,30.143822
广王观音堂,汉语系,释演真,,湖北省,黄石市,大冶市,大冶市经济开发区下黄村,,,,,114.979691,30.108810
广讲禅寺,汉语系,释海进,,湖北省,黄石市,大冶市,大冶市金湖街道办事处黄家献村,,,,,115.001312,30.072701
度门寺,汉语系,释宽宝,,湖北省,黄石市,大冶市,湖北省大冶市殷祖镇董口村,,,,,114.917870,29.942011
弘福寺,汉语系,释印桃,,湖北省,黄石市,大冶市,大冶市大箕铺镇后畈村,,,,,115.025078,30.037653
朝阳寺,汉语系,释果慈,,湖北省,黄石市,大冶市,大冶市还地桥镇东庄村,,,,,114.828094,30.168303
木鱼寺,汉语系,释法柳,,湖北省,黄石市,大冶市,大冶市金湖街道办事处四斗粮村,,,,,114.978279,30.060572
松山寺,汉语系,释辉英,,湖北省,黄石市,大冶市,大冶市还地桥镇秀山村,,,,,114.880180,30.187561
梅山寺,汉语系,释德法,,湖北省,黄石市,大冶市,大冶市金山店镇龙口村,,,,,114.788239,30.116251
森罗寺,汉语系,释传盘,,湖北省,黄石市,大冶市,大冶市大箕铺镇八流村,,,,,115.021843,29.982801
楞严寺,汉语系,释印钰,,湖北省,黄石市,大冶市,大冶市陈贵镇铜山口村,,,,,114.832619,30.009432
武圣寺,汉语系,释悟圣,,湖北省,黄石市,大冶市,湖北省大冶市殷祖镇殷祖村,,,,,114.892471,29.958961
武圣庙,汉语系,释演修,,湖北省,黄石市,大冶市,大冶市金湖街道办事处程湾村,,,,,114.908394,30.077261
殷祖双泉寺,汉语系,释演凰,,湖北省,黄石市,大冶市,湖北省大冶市殷祖镇畈段村,,,,,114.878502,29.896170
殷祖观音寺,汉语系,释合慧,,湖北省,黄石市,大冶市,湖北省大冶市殷祖镇新屋村,,,,,114.905098,29.992321
殷祖镇三峰寺,汉语系,释悟如,2013-05-23,湖北省,黄石市,大冶市,湖北省大冶市殷祖镇花市村,,,,,114.901741,29.889042
殷祖镇太尉庙,汉语系,释头坚,,湖北省,黄石市,大冶市,湖北省大冶市殷祖镇塘下村,,,,,114.882874,29.958351
殷祖镇龙泉寺,汉语系,释头寿,,湖北省,黄石市,大冶市,湖北省大冶市殷祖镇花市村,,,,,114.901741,29.889042
泉塘寺,汉语系,释印成,,湖北省,黄石市,大冶市,大冶市陈贵镇官塘垴村,,,,,114.854126,30.069014
法化禅寺,汉语系,释大阗,,湖北省,黄石市,大冶市,大冶市金湖街办马叫村,,,,,114.932564,30.066671
洋湖寺,汉语系,释皆缘,,湖北省,黄石市,大冶市,湖北省大冶市茗山乡洋湖村,,,,,114.801933,30.097733
洪化寺,汉语系,释觉智,,湖北省,黄石市,大冶市,湖北省大冶市茗山乡茗山村,,,,,114.746735,30.063313
洪源寺,汉语系,释印娥,,湖北省,黄石市,大冶市,大冶市大箕铺镇石应高村,,,,,115.045547,30.001081
海观寺,汉语系,释印修,,湖北省,黄石市,大冶市,大冶市经济开发区观山村,,,,,114.962532,30.100471
灯佛寺,汉语系,释谷慧,,湖北省,黄石市,大冶市,大冶市金湖街道办事处巴塘村,,,,,114.911873,30.023722
灵乡法华寺,汉语系,释延劝,,湖北省,黄石市,大冶市,湖北省大冶市灵乡镇坳头村,,,,,114.723892,30.008011
灵乡金山寺,汉语系,释悟永,,湖北省,黄石市,大冶市,湖北省大冶市灵乡镇大畈村,,,,,114.732948,30.004982
灵乡镇尖山寺,汉语系,释如觉,1999-03-20,湖北省,黄石市,大冶市,湖北省大冶市灵乡镇宫台村,,,,,114.759422,30.011822
灵乡青龙寺,汉语系,释圆法,,湖北省,黄石市,大冶市,湖北省大冶市灵乡镇贺铺村,,,,,114.731857,29.928720
灵山寺,汉语系,释头莲,,湖北省,黄石市,大冶市,大冶市灵乡镇谈桥社区,,,,,114.758492,29.991270
灵溪禅寺,汉语系,释指云,2013-05-21,湖北省,黄石市,大冶市,湖北省大冶市灵乡镇长坪村,,,,,114.743904,30.010530
玉泉禅寺,汉语系,释智洲,,湖北省,黄石市,大冶市,大冶市刘仁八镇刘仁八村,,,,,114.836792,29.935572
甘露寺,汉语系,释法慧,,湖北省,黄石市,大冶市,大冶市金湖街道办事处马叫村,,,,,114.932564,30.066671
白土堡禅寺,汉语系,释法友,,湖北省,黄石市,大冶市,湖北省大冶市保安镇桃树村,,,,,114.734879,30.160341
白水莲台,汉语系,释谷秋,,湖北省,黄石市,大冶市,湖北省大冶市殷祖镇南昌村,,,,,114.899902,29.987991
白衣庵,汉语系,释头根,,湖北省,黄石市,大冶市,大冶市大箕铺镇高家堍村,,,,,115.037094,30.053286
百圣古刹,汉语系,释慈隆,,湖北省,黄石市,大冶市,湖北省大冶市灵乡镇芭山村,,,,,114.733803,29.940401
百求寺,汉语系,释海忏,,湖北省,黄石市,大冶市,大冶市经济开发区敖山村,,,,,114.917297,30.119892
皇姑寺,汉语系,释智延,,湖北省,黄石市,大冶市,湖北省大冶市殷祖镇殷祖村,,,,,114.892471,29.958961
目莲寺,汉语系,释文慧,,湖北省,黄石市,大冶市,大冶市经济开发区罗家桥街办目连路4号,,,,,114.963531,30.141172
石佛寺,汉语系,释指元,,湖北省,黄石市,大冶市,湖北省大冶市殷祖镇江畈村,,,,,114.926003,29.972771
矿山庙,汉语系,释仁德,,湖北省,黄石市,大冶市,大冶市还地桥镇马石村,,,,,114.792122,30.240360
福田堂,汉语系,释普参,,湖北省,黄石市,大冶市,湖北省大冶市保安镇茶山村,,,,,114.765472,30.146240
箕山寺,汉语系,释传佳,,湖北省,黄石市,大冶市,大冶市大箕铺镇小箕铺村,,,,,115.036491,30.007923
紫竹林观音寺,汉语系,释演松,,湖北省,黄石市,大冶市,大冶市经济开发区罗家桥街办大林山村,,,,,114.951218,30.119593
紫荆庙,汉语系,程明华,,湖北省,黄石市,大冶市,大冶市陈贵镇小雷山村,,,,,114.818588,30.028481
罗家桥普济寺,汉语系,释透慧,,湖北省,黄石市,大冶市,大冶市经济开发区罗家桥街办吴天铺村,,,,,114.927330,30.113363
罗家桥龙王庙,汉语系,释果南,,湖北省,黄石市,大冶市,大冶市经济开发区罗家桥街办金桥村,,,,,114.952240,30.154831
罗师庙,汉语系,释果莲,,湖北省,黄石市,大冶市,湖北省大冶市金牛镇堰口村,,,,,114.620354,29.990131
罗桥关公庙,汉语系,释头转,2013-05-28,湖北省,黄石市,大冶市,大冶市经济开发区罗家桥街办新进村,,,,,114.927376,30.134268
罗桥城隍庙,汉语系,释宏法,,湖北省,黄石市,大冶市,大冶市经济开发区罗家桥街办大林山村,,,,,114.951218,30.119593
罗桥金华寺,汉语系,释常德,2013-05-19,湖北省,黄石市,大冶市,湖北省大冶市灵乡镇罗桥村,,,,,114.678902,30.001190
肖家庵,汉语系,释证祥,,湖北省,黄石市,大冶市,湖北省大冶市殷祖镇丁山村,,,,,114.884117,29.942732
胜山寺,汉语系,释印申,,湖北省,黄石市,大冶市,大冶市金山店镇红卫村,,,,,114.870148,30.103512
胡湾寺,汉语系,释常英,,湖北省,黄石市,大冶市,大冶市刘仁八镇岩山村,,,,,114.836838,29.983763
舞龙宫,汉语系,释传定,,湖北省,黄石市,大冶市,大冶市大箕铺镇水南湾村,,,,,115.051033,30.043003
茗山观音寺,汉语系,释果普,2013-05-19,湖北省,黄石市,大冶市,湖北省大冶市茗山乡均畈村,,,,,114.778618,30.097462
莲华禅院,汉语系,释演乐,2001-04-19,湖北省,黄石市,大冶市,湖北省大冶市陈贵镇南山村,,,,,114.799400,29.996653
莲峰寺,汉语系,释正果,,湖北省,黄石市,大冶市,大冶市陈贵镇天台山村,,,,,114.860329,30.026934
莲花寺,汉语系,释能成,,湖北省,黄石市,大冶市,大冶市大箕铺镇石应高村,,,,,115.045547,30.001081
菩提阁,汉语系,释果普,,湖北省,黄石市,大冶市,大冶市金山店镇新村社区,,,,,114.827003,30.146276
西佛寺,汉语系,释谷暑,,湖北省,黄石市,大冶市,湖北省大冶市殷祖镇南昌村,,,,,114.899902,29.987991
西山寺,汉语系,释参谷,,湖北省,黄石市,大冶市,大冶市大箕铺镇刘逊村,,,,,115.021149,30.014881
观音堂,汉语系,释德前,,湖北省,黄石市,大冶市,大冶市经济开发区罗家桥街办华井村,,,,,114.941513,30.153212
观音阁,汉语系,释印顺,,湖北省,黄石市,大冶市,大冶市大箕铺镇邓垅村,,,,,115.008102,30.049141
角山寺,汉语系,释智莲,,湖北省,黄石市,大冶市,大冶市金湖街道办事处胡庚村,,,,,114.917961,30.009390
讲堂禅寺,汉语系,释谷慧,2013-12-23,湖北省,黄石市,大冶市,大冶市金湖街道办事处优先村,,,,,114.883163,30.055281
谈仙阁,汉语系,释常经,,湖北省,黄石市,大冶市,大冶市大箕铺镇顶坜垴村,,,,,115.022263,30.076502
财神庙,汉语系,释果雄,,湖北省,黄石市,大冶市,湖北省大冶市灵乡镇毛铺村,,,,,114.762611,29.918711
赤坡寺,汉语系,释常普,,湖北省,黄石市,大冶市,湖北省大冶市还地桥镇燎原村,,,,,114.798988,30.194460
赤山寺,汉语系,释应容,,湖北省,黄石市,大冶市,湖北省大冶市殷祖镇五庄村,,,,,114.923012,29.966032
走马寺,汉语系,释头英,,湖北省,黄石市,大冶市,大冶市陈贵镇堰畈桥村,,,,,114.816681,30.062250
赵公祠,汉语系,释演娥,,湖北省,黄石市,大冶市,大冶市陈贵镇天台山村,,,,,114.860329,30.026934
还地桥雨山寺,汉语系,释传空,,湖北省,黄石市,大冶市,大冶市还地桥镇土库村,,,,,114.759209,30.250803
邹伍庙,汉语系,释印高,,湖北省,黄石市,大冶市,大冶市大箕铺镇小箕铺村,,,,,115.036491,30.007923
金山店关帝庙,汉语系,释智金,2013-05-19,湖北省,黄石市,大冶市,大冶市金山店镇长山村,,,,,114.805374,30.118212
金山店镇三佛寺,汉语系,释印寿,2013-05-18,湖北省,黄石市,大冶市,大冶市金山店镇朝阳村,,,,,114.863640,30.101521
金山店镇观音洞,汉语系,释汇诚,2013-05-18,湖北省,黄石市,大冶市,大冶市金山店镇永丰村,,,,,114.830711,30.156273
金山庵,汉语系,释传清,,湖北省,黄石市,大冶市,大冶市还地桥镇大井村,,,,,114.806343,30.179581
金湖东山寺,汉语系,释唯湛,,湖北省,黄石市,大冶市,大冶市金湖街道办事处门楼村,,,,,114.941612,29.986063
金湖东岳庙,汉语系,释演凤,2013-12-23,湖北省,黄石市,大冶市,大冶市金湖街道办事处姜桥村,,,,,114.923622,30.025183
金湖普照寺,汉语系,释慧敏,,湖北省,黄石市,大冶市,大冶市金湖街道办事处下四房村,,,,,114.965797,30.059351
金湖街办观音庵,汉语系,释证良,2013-05-21,湖北省,黄石市,大冶市,大冶市金湖街道办事处马叫村,,,,,114.932564,30.066671
金湖街道办事处龙王寺,汉语系,释隆定,1997-04-24,湖北省,黄石市,大冶市,大冶市金湖街道办事处株林村,,,,,114.920982,30.073099
金湖青山寺,汉语系,释惟盛,1997-06-18,湖北省,黄石市,大冶市,大冶市金湖街道办事处铜山村,,,,,114.935928,30.078573
金湖龙王庙,汉语系,释海慧,,湖北省,黄石市,大冶市,大冶市金湖街道办事处下四房村,,,,,114.965797,30.059351
金牛张王庙,汉语系,释心乘,,湖北省,黄石市,大冶市,湖北省大冶市金牛镇虬川村,,,,,114.633972,30.018831
金牛龙泉寺,汉语系,释妙香,2013-05-21,湖北省,黄石市,大冶市,湖北省大冶市金牛镇泉波村,,,,,114.577919,29.953783
金盆寺,汉语系,释头清,,湖北省,黄石市,大冶市,湖北省大冶市金牛镇西畈村,,,,,114.576363,29.978943
金竹寺,汉语系,释常智,,湖北省,黄石市,大冶市,大冶市金湖街道办事处上冯村,,,,,114.979614,30.036272
金龙寺,汉语系,释印转,,湖北省,黄石市,大冶市,大冶市金湖街道办事处柯庄村,,,,,114.894203,30.030611
长春禅寺,汉语系,释性度,,湖北省,黄石市,大冶市,大冶市金山店镇马垅村,,,,,114.827385,30.136162
阳虚殿,汉语系,释能莲,,湖北省,黄石市,大冶市,湖北省大冶市殷祖镇江畈村,,,,,114.926003,29.972771
陈三寺,汉语系,释透启,,湖北省,黄石市,大冶市,大冶市经济开发区罗家桥街办十里铺村,,,,,114.964714,30.130302
陈贵关圣寺,汉语系,释印和,,湖北省,黄石市,大冶市,大冶市陈贵镇铜山口村,,,,,114.832619,30.009432
陈贵镇三佛寺,汉语系,释演洲,,湖北省,黄石市,大冶市,大冶市陈贵镇铜山口村,,,,,114.832619,30.009432
陈贵镇弥陀寺,汉语系,释悟通,2000-07-15,湖北省,黄石市,大冶市,湖北省大冶市陈贵镇华垅村,,,,,114.826118,30.041098
陈贵镇灵山寺,汉语系,释悟时,2013-05-26,湖北省,黄石市,大冶市,湖北省大冶市陈贵镇王祠村,,,,,114.805672,30.016403
陈贵镇观音堂,汉语系,释常林,,湖北省,黄石市,大冶市,大冶市陈贵镇雷山景区,,,,,114.799362,30.037390
陈贵镇雷音寺,汉语系,释晟观,1999-03-19,湖北省,黄石市,大冶市,大冶市陈贵镇雷山景区,,,,,114.799362,30.037390
隆济禅寺,汉语系,释圣良,,湖北省,黄石市,大冶市,湖北省大冶市殷祖镇七冲村,,,,,114.889389,29.913910
雨山寺,汉语系,释指连,,湖北省,黄石市,大冶市,大冶市金山店镇车桥村,,,,,114.850677,30.119553
雨霖寺,汉语系,释宽怀,,湖北省,黄石市,大冶市,湖北省大冶市金牛镇胡胜村,,,,,114.622078,29.983570
雷山禅寺,汉语系,释宽慧,2013-05-23,湖北省,黄石市,大冶市,大冶市陈贵镇雷山景区,,,,,114.799362,30.037390
雷音寺,汉语系,释指道,,湖北省,黄石市,大冶市,大冶市经济开发区罗家桥街办金桥村,,,,,114.952240,30.154831
青山宝灵寺,汉语系,释能诚,,湖北省,黄石市,大冶市,大冶市金湖街道办事处铜山村,,,,,114.935928,30.078573
青梅寺,汉语系,释莲香,,湖北省,黄石市,大冶市,湖北省大冶市保安镇株树村,,,,,114.765419,30.183022
韩婆寺,汉语系,释头莲,,湖北省,黄石市,大冶市,湖北省大冶市灵乡镇芭山村,,,,,114.733803,29.940401
驾鸿寺,汉语系,释智明,,湖北省,黄石市,大冶市,大冶市还地桥镇新畈村,,,,,114.821213,30.262711
高明寺,汉语系,释仁顺,,湖北省,黄石市,大冶市,大冶市还地桥镇高垴村,,,,,114.856804,30.275232
鲁侍殿,汉语系,释法智,,湖北省,黄石市,大冶市,大冶市大箕铺镇曹家堍村,,,,,115.019661,30.057892
鸿灵寺,汉语系,释常斌,,湖北省,黄石市,大冶市,大冶市还地桥镇下畈村,,,,,114.855728,30.247002
黄山寺,汉语系,释印明,,湖北省,黄石市,大冶市,大冶市大箕铺镇刘逊村,,,,,115.021149,30.014881
黄龙寺,汉语系,释大阗,,湖北省,黄石市,大冶市,大冶市保安镇粮管所旁,,,,,114.743881,30.171341
鼎新寺,汉语系,释能善,,湖北省,黄石市,大冶市,大冶市还地桥镇南石村,,,,,114.861618,30.154270
齐光寺,汉语系,释透柏,,湖北省,黄石市,大冶市,大冶市大箕铺镇八流村,,,,,115.021843,29.982801
龙华寺,汉语系,释正勤,,湖北省,黄石市,大冶市,湖北省大冶市茗山乡朱山村,,,,,114.750267,30.079321
龙安古刹,汉语系,释能持,,湖北省,黄石市,大冶市,湖北省大冶市保安镇茶山村,,,,,114.765472,30.146240
龙王寺,汉语系,释悟发,,湖北省,黄石市,大冶市,大冶市大箕铺镇叶花香村,,,,,115.031769,30.042042
龙王殿,汉语系,释果弘,,湖北省,黄石市,大冶市,大冶市大箕铺镇三角桥村,,,,,114.994530,30.053362
龙角古刹,汉语系,释证益,,湖北省,黄石市,大冶市,大冶市大箕铺镇石家堍村,,,,,115.016533,30.009640
龙鹿寺,汉语系,释心跃,,湖北省,黄石市,大冶市,大冶市金湖街道办事处龙角山村,,,,,114.932449,30.060213
弥陀寺,汉语系,释灵光,,湖北省,黄石市,大冶市,湖北省大冶市保安镇沼山村,,,,,114.726334,30.144529
慈度寺,汉语系,释演慧,,湖北省,黄石市,大冶市,大冶市东岳路街道办事处永胜村,,,,,114.986221,30.096300
慈灵寺,汉语系,释演春,,湖北省,黄石市,大冶市,湖北省大冶市灵乡镇岩峰村,,,,,114.778549,29.982351
慈王庙,汉语系,释能才,,湖北省,黄石市,大冶市,大冶市大箕铺镇三角桥村,,,,,114.994530,30.053362
文殊寺,汉语系,释法善,,湖北省,黄石市,大冶市,湖北省大冶市灵乡镇曹铺村,,,,,114.753113,29.943392
