城市名称,年份,省份,方言多样性指数(DDI),人口流动文化熵(MCE),宗教文化多样性指数(RCDI),价值观开放度指数(WVS_Openness),综合文化多样性指数(CCDI_v3),综合文化多样性指数平方(CCDI_v3_sq),高校数量,宽带用户数(千户),电信业务总量(亿元),数据要素利用水平,市场化指数(Market_Index_Lerner),市场竞争指数(Competition_Index),勒纳指数均值(Lerner_mean),HHI指数均值(HHI_mean),市场机制桥接指数(Market_Bridge),桥接资本指数(Bridge_v3),知识产权保护强度(IP_Protection),对外开放度(Openness),人力资本水平(Human_Capital),权威服从度,过滤资本指数(Filter_v3),有效文化多样性指数(ECD_v3),CCDI与Bridge交互项(CCDI_v3_Bridge_v3),CCDI与Filter交互项(CCDI_v3_Filter_v3),Bridge与Filter交互项(Bridge_v3_Filter_v3),上市公司数量(Firm_count),入度中心性,出度中心性,度中心性,入度加权,出度加权,加权度,中介中心性,接近中心性,特征向量中心性,PageRank中心性,聚类系数,网络密度,平均路径长度,网络直径,平均聚类系数,度中心势,中介中心势,数字经济创新创业指数,国内生产总值(十亿人民币),第一产业增加值(十亿人民币),第二产业增加值(十亿人民币),第三产业增加值(十亿人民币),第一产业增加值占GDP比重(%),第二产业增加值占GDP比重(%),第三产业增加值占GDP比重(%),产业结构水平,产业整体升级,产业结构高级化
七台河,2018,黑龙江,0.136059127,1.141097589,0.35762716,-2.730737705,0.100065064,0.010013017,1,202,5.1038,1.363125,0.8619,0.549,0.1381,0.451,0.541140718,0.184582509,15,17033.78066,0.046435255,0.156857523,0.264122224,0.004878406,0.018470261,0.026429407,0.048752343,1,0.024647887,0.007042254,0.031690141,17,11,28,0.0000391,0.437490235,0.0000531,0.002446164,0.000572661,0.138361749,2.01929334,3,0.000339844,0.002230517,0.000101412,38.85,22.55412,3.09041,9.97993,11.96224,13.7021972,44.2488113,53.03793719,0.530379372,2.613136314,1.19862965
七台河,2019,黑龙江,0.136059127,1.131351567,0.35762716,-2.730737705,0.099532858,0.00990679,1,200,4.773,1.358346,0.8968,0.5516,0.1032,0.4484,0.573582627,0.196223536,5,16865.63607,0.048890551,0.156857523,0.269626867,0.005265999,0.019530689,0.026836733,0.052907137,1,0.028169014,0.01056338,0.038732394,60,7,67,0.00000936,0.39212548,0.000257538,0.001777095,0.000414202,0.169928342,1.969827148,3,0.000325145,0.00223779,0.0000658,81.95,21.91211,3.31427,9.54531,10.2741,15.12528917,43.56180213,46.88777119,0.468877712,2.42912207,1.076350585
七台河,2020,黑龙江,0.136059127,1.138637607,0.35762716,-2.730737705,0.099930731,0.009986151,1,211.2181818,4.643265455,1.398876491,0.849936364,0.585974545,0.150063636,0.414025455,0.545756153,0.19034576,9.563636364,17990.70774,0.047349594,0.156857523,0.266617001,0.005071426,0.019021391,0.026643232,0.050749416,1,0.052816901,0.021126761,0.073943662,30,17,47,0.000253794,0.490330973,0.000172643,0.000943957,0.000227682,0.201334322,1.902872395,3,0.000295724,0.002039504,0.0000597,70.73,20.43675,3.60161,7.91752,9.12438,17.6232033,38.74158073,44.64692282,0.446469228,2.290471332,1.152429043
三亚,2018,海南,0.647382192,1.559106284,0.900256051,-2.735416667,0.368551797,0.135830427,6,410,15.4828,1.173765,0.7801,0.8152,0.2199,0.1848,0.578263223,0.19292476,97,950.6422462,0.053072107,0.156857523,0.273600993,0.019453788,0.071102767,0.100836138,0.052784406,3,0.042253521,0.021126761,0.056338028,25,13,38,0.000125355,0.452551374,0.000131889,0.000864472,0.000368763,0.138361749,2.01929334,3,0.000339844,0.002230517,0.000101412,93.97,62.22669,6.53132,10.63419,45.06117,10.49601063,17.08943542,72.41453788,0.724145379,2.619184951,4.237386204
三亚,2019,海南,0.647382192,1.558241339,0.900256051,-2.735416667,0.368504564,0.135795614,6,470,14.8652,1.326611,0.7854,0.8093,0.2146,0.1907,0.580573893,0.211475505,32,1411.711995,0.056097117,0.156857523,0.279790799,0.02180401,0.077929689,0.103104186,0.059168901,3,0.049295775,0.014084507,0.059859155,31,7,38,0.000121736,0.466311382,0.000155117,0.001048801,0.000320012,0.169928342,1.969827148,3,0.000325145,0.00223779,0.0000658,97.19,68.91362,7.24616,10.84435,50.82311,10.51484453,15.73614911,73.74900636,0.737490064,2.632341618,4.68659809
三亚,2020,海南,0.647382192,1.699038666,0.900256051,-2.735416667,0.37619316,0.141521294,5.927272727,450.5272727,23.35677455,1.276213709,0.821150909,0.858565455,0.178849091,0.141434545,0.633173871,0.226535568,78.65454545,1070.004717,0.053701837,0.156857523,0.274817914,0.023420294,0.085221131,0.10338462,0.062256032,3,0.042253521,0.024647887,0.059859155,220,27,247,0.000210954,0.483461187,0.000911092,0.001930216,0.000511298,0.201334322,1.902872395,3,0.000295724,0.002039504,0.0000597,98.57,70.88971,7.91572,11.78584,51.18815,11.16624684,16.62560053,72.20815264,0.722081526,2.610419058,4.343190642
三明,2018,福建,0.261282264,0.868391918,0.858200595,0.600432482,0.4178309,0.174582661,3,919,20.2544,1.267291,0.9245,0.8427,0.0755,0.1573,0.719450669,0.258019261,177,2649.9,0.01342749,0.156857523,0.182851113,0.01971289,0.10780842,0.076400845,0.047179109,4,0.10915493,0.066901408,0.14084507,152,94,246,0.002628357,0.501009688,0.000470267,0.001638739,0.000447368,0.138361749,2.01929334,3,0.000339844,0.002230517,0.000101412,80.11,235.44019,27.40358,127.3474,80.68921,11.63929574,54.0890661,34.27163816,0.342716382,2.226323424,0.633614899
三明,2019,福建,0.261282264,0.866491058,0.858200595,0.600432482,0.417727098,0.174495929,3,1028,19.6047,1.452441,0.9211,0.8516,0.0789,0.1484,0.720094106,0.2802095,326,2642.58,0.0161324,0.156857523,0.191740806,0.022443473,0.117051101,0.080095331,0.053727596,4,0.11971831,0.147887324,0.214788732,194,208,402,0.003509531,0.524821935,0.000407954,0.001384513,0.00028646,0.169928342,1.969827148,3,0.000325145,0.00223779,0.0000658,81.3,260.15584,30.31126,140.29247,89.55211,11.65119338,53.9263197,34.42248692,0.344224869,2.227712935,0.638324423
三明,2020,福建,0.261282264,0.852995451,0.858200595,0.809560671,0.431549596,0.186235054,3,1021.563636,21.96552727,1.435262491,0.91804,0.838550909,0.08196,0.161449091,0.711921369,0.27547035,258.0181818,2861.688182,0.015475958,0.156857523,0.189139076,0.022484687,0.118879118,0.081622892,0.052102207,4,0.161971831,0.126760563,0.232394366,201,188,389,0.001504805,0.520861015,0.000900243,0.001219817,0.000346089,0.201334322,1.902872395,3,0.000295724,0.002039504,0.0000597,83.44,270.2188,31.45662,140.190203,98.57193475,11.64116634,51.88025517,36.47856284,0.364785628,2.248373652,0.703129981
三门峡,2018,河南,0.369415538,0.895281478,0.844486735,-2.725396825,0.225625573,0.050906899,2,610,13.8629,1.307956929,0.863409583,0.842822464,0.136590417,0.157177536,0.664605277,0.234325417,80,1685.157313,0.008625947,0.156857523,0.169486865,0.008960738,0.052869807,0.038240571,0.03971508,1,0.045774648,0.045774648,0.080985915,45,47,92,0.000457635,0.468686482,0.000204055,0.000868953,0.000333812,0.138361749,2.01929334,3,0.000339844,0.002230517,0.000101412,57.58,152.8124555,11.909,84.219,56.684,7.793212903,55.11265409,37.09383493,0.370938349,2.293000259,0.673054774
三门峡,2019,河南,0.369415538,0.888997631,0.844486735,-2.725396825,0.225282428,0.050752172,2,660,126.8872,1.387675571,0.865769306,0.831226981,0.134230694,0.168773019,0.661906838,0.259034066,93,2653.085453,0.01005445,0.156857523,0.173507756,0.010125188,0.058355823,0.039088249,0.044944419,1,0.059859155,0.031690141,0.084507042,93,69,162,0.000222684,0.459328349,0.000327982,0.001963638,0.000295068,0.169928342,1.969827148,3,0.000325145,0.00223779,0.0000658,76.08,140.66071,13.61786,67.73574,59.30711,9.681353094,48.15540886,42.16323805,0.42163238,2.32481885,0.875565986
三门峡,2020,河南,0.369415538,0.87359087,0.844486735,-2.725396825,0.224441103,0.050373809,1.927272727,1193.945455,58.06796,1.348580144,0.875517223,0.838970816,0.124482777,0.161029184,0.673884604,0.256832849,70.96363636,2035.580496,0.008715118,0.156857523,0.169703959,0.009782389,0.057643848,0.038088544,0.043585551,1,0.059859155,0.049295775,0.102112676,108,51,159,0.000890199,0.503752442,0.000423968,0.00235997,0.000303455,0.201334322,1.902872395,3,0.000295724,0.002039504,0.0000597,80.74,143.0249971,14.7001047,66.44523821,61.87965417,10.27799685,46.45708063,43.26492252,0.432649225,2.329869257,0.931288018
上海市,2018,上海,0.357030798,1.692448874,1.154950167,-2.742352941,0.297663572,0.088603602,64,7729,578.69,1.322273,0.868075229,0.831380631,0.131924771,0.168619369,0.664042812,0.552452995,7182,515649,0.020921212,0.156857523,0.559094233,0.091940325,0.164445132,0.166421987,0.308873283,395,0,0,0,0,0,0,0,0,8.16E-71,0.00053267,0,0.138361749,2.01929334,3,0.000339844,0.002230517,0.000101412,99.35,3601.182,10.478,1036.078,2554.626,0.290960024,28.77049813,70.93854185,0.709385418,2.706475818,2.465669573
上海市,2019,上海,0.357030798,1.688554121,1.154950167,-2.742352941,0.297450889,0.088477032,64,8902,582.317,1.416797,0.86747,0.823577143,0.13253,0.176422857,0.660255941,0.578742663,15252,493803,0.021225312,0.156857523,0.687964654,0.118431409,0.17214752,0.204635698,0.398154496,395,0,0,0,0,0,0,0,0,9.96E-76,0.00053267,0,0.169928342,1.969827148,3,0.000325145,0.00223779,0.0000658,99.24,3798.755,10.706,1019.36,2768.689,0.281829178,26.83405484,72.88411598,0.72884116,2.726022868,2.716105203
上海市,2020,上海,0.357030798,1.728898971,1.154950167,-2.742352941,0.299654022,0.089792533,64.12727273,8763.218182,490.3585909,1.379390418,0.879234207,0.845341887,0.120765793,0.154658113,0.67987243,0.567127999,9879.636364,533882.6364,0.020285588,0.156857523,0.612323014,0.104059512,0.169942186,0.183485054,0.347265526,395,0,0,0,0,0,0,0,0,5.51E-121,0.00053267,0,0.201334322,1.902872395,3,0.000295724,0.002039504,0.0000597,99.3,3896.33,10.768,1025.857,2859.705,0.276362628,26.32880172,73.39483565,0.733948357,2.73118473,2.787625371
上饶,2018,江西,0.740254613,0.826030667,0.584790548,-2.721538462,0.328560753,0.107952168,4,1534,34.5065,1.190742,0.870679613,0.9226,0.129320387,0.0774,0.704292478,0.256812642,106,4342.15,0.004986595,0.156857523,0.162639156,0.013723257,0.084378555,0.053436843,0.041767791,7,0.137323944,0.077464789,0.176056338,223,114,337,0.002844722,0.498296639,0.001650714,0.002563722,0.000482266,0.138361749,2.01929334,3,0.000339844,0.002230517,0.000101412,82.63,231.06,25.31,90.24,115.51,10.9538648,39.05479096,49.99134424,0.499913442,2.390374794,1.280031028
上饶,2019,江西,0.740254613,0.820344844,0.584790548,-2.721538462,0.328250264,0.107748236,5,1676,29.1172,1.19148,0.876737798,0.9226,0.123262202,0.0774,0.709736406,0.262368629,99,3202.9,0.00593554,0.156857523,0.164213223,0.014142465,0.086122572,0.053903034,0.043084398,7,0.214788732,0.098591549,0.26056338,383,104,487,0.002034903,0.495612815,0.002511668,0.002462114,0.000483594,0.169928342,1.969827148,3,0.000325145,0.00223779,0.0000658,86.34,251.307,27.34,97.88,126.08,10.87912394,38.94837788,50.16971274,0.501697127,2.392850179,1.288107887
上饶,2020,江西,0.740254613,0.808487742,0.584790548,-2.721538462,0.327602777,0.107323579,4.254545455,1578.618182,30.95204,1.242884253,0.883901724,0.9226,0.116098276,0.0774,0.716173962,0.26774506,89.64545455,5199.814909,0.005501978,0.156857523,0.163965629,0.014382085,0.087714025,0.053715595,0.043900987,7,0.299295775,0.102112676,0.334507042,469,216,685,0.001710313,0.533958101,0.002911527,0.003950159,0.000304907,0.201334322,1.902872395,3,0.000295724,0.002039504,0.0000597,89.66,262.43448,29.6195,100.20228,132.6127,11.28643614,38.18182733,50.53173653,0.505317365,2.392453004,1.323449925
东莞,2018,广东,0.076122952,4.507037753,1.231249798,-2.73452381,0.358008665,0.128170204,9,1876,175.8353,1.251716,0.875061905,0.831927273,0.124938095,0.168072727,0.670548265,0.286776185,3683,203331.1,0.011631681,0.156857523,0.33207955,0.034094063,0.102668359,0.118887356,0.095232506,50,0.492957746,0.507042254,0.623239437,4722,3908,8630,0.020998483,0.523826068,0.276947887,0.020966946,0.000388673,0.138361749,2.01929334,3,0.000339844,0.002230517,0.000101412,98.11,881.81052,2.583,496.04015,383.18737,0.292920071,56.25246453,43.4546154,0.434546154,2.431616953,0.77249265
东莞,2019,广东,0.076122952,4.164366407,1.231249798,-2.73452381,0.339296226,0.115121929,9,1822,177.0997,1.405371,0.877895833,0.793052,0.122104167,0.206948,0.656938896,0.29804977,3683,200611.58,0.011902343,0.156857523,0.331448922,0.033518489,0.101127162,0.112459368,0.098788275,50,0.475352113,0.598591549,0.669014085,3235,4534,7769,0.013103471,0.538121517,0.095197279,0.009622595,0.000303585,0.169928342,1.969827148,3,0.000325145,0.00223779,0.0000658,98.13,947.442786,2.88465222,529.8930937,414.6650401,0.304467168,55.92876969,43.76676315,0.437667631,2.43462296,0.782544715
东莞,2020,广东,0.076122952,4.763199517,1.231249798,-2.73452381,0.371997029,0.138381789,9.981818182,2031.254545,174.3089382,1.357060927,0.894881716,0.792460105,0.105118284,0.207539895,0.671956549,0.303085713,3103.145455,216085.3225,0.013722044,0.156857523,0.332972362,0.03754163,0.112746985,0.123864729,0.100919166,50,0.521126761,0.563380282,0.672535211,4329,5247,9576,0.00957396,0.541286937,0.06909374,0.009758062,0.000322128,0.201334322,1.902872395,3,0.000295724,0.002039504,0.0000597,99.11,975.6770072,3.04027851,553.456911,419.1798177,0.311607067,56.72542316,42.96296977,0.429629698,2.426513627,0.757384738
东营,2018,山东,0.00673778,1.10585723,0.833128587,-2.7625,0.101208972,0.010243256,4,878,19.549,1.360419,0.86354,0.895,0.13646,0.105,0.686406641,0.257328537,134,24635.19022,0.014334253,0.156857523,0.194465399,0.005064648,0.026043957,0.019681643,0.050041497,5,0.232394366,0.14084507,0.292253521,413,342,755,0.005894789,0.524821935,0.001019584,0.003533814,0.000312198,0.138361749,2.01929334,3,0.000339844,0.002230517,0.000101412,91.64,278.481,14.654,162.708,101.119,5.262118421,58.42696629,36.31091529,0.363109153,2.310487969,0.621475281
东营,2019,山东,0.00673778,1.102807994,0.833128587,-2.7625,0.101042461,0.010209579,4,898,18.9914,1.422845,0.8817,0.90414,0.1183,0.09586,0.706523789,0.272034364,339,23638.86627,0.015421388,0.156857523,0.200063473,0.005499149,0.027487022,0.020214906,0.054424139,5,0.267605634,0.161971831,0.309859155,749,581,1330,0.005602391,0.529858614,0.001154334,0.005086654,0.000328133,0.169928342,1.969827148,3,0.000325145,0.00223779,0.0000658,92.56,291.619,14.573,167.511,109.535,4.99727384,57.44173048,37.56099568,0.375609957,2.325637218,0.653897356
东营,2020,山东,0.00673778,1.111083536,0.833128587,-2.7625,0.101494368,0.010301107,3.618181818,955.6727273,20.92061455,1.352773127,0.884936818,0.972517394,0.115063182,0.027482606,0.737848996,0.276378813,213.4909091,25011.35692,0.010642309,0.156857523,0.187350365,0.005255345,0.028050893,0.019015007,0.051779672,5,0.338028169,0.242957746,0.426056338,974,763,1737,0.005208645,0.532927293,0.006869409,0.005322319,0.000333496,0.201334322,1.902872395,3,0.000295724,0.002039504,0.0000597,89.37,298.119,15.656,167.853,114.61,5.251594162,56.30402624,38.44437959,0.384443796,2.331927854,0.682799831
中卫,2018,宁夏,0.602201775,0.884820924,1.13338189,-2.740423734,0.3406069,0.11601306,4.363636364,242,8.6093,1.715725,0.835875,0.849675,0.164125,0.150325,0.64271031,0.270287964,7,845.033312,0.015284726,0.156857523,0.183450448,0.016888805,0.092061946,0.062484488,0.049584448,1,0.080985915,0.038732394,0.112676056,111,32,143,0.000262439,0.441690141,0.00039347,0.001171856,0.000492936,0.138361749,2.01929334,3,0.000339844,0.002230517,0.000101412,86.15,40.299,5.772,17.537,16.99,14.32293605,43.51720886,42.15985508,0.421598551,2.27836919,0.968808804
中卫,2019,宁夏,0.602201775,0.879849346,1.13338189,-2.740423734,0.340335414,0.115828194,4.363636364,260,8.7,1.71588,0.834383333,0.8587875,0.165616667,0.1412125,0.645156901,0.271498514,35,738.9077187,0.016441515,0.156857523,0.186592063,0.017241211,0.092400559,0.063503887,0.050659468,1,0.056338028,0.080985915,0.11971831,49,81,130,0.000953671,0.501009688,0.0000924,0.000916692,0.000211018,0.169928342,1.969827148,3,0.000325145,0.00223779,0.0000658,72.89,43.76463,6.01842,18.71113,19.03508,13.75178997,42.75400021,43.49420982,0.434942098,2.297424198,1.017313225
中卫,2020,宁夏,0.602201775,0.866408531,1.13338189,-2.740423734,0.339601445,0.115329141,4.363636364,260.7818182,13.16147455,1.870707645,0.856587121,0.869097273,0.143412879,0.130902727,0.669393965,0.298427498,16.8,1087.120646,0.016226325,0.156857523,0.185937763,0.018844125,0.101346409,0.063144733,0.055488941,1,0.091549296,0.133802817,0.179577465,91,94,185,0.001768653,0.515030481,0.000520796,0.000960082,0.000281717,0.201334322,1.902872395,3,0.000295724,0.002039504,0.0000597,84.6,44.032,6.796,17.498,19.738,15.43422965,39.73928052,44.82648983,0.448264898,2.293922602,1.12801463
中山,2018,广东,0.066119543,2.423807371,1.011531636,-2.73452381,0.216403609,0.046830522,5,1802,67.3774,1.286278,0.869123529,0.811583333,0.130876471,0.188416667,0.656757374,0.260139256,1108,35511,0.013291358,0.156857523,0.2137743,0.01203444,0.056295074,0.04626153,0.055611087,23,0.454225352,0.295774648,0.542253521,2440,1659,4099,0.021765529,0.510270495,0.022214508,0.019156785,0.000385739,0.138361749,2.01929334,3,0.000339844,0.002230517,0.000101412,95.18,305.37303,6.30453,153.93678,145.13172,2.06453399,50.40942221,47.5260438,0.475260438,2.454615098,0.942800804
中山,2019,广东,0.066119543,2.39887364,1.011531636,-2.73452381,0.21504204,0.046243079,5,1897,65.4483,1.421312,0.867794737,0.784205263,0.132205263,0.215794737,0.644185412,0.271413243,1108,34671.85,0.012107219,0.156857523,0.210608821,0.012292238,0.058365257,0.04528975,0.057162023,23,0.436619718,0.436619718,0.573943662,1888,2052,3940,0.010431198,0.538121517,0.021969228,0.008281272,0.000298138,0.169928342,1.969827148,3,0.000325145,0.00223779,0.0000658,94.99,312.3787251,6.26926773,155.6020995,150.5073579,2.006944528,49.81200285,48.18105262,0.481810526,2.461741081,0.967257887
中山,2020,广东,0.066119543,2.593546054,1.011531636,-2.73452381,0.225672621,0.050928132,4.963636364,2058.254545,47.21728727,1.430502818,0.886312108,0.862002661,0.113687892,0.137997339,0.693156641,0.290525755,1682.709091,38372.09755,0.012407522,0.156857523,0.222884209,0.014613115,0.065563709,0.050298864,0.064753603,23,0.426056338,0.461267606,0.591549296,2304,2817,5121,0.006812352,0.537074588,0.013022183,0.006721914,0.000282227,0.201334322,1.902872395,3,0.000295724,0.002039504,0.0000597,95.4,318.914609,7.10083,152.59697,159.21681,2.226561531,47.8488491,49.92458969,0.499245897,2.476980288,1.043381202
临汾,2018,山西,0.133894104,0.931836141,1.196748608,-2.762826087,0.178044333,0.031699784,5,1006,67.9832,1.469311,0.776933631,0.841598958,0.223066369,0.158401042,0.586388897,0.242554162,6,299.08,0.011473234,0.156857523,0.174246719,0.007524913,0.043185394,0.031023641,0.042264267,3,0.056338028,0.098591549,0.14084507,67,82,149,0.001720793,0.503752442,0.000220548,0.001200882,0.000273809,0.138361749,2.01929334,3,0.000339844,0.002230517,0.000101412,56.57,144.0042972,9.38003,66.0834622,68.540805,6.513715342,45.88992376,47.5963609,0.475963609,2.410826456,1.037185443
临汾,2019,山西,0.133894104,0.927186936,1.196748608,-2.762826087,0.177790451,0.031609445,5,1117,78.9884,1.573051,0.789853869,0.846514583,0.210146131,0.153485417,0.600041973,0.2623464,42,219.4911937,0.011689364,0.156857523,0.17533326,0.008178014,0.046642685,0.031172579,0.04599805,3,0.091549296,0.095070423,0.165492958,102,118,220,0.002398796,0.511215441,0.000150103,0.001275355,0.000264272,0.169928342,1.969827148,3,0.000325145,0.00223779,0.0000658,66.59,144.838,9.6416,62.84152,72.35487,6.656816581,43.38745357,49.95572295,0.499557229,2.432988926,1.151386376
临汾,2020,山西,0.133894104,0.927759849,1.196748608,-2.762826087,0.177821736,0.03162057,5.272727273,1111.690909,69.79339273,1.501630055,0.807310698,0.844204916,0.192689302,0.155795084,0.614768943,0.259200642,44.6,158.3533432,0.012611322,0.156857523,0.177510095,0.008181708,0.046091508,0.031565153,0.046010731,3,0.13028169,0.105633803,0.197183099,102,80,182,0.001388879,0.520861015,0.000540414,0.001175925,0.000291166,0.201334322,1.902872395,3,0.000295724,0.002039504,0.0000597,69.48,150.51595,11.33846,64.55871,74.61878,7.533062111,42.89160717,49.57533072,0.495753307,2.420422686,1.155828238
临沂,2018,山东,0.840279749,0.900499241,0.833128587,-2.7625,0.393557472,0.154887484,4,2552,64.3095,1.256314,0.83895,0.9529,0.16105,0.0471,0.688372229,0.276857339,108,10216.56731,0.008399567,0.156857523,0.173404524,0.018894031,0.108959274,0.068244646,0.048008315,5,0.23943662,0.218309859,0.341549296,549,443,992,0.008061067,0.52184563,0.001465264,0.00415956,0.000297694,0.138361749,2.01929334,3,0.000339844,0.002230517,0.000101412,78.63,436.776,36.968,176.271,223.537,8.463835009,40.35729985,51.17886514,0.511788651,2.427150301,1.268143937
临沂,2019,山东,0.840279749,0.896357296,0.833128587,-2.7625,0.393331291,0.154709504,4,2811,63.8746,1.345009,0.8565,0.94825,0.1435,0.05175,0.702210317,0.295528064,108,12072.87543,0.009444085,0.156857523,0.176715905,0.020541534,0.116240435,0.069507895,0.052224509,5,0.313380282,0.225352113,0.387323944,598,497,1095,0.005764984,0.520861015,0.002626037,0.003255671,0.000329682,0.169928342,1.969827148,3,0.000325145,0.00223779,0.0000658,82.74,460.025,40.948,174.248,244.829,8.901255367,37.87794142,53.22080322,0.532208032,2.443195479,1.405060603
临沂,2020,山东,0.840279749,0.892737684,0.833128587,-2.7625,0.393133633,0.154554053,3.927272727,2915.818182,63.51346,1.310354636,0.854752727,0.953524545,0.145247273,0.046475455,0.702832224,0.2932155,98.14545455,12505.03933,0.009017214,0.156857523,0.175747597,0.020258931,0.115272875,0.069092291,0.051531919,5,0.447183099,0.271126761,0.496478873,1132,669,1801,0.011167166,0.533958101,0.006884965,0.00604768,0.000368652,0.201334322,1.902872395,3,0.000295724,0.002039504,0.0000597,86.99,480.525,44.092,175.643,260.79,9.175797305,36.55231257,54.27189012,0.542718901,2.450960928,1.484773091
临沧,2018,云南,0.385092638,0.95395674,1.099573758,-2.723784195,0.262749063,0.06903707,1,570,16.5372,1.398697,0.9438,0.8051,0.0562,0.1949,0.721167813,0.263362552,2,740,0.004645625,0.156857523,0.158382005,0.01095976,0.069198264,0.041614723,0.041711889,1,0.01056338,0.007042254,0.017605634,8,2,10,0.003459151,0.3455023,0.00000163,0.001460117,0,0.138361749,2.01929334,3,0.000339844,0.002230517,0.000101412,49.76,63.00199,17.211,20.539,25.252,27.31818471,32.60055754,40.08127362,0.400812736,2.127631207,1.229465894
临沧,2019,云南,0.385092638,0.943707711,1.099573758,-2.723784195,0.262189388,0.068743275,1,650,17.6196,1.402438,0.9518,0.8002,0.0482,0.1998,0.726320306,0.267018207,2,883,0.004995171,0.156857523,0.159267719,0.011150228,0.07000934,0.041758306,0.042527381,1,0.003521127,0.01056338,0.014084507,6,12,18,0,0.256081946,0.00000922,0.000926391,0.000442068,0.169928342,1.969827148,3,0.000325145,0.00223779,0.0000658,57.28,75.92607,20.896,19.655,35.375,27.52150875,25.88702405,46.591375,0.46591375,2.190696819,1.799796489
临沧,2020,云南,0.385092638,0.938868515,1.099573758,-2.723784195,0.261925132,0.068604775,1,576.8181818,18.21576364,1.445333273,0.96128,0.783869091,0.03872,0.216130909,0.728052231,0.271458773,5.490909091,942.5817454,0.004555955,0.156857523,0.158325916,0.011257269,0.071101875,0.041469536,0.042978959,1,0.01056338,0.01056338,0.021126761,20,21,41,0.00000681,0.367585004,0.00001,0.001744012,0.000218584,0.201334322,1.902872395,3,0.000295724,0.002039504,0.0000597,59.58,82.132,24.234,20.384,37.514,29.50616081,24.81858472,45.67525447,0.456752545,2.161690937,1.840364992
丹东,2018,辽宁,0.777869219,1.023067065,1.206359167,-2.70703125,0.422494645,0.178501725,3,682,19.1835,1.049755,0.883329494,0.859922178,0.116670506,0.140077822,0.689611826,0.219152233,610,6358.573333,0.009982463,0.156857523,0.18392395,0.017029637,0.092590645,0.077706884,0.040307344,1,0.021126761,0.031690141,0.045774648,47,43,90,0.000255246,0.450336604,0.000203814,0.001508236,0.000404547,0.138361749,2.01929334,3,0.000339844,0.002230517,0.000101412,46.86,81.67,13.63,24.96,43.08,16.68911473,30.56201788,52.74886739,0.527488674,2.360597527,1.725961538
丹东,2019,辽宁,0.777869219,1.02189781,1.206359167,-2.70703125,0.422430795,0.178447777,3,721,18.6033,1.307516,0.89223125,0.850511793,0.10776875,0.149488207,0.693700198,0.249687307,483,6187.603333,0.011078571,0.156857523,0.184236503,0.019432457,0.105475608,0.077827173,0.046001516,1,0.095070423,0.031690141,0.112676056,155,52,207,0.000224021,0.457804872,0.000571568,0.002283296,0.000582573,0.169928342,1.969827148,3,0.000325145,0.00223779,0.0000658,59.17,76.8,14.52411,19.20093,43.07764,18.91160156,25.00121094,56.09067708,0.560906771,2.371860547,2.243518413
丹东,2020,辽宁,0.777869219,1.021198876,1.206359167,-2.70703125,0.422392628,0.178415532,3,742.8363636,15.19482727,1.243471524,0.911510732,0.87643701,0.088489268,0.12356299,0.721798995,0.253031143,375.6727273,6662.319708,0.01057109,0.156857523,0.181428395,0.019390793,0.106878489,0.076634016,0.045907034,1,0.098591549,0.063380282,0.144366197,115,76,191,0.000899997,0.51311587,0.000513039,0.001313493,0.000354491,0.201334322,1.902872395,3,0.000295724,0.002039504,0.0000597,57.85,77.94472,15.36,18.93,43.66,19.70627388,24.28644301,56.01405714,0.560140571,2.363213313,2.30639197
丽水,2018,浙江,0.086795064,0.904548651,0.622959665,-2.744736842,0.097458207,0.009498102,2,883,18.9079,1.152219,0.85875,0.87045,0.14125,0.12955,0.671899715,0.224467325,67,3724,0.008595745,0.156857523,0.170141608,0.003722049,0.021876183,0.016581696,0.038191232,4,0.133802817,0.401408451,0.426056338,536,1087,1623,0.006273117,0.528843559,0.011621058,0.001715963,0.000302345,0.138361749,2.01929334,3,0.000339844,0.002230517,0.000101412,91.88,135.42203,9.38481,52.94397,73.09324,6.930046758,39.09553711,53.97440874,0.539744087,2.470443472,1.38057724
丽水,2019,浙江,0.086795064,0.914059903,0.622959665,-2.744736842,0.097977593,0.009599609,2,986,19.5304,1.331147,0.85735,0.8757,0.14265,0.1243,0.672823484,0.246171628,128,4275.277234,0.008465455,0.156857523,0.171138215,0.004127735,0.024119304,0.01676771,0.042129373,4,0.091549296,0.559859155,0.577464789,270,1058,1328,0.005913357,0.539172535,0.001358595,0.001065814,0.000227443,0.169928342,1.969827148,3,0.000325145,0.00223779,0.0000658,90.34,148.09631,9.99659,56.53406,81.56567,6.750060147,38.17384782,55.07609879,0.550760988,2.483260521,1.442770429
丽水,2020,浙江,0.086795064,0.922760327,0.622959665,-2.744736842,0.098452702,0.009692934,1.727272727,1009.127273,19.23023818,1.246039436,0.875518182,0.876555455,0.124481818,0.123444545,0.689505055,0.242748791,446.5818182,4482.104431,0.007673579,0.156857523,0.174839037,0.004178526,0.023899274,0.017213376,0.042441965,4,0.186619718,0.450704225,0.478873239,461,907,1368,0.006073464,0.548819758,0.001790713,0.001613395,0.000245445,0.201334322,1.902872395,3,0.000295724,0.002039504,0.0000597,94.91,154.00177,10.46134,55.51891,88.02153,6.792999847,36.05082591,57.15618074,0.571561807,2.503631939,1.585433324
丽江,2018,云南,0.385092638,1.019393639,1.099573758,-2.723784195,0.266322411,0.070927626,2,270,7.4571,1.421476,0.8118,0.7612,0.1882,0.2388,0.584307512,0.210804995,58,41.65,0.019916268,0.156857523,0.194805421,0.010936784,0.056142094,0.051881049,0.041065956,1,0.014084507,0.007042254,0.021126761,33,29,62,0,0.381293285,0.0000198,0.003102004,0.000286103,0.138361749,2.01929334,3,0.000339844,0.002230517,0.000101412,67.29,35.07628,5.27664,13.7712,16.02844,15.04332843,39.26071978,45.69595179,0.456959518,2.306526234,1.163910189
丽江,2019,云南,0.385092638,1.017149826,1.099573758,-2.723784195,0.266199882,0.070862377,2,300,10.2146,1.509302,0.8208,0.7865,0.1792,0.2135,0.602909262,0.228366732,58,49.64,0.019916268,0.156857523,0.194809137,0.011842681,0.060791197,0.051858169,0.044487926,1,0.01056338,0.014084507,0.024647887,34,22,56,0.00000434,0.386633527,0.0000198,0.001752752,0.000257401,0.169928342,1.969827148,3,0.000325145,0.00223779,0.0000658,61.5,47.25113,6.42342,14.99992,25.82779,13.59421457,31.74510324,54.66068219,0.546606822,2.410664676,1.72186185
丽江,2020,云南,0.385092638,1.022924445,1.099573758,-2.723784195,0.266515219,0.071030362,2,301.7090909,10.89016364,1.463675564,0.687416364,0.851230909,0.312583636,0.148769091,0.509950929,0.188351273,40.45454545,55.88636364,0.022379041,0.156857523,0.200283091,0.010053907,0.050198481,0.053378492,0.037723575,1,0.024647887,0.014084507,0.038732394,18,20,38,0,0.427331793,0.0000332,0.000765178,0.000353302,0.201334322,1.902872395,3,0.000295724,0.002039504,0.0000597,75.78,51.27537,7.7533,16.5497,26.97237,15.12090503,32.27612009,52.60297488,0.526029749,2.374820699,1.629779996
乌兰察布,2018,内蒙古,0.455973193,0.773183327,1.319275681,-2.769246032,0.299726088,0.089835728,3,400,11.1663,1.535757,0.8192,0.9609,0.1808,0.0391,0.673949413,0.26183742,4,175.26,0.010802443,0.156857523,0.172582774,0.013544211,0.078479506,0.05172756,0.045188628,1,0.052816901,0.017605634,0.063380282,39,8,47,0.000200372,0.463960232,0.0000655,0.001426911,0.000278302,0.138361749,2.01929334,3,0.000339844,0.002230517,0.000101412,46.43,76.45,12.15555,31.26805,33.0264,15.9,40.9,43.2,0.432,2.273,1.056234719
乌兰察布,2019,内蒙古,0.455973193,0.777286081,1.319275681,-2.769246032,0.299950129,0.08997008,3,377,10.9,1.61262,0.8399,0.9226,0.1601,0.0774,0.676633698,0.270988258,78,512.87,0.01129844,0.156857523,0.175170586,0.014238384,0.081282963,0.05254244,0.047469172,1,0.066901408,0.014084507,0.077464789,37,16,53,0.000173428,0.479264476,0.000269993,0.002272169,0.000174534,0.169928342,1.969827148,3,0.000325145,0.00223779,0.0000658,53.87,80.84185,12.8554,31.63641,36.35004,15.90191219,39.13370364,44.96438416,0.449643842,2.29062472,1.148993833
乌兰察布,2020,内蒙古,0.455973193,0.785657509,1.319275681,-2.769246032,0.300407272,0.090244529,3.181818182,396.8181818,16.41159636,1.560780655,0.820267273,0.951623636,0.179732727,0.048376364,0.671053359,0.26461258,39.12727273,301.9181818,0.011582371,0.156857523,0.175071612,0.013916713,0.079491543,0.052592785,0.046326151,1,0.059859155,0.024647887,0.073943662,52,22,74,0.0000783,0.475959203,0.000196688,0.001440998,0.000311758,0.201334322,1.902872395,3,0.000295724,0.002039504,0.0000597,54.68,82.689,13.824,33.353,35.512,16.71806407,40.33547388,42.94646204,0.42946462,2.26228398,1.064731808
乌海,2018,内蒙古,0.151251502,1.274722788,1.319275681,-2.769246032,0.216139179,0.046716145,1,200,5.9615,1.416404,0.8587,0.9449,0.1413,0.0551,0.702795045,0.251590552,5,112.19,0.009215338,0.156857523,0.168851025,0.009181878,0.054378576,0.036495322,0.042481323,1,0.035211268,0.007042254,0.042253521,29,15,44,0.0000465,0.440984566,0.0000547,0.003160809,0.000262358,0.138361749,2.01929334,3,0.000339844,0.002230517,0.000101412,65.04,49.59,0.4959,30.69621,18.39789,1,61.9,37.1,0.371,2.361,0.599353796
乌海,2019,内蒙古,0.151251502,1.281059063,1.319275681,-2.769246032,0.216485188,0.046865836,1,221,5.4587,1.509001,0.8805,0.9463,0.1195,0.0537,0.722966499,0.269677085,66,84.55,0.010939763,0.156857523,0.173925081,0.010153937,0.058381094,0.037652204,0.046903609,1,0.042253521,0.01056338,0.049295775,50,22,72,0,0.418267179,0.00010616,0.002148337,0.000531351,0.169928342,1.969827148,3,0.000325145,0.00223779,0.0000658,71.62,55.09456,0.51926,34.25461,20.32068,0.942488696,62.17421466,36.88327849,0.368832785,2.359407535,0.593224678
乌海,2020,内蒙古,0.151251502,1.273890496,1.319275681,-2.769246032,0.21609373,0.0466965,1,217.3636364,6.223727273,1.558917836,0.888476364,0.932832727,0.111523636,0.067167273,0.724537328,0.275850467,27.34545455,104.9676364,0.009618441,0.156857523,0.17017538,0.010144079,0.059609556,0.036773833,0.046942958,1,0.049295775,0.003521127,0.052816901,50,21,71,0,0.459328349,0.000106181,0.004572978,0.000353371,0.201334322,1.902872395,3,0.000295724,0.002039504,0.0000597,63.56,56.314,0.597,36.313,19.404,1.060127144,64.48307703,34.45679582,0.344567958,2.333966687,0.534354088
乌鲁木齐,2018,新疆,0.523203485,1.577341852,1.13338189,-2.74867222,0.349079598,0.121856566,22,1702,62.3478,1.307337,0.879278947,0.838447368,0.120721053,0.161552632,0.67704738,0.304783911,178,7759.47,0.055073878,0.156857523,0.282847742,0.030093259,0.106393845,0.098736376,0.086207441,30,0.235915493,0.183098592,0.330985915,663,567,1230,0.008030892,0.527832386,0.001699238,0.006416435,0.000288634,0.138361749,2.01929334,3,0.000339844,0.002230517,0.000101412,92.42,309.9766,2.57871,95.09555,212.3023,0.831904731,30.67829959,68.48978278,0.684897828,2.676578522,2.232515612
乌鲁木齐,2019,新疆,0.523203485,1.565999471,1.13338189,-2.74867222,0.348460219,0.121424524,22,2000,67.05,1.376564,0.878042105,0.828177778,0.121957895,0.171822222,0.671668063,0.315339449,702,7438.12,0.059823198,0.156857523,0.302810134,0.033273763,0.109883253,0.105517286,0.095487981,30,0.200704225,0.186619718,0.285211268,359,370,729,0.002876816,0.523826068,0.001500541,0.002777894,0.00029547,0.169928342,1.969827148,3,0.000325145,0.00223779,0.0000658,91.61,341.32587,2.76998,90.61382,247.94207,0.811535323,26.54759805,72.64086663,0.726408666,2.718293313,2.736250055
乌鲁木齐,2020,新疆,0.523203485,1.587383666,1.13338189,-2.74867222,0.349627957,0.122239708,24.81818182,1736.781818,71.78480909,1.398389073,0.896316211,0.884554678,0.103683789,0.115445322,0.711518666,0.335819204,454.4727273,7425.818909,0.056802953,0.156857523,0.291483543,0.034223602,0.117411782,0.101910796,0.097885771,30,0.14084507,0.197183099,0.26056338,270,349,619,0.003800577,0.533958101,0.000699872,0.001477112,0.00025061,0.201334322,1.902872395,3,0.000295724,0.002039504,0.0000597,93.34,333.732,2.705,90.789,240.238,0.810530605,27.20416382,71.98530557,0.719853056,2.71174775,2.646113516
乐山,2018,四川,0.090535289,0.907845934,1.249300169,-2.740873016,0.168260609,0.028311633,3,1056,25.518,1.316465,0.858225,0.856975,0.141775,0.143025,0.665827947,0.245928519,61,1119.77,0.014802011,0.156857523,0.183372499,0.007587969,0.041380083,0.030854368,0.045096527,6,0.063380282,0.049295775,0.102112676,86,67,153,0.000896521,0.480097979,0.000816436,0.001205244,0.00044438,0.138361749,2.01929334,3,0.000339844,0.002230517,0.000101412,75.11,170.981,21.786,74.094,75.101,12.74176663,43.33463952,43.92359385,0.439235938,2.311818272,1.013590844
乐山,2019,四川,0.090535289,0.908622171,1.249300169,-2.740873016,0.168302998,0.028325899,3,1138,25.3952,1.549471,0.86815,0.863925,0.13185,0.136075,0.677634934,0.277317487,51,853.98,0.015100883,0.156857523,0.18377791,0.008577533,0.046673364,0.030930373,0.050964828,6,0.063380282,0.038732394,0.091549296,81,65,146,0.000431804,0.491203448,0.000812767,0.001196182,0.00038746,0.169928342,1.969827148,3,0.000325145,0.00223779,0.0000658,77.81,187.26,24.268,80.188,81.875,12.95952152,42.82174517,43.72263164,0.437226316,2.297709068,1.021038061
乐山,2020,四川,0.090535289,0.896255771,1.249300169,-2.740873016,0.167627699,0.028099046,3.363636364,1161.054545,19.28655273,1.473645473,0.860451364,0.995860758,0.139548636,0.004139242,0.725547329,0.2872546,83.25454545,1010.922545,0.015406474,0.156857523,0.185119936,0.008913863,0.048151828,0.031031229,0.053176553,6,0.045774648,0.084507042,0.123239437,76,91,167,0.00109429,0.512163892,0.000366872,0.0010998,0.000215329,0.201334322,1.902872395,3,0.000295724,0.002039504,0.0000597,75.54,200.34189,29.03255,82.30765,89.00169,14.4915025,41.08359465,44.42490285,0.444249028,2.299334003,1.0813295
九江,2018,江西,0.650761025,0.883660902,0.584790548,-2.721538462,0.299115671,0.089470185,7,1523,31.2056,1.446766,0.870679613,0.872514815,0.129320387,0.127485185,0.683477856,0.283146869,75,5468.14,0.021841952,0.156857523,0.202133918,0.017119462,0.084693666,0.060461423,0.057233586,2,0.183098592,0.088028169,0.232394366,284,139,423,0.00318766,0.516959435,0.002009053,0.002615461,0.000386857,0.138361749,2.01929334,3,0.000339844,0.002230517,0.000101412,84.69,270.019,18.921,136.295,114.803,7.007284673,50.47607761,42.51663772,0.425166377,2.35509353,0.842312631
九江,2019,江西,0.650761025,0.878879455,0.584790548,-2.721538462,0.298854568,0.089314053,7,1656,31.2583,1.446766,0.876737798,0.846184815,0.123262202,0.153815185,0.677979446,0.282977173,241,5118.49,0.021301641,0.156857523,0.203550232,0.017214044,0.084569021,0.060831917,0.057600069,2,0.288732394,0.126760563,0.323943662,478,167,645,0.005410383,0.518902891,0.002203278,0.003840243,0.000382282,0.169928342,1.969827148,3,0.000325145,0.00223779,0.0000658,84.88,312.105,21.205,150.981,139.919,6.794187853,48.37506608,44.83074606,0.448307461,2.380365582,0.926732503
九江,2020,江西,0.650761025,0.862117028,0.584790548,-2.721538462,0.297939213,0.088767775,7,1563.363636,36.53651273,1.446766,0.883901724,0.878483161,0.116098276,0.121516839,0.697839691,0.289907842,171.4545455,6740.364727,0.021655657,0.156857523,0.2039423,0.017615499,0.086374914,0.060762408,0.059124472,2,0.242957746,0.190140845,0.327464789,393,276,669,0.004138325,0.537074588,0.002293368,0.002619809,0.00029976,0.201334322,1.902872395,3,0.000295724,0.002039504,0.0000597,89.61,324.05026,22.85617,153.41009,147.784,7.053279328,47.34144944,45.60527123,0.456052712,2.385519919,0.963326467
云浮,2018,广东,0.62838503,0.791233259,0.598269589,-2.73452381,0.286500122,0.08208232,1,600,81.6259,1.046642,0.9191,0.4859,0.0809,0.5141,0.56631767,0.175714779,34,1635.772,0.003987148,0.156857523,0.157803928,0.007944214,0.050342306,0.045210845,0.027728482,2,0.063380282,0.098591549,0.137323944,75,107,182,0.002026585,0.495612815,0.001956654,0.00104312,0.000295764,0.138361749,2.01929334,3,0.000339844,0.002230517,0.000101412,49.51,85.56747,15.47903,27.04443,43.04401,18.08985354,31.60597129,50.30417517,0.503041752,2.322143216,1.591603521
云浮,2019,广东,0.62838503,0.79095314,0.598269589,-2.73452381,0.286484825,0.082073555,3,620,125.2419,1.084184,0.7631,0.4817,0.2369,0.5183,0.424389499,0.137159765,34,1593.29,0.004615449,0.156857523,0.15925666,0.006257862,0.039294191,0.045624616,0.021843606,2,0.084507042,0.084507042,0.14084507,95,71,166,0.001212873,0.507456504,0.000501178,0.001145688,0.000354001,0.169928342,1.969827148,3,0.000325145,0.00223779,0.0000658,47.92,94.41447452,17.17441137,30.2539448,46.98611835,18.19044321,32.04375701,49.76579978,0.497657998,2.315753566,1.553057582
云浮,2020,广东,0.62838503,0.775181252,0.598269589,-2.73452381,0.285623561,0.081580819,1.727272727,929.5090909,87.43557273,1.030395469,0.83266,0.726776364,0.16734,0.273223636,0.58874653,0.189493139,36.96363636,2000.820811,0.004503446,0.156857523,0.159234523,0.008618362,0.054123705,0.045481132,0.03017385,2,0.052816901,0.073943662,0.105633803,128,119,247,0.000394495,0.500102062,0.000574075,0.001299076,0.000266979,0.201334322,1.902872395,3,0.000295724,0.002039504,0.0000597,58.66,103.3615507,19.16969437,33.7896154,50.40224093,18.54625268,32.69070091,48.7630464,0.487630464,2.302167937,1.491648849
亳州,2018,安徽,0.023861719,0.759709514,1.236684869,-2.775819672,0.132067251,0.017441759,2,1083,26.9857,1.534683,0.9292,0.8558,0.0708,0.1442,0.729118278,0.292392537,159,833.93,0.002612224,0.156857523,0.156351167,0.006037575,0.038615478,0.020648869,0.045715914,1,0.271126761,0.11971831,0.309859155,443,114,557,0.004500019,0.510270495,0.002438944,0.002862494,0.000472119,0.138361749,2.01929334,3,0.000339844,0.002230517,0.000101412,70.56,155.133,21.041,55.454,78.638,13.56320061,35.74610173,50.69069766,0.506906977,2.371274971,1.418076243
亳州,2019,安徽,0.023861719,0.752952533,1.236684869,-2.775819672,0.131698269,0.017344434,2,1242,24.999,1.613155,0.9292,0.8558,0.0708,0.1442,0.729118278,0.303059232,444,1040.31,0.003723357,0.156857523,0.1639361,0.006543079,0.039912376,0.021590101,0.049682349,1,0.200704225,0.295774648,0.373239437,414,267,681,0.005934453,0.522833974,0.001851619,0.0022803,0.000319494,0.169928342,1.969827148,3,0.000325145,0.00223779,0.0000658,68.75,174.026,23.819,60.784,89.423,13.68703527,34.92811419,51.38485054,0.513848505,2.376978153,1.471160174
亳州,2020,安徽,0.023861719,0.73642423,1.236684869,-2.775819672,0.130795699,0.017107515,2,1135.218182,39.19186545,1.540854182,0.93028,0.857248182,0.06972,0.142751818,0.730690616,0.296162932,315.1454545,938.2738182,0.003093768,0.156857523,0.160204572,0.006205818,0.038736838,0.020954069,0.047446656,1,0.376760563,0.338028169,0.503521127,651,387,1038,0.006682347,0.528843559,0.005483574,0.00285964,0.000313636,0.201334322,1.902872395,3,0.000295724,0.002039504,0.0000597,74.38,180.596,25.853,61.357,93.385,14.31537797,33.97472812,51.70934018,0.517093402,2.373928548,1.52199423
伊春,2018,黑龙江,0.072912107,1.141097589,0.35762716,-2.730737705,0.077067934,0.005939466,1,287,12.3187,1.438056286,0.855536923,0.826729231,0.144463077,0.173270769,0.650842751,0.236528443,2,17033.78066,0.046435255,0.156857523,0.263899405,0.004810559,0.018228758,0.020338182,0.062419715,1,0.028169014,0.01056338,0.035211268,12,3,15,0.0000862,0.432013049,0.0000185,0.000863477,0.000258738,0.138361749,2.01929334,3,0.000339844,0.002230517,0.000101412,48.62,27.59605,10.37645,5.93173,11.10705,37.60121467,21.49485162,40.24869501,0.40248695,2.013370029,1.87248071
伊春,2019,黑龙江,0.072912107,1.131351567,0.35762716,-2.730737705,0.076535728,0.005857718,1,297,5.6721,1.448407286,0.872674286,0.82758,0.127325714,0.17242,0.666596074,0.242810433,18,16865.63607,0.048890551,0.156857523,0.269849686,0.005014798,0.018583673,0.020653142,0.065522319,1,0.017605634,0.028169014,0.042253521,17,12,29,0.0000329,0.381293285,0.000170832,0.000734593,0.000308781,0.169928342,1.969827148,3,0.000325145,0.00223779,0.0000658,56.82,29.84822,11.04764,5.92334,12.91312,37.01272639,19.84486847,43.26261331,0.432626133,2.064903033,2.180040315
伊春,2020,黑龙江,0.072912107,1.138637607,0.35762716,-2.730737705,0.076933601,0.005918779,1,248.9454545,7.699174545,1.458863208,0.862485689,0.839353743,0.137514311,0.160646257,0.662333513,0.241962874,8.909090909,17990.70774,0.047349594,0.156857523,0.266605782,0.004962887,0.018615075,0.020510943,0.064508701,1,0.042253521,0.028169014,0.070422535,16,13,29,0.000377185,0.499197718,0.000109949,0.000730127,0.000222299,0.201334322,1.902872395,3,0.000295724,0.002039504,0.0000597,58.9,29.26532,11.63771,5.11975,12.76128,39.76621476,17.494256,43.60546886,0.436054689,2.055711333,2.492559207
佛山,2018,广东,0.06889142,2.119181656,0.702935046,-2.73452381,0.1667864,0.027817703,13,2966,140.8512,1.195777,0.863742424,0.86415,0.136257576,0.13585,0.673767762,0.301006557,7381,69766,0.013416807,0.156857523,0.337520335,0.016944803,0.0502038,0.056293802,0.101595834,46,0.524647887,0.457746479,0.654929577,4359,3908,8267,0.015831847,0.527832386,0.033057655,0.023378037,0.000391942,0.138361749,2.01929334,3,0.000339844,0.002230517,0.000101412,94.94,997.67166,14.45501,566.3511,416.86555,1.448874472,56.76728354,41.78384199,0.41783842,2.403349675,0.736054984
佛山,2019,广东,0.06889142,2.044614984,0.702935046,-2.73452381,0.162714498,0.026476008,13,3069,140.7299,1.339714,0.86714,0.860510811,0.13286,0.139489189,0.675308457,0.318965798,2940,70066.06,0.013777912,0.156857523,0.262387813,0.013618022,0.05190036,0.042694301,0.083692738,46,0.531690141,0.570422535,0.700704225,4679,4447,9126,0.013376598,0.533958101,0.034701023,0.018406038,0.00036491,0.169928342,1.969827148,3,0.000325145,0.00223779,0.0000658,95.32,1073.975987,16.03998514,608.8535535,449.082448,1.493514319,56.69154256,41.81494312,0.418149431,2.403214288,0.73758697
佛山,2020,广东,0.06889142,2.210581378,0.702935046,-2.73452381,0.171777514,0.029507514,12.27272727,3321.436364,123.8344291,1.324645782,0.883623551,0.878269227,0.116376449,0.121730773,0.697500815,0.325283168,4661.872727,74891.77364,0.013079302,0.156857523,0.292507929,0.016344271,0.055876334,0.050246285,0.095147906,46,0.573943662,0.545774648,0.704225352,4499,4764,9263,0.008680139,0.52184563,0.065452282,0.012658829,0.000372306,0.201334322,1.902872395,3,0.000295724,0.002039504,0.0000597,95.27,1075.850006,19.00501949,588.7788436,468.0661434,1.766512002,54.72685226,43.50663573,0.435066357,2.417401237,0.794977857
佳木斯,2018,黑龙江,0.108084926,1.141097589,0.35762716,-2.730737705,0.08987731,0.008077931,5,650,47.0801,1.340704,0.855536923,0.826729231,0.144463077,0.173270769,0.650842751,0.244578522,2,17033.78066,0.046435255,0.156857523,0.263899405,0.005801052,0.02198206,0.023718569,0.064544126,1,0.088028169,0.045774648,0.123239437,59,53,112,0.000646618,0.498296639,0.000213787,0.001064756,0.000295081,0.138361749,2.01929334,3,0.000339844,0.002230517,0.000101412,60.39,72.41102603,35.71141,20.19828,45.29522,49.31764119,27.89392874,62.55293218,0.625529322,2.927642952,2.242528572
佳木斯,2019,黑龙江,0.108084926,1.131351567,0.35762716,-2.730737705,0.089345104,0.007982548,5,682,14.87,1.384163,0.872674286,0.82758,0.127325714,0.17242,0.666596074,0.251174904,60,16865.63607,0.048890551,0.156857523,0.270569562,0.006071919,0.022441248,0.024174066,0.067960284,1,0.059859155,0.035211268,0.091549296,71,61,132,0.000149631,0.471891176,0.000582241,0.001546608,0.000356087,0.169928342,1.969827148,3,0.000325145,0.00223779,0.0000658,82.01,76.29109,35.82189,8.93045,31.53873,46.95422493,11.70575751,41.33999134,0.413399913,1.94385714,3.531594712
佳木斯,2020,黑龙江,0.108084926,1.138637607,0.35762716,-2.730737705,0.089742976,0.008053802,5.436363636,689.6363636,22.43840909,1.344689091,0.862485689,0.839353743,0.137514311,0.160646257,0.662333513,0.247336641,34.54545455,17990.70774,0.047349594,0.156857523,0.267045187,0.005927529,0.022196726,0.02396543,0.06605006,1,0.13028169,0.080985915,0.176056338,108,73,181,0.001378718,0.518902891,0.000318132,0.001812527,0.000255619,0.201334322,1.902872395,3,0.000295724,0.002039504,0.0000597,68.8,80.14785,39.34826,10.47314,31.35815,49.09459206,13.06727504,39.12537891,0.391253789,1.926052789,2.994149797
保定,2018,河北,0.166494182,0.971142384,1.112529036,-2.758571429,0.183082623,0.033519247,16,3120,76.6036,1.289089,0.912483333,0.777383333,0.087516667,0.222616667,0.681507817,0.313739691,152,4780,0.014697233,0.156857523,0.186389187,0.010706248,0.057440285,0.034124621,0.058477686,11,0.257042254,0.228873239,0.352112676,816,480,1296,0.01119416,0.519880109,0.002732588,0.005530765,0.000349781,0.138361749,2.01929334,3,0.000339844,0.002230517,0.000101412,83.58,325.69,35.19,135.61,154.9,10.80475299,41.63775369,47.56056373,0.475605637,2.367619515,1.142246147
保定,2019,河北,0.166494182,0.874897119,1.112529036,-2.758571429,0.177826906,0.031622408,16,3390,67.9604,1.292576,0.906971429,0.793614286,0.093028571,0.206385714,0.683300111,0.317417177,406,4780,0.014697233,0.156857523,0.190742726,0.010766533,0.056445314,0.033919189,0.060545018,11,0.246478873,0.228873239,0.355633803,813,893,1706,0.007254158,0.51792934,0.001635794,0.004142407,0.000322827,0.169928342,1.969827148,3,0.000325145,0.00223779,0.0000658,85.55,377.2202693,44.33452,131.8301677,201.0555816,11.75295275,34.94779534,53.29925191,0.532992519,2.415462992,1.525110565
保定,2020,河北,0.166494182,0.937538024,1.112529036,-2.758571429,0.181247571,0.032850682,17.4,3355.490909,78.26648909,1.309684436,0.925663853,0.757780558,0.074336147,0.242219442,0.685205319,0.324044172,259.0181818,4404.925018,0.015553989,0.156857523,0.190056909,0.011162464,0.058732219,0.034447353,0.061586834,11,0.264084507,0.288732394,0.404929577,501,606,1107,0.007863291,0.549913024,0.001934314,0.002357201,0.000233466,0.201334322,1.902872395,3,0.000295724,0.002039504,0.0000597,87.58,335.33,39.16,110.97,185.2,11.67804849,33.09277428,55.22917723,0.552291772,2.435511287,1.668919528
保山,2018,云南,0.241277708,0.929415939,1.099573758,-2.723784195,0.209033863,0.043695156,3,490,16.0637,1.627737,0.7801,0.8152,0.2199,0.1848,0.578263223,0.237881897,6,418,0.009081158,0.156857523,0.168695943,0.008388469,0.049725372,0.035263165,0.040129711,1,0.028169014,0.014084507,0.038732394,31,14,45,0.0000329,0.41141034,0.001063711,0.001385755,0.000550417,0.138361749,2.01929334,3,0.000339844,0.002230517,0.000101412,54.73,73.81448,16.85,28.11,28.85,22.82749943,38.08195899,39.08447231,0.390844723,2.162448343,1.026325151
保山,2019,云南,0.241277708,0.924036412,1.099573758,-2.723784195,0.2087401,0.043572429,3,590,16.4449,1.677061,0.7854,0.8093,0.2146,0.1907,0.580573893,0.24569309,3,700,0.008963554,0.156857523,0.168500075,0.008641695,0.051286,0.035172722,0.041399304,1,0.031690141,0.003521127,0.035211268,25,16,41,0,0.445252158,0.0000211,0.003790961,0.000214687,0.169928342,1.969827148,3,0.000325145,0.00223779,0.0000658,58.82,96.06764,20.48,36.72,38.87,21.31831281,38.22306866,40.46107513,0.404610751,2.191476755,1.058551198
保山,2020,云南,0.241277708,0.916010354,1.099573758,-2.723784195,0.208301817,0.043389647,2.527272727,540.4181818,16.31081455,1.640124673,0.809790909,0.844424545,0.190209091,0.155575455,0.617088953,0.253639407,14.85454545,508.7803636,0.009439183,0.156857523,0.169729005,0.008967386,0.052833549,0.03535486,0.043049964,1,0.028169014,0.017605634,0.042253521,22,20,42,0.0000323,0.430665114,0.000234296,0.001198489,0.000299703,0.201334322,1.902872395,3,0.000295724,0.002039504,0.0000597,67.67,105.258,24.33,39.26,41.67,23.11463262,37.29882764,39.58843983,0.395884398,2.164776074,1.061385634
信阳,2018,河南,0.21676007,0.687458606,0.661563238,-2.725396825,0.138533241,0.019191459,6,1270,36.085,1.386649,0.8192,0.9609,0.1808,0.0391,0.673949413,0.267822216,358,708.6272554,0.01522678,0.156857523,0.189267309,0.007022249,0.03710228,0.026219814,0.05068999,2,0.235915493,0.116197183,0.288732394,182,171,353,0.013757275,0.523826068,0.00084605,0.002304295,0.000246311,0.138361749,2.01929334,3,0.000339844,0.002230517,0.000101412,53.92,238.779692,44.628,89.754,104.398,18.69003165,37.58862374,43.7214736,0.437214736,2.250316999,1.163157074
信阳,2019,河南,0.21676007,0.685767238,0.661563238,-2.725396825,0.138440879,0.019165877,6,1500,37.0183,1.47939,0.8325,0.9502,0.1675,0.0498,0.681454135,0.28433209,358,729.7818366,0.016685266,0.156857523,0.192695269,0.007585099,0.039363185,0.026676902,0.054789449,2,0.095070423,0.098591549,0.169014085,120,117,237,0.001060918,0.499197718,0.000771402,0.001324023,0.000301135,0.169928342,1.969827148,3,0.000325145,0.00223779,0.0000658,52.11,272.0964439,49.771,99.68048624,122.6449576,18.29167603,36.63424807,45.0740759,0.450740759,2.267823999,1.230380812
信阳,2020,河南,0.21676007,0.685277448,0.661563238,-2.725396825,0.138414133,0.019158472,6.163636364,1459.472727,41.65923636,1.439369182,0.815776364,0.96166,0.184223636,0.03834,0.671188753,0.276470182,289.0909091,754.2972766,0.017197254,0.156857523,0.192725475,0.007375099,0.038267381,0.02667593,0.053282847,2,0.11971831,0.151408451,0.221830986,227,108,335,0.002457231,0.523826068,0.000522127,0.002103812,0.000317074,0.201334322,1.902872395,3,0.000295724,0.002039504,0.0000597,59.15,276.9822395,53.60984687,96.58913662,126.783256,19.35497632,34.87196031,45.77306337,0.457730634,2.264180871,1.312603678
克拉玛依,2018,新疆,0.471885952,1.577341852,1.13338189,-2.74867222,0.330390577,0.109157933,3,220,6.3882,1.171442,0.9567,0.565,0.0433,0.435,0.632978027,0.202811158,3,7759.47,0.055073878,0.156857523,0.279848256,0.018751763,0.067006895,0.092459227,0.056756349,4,0.042253521,0.017605634,0.056338028,59,48,107,0.0000409,0.432690185,0.0001773,0.002087288,0.000443594,0.138361749,2.01929334,3,0.000339844,0.002230517,0.000101412,87.99,89.81,0.5,65.47,23.84,0.556730876,72.89834094,26.54492818,0.265449282,2.259881973,0.364136246
克拉玛依,2019,新疆,0.471885952,1.565999471,1.13338189,-2.74867222,0.329771197,0.108749043,3,230,6.1941,1.227549,0.9298,0.7081,0.0702,0.2919,0.668275624,0.222457316,3,7438.12,0.059823198,0.156857523,0.290829331,0.021335244,0.073360016,0.095907137,0.064697112,4,0.063380282,0.028169014,0.077464789,36,12,48,0.00061294,0.488595289,0.0000609,0.001031163,0.00028001,0.169928342,1.969827148,3,0.000325145,0.00223779,0.0000658,94.59,97.29252,1.60448,66.96629,28.72175,1.649129861,68.82984427,29.52102587,0.295210259,2.27871896,0.428898629
克拉玛依,2020,新疆,0.471885952,1.587383666,1.13338189,-2.74867222,0.330938936,0.109520579,3.4,244.2363636,6.518470909,1.293130327,0.974274545,0.646538182,0.025725455,0.353461818,0.682656637,0.236257126,8.218181818,7425.818909,0.056802953,0.156857523,0.283834777,0.022192099,0.078186682,0.093931979,0.067057989,4,0.031690141,0.01056338,0.038732394,72,41,113,0.0000396,0.408367364,0.0000911,0.003193052,0.000599591,0.201334322,1.902872395,3,0.000295724,0.002039504,0.0000597,88.18,88.69,1.73,59.8,27.16,1.9506145,67.42586537,30.62352013,0.306235201,2.286729056,0.454180602
六安,2018,安徽,0.423578797,0.75267173,0.877298495,-2.775819672,0.237667172,0.056485685,4,1012,27.5049,1.324517,0.71435,0.7517,0.28565,0.2483,0.492790192,0.183325173,48,813.05,0.008194131,0.156857523,0.167520729,0.007298941,0.043570375,0.039814178,0.030710767,3,0.102112676,0.25,0.292253521,178,337,515,0.004462718,0.527832386,0.002179204,0.001263673,0.000303553,0.138361749,2.01929334,3,0.000339844,0.002230517,0.000101412,74.24,144.848,19.668,52.404,72.775,13.57837181,36.17861482,50.24232299,0.50242323,2.366625704,1.388729868
六安,2019,安徽,0.423578797,0.746104522,0.877298495,-2.775819672,0.237308553,0.05631535,4,1138,26.2981,1.390762,0.70015,0.7511,0.29985,0.2489,0.47978062,0.187369174,373,878.69,0.009886395,0.156857523,0.177087738,0.007874084,0.044464308,0.042024435,0.033180783,3,0.211267606,0.408450704,0.471830986,343,459,802,0.009678307,0.554329996,0.00111649,0.001674218,0.000208095,0.169928342,1.969827148,3,0.000325145,0.00223779,0.0000658,77.76,161.689,21.708,57.83,82.151,13.42577417,35.76619312,50.8080327,0.508080327,2.373822585,1.420560263
六安,2020,安徽,0.423578797,0.717410504,0.877298495,-2.775819672,0.235741644,0.055574123,4.054545455,1094.672727,21.17622727,1.338481069,0.674162727,0.853109091,0.325837273,0.146890909,0.498821659,0.187538084,210.1272727,863.8792727,0.010243575,0.156857523,0.175126314,0.007742428,0.044210536,0.041284565,0.032842854,3,0.334507042,0.376760563,0.5,748,556,1304,0.006181444,0.543417988,0.004853539,0.002765706,0.000304549,0.201334322,1.902872395,3,0.000295724,0.002039504,0.0000597,82.36,166.945,24.064,61.577,81.304,14.41432807,36.88460271,48.70106921,0.487010692,2.342867411,1.320363123
六盘水,2018,贵州,0.88476996,0.864438388,0.558647857,-2.76748366,0.377209967,0.142287359,3,529,21.09,1.152418,0.7704,0.8252,0.2296,0.1748,0.573702578,0.184848461,10,205.78,0.006545967,0.156857523,0.162724296,0.011346225,0.069726682,0.061381226,0.030079336,1,0.049295775,0.042253521,0.080985915,69,54,123,0.000536961,0.486871848,0.000160499,0.001824744,0.000255253,0.138361749,2.01929334,3,0.000339844,0.002230517,0.000101412,64.23,117.737,14.794,53.621,49.322,12.56529383,45.54303235,41.89167382,0.418916738,2.2932638,0.919826188
六盘水,2019,贵州,0.88476996,0.856515954,0.558647857,-2.76748366,0.376777342,0.141961166,3,668,21.19,1.236127,0.7956,0.837,0.2044,0.163,0.601251375,0.206506827,3,138,0.00725647,0.156857523,0.16423793,0.012778876,0.077807094,0.061881131,0.033916254,1,0.059859155,0.031690141,0.088028169,28,18,46,0.000295752,0.490330973,0.000417849,0.000731281,0.000319001,0.169928342,1.969827148,3,0.000325145,0.00223779,0.0000658,63.18,126.597,15.476,57.952,53.169,12.22461828,45.77675616,41.99862556,0.419986256,2.297740073,0.917466179
六盘水,2020,贵州,0.88476996,0.857355043,0.558647857,-2.76748366,0.376823163,0.141995696,2.672727273,594.4,27.03541636,1.240760527,0.815143636,0.801521818,0.184856364,0.198478182,0.604069247,0.207161668,8.054545455,219.1790909,0.00704298,0.156857523,0.163861987,0.01279161,0.078063315,0.061746992,0.033945923,1,0.049295775,0.063380282,0.095070423,36,66,102,0.00051388,0.501009688,0.000114692,0.000732935,0.000276275,0.201334322,1.902872395,3,0.000295724,0.002039504,0.0000597,63.47,134.248,17.076,59.331,57.841,12.71974257,44.19507181,43.08518563,0.430851856,2.303654431,0.974886653
兰州,2018,甘肃,0.099030938,1.283313545,1.373513416,-2.732894737,0.206095448,0.042475334,23,1724,51.0716,1.365501,0.846845455,0.83297,0.153154545,0.16703,0.645626102,0.300221962,113,2012.967329,0.079915309,0.156857523,0.337279318,0.020868949,0.06187438,0.069511732,0.101258659,20,0.11971831,0.126760563,0.193661972,228,231,459,0.002391386,0.499197718,0.000916103,0.00221517,0.000282851,0.138361749,2.01929334,3,0.000339844,0.002230517,0.000101412,91.18,266.019,4.429,94.428,167.162,1.664918671,35.49671264,62.83836869,0.628383687,2.6117345,1.770258822
兰州,2019,甘肃,0.099030938,1.291480842,1.373513416,-2.732894737,0.206541444,0.042659368,23,1973,50.6649,1.425034,0.844163636,0.83511,0.155836364,0.16489,0.644105551,0.309730196,721,1730.93716,0.083255651,0.156857523,0.35539766,0.022735542,0.063972122,0.073404346,0.110077387,20,0.190140845,0.225352113,0.313380282,353,356,709,0.01727578,0.527832386,0.000995411,0.003115098,0.000244014,0.169928342,1.969827148,3,0.000325145,0.00223779,0.0000658,91.72,285.251,5.166,94.459,185.626,1.811036596,33.11434491,65.07461849,0.650746185,2.632635819,1.965148901
兰州,2020,甘肃,0.099030938,1.340736722,1.373513416,-2.732894737,0.209231187,0.04377769,21.47272727,1839.418182,62.55298909,1.422857709,0.862053591,0.865912223,0.137946409,0.134087777,0.672982517,0.316879799,362.7090909,3433.540145,0.08139586,0.156857523,0.345689907,0.022919634,0.066301136,0.072329109,0.109542148,20,0.161971831,0.242957746,0.302816901,657,767,1424,0.003836518,0.527832386,0.000719453,0.003888385,0.000260349,0.201334322,1.902872395,3,0.000295724,0.002039504,0.0000597,91.29,287.753,5.629,93.047,189.077,1.956191595,32.33571848,65.70808992,0.657080899,2.637518983,2.032059067
内江,2018,四川,0.546462662,0.790731154,1.249300169,-2.740873016,0.327906684,0.107522794,3,2980,18.69,1.496112,0.846570663,0.9609,0.153429337,0.0391,0.698544886,0.304635578,36,215.24,0.010657248,0.156857523,0.172809567,0.017262301,0.099892042,0.056665412,0.052643942,3,0.042253521,0.031690141,0.063380282,49,50,99,0.000522061,0.443820479,0.000855286,0.001103621,0.000430536,0.138361749,2.01929334,3,0.000339844,0.002230517,0.000101412,70.7,131.883,22.918,44.579,64.386,17.37752402,33.8019305,48.82054548,0.488205455,2.314430215,1.444312344
内江,2019,四川,0.546462662,0.783959983,1.249300169,-2.740873016,0.327536927,0.107280439,4,3900,18.0157,1.271049,0.847053113,0.9502,0.152946887,0.0498,0.694531666,0.293418857,71,205.31,0.01178125,0.156857523,0.176039066,0.016918324,0.096105511,0.057659295,0.051653182,3,0.031690141,0.056338028,0.084507042,42,58,100,0.000413067,0.471891176,0.000137076,0.000863454,0.000352787,0.169928342,1.969827148,3,0.000325145,0.00223779,0.0000658,75.7,141.239,24.05,48.988,70.292,17.02787474,34.684471,49.76812354,0.497681235,2.357011873,1.434882012
内江,2020,四川,0.546462662,0.761171161,1.249300169,-2.740873016,0.326292486,0.106466786,3.727272727,2985.509091,19.09837273,1.493759545,0.848763765,0.957227273,0.151236235,0.042772727,0.698989296,0.306254686,74.09090909,196.9614545,0.011603421,0.156857523,0.1756714,0.017554597,0.099928603,0.057320258,0.053800189,3,0.066901408,0.105633803,0.158450704,85,128,213,0.000554528,0.505597689,0.001239198,0.000898351,0.000325303,0.201334322,1.902872395,3,0.000295724,0.002039504,0.0000597,74.65,146.588,26.91,47.908,71.77,18.35757361,32.68207493,48.96035146,0.489603515,2.306027779,1.498079653
包头,2018,内蒙古,0.455973193,1.206813305,1.319275681,-2.769246032,0.323405554,0.104591152,5,690,23.2928,1.38628,0.88142,0.84942,0.11858,0.15058,0.683531399,0.259122593,141,2489.62,0.028308883,0.156857523,0.217035684,0.018187956,0.083801686,0.070190545,0.056238849,6,0.10915493,0.035211268,0.13028169,178,130,308,0.002632899,0.501009688,0.000226621,0.004416384,0.000245704,0.138361749,2.01929334,3,0.000339844,0.002230517,0.000101412,71.56,295.18,9.15058,121.31898,164.71044,3.1,41.1,55.8,0.558,2.527,1.357664234
包头,2019,内蒙古,0.455973193,1.204390613,1.319275681,-2.769246032,0.323273257,0.104505599,5,740,22.1301,1.501256,0.8893,0.85226,0.1107,0.14774,0.691792684,0.275508778,237,2761.37,0.029036492,0.156857523,0.220512748,0.019639884,0.08906462,0.071285874,0.060753198,6,0.105633803,0.073943662,0.161971831,184,136,320,0.00299538,0.511215441,0.000367038,0.004323391,0.000193744,0.169928342,1.969827148,3,0.000325145,0.00223779,0.0000658,72.7,271.44692,9.64003,106.648,155.15889,3.551349929,39.2887125,57.15993757,0.571599376,2.536085876,1.454869196
包头,2020,内蒙古,0.455973193,1.204879341,1.319275681,-2.769246032,0.323299945,0.104522854,3.890909091,744.8363636,10.05948727,1.523379764,0.892659182,0.858394364,0.107340818,0.141605636,0.697360614,0.275996726,135.7454545,2370.943091,0.029537212,0.156857523,0.219769142,0.01960994,0.089229726,0.071051352,0.060655564,6,0.091549296,0.063380282,0.133802817,155,120,275,0.001335573,0.511215441,0.000340616,0.002514948,0.00025722,0.201334322,1.902872395,3,0.000295724,0.002039504,0.0000597,71.08,278.736,10.523,115.298,152.915,3.775256874,41.36458871,54.86015441,0.548601544,2.510848975,1.326258912
北京市,2018,北京,0.357030798,1.593006674,1.206359167,-2.719512195,0.299486132,0.089691943,92,6347,619.3326,1.402141,0.860907968,0.833010985,0.139092032,0.166989015,0.65827981,0.605830929,8758,412426.2577,0.027143313,0.156857523,0.552676042,0.100276414,0.181437962,0.16551881,0.33482824,436,0,0,0,0,0,0,0,0,8.16E-71,0.00053267,0,0.138361749,2.01929334,3,0.000339844,0.002230517,0.000101412,99.05,3310.597,12.06,547.74,2750.81,0.36428475,16.54505215,83.09105578,0.830910558,2.827275564,5.02210903
北京市,2019,北京,0.357030798,1.573239541,1.206359167,-2.719512195,0.298406698,0.089046557,93,6885,619.6743,1.507114,0.863982482,0.817234146,0.136017518,0.182765854,0.654485982,0.625905353,8359,416276.003,0.027464499,0.156857523,0.548380613,0.102423432,0.18677435,0.163640448,0.343234361,436,0,0,0,0,0,0,0,0,9.96E-76,0.00053267,0,0.169928342,1.969827148,3,0.000325145,0.00223779,0.0000658,98.81,3544.513,11.44,566.74,2966.34,0.322752378,15.98922052,83.68822459,0.836882246,2.833658672,5.234040301
北京市,2020,北京,0.357030798,1.626688869,1.206359167,-2.719512195,0.301325434,0.090797017,92.83636364,6207.090909,803.3329327,1.511300745,0.876008248,0.84619201,0.123991752,0.15380799,0.677326858,0.651274448,10377.18182,404399.1172,0.02610756,0.156857523,0.574267555,0.112697455,0.196245556,0.17304142,0.374005785,436,0,0,0,0,0,0,0,0,5.51E-121,0.00053267,0,0.201334322,1.902872395,3,0.000295724,0.002039504,0.0000597,98.73,3594.325,10.83,573.91,3009.59,0.301308312,15.96711483,83.73171597,0.83731716,2.834306859,5.244010385
北海,2018,广西,0.045654356,0.942866764,0.995289246,0.410996293,0.345281334,0.1192192,4,576,15.6658,1.494802,0.8849,0.8158,0.1151,0.1842,0.672686604,0.262151063,18,4118.582827,0.014821429,0.156857523,0.184075854,0.016661786,0.090515869,0.063557957,0.048255681,6,0.183098592,0.151408451,0.288732394,233,325,558,0.008969101,0.524821935,0.006030792,0.002044407,0.000260018,0.138361749,2.01929334,3,0.000339844,0.002230517,0.000101412,90.37,121.3301037,20.12185,58.3190244,42.8892293,16.58438375,48.06640942,35.34920683,0.353492068,2.187648231,0.735424328
北海,2019,广西,0.045654356,0.943732312,0.995289246,0.410996293,0.3453286,0.119251842,4,677,15.5527,1.480239,0.8779,0.7807,0.1221,0.2193,0.651809341,0.254084675,64,4263.248532,0.029693656,0.156857523,0.219786259,0.019284641,0.087742705,0.075898481,0.05584432,6,0.116197183,0.158450704,0.23943662,125,166,291,0.003541124,0.525821596,0.004904657,0.001177413,0.000280735,0.169928342,1.969827148,3,0.000325145,0.00223779,0.0000658,94.18,130.08,21.17006,55.7824632,53.1277108,16.27464637,42.88319742,40.8423361,0.408423361,2.245680495,0.952408835
北海,2020,广西,0.045654356,0.940072889,0.995289246,0.082407087,0.322252458,0.103846646,4.054545455,645.2545455,21.37580909,1.509162,0.982521818,0.808125455,0.017478182,0.191874545,0.757220848,0.297573234,45.16363636,4778.237067,0.023390224,0.156857523,0.204930169,0.019651513,0.095893706,0.06603925,0.060981733,6,0.091549296,0.165492958,0.218309859,138,204,342,0.001948621,0.522833974,0.003941594,0.000908941,0.000342494,0.201334322,1.902872395,3,0.000295724,0.002039504,0.0000597,85.69,127.691,20.66,48.566,58.466,16.17968377,38.03400396,45.78709541,0.457870954,2.296089779,1.203846312
十堰,2018,湖北,0.455908574,0.982688979,0.556737347,-2.744369369,0.228881684,0.052386825,6,1061,20.7517,1.035559,0.864057684,0.7051,0.135942316,0.2949,0.607952355,0.198886617,205,693.7770121,0.015002936,0.156857523,0.186113391,0.008472161,0.045521504,0.042597946,0.037015463,3,0.049295775,0.098591549,0.13028169,124,231,355,0.001176822,0.496504205,0.00107329,0.001103389,0.00041579,0.138361749,2.01929334,3,0.000339844,0.002230517,0.000101412,78.06,186.35733,15.82553,82.97493,87.55687,8.492035167,44.52463984,46.98332499,0.46983325,2.384912898,1.055220776
十堰,2019,湖北,0.455908574,0.981626993,0.556737347,-2.744369369,0.228823691,0.052360282,6,1392,18.8651,1.197859,0.867036791,0.712533333,0.132963209,0.287466667,0.613718579,0.223473669,150,897.2965137,0.017686875,0.156857523,0.191555463,0.009795394,0.05113607,0.043832428,0.042807602,3,0.095070423,0.105633803,0.165492958,268,289,557,0.001750347,0.501920615,0.001149271,0.001759134,0.000395433,0.169928342,1.969827148,3,0.000325145,0.00223779,0.0000658,73.21,201.2721945,17.14555,88.41830299,95.70834147,8.518588495,43.92971579,47.55169572,0.475516957,2.390331072,1.082449428
十堰,2020,湖北,0.455908574,0.997052884,0.556737347,-2.744369369,0.229666061,0.0527465,7.345454545,1248,22.75983091,1.141501455,0.875887489,0.705719394,0.124112511,0.294280606,0.618840113,0.220587165,212.9454545,863.1758087,0.016977627,0.156857523,0.190956272,0.009674109,0.050661385,0.043856175,0.042122503,3,0.073943662,0.073943662,0.123239437,131,110,241,0.000537024,0.501009688,0.000418942,0.00150727,0.000357555,0.201334322,1.902872395,3,0.000295724,0.002039504,0.0000597,82.6,191.5069061,19.03,79.32,93.16,9.936978458,41.41887185,48.64576527,0.486457653,2.38712018,1.174483106
南京,2018,江苏,0.1874177,1.32635521,0.622959665,-2.742943548,0.157262022,0.024731343,53,4520,144.2515,1.310682,0.873025397,0.844868657,0.126974603,0.155131343,0.674096482,0.423107039,2425,65491.06,0.078066941,0.156857523,0.402101065,0.026755269,0.066538668,0.063235226,0.170131791,111,0.454225352,0.461267606,0.612676056,4118,3971,8089,0.021178044,0.541286937,0.074734164,0.016828246,0.00042463,0.138361749,2.01929334,3,0.000339844,0.002230517,0.000101412,90.77,1300.917,27.634,476.631,796.652,2.124193934,36.63807914,61.23772693,0.612377269,2.59113533,1.671422967
南京,2019,江苏,0.1874177,1.30759911,0.622959665,-2.742943548,0.156237797,0.024410249,53,5368,146.2174,1.404678,0.874287879,0.837138571,0.125712121,0.162861429,0.672018454,0.445106829,2123,69960.36,0.079233861,0.156857523,0.401738457,0.027937901,0.06954251,0.062766732,0.178816531,111,0.577464789,0.573943662,0.725352113,6137,5844,11981,0.018922912,0.533958101,0.072890677,0.021402336,0.000440314,0.169928342,1.969827148,3,0.000325145,0.00223779,0.0000658,94.53,1404.515,28.782,504.085,871.648,2.049248317,35.89032513,62.06042655,0.620604266,2.600111782,1.729168692
南京,2020,江苏,0.1874177,1.373227918,0.622959665,-2.742943548,0.159821625,0.025542952,51.16363636,5232.054545,156.1855709,1.407213236,0.888881772,0.827360738,0.111118228,0.172639262,0.681069115,0.444315987,2732.381818,69159.64182,0.070915905,0.156857523,0.392316734,0.027858922,0.071011303,0.062700698,0.174312597,111,0.61971831,0.64084507,0.785211268,8471,8926,17397,0.013307634,0.536031724,0.125617161,0.023606696,0.0004638,0.201334322,1.902872395,3,0.000295724,0.002039504,0.0000597,95.56,1478.295,29.68,517.935,930.68,2.007718351,35.03597049,62.95631116,0.629563112,2.609485928,1.796905017
南充,2018,四川,0.204771796,0.792644435,1.249300169,-2.740873016,0.20357284,0.041441901,4,1350,32.9773,1.220325,0.846570663,0.85911544,0.153429337,0.14088456,0.65624481,0.239104119,101,152.91,0.013521468,0.156857523,0.180607281,0.008791078,0.048675105,0.036766737,0.043183945,2,0.063380282,0.070422535,0.112676056,60,59,119,0.000623089,0.473510014,0.000711064,0.000805954,0.000392073,0.138361749,2.01929334,3,0.000339844,0.002230517,0.000101412,63.77,211.573,36.656,85.12,89.797,17.32546213,40.23197667,42.4425612,0.424425612,2.251170991,1.054945959
南充,2019,四川,0.204771796,0.786978159,1.249300169,-2.740873016,0.203263418,0.041316017,5,1610,134.3252,1.399845,0.847053113,0.859014767,0.152946887,0.140985233,0.656636504,0.279510254,219,923.97,0.014983313,0.156857523,0.186414433,0.010590989,0.05681421,0.037891235,0.052104746,2,0.056338028,0.056338028,0.091549296,73,86,159,0.000307852,0.481773714,0.000379213,0.000991129,0.000472216,0.169928342,1.969827148,3,0.000325145,0.00223779,0.0000658,60.15,230.231,40.425,93.762,98.035,17.55845216,40.72518471,42.58114676,0.425811468,2.267522619,1.045572833
南充,2020,四川,0.204771796,0.781560901,1.249300169,-2.740873016,0.202967595,0.041195845,4.363636364,1549.127273,73.81209455,1.343325073,0.848763765,0.87400106,0.151236235,0.12599894,0.664401779,0.265271555,161.9272727,444.2136364,0.015003658,0.156857523,0.185260739,0.009974722,0.05384153,0.037601927,0.049144404,2,0.059859155,0.095070423,0.13028169,56,71,127,0.001097439,0.515030481,0.000420682,0.000970571,0.000303961,0.201334322,1.902872395,3,0.000295724,0.002039504,0.0000597,71.86,240.108,46.076,91.08,102.952,19.18969797,37.93293018,42.87737185,0.428773718,2.236876739,1.130346948
南宁,2018,广西,0.656714646,1.081017618,1.015264066,0.410996293,0.577563974,0.333580144,34,2660,91.4377,1.305015,0.8445,0.762390909,0.1555,0.237609091,0.614186889,0.324619194,520,11183.27591,0.053884095,0.156857523,0.287513753,0.05390548,0.187488352,0.166057586,0.093332483,15,0.299295775,0.316901408,0.426056338,1071,980,2051,0.015863171,0.547730829,0.040422698,0.005942175,0.000315026,0.138361749,2.01929334,3,0.000339844,0.002230517,0.000101412,86.23,416.23699,43.205,99.53487,273.49712,10.37990401,23.91302849,65.7070675,0.657070675,2.553271635,2.747751818
南宁,2019,广西,0.656714646,1.091896109,1.015264066,0.410996293,0.578158022,0.334266698,34,2990,87.1621,1.368235,0.847572727,0.758554545,0.152427273,0.241445455,0.615353731,0.336151488,1698,10839.87968,0.059742572,0.156857523,0.321274827,0.062439338,0.194348679,0.185747618,0.107997011,15,0.36971831,0.39084507,0.507042254,862,872,1734,0.012436571,0.540227667,0.003787311,0.004674761,0.000279898,0.169928342,1.969827148,3,0.000325145,0.00223779,0.0000658,91.21,450.65576,50.72701,104.49719,295.43157,11.25626576,23.18780747,65.55592899,0.65555929,2.542996677,2.827172386
南宁,2020,广西,0.656714646,1.095525751,1.015264066,0.082407087,0.555479917,0.308557939,34.14545455,3005.072727,98.56852,1.314596455,0.872074911,0.754533813,0.127925089,0.245466187,0.635700615,0.340061521,1148.254545,11340.62263,0.059628583,0.156857523,0.311818004,0.058901593,0.188897345,0.173208639,0.106037305,15,0.352112676,0.36971831,0.503521127,864,942,1806,0.005306018,0.534992903,0.004754539,0.004073922,0.000277351,0.201334322,1.902872395,3,0.000295724,0.002039504,0.0000597,89.42,472.63421,53.43563,108.43178,310.7668,11.30591668,22.94200837,65.75207495,0.65752075,2.544461583,2.86601216
南平,2018,福建,0.261282264,0.837945158,0.922401786,0.600432482,0.423240019,0.179132113,4,953,21.2072,1.334593,0.8617,0.855142857,0.1383,0.144857143,0.668189197,0.248902719,258,1696.53,0.009994776,0.156857523,0.175751059,0.018514599,0.105345592,0.074384882,0.043744917,8,0.073943662,0.084507042,0.126760563,95,110,205,0.001784722,0.498296639,0.00026779,0.001402757,0.000313369,0.138361749,2.01929334,3,0.000339844,0.002230517,0.000101412,81.87,179.2513,29.10518,77.58045,72.56567,16.23708168,43.28027189,40.48264643,0.404826464,2.242455647,0.935360262
南平,2019,福建,0.261282264,0.842078803,0.922401786,0.600432482,0.423465747,0.179323239,4,1074,20.4642,1.490419,0.841116667,0.854371429,0.158883333,0.145628571,0.649372272,0.260660867,280,1767.55,0.011509328,0.156857523,0.179710689,0.019836636,0.110380949,0.076101321,0.046843544,8,0.080985915,0.098591549,0.154929577,97,93,190,0.001707056,0.514071393,0.000178192,0.00120185,0.000296171,0.169928342,1.969827148,3,0.000325145,0.00223779,0.0000658,79.84,199.15671,31.54277,83.13218,84.48176,15.83816583,41.74209345,42.41974072,0.424197407,2.265815749,1.016234147
南平,2020,福建,0.261282264,0.82047077,0.922401786,0.809560671,0.436845245,0.190833768,4,1071.763636,25.75572909,1.472354109,0.843467636,0.860114857,0.156532364,0.139885143,0.65387175,0.261086817,318.5454545,1741.708182,0.010951711,0.156857523,0.179052499,0.020421749,0.114054535,0.078218233,0.046748247,8,0.102112676,0.077464789,0.151408451,284,209,493,0.000652542,0.505597689,0.000649101,0.002118414,0.000476513,0.201334322,1.902872395,3,0.000295724,0.002039504,0.0000597,86.17,200.74,32.976,75.942,91.822,16.42721929,37.83102521,45.7417555,0.457417555,2.293145362,1.20910695
南昌,2018,江西,0.345377996,1.131122167,0.584790548,-2.721538462,0.201413328,0.040567329,53,2379,63.8,1.183981,0.846978571,0.893566667,0.153021429,0.106433333,0.670928752,0.365809562,705,11956.87,0.101496414,0.156857523,0.402629105,0.029665278,0.073678922,0.081094868,0.147285577,27,0.373239437,0.341549296,0.514084507,1068,1036,2104,0.013904925,0.526825073,0.0235457,0.00677379,0.000318067,0.138361749,2.01929334,3,0.000339844,0.002230517,0.000101412,95.45,511.93279,19.0682,243.2806,249.58399,3.724746758,47.52198038,48.75327287,0.487532729,2.450285261,1.025909957
南昌,2019,江西,0.345377996,1.145609056,0.584790548,-2.721538462,0.202204422,0.040886628,51,2648,61.7,1.307974,0.852235714,0.872113333,0.147764286,0.127886667,0.666737187,0.377154336,817,15372.53,0.102677085,0.156857523,0.408904561,0.031183992,0.076262275,0.08268231,0.154220128,27,0.352112676,0.436619718,0.531690141,958,1304,2262,0.011609621,0.534992903,0.007840645,0.00425554,0.000292967,0.169928342,1.969827148,3,0.000325145,0.00223779,0.0000658,96.08,553.66568,21.29226,260.80479,271.56863,3.845688972,47.10510321,49.04920782,0.490492078,2.452035188,1.041271635
南昌,2020,江西,0.345377996,1.17326227,0.584790548,-2.721538462,0.203714496,0.041499596,55.78181818,2410.472727,98.23784727,1.229560436,0.875174852,0.912331179,0.124825148,0.087668821,0.70406437,0.394765707,757.7636364,14753.64182,0.104222381,0.156857523,0.411222955,0.033070343,0.080419497,0.083772077,0.16233672,27,0.447183099,0.538732394,0.647887324,1023,1637,2660,0.016431589,0.583628622,0.010655298,0.003986371,0.000232456,0.201334322,1.902872395,3,0.000295724,0.002039504,0.0000597,96.54,578.3324,23.54518,269.33985,285.44737,4.07121925,46.57180715,49.3569736,0.493569736,2.452857544,1.059803702
南通,2018,江苏,0.502451065,1.009127629,0.622959665,-2.742943548,0.254669094,0.064856348,9,2920,73.093,1.323939,0.869931034,0.859553333,0.130068966,0.140446667,0.677418588,0.297539969,840,38591,0.012722878,0.156857523,0.209281134,0.015858118,0.075774234,0.053297437,0.062269502,46,0.637323944,0.376760563,0.711267606,2969,1348,4317,0.033101683,0.525821596,0.011644951,0.027773825,0.000327786,0.138361749,2.01929334,3,0.000339844,0.002230517,0.000101412,64.64,875.323,40.841,430.812,403.67,4.665820503,49.21748886,46.11669064,0.461166906,2.414508701,0.936998041
南通,2019,江苏,0.502451065,1.016609197,0.622959665,-2.742943548,0.255077644,0.065064605,8,3539,74.474,1.399859,0.875351613,0.84079697,0.124648387,0.15920303,0.674494706,0.311703485,676,36571.47,0.013735695,0.156857523,0.207904473,0.016530192,0.079508591,0.053031783,0.064804549,46,0.559859155,0.387323944,0.637323944,3625,2093,5718,0.014381366,0.528843559,0.020124822,0.017637156,0.000446892,0.169928342,1.969827148,3,0.000325145,0.00223779,0.0000658,67.83,936.939,42.884,458.81,435.245,4.577032229,48.9690364,46.45393137,0.464539314,2.418768991,0.94863887
南通,2020,江苏,0.502451065,1.030308165,0.622959665,-2.742943548,0.255825711,0.065446795,9.090909091,3416.327273,75.83388364,1.400911982,0.886690521,0.865369979,0.113309479,0.134630021,0.694896091,0.320326568,876.4090909,40818.19691,0.012624095,0.156857523,0.210709629,0.017267185,0.081947772,0.053904941,0.067495892,46,0.669014085,0.38028169,0.690140845,6994,2793,9787,0.010483501,0.52184563,0.072122561,0.036704774,0.000614846,0.201334322,1.902872395,3,0.000295724,0.002039504,0.0000597,81.28,1001.831,45.87,474.785,481.176,4.578616553,47.39172575,48.0296577,0.480296577,2.434510411,1.01346083
南阳,2018,河南,0.153983336,0.795322229,0.932431494,-2.725396825,0.151397186,0.022921108,6,1792,315.3,1.258923,0.908225,0.75945,0.091775,0.24055,0.670228434,0.299741071,247,2563.242361,0.009196381,0.156857523,0.174094536,0.007900402,0.045379955,0.026357423,0.052183283,7,0.10915493,0.13028169,0.193661972,301,221,522,0.0027681,0.514071393,0.002361148,0.002615916,0.000441008,0.138361749,2.01929334,3,0.000339844,0.002230517,0.000101412,64.85,356.6769941,52.402,147.557,156.718,14.69172413,41.36992361,43.93835391,0.439383539,2.292466331,1.062084483
南阳,2019,河南,0.153983336,0.787667115,0.932431494,-2.725396825,0.150979159,0.022794707,6,2090,449.68,1.421792,0.868125,0.69235,0.131875,0.30765,0.606308573,0.317139663,247,2546,0.010161669,0.156857523,0.176348773,0.00844384,0.04788148,0.02662499,0.05592719,7,0.158450704,0.186619718,0.264084507,459,511,970,0.002119028,0.506525391,0.001870338,0.002756932,0.000335591,0.169928342,1.969827148,3,0.000325145,0.00223779,0.0000658,67.56,379.4990396,56.946,127.3478049,195.2052346,15.00557157,33.55681876,51.43760966,0.514376097,2.364320381,1.532851193
南阳,2020,河南,0.153983336,0.794480711,0.932431494,-2.725396825,0.151351233,0.022907196,6.709090909,2018.927273,288.8715782,1.340550982,0.888648636,0.671617879,0.111351364,0.328382121,0.616135313,0.289341344,195.8181818,2695.093989,0.009760869,0.156857523,0.174601552,0.007646181,0.043792169,0.02642616,0.050519448,7,0.165492958,0.253521127,0.338028169,219,308,527,0.004338939,0.536031724,0.000652591,0.001688301,0.000224842,0.201334322,1.902872395,3,0.000295724,0.002039504,0.0000597,69.37,388.8389372,65.22546394,122.1840124,201.4294609,16.77441678,31.4227822,51.80280102,0.51802801,2.350283842,1.648574613
厦门,2018,福建,0.029805487,2.056811113,1.109769935,0.600432482,0.426137711,0.181593349,16,2376,328.72,1.301998,0.891728947,0.850118421,0.108271053,0.149881579,0.693085346,0.345041599,1335,91043.92,0.032762097,0.156857523,0.289127352,0.042511909,0.147035237,0.123208068,0.099760964,62,0.242957746,0.228873239,0.327464789,1634,1343,2977,0.005333742,0.501009688,0.005667179,0.009345295,0.000500199,0.138361749,2.01929334,3,0.000339844,0.002230517,0.000101412,99.65,546.86098,2.45571,226.44124,317.96404,0.449055627,41.40745972,58.14348649,0.581434865,2.576944345,1.404179027
厦门,2019,福建,0.029805487,1.975003857,1.109769935,0.600432482,0.421670418,0.177805941,16,2363,510.22,1.481424,0.890120513,0.820005,0.109879487,0.179995,0.679125327,0.385442633,2561,93024.13,0.030585938,0.156857523,0.3059619,0.049727913,0.162529756,0.129015082,0.11793076,62,0.285211268,0.292253521,0.415492958,1681,1649,3330,0.005072087,0.520861015,0.007430828,0.006192582,0.000402508,0.169928342,1.969827148,3,0.000325145,0.00223779,0.0000658,99.4,601.50422,2.651,243.49023,355.36299,0.440728413,40.48021974,59.07905185,0.590790518,2.586383234,1.459454821
厦门,2020,福建,0.029805487,2.114127007,1.109769935,0.809560671,0.443827051,0.196982451,15.72727273,2543.290909,377.4386036,1.4653354,0.912055802,0.82580938,0.087944198,0.17419062,0.701248745,0.374971833,1909.381818,100409.9249,0.032038047,0.156857523,0.30163181,0.050198363,0.166422643,0.133872357,0.113103433,62,0.404929577,0.397887324,0.549295775,2273,2410,4683,0.007567718,0.544489819,0.006270096,0.006872378,0.000323179,0.201334322,1.902872395,3,0.000295724,0.002039504,0.0000597,99.32,643.50233,2.893,266.60408,374.00525,0.449571022,41.43016545,58.12026353,0.581202635,2.576706925,1.402848936
双鸭山,2018,黑龙江,0.094230852,1.141097589,0.35762716,-2.730737705,0.084831879,0.007196448,1,337,8.4625,1.438056286,0.855536923,0.826729231,0.144463077,0.173270769,0.650842751,0.236689558,15,17033.78066,0.046435255,0.156857523,0.264122224,0.005303263,0.02007882,0.022405984,0.062514972,0,0.017605634,0.021126761,0.035211268,6,8,14,0.000266294,0.445252158,0.000149233,0.000713648,0.000395216,0.138361749,2.01929334,3,0.000339844,0.002230517,0.000101412,57.6,44.68229,19.44499,10.40734,20.84842,43.51833803,23.29186799,46.65924687,0.466592469,2.300798146,2.003241943
双鸭山,2019,黑龙江,0.094230852,1.131351567,0.35762716,-2.730737705,0.084299672,0.007106435,1,351,8.5613,1.448407286,0.872674286,0.82758,0.127325714,0.17242,0.666596074,0.243995089,28,16865.63607,0.048890551,0.156857523,0.270021085,0.005553984,0.020568706,0.022762689,0.065883819,0,0.017605634,0.021126761,0.038732394,17,16,33,0.000127392,0.437490235,0.0000204,0.001328442,0.000206244,0.169928342,1.969827148,3,0.000325145,0.00223779,0.0000658,49.86,47.83118,19.20114,10.9268,17.51558,40.14356326,22.84451272,36.6195858,0.366195858,1.956913461,1.602992642
双鸭山,2020,黑龙江,0.094230852,1.138637607,0.35762716,-2.730737705,0.084697545,0.007173674,2.745454545,372.0727273,10.29645273,1.458863208,0.862485689,0.839353743,0.137514311,0.160646257,0.662333513,0.247871093,17.81818182,17990.70774,0.047349594,0.156857523,0.266758483,0.005600347,0.020994073,0.022593789,0.066121717,0,0.021126761,0.017605634,0.035211268,8,9,17,0.000055,0.438881301,0.0000788,0.000718092,0.000321145,0.201334322,1.902872395,3,0.000295724,0.002039504,0.0000597,58.06,48.76205,21.00643,11.12934,17.25868,43.07946446,22.82377382,35.39367192,0.353936719,1.949080279,1.550737061
台州,2018,浙江,0.010237687,1.07168814,0.622959665,-2.744736842,0.078704316,0.006194369,4,2451,71.1268,1.218222,0.878347826,0.841538298,0.121652174,0.158461702,0.677495209,0.268072435,800,26412,0.005427867,0.156857523,0.185833965,0.00392081,0.021098458,0.014625935,0.049816964,61,0.457746479,0.485915493,0.647887324,2746,2220,4966,0.023934385,0.522833974,0.010594797,0.012630954,0.000334112,0.138361749,2.01929334,3,0.000339844,0.002230517,0.000101412,90.31,488.032418,26.84748,226.774406,234.410531,5.501167343,46.46707834,48.03175411,0.480317541,2.425305864,1.033672781
台州,2019,浙江,0.010237687,1.079322168,0.622959665,-2.744736842,0.079121192,0.006260163,4,2532,74.3127,1.32036,0.882512766,0.844879167,0.117487234,0.155120833,0.682626267,0.282922175,519,24644.20526,0.005704228,0.156857523,0.180843061,0.004048197,0.02238514,0.014308519,0.051164512,61,0.559859155,0.623239437,0.73943662,3016,2575,5591,0.021335047,0.542350369,0.016834239,0.013137127,0.000300183,0.169928342,1.969827148,3,0.000325145,0.00223779,0.0000658,89.91,510.216546,28.3059,229.992525,251.918121,5.547820866,45.07743365,49.37474548,0.493747455,2.438269246,1.095331777
台州,2020,浙江,0.010237687,1.087285246,0.622959665,-2.744736842,0.079556036,0.006329163,4,2786.581818,74.51138364,1.273485273,0.885873685,0.858625978,0.114126315,0.141374022,0.691359373,0.284694394,1622.127273,26693.37046,0.005625169,0.156857523,0.200518435,0.004541574,0.022649157,0.015952452,0.057086474,61,0.665492958,0.598591549,0.781690141,4636,3993,8629,0.014220733,0.544489819,0.022685149,0.015138586,0.000377108,0.201334322,1.902872395,3,0.000295724,0.002039504,0.0000597,92.88,523.839407,29.4865245,227.643444,266.709438,5.628924458,43.45672375,50.9143517,0.509143517,2.45285427,1.171610451
合肥,2018,安徽,0.021150501,1.06699562,0.677005778,-2.775819672,0.086211524,0.007432427,50,3151,93.2475,1.416439,0.878165,0.860755,0.121835,0.139245,0.685317083,0.405702071,2156,30812.66,0.061469817,0.156857523,0.342463006,0.011978052,0.034976194,0.029524258,0.138937951,71,0.426056338,0.496478873,0.598591549,2676,3072,5748,0.017723331,0.520861015,0.009511398,0.01187998,0.00038754,0.138361749,2.01929334,3,0.000339844,0.002230517,0.000101412,97.62,860.513,27.759,316.998,515.756,3.225866431,36.83825811,59.93587546,0.599358755,2.56710009,1.627000801
合肥,2019,安徽,0.021150501,1.062899123,0.677005778,-2.775819672,0.085987824,0.007393906,51,3485,89.2078,1.541694,0.876412195,0.842595122,0.123587805,0.157404878,0.676195037,0.422469956,2794,32209.76,0.065483209,0.156857523,0.363453939,0.01320329,0.036327272,0.031252613,0.153548369,71,0.559859155,0.61971831,0.735915493,3639,4346,7985,0.018985794,0.534992903,0.010772371,0.014027358,0.000384854,0.169928342,1.969827148,3,0.000325145,0.00223779,0.0000658,97.86,937.021,29.186,334.151,573.684,3.11476477,35.66099372,61.22424151,0.612242415,2.581094767,1.71684059
合肥,2020,安徽,0.021150501,1.067531165,0.677005778,-2.775819672,0.086240769,0.00743747,52.54545455,3548.836364,95.23246909,1.539004782,0.891063696,0.861600899,0.108936304,0.138399101,0.697259485,0.43524361,2215.654545,33120.90727,0.062457186,0.156857523,0.346873141,0.013020141,0.037535744,0.029914606,0.150974318,71,0.48943662,0.75,0.809859155,2533,4903,7436,0.020087072,0.573921701,0.013292632,0.007063602,0.000278919,0.201334322,1.902872395,3,0.000295724,0.002039504,0.0000597,97.05,1000.556,33.521,353.579,613.456,3.350237268,35.33825193,61.3115108,0.613115108,2.579612735,1.734989917
吉安,2018,江西,0.300321754,0.84542135,0.584790548,-2.721538462,0.16940315,0.028697427,2,1193,22.3786,1.670045,0.8831,0.7964,0.1169,0.2036,0.663006774,0.28332386,444,5033.68,0.007538848,0.156857523,0.174735587,0.008386601,0.047995954,0.029600759,0.049506761,2,0.14084507,0.095070423,0.186619718,217,259,476,0.001567855,0.501009688,0.00156465,0.001918684,0.000451036,0.138361749,2.01929334,3,0.000339844,0.002230517,0.000101412,84.71,174.223,20.799,79.005,74.419,11.93814824,45.34705521,42.71479655,0.427147966,2.307766483,0.941953041
吉安,2019,江西,0.300321754,0.834414395,0.584790548,-2.721538462,0.168802088,0.028494145,2,1311,23.8758,1.670045,0.8831,0.7964,0.1169,0.2036,0.663006774,0.285222503,104,5033.68,0.007538848,0.156857523,0.168908015,0.008132271,0.048146154,0.028512026,0.048176367,2,0.228873239,0.165492958,0.295774648,439,269,708,0.005884827,0.522833974,0.003115209,0.002711378,0.000391105,0.169928342,1.969827148,3,0.000325145,0.00223779,0.0000658,85.28,208.541,21.434,94.543,92.564,10.27807482,45.33544962,44.38647556,0.443864756,2.341084007,0.979067726
吉安,2020,江西,0.300321754,0.807533762,0.584790548,-2.721538462,0.167334202,0.028000735,2.363636364,1236.363636,26.43366364,1.670045,0.8831,0.7964,0.1169,0.2036,0.663006774,0.285310997,197.3454545,6456.274727,0.008062569,0.156857523,0.172397049,0.00823063,0.047742288,0.028847923,0.049186774,2,0.327464789,0.221830986,0.415492958,564,366,930,0.00465391,0.544489819,0.007130789,0.002832926,0.00030366,0.201334322,1.902872395,3,0.000295724,0.002039504,0.0000597,87.93,216.88346,23.54141,96.04,97.30205,10.8544054,44.28184611,44.86374849,0.448637485,2.340093431,1.013140879
吉林,2018,吉林,0.450312774,1.027780224,0.35762716,-2.756653226,0.206518979,0.042650089,8,1014,27.644,1.338274,0.8833,0.80675,0.1167,0.19325,0.667487794,0.259497784,53,17033.78066,0.019572235,0.156857523,0.201817137,0.010815626,0.053591217,0.041679069,0.0523711,9,0.073943662,0.073943662,0.133802817,119,120,239,0.001532998,0.497398807,0.000451165,0.001325496,0.000420463,0.138361749,2.01929334,3,0.000339844,0.002230517,0.000101412,65.85,221.02386,14.72037,76.31617,129.98732,6.660081857,34.52847579,58.81144235,0.588114423,2.521513605,1.703273631
吉林,2019,吉林,0.450312774,1.024336591,0.35762716,-2.756653226,0.20633093,0.042572453,8,1063,26.054,1.445758,0.8833,0.7703,0.1167,0.2297,0.652339742,0.266143346,68,16865.63607,0.020708688,0.156857523,0.204659426,0.011238587,0.054913604,0.04222757,0.054468744,9,0.116197183,0.112676056,0.186619718,184,145,329,0.001451925,0.501009688,0.000675234,0.001867084,0.000318245,0.169928342,1.969827148,3,0.000325145,0.00223779,0.0000658,70.21,141.6556,16.27898,51.02927,74.34737,11.49194243,36.02347525,52.48459644,0.524845964,2.409926823,1.456955391
吉林,2020,吉林,0.450312774,1.031224468,0.35762716,-2.756653226,0.20670706,0.042727809,8,1076.909091,28.28116364,1.418627145,0.885187273,0.781962727,0.114812727,0.218037273,0.658882506,0.266128904,94.23636364,17990.70774,0.020460823,0.156857523,0.205051531,0.011280033,0.055010723,0.042385599,0.054570139,9,0.126760563,0.105633803,0.200704225,277,239,516,0.001077273,0.516959435,0.00049411,0.002631904,0.000297196,0.201334322,1.902872395,3,0.000295724,0.002039504,0.0000597,69.21,145.26,20.14,51.08,74.04,13.86479416,35.16453256,50.97067328,0.509706733,2.371058791,1.449490995
吕梁,2018,山西,0.305717956,0.87945638,1.196748608,-2.762826087,0.237759489,0.056529575,1,757,121.6,1.3564,0.5392,0.7376,0.4608,0.2624,0.329539408,0.1285784,18,2214.827187,0.006524823,0.156857523,0.163746347,0.005005846,0.030570735,0.038932248,0.021054243,1,0.073943662,0.038732394,0.10915493,65,38,103,0.000644548,0.495612815,0.000376283,0.001286515,0.000409656,0.138361749,2.01929334,3,0.000339844,0.002230517,0.000101412,55.63,142.03195,5.94864,87.19623,48.88708,4.188240744,61.39198258,34.41977668,0.344197767,2.302315359,0.560655891
吕梁,2019,山西,0.305717956,0.868716181,1.196748608,-2.762826087,0.237172994,0.056251029,1,898,221.1963,1.716346,0.5136,0.7457,0.4864,0.2543,0.309901299,0.17727179,67,2236.417065,0.006524823,0.156857523,0.164596246,0.006920298,0.042044081,0.039037784,0.029178271,1,0.098591549,0.056338028,0.13028169,81,33,114,0.001217935,0.490330973,0.000413582,0.001168537,0.00035686,0.169928342,1.969827148,3,0.000325145,0.00223779,0.0000658,71.35,150.7025,6.243625,90.34027,54.11859,4.143013553,59.9460991,35.91087739,0.359108774,2.317678439,0.599052781
吕梁,2020,山西,0.305717956,0.862983764,1.196748608,-2.762826087,0.23685996,0.056102641,0.618181818,872.0181818,124.7755527,1.531686836,0.531834545,0.728387273,0.468165455,0.271612727,0.319092092,0.145298361,39.72727273,2297.705861,0.007365916,0.156857523,0.166128494,0.005717373,0.034415364,0.039349188,0.024138198,1,0.084507042,0.052816901,0.123239437,66,65,131,0.000488192,0.501920615,0.000171525,0.001031571,0.000303329,0.201334322,1.902872395,3,0.000295724,0.002039504,0.0000597,75.14,153.8039,7.48449,91.61744,54.70197,4.866255017,59.56769627,35.56604872,0.355660487,2.306997937,0.597069401
吴忠,2018,宁夏,0.586321954,0.960187448,1.13338189,-2.740423734,0.338939305,0.114879852,1,340,9.5086,1.092953,0.80565,0.85875,0.19435,0.14125,0.619321338,0.186802194,53,118.9167951,0.003068245,0.156857523,0.15527049,0.00983089,0.063314606,0.052627272,0.029004868,2,0.091549296,0.035211268,0.112676056,78,44,122,0.000514719,0.491203448,0.000248633,0.001463635,0.000297398,0.138361749,2.01929334,3,0.000339844,0.002230517,0.000101412,52.92,53.45336,6.65468,30.26911,16.52957,12.44950738,56.62714187,30.92335075,0.309233507,2.184738434,0.546087083
吴忠,2019,宁夏,0.586321954,0.966533085,1.13338189,-2.740423734,0.339285824,0.115114871,1,400,8.65,1.233705,0.7961,0.8566,0.2039,0.1434,0.609846133,0.199531579,7,33.13184026,0.003842879,0.156857523,0.156257591,0.010578363,0.067698236,0.053015985,0.031178324,2,0.098591549,0.035211268,0.126760563,58,28,86,0.001338347,0.511215441,0.000198909,0.00166978,0.000231364,0.169928342,1.969827148,3,0.000325145,0.00223779,0.0000658,50,58.01885,7.02121,25.71503,25.28261,12.10160146,44.32185402,43.57654452,0.435765445,2.314749431,0.983184153
吴忠,2020,宁夏,0.586321954,0.964425248,1.13338189,-2.740423734,0.339170721,0.115036778,1,335.3090909,11.59691818,1.235067264,0.829022727,0.885580909,0.170977273,0.114419091,0.651474745,0.214894609,20.45454545,47.61422404,0.003450428,0.156857523,0.155575185,0.011339247,0.072885959,0.052766548,0.033432269,2,0.158450704,0.059859155,0.193661972,99,48,147,0.001145677,0.515993155,0.000481109,0.001270463,0.000256518,0.201334322,1.902872395,3,0.000295724,0.002039504,0.0000597,58.47,62.177,8.51,27.302,26.365,13.68673304,43.91012754,42.40313942,0.424031394,2.287164064,0.96568017
周口,2018,河南,0.761805345,0.721926208,0.510688669,-2.725396825,0.322293377,0.103873021,3,1690,41.5704,1.249728,0.863409583,0.842822464,0.136590417,0.157177536,0.664605277,0.249431855,76,1415.66174,0.004892458,0.156857523,0.160543115,0.012906099,0.080390235,0.051741983,0.040044567,4,0.088028169,0.091549296,0.147887324,101,80,181,0.001174037,0.485160524,0.00033673,0.001401392,0.000373162,0.138361749,2.01929334,3,0.000339844,0.002230517,0.000101412,45.7,268.7216367,44.897,121.265,102.56,16.70762375,45.12662303,38.16588841,0.381658884,2.214585351,0.845751041
周口,2019,河南,0.761805345,0.718031796,0.510688669,-2.725396825,0.322080712,0.103735985,3,2100,48.23,1.249728,0.865769306,0.831226981,0.134230694,0.168773019,0.661906838,0.255219086,76,1492.498369,0.005560062,0.156857523,0.162143457,0.013328378,0.082201145,0.05222328,0.041382105,4,0.091549296,0.077464789,0.147887324,83,78,161,0.002497419,0.511215441,0.000431916,0.001161478,0.000310166,0.169928342,1.969827148,3,0.000325145,0.00223779,0.0000658,48.27,316.65051,47.453,137.1375718,132.0599382,14.98592249,43.30881129,41.70526622,0.417052662,2.267193437,0.962974161
周口,2020,河南,0.761805345,0.722905802,0.510688669,-2.725396825,0.32234687,0.103907504,3,1896.381818,49.57071636,1.268997255,0.875517223,0.838970816,0.124482777,0.161029184,0.673884604,0.259158203,77.12727273,1489.779116,0.005223678,0.156857523,0.161373162,0.013480926,0.083538836,0.052018133,0.041821179,4,0.091549296,0.144366197,0.200704225,98,111,209,0.001665796,0.525821596,0.000540917,0.001062767,0.000260371,0.201334322,1.902872395,3,0.000295724,0.002039504,0.0000597,53.84,322.1804789,56.15667192,129.809036,136.214771,17.43019071,40.29078249,42.27902679,0.422790268,2.248488361,1.049347374
呼伦贝尔,2018,内蒙古,0.455973193,0.89977763,1.319275681,-2.769246032,0.306639091,0.094027532,4,622,23.2963,1.351837857,0.840487381,0.88489619,0.159512619,0.11510381,0.661492407,0.243858048,19,2865.23,0.008653313,0.156857523,0.169054362,0.012641278,0.07477641,0.051838676,0.041225267,0,0.024647887,0.021126761,0.045774648,19,16,35,0.000120993,0.438184664,0.00021219,0.001290829,0.000396169,0.138361749,2.01929334,3,0.000339844,0.002230517,0.000101412,53.03,125.29,26.91,36.65,61.73,21.47817064,29.25213505,49.26969431,0.492696943,2.277915237,1.68431105
呼伦贝尔,2019,内蒙古,0.455973193,0.99524782,1.319275681,-2.769246032,0.311852483,0.097251971,4,680,21.82,1.434498,0.861052381,0.882854286,0.138947619,0.117145714,0.679123679,0.260274943,29,2441.27,0.008721834,0.156857523,0.169189147,0.013732641,0.081167387,0.052762056,0.044035696,0,0.045774648,0.021126761,0.066901408,41,32,73,0.000112082,0.472699209,0.0000198,0.001781943,0.000176977,0.169928342,1.969827148,3,0.000325145,0.00223779,0.0000658,50.78,119.3034,27.90741,33.25589,58.1401,23.39196536,27.87505637,48.73297827,0.487329783,2.253410129,1.748264743
呼伦贝尔,2020,内蒙古,0.455973193,0.928268938,1.319275681,-2.769246032,0.308194932,0.094984116,4.527272727,673.5454545,25.57423455,1.435404532,0.863608606,0.877441113,0.136391394,0.122558887,0.679171091,0.261980413,27.10909091,2977.138909,0.009223294,0.156857523,0.170581217,0.013772904,0.080741036,0.052572266,0.044688938,0,0.049295775,0.038732394,0.084507042,67,33,100,0.00023461,0.487732046,0.000257295,0.001445106,0.000281767,0.201334322,1.902872395,3,0.000295724,0.002039504,0.0000597,47.65,117.22,29.057,32.667,55.496,24.78843201,27.86811124,47.34345675,0.473434567,2.225550247,1.698839808
呼和浩特,2018,内蒙古,0.760694885,1.368314013,1.319275681,-2.769246032,0.443199455,0.196425757,24,710,98.835,1.114323,0.821825,0.92402,0.178175,0.07598,0.660981503,0.272764225,456,1773.33,0.071422711,0.156857523,0.32314352,0.039064483,0.120888956,0.143217032,0.088141992,7,0.102112676,0.073943662,0.154929577,129,106,235,0.003312645,0.509329037,0.001307167,0.002263844,0.000346887,0.138361749,2.01929334,3,0.000339844,0.002230517,0.000101412,90.42,290.35,10.84,80.14,199.37,3.733425177,27.601171,68.66540382,0.686654038,2.649319786,2.4877714
呼和浩特,2019,内蒙古,0.760694885,1.369301278,1.319275681,-2.769246032,0.443253367,0.196473548,24,900,187.6353,1.387309,0.8266,0.92392,0.1734,0.07608,0.665230794,0.320005682,663,1804.23,0.071396066,0.156857523,0.326643411,0.046332276,0.141843596,0.144785792,0.104527747,7,0.147887324,0.102112676,0.214788732,197,143,340,0.003777027,0.516959435,0.00038918,0.003088771,0.000215271,0.169928342,1.969827148,3,0.000325145,0.00223779,0.0000658,89.2,279.14591,11.42107,82.384,185.34084,4.091433759,29.51288092,66.39568532,0.663956853,2.623042516,2.249718877
呼和浩特,2020,内蒙古,0.760694885,1.405497178,1.319275681,-2.769246032,0.445229936,0.198229696,24.76363636,801.2545455,117.4064091,1.265880436,0.814975,0.916854636,0.185025,0.083145364,0.651848231,0.291701318,456.9454545,2056.505145,0.071346091,0.156857523,0.323111874,0.041963883,0.129874159,0.143859079,0.094252159,7,0.154929577,0.172535211,0.253521127,247,263,510,0.002388294,0.524821935,0.001595589,0.002180367,0.000268089,0.201334322,1.902872395,3,0.000295724,0.002039504,0.0000597,87.07,280.068,12.646,81.573,185.849,4.515331991,29.12614079,66.35852721,0.663585272,2.618431952,2.278315129
咸宁,2018,湖北,0.003512282,0.833486269,0.556737347,-2.744369369,0.055978629,0.003133607,2,667,20.5251,1.202561,0.8883,0.9413,0.1117,0.0587,0.727897713,0.248323321,179,554.9007163,0.012031612,0.156857523,0.178639536,0.002483232,0.013900799,0.009999996,0.044360363,1,0.088028169,0.059859155,0.123239437,106,75,181,0.000895663,0.482615976,0.000819061,0.001280785,0.000408404,0.138361749,2.01929334,3,0.000339844,0.002230517,0.000101412,80.41,136.242,18.688,66.283,51.271,13.71676869,48.65092996,37.63230135,0.376323013,2.239155327,0.773516588
咸宁,2019,湖北,0.003512282,0.834774633,0.556737347,-2.744369369,0.056048983,0.003141489,2,793,15.7994,1.244722,0.8831,0.7964,0.1169,0.2036,0.663006774,0.229615085,600,910.1978691,0.012949302,0.156857523,0.188171411,0.002421708,0.012869692,0.010546816,0.043206994,1,0.169014085,0.10915493,0.221830986,337,130,467,0.003691616,0.501009688,0.004557445,0.002305357,0.000481487,0.169928342,1.969827148,3,0.000325145,0.00223779,0.0000658,79.27,159.4980959,20.00029,70.49011922,69.00768666,12.53951647,44.19495971,43.26552382,0.432655238,2.307260073,0.97896964
咸宁,2020,湖北,0.003512282,0.828573845,0.556737347,-2.744369369,0.055710374,0.003103646,1.872727273,773.2545455,17.21938909,1.257329945,0.897569091,0.886841818,0.102430909,0.113158182,0.713595013,0.249751442,293.7818182,770.1512647,0.01427198,0.156857523,0.185957554,0.002587366,0.013913746,0.010359765,0.046443167,1,0.13028169,0.13028169,0.221830986,112,97,209,0.001318009,0.525821596,0.001285948,0.000968353,0.000289095,0.201334322,1.902872395,3,0.000295724,0.002039504,0.0000597,77.49,152.4674909,21.749,62.872,67.845,14.26468021,41.23633153,44.49801044,0.444980104,2.302313746,1.079097213
咸阳,2018,陕西,0.088984351,0.750251297,0.843466398,-2.719130435,0.115901174,0.013433082,11,1091,30.7024,1.366852,0.8192,0.9609,0.1808,0.0391,0.673949413,0.273130605,150,488.9359205,0.027814195,0.156857523,0.215099993,0.006809239,0.031656158,0.024930342,0.058750391,5,0.084507042,0.102112676,0.161971831,138,122,260,0.00413878,0.510270495,0.002293407,0.001411224,0.000315011,0.138361749,2.01929334,3,0.000339844,0.002230517,0.000101412,67.18,213.545,28.5033,103.461,81.5807,13.34767848,48.44927299,38.20304854,0.382030485,2.248553701,0.788516446
咸阳,2019,陕西,0.088984351,0.742376275,0.843466398,-2.719130435,0.115471138,0.013333584,11,1296,30.43,1.427369,0.8325,0.9502,0.1675,0.0498,0.681454135,0.2855457,110,488.9359205,0.027814195,0.156857523,0.214414396,0.007069733,0.032972287,0.024758674,0.061225109,5,0.116197183,0.116197183,0.200704225,190,150,340,0.003974739,0.515993155,0.001471364,0.001812191,0.000334856,0.169928342,1.969827148,3,0.000325145,0.00223779,0.0000658,72.43,221.048,30.4173,102.6837,87.947,13.76049546,46.4531233,39.78638124,0.397863812,2.260258858,0.856484525
咸阳,2020,陕西,0.088984351,0.753155512,0.843466398,-2.719130435,0.116059766,0.013469869,11.29090909,1245.890909,33.81928,1.720697218,0.829043636,0.957532727,0.170956364,0.042467273,0.681395589,0.318377304,152.4545455,562.9270935,0.030177729,0.156857523,0.220715678,0.00815562,0.036950795,0.02561621,0.070270863,5,0.176056338,0.161971831,0.278169014,215,211,426,0.004019667,0.531900459,0.001818472,0.001513299,0.000268989,0.201334322,1.902872395,3,0.000295724,0.002039504,0.0000597,77.73,217.6325,33.951,96.7707,86.9108,15.60015163,44.46518787,39.93466049,0.399346605,2.243345089,0.898110688
哈尔滨,2018,黑龙江,0.4103078,1.141097589,0.184907399,-2.730737705,0.180916996,0.032730959,51,2392,88.0273,1.313486,0.875184615,0.873146154,0.124815385,0.126853846,0.687788458,0.385828665,355,17033.78066,0.046435255,0.156857523,0.269949796,0.018843296,0.069802963,0.048838506,0.104154369,29,0.211267606,0.306338028,0.36971831,870,1073,1943,0.009645197,0.530877573,0.004081721,0.003983769,0.000321059,0.138361749,2.01929334,3,0.000339844,0.002230517,0.000101412,90.23,501.01061,52.57,110.63,337.81,10.49279176,22.0813687,67.42571779,0.674257178,2.569326825,3.053511706
哈尔滨,2019,黑龙江,0.4103078,1.131351567,0.184907399,-2.730737705,0.18038479,0.032538672,51,2566,79.2206,1.370954,0.878771429,0.861,0.121228571,0.139,0.685963842,0.392719718,330,16865.63607,0.048890551,0.156857523,0.27519734,0.019495162,0.070840664,0.049641414,0.108075422,29,0.278169014,0.404929577,0.492957746,1227,1585,2812,0.010786039,0.537074588,0.003744714,0.004028565,0.000223797,0.169928342,1.969827148,3,0.000325145,0.00223779,0.0000658,87.8,512.94299,56.9543,112.97,343.02,11.10343666,22.02389002,66.87292871,0.668729287,2.557700028,3.03638134
哈尔滨,2020,黑龙江,0.4103078,1.138637607,0.184907399,-2.730737705,0.180782662,0.032682371,51.63636364,2522.509091,91.22324727,1.351079,0.884395717,0.917426899,0.115604283,0.082573101,0.714468007,0.403756773,330.9090909,17990.70774,0.047349594,0.156857523,0.272124836,0.019862997,0.072992224,0.049195452,0.109872246,29,0.404929577,0.443661972,0.573943662,1147,1764,2911,0.010650246,0.542350369,0.003324941,0.003953636,0.000255229,0.201334322,1.902872395,3,0.000295724,0.002039504,0.0000597,86.9,513.52175,61.57517736,115.76,336.18,11.99076327,22.54237527,65.46558155,0.654655815,2.534722585,2.904111956
唐山,2018,河北,0.088695813,1.016326876,0.701250918,-2.758571429,0.11191496,0.012524958,11,2200,53.2489,1.195309,0.8390625,0.83411,0.1609375,0.16589,0.639106049,0.260057458,67,9090.823781,0.017300359,0.156857523,0.193038133,0.005618244,0.02910432,0.021603855,0.050201006,13,0.35915493,0.193661972,0.411971831,675,319,994,0.014569514,0.542350369,0.003768563,0.006289151,0.000324707,0.138361749,2.01929334,3,0.000339844,0.002230517,0.000101412,87.23,630.0034,49.3148,331.98377,248.70483,7.827703787,52.69555212,39.47674409,0.394767441,2.316490403,0.749147556
唐山,2019,河北,0.088695813,1.019389798,0.701250918,-2.758571429,0.112082219,0.012562424,11,2614,52.3089,1.269567,0.848525,0.81616,0.151475,0.18384,0.640149379,0.274441145,211,10647.68,0.019435336,0.156857523,0.201233985,0.006189952,0.030759972,0.022554751,0.055226885,13,0.429577465,0.176056338,0.475352113,1132,365,1497,0.008177339,0.528843559,0.004319546,0.009159012,0.000358764,0.169928342,1.969827148,3,0.000325145,0.00223779,0.0000658,86.93,688.99894,53.12271,360.11504,275.76118,7.710129423,52.26641423,40.0234549,0.400234549,2.323133226,0.765758575
唐山,2020,河北,0.088695813,1.013914591,0.701250918,-2.758571429,0.111783231,0.012495491,10.56363636,2492.363636,55.75900545,1.259965753,0.871474894,0.79545,0.128525106,0.20455,0.652165565,0.275728163,203.2363636,12074.35517,0.018128372,0.156857523,0.198701506,0.006124335,0.030821785,0.022211496,0.054787601,13,0.397887324,0.232394366,0.475352113,935,594,1529,0.005785785,0.544489819,0.0033701,0.00536144,0.000297989,0.201334322,1.902872395,3,0.000295724,0.002039504,0.0000597,85.23,718.05902,59.34416,382.93745,275.77741,8.264523994,53.32952297,38.40595304,0.38405953,2.30141429,0.720163071
商丘,2018,河南,0.326188531,0.780402983,1.008454803,-2.725396825,0.221670793,0.049137941,6,1634,41.6156,1.654772,0.863409583,0.8152,0.136590417,0.1848,0.653125811,0.295614337,189,356.9015021,0.013394927,0.156857523,0.181913915,0.011920649,0.065529064,0.040325002,0.053776361,3,0.126760563,0.066901408,0.154929577,119,73,192,0.001953732,0.492079034,0.000799069,0.001516946,0.000392596,0.138361749,2.01929334,3,0.000339844,0.002230517,0.000101412,57.55,238.9043352,38.184,98.764,101.957,15.98296656,41.34039674,42.67691497,0.42676915,2.26694505,1.032329594
商丘,2019,河南,0.326188531,0.777173065,1.008454803,-2.725396825,0.221494415,0.049059776,6,1900,41.6254,1.654772,0.865769306,0.8093,0.134230694,0.1907,0.652794327,0.299287047,189,501.5307676,0.014497676,0.156857523,0.1845656,0.012234929,0.06629041,0.04088025,0.055238093,3,0.137323944,0.11971831,0.211267606,217,136,353,0.001787041,0.51311587,0.001226306,0.001747683,0.000371167,0.169928342,1.969827148,3,0.000325145,0.00223779,0.0000658,59.44,288.209,42.892,117.628,127.689,14.88225559,40.81343747,44.30430694,0.443043069,2.294220514,1.085532356
商丘,2020,河南,0.326188531,0.780681166,1.008454803,-2.725396825,0.221685984,0.049144676,6.181818182,1913.854545,46.94267091,1.419049527,0.875517223,0.825952727,0.124482777,0.174047273,0.668474489,0.280478919,205.7272727,460.5941388,0.013841633,0.156857523,0.183295755,0.011397008,0.062178245,0.0406341,0.051410595,3,0.11971831,0.228873239,0.26056338,160,205,365,0.002454109,0.525821596,0.000521162,0.001028144,0.000285725,0.201334322,1.902872395,3,0.000295724,0.002039504,0.0000597,62.07,288.658821,51.5094271,107.9883339,129.1610601,17.84439738,37.41037031,44.74523231,0.447452323,2.269008349,1.19606494
商洛,2018,陕西,0.353177532,0.868432133,0.843466398,-2.719130435,0.218569651,0.047772692,2,338,77.82,1.097828,0.8192,0.9609,0.1808,0.0391,0.673949413,0.21988553,18,321.7441896,0.007482569,0.156857523,0.165110383,0.007935255,0.048060304,0.036088119,0.036305384,1,0.052816901,0.01056338,0.059859155,18,6,24,0.0000892,0.483461187,0.000162217,0.000699447,0.000352489,0.138361749,2.01929334,3,0.000339844,0.002230517,0.000101412,56.28,77.5332,9.4733,34.6322,33.4277,12.21837871,44.66757466,43.11404663,0.431140466,2.308956679,0.965220229
商洛,2019,陕西,0.353177532,0.851274034,0.843466398,-2.719130435,0.217632689,0.047363987,2,396,124.93,1.262626,0.8325,0.9502,0.1675,0.0498,0.681454135,0.248528865,18,333.7748972,0.008235681,0.156857523,0.166880979,0.009026259,0.054088005,0.036318756,0.04147474,1,0.028169014,0.014084507,0.038732394,15,13,28,0.0000139,0.439580156,0.0000237,0.000712072,0.000256288,0.169928342,1.969827148,3,0.000325145,0.00223779,0.0000658,55.14,83.2012,10.3399,37.0411,35.8202,12.42758518,44.51991077,43.05250405,0.430525041,2.306249189,0.967039316
商洛,2020,陕西,0.353177532,0.835011685,0.843466398,-2.719130435,0.216744642,0.04697824,2.181818182,395.6,74.74672545,1.172377418,0.829043636,0.957532727,0.170956364,0.042467273,0.681395589,0.231719646,19.41818182,302.2821318,0.00934519,0.156857523,0.169490893,0.008512509,0.050223992,0.036736243,0.03927437,1,0.045774648,0.021126761,0.063380282,19,8,27,0.000162801,0.485160524,0.000110362,0.000640334,0.000310771,0.201334322,1.902872395,3,0.000295724,0.002039504,0.0000597,52.54,74.1286,11.45,26.4416,36.237,15.4461301,35.66990338,48.88396651,0.488839665,2.334378364,1.370454133
嘉兴,2018,浙江,0.009920753,1.451281767,0.622959665,-2.744736842,0.099317568,0.009863979,6,1923,55.9827,1.166766,0.877732353,0.842673684,0.122267647,0.157326316,0.67741399,0.256973052,548,42772,0.013517683,0.156857523,0.208083734,0.0053107,0.025521939,0.02066637,0.053471912,57,0.408450704,0.376760563,0.545774648,1946,1509,3455,0.011622567,0.52184563,0.010117693,0.009903016,0.00038691,0.138361749,2.01929334,3,0.000339844,0.002230517,0.000101412,97.56,501.838,11.593,275.569,214.676,2.310108043,54.91194369,42.77794826,0.427779483,2.404678402,0.77902812
嘉兴,2019,浙江,0.009920753,1.466785812,0.622959665,-2.744736842,0.100164206,0.010032868,6,1871,57.8686,1.311257,0.880372222,0.81942439,0.119627778,0.18057561,0.670124151,0.26973574,631,41049.46873,0.013564961,0.156857523,0.208815933,0.005641761,0.027017866,0.020915882,0.05632512,57,0.602112676,0.528169014,0.721830986,6720,1825,8545,0.022659076,0.549913024,0.065391921,0.034677409,0.00053413,0.169928342,1.969827148,3,0.000325145,0.00223779,0.0000658,97.89,542.358,11.932,290.603,239.823,2.200022863,53.58139826,44.21857887,0.442185789,2.42018556,0.825259891
嘉兴,2020,浙江,0.009920753,1.493485569,0.622959665,-2.744736842,0.101622214,0.010327074,6.181818182,2136.509091,72.57491818,1.283389709,0.890036823,0.810954201,0.109963177,0.189045799,0.675288751,0.274892101,681.2727273,43813.25517,0.014176762,0.156857523,0.212396969,0.00593334,0.027935144,0.02158425,0.058386249,57,0.690140845,0.528169014,0.767605634,5315,2875,8190,0.013459634,0.528843559,0.038666909,0.018085352,0.000475514,0.201334322,1.902872395,3,0.000295724,0.002039504,0.0000597,98.3,556.358,12.502,288.763,255.093,2.247114268,51.90237221,45.85051352,0.458505135,2.436033993,0.883399189
嘉峪关,2018,甘肃,0.055366527,1.424902182,0.950270539,-2.732894737,0.151305303,0.022893295,1,139,3.1489,1.235683,0.8803,0.8427,0.1197,0.1573,0.679732232,0.221616791,3,328.8814338,0.009218329,0.156857523,0.168924546,0.005664343,0.033531796,0.02555918,0.037436516,1,0.01056338,0.007042254,0.017605634,3,2,5,0.0000103,0.390461581,0.00000466,0.00094485,0.000137246,0.138361749,2.01929334,3,0.000339844,0.002230517,0.000101412,80.63,29.962,0.39822,18.31482,11.24896,1.329083506,61.12682731,37.54408918,0.375440892,2.362150057,0.614199867
嘉峪关,2019,甘肃,0.055366527,1.454462164,0.950270539,-2.732894737,0.152919501,0.023384374,1,173,3.17,1.414195,0.9215,0.8516,0.0785,0.1484,0.720453548,0.257226326,12,148.2597666,0.009737533,0.156857523,0.170211602,0.00669526,0.039334922,0.026028673,0.043782905,1,0.014084507,0.007042254,0.021126761,8,7,15,0,0.375076546,0.0000138,0.000870526,0.000273552,0.169928342,1.969827148,3,0.000325145,0.00223779,0.0000658,74.19,28.34,0.466,17.81,10.06,1.644318984,62.8440367,35.49752999,0.3549753,2.338249824,0.564851207
嘉峪关,2020,甘肃,0.055366527,1.48677112,0.950270539,-2.732894737,0.154683814,0.023927082,1,159.4,3.810403636,1.2932928,0.911489091,0.838550909,0.088510909,0.161449091,0.706034675,0.238304874,8.8,110.4313476,0.009142663,0.156857523,0.168745017,0.006220263,0.036861907,0.026102123,0.04021276,1,0.007042254,0.024647887,0.031690141,4,11,15,0.000012,0.432690185,0.0000246,0.000695011,0.000268735,0.201334322,1.902872395,3,0.000295724,0.002039504,0.0000597,66.96,28.16,0.54,17.92,9.7,1.917613636,63.63636364,34.44602273,0.344460227,2.325284091,0.541294643
四平,2018,吉林,0.1974503,1.027780224,0.35762716,-2.756653226,0.114430528,0.013094346,4,590,16.4178,1.298537,0.801441176,0.853931111,0.198558824,0.146068889,0.613536604,0.218416996,229,17033.78066,0.019572235,0.156857523,0.204833763,0.005119527,0.024993572,0.023439236,0.044739175,0,0.017605634,0.070422535,0.077464789,21,31,52,0.000173625,0.484309365,0.000158653,0.000772282,0.000211753,0.138361749,2.01929334,3,0.000339844,0.002230517,0.000101412,46.16,94.43242,20.45328,26.33365,47.64549,21.65917171,27.88623865,50.45458964,0.504545896,2.287954179,1.809300648
四平,2019,吉林,0.1974503,1.024336591,0.35762716,-2.756653226,0.11424248,0.013051344,4,630,15.0572,1.4080148,0.806465882,0.842972222,0.193534118,0.157027778,0.613497497,0.230890676,182,16865.63607,0.020708688,0.156857523,0.206613377,0.005449949,0.026377523,0.023604024,0.047705102,0,0.024647887,0.112676056,0.11971831,35,82,117,0.000564086,0.506525391,0.000300866,0.00075489,0.000271915,0.169928342,1.969827148,3,0.000325145,0.00223779,0.0000658,43.18,79.61686,23.35599,16.57769,39.68318,29.33548246,20.82183347,49.84268407,0.498426841,2.205072016,2.393770181
四平,2020,吉林,0.1974503,1.031224468,0.35762716,-2.756653226,0.11461861,0.013137426,4.309090909,642.2181818,17.30678909,1.355329618,0.803214647,0.86709317,0.196785353,0.13290683,0.620600203,0.228908533,173.4181818,17990.70774,0.020460823,0.156857523,0.206408701,0.005415582,0.026237178,0.023658278,0.047248713,0,0.063380282,0.235915493,0.267605634,94,147,241,0.004128683,0.541286937,0.000300218,0.001216762,0.000207177,0.201334322,1.902872395,3,0.000295724,0.002039504,0.0000597,43.56,52.66,18.27,10.26,24.13,34.6942651,19.48347892,45.82225598,0.45822256,2.111279909,2.351851852
固原,2018,宁夏,0.602201775,0.767259035,1.13338189,-2.740423734,0.334187135,0.111681041,1,270,2.7899,1.37115575,0.835875,0.849675,0.164125,0.150325,0.64271031,0.224449057,6,2.599775822,0.006801398,0.156857523,0.16315986,0.012238293,0.075007987,0.054525926,0.036621077,0,0.038732394,0.007042254,0.045774648,20,7,27,0.000108507,0.434734391,0.0000259,0.002582968,0.000161344,0.138361749,2.01929334,3,0.000339844,0.002230517,0.000101412,49.4,30.319,5.782,8.456,16.082,19.07054982,27.89010192,53.04264653,0.530426465,2.339786932,1.901844844
固原,2019,宁夏,0.602201775,0.785700152,1.13338189,-2.740423734,0.335194159,0.112355124,1,310,8.9222,1.415788,0.834383333,0.8587875,0.165616667,0.1412125,0.645156901,0.23176012,4,4.044297821,0.008210737,0.156857523,0.166429191,0.012928992,0.077684639,0.055786093,0.038571649,0,0.028169014,0.028169014,0.052816901,13,9,22,0.000254923,0.488595289,0.0000385,0.000579684,0.00033095,0.169928342,1.969827148,3,0.000325145,0.00223779,0.0000658,40.34,32.26589,5.67963,6.26263,20.32362,17.60258279,19.40944446,62.98794176,0.629879418,2.45385297,3.245221257
固原,2020,宁夏,0.602201775,0.745554457,1.13338189,-2.740423734,0.333001901,0.110890266,1,271.8181818,5.339712727,1.469715543,0.856587121,0.869097273,0.143412879,0.130902727,0.669393965,0.245817035,10.34545455,4.327299207,0.007410586,0.156857523,0.164662842,0.013478895,0.08185754,0.054833039,0.040476932,0,0.052816901,0.035211268,0.084507042,21,18,39,0.000380206,0.496504205,0.000142445,0.000740592,0.00033437,0.201334322,1.902872395,3,0.000295724,0.002039504,0.0000597,50.97,35.246,7.195,6.913,21.138,20.41366396,19.61357317,59.97276287,0.599727629,2.395590989,3.057717344
大同,2018,山西,0.489122263,0.986627101,1.196748608,-2.762826087,0.310404721,0.096351091,1,780,42.4665,0.8332868,0.802933333,0.754333333,0.197066667,0.245666667,0.573486182,0.151773713,43,563.12,0.008677858,0.156857523,0.168452444,0.00793601,0.047111277,0.052288434,0.025566653,3,0.038732394,0.042253521,0.073943662,80,57,137,0.000303132,0.448872094,0.000184931,0.001971993,0.000274264,0.138361749,2.01929334,3,0.000339844,0.002230517,0.000101412,62.12,127.19598,6.46554,46.44815,74.28229,5.083132344,36.51699527,58.39987239,0.583998724,2.5331674,1.599251854
大同,2019,山西,0.489122263,0.984467643,1.196748608,-2.762826087,0.310286798,0.096277897,1,859,63.3353,1.43311,0.821566667,0.757466667,0.178433333,0.242533333,0.591532393,0.22906675,55,748.842502,0.010246035,0.156857523,0.172419703,0.01225497,0.071076388,0.053499558,0.039495621,3,0.105633803,0.042253521,0.133802817,69,39,108,0.001152189,0.509329037,0.000193452,0.00175563,0.000236685,0.169928342,1.969827148,3,0.000325145,0.00223779,0.0000658,75.65,131.1207,6.19112,49.07315,75.85642,4.721695354,37.42593656,57.85236046,0.578523605,2.531306499,1.545782572
大同,2020,山西,0.489122263,0.97383288,1.196748608,-2.762826087,0.30970606,0.095917844,1,868.9818182,44.44196364,1.244868665,0.86213,0.817113636,0.13787,0.182886364,0.652771246,0.228791038,106.7636364,583.9130916,0.008451547,0.156857523,0.169024635,0.011976743,0.070857971,0.052347954,0.038671322,3,0.098591549,0.042253521,0.133802817,84,52,136,0.000739044,0.506525391,0.000688443,0.002173247,0.00022868,0.201334322,1.902872395,3,0.000295724,0.002039504,0.0000597,71,136.99125,7.0424,50.67396,79.27489,5.14076629,36.99065451,57.8685792,0.578685792,2.527278129,1.564410794
大庆,2018,黑龙江,0.588890573,1.141097589,0.35762716,-2.730737705,0.264979002,0.070213872,6,711,28.7039,1.699849,0.8587,0.9449,0.1413,0.0551,0.702795045,0.304326777,29,17033.78066,0.046435255,0.156857523,0.264362182,0.021318221,0.080640206,0.070050427,0.080452491,1,0.13028169,0.070422535,0.176056338,207,168,375,0.002977346,0.520861015,0.000383432,0.00294026,0.000280106,0.138361749,2.01929334,3,0.000339844,0.002230517,0.000101412,73.67,250.2639563,19.97663,151.11206,109.02714,7.982224168,60.38107215,43.56485913,0.435648591,2.594389459,0.721498602
大庆,2019,黑龙江,0.588890573,1.131351567,0.35762716,-2.730737705,0.264446796,0.069932108,6,730,21.1475,1.939087,0.8805,0.9463,0.1195,0.0537,0.722966499,0.337598337,59,16865.63607,0.048890551,0.156857523,0.270552422,0.024154054,0.089276799,0.071546721,0.091338048,1,0.151408451,0.112676056,0.214788732,237,231,468,0.002311161,0.508391046,0.000705521,0.001763435,0.000344613,0.169928342,1.969827148,3,0.000325145,0.00223779,0.0000658,80.3,254.03362,21.99375,135.13177,99.70035,8.657810726,53.19444332,39.24691149,0.392469115,2.327874318,0.737800963
大庆,2020,黑龙江,0.588890573,1.138637607,0.35762716,-2.730737705,0.264844669,0.070142699,6.272727273,644.2545455,26.76722364,1.789742345,0.883827273,0.930123636,0.116172727,0.069876364,0.719233766,0.319837868,67.56363636,17990.70774,0.047349594,0.156857523,0.267611116,0.02266863,0.084707354,0.070875377,0.085592169,1,0.225352113,0.161971831,0.295774648,339,308,647,0.005272053,0.537074588,0.000741755,0.002672139,0.000245551,0.201334322,1.902872395,3,0.000295724,0.002039504,0.0000597,85.34,224.82662,24.43125,107.52442,98.15179,10.86670698,47.82548437,43.65665863,0.436566586,2.374876516,0.912832545
大连,2018,辽宁,0.138334116,1.176075269,1.206359167,-2.70703125,0.197941636,0.039180891,30,1812,84.3574,1.348674,0.887446667,0.804805882,0.112553333,0.195194118,0.670406073,0.328893338,1330,6358.573333,0.039992143,0.156857523,0.266595634,0.017355825,0.065101685,0.052770376,0.087681528,30,0.214788732,0.207746479,0.309859155,1281,1221,2502,0.006720961,0.520861015,0.011126725,0.007162837,0.00034852,0.138361749,2.01929334,3,0.000339844,0.002230517,0.000101412,72.48,650.09,43,247.79,359.3,6.614468766,38.11626083,55.26927041,0.552692704,2.486548016,1.450018161
大连,2019,辽宁,0.138334116,1.235359132,1.206359167,-2.70703125,0.201178982,0.040472983,30,2004,81.56,1.458627,0.88332,0.81605625,0.11668,0.18394375,0.671373299,0.34376298,3028,6187.603333,0.039290022,0.156857523,0.293974195,0.020330634,0.069157886,0.059141429,0.101057445,30,0.274647887,0.253521127,0.373239437,1139,842,1981,0.007052276,0.532927293,0.012529078,0.007420458,0.000342097,0.169928342,1.969827148,3,0.000325145,0.00223779,0.0000658,79.44,699,45.89,280.68,372.43,6.56509299,40.15450644,53.28040057,0.532804006,2.467153076,1.326884709
大连,2020,辽宁,0.138334116,1.197077272,1.206359167,-2.70703125,0.199088504,0.039636232,29.63636364,1877.818182,85.45159091,1.447107655,0.907471115,0.809332904,0.092528885,0.190667096,0.690281545,0.347595129,1897.036364,6662.319708,0.040192593,0.156857523,0.276925652,0.019163863,0.069202194,0.055132714,0.096258008,30,0.274647887,0.323943662,0.429577465,922,1076,1998,0.005995087,0.530877573,0.00272357,0.003180171,0.000290871,0.201334322,1.902872395,3,0.000295724,0.002039504,0.0000597,84.06,700.04,45.92,280.41,373.71,6.559625164,40.0562825,53.38409234,0.533840923,2.468244672,1.332727078
天水,2018,甘肃,0.646891818,0.81801268,1.131440885,-2.732894737,0.353544428,0.124993663,4,811,16.0434,1.230373,0.91165,0.8633,0.08835,0.1367,0.716464606,0.252827748,42,646.4079548,0.012425637,0.156857523,0.177257371,0.015844299,0.089385842,0.062668356,0.044815582,2,0.035211268,0.01056338,0.045774648,16,8,24,0.000265405,0.450336604,0.000153184,0.001654007,0.0002622,0.138361749,2.01929334,3,0.000339844,0.002230517,0.000101412,50.51,65.20542,9.10672,20.00415,36.09455,13.96620097,30.67866138,55.35513766,0.553551377,2.413889367,1.804353097
天水,2019,甘肃,0.646891818,0.809785989,1.131440885,-2.732894737,0.353095189,0.124676212,4,945,15.904,1.182819,0.9153,0.74905,0.0847,0.25095,0.672264002,0.232774731,35,554.3973328,0.014124536,0.156857523,0.181076148,0.014882945,0.082191637,0.063937117,0.042149952,2,0.035211268,0.028169014,0.059859155,28,26,54,0.000156386,0.449603156,0.000201753,0.000860866,0.000438824,0.169928342,1.969827148,3,0.000325145,0.00223779,0.0000658,58.09,63.267,11.491,15.959,35.817,18.16270726,25.22484075,56.61245199,0.56612452,2.384497447,2.244313553
天水,2020,甘肃,0.646891818,0.792337515,1.131440885,-2.732894737,0.35214237,0.124004249,4.309090909,834.3636364,20.33241091,1.318764527,0.914855455,0.794552727,0.085144545,0.205447273,0.690774755,0.254527362,34.69090909,676.1942182,0.014147662,0.156857523,0.181181701,0.016239292,0.089629869,0.063801754,0.046115701,2,0.01056338,0.059859155,0.070422535,30,62,92,0.000808966,0.485160524,0.0000666,0.000971977,0.000174406,0.201334322,1.902872395,3,0.000295724,0.002039504,0.0000597,59.55,66.69,12.601,16.182,37.906,18.89488679,24.26450742,56.83910631,0.568391063,2.379412206,2.342479298
天津市,2018,天津,0.357030798,1.278630152,1.206359167,-2.7525,0.2800222,0.078412432,56,4379,153.4626,1.292039,0.866802857,0.852845946,0.133197143,0.147154054,0.6718201,0.425987261,3785,122512,0.037838033,0.156857523,0.357653177,0.042662977,0.11928589,0.100150829,0.152355697,66,0,0,0,0,0,0,0,0,8.16E-71,0.00053267,0,0.138361749,2.01929334,3,0.000339844,0.002230517,0.000101412,94.24,1336.292,17.53,483.53,835.232,1.311839029,36.18445669,62.50370428,0.625037043,2.611918653,1.727363349
天津市,2019,天津,0.357030798,1.25335045,1.206359167,-2.7525,0.278641738,0.077641218,56,5236,141.9332,1.400449,0.866115789,0.846715385,0.133884211,0.153284615,0.66865493,0.447366343,5775,106645,0.038945848,0.156857523,0.386977547,0.048238661,0.124654935,0.107828096,0.17312073,66,0,0,0,0,0,0,0,0,9.96E-76,0.00053267,0,0.169928342,1.969827148,3,0.000325145,0.00223779,0.0000658,94.48,1405.546,18.541,494.718,892.287,1.319131498,35.19756735,63.48330115,0.634833012,2.621641697,1.803627521
天津市,2020,天津,0.357030798,1.332898675,1.206359167,-2.7525,0.28298567,0.08008089,56.18181818,3937.290909,168.79532,1.410228364,0.890500604,0.878552637,0.109499396,0.121447363,0.703798365,0.447420516,4562.309091,127697.6684,0.038658385,0.156857523,0.375310829,0.047519453,0.126613595,0.106207587,0.167921765,66,0,0,0,0,0,0,0,0,5.51E-121,0.00053267,0,0.201334322,1.902872395,3,0.000295724,0.002039504,0.0000597,92.97,1400.79923,21.034,491.177,888.588,1.501571357,35.06405411,63.43435812,0.634343581,2.619327539,1.809099367
太原,2018,山西,0.120543112,1.357759875,1.196748608,-2.762826087,0.196440763,0.038588973,46,1970,53.6883,1.31223,0.840085714,0.854975,0.159914286,0.145025,0.648696686,0.349166405,649,16470.2,0.086823867,0.156857523,0.369381886,0.025336094,0.068590515,0.07256166,0.128975745,18,0.246478873,0.190140845,0.327464789,523,502,1025,0.012688797,0.528843559,0.002825259,0.00430812,0.000278962,0.138361749,2.01929334,3,0.000339844,0.002230517,0.000101412,95.35,374.5234,2.92756,140.137,231.4588,0.781676125,37.41742172,61.80089148,0.618008915,2.61019194,1.651660875
太原,2019,山西,0.120543112,1.364212777,1.196748608,-2.762826087,0.19679314,0.03872754,45,2218,51.9953,1.393654,0.841414286,0.85875,0.158585714,0.14125,0.651459381,0.360349916,631,16223.86,0.088364213,0.156857523,0.372568753,0.026420486,0.070914391,0.073318975,0.134255119,18,0.316901408,0.253521127,0.415492958,931,688,1619,0.011219321,0.536031724,0.006797516,0.00690956,0.000296653,0.169928342,1.969827148,3,0.000325145,0.00223779,0.0000658,94.7,400.28348,3.01348,148.88281,248.38719,0.752836465,37.19434287,62.05282067,0.620528207,2.612999842,1.668340287
太原,2020,山西,0.120543112,1.437523657,1.196748608,-2.762826087,0.200796467,0.040319221,46.54545455,2027.818182,56.28676182,1.316623655,0.859912857,0.866674481,0.140087143,0.133325519,0.67137562,0.3605914,589.5636364,17096.06909,0.089200755,0.156857523,0.374224762,0.027095923,0.072405479,0.07514301,0.134942231,18,0.426056338,0.327464789,0.517605634,1144,867,2011,0.00969927,0.548819758,0.005608341,0.006843288,0.000275615,0.201334322,1.902872395,3,0.000295724,0.002039504,0.0000597,96.21,415.56639,3.98947,149.61101,261.96591,0.960007858,36.00171082,63.03828132,0.630382813,2.620782735,1.750980158
威海,2018,山东,0.013331476,1.121072737,0.833128587,-2.7625,0.104441172,0.010907958,11,1023,24.3148,1.328991,0.894822222,0.804954545,0.105177778,0.195045455,0.677095582,0.268243578,179,21067.55908,0.034043811,0.156857523,0.239768742,0.006717283,0.028015674,0.025041728,0.064316425,15,0.172535211,0.169014085,0.278169014,412,382,794,0.005359274,0.514071393,0.000673746,0.003320871,0.000277863,0.138361749,2.01929334,3,0.000339844,0.002230517,0.000101412,90.53,289.909,28.121,120.527,141.261,9.699940326,41.57408014,48.72597953,0.487259795,2.390260392,1.172027844
威海,2019,山东,0.013331476,1.124080775,0.833128587,-2.7625,0.104605434,0.010942297,11,1110,23.1307,1.347962,0.893744444,0.787554545,0.106255556,0.212445455,0.668895915,0.268319449,45,20351.67389,0.036298027,0.156857523,0.242422007,0.006804221,0.028067672,0.025358659,0.065046539,15,0.204225352,0.147887324,0.271126761,443,372,815,0.00253564,0.514071393,0.002078462,0.003929993,0.00033694,0.169928342,1.969827148,3,0.000325145,0.00223779,0.0000658,93.18,296.373,28.861,119.634,147.878,9.738066558,40.36602525,49.8959082,0.498959082,2.401578416,1.236086731
威海,2020,山东,0.013331476,1.119044602,0.833128587,-2.7625,0.104330421,0.010884837,11.01818182,1172.2,25.20468182,1.401883273,0.910526697,0.863510375,0.089473303,0.136489625,0.715542626,0.293117021,129.2727273,22083.79284,0.036316864,0.156857523,0.244716256,0.007483673,0.030581022,0.02553135,0.0717305,15,0.23943662,0.183098592,0.309859155,611,405,1016,0.002433547,0.511215441,0.002846143,0.003654449,0.000394431,0.201334322,1.902872395,3,0.000295724,0.002039504,0.0000597,94.64,301.779,30.166,116.227,155.386,9.996056717,38.51394564,51.48999765,0.514899976,2.414939409,1.336918272
娄底,2018,湖南,0.002510943,0.840719406,0.982053769,-2.781372549,0.100281263,0.010056332,3,888,23.1498,1.306717091,0.891937483,0.850092143,0.108062517,0.149907857,0.693261817,0.252468319,147,1555.530363,0.008213082,0.156857523,0.169607351,0.004294092,0.025317842,0.017008439,0.042820483,0,0.105633803,0.056338028,0.133802817,111,117,228,0.001126381,0.491203448,0.002161158,0.001387753,0.000469206,0.138361749,2.01929334,3,0.000339844,0.002230517,0.000101412,74.62,154.041,15.187,69.826,69.029,9.859063496,45.3294902,44.81209548,0.448120955,2.349543303,0.988585914
娄底,2019,湖南,0.002510943,0.841168991,0.982053769,-2.781372549,0.100305814,0.010061256,3,1000,22.501,1.392663455,0.893910381,0.834736267,0.106089619,0.165263733,0.688653014,0.261743194,206,1839.69588,0.009397411,0.156857523,0.173526386,0.004555825,0.026254364,0.017405705,0.04541935,0,0.102112676,0.059859155,0.133802817,134,78,212,0.000847207,0.504673378,0.000817031,0.001566853,0.000399949,0.169928342,1.969827148,3,0.000325145,0.00223779,0.0000658,67.69,164.0579658,17.44404,63.26859,83.34533578,10.63285158,38.56477782,50.8023706,0.508023706,2.40169519,1.317325639
娄底,2020,湖南,0.002510943,0.832780629,0.982053769,-2.781372549,0.099847746,0.009969572,3.036363636,960.0727273,21.21054364,1.33679282,0.889584785,0.84078614,0.110415215,0.15921386,0.687280236,0.254367538,166.9272727,1332.837038,0.008412991,0.156857523,0.170313828,0.004325635,0.025398025,0.017005452,0.043322309,0,0.151408451,0.084507042,0.204225352,122,78,200,0.001702309,0.52184563,0.000603044,0.001251621,0.00027022,0.201334322,1.902872395,3,0.000295724,0.002039504,0.0000597,77.35,167.99353,19.95504,65.03187,83.00662,11.87845746,38.71093726,49.41060528,0.494106053,2.375321478,1.276399095
孝感,2018,湖北,0.304556039,0.950651157,0.556737347,-2.744369369,0.172012015,0.029588133,3,818,23.8415,1.173611,0.8019,0.9063,0.1981,0.0937,0.6357126,0.215118806,75,1382,0.007235772,0.156857523,0.166002129,0.00614258,0.037003019,0.028554361,0.03571018,5,0.102112676,0.147887324,0.214788732,161,193,354,0.003812752,0.519880109,0.001269947,0.001321359,0.000293437,0.138361749,2.01929334,3,0.000339844,0.002230517,0.000101412,71.43,191.29,28.713,92.558,70.019,15.01019395,48.38621988,36.60358618,0.366035862,2.215933922,0.756487824
孝感,2019,湖北,0.304556039,0.955255751,0.556737347,-2.744369369,0.172263461,0.0296747,3,936,23.8151,1.173611,0.817,0.90065,0.183,0.09935,0.646933516,0.221034666,97,1455.388853,0.007396871,0.156857523,0.166790896,0.006350763,0.038076197,0.028731977,0.03686657,5,0.154929577,0.14084507,0.232394366,266,152,418,0.002615497,0.515030481,0.002361931,0.002322813,0.00038107,0.169928342,1.969827148,3,0.000325145,0.00223779,0.0000658,71.13,230.1397806,31.03702,98.33016916,100.7725915,13.48616042,42.72628091,43.78755867,0.437875587,2.303013983,1.024838992
孝感,2020,湖北,0.304556039,0.961055017,0.556737347,-2.744369369,0.172580144,0.029783906,3.272727273,936.0181818,28.06386545,1.184821218,0.873043636,0.891783636,0.126956364,0.108216364,0.693610006,0.241093168,125.1272727,1641.543583,0.008346719,0.156857523,0.169585655,0.007056102,0.041607894,0.029267117,0.040885943,5,0.116197183,0.218309859,0.274647887,185,242,427,0.001976704,0.523826068,0.001520788,0.001051401,0.000333329,0.201334322,1.902872395,3,0.000295724,0.002039504,0.0000597,72.38,219.3545803,34.314,86.066,98.975,15.64316549,39.23601681,45.12100904,0.45121009,2.294782262,1.149989543
宁德,2018,福建,0.642154809,0.873424162,0.603910308,0.600432482,0.528803362,0.279632996,2,1090,26.49,1.220219,0.827533333,0.882266667,0.172466667,0.117733333,0.648759018,0.227296636,203,5347.47,0.003968285,0.156857523,0.162382821,0.01951764,0.120195225,0.085868581,0.036909069,4,0.059859155,0.091549296,0.137323944,212,153,365,0.001067006,0.492957746,0.002893117,0.00213287,0.000531738,0.138361749,2.01929334,3,0.000339844,0.002230517,0.000101412,78.11,194.27951,29.5002,96.89454,67.88477,15.18441137,49.87378237,34.94180627,0.349418063,2.197573949,0.700604699
宁德,2019,福建,0.642154809,0.877316312,0.603910308,0.600432482,0.529015903,0.279857825,2,1258,24.9859,1.436733,0.833733333,0.876666667,0.166266667,0.123333333,0.652003109,0.254658259,490,6184.51,0.004683974,0.156857523,0.169368612,0.022817046,0.134718269,0.089598689,0.043131116,4,0.126760563,0.116197183,0.186619718,246,183,429,0.003557362,0.512163892,0.001795859,0.001406903,0.000446567,0.169928342,1.969827148,3,0.000325145,0.00223779,0.0000658,84.33,245.17034,31.33317,125.6013,88.23587,12.78016338,51.23021814,35.98961848,0.359896185,2.232094551,0.702507617
宁德,2020,福建,0.642154809,0.880039949,0.603910308,0.809560671,0.543724093,0.29563589,2,1188.872727,34.11754909,1.393079709,0.83035697,0.882260303,0.16964303,0.117739697,0.651293713,0.249882478,298.1181818,6466.482909,0.004352327,0.156857523,0.165433679,0.022476998,0.135867124,0.089950277,0.041338978,4,0.232394366,0.246478873,0.362676056,314,350,664,0.005141033,0.528843559,0.002424198,0.001746918,0.000348576,0.201334322,1.902872395,3,0.000295724,0.002039504,0.0000597,84.52,261.9,32.591,131.969,97.34,12.44406262,50.3890798,37.16685758,0.371668576,2.24722795,0.737597466
宁波,2018,浙江,0.013405418,1.511708903,0.622959665,-2.744736842,0.103886404,0.010792385,13,4197,122.2765,1.214517,0.882964063,0.802402985,0.117035937,0.197597015,0.665379366,0.314821488,1743,130104.08,0.016434888,0.156857523,0.276024237,0.009027558,0.032705672,0.028675166,0.086898361,110,0.404929577,0.577464789,0.679577465,3222,4487,7709,0.021672332,0.554329996,0.012951102,0.009270841,0.00029085,0.138361749,2.01929334,3,0.000339844,0.002230517,0.000101412,98.38,1119.313979,30.23255,550.7151885,538.3662405,2.700989228,49.20113559,48.09787518,0.480978752,2.45396886,0.977576526
宁波,2019,浙江,0.013405418,1.527437672,0.622959665,-2.744736842,0.104745314,0.010971581,14,4255,111.2733,1.335248,0.880401449,0.795623611,0.119598551,0.204376389,0.660259182,0.327662555,3236,133076.39,0.016833979,0.156857523,0.303931985,0.010431285,0.034321117,0.031835451,0.099587131,110,0.394366197,0.549295775,0.612676056,3399,4540,7939,0.010396505,0.529858614,0.018523931,0.008801256,0.000412967,0.169928342,1.969827148,3,0.000325145,0.00223779,0.0000658,98,1203.511403,32.31376,568.6341743,602.5634688,2.684956696,47.24792576,50.06711754,0.500671175,2.473821608,1.059668054
宁波,2020,浙江,0.013405418,1.568457353,0.622959665,-2.744736842,0.106985298,0.011445854,13.50909091,4632.345455,92.63591818,1.276929055,0.891318684,0.831246256,0.108681316,0.168753744,0.684873703,0.332153877,2937.236364,133424.2645,0.016749225,0.156857523,0.29877438,0.010617121,0.035535581,0.031964466,0.099239069,110,0.485915493,0.61971831,0.707746479,3896,5694,9590,0.008589729,0.539172535,0.02017794,0.008158639,0.000340704,0.201334322,1.902872395,3,0.000295724,0.002039504,0.0000597,98.43,1259.921746,33.85226,579.3109372,646.7585486,2.686854173,45.97991416,51.33323167,0.513332317,2.486463775,1.116427305
安庆,2018,安徽,0.609592854,0.887763985,0.490607096,-2.775819672,0.270193619,0.073004592,5,1125,26.4711,1.408384,0.861833333,0.771166667,0.138166667,0.228833333,0.633409815,0.249312791,96,1447.29,0.007974975,0.156857523,0.168124838,0.011325347,0.067362725,0.045426258,0.041915673,5,0.133802817,0.408450704,0.426056338,264,1036,1300,0.006213128,0.537074588,0.00550921,0.001269037,0.00038935,0.138361749,2.01929334,3,0.000339844,0.002230517,0.000101412,79.63,219.675,20.001,99.167,100.507,9.10481393,45.14259702,45.75258905,0.457525891,2.366477751,1.01351256
安庆,2019,安徽,0.609592854,0.893526051,0.490607096,-2.775819672,0.270508271,0.073174725,5,1252,24.8591,1.700912,0.873133333,0.7708,0.126866667,0.2292,0.643411695,0.287034721,191,1659.63,0.00901715,0.156857523,0.172294349,0.013377841,0.077645266,0.046607046,0.04945446,5,0.197183099,0.348591549,0.397887324,412,457,869,0.007500997,0.544489819,0.002641351,0.002260476,0.000285836,0.169928342,1.969827148,3,0.000325145,0.00223779,0.0000658,79.92,235.672,21.608,103.819,110.245,9.168675108,44.05232696,46.77899793,0.467789979,2.376103228,1.061896185
安庆,2020,安徽,0.609592854,0.880766681,0.490607096,-2.775819672,0.269811513,0.072798253,5.490909091,1248.981818,25.66753455,1.712655978,0.877906061,0.719320606,0.122093939,0.280679394,0.626306468,0.283012958,150.4,2119.995636,0.009239324,0.156857523,0.17233329,0.013159397,0.076360154,0.046497506,0.048772554,5,0.401408451,0.366197183,0.528169014,991,463,1454,0.012123425,0.548819758,0.003554913,0.004004938,0.000328487,0.201334322,1.902872395,3,0.000295724,0.002039504,0.0000597,86.31,238.145,24.22,101.927,111.998,10.17027441,42.80039472,47.02933087,0.470293309,2.368590565,1.098806008
安康,2018,陕西,0.606703742,0.839636645,0.843466398,-2.719130435,0.309327373,0.095683424,2,576,17.1865,1.365489,0.858197826,0.859498214,0.141802174,0.140501786,0.666852137,0.241529741,19,71.11101037,0.009019608,0.156857523,0.168613162,0.012597386,0.07471176,0.052156666,0.040725093,0,0.049295775,0.021126761,0.066901408,44,21,65,0.0000702,0.456291468,0.000426271,0.001112973,0.000456075,0.138361749,2.01929334,3,0.000339844,0.002230517,0.000101412,54,106.5165,12.3354,49.0883,45.0928,11.58074101,46.08516052,42.33409847,0.423340985,2.307533575,0.918605859
安康,2019,陕西,0.606703742,0.833044402,0.843466398,-2.719130435,0.308967387,0.095460846,2,714,17.8824,1.462928429,0.868125275,0.832781217,0.131874725,0.167218783,0.664669845,0.253555862,36,127.8176415,0.01,0.156857523,0.171228572,0.013414131,0.078340492,0.052904044,0.043416008,0,0.059859155,0.024647887,0.080985915,63,36,99,0.00023948,0.475959203,0.000220863,0.001575285,0.00041886,0.169928342,1.969827148,3,0.000325145,0.00223779,0.0000658,57.66,118.2059,13.7524,55.2095,49.244,11.63427545,46.70621348,41.65951107,0.416595111,2.300252356,0.891947944
安康,2020,陕西,0.606703742,0.832399382,0.843466398,-2.719130435,0.308932164,0.095439082,2.181818182,659.0545455,20.27025818,1.50420061,0.863056707,0.85591583,0.136943293,0.14408417,0.669729579,0.25998359,56.30909091,89.66102652,0.010462585,0.156857523,0.172643038,0.013866221,0.080317293,0.053334987,0.044884357,0,0.088028169,0.017605634,0.095070423,44,25,69,0,0.495612815,0.000141513,0.000910935,0.000216763,0.201334322,1.902872395,3,0.000295724,0.002039504,0.0000597,70.32,109.0768,15.72,43.988,49.3688,14.41186393,40.32754903,45.26058704,0.45260587,2.308487231,1.12232427
安阳,2018,河南,0.590980656,0.85642968,0.568428646,-2.725396825,0.273786714,0.074959165,6,1510,31.8384,1.346938,0.8803,0.8427,0.1197,0.1573,0.679732232,0.268428372,153,5014.394554,0.018904176,0.156857523,0.196374781,0.014431999,0.073492122,0.053764806,0.052712563,4,0.077464789,0.070422535,0.133802817,119,108,227,0.001136105,0.50283486,0.000200935,0.001530811,0.000288461,0.138361749,2.01929334,3,0.000339844,0.002230517,0.000101412,64.5,214.2,20,98.3,95.9,9.337068161,45.89169001,44.77124183,0.447712418,2.354341737,0.975584944
安阳,2019,河南,0.590980656,0.862787655,0.568428646,-2.725396825,0.274133907,0.075149399,6,1590,31.4703,1.388747,0.9215,0.8516,0.0785,0.1484,0.720453548,0.289514016,330,5010.390859,0.021202166,0.156857523,0.204792273,0.016253463,0.079365608,0.056140506,0.059290233,4,0.080985915,0.123239437,0.165492958,140,126,266,0.001924157,0.514071393,0.000346923,0.001492044,0.000318719,0.169928342,1.969827148,3,0.000325145,0.00223779,0.0000658,70.48,219.304236,19.8,98.62971386,100.8745221,9.028553375,44.97392101,45.99752561,0.459975256,2.369689722,1.022759959
安阳,2020,河南,0.590980656,0.856783053,0.568428646,-2.725396825,0.273806011,0.074969731,7,1645.781818,37.78256364,1.378573236,0.911489091,0.838550909,0.088510909,0.161449091,0.706034675,0.286811229,221.2545455,6122.227204,0.018713649,0.156857523,0.197613433,0.015518709,0.078530638,0.054107746,0.056677751,4,0.14084507,0.133802817,0.232394366,261,311,572,0.001920379,0.516959435,0.001626625,0.001739735,0.000310823,0.201334322,1.902872395,3,0.000295724,0.002039504,0.0000597,71.59,227.5482974,23.90094352,98.2194556,105.4278982,10.50367935,43.16422348,46.33209717,0.463320972,2.358284178,1.073391189
安顺,2018,贵州,0.728378302,0.80597162,1.013501871,-2.76748366,0.367163944,0.134809361,2,435,17.37,1.16816,0.8587,0.9449,0.1413,0.0551,0.702795045,0.231278616,4,254.18,0.007845295,0.156857523,0.165689085,0.014069848,0.084917169,0.060835058,0.038320342,4,0.084507042,0.045774648,0.116197183,85,35,120,0.000833393,0.492079034,0.002562469,0.001479816,0.000458278,0.138361749,2.01929334,3,0.000339844,0.002230517,0.000101412,84.79,85.029,14.916,26.65,43.463,17.54225029,31.34224794,51.11550177,0.511155018,2.335732515,1.630881801
安顺,2019,贵州,0.728378302,0.802911388,1.013501871,-2.76748366,0.366996832,0.134686675,2,532,17.44,1.231356,0.8805,0.9463,0.1195,0.0537,0.722966499,0.24727902,4,169.24,0.008720341,0.156857523,0.167700342,0.015218909,0.090750617,0.061545494,0.041468776,4,0.098591549,0.088028169,0.158450704,82,92,174,0.000867431,0.499197718,0.000721249,0.000898616,0.000352992,0.169928342,1.969827148,3,0.000325145,0.00223779,0.0000658,79.25,92.394,15.719,28.739,47.936,17.0130095,31.10483365,51.88215685,0.518821569,2.348691473,1.667977313
安顺,2020,贵州,0.728378302,0.790674778,1.013501871,-2.76748366,0.366328621,0.134196658,2,496.6909091,18.59567273,1.281857098,0.883827273,0.930123636,0.116172727,0.069876364,0.719233766,0.251119059,3.036363636,216.6858182,0.008319611,0.156857523,0.16676674,0.015341222,0.091992099,0.06109143,0.041878307,4,0.059859155,0.10915493,0.144366197,54,129,183,0.000939374,0.51311587,0.000334506,0.000791999,0.000300515,0.201334322,1.902872395,3,0.000295724,0.002039504,0.0000597,77.27,96.905,17.628,29.638,49.639,18.19101182,30.58459316,51.22439503,0.51224395,2.330333832,1.674843107
定西,2018,甘肃,0.191319499,0.841631716,1.138970319,-2.732894737,0.18975145,0.036005613,1,591,13.4507,1.346886714,0.836049242,0.826711667,0.163950758,0.173288333,0.633323682,0.224329669,14,22.94556775,0.002037644,0.156857523,0.152142068,0.006476213,0.04256688,0.028869178,0.03412998,0,0.021126761,0.003521127,0.024647887,18,6,24,0,0.361330285,0.0000126,0.003949171,0.000275308,0.138361749,2.01929334,3,0.000339844,0.002230517,0.000101412,45.29,35.62609,6.55976,7.85159,21.21475,18.41279804,22.03887656,59.54835347,0.595483535,2.411356116,2.701968646
定西,2019,甘肃,0.191319499,0.83703368,1.138970319,-2.732894737,0.189500363,0.035910388,1,717,13.0236,1.369287286,0.837010606,0.809093333,0.162989394,0.190906667,0.626865666,0.226107477,11,36.56302095,0.002407298,0.156857523,0.152963306,0.006554087,0.042847449,0.028986602,0.034586147,0,0.007042254,0.028169014,0.031690141,10,23,33,0,0.404182047,0.001150454,0.000699034,0.00029774,0.169928342,1.969827148,3,0.000325145,0.00223779,0.0000658,45.59,41.638,7.798,6.626,27.214,18.72808492,15.91334838,65.35856669,0.653585667,2.466304818,4.107153637
定西,2020,甘肃,0.191319499,0.815333818,1.138970319,-2.732894737,0.188315387,0.035462685,1,609.8909091,15.89239455,1.390542332,0.848598174,0.812751431,0.151401826,0.187248569,0.638798586,0.231845715,11.07272727,39.16932225,0.00215709,0.156857523,0.152379376,0.006652901,0.043660115,0.028695381,0.035328505,0,0.028169014,0.031690141,0.056338028,57,40,97,0.000267089,0.477606121,0.0000967,0.001872388,0.000236379,0.201334322,1.902872395,3,0.000295724,0.002039504,0.0000597,48.08,44.136,8.847,7.011,28.278,20.04486134,15.88499184,64.07014682,0.640701468,2.440252855,4.033376123
宜宾,2018,四川,0.178107335,0.821654898,1.249300169,-2.740873016,0.195446261,0.038199241,2,1233,29.1359,1.258099,0.69895,0.84125,0.30105,0.15875,0.516167227,0.1838588,87,1468.59,0.006214191,0.156857523,0.163853898,0.00588801,0.035934515,0.032024632,0.030125981,5,0.056338028,0.102112676,0.13028169,141,71,212,0.001036527,0.503752442,0.006815283,0.00118372,0.000518748,0.138361749,2.01929334,3,0.000339844,0.002230517,0.000101412,69.56,234.931,25.475,118.098,91.358,10.8436094,50.26922799,38.88716261,0.388871626,2.280435532,0.773577876
宜宾,2019,四川,0.178107335,0.828618063,1.249300169,-2.740873016,0.195826503,0.038348019,2,1370,29.1075,1.387024,0.69705,0.846,0.30295,0.154,0.516433899,0.2001748,85,2041.26,0.006916174,0.156857523,0.165731163,0.006496584,0.039199531,0.032454554,0.033175202,5,0.137323944,0.091549296,0.197183099,498,64,562,0.001151331,0.498296639,0.038678627,0.002928924,0.00041235,0.169928342,1.969827148,3,0.000325145,0.00223779,0.0000658,82.28,263.311,27.764,130.892,101.533,10.54418539,49.7100387,38.56010573,0.385601057,2.2564458,0.775700578
宜宾,2020,四川,0.178107335,0.809891897,1.249300169,-2.740873016,0.194803913,0.037948564,2,1273.072727,19.30203818,1.338045364,0.674846364,0.878333636,0.325153636,0.121666364,0.509918908,0.189508419,175.8,1600.162182,0.006662346,0.156857523,0.166487422,0.006146213,0.036916981,0.032432401,0.031550768,5,0.176056338,0.077464789,0.225352113,279,86,365,0.001068673,0.514071393,0.003807915,0.001814751,0.00040004,0.201334322,1.902872395,3,0.000295724,0.002039504,0.0000597,86.5,280.21249,34.45506,134.93009,110.82734,12.29604719,48.15277506,39.55117775,0.395511778,2.272551306,0.821368607
宜昌,2018,湖北,0.23966629,1.055401026,0.556737347,-2.744369369,0.154100344,0.023746916,5,1213,34.07,1.159147,0.854875,0.90216,0.145125,0.09784,0.681595795,0.24227077,173,3070.45,0.013951352,0.156857523,0.184205895,0.006877145,0.037334009,0.028386192,0.044627704,11,0.084507042,0.14084507,0.197183099,199,245,444,0.002906014,0.500102062,0.002355404,0.001479512,0.00031611,0.138361749,2.01929334,3,0.000339844,0.002230517,0.000101412,85.47,406.418,38.642,213.227,154.549,9.507945022,52.46494988,38.0271051,0.380271051,2.285191601,0.72480971
宜昌,2019,湖北,0.23966629,1.058448867,0.556737347,-2.744369369,0.154266779,0.023798239,5,1414,31.3044,1.160503,0.85546,0.906533333,0.14454,0.093466667,0.683938969,0.245777753,210,3197.796622,0.014500109,0.156857523,0.186185377,0.007059282,0.037915342,0.028722218,0.045760224,11,0.253521127,0.176056338,0.330985915,387,262,649,0.005456206,0.531900459,0.002089781,0.003255669,0.00029198,0.169928342,1.969827148,3,0.000325145,0.00223779,0.0000658,84.82,446.0824433,41.60542,205.4149992,199.0620241,9.326845435,46.04866259,44.62449198,0.44624492,2.352976465,0.969072487
宜昌,2020,湖北,0.23966629,1.063993753,0.556737347,-2.744369369,0.154569571,0.023891752,5,1385.127273,35.14418364,1.131730113,0.834284697,0.903632636,0.165715303,0.096367364,0.663705206,0.23509487,223.8545455,3499.393317,0.014826566,0.156857523,0.187328215,0.006807229,0.036338513,0.028955242,0.044039902,11,0.225352113,0.169014085,0.306338028,472,420,892,0.003024485,0.526825073,0.003095489,0.002136215,0.000319107,0.201334322,1.902872395,3,0.000295724,0.002039504,0.0000597,88.58,426.1419264,45.968,182.846,197.328,10.78701652,42.90730123,46.30569953,0.463056995,2.355187176,1.079203264
宜春,2018,江西,0.665454247,0.84384518,0.584790548,-2.721538462,0.302292468,0.091380736,5,1386,28.9566,1.152218,0.837,0.94805,0.163,0.05195,0.68460436,0.244376266,33,2959.25,0.009378025,0.156857523,0.171036494,0.012634997,0.073873104,0.051703044,0.04179726,4,0.183098592,0.066901408,0.204225352,210,160,370,0.001134151,0.504673378,0.00141676,0.001875369,0.000439257,0.138361749,2.01929334,3,0.000339844,0.002230517,0.000101412,81.68,218.085,26.917,97.751,93.417,12.34243529,44.82243162,42.83513309,0.428351331,2.304926978,0.955662858
宜春,2019,江西,0.665454247,0.837026891,0.584790548,-2.721538462,0.301920138,0.09115577,5,1480,28.1979,1.268876,0.8362,0.9364,0.1638,0.0636,0.679043916,0.25641718,24,3014.91,0.010917464,0.156857523,0.174515967,0.013510592,0.07741751,0.052689885,0.044748892,4,0.211267606,0.11971831,0.257042254,346,168,514,0.002498327,0.515993155,0.002486116,0.002658768,0.000380784,0.169928342,1.969827148,3,0.000325145,0.00223779,0.0000658,85.12,268.757,29.654,113.631,125.442,11.03375912,42.28020107,46.67487731,0.466748773,2.356187932,1.103941706
宜春,2020,江西,0.665454247,0.804573712,0.584790548,-2.721538462,0.300147949,0.090088792,5.4,1451.345455,30.05527636,1.279161164,0.865881818,0.960359091,0.134118182,0.039640909,0.715673235,0.272104555,28.85454545,3654.897091,0.01053971,0.156857523,0.174011549,0.014211806,0.081671624,0.05222921,0.047349335,4,0.306338028,0.186619718,0.376760563,502,148,650,0.005192059,0.533958101,0.007233046,0.002767148,0.000284901,0.201334322,1.902872395,3,0.000295724,0.002039504,0.0000597,87.72,278.98694,32.338,113.75886,132.89008,11.59122359,40.77569366,47.63308275,0.476330828,2.360418592,1.16817345
宝鸡,2018,陕西,0.012492354,0.920303076,0.843466398,-2.719130435,0.097330127,0.009473154,3,917,24.86,1.381123,0.91355,0.8379,0.08645,0.1621,0.707616115,0.266777681,68,955.6704756,0.00894039,0.156857523,0.169678804,0.004405796,0.025965505,0.01651486,0.045266518,5,0.077464789,0.091549296,0.151408451,209,164,373,0.001511045,0.506525391,0.000517041,0.003107388,0.000319298,0.138361749,2.01929334,3,0.000339844,0.002230517,0.000101412,67.97,211.0944,16.3585,123.622,71.114,7.749376582,58.56242515,33.68824564,0.336882456,2.259389638,0.575253596
宝鸡,2019,陕西,0.012492354,0.904684221,0.843466398,-2.719130435,0.096477219,0.009307854,3,932,23.74,1.449584,0.91755,0.83535,0.08245,0.16465,0.710150803,0.275362496,80,955.6704756,0.00894039,0.156857523,0.169884483,0.004513187,0.026566208,0.016389983,0.046779815,5,0.102112676,0.066901408,0.151408451,172,162,334,0.001823342,0.514071393,0.000236393,0.00260215,0.000248164,0.169928342,1.969827148,3,0.000325145,0.00223779,0.0000658,65.77,221.2763,17.8746,124.8839,78.5178,8.077955027,56.43799178,35.4840532,0.354840532,2.274060982,0.628726361
宝鸡,2020,陕西,0.012492354,0.905698871,0.843466398,-2.719130435,0.096532627,0.009318548,2.745454545,958.8727273,27.07856364,1.490108055,0.921889091,0.825159091,0.078110909,0.174840909,0.709814759,0.280029981,79.45454545,1080.114942,0.009670154,0.156857523,0.171643299,0.004639867,0.02703203,0.016569179,0.04806527,5,0.112676056,0.116197183,0.200704225,424,430,854,0.003522985,0.529858614,0.000435748,0.003609653,0.000252353,0.201334322,1.902872395,3,0.000295724,0.002039504,0.0000597,79.55,228.1708,20.514,126.157,81.4998,8.990633333,55.2905981,35.71876857,0.357187686,2.267281352,0.64601885
宣城,2018,安徽,0.702646406,0.949308095,0.887977692,-2.775819672,0.351213251,0.123350748,1,771,19.8682,1.337657,0.863333333,0.907466667,0.136666667,0.092533333,0.691401881,0.248719522,65,1851.24,0.00271148,0.156857523,0.155445822,0.013578751,0.087353592,0.054594632,0.038662411,8,0.200704225,0.197183099,0.292253521,500,330,830,0.004344986,0.501920615,0.002256243,0.003235713,0.000451342,0.138361749,2.01929334,3,0.000339844,0.002230517,0.000101412,83.39,141.886,13.54,66.647,61.699,9.542872447,46.97221713,43.48491042,0.434849104,2.33942038,0.925758099
宣城,2019,安徽,0.702646406,0.954550346,0.887977692,-2.775819672,0.351499517,0.123551911,1,856,18.077,1.438335,0.880233333,0.9099,0.119766667,0.0901,0.707599598,0.266929007,83,1867.15,0.002763623,0.156857523,0.155883943,0.014625876,0.093825417,0.054793131,0.041609946,8,0.211267606,0.246478873,0.334507042,714,351,1065,0.005779024,0.523826068,0.002372822,0.00389203,0.000383297,0.169928342,1.969827148,3,0.000325145,0.00223779,0.0000658,88.47,155.744,14.969,73.018,67.757,9.611285186,46.88334703,43.50536778,0.435053678,2.338940826,0.927949273
宣城,2020,安徽,0.702646406,0.94556265,0.887977692,-2.775819672,0.351008721,0.123207122,1.109090909,851.2727273,20.30984545,1.385744473,0.880310242,0.890163212,0.119689758,0.109836788,0.699466407,0.258529071,87.18181818,2163.445455,0.00297942,0.156857523,0.156599182,0.014210743,0.090745959,0.054967678,0.040485441,8,0.38028169,0.38028169,0.514084507,1091,660,1751,0.008347536,0.547730829,0.005982846,0.004606292,0.000348438,0.201334322,1.902872395,3,0.000295724,0.002039504,0.0000597,85.01,159.136,16.319,74.55,68.267,10.25475065,46.8467223,42.89852705,0.42898527,2.326437764,0.915720993
宿州,2018,安徽,0.780231817,0.865328378,1.228865516,-2.775819672,0.412431376,0.17009964,3,1234,30.2345,1.397377188,0.849779048,0.847189386,0.150220952,0.152810614,0.654171605,0.253696903,66,742.4,0.004418277,0.156857523,0.158947262,0.016631059,0.104632563,0.065554838,0.040324428,0,0.186619718,0.161971831,0.271126761,204,154,358,0.004135225,0.506525391,0.000812899,0.001633514,0.000316883,0.138361749,2.01929334,3,0.000339844,0.002230517,0.000101412,74.3,175.782,25.362,62.566,87.854,14.42809844,35.59295036,49.9789512,0.499789512,2.355508528,1.404181185
宿州,2019,安徽,0.780231817,0.865899905,1.228865516,-2.775819672,0.412462586,0.170125385,3,1458,27.7695,1.552858563,0.856676018,0.845608241,0.143323982,0.154391759,0.659712172,0.275834367,252,909.41,0.005229123,0.156857523,0.164113275,0.01867139,0.113771356,0.067690586,0.045268081,0,0.313380282,0.316901408,0.440140845,647,492,1139,0.008222867,0.541286937,0.003345737,0.003366295,0.000348328,0.169928342,1.969827148,3,0.000325145,0.00223779,0.0000658,74.16,195.303,28.751,68.396,98.156,14.72122804,35.02045539,50.25831656,0.502583166,2.355370885,1.435113165
宿州,2020,安徽,0.780231817,0.862313793,1.228865516,-2.775819672,0.412266757,0.169963879,3.090909091,1367.054545,32.77451818,1.523658929,0.849001947,0.886293528,0.150998053,0.113706472,0.669724369,0.275998925,182.7090909,932.1043636,0.004762018,0.156857523,0.161841479,0.018415162,0.113785182,0.066721862,0.044668074,0,0.39084507,0.419014085,0.524647887,1046,732,1778,0.007715658,0.538121517,0.008356426,0.004086508,0.000328966,0.201334322,1.902872395,3,0.000295724,0.002039504,0.0000597,81.47,196.924,31.494,67.659,97.772,15.99297191,34.35792488,49.64961102,0.49649611,2.336576547,1.445070131
宿迁,2018,江苏,0.459808239,0.839884315,0.622959665,-2.742943548,0.229897301,0.052852769,3,1477,37.4002,1.450318,0.737933333,0.810466667,0.262066667,0.189533333,0.538404855,0.220351061,380,3600.72,0.004188566,0.156857523,0.165120358,0.008364686,0.050658114,0.037960725,0.036384446,9,0.253521127,0.169014085,0.330985915,705,284,989,0.005873437,0.526825073,0.003043608,0.004835435,0.000402896,0.138361749,2.01929334,3,0.000339844,0.002230517,0.000101412,81.22,286.487,31.088,124.533,130.866,10.85145225,43.46898812,45.67955963,0.456795596,2.348281074,1.050853991
宿迁,2019,江苏,0.459808239,0.8394895,0.622959665,-2.742943548,0.229875741,0.052842857,3,1797,38.4336,1.489004,0.7626,0.8252,0.2374,0.1748,0.566693442,0.240024402,380,3425.39,0.004685489,0.156857523,0.166203398,0.009170403,0.055175787,0.038206129,0.039892871,9,0.281690141,0.183098592,0.362676056,785,381,1166,0.005356731,0.526825073,0.001765359,0.005135395,0.000376074,0.169928342,1.969827148,3,0.000325145,0.00223779,0.0000658,79.57,308.423,32.459,131.685,144.279,10.5241827,42.69623212,46.77958518,0.467795852,2.362554025,1.095637316
宿迁,2020,江苏,0.459808239,0.828500906,0.622959665,-2.742943548,0.229275681,0.052567338,3.672727273,1712.163636,41.73162364,1.449885782,0.760854848,0.823738182,0.239145152,0.176261818,0.564517728,0.235593275,371.9363636,3959.864455,0.004266655,0.156857523,0.16533221,0.008930553,0.054015809,0.037906655,0.038951157,9,0.433098592,0.285211268,0.503521127,1618,791,2409,0.009078007,0.533958101,0.009709055,0.009364861,0.00038876,0.201334322,1.902872395,3,0.000295724,0.002039504,0.0000597,84.2,327.037,34.14,136.735,156.163,10.43918578,41.81025389,47.75086611,0.477508661,2.373122919,1.142085055
岳阳,2018,湖南,0.80888158,0.914454822,0.982053769,-2.781372549,0.397975004,0.158384104,4,1283,34.2053,1.388138,0.877316667,0.7941,0.122683333,0.2059,0.656853985,0.257120387,208,3120.747329,0.009615998,0.156857523,0.174668814,0.017873421,0.102327487,0.069513822,0.044910913,11,0.154929577,0.080985915,0.200704225,381,208,589,0.002121404,0.499197718,0.00136715,0.003446371,0.000485538,0.138361749,2.01929334,3,0.000339844,0.002230517,0.000101412,67.48,341.10068,31.99104,142.43381,166.67583,9.378767583,41.75711699,48.86411543,0.488641154,2.394853478,1.170198494
岳阳,2019,湖南,0.80888158,0.894673316,0.982053769,-2.781372549,0.396894785,0.15752547,4,1438,33.353,1.422976,0.881483333,0.79975,0.118516667,0.20025,0.662946233,0.265364527,170,4782.949106,0.010443813,0.156857523,0.176730726,0.018613598,0.105321797,0.070143503,0.046898066,11,0.169014085,0.112676056,0.214788732,233,201,434,0.001506568,0.510270495,0.001913359,0.00166335,0.000412653,0.169928342,1.969827148,3,0.000325145,0.00223779,0.0000658,69.97,378.04066,38.06163,152.58324,187.3957919,10.0681313,40.36159497,49.57027425,0.495702742,2.39502144,1.228154494
岳阳,2020,湖南,0.80888158,0.896152087,0.982053769,-2.781372549,0.396975537,0.157589577,3.927272727,1400.636364,40.09296545,1.494872727,0.869232485,0.756562182,0.130767515,0.243437818,0.633989349,0.26266382,263.7272727,3404.750256,0.010344123,0.156857523,0.177462516,0.018504214,0.104271111,0.070448278,0.046612982,11,0.221830986,0.116197183,0.285211268,383,190,573,0.002946596,0.526825073,0.001235606,0.00340951,0.000307916,0.201334322,1.902872395,3,0.000295724,0.002039504,0.0000597,72.05,400.15479,45.99082,162.2245293,191.9394407,11.4932574,40.54044418,47.96629842,0.479662984,2.36473041,1.183171507
崇左,2018,广西,0.533423501,0.8340882,0.564379226,0.410996293,0.469514283,0.220443662,7,470,13.5735,1.374932444,0.854321429,0.853278701,0.145678571,0.146721299,0.660784045,0.249078178,19,22298.2818,0.030056207,0.156857523,0.228253428,0.026693271,0.116945762,0.107168245,0.056852948,0,0.049295775,0.073943662,0.112676056,43,78,121,0.002555677,0.496504205,0.000515785,0.00084937,0.000264536,0.138361749,2.01929334,3,0.000339844,0.002230517,0.000101412,34.33,69.307,18.93142,44.9715462,37.7461939,27.31530726,64.88745177,54.46231102,0.54462311,3.204771439,0.839335026
崇左,2019,广西,0.533423501,0.836358592,0.564379226,0.410996293,0.469638263,0.220560098,8,602,13.7327,1.439550556,0.848778247,0.846320887,0.151221753,0.153679113,0.652911343,0.257327452,19,27446.41813,0.04061034,0.156857523,0.255382781,0.030863218,0.120850818,0.119937526,0.065717,0,0.038732394,0.056338028,0.084507042,41,43,84,0.000281821,0.466311382,0.000138823,0.000793471,0.00039158,0.169928342,1.969827148,3,0.000325145,0.00223779,0.0000658,34.58,76.046,17.01984,21.3697815,37.6564153,22.38097993,28.10112498,49.51794348,0.495179435,2.271370603,1.762133848
崇左,2020,广西,0.533423501,0.820967556,0.564379226,0.082407087,0.445921487,0.198845972,8.181818182,513.7636364,14.75205636,1.450759123,0.861273831,0.853473194,0.138726169,0.146526806,0.667112352,0.263208286,13.72727273,28624.65788,0.034938985,0.156857523,0.242549016,0.028468034,0.11737023,0.108157818,0.063840911,0,0.056338028,0.095070423,0.137323944,55,76,131,0.001242186,0.519880109,0.000362619,0.000969365,0.00018611,0.201334322,1.902872395,3,0.000295724,0.002039504,0.0000597,32.79,80.9,18.041,23.261,39.598,22.30037083,28.75278121,48.94684796,0.48946848,2.266464771,1.702334379
巴中,2018,四川,0.000666361,0.769780071,1.249300169,-2.740873016,0.127992352,0.016382042,1,700,17.7215,1.263944333,0.846570663,0.85911544,0.153429337,0.14088456,0.65624481,0.225972549,13,78.63,0.001939967,0.156857523,0.151921912,0.004394001,0.028922758,0.019444843,0.034330182,0,0.056338028,0.028169014,0.077464789,42,31,73,0.000635666,0.460093897,0.00024647,0.000880796,0.000334157,0.138361749,2.01929334,3,0.000339844,0.002230517,0.000101412,52.81,70.466,10.832,23.822,35.812,15.37195243,33.80637471,50.82167286,0.508216729,2.354497204,1.503316262
巴中,2019,四川,0.000666361,0.758752735,1.249300169,-2.740873016,0.127390177,0.016228257,1,790,18.1468,1.3384706,0.847053113,0.859014767,0.152946887,0.140985233,0.656636504,0.235711337,13,88.03,0.002271089,0.156857523,0.152702305,0.004585239,0.030027309,0.019452774,0.035993664,0,0.073943662,0.031690141,0.102112676,56,26,82,0.000206576,0.484309365,0.00026583,0.000658248,0.000401592,0.169928342,1.969827148,3,0.000325145,0.00223779,0.0000658,57.06,73.987,12.4,24.212,38.817,16.75970103,32.72466785,52.46462216,0.524646222,2.396029032,1.603213283
巴中,2020,四川,0.000666361,0.752723087,1.249300169,-2.740873016,0.127060913,0.016144475,1,769.5090909,28.8891,1.358975389,0.848763765,0.87400106,0.151236235,0.12599894,0.664401779,0.242157745,21.69090909,118.0014545,0.002225035,0.156857523,0.152757275,0.004700156,0.030768784,0.019409479,0.036991357,0,0.035211268,0.077464789,0.105633803,27,93,120,0.00028279,0.497398807,0.000513173,0.000602104,0.000385668,0.201334322,1.902872395,3,0.000295724,0.002039504,0.0000597,54.9,76.699,16.181,21.494,39.024,21.09675485,28.02383343,50.87941173,0.508794117,2.297826569,1.81557644
巴彦淖尔,2018,内蒙古,0.455973193,0.970422697,1.319275681,-2.769246032,0.310496845,0.09640829,2,440,13.2,1.351837857,0.840487381,0.88489619,0.159512619,0.11510381,0.661492407,0.23548408,18,3718.22,0.006714801,0.156857523,0.164890867,0.012056336,0.073117064,0.051198094,0.038829174,1,0.063380282,0.045774648,0.098591549,39,24,63,0.000939052,0.495612815,0.000101492,0.001338175,0.000254362,0.138361749,2.01929334,3,0.000339844,0.002230517,0.000101412,68.07,81.31,18.43,30.95,31.93,22.6663387,38.06419875,39.26946255,0.392694626,2.166031238,1.031663974
巴彦淖尔,2019,内蒙古,0.455973193,0.973728083,1.319275681,-2.769246032,0.310677344,0.096520412,2,360,12,1.434498,0.861052381,0.882854286,0.138947619,0.117145714,0.679123679,0.249970985,3,4014.22,0.006664896,0.156857523,0.164654492,0.012787121,0.077660322,0.05115442,0.041158845,1,0.038732394,0.021126761,0.056338028,26,39,65,0.000122684,0.471085901,0.000239581,0.000976967,0.000221054,0.169928342,1.969827148,3,0.000325145,0.00223779,0.0000658,58.01,87.50104,20.10229,28.44458,38.95417,22.97377265,32.50770505,44.51852229,0.445185223,2.215447496,1.369476013
巴彦淖尔,2020,内蒙古,0.455973193,0.973446953,1.319275681,-2.769246032,0.310661992,0.096510873,2.381818182,419.1090909,5.193350909,1.435404532,0.863608606,0.877441113,0.136391394,0.122558887,0.679171091,0.250784183,9.009090909,4149.767455,0.007154909,0.156857523,0.165968934,0.012930493,0.077909114,0.05156024,0.041622384,1,0.066901408,0.028169014,0.084507042,119,103,222,0.000272957,0.488595289,0.000251342,0.002753981,0.000233844,0.201334322,1.902872395,3,0.000295724,0.002039504,0.0000597,49.03,87.4,22.145,25.665,39.59,25.3375286,29.36498856,45.29748284,0.452974828,2.199599542,1.542567699
常州,2018,江苏,0.008694977,1.237196911,0.622959665,-2.742943548,0.087305362,0.007622226,10,2368,70.3604,1.263749,0.869890625,0.827716216,0.130109375,0.172283784,0.664151266,0.279767767,818,34386.1,0.026446517,0.156857523,0.239111033,0.005840341,0.024425226,0.020875675,0.06689556,58,0.302816901,0.419014085,0.492957746,1864,2238,4102,0.021576826,0.533958101,0.011901009,0.006874469,0.000337684,0.138361749,2.01929334,3,0.000339844,0.002230517,0.000101412,75.19,689.702,15.731,328.226,345.745,2.280840131,47.58953867,50.1296212,0.501296212,2.478487811,1.053374809
常州,2019,江苏,0.008694977,1.230058303,0.622959665,-2.742943548,0.08691554,0.007554311,10,2639,70.5029,1.397321,0.8723,0.815166667,0.1277,0.184833333,0.661100951,0.297282829,1019,33834.87,0.027441934,0.156857523,0.244632626,0.00632094,0.025838498,0.021262377,0.072725079,58,0.362676056,0.5,0.566901408,2281,2314,4595,0.008582237,0.532927293,0.008998671,0.00802956,0.000361122,0.169928342,1.969827148,3,0.000325145,0.00223779,0.0000658,81.49,740.586,15.7,352.917,371.969,2.119942856,47.65374987,50.22630728,0.502263073,2.481063644,1.053984365
常州,2020,江苏,0.008694977,1.25939418,0.622959665,-2.742943548,0.0885175,0.007835348,10.30909091,2655.6,72.86324,1.349177764,0.877109569,0.793864655,0.122890431,0.206135345,0.65657008,0.29149033,1089.109091,35980.78218,0.026038868,0.156857523,0.243544199,0.006283926,0.025801995,0.021557924,0.070990779,58,0.422535211,0.48943662,0.580985915,2717,3239,5956,0.008638166,0.538121517,0.022496879,0.00754607,0.000414507,0.201334322,1.902872395,3,0.000295724,0.002039504,0.0000597,90.04,781.032,16.43,361.615,402.987,2.103626996,46.29963945,51.59673355,0.515967336,2.494931066,1.114408971
常德,2018,湖南,0.189602136,0.898667421,0.982053769,-2.781372549,0.171581269,0.029440132,5,1341,34.681,1.308591,0.938533333,0.791133333,0.061466667,0.208866667,0.710630819,0.271679196,157,1527.189297,0.00974244,0.156857523,0.173349784,0.008080711,0.046615061,0.029743576,0.04709553,5,0.095070423,0.070422535,0.137323944,188,170,358,0.000745329,0.482615976,0.001593322,0.001818387,0.000505288,0.138361749,2.01929334,3,0.000339844,0.002230517,0.000101412,75.84,339.42,34.8,128.54,176.08,10.25278416,37.87048494,51.87673089,0.518767309,2.416239467,1.369845962
常德,2019,湖南,0.189602136,0.887167165,0.982053769,-2.781372549,0.170953268,0.02922502,5,1522,33.797,1.399054,0.945433333,0.7823,0.054566667,0.2177,0.713160213,0.285099301,231,1912.164546,0.010683891,0.156857523,0.177003597,0.008626918,0.048738657,0.030259343,0.050463602,5,0.147887324,0.066901408,0.179577465,262,160,422,0.000989505,0.506525391,0.001752063,0.002363742,0.000397861,0.169928342,1.969827148,3,0.000325145,0.00223779,0.0000658,74.27,362.4198,39.5733,146.2732,176.5733,10.91918819,40.36015692,48.72065489,0.487206549,2.378014667,1.207147311
常德,2020,湖南,0.189602136,0.894926142,0.982053769,-2.781372549,0.171376966,0.029370065,5.4,1580.618182,37.20305273,1.312362236,0.943860909,0.899446061,0.056139091,0.100553939,0.760431299,0.295541639,193.1636364,1688.749212,0.010456612,0.156857523,0.175718513,0.008899972,0.05064903,0.030114106,0.051932137,5,0.147887324,0.137323944,0.246478873,303,171,474,0.002926306,0.537074588,0.003527467,0.001724466,0.000344767,0.201334322,1.902872395,3,0.000295724,0.002039504,0.0000597,76,374.91,46.46,154.37,174.08,12.39230749,41.17521539,46.43247713,0.464324771,2.340401696,1.127680249
平凉,2018,甘肃,0.191319499,0.808708671,1.546690525,-2.732894737,0.232863862,0.054225578,2,556,28.77,1.346886714,0.836049242,0.826711667,0.163950758,0.173288333,0.633323682,0.22818995,15,65.79170067,0.005781498,0.156857523,0.160953265,0.008552605,0.053137193,0.037480199,0.036727918,0,0.01056338,0.021126761,0.031690141,10,12,22,0.000781372,0.386633527,0.00000232,0.001193986,0.0000584,0.138361749,2.01929334,3,0.000339844,0.002230517,0.000101412,37.31,39.517,8.789,10.389,20.339,22.24106081,26.28995116,51.46898803,0.51468988,2.292279272,1.957743767
平凉,2019,甘肃,0.191319499,0.801391699,1.546690525,-2.732894737,0.2324643,0.054039651,2,678,28.77,1.369287286,0.837010606,0.809093333,0.162989394,0.190906667,0.626865666,0.229971862,20,69.47307386,0.007557835,0.156857523,0.165203716,0.008831832,0.053460248,0.038403966,0.037992206,0,0.007042254,0.035211268,0.038732394,3,12,15,0.000000235,0.445971467,0.000124945,0.000589289,0.000202,0.169928342,1.969827148,3,0.000325145,0.00223779,0.0000658,55.79,45.658,9.129,12.368,24.161,19.99430549,27.08835253,52.91734198,0.52917342,2.329230365,1.953509056
平凉,2020,甘肃,0.191319499,0.777505436,1.546690525,-2.732894737,0.23115993,0.053434913,2.127272727,594.5636364,35.96397636,1.390542332,0.848598174,0.812751431,0.151401826,0.187248569,0.638798586,0.236943192,16.34545455,65.38614336,0.005742079,0.156857523,0.160883755,0.008811888,0.054771772,0.037189878,0.038120311,0,0.031690141,0.038732394,0.066901408,35,38,73,0.000441516,0.484309365,0.000156877,0.001330339,0.000177606,0.201334322,1.902872395,3,0.000295724,0.002039504,0.0000597,51.22,47.616,10.985,11.67,24.961,23.06997648,24.50856855,52.42145497,0.52421455,2.293514785,2.138903171
平顶山,2018,河南,0.032903678,0.86071603,0.710391588,-2.725396825,0.086415286,0.007467602,6,580,28.3949,1.269378,0.860333333,0.8129,0.139666667,0.1871,0.649405627,0.234633369,123,594.7214918,0.014753731,0.156857523,0.184077804,0.003732345,0.02027591,0.015907136,0.043190795,3,0.066901408,0.080985915,0.123239437,113,140,253,0.000811297,0.481773714,0.000423205,0.001408554,0.000355265,0.138361749,2.01929334,3,0.000339844,0.002230517,0.000101412,64.12,213.5225112,16.07,101.69,95.763,7.526138537,47.62495506,44.84913533,0.448491353,2.373234546,0.941715016
平顶山,2019,河南,0.032903678,0.870614929,0.710391588,-2.725396825,0.086955841,0.007561318,6,710,28.9701,1.25918,0.859033333,0.792533333,0.140966667,0.207466667,0.639773368,0.231807037,147,523.2021454,0.014944344,0.156857523,0.184902618,0.003727078,0.020156976,0.016078363,0.042861728,3,0.073943662,0.123239437,0.161971831,111,109,220,0.001837047,0.51311587,0.000408558,0.001204477,0.000286962,0.169928342,1.969827148,3,0.000325145,0.00223779,0.0000658,70.97,236.5226969,17.366,108.4021504,110.7545465,7.342212917,45.83160595,46.82618114,0.468261811,2.394839682,1.02170064
平顶山,2020,河南,0.032903678,0.864123141,0.710391588,-2.725396825,0.08660134,0.007499792,6.036363636,666.2909091,31.62113091,1.229983036,0.881315152,0.78694,0.118684848,0.21306,0.657471468,0.235091871,115.1454545,572.2700607,0.01405299,0.156857523,0.182290473,0.003711301,0.020359271,0.015786599,0.042855008,3,0.066901408,0.137323944,0.172535211,124,145,269,0.000888077,0.515030481,0.000468127,0.001190957,0.000303132,0.201334322,1.902872395,3,0.000295724,0.002039504,0.0000597,70.89,241.8240943,20.48139699,105.6763947,115.6663025,8.469543555,43.69969629,47.83076016,0.478307602,2.393612166,1.094533011
广元,2018,四川,0.007744123,0.791680532,1.249300169,-2.740873016,0.13176589,0.01736225,2,730,17.0481,1.263944333,0.846570663,0.85911544,0.153429337,0.14088456,0.65624481,0.228469164,189,76.2,0.006263136,0.156857523,0.165069224,0.004969317,0.030104443,0.021750493,0.037713227,0,0.017605634,0.038732394,0.049295775,12,32,44,0.000462766,0.467100403,0.000800162,0.000631751,0.000401501,0.138361749,2.01929334,3,0.000339844,0.002230517,0.000101412,55.55,88.05,14.659,35.969,37.422,16.64849517,40.85065304,42.50085179,0.425008518,2.258523566,1.040395896
广元,2019,四川,0.007744123,0.784733847,1.249300169,-2.740873016,0.131386549,0.017262425,3,880,16.9271,1.3384706,0.847053113,0.859014767,0.152946887,0.140985233,0.656636504,0.241150946,154,91.94,0.007167235,0.156857523,0.166595502,0.00527841,0.031683991,0.021888408,0.040174663,0,0.077464789,0.102112676,0.161971831,100,54,154,0.000686527,0.510270495,0.000803334,0.001047275,0.000312278,0.169928342,1.969827148,3,0.000325145,0.00223779,0.0000658,62.5,95.32,15.301,38.968,39.916,16.05224507,40.88124213,41.87578682,0.418757868,2.234420898,1.024327653
广元,2020,四川,0.007744123,0.7783817,1.249300169,-2.740873016,0.131039673,0.017171396,2.745454545,839.2,18.44974,1.358975389,0.848763765,0.87400106,0.151236235,0.12599894,0.664401779,0.245435472,160.0181818,41.08781818,0.007769363,0.156857523,0.168086152,0.005405951,0.032161784,0.022025954,0.041254304,0,0.052816901,0.077464789,0.11971831,40,53,93,0.000343324,0.49472462,0.000729533,0.000694795,0.00036985,0.201334322,1.902872395,3,0.000295724,0.002039504,0.0000597,59.47,100.801,18.679,39.293,42.829,18.53057013,38.98076408,42.48866579,0.424886658,2.239580957,1.089990584
广安,2018,四川,0.00161303,0.696668109,1.249300169,-2.740873016,0.12434465,0.015461592,1,694,5.3255,1.306775,0.8312,0.9023,0.1688,0.0977,0.660379452,0.230410289,347,411.54,0.003602484,0.156857523,0.161697784,0.004632688,0.028650287,0.020106254,0.037256833,1,0.038732394,0.017605634,0.052816901,49,52,101,0.0000655,0.412640266,0.001468835,0.000918228,0.000743859,0.138361749,2.01929334,3,0.000339844,0.002230517,0.000101412,72.51,115.7,19.394,38.272,58.034,16.76231634,33.07865169,50.15903198,0.50159032,2.333967156,1.516356605
广安,2019,四川,0.00161303,0.706190061,1.249300169,-2.740873016,0.12486462,0.015591173,1,1270,5.2792,1.049973,0.8068,0.9039,0.1932,0.0961,0.639118372,0.202186906,42,503.76,0.00462963,0.156857523,0.158920231,0.004012099,0.025245991,0.019843514,0.03213159,1,0.045774648,0.028169014,0.063380282,76,67,143,0.000133899,0.401828731,0.000368596,0.001496822,0.00045246,0.169928342,1.969827148,3,0.000325145,0.00223779,0.0000658,68.91,125.007,20.432,41.098,63.514,16.3446847,32.87655891,50.80835473,0.508083547,2.345228667,1.545428001
广安,2020,四川,0.00161303,0.677213803,1.249300169,-2.740873016,0.123282298,0.015198525,1,1003.872727,8.659983636,1.214990655,0.774470909,0.913801818,0.225529091,0.086198182,0.614182261,0.207717867,135.9818182,664.4509091,0.004356837,0.156857523,0.159966496,0.004096412,0.025607936,0.019721037,0.033227899,1,0.066901408,0.084507042,0.13028169,66,60,126,0.00095283,0.507456504,0.00139366,0.001007623,0.000272809,0.201334322,1.902872395,3,0.000295724,0.002039504,0.0000597,64.48,130.157,23.525,41.713,64.919,18.07432562,32.04821869,49.87745569,0.498774557,2.318031301,1.556325366
广州,2018,广东,0.034431492,1.938287575,1.186466143,-2.73452381,0.197619272,0.039053377,82,5442,359.7872,1.238945,0.865680723,0.822240698,0.134319277,0.177759302,0.658092678,0.515952244,4957,148505.29,0.060418713,0.156857523,0.442751917,0.045143918,0.101962107,0.087496311,0.228438845,139,0.683098592,0.686619718,0.799295775,8607,8099,16706,0.015627882,0.49472462,0.105564662,0.039579273,0.000515844,0.138361749,2.01929334,3,0.000339844,0.002230517,0.000101412,98.84,2100.24435,22.9177,610.99495,1466.3317,1.09119208,29.0916126,69.81719532,0.698171953,2.687260032,2.399908052
广州,2019,广东,0.034431492,1.92007088,1.186466143,-2.73452381,0.196624503,0.038661195,83,5658,358.8831,1.404941,0.86631413,0.79679798,0.13368587,0.20320202,0.648088265,0.535659724,8198,145019.47,0.062305743,0.156857523,0.501103464,0.052778135,0.105323827,0.09852922,0.268420944,139,0.697183099,0.725352113,0.848591549,8753,8757,17510,0.019703678,0.532927293,0.123492125,0.030966778,0.00045958,0.169928342,1.969827148,3,0.000325145,0.00223779,0.0000658,98.76,2384.469398,24.7125871,650.9401865,1708.816624,1.036397746,27.29916296,71.6644393,0.716644393,2.706280416,2.625151526
广州,2020,广东,0.034431492,2.055168881,1.186466143,-2.73452381,0.204001872,0.041616764,84.30909091,5820.418182,377.5237145,1.361613345,0.87761608,0.807097748,0.12238392,0.192902252,0.662524701,0.54413818,6864.181818,158899.912,0.060799258,0.156857523,0.481167646,0.053412114,0.111005208,0.098159101,0.261821687,139,0.683098592,0.757042254,0.845070423,13388,16262,29650,0.012655059,0.532927293,0.728003644,0.025623843,0.000490198,0.201334322,1.902872395,3,0.000295724,0.002039504,0.0000597,98.97,2506.874924,28.62680656,671.6160315,1806.632085,1.141931984,26.79096692,72.06710109,0.720671011,2.709251691,2.689977607
庆阳,2018,甘肃,0.191319499,0.8209997,1.320358739,-2.732894737,0.208604667,0.043515907,3,571,14.9716,1.346886714,0.836049242,0.826711667,0.163950758,0.173288333,0.633323682,0.228591988,11,25.76545006,0.00841576,0.156857523,0.167039767,0.007965351,0.047685355,0.034845275,0.038183952,0,0.014084507,0.021126761,0.035211268,25,26,51,0.002729116,0.420177075,0.000146262,0.001626014,0.000353006,0.138361749,2.01929334,3,0.000339844,0.002230517,0.000101412,63.88,70.815,7.101,35.567,28.147,10.02753654,50.22523477,39.74722869,0.397472287,2.297196922,0.79137965
庆阳,2019,甘肃,0.191319499,0.808378358,1.320358739,-2.732894737,0.207915446,0.043228833,3,691,59.1319,1.369287286,0.837010606,0.809093333,0.162989394,0.190906667,0.626865666,0.23667245,44,24.90251504,0.009237319,0.156857523,0.169530396,0.008342228,0.049207858,0.035247988,0.040123174,0,0.035211268,0.035211268,0.070422535,38,37,75,0.000640572,0.482615976,0.0000342,0.001650368,0.000151859,0.169928342,1.969827148,3,0.000325145,0.00223779,0.0000658,66.23,74.294,8.52,37.256,28.518,11.46795165,50.1467144,38.38533394,0.383853339,2.269173823,0.765460597
庆阳,2020,甘肃,0.191319499,0.791461456,1.320358739,-2.732894737,0.206991656,0.042845546,3.545454545,607.6545455,29.73668727,1.390542332,0.848598174,0.812751431,0.151401826,0.187248569,0.638798586,0.239308073,24.70909091,36.87256723,0.009605408,0.156857523,0.170067975,0.008424279,0.049534774,0.035202652,0.040698639,0,0.049295775,0.059859155,0.098591549,36,43,79,0.001529919,0.503752442,0.000338605,0.000904967,0.000246694,0.201334322,1.902872395,3,0.000295724,0.002039504,0.0000597,60.2,75.473,9.762,35.636,30.075,12.93442688,47.21688551,39.84868761,0.398486876,2.269142607,0.843949938
廊坊,2018,河北,0.669372698,1.008741761,1.003372194,-2.758571429,0.356252516,0.126915855,13,1930,46.6382,1.010457,0.8321,0.7448,0.1679,0.2552,0.595733653,0.222763247,95,5339.43,0.02590795,0.156857523,0.211945957,0.016820024,0.079359967,0.07550628,0.047213769,6,0.176056338,0.197183099,0.281690141,464,499,963,0.005594723,0.512163892,0.001813964,0.00306548,0.000319241,0.138361749,2.01929334,3,0.000339844,0.002230517,0.000101412,87.15,310.82,19.67,113.81,177.35,6.328421594,36.61604787,57.05874783,0.570587478,2.507367608,1.558298919
廊坊,2019,河北,0.669372698,1.017938095,1.003372194,-2.758571429,0.356754705,0.127273919,13,2060,47.1328,1.037254,0.7583,0.741,0.2417,0.259,0.527837224,0.202025718,200,5339.43,0.02590795,0.156857523,0.213745648,0.015405424,0.072073625,0.076254766,0.043182118,6,0.246478873,0.161971831,0.309859155,520,520,1040,0.004799522,0.520861015,0.004693045,0.002586671,0.000370723,0.169928342,1.969827148,3,0.000325145,0.00223779,0.0000658,91.02,319.6015435,21.2416,105.1991155,193.1608281,6.646275786,32.91570944,60.43801477,0.604380148,2.53791739,1.836144983
廊坊,2020,河北,0.669372698,0.999070033,1.003372194,-2.758571429,0.355724366,0.126539825,14.90909091,1935.072727,51.45294364,1.137566727,0.813486364,0.74975697,0.186513636,0.25024303,0.581067345,0.236185762,110.9090909,5648.560745,0.02483327,0.156857523,0.209843796,0.017630453,0.084017031,0.074646552,0.049562117,6,0.23943662,0.246478873,0.35915493,417,506,923,0.006148162,0.540227667,0.001337864,0.002169298,0.000265693,0.201334322,1.902872395,3,0.000295724,0.002039504,0.0000597,92.21,330.1100998,22.14503692,102.2007774,205.7642855,6.708379093,30.95960331,62.3320176,0.623320176,2.556236385,2.013333858
延安,2018,陕西,0.961719187,0.991043022,0.843466398,-2.719130435,0.446886224,0.199707298,2,555,25.2059,1.239402,0.8399,0.9226,0.1601,0.0774,0.676633698,0.2321211,80,194.0866254,0.007431034,0.156857523,0.165992902,0.01721873,0.103731722,0.074179941,0.038530455,2,0.052816901,0.014084507,0.063380282,32,12,44,0.000161663,0.482615976,0.0000491,0.001256886,0.000269528,0.138361749,2.01929334,3,0.000339844,0.002230517,0.000101412,65.29,155.5327,13.8133,94.4988,47.2206,8.881283486,60.75815568,30.36056083,0.303605608,2.214792773,0.499695234
延安,2019,陕西,0.961719187,0.984341692,0.843466398,-2.719130435,0.446520281,0.199380362,2,630,20.8213,1.426059,0.8399,0.9226,0.1601,0.0774,0.676633698,0.253214819,40,350.7458143,0.00756913,0.156857523,0.165703816,0.018735393,0.113065552,0.073990115,0.041958662,2,0.066901408,0.017605634,0.073943662,70,36,106,0.0000865,0.477606121,0.00014312,0.002196941,0.000388307,0.169928342,1.969827148,3,0.000325145,0.00223779,0.0000658,66.29,167.2273,14.933,100.5345,51.7598,8.929762066,60.11847348,30.95176445,0.309517645,2.220220024,0.514846147
延安,2020,陕西,0.961719187,0.991069719,0.843466398,-2.719130435,0.446887682,0.199708601,2,599.9454545,28.27258364,1.307277273,0.8399,0.9226,0.1601,0.0774,0.676633698,0.240711593,59.23636364,217.9335846,0.007366565,0.156857523,0.165497017,0.017802687,0.107571046,0.073958578,0.039837051,2,0.056338028,0.038732394,0.088028169,38,29,67,0.000608394,0.505597689,0.0000657,0.00144042,0.000219481,0.201334322,1.902872395,3,0.000295724,0.002039504,0.0000597,64.39,159.2617,19.041,88.2046,52.0161,11.95579351,55.38343494,32.66077155,0.326607715,2.20704978,0.589720944
开封,2018,河南,0.709182733,0.853700311,1.204145131,-2.725396825,0.386708946,0.149543809,5,990,27.5081,1.271852,0.7801,0.8152,0.2199,0.1848,0.578263223,0.211612922,3,870.7966875,0.020870465,0.156857523,0.196484658,0.016078852,0.08183261,0.075982375,0.041578692,1,0.070422535,0.056338028,0.112676056,68,63,131,0.001272283,0.487732046,0.000322364,0.00120341,0.000307835,0.138361749,2.01929334,3,0.000339844,0.002230517,0.000101412,63.91,200.2233308,27.32,77.6,95.304,13.64476352,38.75672215,47.59884856,0.475988486,2.339547535,1.22814433
开封,2019,河南,0.709182733,0.857617347,1.204145131,-2.725396825,0.386922846,0.149709289,5,1150,27.0866,1.349086,0.7854,0.8093,0.2146,0.1907,0.580573893,0.223253373,91,1064.374864,0.021615041,0.156857523,0.199828006,0.017261509,0.08638183,0.077318021,0.044612276,1,0.098591549,0.077464789,0.14084507,86,104,190,0.002379272,0.507456504,0.000325464,0.001128248,0.000343512,0.169928342,1.969827148,3,0.000325145,0.00223779,0.0000658,80.06,229.97065,31.824,89.94028,108.20637,13.83828762,39.10946027,47.0522521,0.470522521,2.332139645,1.203091318
开封,2020,河南,0.709182733,0.854323903,1.204145131,-2.725396825,0.386742999,0.149570147,5.8,1065.909091,41.65061091,1.414490615,0.814969091,0.849447273,0.185030909,0.150552727,0.623829471,0.249435601,92.36363636,904.3928682,0.021942231,0.156857523,0.20054377,0.019345951,0.096467472,0.077558899,0.050022756,1,0.073943662,0.154929577,0.190140845,221,252,473,0.001137186,0.516959435,0.000620519,0.001366498,0.000310753,0.201334322,1.902872395,3,0.000295724,0.002039504,0.0000597,73.57,234.776779,36.38834553,87.02586159,111.3625719,15.49912461,37.06749107,47.43338433,0.474333843,2.319342597,1.279649174
张家口,2018,河北,0.27933347,0.952545259,0.758432965,-2.758571429,0.18415776,0.033914081,5,1240,26.949,1.487251,1.023,0.4514,-0.023,0.5486,0.645345292,0.264253559,105,681.427868,0.005253293,0.156857523,0.161544309,0.007861448,0.048664343,0.029749638,0.042688658,2,0.116197183,0.161971831,0.225352113,124,217,341,0.003476713,0.511215441,0.000627414,0.001138697,0.00037942,0.138361749,2.01929334,3,0.000339844,0.002230517,0.000101412,84.15,153.66,22.66,51.84,79.15,14.74684368,33.73682155,51.50982689,0.515098269,2.367499675,1.526813272
张家口,2019,河北,0.27933347,0.95131728,0.758432965,-2.758571429,0.184090703,0.033889387,5,1320,26.188,1.675484,0.89405,0.63735,0.10595,0.36265,0.606747821,0.271542955,51,464.2661448,0.006714444,0.156857523,0.163942109,0.008195226,0.049988533,0.030180218,0.044517325,2,0.172535211,0.10915493,0.221830986,109,55,164,0.005168257,0.524821935,0.000673345,0.001226329,0.000254536,0.169928342,1.969827148,3,0.000325145,0.00223779,0.0000658,86.26,155.1055972,24.3781,44.54081877,86.18667843,15.71709883,28.71644839,55.56645278,0.555664528,2.39849354,1.935004358
张家口,2020,河北,0.27933347,0.95806729,0.758432965,-2.758571429,0.184459305,0.034025235,4.945454545,1278.636364,28.31102545,1.585858909,0.955390909,0.694070909,0.044609091,0.305929091,0.685441527,0.290926862,69.32727273,621.7700482,0.004771154,0.156857523,0.159775187,0.008574202,0.053664167,0.02947202,0.046482894,2,0.14084507,0.13028169,0.214788732,170,184,354,0.001895309,0.530877573,0.000689666,0.001480605,0.000309107,0.201334322,1.902872395,3,0.000295724,0.002039504,0.0000597,81.2,160.0102579,26.77364691,43.0927566,90.14385441,16.73245657,26.93124626,56.33629718,0.563362972,2.396038406,2.091856301
张家界,2018,湖南,0.631239193,0.889249654,0.982053769,-2.781372549,0.331904109,0.110160337,3,450,11.5778,1.394183,0.891937483,0.850092143,0.108062517,0.149907857,0.693261817,0.25423619,31,109.988075,0.00985194,0.156857523,0.170787584,0.014411404,0.084382036,0.056685101,0.043420385,1,0.045774648,0.028169014,0.070422535,27,37,64,0.000177012,0.466311382,0.001618151,0.000792913,0.000508738,0.138361749,2.01929334,3,0.000339844,0.002230517,0.000101412,63.85,57.89155,5.87594,10.25679,41.75882,10.14990962,17.71724889,72.13284149,0.721328415,2.619829319,4.071334209
张家界,2019,湖南,0.631239193,0.894928287,0.982053769,-2.781372549,0.332214205,0.110366278,3,517,11.2208,1.592056,0.893910381,0.834736267,0.106089619,0.165263733,0.688653014,0.275294046,14,155.134412,0.010690065,0.156857523,0.172481442,0.015774565,0.091456593,0.057300785,0.047483114,1,0.049295775,0.031690141,0.070422535,20,24,44,0.000331426,0.477606121,0.000239058,0.000748695,0.000393594,0.169928342,1.969827148,3,0.000325145,0.00223779,0.0000658,72.1,55.20964039,6.94563,8.13571,40.12830039,12.58046593,14.7360315,72.68350257,0.726835026,2.601030366,4.932366123
张家界,2020,湖南,0.631239193,0.886915584,0.982053769,-2.781372549,0.331776651,0.110075746,2.8,493.6909091,9.509,1.447948036,0.889584785,0.84078614,0.110415215,0.15921386,0.687280236,0.257821021,97.63636364,141.1311362,0.009842473,0.156857523,0.171922025,0.014706037,0.085538995,0.057039714,0.044325112,1,0.084507042,0.028169014,0.105633803,40,21,61,0.000280426,0.507456504,0.00030858,0.000928215,0.000307374,0.201334322,1.902872395,3,0.000295724,0.002039504,0.0000597,79.22,55.66796,8.21453,8.72447435,38.72895565,14.75629788,15.67234429,69.57135783,0.695713578,2.5481506,4.439116226
张掖,2018,甘肃,0.191319499,0.873829141,1.380814537,-2.732894737,0.21814874,0.047588873,1,462,7.3508,1.346886714,0.836049242,0.826711667,0.163950758,0.173288333,0.633323682,0.221614576,27,28.22105359,0.016501091,0.156857523,0.186263999,0.009004922,0.048344941,0.040633257,0.041278817,0,0.077464789,0.024647887,0.098591549,153,111,264,0.003735274,0.47678124,0.000565239,0.006271017,0.000316292,0.138361749,2.01929334,3,0.000339844,0.002230517,0.000101412,67.8,40.771,8.913,9.081,22.777,21.86112678,22.27318437,55.86568885,0.558656888,2.340045621,2.508203942
张掖,2019,甘肃,0.191319499,0.867889609,1.380814537,-2.732894737,0.217824397,0.047447468,1,539,6.7829,1.369287286,0.837010606,0.809093333,0.162989394,0.190906667,0.626865666,0.222672869,49,47.82633906,0.016337608,0.156857523,0.186267056,0.00903462,0.048503583,0.040573509,0.04147662,0,0.095070423,0.077464789,0.154929577,87,58,145,0.002502885,0.510270495,0.00052775,0.001366787,0.000285176,0.169928342,1.969827148,3,0.000325145,0.00223779,0.0000658,68.05,44.873,11.488,8.762,24.663,25.601141,19.52621844,54.96178103,0.54961781,2.29538921,2.814768318
张掖,2020,甘肃,0.191319499,0.851952126,1.380814537,-2.732894737,0.21695409,0.047069077,0.636363636,509.4,8.695656364,1.390542332,0.848598174,0.812751431,0.151401826,0.187248569,0.638798586,0.228593115,48.67272727,36.52584058,0.017870762,0.156857523,0.189849303,0.009415426,0.049594211,0.041188583,0.043398244,0,0.035211268,0.137323944,0.161971831,44,88,132,0.000897412,0.522833974,0.000370433,0.000837834,0.000230067,0.201334322,1.902872395,3,0.000295724,0.002039504,0.0000597,77.46,46.705,12.862,8.699,25.145,27.53880741,18.62541484,53.83791885,0.538379189,2.263033936,2.890562134
徐州,2018,江苏,0.635250884,0.864640064,0.622959665,-2.742943548,0.295142545,0.087109122,12,2904,67.5499,1.214156,0.8597,0.848544444,0.1403,0.151455556,0.663649785,0.285668696,239,11744,0.016106714,0.156857523,0.194422856,0.016392372,0.084312986,0.057382457,0.055540524,12,0.521126761,0.345070423,0.580985915,2279,1084,3363,0.03188204,0.526825073,0.016060219,0.017016597,0.000361956,0.138361749,2.01929334,3,0.000339844,0.002230517,0.000101412,56.33,671.036,64.958,270.149,335.929,9.680255605,40.25849582,50.06124858,0.500612486,2.40380993,1.243495256
徐州,2019,江苏,0.635250884,0.869975905,0.622959665,-2.742943548,0.295433922,0.087281202,10,3372,68.9407,1.313209,0.867785714,0.8479375,0.132214286,0.1520625,0.670663429,0.301824055,507,13519,0.016639449,0.156857523,0.201090498,0.017931052,0.089169064,0.059408954,0.060693949,12,0.570422535,0.461267606,0.690140845,3689,1528,5217,0.016671649,0.544489819,0.016366421,0.020513504,0.000392447,0.169928342,1.969827148,3,0.000325145,0.00223779,0.0000658,69.18,705.335,68.283,283.517,353.535,9.680931756,40.19607704,50.1229912,0.501229912,2.404420594,1.246962263
徐州,2020,江苏,0.635250884,0.850239567,0.622959665,-2.742943548,0.294356169,0.086645554,11.38181818,3289.109091,72.19279091,1.307916564,0.868485693,0.86046649,0.131514307,0.13953351,0.676499287,0.305715782,419.6909091,11783.60931,0.0168394,0.156857523,0.199255437,0.017930863,0.089989326,0.058652067,0.060915532,12,0.672535211,0.468309859,0.73943662,4933,1639,6572,0.014093597,0.531900459,0.021731628,0.025835784,0.000432375,0.201334322,1.902872395,3,0.000295724,0.002039504,0.0000597,76.65,728.477,71.868,291.161,365.448,9.865513942,39.96845474,50.16603132,0.501660313,2.403005174,1.255140627
德州,2018,山东,0.643294012,0.971831928,0.833128587,-2.7625,0.325713734,0.106089436,4,1449,27.5905,1.412352,0.863871429,0.770014286,0.136128571,0.229985714,0.63476235,0.252882019,83,4426.612543,0.010947676,0.156857523,0.176254665,0.014517594,0.082367147,0.057408565,0.044571635,11,0.147887324,0.165492958,0.26056338,192,215,407,0.006578458,0.532927293,0.00054546,0.001746064,0.000261338,0.138361749,2.01929334,3,0.000339844,0.002230517,0.000101412,78.27,289.381,32.013,123.244,134.124,11.0625784,42.58883617,46.34858543,0.463485854,2.35286007,1.08828016
德州,2019,山东,0.643294012,0.960308047,0.833128587,-2.7625,0.325084443,0.105679895,4,1568,27.1124,1.385873,0.873422222,0.782755556,0.126577778,0.217244444,0.648639835,0.256820593,83,5010.089093,0.012224232,0.156857523,0.17951781,0.014987651,0.08348838,0.058358447,0.04610387,11,0.225352113,0.126760563,0.274647887,456,235,691,0.003412505,0.511215441,0.001989408,0.003895216,0.000359376,0.169928342,1.969827148,3,0.000325145,0.00223779,0.0000658,79.17,302.227,31.188,126.37,144.669,10.31939569,41.81294193,47.86766239,0.478676624,2.375482667,1.144804938
德州,2020,山东,0.643294012,0.969911197,0.833128587,-2.7625,0.325608848,0.106021122,4,1626.636364,12.32062182,1.376334,0.892471371,0.773344315,0.107528629,0.226655685,0.661846371,0.259467799,306.9090909,4897.473473,0.011165476,0.156857523,0.180821902,0.01527674,0.084485011,0.058877211,0.046917461,11,0.225352113,0.23943662,0.348591549,388,406,794,0.003927918,0.540227667,0.002172855,0.001918953,0.000329568,0.201334322,1.902872395,3,0.000295724,0.002039504,0.0000597,85.5,307.899,32.701,123.587,151.611,10.62069055,40.13881175,49.2404977,0.492404977,2.386198071,1.226755241
德阳,2018,四川,0.261891585,0.897560078,1.249300169,-2.740873016,0.230104134,0.052947913,10,1250,24.1929,1.19463,0.8993,0.87015,0.1007,0.12985,0.70821356,0.26618143,111,1915.18,0.032527058,0.156857523,0.226140043,0.013850953,0.061249447,0.052035759,0.06019428,5,0.080985915,0.095070423,0.151408451,492,475,967,0.002163209,0.503752442,0.000640894,0.003191327,0.000286882,0.138361749,2.01929334,3,0.000339844,0.002230517,0.000101412,79.11,214.839,22.348,108.327,84.164,10.40220817,50.42240934,39.1753825,0.391753825,2.287731743,0.776943883
德阳,2019,四川,0.261891585,0.901835927,1.249300169,-2.740873016,0.230337628,0.053055423,11,1350,24.216,1.279799,0.89585,0.864433333,0.10415,0.135566667,0.702737608,0.277132907,205,2043.13,0.034534756,0.156857523,0.232515968,0.014842456,0.063834136,0.053557176,0.064437826,5,0.052816901,0.14084507,0.161971831,236,208,444,0.001353405,0.512163892,0.000628855,0.001464137,0.000301423,0.169928342,1.969827148,3,0.000325145,0.00223779,0.0000658,84.28,232.574,23.46,118.439,91.692,10.08711206,50.92529689,39.42487122,0.394248712,2.302123195,0.77417067
德阳,2020,四川,0.261891585,0.882395867,1.249300169,-2.740873016,0.229276054,0.052567509,9.654545455,1392.272727,34.38075818,1.289042273,0.91615,0.866642121,0.08385,0.133357879,0.721897271,0.284534567,178.3090909,2147.920182,0.035185121,0.156857523,0.233631431,0.015241405,0.065236963,0.053566093,0.066476218,5,0.105633803,0.218309859,0.281690141,320,350,670,0.002804682,0.530877573,0.000965701,0.002038702,0.000240469,0.201334322,1.902872395,3,0.000295724,0.002039504,0.0000597,86.09,240.413,27.272,112.868,100.273,11.34381252,46.94754443,41.70864304,0.41708643,2.303648305,0.888409469
忻州,2018,山西,0.130903012,0.896926387,1.196748608,-2.762826087,0.175048689,0.030642044,2,640,21,1.478335,0.8587,0.9449,0.1413,0.0551,0.702795045,0.269041911,56,182.45,0.009468776,0.156857523,0.170351801,0.008022792,0.047095434,0.029819859,0.045831774,1,0.038732394,0.031690141,0.063380282,15,16,31,0.000342392,0.478433861,0.0000549,0.000688555,0.000366951,0.138361749,2.01929334,3,0.000339844,0.002230517,0.000101412,54.14,98.9129788,6.96309,47.7058383,44.2440505,7.039612076,48.23010982,44.73027811,0.447302781,2.37690666,0.927434714
忻州,2019,山西,0.130903012,0.8848297,1.196748608,-2.762826087,0.174388119,0.030411216,2,693,16.1561,1.531044,0.8805,0.9463,0.1195,0.0537,0.722966499,0.282550023,225,182.45,0.009468776,0.156857523,0.173248447,0.008536534,0.049273367,0.030212471,0.048951353,1,0.070422535,0.059859155,0.11971831,47,39,86,0.001129554,0.500102062,0.000168218,0.00112203,0.000199554,0.169928342,1.969827148,3,0.000325145,0.00223779,0.0000658,64.88,99.16758,7.408341,43.56027,48.19897,7.470527162,43.92591813,48.60355572,0.486035557,2.411330306,1.106489239
忻州,2020,山西,0.130903012,0.872451434,1.196748608,-2.762826087,0.173712172,0.030175919,2.509090909,668.4363636,24.61980909,1.65402024,0.8869,0.930978182,0.1131,0.069021818,0.722350076,0.297887495,118.4,207.5036364,0.010638082,0.156857523,0.174173381,0.009012895,0.051746684,0.030256036,0.051884072,1,0.091549296,0.073943662,0.158450704,105,45,150,0.001620988,0.518902891,0.000316174,0.001186518,0.000262404,0.201334322,1.902872395,3,0.000295724,0.002039504,0.0000597,62.74,103.45625,8.42244,44.85043,50.18338,8.14106446,43.35207394,48.5068616,0.485068616,2.403657971,1.118905215
怀化,2018,湖南,0.491039997,0.88103152,0.982053769,-2.781372549,0.280397042,0.078622501,3,990,29.842,1.364663,0.9698,0.89925,0.0302,0.10075,0.783658872,0.295415782,49,81.65366,0.010059839,0.156857523,0.171570157,0.014211793,0.082833711,0.048107765,0.050684532,2,0.161971831,0.066901408,0.190140845,162,102,264,0.001792293,0.493839603,0.000850881,0.002106069,0.000310439,0.138361749,2.01929334,3,0.000339844,0.002230517,0.000101412,71.02,151.32689,18.8994,46.10954,86.31795,12.48912206,30.47015636,57.04072158,0.570407216,2.445515995,1.872019326
怀化,2019,湖南,0.491039997,0.879733738,0.982053769,-2.781372549,0.280326173,0.078582763,3,1147,27.7932,1.402686,0.9704,0.8895,0.0296,0.1105,0.780146088,0.300243852,175,149.731563,0.011924378,0.156857523,0.178131202,0.014992628,0.08416621,0.049934838,0.053482798,2,0.225352113,0.049295775,0.23943662,171,94,265,0.001881648,0.51311587,0.001079247,0.001582236,0.000327783,0.169928342,1.969827148,3,0.000325145,0.00223779,0.0000658,68.97,161.6641364,22.45162,44.82646,94.38605641,13.88781736,27.72814119,58.38404145,0.583840414,2.444962241,2.105588003
怀化,2020,湖南,0.491039997,0.868503992,0.982053769,-2.781372549,0.279712944,0.078239331,2.818181818,1070.454545,48.18869091,1.398223816,0.944150909,0.797352727,0.055849091,0.202647273,0.718263496,0.277827675,133.2363636,115.3587096,0.011353227,0.156857523,0.176060834,0.013682039,0.077711997,0.049246494,0.048914572,2,0.123239437,0.098591549,0.183098592,98,141,239,0.001786567,0.519880109,0.000829989,0.000986872,0.000256728,0.201334322,1.902872395,3,0.000295724,0.002039504,0.0000597,73.05,167.18671,26.03728,47.79766,93.35177,15.57377378,28.58938967,55.83683655,0.558368366,2.402630628,1.95306151
惠州,2018,广东,0.857570001,1.535101076,1.149199215,-2.73452381,0.47127113,0.222096478,5,2014,66.4942,1.25504,0.88638,0.90615,0.11362,0.09385,0.711564595,0.280270158,468,50558.07531,0.007528048,0.156857523,0.196296784,0.025927514,0.132083234,0.092509007,0.055016131,17,0.246478873,0.338028169,0.429577465,1078,1269,2347,0.010843902,0.515030481,0.04714247,0.004541912,0.000361828,0.138361749,2.01929334,3,0.000339844,0.002230517,0.000101412,91.37,400.33312,17.61292,212.22037,170.49983,4.399566041,53.01094499,42.58948897,0.42589489,2.381899229,0.803409352
惠州,2019,广东,0.857570001,1.532380561,1.149199215,-2.73452381,0.471122569,0.221956475,5,2200,64.808,1.361742,0.88455,0.833816667,0.11545,0.166183333,0.679859538,0.282521018,111,39359.91,0.008231335,0.156857523,0.186617364,0.02483915,0.133102028,0.087919652,0.052723328,17,0.285211268,0.341549296,0.436619718,1073,1497,2570,0.005977128,0.533958101,0.033833379,0.003554242,0.000406813,0.169928342,1.969827148,3,0.000325145,0.00223779,0.0000658,93.05,419.2929472,20.6725219,215.8140611,182.8063642,4.930329031,51.4709495,43.59872147,0.435987215,2.386683924,0.847054929
惠州,2020,广东,0.857570001,1.608273926,1.149199215,-2.73452381,0.475266919,0.225878644,5.890909091,2264.6,68.80354909,1.373469164,0.889466788,0.88323517,0.110533212,0.11676483,0.704815358,0.296661675,538.5272727,54000.08636,0.008512312,0.156857523,0.201413357,0.02839797,0.14099348,0.095725106,0.059751624,17,0.235915493,0.285211268,0.397887324,904,1101,2005,0.003637998,0.541286937,0.031286213,0.002484318,0.000363875,0.201334322,1.902872395,3,0.000295724,0.002039504,0.0000597,94.05,428.3724898,21.69757463,213.7607437,192.9141715,5.065118594,49.90067028,45.03421113,0.450342111,2.399690925,0.902477078
成都,2018,四川,0.642183053,1.342298703,1.249300169,-2.740873016,0.39288626,0.154359613,57,6792,226.6342,1.312793,0.868339623,0.865861404,0.131660377,0.134138596,0.67861007,0.477934123,3765,75410.02,0.042411548,0.156857523,0.346119962,0.064992243,0.18777375,0.135985777,0.165422541,111,0.387323944,0.721830986,0.76056338,3736,5013,8749,0.024058579,0.544489819,0.036427734,0.013700824,0.000261238,0.138361749,2.01929334,3,0.000339844,0.002230517,0.000101412,98.59,1569.89426,57.88437,483.41605,1028.59384,3.687150879,30.79290512,65.519944,0.65519944,2.618327931,2.127761046
成都,2019,四川,0.642183053,1.360536508,1.249300169,-2.740873016,0.393882181,0.155143173,59,7817,217.6412,1.406005,0.87027069,0.84222459,0.12972931,0.15777541,0.670522249,0.50286459,4390,84396.4,0.048101328,0.156857523,0.37434694,0.074146674,0.198069402,0.147448589,0.18824582,111,0.419014085,0.781690141,0.823943662,3961,5224,9185,0.019990453,0.539172535,0.026978348,0.013032454,0.000296119,0.169928342,1.969827148,3,0.000325145,0.00223779,0.0000658,98.67,1701.0662,61.22191,518.75696,1121.08733,3.599031596,30.49598893,65.90497948,0.659049795,2.623059479,2.161103207
成都,2020,四川,0.642183053,1.409239355,1.249300169,-2.740873016,0.396541724,0.157245339,61.10909091,8305.945455,201.3226455,1.393338127,0.882943334,0.873685607,0.117056666,0.126314393,0.694984687,0.519903228,4168.6,79656.45764,0.044288552,0.156857523,0.359411778,0.074097526,0.206163322,0.142521766,0.186859344,111,0.549295775,0.725352113,0.799295775,4510,5415,9925,0.020298715,0.558818498,0.026600763,0.013860747,0.000308353,0.201334322,1.902872395,3,0.000295724,0.002039504,0.0000597,98.89,1783.80035,65.52021,533.39328,1184.88686,3.67306857,29.90207284,66.42485859,0.664248586,2.6275179,2.221413176
扬州,2018,江苏,0.00985175,0.98750289,0.622959665,-2.742943548,0.074091464,0.005489545,9,1811,45.8482,1.230941,0.888636364,0.833754545,0.111363636,0.166245455,0.683505757,0.26981699,269,11993,0.01928934,0.156857523,0.202511703,0.004048439,0.019991136,0.015004388,0.054641098,16,0.362676056,0.10915493,0.39084507,1106,520,1626,0.004663004,0.511215441,0.00669499,0.009794344,0.000412459,0.138361749,2.01929334,3,0.000339844,0.002230517,0.000101412,75.27,547.874,27.997,262.109,257.768,5.11011656,47.84110945,47.04877399,0.47048774,2.419386574,0.983438188
扬州,2019,江苏,0.00985175,0.995093221,0.622959665,-2.742943548,0.074505953,0.005551137,8,2122,46.9212,1.303193,0.8956,0.778709091,0.1044,0.221290909,0.666887297,0.273965454,269,11305.18,0.021301385,0.156857523,0.206907217,0.004223402,0.020412057,0.015415819,0.05668543,16,0.39084507,0.214788732,0.447183099,1386,599,1985,0.006036959,0.512163892,0.005248973,0.009290056,0.000404181,0.169928342,1.969827148,3,0.000325145,0.00223779,0.0000658,77.65,579.908,29.28,272.721,277.907,5.04907675,47.02832173,47.92260152,0.479226015,2.428735248,1.019015771
扬州,2020,江苏,0.00985175,0.986062883,0.622959665,-2.742943548,0.074012828,0.005477899,8.309090909,2058.563636,48.63284182,1.231567727,0.899103569,0.815037408,0.100896431,0.184962592,0.685133111,0.272937105,341.4727273,12292.51727,0.019983929,0.156857523,0.205521041,0.004151699,0.020200847,0.015211194,0.056094318,16,0.39084507,0.253521127,0.464788732,1488,823,2311,0.003960818,0.528843559,0.004987676,0.007105652,0.000384943,0.201334322,1.902872395,3,0.000295724,0.002039504,0.0000597,84.63,601.333,30.71,275.135,295.488,5.10698731,45.75418279,49.1388299,0.491388299,2.440318426,1.073974594
承德,2018,河北,0.792379685,0.937885555,1.195026854,-2.758571429,0.418291104,0.174967448,6,810,22.7246,1.414604,0.5392,0.7376,0.4608,0.2624,0.329539408,0.132432656,92,321.049659,0.013457487,0.156857523,0.180381283,0.009992294,0.055395402,0.075451886,0.023888372,1,0.154929577,0.052816901,0.186619718,143,66,209,0.001626578,0.510270495,0.001181788,0.002586682,0.000301562,0.138361749,2.01929334,3,0.000339844,0.002230517,0.000101412,70.45,148.15,26.75,53.73,67.67,18.0560243,36.26729666,45.67667904,0.45676679,2.276206547,1.259445375
承德,2019,河北,0.792379685,0.936589686,1.195026854,-2.758571429,0.41822034,0.174908253,6,907,21.994,1.764296,0.5136,0.7457,0.4864,0.2543,0.309901299,0.164989174,112,330,0.015316381,0.156857523,0.185084765,0.012771187,0.069001828,0.077406213,0.030536982,1,0.144366197,0.049295775,0.176056338,83,40,123,0.001796362,0.524821935,0.000263855,0.001585691,0.000249452,0.169928342,1.969827148,3,0.000325145,0.00223779,0.0000658,75.76,147.1000983,29.79858,48.85089088,68.45062745,20.2573488,33.209285,46.53336621,0.465333662,2.262760174,1.40121554
承德,2020,河北,0.792379685,0.934121501,1.195026854,-2.758571429,0.418085558,0.174795534,5.709090909,879.6181818,23.93698,1.561543255,0.531834545,0.728387273,0.468165455,0.271612727,0.319092092,0.14528385,94.18181818,454.2931128,0.01423037,0.156857523,0.182291991,0.011072612,0.06074108,0.076213649,0.026484082,1,0.116197183,0.063380282,0.144366197,80,49,129,0.000841569,0.511215441,0.000410501,0.001350862,0.000277039,0.201334322,1.902872395,3,0.000295724,0.002039504,0.0000597,75.68,155.0304493,33.63546281,49.74749166,71.64749487,21.69603646,32.08885215,46.21511141,0.462151114,2.24519075,1.440223265
抚州,2018,江西,0.002522256,0.851899842,0.584790548,-2.721538462,0.061303132,0.003758074,5,975,19.9377,1.312253,0.8192,0.9609,0.1808,0.0391,0.673949413,0.250902364,34,2150.3,0.005843655,0.156857523,0.162394181,0.002497801,0.015381101,0.009955272,0.040745084,3,0.11971831,0.056338028,0.154929577,169,68,237,0.001194125,0.500102062,0.002053051,0.002117764,0.000367096,0.138361749,2.01929334,3,0.000339844,0.002230517,0.000101412,80.47,138.24,19.928,56.6,61.712,14.41550926,40.94328704,44.6412037,0.446412037,2.302256944,1.090318021
抚州,2019,江西,0.002522256,0.842522072,0.584790548,-2.721538462,0.060791035,0.00369555,5,1086,20.6304,1.335238,0.8362,0.9364,0.1638,0.0636,0.679043916,0.257051868,87,2216.21,0.004882512,0.156857523,0.161080711,0.00251712,0.015626449,0.009792263,0.041406098,3,0.242957746,0.123239437,0.302816901,367,106,473,0.002761564,0.519880109,0.001823943,0.002443365,0.000352474,0.169928342,1.969827148,3,0.000325145,0.00223779,0.0000658,85.66,151.092,21.52,57.388,72.185,14.24297779,37.98215657,47.77552749,0.477755275,2.335338734,1.257841361
抚州,2020,江西,0.002522256,0.8179263,0.584790548,-2.721538462,0.05944792,0.003534055,4.672727273,996.6545455,22.88728545,1.417907367,0.823854545,0.952092727,0.176145455,0.047907273,0.674471855,0.26281218,66.86363636,2522.542545,0.0045996,0.156857523,0.160215027,0.002503142,0.015623637,0.00952445,0.042106461,3,0.330985915,0.123239437,0.35915493,514,166,680,0.004463554,0.537074588,0.003306903,0.003689717,0.00033179,0.201334322,1.902872395,3,0.000295724,0.002039504,0.0000597,83.31,157.25085,22.13825,58.88459,76.22801,14.07830228,37.44627771,48.47542001,0.4847542,2.343971177,1.294532407
抚顺,2018,辽宁,0.528066391,0.982288176,1.206359167,-2.70703125,0.329293634,0.108434297,5,625,15.3106,1.297327,0.883329494,0.859922178,0.116670506,0.140077822,0.689611826,0.24950474,5,6358.573333,0.019418616,0.156857523,0.195668948,0.016076224,0.082160323,0.064432539,0.04882033,1,0.035211268,0.031690141,0.063380282,58,41,99,0.000145235,0.427994323,0.0000887,0.002218018,0.000326247,0.138361749,2.01929334,3,0.000339844,0.002230517,0.000101412,46.19,104.88,5.49,57.5,41.89,5.234553776,54.8245614,39.94088482,0.399408848,2.34706331,0.728521739
抚顺,2019,辽宁,0.528066391,0.987905177,1.206359167,-2.70703125,0.329600364,0.1086364,5,658,14.389,1.297327,0.89223125,0.850511793,0.10776875,0.149488207,0.693700198,0.251386904,9,6187.603333,0.019987267,0.156857523,0.196990678,0.016322099,0.082857215,0.064928199,0.049520877,1,0.070422535,0.038732394,0.091549296,74,58,132,0.000427471,0.491203448,0.000215375,0.001311199,0.000334938,0.169928342,1.969827148,3,0.000325145,0.00223779,0.0000658,63.12,84.71,5.64694,41.7864,37.27493,6.666202337,49.32876874,44.00298666,0.440029867,2.373326998,0.892034968
抚顺,2020,辽宁,0.528066391,0.983712532,1.206359167,-2.70703125,0.329371414,0.108485528,5.690909091,670.7636364,15.44863818,1.265809055,0.911510732,0.87643701,0.088489268,0.12356299,0.721798995,0.260335886,14.01818182,6662.319708,0.019574048,0.156857523,0.196329075,0.016834668,0.085747199,0.064665185,0.051111504,1,0.088028169,0.066901408,0.137323944,132,113,245,0.000682822,0.501920615,0.000360709,0.001420303,0.000338157,0.201334322,1.902872395,3,0.000295724,0.002039504,0.0000597,67.94,82.7788,5.93,38.88,37.97,7.163669925,46.9685475,45.86923222,0.458692322,2.387084616,0.97659465
拉萨,2018,西藏,0.357030798,1.459054834,0.808219637,-2.746186441,0.246459347,0.06074221,5,316,51.1082,1.34464,0.86665,0.86865,0.13335,0.13135,0.67825066,0.251169727,8,618.9742195,0.03850785,0.156857523,0.237788351,0.014719842,0.061903127,0.058605162,0.059725235,17,0.063380282,0.017605634,0.073943662,135,102,237,0.0000756,0.450336604,0.000411907,0.001777526,0.000499421,0.138361749,2.01929334,3,0.000339844,0.002230517,0.000101412,98.86,56.71,1.821,21.724,33.165,3.211073885,38.30717686,58.48174925,0.584817493,2.552706754,1.52665255
拉萨,2019,西藏,0.357030798,1.499463135,0.808219637,-2.746186441,0.248665945,0.061834752,5,340,110.35,1.420804,0.844444444,0.8666,0.155555556,0.1334,0.657444641,0.2605733,4,595.4917736,0.040552572,0.156857523,0.242500897,0.015713017,0.064795706,0.060301715,0.063189259,17,0.066901408,0.042253521,0.102112676,61,46,107,0.000548871,0.488595289,0.00021588,0.001263476,0.000236254,0.169928342,1.969827148,3,0.000325145,0.00223779,0.0000658,97.21,61.78844439,2.01,23.61437983,36.16406456,3.25303545,38.21811677,58.52884778,0.585288478,2.552758123,1.531442486
拉萨,2020,西藏,0.357030798,1.553285133,0.808219637,-2.746186441,0.251605032,0.063305092,5.127272727,364.0363636,71.50550182,1.385230964,0.934612707,0.837347152,0.065387293,0.162652848,0.726313459,0.277686285,7.254545455,769.5507527,0.04937147,0.156857523,0.263305686,0.018396449,0.069867267,0.066249036,0.073116378,17,0.102112676,0.066901408,0.147887324,91,67,158,0.00138457,0.51792934,0.000496997,0.001159534,0.000276404,0.201334322,1.902872395,3,0.000295724,0.002039504,0.0000597,96.19,67.816,2.245,29.044,36.527,3.310428218,42.82765129,53.86192049,0.538619205,2.505514923,1.257643575
揭阳,2018,广东,0.001960665,0.802078165,0.966259702,-2.73452381,0.099492645,0.009898786,2,1220,192.9011,1.305092,0.877925,0.686675,0.122075,0.313325,0.612756482,0.248795211,101,5197.147738,0.002013573,0.156857523,0.155983549,0.003861107,0.024753294,0.015519216,0.03880796,7,0.144366197,0.084507042,0.200704225,139,141,280,0.003175341,0.518902891,0.001228395,0.001420825,0.000279914,0.138361749,2.01929334,3,0.000339844,0.002230517,0.000101412,51.43,200.20949,16.47488,80.43775,103.29686,8.228820722,40.17679182,51.59438746,0.515943875,2.433655667,1.284183856
揭阳,2019,广东,0.001960665,0.796837654,0.966259702,-2.73452381,0.099206474,0.009841924,2,1350,290.3089,1.54387,0.86535,0.6498,0.13465,0.3502,0.586131821,0.280974983,101,4724.24,0.001907636,0.156857523,0.155515306,0.004334917,0.027874537,0.015428125,0.04369591,7,0.151408451,0.123239437,0.225352113,164,135,299,0.004202354,0.529858614,0.001973993,0.001579027,0.000250065,0.169928342,1.969827148,3,0.000325145,0.00223779,0.0000658,57.52,209.9909398,18.66928756,80.98712212,110.3345301,8.890520506,38.56696018,52.54251932,0.525425193,2.436519988,1.362371291
揭阳,2020,广东,0.001960665,0.781423456,0.966259702,-2.73452381,0.098364742,0.009675623,2,1266.890909,204.7253055,1.486553745,0.892349242,0.680919545,0.107650758,0.319080455,0.623326332,0.275225036,93.50909091,6637.187148,0.002202786,0.156857523,0.156968414,0.004249518,0.02707244,0.015440158,0.043201637,7,0.165492958,0.207746479,0.306338028,207,201,408,0.003749618,0.537074588,0.002318866,0.001449209,0.000251578,0.201334322,1.902872395,3,0.000295724,0.002039504,0.0000597,57.47,208.80001,20.34084712,77.56211742,110.8970455,9.741784551,37.14660618,53.11160927,0.531116093,2.433698247,1.429783626
攀枝花,2018,四川,0.29161842,1.124238508,1.249300169,-2.740873016,0.253308521,0.064165207,2,450,9.0725,1.445748,0.846570663,0.8152,0.153429337,0.1848,0.637994237,0.236555781,9,466.91,0.021756979,0.156857523,0.198477276,0.011893075,0.059921595,0.050275985,0.046950947,3,0.028169014,0.063380282,0.080985915,64,134,198,0.000330751,0.492079034,0.000556006,0.000842038,0.000576999,0.138361749,2.01929334,3,0.000339844,0.002230517,0.000101412,94.43,94.145,8.603,52.296,33.246,9.13803176,55.54835626,35.31361198,0.35313612,2.261755802,0.635727398
攀枝花,2019,四川,0.29161842,1.119313463,1.249300169,-2.740873016,0.253039577,0.064029027,2,470,9.6306,1.593434,0.847053113,0.8093,0.152946887,0.1907,0.635975822,0.252499106,25,459.72,0.020857378,0.156857523,0.196639857,0.012563766,0.063892267,0.049757666,0.049651388,3,0.017605634,0.052816901,0.063380282,31,42,73,0.00015553,0.478433861,0.0000509,0.000926921,0.000286433,0.169928342,1.969827148,3,0.000325145,0.00223779,0.0000658,90.45,100.202,9.168,55.074,36.771,9.149517974,54.96297479,36.69687232,0.366968723,2.291660845,0.667665323
攀枝花,2020,四川,0.29161842,1.130722536,1.249300169,-2.740873016,0.253662598,0.064344714,2,487.9636364,8.647976364,1.730873609,0.848763765,0.825952727,0.151236235,0.174047273,0.64443364,0.27101339,20.56363636,437.6327273,0.022259854,0.156857523,0.1998404,0.01373822,0.068745961,0.050692035,0.054159424,3,0.045774648,0.105633803,0.144366197,45,104,149,0.000586962,0.496504205,0.00014768,0.000907562,0.000198669,0.201334322,1.902872395,3,0.000295724,0.002039504,0.0000597,90.26,104.082,9.69,55.839,38.553,9.309967141,53.64904594,37.04098691,0.370409869,2.277310198,0.690431419
新乡,2018,河南,0.369415538,0.949080709,0.642422021,-2.725396825,0.20630605,0.042562186,10,1704,37.9019,1.254375,0.87325,0.85185,0.12675,0.14815,0.677199649,0.269528641,494,1207.690332,0.026264336,0.156857523,0.217698182,0.012105192,0.055605389,0.044912452,0.058675895,5,0.183098592,0.137323944,0.25,381,293,674,0.005754008,0.512163892,0.000717432,0.003138792,0.000333006,0.138361749,2.01929334,3,0.000339844,0.002230517,0.000101412,80.68,252.6553504,22.629,120.907,109.12,8.956469738,47.85451795,43.18926942,0.431892694,2.342333139,0.902511848
新乡,2019,河南,0.369415538,0.940080374,0.642422021,-2.725396825,0.205814564,0.042359635,10,1830,38.0407,1.397813,0.86535,0.81015,0.13465,0.18985,0.652770782,0.277995581,553,1231.701094,0.028028435,0.156857523,0.222854963,0.012750767,0.057215539,0.045866797,0.061952695,5,0.165492958,0.186619718,0.271126761,397,412,809,0.003952713,0.518902891,0.001425779,0.002163549,0.000351551,0.169928342,1.969827148,3,0.000325145,0.00223779,0.0000658,78.25,290.3905102,25.36158,132.5636923,132.4652379,8.733611847,45.65014615,45.61624201,0.45616242,2.368826302,0.999257305
新乡,2020,河南,0.369415538,0.956300645,0.642422021,-2.725396825,0.206700313,0.042725019,10.12727273,1898.272727,56.91613455,1.283184727,0.872447273,0.824147273,0.127552727,0.175852727,0.664965491,0.273870669,484.0909091,1109.620978,0.02760787,0.156857523,0.220631443,0.012489759,0.056609153,0.045604588,0.060424481,5,0.158450704,0.26056338,0.345070423,375,472,847,0.004710854,0.536031724,0.001133757,0.001752424,0.000264209,0.201334322,1.902872395,3,0.000295724,0.002039504,0.0000597,82.87,296.7740544,29.35877973,131.4686301,135.9466446,9.892636938,44.29923308,45.80812998,0.4580813,2.35915493,1.034061468
新余,2018,江西,0.002421606,0.951212642,0.584790548,-2.721538462,0.066689704,0.004447517,5,438,50.2,1.278764,0.915525,0.77405,0.084475,0.22595,0.682855799,0.247230666,15,2474.42,0.029909986,0.156857523,0.218621342,0.003604572,0.01648774,0.014579793,0.0540499,6,0.066901408,0.038732394,0.084507042,63,49,112,0.001412277,0.479264476,0.000602681,0.001262832,0.00034921,0.138361749,2.01929334,3,0.000339844,0.002230517,0.000101412,92.86,88.977,5.547,42.311,41.119,6.234195354,47.55273835,46.2130663,0.462130663,2.399788709,0.971827657
新余,2019,江西,0.002421606,0.954233353,0.584790548,-2.721538462,0.066854658,0.004469545,5,477,87.9,1.360096,0.9235,0.656,0.0765,0.344,0.640962451,0.246373945,193,2166.16,0.033162429,0.156857523,0.229151318,0.003774408,0.016471246,0.015319833,0.056456914,6,0.088028169,0.158450704,0.211267606,108,101,209,0.001888441,0.522833974,0.001209158,0.001088734,0.000307056,0.169928342,1.969827148,3,0.000325145,0.00223779,0.0000658,93.21,97.158,6.273,45.332,45.553,6.456493547,46.65802096,46.8854855,0.468854855,2.40428992,1.004875143
新余,2020,江西,0.002421606,0.944729499,0.584790548,-2.721538462,0.066335676,0.004400422,6.236363636,452.1454545,60.20140364,1.325536655,0.935563485,0.848771515,0.064436515,0.151228485,0.731915622,0.275235424,88.4,1944.898182,0.038868621,0.156857523,0.240628645,0.00439338,0.018257928,0.015962264,0.066229527,6,0.133802817,0.190140845,0.264084507,156,155,311,0.002447019,0.526825073,0.000719187,0.001224774,0.000238083,0.201334322,1.902872395,3,0.000295724,0.002039504,0.0000597,93.8,100.13269,6.8971,46.0009,47.23469,6.887960365,45.93994229,47.17209734,0.471720973,2.40284137,1.026820997
无锡,2018,江苏,0.007913979,1.493393134,0.622959665,-2.742943548,0.10101118,0.010203259,12,3332,105.5166,1.334228,0.879089063,0.849602941,0.120910938,0.150397059,0.68151283,0.317244249,1054,93444.08,0.015336619,0.156857523,0.244588943,0.007837905,0.032045216,0.024706218,0.077594435,104,0.295774648,0.436619718,0.517605634,2049,2765,4814,0.010780129,0.533958101,0.020703944,0.0068925,0.000389991,0.138361749,2.01929334,3,0.000339844,0.002230517,0.000101412,83.71,1120.298,12.552,530.986,576.76,1.120416175,47.39685334,51.48273049,0.514827305,2.503623143,1.086205663
无锡,2019,江苏,0.007913979,1.482330012,0.622959665,-2.742943548,0.10040705,0.010081576,12,3947,104.7199,1.454661,0.881825373,0.839447887,0.118174627,0.160552113,0.679751416,0.33856725,966,92430.21,0.016096383,0.156857523,0.244389629,0.008307913,0.033994539,0.024538442,0.082742325,104,0.38028169,0.419014085,0.531690141,6305,6398,12703,0.006252961,0.506525391,0.030663731,0.015752449,0.000443129,0.169928342,1.969827148,3,0.000325145,0.00223779,0.0000658,89.23,1180.332,12.251,557.888,610.193,1.037928312,47.26534568,51.69672601,0.51696726,2.506587977,1.093755377
无锡,2020,江苏,0.007913979,1.545917327,0.622959665,-2.742943548,0.103879397,0.010790929,12.30909091,3800.290909,111.2375345,1.458349091,0.891438676,0.837659103,0.108561324,0.162340897,0.687646609,0.341464563,1266.254545,94059.15982,0.014968021,0.156857523,0.247649216,0.008784398,0.035471133,0.025725651,0.084563431,104,0.447183099,0.471830986,0.616197183,2876,3175,6051,0.007015349,0.541286937,0.013760522,0.007950892,0.000408964,0.201334322,1.902872395,3,0.000295724,0.002039504,0.0000597,92.67,1234.048,12.81,572.119,649.119,1.038047142,46.36116261,52.60079024,0.526007902,2.515627431,1.134587385
日照,2018,山东,0.391374176,0.955584543,0.833128587,-2.7625,0.233081347,0.054326914,3,810,17.7437,1.208676,0.8849,0.79625,0.1151,0.20375,0.664561929,0.228900145,124,13593.62568,0.022827014,0.156857523,0.20906185,0.011153942,0.053352354,0.048728418,0.047854288,2,0.218309859,0.056338028,0.242957746,308,156,464,0.003433585,0.512163892,0.00162709,0.005244243,0.000329966,0.138361749,2.01929334,3,0.000339844,0.002230517,0.000101412,89.34,179.003,16.645,77.108,85.25,9.298726837,43.07637302,47.62490014,0.476249001,2.383261733,1.105592156
日照,2019,山东,0.391374176,0.956815158,0.833128587,-2.7625,0.233148548,0.054358245,3,892,16.9953,1.371403,0.8779,0.76425,0.1221,0.23575,0.644972978,0.240573004,124,15272.70862,0.024408274,0.156857523,0.213548711,0.011977786,0.056089246,0.049788572,0.051374055,2,0.165492958,0.077464789,0.197183099,283,124,407,0.001239063,0.508391046,0.000959795,0.002967568,0.00043049,0.169928342,1.969827148,3,0.000325145,0.00223779,0.0000658,93.43,194.938,16.777,83.188,94.973,8.606326114,42.67408099,48.7195929,0.487195929,2.401132668,1.141667067
日照,2020,山东,0.391374176,0.95923156,0.833128587,-2.7625,0.233280502,0.054419792,2.927272727,945.3454545,20.52158545,1.271278982,0.982521818,0.782432727,0.017478182,0.217567273,0.74654335,0.268943888,151.6909091,16983.95384,0.024078419,0.156857523,0.214046246,0.013429126,0.062739365,0.049932816,0.05756643,2,0.415492958,0.133802817,0.433098592,1055,276,1331,0.004607416,0.532927293,0.014925548,0.006766068,0.000398714,0.201334322,1.902872395,3,0.000295724,0.002039504,0.0000597,93.78,200.643,17.133,84.42,99.09,8.539046964,42.07472974,49.38622329,0.493862233,2.408471763,1.173773987
昆明,2018,云南,0.493842034,1.404831459,1.099573758,-2.723784195,0.326975005,0.106912654,51,2619,102.6457,1.28893,0.86809375,0.876477778,0.13190625,0.123522222,0.682801127,0.386563544,989,13087.11,0.068145561,0.156857523,0.329861215,0.041693342,0.126396617,0.107856372,0.12751232,30,0.147887324,0.179577465,0.26056338,767,732,1499,0.013868393,0.523826068,0.002794934,0.007729537,0.000298613,0.138361749,2.01929334,3,0.000339844,0.002230517,0.000101412,94.62,602.05031,22.21609,196.40794,383.42628,3.690072014,32.62317729,63.6867507,0.636867507,2.599966787,1.952193379
昆明,2019,云南,0.493842034,1.426096878,1.099573758,-2.723784195,0.328136257,0.107673403,52,2750,99.8298,1.333279,0.875217647,0.871684211,0.124782353,0.128315789,0.68721058,0.39676583,1460,13187.03,0.075470095,0.156857523,0.355146434,0.04623767,0.130193254,0.116536422,0.14090997,30,0.204225352,0.218309859,0.320422535,874,824,1698,0.003036228,0.499197718,0.001178067,0.005255749,0.00027962,0.169928342,1.969827148,3,0.000325145,0.00223779,0.0000658,94.29,649.23857,27.0288,207.5833,414.6264,4.163153769,31.97334687,63.86348858,0.638634886,2.597003132,1.997397671
昆明,2020,云南,0.493842034,1.459070666,1.099573758,-2.723784195,0.329936874,0.108858341,52.07272727,1666.163636,114.4691655,1.345857964,0.873206532,0.880845659,0.126793468,0.119154341,0.689210733,0.385698622,1274.8,12725.79491,0.074348564,0.156857523,0.349129153,0.044428849,0.127256198,0.115190582,0.134658633,30,0.23943662,0.320422535,0.415492958,768,923,1691,0.005309455,0.531900459,0.003851356,0.003612315,0.000280144,0.201334322,1.902872395,3,0.000295724,0.002039504,0.0000597,95.67,673.25286,31.40654,213.1139,428.7324,4.664895148,31.65436237,63.68073951,0.636807395,2.590158384,2.011752401
昭通,2018,云南,0.385092638,0.820786822,1.099573758,-2.723784195,0.255476981,0.065268488,2,610,26.2134,1.054837,0.9238,0.96,0.0762,0.04,0.767569696,0.246955607,1,2554.947143,0.016903715,0.156857523,0.187937232,0.011857237,0.063091473,0.048013637,0.046412153,0,0.021126761,0.007042254,0.028169014,9,3,12,0.0000315,0.394366197,0.0000208,0.001315092,0.000160719,0.138361749,2.01929334,3,0.000339844,0.002230517,0.000101412,46.21,88.95404,16.262,39.782,32.91,18.28135068,44.72197103,36.99663332,0.369966333,2.187151927,0.827258559
昭通,2019,云南,0.385092638,0.812875516,1.099573758,-2.723784195,0.255044964,0.065047934,2,710,27.8734,1.054837,0.9238,0.96,0.0762,0.04,0.767569696,0.248620674,1,2801.024286,0.017985659,0.156857523,0.190587345,0.012085039,0.063409451,0.048608343,0.047383954,0,0.042253521,0.01056338,0.052816901,28,4,32,0.0000958,0.445252158,0.000191433,0.001046405,0.00046055,0.169928342,1.969827148,3,0.000325145,0.00223779,0.0000658,52.68,119.42017,19.717,45.922,53.781,16.51061123,38.45414054,45.03510588,0.450351059,2.285242099,1.171138017
昭通,2020,云南,0.385092638,0.795458617,1.099573758,-2.723784195,0.25409387,0.064563695,2.127272727,646,34.43864727,1.031507836,0.92778,0.961261818,0.07222,0.038738182,0.771670544,0.247890243,2.418181818,2762.349548,0.01834147,0.156857523,0.191427545,0.012057522,0.062987391,0.048640566,0.047453021,0,0.038732394,0.045774648,0.077464789,13,16,29,0.000356957,0.501920615,0.000112532,0.00064337,0.000223385,0.201334322,1.902872395,3,0.000295724,0.002039504,0.0000597,51.73,128.874,22.612,48.278,57.984,17.54581995,37.4613964,44.99278365,0.449927836,2.274469637,1.201043954
晋中,2018,山西,0.362944525,1.005354706,1.196748608,-2.762826087,0.265475484,0.070477233,17,768,22.1324,1.025798,0.776933631,0.841598958,0.223066369,0.158401042,0.586388897,0.209497453,44,333.1731496,0.057303473,0.156857523,0.282322034,0.015701746,0.055616438,0.074949579,0.059145747,3,0.088028169,0.049295775,0.126760563,125,94,219,0.001698361,0.50283486,0.000213543,0.002380359,0.000293705,0.138361749,2.01929334,3,0.000339844,0.002230517,0.000101412,80.22,144.7603884,11.39383,68.80391,64.56265,7.870820275,47.52951464,44.59966619,0.445996662,2.367288481,0.938357282
晋中,2019,山西,0.362944525,1.006802102,1.196748608,-2.762826087,0.265554523,0.070519205,17,733,94.7939,1.050413,0.789853869,0.846514583,0.210146131,0.153485417,0.600041973,0.227285488,31,300.088425,0.059534205,0.156857523,0.287311789,0.017341188,0.060356689,0.076296945,0.0653018,3,0.116197183,0.073943662,0.154929577,151,113,264,0.003446975,0.514071393,0.000156422,0.002646624,0.000250251,0.169928342,1.969827148,3,0.000325145,0.00223779,0.0000658,69.89,144.7616,10.00848,65.42701,69.3261,6.913767187,45.19638495,47.88984095,0.47889841,2.409760599,1.059594501
晋中,2020,山西,0.362944525,1.009401326,1.196748608,-2.762826087,0.26569646,0.070594609,20.30909091,814.0363636,50.18343818,0.877968098,0.807310698,0.844204916,0.192689302,0.155795084,0.614768943,0.215694248,65.94545455,317.3833099,0.069019599,0.156857523,0.310148846,0.017774382,0.057309198,0.082405451,0.066897322,3,0.126760563,0.073943662,0.165492958,189,113,302,0.001826864,0.522833974,0.000287044,0.002837091,0.000200392,0.201334322,1.902872395,3,0.000295724,0.002039504,0.0000597,79.6,146.8766,11.09261,66.80039,68.9836,7.552333047,45.48062115,46.96704581,0.469670458,2.394147128,1.032682594
晋城,2018,山西,0.714734011,0.991878501,1.196748608,-2.762826087,0.392855661,0.154335571,1,552,67.4724,1.147205,0.7704,0.8252,0.2296,0.1748,0.573702578,0.186915575,408,695.7415299,0.003766716,0.156857523,0.163260407,0.011988349,0.073430842,0.064137775,0.030515913,1,0.045774648,0.070422535,0.091549296,42,44,86,0.000821195,0.475139997,0.001384157,0.001065907,0.000333544,0.138361749,2.01929334,3,0.000339844,0.002230517,0.000101412,67.42,135.1853,4.91669,71.78647,58.48214,3.637000473,53.10227517,43.26072435,0.432607244,2.396237239,0.814668001
晋城,2019,山西,0.714734011,0.988544781,1.196748608,-2.762826087,0.392673615,0.154192568,1,761,121.1443,1.22496,0.7956,0.837,0.2044,0.163,0.601251375,0.216589807,122,1056.751468,0.004339849,0.156857523,0.159869509,0.013596758,0.085049103,0.062776538,0.034626106,1,0.059859155,0.056338028,0.102112676,82,78,160,0.000679538,0.500102062,0.00041923,0.001762012,0.000317601,0.169928342,1.969827148,3,0.000325145,0.00223779,0.0000658,70.62,135.5156,4.75118,73.60928,57.15516,3.506002261,54.3179383,42.17607419,0.421760742,2.386701014,0.776466772
晋城,2020,山西,0.714734011,0.981096122,1.196748608,-2.762826087,0.392266862,0.153873291,0.727272727,736.9272727,74.57589636,1.160159036,0.815143636,0.801521818,0.184856364,0.198478182,0.604069247,0.202877832,209.3090909,942.8739157,0.003821023,0.156857523,0.160097086,0.012740886,0.079582251,0.062800782,0.03248015,1,0.088028169,0.045774648,0.116197183,87,58,145,0.000462078,0.510270495,0.001580989,0.001621886,0.000257141,0.201334322,1.902872395,3,0.000295724,0.002039504,0.0000597,76.3,142.57166,5.65267,76.2934,60.62559,3.964792161,53.51231795,42.52288989,0.425228899,2.385580977,0.794637413
普洱,2018,云南,0.385092638,0.958683042,1.099573758,-2.723784195,0.263007154,0.069172763,1,530,101.73,1.407368,0.873927679,0.845068254,0.126072321,0.154931746,0.674990228,0.258526604,416,1131.23,0.004969237,0.156857523,0.166418327,0.011315505,0.067994346,0.043769211,0.043023565,1,0.014084507,0.007042254,0.021126761,8,6,14,0.003459151,0.378159367,0.00000247,0.001892364,0.0000307,0.138361749,2.01929334,3,0.000339844,0.002230517,0.000101412,53.22,66.24768,16.366,24.416,25.466,24.70426134,36.85563027,38.44059143,0.384405914,2.137372962,1.043004587
普洱,2019,云南,0.385092638,0.954657325,1.099573758,-2.723784195,0.26278732,0.069057175,1,580,19.6735,1.407368,0.880331092,0.845740602,0.119668908,0.154259398,0.681023799,0.249760988,373,1078,0.004986375,0.156857523,0.165696716,0.010875342,0.065634021,0.043542996,0.041384576,1,0.024647887,0.024647887,0.049295775,35,20,55,0.0000653,0.455538512,0.0000212,0.001929168,0.000136255,0.169928342,1.969827148,3,0.000325145,0.00223779,0.0000658,48.48,87.52848,19.902,23.123,44.504,22.73774205,26.41768713,50.84516491,0.508451649,2.28108611,1.924663755
普洱,2020,云南,0.385092638,0.948429936,1.099573758,-2.723784195,0.262447257,0.068878563,0.872727273,541.5272727,38.40185636,1.421207727,0.87067418,0.860164315,0.12932582,0.139835685,0.678340298,0.252137955,272.7818182,1417.891273,0.005238009,0.156857523,0.164726813,0.010900453,0.066172915,0.0432321,0.041533882,1,0.017605634,0.017605634,0.031690141,13,12,25,0.0000215,0.425356453,0.0000244,0.000976364,0.000201599,0.201334322,1.902872395,3,0.000295724,0.002039504,0.0000597,70.13,94.542,23.513,22.862,48.166,24.87042796,24.18184511,50.94666921,0.509466692,2.260741258,2.106814802
景德镇,2018,江西,0.002159533,0.949413447,0.584790548,-2.721538462,0.066496012,0.00442172,4,573,3.8563,1.07491,0.857866667,0.894166667,0.142133333,0.105833333,0.680962223,0.217083656,59,1043.24,0.020638613,0.156857523,0.196981333,0.002843464,0.014435197,0.013098473,0.042761428,6,0.102112676,0.035211268,0.126760563,148,46,194,0.000579559,0.477606121,0.001227965,0.002421309,0.000562607,0.138361749,2.01929334,3,0.000339844,0.002230517,0.000101412,72.59,84.66,5.645,40.232,38.783,6.667847862,47.52185211,45.81030002,0.458103,2.391424522,0.963983893
景德镇,2019,江西,0.002159533,0.945588037,0.584790548,-2.721538462,0.066287116,0.004393982,4,621,3.7473,1.201364,0.872366667,0.881433333,0.127633333,0.118566667,0.688700252,0.234664666,52,929.55,0.020977188,0.156857523,0.197601959,0.003073747,0.015555244,0.013098464,0.046370198,6,0.158450704,0.066901408,0.190140845,196,52,248,0.001115939,0.501920615,0.001536552,0.001639861,0.000397793,0.169928342,1.969827148,3,0.000325145,0.00223779,0.0000658,71.92,92.611,6.131,40.956,45.523,6.620163911,44.22368833,49.15506797,0.49155068,2.425327445,1.111509913
景德镇,2020,江西,0.002159533,0.942005575,0.584790548,-2.721538462,0.066091486,0.004368085,4.363636364,605.5454545,5.867923636,1.135452218,0.870106667,0.871765152,0.129893333,0.128234848,0.682651454,0.225959561,44.4,911.4538182,0.02116387,0.156857523,0.197900788,0.002955451,0.014934003,0.013079557,0.044717575,6,0.112676056,0.080985915,0.172535211,109,62,171,0.001711601,0.516959435,0.00035998,0.001553943,0.000258088,0.201334322,1.902872395,3,0.000295724,0.002039504,0.0000597,79.76,95.71364,6.80675,41.28361,47.62328,7.111577827,43.13242083,49.75600134,0.497560013,2.426444235,1.153563848
曲靖,2018,云南,0.174849996,0.873451255,1.099573758,-2.723784195,0.181785863,0.0330461,3,1030,31.65,1.259968,0.8954,0.8189,0.1046,0.1811,0.683410291,0.24682198,3,630,0.004681849,0.156857523,0.158432875,0.007108685,0.044868747,0.028800857,0.039104716,2,0.031690141,0.038732394,0.063380282,38,32,70,0.000984906,0.460862,0.000201932,0.001212661,0.000388346,0.138361749,2.01929334,3,0.000339844,0.002230517,0.000101412,48.16,201.33556,36.02,77.737,87.579,17.89053061,38.6106657,43.49902223,0.434990222,2.256089287,1.126606378
曲靖,2019,云南,0.174849996,0.867502232,1.099573758,-2.723784195,0.181461002,0.032928095,4,1234,32.4128,1.185481,0.9296,0.8196,0.0704,0.1804,0.714433565,0.25547682,2,630,0.004681849,0.156857523,0.158415735,0.007344008,0.04635908,0.028746278,0.040471548,2,0.056338028,0.028169014,0.073943662,59,34,93,0.000354322,0.485160524,0.000399061,0.001924247,0.0004509,0.169928342,1.969827148,3,0.000325145,0.00223779,0.0000658,58.69,263.75925,43.841,100.428,119.49,16.62159716,38.07563147,45.30267659,0.453026766,2.286808899,1.189807623
曲靖,2020,云南,0.174849996,0.857820577,1.099573758,-2.723784195,0.180932311,0.032736501,3.363636364,1225.454545,55.76275818,1.298860291,0.936821818,0.829216364,0.063178182,0.170783636,0.724919553,0.273824904,50.38181818,773.2161818,0.004884147,0.156857523,0.159785718,0.007916387,0.049543773,0.028910399,0.043753309,2,0.031690141,0.045774648,0.070422535,49,45,94,0.000337783,0.48601468,0.0000262,0.001616242,0.000139087,0.201334322,1.902872395,3,0.000295724,0.002039504,0.0000597,55.52,295.935,55.353,109.492,131.09,18.70444523,36.99866525,44.29688952,0.442968895,2.255924443,1.197256421
朔州,2018,山西,0.623986686,0.988432348,1.196748608,-2.762826087,0.359618757,0.129325651,3,371,10.097,1.22968928,0.776933631,0.841598958,0.223066369,0.158401042,0.586388897,0.194356261,46,2214.827187,0.006917496,0.156857523,0.165146537,0.011542778,0.069894157,0.059389792,0.032097263,0,0.035211268,0.024647887,0.056338028,33,24,57,0.000359614,0.485160524,0.0000777,0.001721398,0.000295922,0.138361749,2.01929334,3,0.000339844,0.002230517,0.000101412,57.2,106.56332,5.78525,40.7553,60.02277,5.428931831,38.24514852,56.32591965,0.563259197,2.508969878,1.472759862
朔州,2019,山西,0.623986686,0.98149081,1.196748608,-2.762826087,0.359239697,0.12905316,3,410,9.8515,1.3840029,0.789853869,0.846514583,0.210146131,0.153485417,0.600041973,0.217104346,46,2236.417065,0.006917496,0.156857523,0.165156579,0.012880974,0.077992499,0.059330799,0.035856211,0,0.066901408,0.014084507,0.077464789,74,32,106,0.000143447,0.472699209,0.000114934,0.002871724,0.000378476,0.169928342,1.969827148,3,0.000325145,0.00223779,0.0000658,56.71,105.668,5.366,42.29,58.012,5.078169361,40.02157701,54.90025362,0.549002536,2.498220843,1.371766375
朔州,2020,山西,0.623986686,0.986912319,1.196748608,-2.762826087,0.359535752,0.129265957,3.154545455,409.6545455,10.32091818,1.298410297,0.807310698,0.844204916,0.192689302,0.155795084,0.614768943,0.213590317,35.45454545,2297.705861,0.009166678,0.156857523,0.170275541,0.01307603,0.076793355,0.061220145,0.036369207,0,0.084507042,0.028169014,0.105633803,39,12,51,0.00025817,0.499197718,0.0000677,0.000987486,0.000233826,0.201334322,1.902872395,3,0.000295724,0.002039504,0.0000597,61.04,110.04929,6.40584,44.04054,59.60291,5.820882625,40.01892243,54.16019495,0.541601949,2.483393123,1.35336465
朝阳,2018,辽宁,0.508032046,0.873474248,1.206359167,-2.70703125,0.316055386,0.099891007,1,682,17.4765,1.4005,0.8803,0.8427,0.1197,0.1573,0.679732232,0.249654596,9,6358.573333,0.001920586,0.156857523,0.154728975,0.01220884,0.07890468,0.048902926,0.0386288,1,0.024647887,0.038732394,0.059859155,31,31,62,0.000515467,0.467892098,0.0000187,0.001277665,0.00022184,0.138361749,2.01929334,3,0.000339844,0.002230517,0.000101412,27.06,83.14,17.64,23.6,41.9,21.21722396,28.38585518,50.39692086,0.503969209,2.291796969,1.775423729
朝阳,2019,辽宁,0.508032046,0.87458943,1.206359167,-2.70703125,0.316116283,0.099929505,1,736,18.2945,1.364569,0.9215,0.8516,0.0785,0.1484,0.720453548,0.26193804,1,6187.603333,0.003100034,0.156857523,0.157276495,0.013022947,0.08280288,0.049717661,0.041196697,1,0.052816901,0.031690141,0.063380282,63,32,95,0.000276697,0.45404003,0.000126871,0.00193248,0.000500934,0.169928342,1.969827148,3,0.000325145,0.00223779,0.0000658,41.1,84.31,19.46497,24.79997,40.04697,23.08737991,29.41521765,47.49966789,0.474996679,2.244168189,1.614799131
朝阳,2020,辽宁,0.508032046,0.870143908,1.206359167,-2.70703125,0.315873524,0.099776083,1,767.5090909,19.35177091,1.446711855,0.911489091,0.838550909,0.088510909,0.161449091,0.706034675,0.266184783,6.581818182,6662.319708,0.002372052,0.156857523,0.155886871,0.013107081,0.084080725,0.049240535,0.041494713,1,0.088028169,0.045774648,0.123239437,98,28,126,0.000577692,0.498296639,0.000170462,0.001423602,0.000324892,0.201334322,1.902872395,3,0.000295724,0.002039504,0.0000597,45.21,87.55949,21.23,24.33,41.99,24.24637238,27.78682242,47.95596685,0.479559669,2.236879178,1.725852857
本溪,2018,辽宁,0.705975484,1.147742818,1.206359167,-2.70703125,0.403120338,0.162506007,7,433,12.0595,1.107862,0.883329494,0.859922178,0.116670506,0.140077822,0.689611826,0.229666336,18,3773.95,0.007188915,0.156857523,0.166027927,0.015371392,0.092583171,0.066929234,0.038131026,1,0.052816901,0.024647887,0.066901408,38,25,63,0.000350986,0.460862,0.000071,0.001087694,0.000315262,0.138361749,2.01929334,3,0.000339844,0.002230517,0.000101412,33.98,82.31,5,37.42,39.89,6.074596039,45.46227676,48.4631272,0.484631272,2.423885312,1.066007483
本溪,2019,辽宁,0.705975484,1.155017301,1.206359167,-2.70703125,0.40351758,0.162826437,7,479,10.2047,1.323905,0.89223125,0.850511793,0.10776875,0.149488207,0.693700198,0.255503069,2,2704.02,0.008260036,0.156857523,0.167766311,0.017296703,0.10309998,0.067696656,0.042864807,1,0.059859155,0.042253521,0.084507042,43,20,63,0.000536848,0.485160524,0.001012507,0.000845658,0.000376823,0.169928342,1.969827148,3,0.000325145,0.00223779,0.0000658,40.42,78.11,5.19229,37.30641,35.60861,6.647407502,47.76137498,45.58777365,0.455877737,2.389334784,0.954490395
本溪,2020,辽宁,0.705975484,1.156781798,1.206359167,-2.70703125,0.403613935,0.162904208,9.036363636,522.2909091,12.14881273,1.232990636,0.911510732,0.87643701,0.088489268,0.12356299,0.721798995,0.261355734,12.70909091,3049.144561,0.007723135,0.156857523,0.166852109,0.017600698,0.105486816,0.067343836,0.043607755,1,0.021126761,0.038732394,0.056338028,23,34,57,0.000076,0.465525022,0.0000314,0.000888125,0.000187902,0.201334322,1.902872395,3,0.000295724,0.002039504,0.0000597,48.24,81.04214,5.43,38.29,37.32,6.700217936,47.24702482,46.05011664,0.460501166,2.393446175,0.974667015
来宾,2018,广西,0.533423501,0.829428582,1.074721225,0.410996293,0.525473849,0.276122766,2,471,11.92,1.374932444,0.854321429,0.853278701,0.145678571,0.146721299,0.660784045,0.238030903,17,126.8866927,0.007610009,0.156857523,0.165301277,0.020675721,0.125079015,0.086861498,0.039346812,0,0.056338028,0.084507042,0.11971831,61,58,119,0.001294131,0.498296639,0.000683395,0.000954853,0.000344545,0.138361749,2.01929334,3,0.000339844,0.002230517,0.000101412,43.05,69.241121,16.48483,23.9221592,28.8341318,23.80786123,34.54906399,41.64307478,0.416430748,2.178352136,1.20533149
来宾,2019,广西,0.533423501,0.831869232,1.074721225,0.410996293,0.525607127,0.276262852,2,571,11.6304,1.439550556,0.848778247,0.846320887,0.151221753,0.153679113,0.652911343,0.243594233,17,132.1838081,0.010782872,0.156857523,0.17273969,0.022116703,0.128034865,0.090793212,0.042078392,0,0.070422535,0.080985915,0.133802817,49,41,90,0.000689567,0.500102062,0.00038694,0.00091271,0.000309068,0.169928342,1.969827148,3,0.000325145,0.00223779,0.0000658,39.02,65.415,16.44952,18.2203868,30.7448803,25.14640373,27.85353023,46.99974058,0.469997406,2.218526859,1.687389002
来宾,2020,广西,0.533423501,0.808180783,1.074721225,0.082407087,0.501437249,0.251439315,2.363636364,478.6,12.65706,1.450759123,0.861273831,0.853473194,0.138726169,0.146526806,0.667112352,0.249810312,20.16363636,92.90053703,0.008893519,0.156857523,0.168347738,0.021087944,0.125264196,0.084415827,0.042055001,0,0.137323944,0.098591549,0.197183099,99,71,170,0.00166428,0.526825073,0.000417553,0.001173298,0.000257769,0.201334322,1.902872395,3,0.000295724,0.002039504,0.0000597,35.88,70.572,17.665,19.163,33.745,25.03117384,27.15382871,47.81641444,0.478164144,2.227880746,1.760945572
杭州,2018,浙江,0.290941105,1.453817336,0.622959665,-2.744736842,0.201799127,0.040722888,40,5092,196.85,1.316775,0.865734286,0.832226168,0.134265714,0.167773832,0.662290616,0.406880621,5722,79556,0.038383242,0.156857523,0.372150466,0.030556588,0.082108154,0.075099639,0.151420813,204,0.36971831,0.531690141,0.602112676,3106,4059,7165,0.013518506,0.512163892,0.016380873,0.009750159,0.000379774,0.138361749,2.01929334,3,0.000339844,0.002230517,0.000101412,99.76,1430.672,30.556,469.406,930.71,2.13577955,32.81017592,65.05404453,0.650540445,2.62918265,1.982739888
杭州,2019,浙江,0.290941105,1.460075185,0.622959665,-2.744736842,0.202140853,0.040860924,40,5243,202.41,1.474044,0.867612069,0.8192275,0.132387931,0.1807725,0.658575961,0.425830246,7011,81154,0.038464049,0.156857523,0.395176493,0.034015879,0.086077689,0.079881313,0.168278103,204,0.517605634,0.633802817,0.746478873,5281,6793,12074,0.017151663,0.532927293,0.037722089,0.013792677,0.000377877,0.169928342,1.969827148,3,0.000325145,0.00223779,0.0000658,99.78,1541.88,32.572,483.808,1025.5,2.112486056,31.37779853,66.50971541,0.665097154,2.643972294,2.119642503
杭州,2020,浙江,0.290941105,1.523563635,0.622959665,-2.744736842,0.205607801,0.042274568,40.43636364,5641.345455,215.3270527,1.413202491,0.872209523,0.837610424,0.127790477,0.162389576,0.670346923,0.432022649,7127.545455,85250.54545,0.037082868,0.156857523,0.395842586,0.035161599,0.088827227,0.081388324,0.171012963,204,0.616197183,0.735915493,0.827464789,7678,10052,17730,0.016799861,0.551010655,0.078388502,0.0160383,0.000449063,0.201334322,1.902872395,3,0.000295724,0.002039504,0.0000597,99.81,1620.682,32.956,482.304,1105.422,2.033464924,29.75932354,68.20721153,0.682072115,2.661737466,2.291961087
松原,2018,吉林,0.094094908,1.027780224,0.35762716,-2.756653226,0.076790154,0.005896728,1,445,13.3908,1.298537,0.801441176,0.853931111,0.198558824,0.146068889,0.613536604,0.209419034,24,17033.78066,0.019572235,0.156857523,0.201320079,0.003237493,0.01608132,0.0154594,0.042160256,0,0.035211268,0.049295775,0.077464789,22,22,44,0.000858544,0.487732046,0.000669128,0.000896262,0.00025083,0.138361749,2.01929334,3,0.000339844,0.002230517,0.000101412,56.76,137.36009,17.81081,39.01642,80.53286,12.96651014,28.40448052,58.62900934,0.586290093,2.456624992,2.064076099
松原,2019,吉林,0.094094908,1.024336591,0.35762716,-2.756653226,0.076602106,0.005867883,1,440,12.7023,1.4080148,0.806465882,0.842972222,0.193534118,0.157027778,0.613497497,0.221346756,38,16865.63607,0.020708688,0.156857523,0.204145229,0.00346141,0.016955628,0.015637954,0.045186884,0,0.021126761,0.049295775,0.066901408,8,29,37,0.000138891,0.46474131,0.00041623,0.000585586,0.000382932,0.169928342,1.969827148,3,0.000325145,0.00223779,0.0000658,51.08,72.97836,19.27058,14.2923,39.41548,26.40588251,19.58429869,54.0098188,0.540098188,2.276039363,2.757812249
松原,2020,吉林,0.094094908,1.031224468,0.35762716,-2.756653226,0.076978236,0.005925649,1,476.4909091,14.48363273,1.355329618,0.803214647,0.86709317,0.196785353,0.13290683,0.620600203,0.218974791,159.2363636,17990.70774,0.020460823,0.156857523,0.206165626,0.003475188,0.016856293,0.015870266,0.045145075,0,0.031690141,0.151408451,0.176056338,30,74,104,0.000593166,0.519880109,0.000624847,0.000823253,0.000215942,0.201334322,1.902872395,3,0.000295724,0.002039504,0.0000597,49.11,75.288,22.024,13.789,39.476,29.25300181,18.31500372,52.43332271,0.524333227,2.231829774,2.862861701
枣庄,2018,山东,0.635812334,0.929406035,0.833128587,-2.7625,0.320672253,0.102830694,3,1103,20.969,1.260188,0.8587,0.9449,0.1413,0.0551,0.702795045,0.253674952,292,1598.100465,0.008623227,0.156857523,0.173073659,0.01407894,0.081346519,0.05549992,0.043904452,4,0.158450704,0.172535211,0.26056338,263,215,478,0.008501145,0.519880109,0.000623457,0.002534091,0.000252891,0.138361749,2.01929334,3,0.000339844,0.002230517,0.000101412,79.52,240.238,15.689,121.965,102.584,6.530607148,50.76840467,42.70098819,0.427009882,2.36170381,0.841093756
枣庄,2018,山东,0.635812334,0.929406035,0.833128587,-2.7625,0.320672253,0.102830694,3,1103,20.969,1.260188,0.8587,0.9449,0.1413,0.0551,0.702795045,0.253674952,292,1598.100465,0.008623227,0.156857523,0.173073659,0.01407894,0.081346519,0.05549992,0.043904452,4,0.158450704,0.172535211,0.26056338,263,215,478,0.008501145,0.519880109,0.000623457,0.002534091,0.000252891,0.138361749,2.01929334,3,0.000339844,0.002230517,0.000101412,79.52,240.238,15.689,121.965,102.584,6.530607148,50.76840467,42.70098819,0.427009882,2.36170381,0.841093756
枣庄,2019,山东,0.635812334,0.927260395,0.833128587,-2.7625,0.320555085,0.102755563,3,1219,20.6857,1.462055,0.8805,0.9463,0.1195,0.0537,0.722966499,0.285238301,348,2113.972138,0.010226545,0.156857523,0.178030996,0.016278191,0.091434588,0.057068741,0.050781259,4,0.161971831,0.183098592,0.264084507,264,281,545,0.002956354,0.523826068,0.001219597,0.001810484,0.000297887,0.169928342,1.969827148,3,0.000325145,0.00223779,0.0000658,88.74,169.391,15.887,73.698,79.806,9.378892621,43.50762437,47.11348301,0.47113483,2.377345904,1.082878776
枣庄,2019,山东,0.635812334,0.927260395,0.833128587,-2.7625,0.320555085,0.102755563,3,1219,20.6857,1.462055,0.8805,0.9463,0.1195,0.0537,0.722966499,0.285238301,348,2113.972138,0.010226545,0.156857523,0.178030996,0.016278191,0.091434588,0.057068741,0.050781259,4,0.161971831,0.183098592,0.264084507,264,281,545,0.002956354,0.523826068,0.001219597,0.001810484,0.000297887,0.169928342,1.969827148,3,0.000325145,0.00223779,0.0000658,88.74,169.391,15.887,73.698,79.806,9.378892621,43.50762437,47.11348301,0.47113483,2.377345904,1.082878776
枣庄,2020,山东,0.635812334,0.932267223,0.833128587,-2.7625,0.320828496,0.102930924,3,1218.545455,18.40250909,1.330074545,0.878932727,0.941096364,0.121067273,0.058903636,0.719395586,0.268954634,312.0727273,1995.043376,0.010136375,0.156857523,0.177148564,0.01528585,0.086288311,0.056834307,0.047644927,4,0.408450704,0.235915493,0.471830986,1220,421,1641,0.005535262,0.532927293,0.003577223,0.00762784,0.000348751,0.201334322,1.902872395,3,0.000295724,0.002039504,0.0000597,91.42,173.325,16.569,70.412,86.344,9.559498053,40.62426078,49.81624117,0.498162412,2.402567431,1.22626825
柳州,2018,广西,0.664954224,1.046328783,1.325616645,0.410996293,0.612855667,0.375592068,6,1288,34.3096,1.319026,0.8909,0.9023,0.1091,0.0977,0.714026299,0.275470673,48,2620.840511,0.021441159,0.156857523,0.19940745,0.033664716,0.168823763,0.122207986,0.054930904,5,0.186619718,0.179577465,0.285211268,321,317,638,0.00843995,0.512163892,0.00102939,0.002341478,0.000298096,0.138361749,2.01929334,3,0.000339844,0.002230517,0.000101412,81.74,305.3645739,19.4996,160.8660205,124.9989534,6.385678519,52.67998787,40.93433361,0.409343336,2.345486551,0.777037643
柳州,2019,广西,0.664954224,1.047672291,1.325616645,0.410996293,0.612929032,0.375681999,6,1454,33.2015,1.419911,0.903075,0.899775,0.096925,0.100225,0.723917491,0.29257649,36,3176.093354,0.030828563,0.156857523,0.221460441,0.039714196,0.179328625,0.135739534,0.064794118,5,0.264084507,0.179577465,0.323943662,460,325,785,0.003429886,0.52184563,0.001715833,0.003180269,0.000319532,0.169928342,1.969827148,3,0.000325145,0.00223779,0.0000658,85.39,312.835,22.34715,155.1913485,135.2960375,7.143430243,49.60805169,43.24836975,0.432483697,2.361046429,0.871801417
柳州,2020,广西,0.664954224,1.044955021,1.325616645,0.082407087,0.589904339,0.347987129,5.6,1382.672727,35.87244727,1.406520818,0.917006515,0.898368333,0.082993485,0.101631667,0.735851861,0.29409854,72.86363636,2731.338198,0.025614268,0.156857523,0.209665141,0.036374806,0.173490005,0.123682377,0.061662212,5,0.253521127,0.228873239,0.355633803,404,500,904,0.003246104,0.525821596,0.00198642,0.001876404,0.000327862,0.201334322,1.902872395,3,0.000295724,0.002039504,0.0000597,75.22,317.694,23.137,150.113,144.443,7.282794135,47.25081368,45.46607742,0.454660774,2.381826537,0.962228455
株洲,2018,湖南,0.491039997,0.965914241,0.982053769,-2.781372549,0.285032278,0.0812434,9,1172,30.4871,1.232687,0.867128571,0.876771429,0.132871429,0.123228571,0.682055847,0.258142007,329,2745.833866,0.023987145,0.156857523,0.210248701,0.015469848,0.073578804,0.059927666,0.054274022,12,0.116197183,0.066901408,0.158450704,433,327,760,0.001461905,0.509329037,0.001230013,0.004875968,0.000357787,0.138361749,2.01929334,3,0.000339844,0.002230517,0.000101412,87.64,263.15,18.55,114.92,129.68,7.049211476,43.67091013,49.2798784,0.492798784,2.422306669,1.128437174
株洲,2019,湖南,0.491039997,0.969900871,0.982053769,-2.781372549,0.285249978,0.08136755,9,1280,28.9347,1.316197,0.868957143,0.8483,0.131042857,0.1517,0.671866732,0.264854396,380,2933.816168,0.02612383,0.156857523,0.216217828,0.016335194,0.075549711,0.061676131,0.057266242,12,0.207746479,0.11971831,0.26056338,519,541,1060,0.003222285,0.523826068,0.001217377,0.002675034,0.000353943,0.169928342,1.969827148,3,0.000325145,0.00223779,0.0000658,89.99,300.185,22.075,138.717,139.392,7.353798491,46.21050352,46.43536486,0.464353649,2.390809001,1.004866022
株洲,2020,湖南,0.491039997,0.958885872,0.982053769,-2.781372549,0.284648476,0.081024755,10.36363636,1274.236364,29.69238909,1.213060073,0.874060459,0.863865381,0.125939541,0.136134619,0.682921338,0.26059466,289.5454545,2903.164714,0.025763346,0.156857523,0.213808354,0.015859849,0.074177873,0.060860222,0.055717315,12,0.13028169,0.158450704,0.235915493,865,1015,1880,0.001487487,0.516959435,0.002170774,0.002301752,0.000408043,0.201334322,1.902872395,3,0.000295724,0.002039504,0.0000597,92.94,310.58,25.568,143.748,141.263,8.232339494,46.28372722,45.48361131,0.454836113,2.372506279,0.982712803
桂林,2018,广西,0.696223308,0.944996748,1.159580024,0.410996293,0.600420988,0.360505363,11,1348,34.2372,1.289188,0.84685,0.82356,0.15315,0.17644,0.641719537,0.25654671,80,1106.85,0.04263101,0.156857523,0.248912428,0.038341482,0.154036029,0.149452246,0.063857664,8,0.077464789,0.320422535,0.35915493,289,491,780,0.004425756,0.541286937,0.002568697,0.001728413,0.000262423,0.138361749,2.01929334,3,0.000339844,0.002230517,0.000101412,83.5,190.112,39.35101,62.1832308,98.8263105,20.69885646,32.70873527,51.9832049,0.519832049,2.420659417,1.589275907
桂林,2019,广西,0.696223308,0.945671476,1.159580024,0.410996293,0.600457833,0.36054961,12,1622,373.0969,1.368808,0.8618,0.825416667,0.1382,0.174583333,0.655925316,0.325343842,133,1023.07893,0.042309724,0.156857523,0.24902891,0.048649107,0.195355259,0.14953136,0.081020023,8,0.158450704,0.218309859,0.302816901,257,313,570,0.006440852,0.531900459,0.006153512,0.001552588,0.000279629,0.169928342,1.969827148,3,0.000325145,0.00223779,0.0000658,80.6,210.556,48.68993,47.4984509,114.3677724,23.1244562,22.55858342,54.31703319,0.543170332,2.311927226,2.407821102
桂林,2020,广西,0.696223308,0.945344309,1.159580024,0.082407087,0.577563657,0.333579778,11.56363636,1503.672727,159.2164273,1.435984418,0.831468121,0.820721121,0.168531879,0.179278879,0.626717477,0.28847384,164.5272727,1070.295247,0.048687549,0.156857523,0.264538373,0.044075269,0.166612006,0.15278775,0.0763124,8,0.137323944,0.23943662,0.309859155,268,664,932,0.002417993,0.525821596,0.008114722,0.001268044,0.000380682,0.201334322,1.902872395,3,0.000295724,0.002039504,0.0000597,73.48,213.041,48.446,48.648,115.947,22.74022371,22.83504114,54.42473514,0.544247351,2.316845114,2.383386778
梅州,2018,广东,0.000912322,0.721351839,0.726015923,-2.73452381,0.06823981,0.004656672,1,1054,126.78,1.446621,0.8297,0.904925,0.1703,0.095075,0.66012245,0.268325168,110,2054.71,0.006325504,0.156857523,0.164781617,0.003017227,0.018310458,0.011244666,0.044215055,9,0.116197183,0.063380282,0.161971831,123,106,229,0.004261225,0.503752442,0.001960515,0.001464619,0.000363185,0.138361749,2.01929334,3,0.000339844,0.002230517,0.000101412,65.75,112.72427,19.61354,35.20391,57.90682,17.39957154,31.23010688,51.37032158,0.513703216,2.3397075,1.644897399
梅州,2019,广东,0.000912322,0.718072731,0.726015923,-2.73452381,0.068060746,0.004632265,1,1051,194.68,1.453102,0.83818,0.8421,0.16182,0.1579,0.641633548,0.271748889,33,1753.89,0.006625421,0.156857523,0.164024809,0.00303371,0.018495432,0.011163651,0.04457356,9,0.091549296,0.042253521,0.10915493,167,98,265,0.000534637,0.483461187,0.006118125,0.001773524,0.000527029,0.169928342,1.969827148,3,0.000325145,0.00223779,0.0000658,60.34,118.7078586,22.3630796,36.90353135,59.44124761,18.83875244,31.08769023,50.07355733,0.500735573,2.312348049,1.610719772
梅州,2020,广东,0.000912322,0.695363809,0.726015923,-2.73452381,0.066820667,0.004465002,1,1105.181818,119.32992,1.522195436,0.829639818,0.940291727,0.170360182,0.059708273,0.674766231,0.281877224,67.56363636,2441.589141,0.006954135,0.156857523,0.165707479,0.003121138,0.018835224,0.011072684,0.046709164,9,0.165492958,0.190140845,0.281690141,129,137,266,0.00482323,0.538121517,0.003284932,0.000876857,0.000256463,0.201334322,1.902872395,3,0.000295724,0.002039504,0.0000597,66.77,122.7270917,23.86558319,39.63511331,59.22639522,19.44605943,32.29532514,48.25861543,0.482586154,2.28812556,1.494291053
梧州,2018,广西,0.703398866,0.869655388,0.778476296,0.410996293,0.556941544,0.310183884,2,651,14.9135,1.307285,0.8192,0.9609,0.1808,0.0391,0.673949413,0.238513857,65,767.0444585,0.011956486,0.156857523,0.176608196,0.023460328,0.132838276,0.098360441,0.042123502,1,0.133802817,0.225352113,0.299295775,247,320,567,0.006434356,0.52184563,0.001258868,0.001664543,0.000267189,0.138361749,2.01929334,3,0.000339844,0.002230517,0.000101412,68.18,93.249,14.32053,41.6791321,46.985037,15.35730142,44.69659953,50.386639,0.50386639,2.559104175,1.127303632
梧州,2019,广西,0.703398866,0.87093122,0.778476296,0.410996293,0.557011214,0.310261493,2,736,15.4587,1.432904,0.8325,0.9502,0.1675,0.0498,0.681454135,0.256536225,27,954.5930275,0.009359766,0.156857523,0.16995842,0.024285963,0.142893554,0.094668746,0.043600491,1,0.123239437,0.13028169,0.204225352,108,130,238,0.001655889,0.507456504,0.001141167,0.001131966,0.000351265,0.169928342,1.969827148,3,0.000325145,0.00223779,0.0000658,65.72,99.14,16.2027,34.1561936,48.7815984,16.34325197,34.45248497,49.20475933,0.492047593,2.328624999,1.428191881
梧州,2020,广西,0.703398866,0.84910538,0.778476296,0.082407087,0.532943049,0.284028293,2.4,674.3090909,17.55812,1.424085165,0.815776364,0.96166,0.184223636,0.03834,0.671188753,0.251971985,76.72727273,985.3059335,0.012140805,0.156857523,0.177342694,0.023814768,0.134286718,0.094513556,0.044685391,1,0.161971831,0.14084507,0.23943662,199,112,311,0.003689652,0.542350369,0.001639572,0.001646199,0.000227955,0.201334322,1.902872395,3,0.000295724,0.002039504,0.0000597,60.42,108.134,17.384,38.329,52.421,16.07634971,35.44583572,48.47781456,0.484778146,2.324014648,1.367658953
榆林,2018,陕西,0.824751168,0.937902028,0.843466398,-2.719130435,0.394102773,0.155316996,2,894,31.0222,1.365489,0.858197826,0.859498214,0.141802174,0.140501786,0.666852137,0.248050649,64,110.9589869,0.004758889,0.156857523,0.159417535,0.015584252,0.097757449,0.062826893,0.039543623,1,0.052816901,0.045774648,0.091549296,67,49,116,0.000877466,0.484309365,0.00012952,0.001618645,0.000191535,0.138361749,2.01929334,3,0.000339844,0.002230517,0.000101412,60.74,381.8276,23.1238,247.9684,110.7354,6.05608395,64.94250285,29.0014132,0.290014132,2.229453293,0.446570611
榆林,2019,陕西,0.824751168,0.937579538,0.843466398,-2.719130435,0.394085163,0.155303116,3,990,30.8386,1.462928429,0.868125275,0.832781217,0.131874725,0.167218783,0.664669845,0.261516252,82,137.4139306,0.005036565,0.156857523,0.160389123,0.016529651,0.103059675,0.063206974,0.041944362,1,0.088028169,0.035211268,0.112676056,54,34,88,0.002814919,0.504673378,0.000164089,0.001475837,0.000207123,0.169928342,1.969827148,3,0.000325145,0.00223779,0.0000658,66.26,414.9122,25.0718,267.7204,122.12,6.042676017,64.52459099,29.432733,0.29432733,2.23390057,0.456147533
榆林,2020,陕西,0.824751168,0.937000649,0.843466398,-2.719130435,0.394053551,0.155278201,2.236363636,942.3454545,27.72753273,1.50420061,0.863056707,0.85591583,0.136943293,0.14408417,0.669729579,0.265213334,84.54545455,150.4934986,0.005341945,0.156857523,0.161154527,0.016841979,0.104508256,0.063503514,0.042740329,1,0.052816901,0.073943662,0.116197183,54,74,128,0.000760879,0.504673378,0.000224412,0.001226073,0.000268611,0.201334322,1.902872395,3,0.000295724,0.002039504,0.0000597,71.54,414.3931,27.248,258.4453,128.6998,6.575399059,62.36718227,31.05741867,0.310574187,2.244820196,0.497976941
武威,2018,甘肃,0.120778784,0.810722931,1.098541725,-2.732894737,0.157920605,0.024938918,2,446,10.31,1.469974,0.836049242,0.826711667,0.163950758,0.173288333,0.633323682,0.237593356,11,18.64176263,0.010024741,0.156857523,0.170807275,0.00640884,0.037520887,0.026973988,0.040582674,2,0.045774648,0.035211268,0.073943662,43,24,67,0.000901521,0.458565346,0.000320818,0.001214167,0.000191341,0.138361749,2.01929334,3,0.000339844,0.002230517,0.000101412,56.49,46.927,12.053,13.172,21.701,25.68457391,28.06912865,46.24416647,0.462441665,2.205553306,1.647509869
武威,2019,甘肃,0.120778784,0.79482019,1.098541725,-2.732894737,0.157052196,0.024665392,2,504,9.1428,1.469974,0.837010606,0.809093333,0.162989394,0.190906667,0.626865666,0.235816238,7,33.30144234,0.012360898,0.156857523,0.176220572,0.00652641,0.037035458,0.027675828,0.041555672,2,0.056338028,0.017605634,0.066901408,37,18,55,0.000635117,0.460093897,0.000044,0.001108472,0.000213742,0.169928342,1.969827148,3,0.000325145,0.00223779,0.0000658,45.75,48.846,14.406,7.611,26.828,29.49269132,15.58162388,54.92363755,0.549236376,2.254268517,3.524898174
武威,2020,甘肃,0.120778784,0.768903327,1.098541725,-2.732894737,0.155636939,0.024222857,3.763636364,477.5454545,13.95246364,1.558537418,0.848598174,0.812751431,0.151401826,0.187248569,0.638798586,0.254248742,8.563636364,39.92850668,0.012774362,0.156857523,0.177219453,0.007012662,0.039570496,0.027581893,0.045057823,2,0.028169014,0.070422535,0.091549296,35,52,87,0.001315995,0.507456504,0.00012059,0.001094207,0.000234937,0.201334322,1.902872395,3,0.000295724,0.002039504,0.0000597,51.41,52.641,16.17,8.512,27.959,30.71750157,16.16990559,53.11259285,0.531125928,2.223950913,3.284656955
武汉,2018,湖北,0.296665747,1.253889763,0.556737347,-2.744369369,0.185697612,0.034483603,84,4957,152.8,1.381148,0.872842857,0.896986364,0.127157143,0.103013636,0.695591757,0.5135916,5119,32519,0.087474055,0.156857523,0.454986025,0.043393261,0.095372734,0.084489818,0.233677,72,0.299295775,0.394366197,0.475352113,1894,2204,4098,0.011355566,0.504673378,0.00688357,0.008581978,0.000347363,0.138361749,2.01929334,3,0.000339844,0.002230517,0.000101412,98.62,1492.872,36.2,557.942,898.731,2.42485625,37.37373331,60.20147742,0.602014774,2.577767551,1.610796463
武汉,2019,湖北,0.296665747,1.236981465,0.556737347,-2.744369369,0.184774291,0.034141539,83,5320,151.7,1.452939,0.873086364,0.85916875,0.126913636,0.14083125,0.680094163,0.518542969,7428,35315,0.089805565,0.156857523,0.501326771,0.048033827,0.09581341,0.092632299,0.259959472,72,0.454225352,0.457746479,0.595070423,2409,2550,4959,0.016154824,0.551010655,0.01537231,0.010734946,0.000326284,0.169928342,1.969827148,3,0.000325145,0.00223779,0.0000658,98.48,1622.321058,37.89864,598.8879497,985.5344686,2.336075206,36.9155012,60.7484236,0.607484236,2.584123484,1.645607445
武汉,2020,湖北,0.296665747,1.308605848,0.556737347,-2.744369369,0.188685523,0.035602226,85.14545455,5701.981818,178.4418145,1.452543836,0.878141526,0.897593032,0.121858474,0.102406968,0.7006053,0.540169464,7442.618182,35783.09091,0.087705436,0.156857523,0.496873173,0.050642386,0.101922158,0.093752774,0.268395715,72,0.426056338,0.60915493,0.665492958,3140,3853,6993,0.012273856,0.532927293,0.018890409,0.007683013,0.000344046,0.201334322,1.902872395,3,0.000295724,0.002039504,0.0000597,98.32,1551.607,40.218,532.717,978.671,2.592022336,34.33324289,63.07467033,0.630746703,2.604825191,1.83713116
永州,2018,湖南,0.555004841,0.817547834,0.982053769,-2.781372549,0.300225322,0.090135244,3,977,24.7274,1.397239,0.871,0.9078,0.129,0.0922,0.698429731,0.265930529,78,1949.76272,0.005679507,0.156857523,0.162670361,0.012987452,0.079839079,0.048837762,0.043259015,2,0.133802817,0.116197183,0.200704225,126,128,254,0.002824795,0.510270495,0.00183223,0.001442532,0.000269407,0.138361749,2.01929334,3,0.000339844,0.002230517,0.000101412,62.34,180.565,29.57,60.83,90.165,16.37637416,33.68869936,49.93492648,0.499349265,2.335585523,1.482245602
永州,2019,湖南,0.555004841,0.819824092,0.982053769,-2.781372549,0.300349623,0.090209896,3,1131,25.1178,1.395899,0.8819,0.9084,0.1181,0.0916,0.7084739,0.271827471,224,2596.240555,0.006188068,0.156857523,0.166665359,0.013607106,0.081643279,0.050057878,0.045304223,2,0.221830986,0.095070423,0.26056338,237,79,316,0.003957004,0.524821935,0.002264966,0.001729529,0.000305971,0.169928342,1.969827148,3,0.000325145,0.00223779,0.0000658,65.88,201.68632,35.03336,62.59732,104.05564,17.37022124,31.03696869,51.59281006,0.515928101,2.342225888,1.662301837
永州,2020,湖南,0.555004841,0.810812982,0.982053769,-2.781372549,0.299857549,0.08991455,3,1079.6,20.27698,1.350836745,0.890912727,0.89678,0.109087273,0.10322,0.71174371,0.266648912,126.0909091,2273.036843,0.00582845,0.156857523,0.163994066,0.013112423,0.079956689,0.049174859,0.043728839,2,0.169014085,0.14084507,0.246478873,180,108,288,0.002236769,0.524821935,0.00162627,0.001154329,0.000287775,0.201334322,1.902872395,3,0.000295724,0.002039504,0.0000597,73.08,210.77,39.42,67.408,103.942,18.70285145,31.98178109,49.31536746,0.493153675,2.30612516,1.541983147
汉中,2018,陕西,0.643292221,0.86949669,0.843466398,-2.719130435,0.324282893,0.105159394,3,786,21.3642,1.376082,0.8883,0.9413,0.1117,0.0587,0.727897713,0.271505026,19,164.6250793,0.012580838,0.156857523,0.177002788,0.015584111,0.088044435,0.057398976,0.048057147,1,0.024647887,0.066901408,0.080985915,14,32,46,0.000747327,0.485160524,0.000751733,0.000637832,0.000374742,0.138361749,2.01929334,3,0.000339844,0.002230517,0.000101412,52.3,142.9472,20.5669,62.0509,60.3294,14.38775996,43.40826543,42.20397461,0.422039746,2.278162147,0.972256647
汉中,2019,陕西,0.643292221,0.858402898,0.843466398,-2.719130435,0.323677088,0.104766857,3,870,21.1591,1.435623,0.8831,0.7964,0.1169,0.2036,0.663006774,0.254767948,28,146.6202798,0.012580838,0.156857523,0.177148672,0.014608131,0.082462548,0.057338966,0.045131804,1,0.049295775,0.049295775,0.098591549,34,33,67,0.000489976,0.492079034,0.000603824,0.001063729,0.000306817,0.169928342,1.969827148,3,0.000325145,0.00223779,0.0000658,70.43,156.0451,22.7626,66.3357,66.9468,14.58719306,42.51059469,42.90221225,0.429022122,2.283150192,1.009212234
汉中,2020,陕西,0.643292221,0.856635332,0.843466398,-2.719130435,0.323580566,0.104704382,3.763636364,847.4363636,32.00547091,1.401824945,0.895650909,0.897652727,0.104349091,0.102347273,0.716364166,0.274054366,35.41818182,167.3517846,0.015032738,0.156857523,0.183031756,0.016231012,0.088678667,0.059225519,0.050160652,1,0.073943662,0.137323944,0.186619718,70,130,200,0.00181865,0.524821935,0.000520191,0.000869895,0.000283259,0.201334322,1.902872395,3,0.000295724,0.002039504,0.0000597,60.12,159.3092,26.136,64.8697,68.3035,16.40583218,40.71936837,42.87479945,0.428747994,2.264689673,1.052933804
汕头,2018,广东,0.001537719,0.963418917,0.669847813,-2.73452381,0.075499356,0.005700153,2,1527,49,1.359587,0.8759,0.763034615,0.1241,0.236965385,0.642670668,0.249880126,277,8428.43,0.006981534,0.156857523,0.172146124,0.003247672,0.018865789,0.012996922,0.043015895,34,0.172535211,0.091549296,0.218309859,485,392,877,0.003801804,0.510270495,0.005268754,0.004145379,0.000417504,0.138361749,2.01929334,3,0.000339844,0.002230517,0.000101412,70.27,250.30766,11.05706,122.14549,117.10511,4.417387786,48.79814305,46.78446916,0.467844692,2.423670814,0.95873462
汕头,2019,广东,0.001537719,0.960836103,0.669847813,-2.73452381,0.075358315,0.005678876,2,1552,47.8377,1.453568,0.878611538,0.746592308,0.121388462,0.253407692,0.638274109,0.258808796,472,8717.250687,0.00770057,0.156857523,0.177307889,0.003458106,0.019503395,0.013361624,0.045888841,34,0.211267606,0.102112676,0.242957746,436,379,815,0.003217781,0.515993155,0.002253381,0.003199257,0.00034047,0.169928342,1.969827148,3,0.000325145,0.00223779,0.0000658,74.86,268.7277621,12.039993,128.2668428,128.4209263,4.480368127,47.73114685,47.78848502,0.47788485,2.433081169,1.001201274
汕头,2020,广东,0.001537719,0.950853106,0.669847813,-2.73452381,0.074813168,0.00559701,1.927272727,1597.909091,50.61846727,1.492876709,0.880614719,0.73861403,0.119385281,0.26138597,0.636758534,0.263481981,324.2,9445.48475,0.008483031,0.156857523,0.176947121,0.003487968,0.019711922,0.013237975,0.046622378,34,0.218309859,0.158450704,0.292253521,520,481,1001,0.003118206,0.533958101,0.002112921,0.0027526,0.000299111,0.201334322,1.902872395,3,0.000295724,0.002039504,0.0000597,79.95,270.4744692,12.25094826,132.25293,125.9705909,4.52942871,48.89664093,46.57393036,0.465739304,2.420445017,0.952497543
汕尾,2018,广东,0.331253953,0.744154058,1.16616889,-2.73452381,0.238272814,0.056773934,1,610,18.3839,1.318085842,0.874370249,0.798787893,0.125629751,0.201212107,0.656154528,0.23073902,62,3223.685894,0.0021341,0.156857523,0.154679627,0.008504106,0.054978836,0.03685595,0.035690625,0,0.088028169,0.017605634,0.098591549,46,14,60,0.000111572,0.486871848,0.000641563,0.001112426,0.000296393,0.138361749,2.01929334,3,0.000339844,0.002230517,0.000101412,47.46,100.40023,13.32398,37.12927,49.94698,13.27086601,36.9812599,49.74787408,0.497478741,2.364770081,1.345218476
汕尾,2019,广东,0.331253953,0.737221674,1.16616889,-2.73452381,0.237894254,0.056593676,1,610,17.9964,1.402503947,0.864191174,0.769588447,0.135808826,0.230411553,0.634872704,0.231990257,112,3223.685894,0.0021341,0.156857523,0.155536623,0.008583934,0.055189149,0.037001269,0.036082981,0,0.049295775,0.042253521,0.084507042,28,24,52,0.000353484,0.480934387,0.000642843,0.000645336,0.000358378,0.169928342,1.969827148,3,0.000325145,0.00223779,0.0000658,51.95,107.6268629,14.96426959,39.09380774,53.56878555,13.90384258,36.32346674,49.77269068,0.497726907,2.358688481,1.370262674
汕尾,2020,广东,0.331253953,0.71611957,1.16616889,-2.73452381,0.23674192,0.056046737,1,643.4363636,12.62415091,1.436473043,0.877586043,0.822258995,0.122413957,0.177741005,0.668798488,0.24826188,74.2,3798.151695,0.002342709,0.156857523,0.155644838,0.009147869,0.058773994,0.036847658,0.03864068,0,0.077464789,0.158450704,0.204225352,60,93,153,0.002690559,0.531900459,0.000846523,0.000792362,0.000227041,0.201334322,1.902872395,3,0.000295724,0.002039504,0.0000597,61.12,111.2626833,15.71618172,41.1627968,54.38370472,14.12529454,36.99604899,48.87865647,0.488786565,2.347533619,1.321185851
江门,2018,广东,0.032176288,1.17916322,1.192147706,-2.73452381,0.155969872,0.024326601,4,1720,48.84,1.251856,0.86562,0.83015,0.13438,0.16985,0.661325095,0.252063792,1245,22318.92442,0.009393044,0.156857523,0.200850205,0.007896297,0.039314357,0.031326581,0.050627064,15,0.313380282,0.144366197,0.355633803,1638,931,2569,0.002520084,0.495612815,0.007750825,0.01548866,0.000420901,0.138361749,2.01929334,3,0.000339844,0.002230517,0.000101412,82.31,300.12433,20.18479,132.8635,147.07604,6.725476072,44.26948658,49.00503735,0.490050373,2.422795613,1.106970989
江门,2019,广东,0.032176288,1.187973307,1.192147706,-2.73452381,0.156450969,0.024476906,5,1710,48.7,1.319472,0.86427,0.75718,0.13573,0.24282,0.62978678,0.249642256,1477,20689.41,0.010093411,0.156857523,0.205710102,0.008034373,0.039056773,0.032183545,0.051353934,15,0.355633803,0.144366197,0.39084507,1630,798,2428,0.004615747,0.534992903,0.010633731,0.013650073,0.000372508,0.169928342,1.969827148,3,0.000325145,0.00223779,0.0000658,83.04,315.0218821,25.4347795,132.659766,156.9273366,8.0739723,42.11128608,49.81474162,0.498147416,2.417407693,1.182930902
江门,2020,广东,0.032176288,1.196372078,1.192147706,-2.73452381,0.156909605,0.024620624,4.036363636,1887.327273,54.78756364,1.275035,0.874521591,0.872356379,0.125478409,0.127643621,0.686864441,0.267587527,1542.745455,23436.82212,0.010732438,0.156857523,0.20961253,0.008801012,0.041987053,0.032890219,0.056089699,15,0.341549296,0.179577465,0.415492958,1116,808,1924,0.003768392,0.540227667,0.00597109,0.005442675,0.000297051,0.201334322,1.902872395,3,0.000295724,0.002039504,0.0000597,87.5,320.2972763,27.29056373,140.0692226,152.93749,8.520385825,43.73100647,47.74860771,0.477486077,2.392282219,1.09187077
池州,2018,安徽,0.690289433,0.825987795,0.395357797,-2.775819672,0.285716889,0.081634141,3,416,9.7553,1.526896,0.8118,0.7612,0.1882,0.2388,0.584307512,0.227046494,27,763.45,0.019488806,0.156857523,0.193608017,0.012559549,0.064871018,0.05531708,0.043958021,4,0.063380282,0.077464789,0.123239437,151,172,323,0.000731607,0.492957746,0.001314235,0.001777927,0.00040267,0.138361749,2.01929334,3,0.000339844,0.002230517,0.000101412,84.36,75.393,7.495,33.311,34.586,9.941241229,44.18314698,45.87428541,0.458742854,2.359303914,1.038275645
池州,2019,安徽,0.690289433,0.82568242,0.395357797,-2.775819672,0.285700213,0.081624612,3,487,8.9572,1.670284,0.8208,0.8258,0.1792,0.1742,0.61924173,0.256996225,69,838.89,0.022379851,0.156857523,0.201138461,0.014768365,0.073423876,0.057465301,0.051691825,4,0.063380282,0.10915493,0.147887324,117,193,310,0.001300666,0.506525391,0.000266049,0.001039864,0.000317829,0.169928342,1.969827148,3,0.000325145,0.00223779,0.0000658,84.77,83.007,8.389,36.442,38.176,10.10637657,43.90232149,45.99130194,0.459913019,2.358849254,1.04758246
池州,2020,安徽,0.690289433,0.811679511,0.395357797,-2.775819672,0.284935549,0.081188267,3,464.3636364,9.862569091,1.587307182,0.754627273,0.822076364,0.245372727,0.177923636,0.558230958,0.224592936,50.34545455,900.4045455,0.022069933,0.156857523,0.20012101,0.012806646,0.063994512,0.05702159,0.044945765,4,0.183098592,0.161971831,0.271126761,364,289,653,0.003533614,0.537074588,0.001377322,0.002322224,0.000325611,0.201334322,1.902872395,3,0.000295724,0.002039504,0.0000597,91.75,85.31,8.913,37.117,39.28,10.44777869,43.5083812,46.04384011,0.460438401,2.355960614,1.058275184
沈阳,2018,辽宁,0.474978257,1.186072336,1.206359167,-2.70703125,0.32108794,0.103097465,47,2392,99.0255,1.435377,0.877664286,0.822161538,0.122335714,0.177838462,0.668828296,0.385073786,1080,14950.15,0.051424051,0.156857523,0.293098845,0.036239488,0.123642549,0.094110504,0.112864682,27,0.218309859,0.299295775,0.373239437,1177,1302,2479,0.011929433,0.52184563,0.003986814,0.006322349,0.000270957,0.138361749,2.01929334,3,0.000339844,0.002230517,0.000101412,81.63,610.19248,26.01105,208.55263,375.6288,4.262761481,34.17817112,61.55906739,0.615590674,2.572963059,1.801122335
沈阳,2019,辽宁,0.474978257,1.182850714,1.206359167,-2.70703125,0.320912015,0.102984521,47,2652,99.3768,1.571247,0.87688,0.788971429,0.12312,0.211028571,0.654330239,0.398394886,1257,15562.08,0.047837264,0.156857523,0.288011219,0.03682215,0.127849706,0.09242626,0.114742197,27,0.306338028,0.348591549,0.461267606,1293,1231,2524,0.008003056,0.532927293,0.002956748,0.007028354,0.000313123,0.169928342,1.969827148,3,0.000325145,0.00223779,0.0000658,83.69,646.45019,28.40872,215.55285,402.48862,4.394572148,33.34407714,62.26135072,0.622613507,2.578667786,1.867238684
沈阳,2020,辽宁,0.474978257,1.195839214,1.206359167,-2.70703125,0.321621285,0.103440251,49.29090909,2500.836364,105.0833891,1.562741491,0.884163223,0.771515237,0.115836777,0.228484763,0.653620474,0.400805752,1028.163636,16622.94364,0.050149263,0.156857523,0.290000851,0.037383331,0.128907661,0.093270446,0.116234009,27,0.471830986,0.457746479,0.658450704,1413,1590,3003,0.008471216,0.545565885,0.006270953,0.006657716,0.00024887,0.201334322,1.902872395,3,0.000295724,0.002039504,0.0000597,84.93,657.15509,30.36049,216.90087,409.89373,4.619988563,33.00603972,62.37397172,0.623739717,2.577539832,1.889774485
沧州,2018,河北,0.180274698,0.929220281,0.925869589,-2.758571429,0.165251521,0.027308065,8,2140,40.3513,1.321311,0.877433333,0.891533333,0.122566667,0.108466667,0.697450597,0.286822202,98,2864,0.010675779,0.156857523,0.175147712,0.008301617,0.047397805,0.028943426,0.050236252,5,0.186619718,0.147887324,0.257042254,246,200,446,0.003573422,0.505597689,0.000975005,0.002472309,0.000313589,0.138361749,2.01929334,3,0.000339844,0.002230517,0.000101412,70.94,326.69273,27.45259,130.87423,168.36591,8.403183628,40.06034355,51.53647282,0.515364728,2.431332892,1.286471065
沧州,2019,河北,0.180274698,0.926043678,0.925869589,-2.758571429,0.165078054,0.027250764,8,2290,42.2815,1.46662,0.8814,0.890533333,0.1186,0.109466667,0.700599488,0.306505006,93,2864,0.010675779,0.156857523,0.175062012,0.008857656,0.05059725,0.028898896,0.053657383,5,0.221830986,0.165492958,0.281690141,336,225,561,0.006638204,0.533958101,0.001032647,0.003085182,0.000270257,0.169928342,1.969827148,3,0.000325145,0.00223779,0.0000658,79.36,358.79952,29.26055,141.14394,188.39503,8.15512518,39.33782855,52.50704627,0.525070463,2.443519211,1.334772361
沧州,2020,河北,0.180274698,0.919474758,0.925869589,-2.758571429,0.164719342,0.027132461,8.272727273,2247.781818,39.37822182,1.5095068,0.888681212,0.884932121,0.111318788,0.115067879,0.704814661,0.312412949,126.2636364,3346.529745,0.011852358,0.156857523,0.178614032,0.009191559,0.051460455,0.029421186,0.055801336,5,0.214788732,0.165492958,0.306338028,325,281,606,0.003281161,0.529858614,0.001277623,0.002286431,0.000266861,0.201334322,1.902872395,3,0.000295724,0.002039504,0.0000597,76.84,369.9866962,31.49510927,143.3762249,195.115362,8.512497772,38.75172442,52.7357778,0.527357778,2.4422328,1.360862738
河池,2018,广西,0.533423501,0.818962929,0.692012965,0.410996293,0.482747147,0.233044808,2,794,20.3331,1.844281,0.854321429,0.853278701,0.145678571,0.146721299,0.660784045,0.295774399,3,415.163055,0.006317511,0.156857523,0.162166297,0.023154793,0.142784247,0.078285317,0.047964639,1,0.031690141,0.042253521,0.066901408,27,41,68,0.000623712,0.46474131,0.000951898,0.000938362,0.000412106,0.138361749,2.01929334,3,0.000339844,0.002230517,0.000101412,43.48,80.501,16.09061,24.9803021,37.759075,19.9880871,31.0310457,46.90510056,0.469051006,2.227654802,1.511553978
河池,2019,广西,0.533423501,0.821484555,0.692012965,0.410996293,0.482884846,0.233177775,2,903,21.0774,1.844281,0.848778247,0.846320887,0.151221753,0.153679113,0.652911343,0.294465043,3,439.4875118,0.007885285,0.156857523,0.16585186,0.023582925,0.142192707,0.08008735,0.048837575,1,0.070422535,0.112676056,0.165492958,53,104,157,0.000692968,0.509329037,0.000753182,0.00071572,0.000404065,0.169928342,1.969827148,3,0.000325145,0.00223779,0.0000658,39.75,87.81,18.89923,24.7323968,44.1780857,21.52286755,28.16580891,50.31099613,0.503109961,2.287874738,1.786243608
河池,2020,广西,0.533423501,0.792817139,0.692012965,0.082407087,0.458443079,0.210170057,2,811.9818182,22.41598,1.948701964,0.861273831,0.853473194,0.138726169,0.146526806,0.667112352,0.310271194,11.18181818,268.2727995,0.007132502,0.156857523,0.164148228,0.02334872,0.142241682,0.075252619,0.050930467,1,0.126760563,0.13028169,0.214788732,153,139,292,0.00137126,0.514071393,0.000390607,0.001213665,0.000314897,0.201334322,1.902872395,3,0.000295724,0.002039504,0.0000597,33.2,92.771,19.871,26.398,46.502,21.41940908,28.45501288,50.12557804,0.50125578,2.28706169,1.761572846
河源,2018,广东,0.331253953,0.766954609,1.239827392,-2.73452381,0.247631358,0.061321289,1,709,19.5041,1.318085842,0.874370249,0.798787893,0.125629751,0.201212107,0.656154528,0.232312475,85,4078.121392,0.004318794,0.156857523,0.160591343,0.009238475,0.057527854,0.039767452,0.037307372,1,0.077464789,0.042253521,0.105633803,113,91,204,0.000751301,0.475959203,0.001958802,0.001177981,0.000487546,0.138361749,2.01929334,3,0.000339844,0.002230517,0.000101412,73.38,100.69775,10.78367,34.84856,55.06552,10.70894831,34.60708904,54.68396265,0.546839627,2.439750143,1.580137601
河源,2019,广东,0.331253953,0.764233968,1.239827392,-2.73452381,0.24748279,0.061247732,1,544,20.2859,1.402503947,0.864191174,0.769588447,0.135808826,0.230411553,0.634872704,0.231376315,26,4377.930097,0.00467191,0.156857523,0.160547106,0.009193193,0.057261656,0.039732646,0.037146798,1,0.13028169,0.137323944,0.218309859,203,233,436,0.002460424,0.52184563,0.003238218,0.001521767,0.000291992,0.169928342,1.969827148,3,0.000325145,0.00223779,0.0000658,72.32,107.9754115,12.10675849,37.23225129,58.63640173,11.21251433,34.48215734,54.30532832,0.543053283,2.43092814,1.574881983
河源,2020,广东,0.331253953,0.756011991,1.239827392,-2.73452381,0.247033808,0.061025703,1,683.2,21.30391455,1.436473043,0.877586043,0.822258995,0.122413957,0.177741005,0.668798488,0.250072997,103.7636364,4676.262673,0.004525502,0.156857523,0.161675612,0.009987751,0.061776485,0.039939342,0.040430705,1,0.084507042,0.154929577,0.204225352,185,158,343,0.001323867,0.52184563,0.006488094,0.000942505,0.000364365,0.201334322,1.902872395,3,0.000295724,0.002039504,0.0000597,74.57,111.4305808,13.35245635,38.83418606,59.24393843,11.98275756,34.85056415,53.16667829,0.531666783,2.411839207,1.525561482
泉州,2018,福建,0.046672139,1.156107639,0.868076214,0.600432482,0.356472584,0.127072703,18,3512,98.5349,1.374017,0.862328571,0.826214286,0.137671429,0.173785714,0.656731772,0.326850729,1264,28125.79,0.014925086,0.156857523,0.216841801,0.025264959,0.116513324,0.077298157,0.070874901,19,0.507042254,0.598591549,0.721830986,3205,3275,6480,0.016378795,0.504673378,0.023455367,0.014352471,0.000364371,0.138361749,2.01929334,3,0.000339844,0.002230517,0.000101412,91.53,901.92423,20.18988,530.33892,351.39543,2.23853394,58.80082854,38.96063752,0.389606375,2.367221036,0.66258654
泉州,2019,福建,0.046672139,1.151570922,0.868076214,0.600432482,0.356224845,0.12689614,18,3850,96.9143,1.55789,0.861907143,0.79785,0.138092857,0.20215,0.644565318,0.347193636,2780,30616.36,0.01762089,0.156857523,0.250302287,0.030957136,0.123678999,0.089163894,0.086903361,19,0.468309859,0.852112676,0.883802817,1700,6348,8048,0.015380242,0.526825073,0.020471034,0.005064875,0.000343635,0.169928342,1.969827148,3,0.000325145,0.00223779,0.0000658,93.32,990.36627,21.835,575.38417,393.1471,2.204739869,58.09811859,39.69714154,0.396971415,2.374924017,0.683277574
泉州,2020,福建,0.046672139,1.159023621,0.868076214,0.809560671,0.371191278,0.137782965,18.36363636,3828.490909,101.8881727,1.542788018,0.880685106,0.812157322,0.119314894,0.187842678,0.66738523,0.355329405,2582.081818,33546.91927,0.016071422,0.156857523,0.244641755,0.032267067,0.131895176,0.090808886,0.086928409,19,0.528169014,0.806338028,0.855633803,2549,5236,7785,0.020606458,0.553219114,0.031079266,0.00605997,0.000333569,0.201334322,1.902872395,3,0.000295724,0.002039504,0.0000597,94.45,1007.36552,22.65,570.79254,413.92298,2.248439077,56.66190957,41.08965135,0.410896514,2.388412123,0.725172372
泰安,2018,山东,0.588263077,0.958322484,0.833128587,-2.7625,0.304934634,0.092985131,9,1457,27.4576,2.050062,0.8818,0.9008,0.1182,0.0992,0.705225597,0.360954719,237,2385.012133,0.029565107,0.156857523,0.221576556,0.024388399,0.110067595,0.067566366,0.079979103,4,0.176056338,0.147887324,0.25,284,263,547,0.004690984,0.516959435,0.000855419,0.002593655,0.000282597,0.138361749,2.01929334,3,0.000339844,0.002230517,0.000101412,74.51,240.39,28.537,95.43,116.42,11.87112609,39.69799077,48.42963518,0.484296352,2.365560131,1.219951797
泰安,2019,山东,0.588263077,0.958061679,0.833128587,-2.7625,0.304920392,0.092976446,9,1463,26.7089,1.846381,0.876766667,0.895833333,0.123233333,0.104166667,0.698638539,0.335911676,237,2464.567652,0.024278324,0.156857523,0.20922341,0.021429984,0.10242632,0.063796484,0.070280586,4,0.172535211,0.123239437,0.257042254,248,227,475,0.002519065,0.525821596,0.000550464,0.002382244,0.000266547,0.169928342,1.969827148,3,0.000325145,0.00223779,0.0000658,81.66,266.36,28.87,103.62,133.87,10.83871452,38.90223757,50.25904791,0.502590479,2.394203334,1.291932059
泰安,2020,山东,0.588263077,0.954172635,0.833128587,-2.7625,0.304708021,0.092846978,9.436363636,1574.8,14.05914727,1.895201145,0.902073939,0.954872121,0.097926061,0.045127879,0.745915435,0.359886425,300.8727273,2729.519681,0.026926665,0.156857523,0.216648098,0.023757691,0.10966028,0.066014413,0.077968709,4,0.186619718,0.207746479,0.316901408,354,360,714,0.002944027,0.538121517,0.001298247,0.001914445,0.000284301,0.201334322,1.902872395,3,0.000295724,0.002039504,0.0000597,82.9,276.646,29.966,108.038,138.642,10.83189347,39.05279671,50.11530982,0.501153098,2.392834164,1.283270701
泰州,2018,江苏,0.297861974,0.899918552,0.622959665,-2.742943548,0.174197395,0.030344733,7,1661,42.8378,1.455121,0.89844,0.745233333,0.10156,0.254766667,0.655527338,0.277157079,252,14729.91,0.013995276,0.156857523,0.191086153,0.009225647,0.048280041,0.03328671,0.05296088,16,0.503521127,0.419014085,0.63028169,1696,1155,2851,0.025026683,0.548819758,0.008029714,0.011542141,0.000256791,0.138361749,2.01929334,3,0.000339844,0.002230517,0.000101412,58.87,476.724,28.624,239.535,208.565,6.004312768,50.24605432,43.74963291,0.437496329,2.377453201,0.87070783
泰州,2019,江苏,0.297861974,0.903606033,0.622959665,-2.742943548,0.174398759,0.030414927,7,2059,42.8538,1.546875,0.885657143,0.811025,0.114342857,0.188975,0.671382563,0.2989761,252,14465.82,0.014547866,0.156857523,0.192258369,0.010024555,0.052141061,0.033529621,0.057480657,16,0.503521127,0.517605634,0.665492958,2114,1494,3608,0.020908137,0.530877573,0.008336177,0.008987212,0.000312936,0.169928342,1.969827148,3,0.000325145,0.00223779,0.0000658,69.62,510.736,29.25,249.998,231.488,5.727029228,48.94857617,45.3243946,0.453243946,2.395973654,0.925959408
泰州,2020,江苏,0.297861974,0.891756944,0.622959665,-2.742943548,0.17375171,0.030189657,5.781818182,2005.672727,44.04999818,1.5110488,0.891146506,0.791428303,0.108853494,0.208571697,0.668171262,0.290573184,472.5454545,14897.22655,0.014904172,0.156857523,0.197074206,0.009949801,0.050487588,0.03424198,0.05726448,16,0.616197183,0.478873239,0.714788732,3251,1485,4736,0.013742514,0.549913024,0.023436033,0.011709013,0.000344628,0.201334322,1.902872395,3,0.000295724,0.002039504,0.0000597,82.06,529.777,30.71,252.61,246.457,5.796778645,47.68232671,46.52089464,0.465208946,2.40724116,0.975642294
泸州,2018,四川,0.040180781,0.829115166,1.249300169,-2.740873016,0.145623013,0.021206062,6,1210,30.5026,1.279582,0.69895,0.84125,0.30105,0.15875,0.516167227,0.194762918,97,2763.33,0.011358258,0.156857523,0.17668321,0.005011083,0.028361963,0.025729141,0.034411338,3,0.038732394,0.052816901,0.080985915,79,88,167,0.000322944,0.475139997,0.000778333,0.001319537,0.000538678,0.138361749,2.01929334,3,0.000339844,0.002230517,0.000101412,75.38,189.555,19.73,93.8,76.025,10.40858854,49.48431854,40.10709293,0.401070929,2.296985044,0.810501066
泸州,2019,四川,0.040180781,0.834447503,1.249300169,-2.740873016,0.145914199,0.021290953,7,1360,30.4353,1.367927,0.69705,0.846,0.30295,0.154,0.516433899,0.20893409,30,1220.1,0.01293591,0.156857523,0.178514419,0.005442271,0.03048645,0.026047788,0.037297748,3,0.070422535,0.080985915,0.14084507,139,137,276,0.000861285,0.498296639,0.001385417,0.001587413,0.000402114,0.169928342,1.969827148,3,0.000325145,0.00223779,0.0000658,76.38,207.104,21.698,102.186,84.242,10.47686187,49.340428,40.67618201,0.40676182,2.311862639,0.824398646
泸州,2020,四川,0.040180781,0.817889183,1.249300169,-2.740873016,0.14500999,0.021027897,6.345454545,1390.345455,33.34149273,1.416904745,0.707830909,0.829255455,0.292169091,0.170744545,0.519162929,0.214815486,70.23636364,1906.881455,0.01274992,0.156857523,0.179087627,0.00557865,0.031150391,0.025969495,0.038470796,3,0.084507042,0.14084507,0.186619718,86,108,194,0.001417988,0.524821935,0.000712201,0.000958796,0.000276167,0.201334322,1.902872395,3,0.000295724,0.002039504,0.0000597,80.82,215.722,25.646,103.809,86.267,11.88844902,48.12165658,39.9898944,0.399898944,2.281014454,0.831016579
洛阳,2018,河南,0.178203107,0.938654923,1.040774089,-2.725396825,0.179978588,0.032392292,7,2740,49.926,1.206103,0.871333333,0.8766,0.128666667,0.1234,0.685763033,0.277434343,357,2171.422311,0.01817619,0.156857523,0.196842834,0.009828804,0.049932241,0.035427495,0.054610962,14,0.144366197,0.186619718,0.26056338,787,809,1596,0.002763052,0.503752442,0.001667215,0.003526494,0.000336128,0.138361749,2.01929334,3,0.000339844,0.002230517,0.000101412,84.85,464.0782127,23.707,206.759,233.612,5.108406159,44.55261944,50.33892857,0.503389286,2.452304307,1.129875846
洛阳,2019,河南,0.178203107,0.941339563,1.040774089,-2.725396825,0.180125189,0.032445084,7,2360,51.6467,1.289069,0.87369,0.859609091,0.12631,0.140390909,0.680819594,0.279570684,478,2241.745307,0.019078651,0.156857523,0.201064489,0.01012515,0.050357722,0.036216779,0.056211737,14,0.169014085,0.211267606,0.292253521,460,547,1007,0.003888997,0.520861015,0.00095811,0.002134228,0.000237879,0.169928342,1.969827148,3,0.000325145,0.00223779,0.0000658,86.01,500.0564308,24.513,227.6346449,247.9087859,4.902046747,45.52179131,49.57616194,0.495761619,2.446741152,1.089064391
洛阳,2020,河南,0.178203107,0.939028376,1.040774089,-2.725396825,0.179998981,0.032399633,8.563636364,2651.072727,55.06538727,1.236087927,0.88151102,0.866262351,0.11848898,0.133737649,0.69061261,0.285434702,401.2181818,2237.112305,0.019289731,0.156857523,0.200240989,0.010287973,0.051377956,0.036043174,0.057155727,14,0.197183099,0.274647887,0.352112676,444,607,1051,0.004534383,0.534992903,0.002825029,0.001683115,0.00029293,0.201334322,1.902872395,3,0.000295724,0.002039504,0.0000597,86.88,508.1898633,25.4191856,225.6143352,257.1563426,5.001907247,44.39567797,50.60241479,0.506024148,2.456005075,1.139804979
济南,2018,山东,0.607356269,1.137429486,0.833128587,-2.7625,0.32166866,0.103470727,43,3076,83.05,1.394184,0.8619375,0.8575,0.1380625,0.1425,0.669382208,0.379538962,1895,13182.09,0.106736904,0.156857523,0.435877162,0.053214408,0.12208579,0.140208023,0.165432366,42,0.281690141,0.306338028,0.408450704,1387,1574,2961,0.017172755,0.518902891,0.004542738,0.006192315,0.000371576,0.138361749,2.01929334,3,0.000339844,0.002230517,0.000101412,96.73,867.864,33.273,299.708,534.883,3.833895633,34.53398228,61.63212208,0.616321221,2.577982265,1.784680422
济南,2019,山东,0.607356269,1.118143937,0.833128587,-2.7625,0.320615524,0.102794314,44,3955,88.5692,1.412489,0.862772222,0.840157895,0.137227778,0.159842105,0.662925186,0.394627943,2809,16301.23,0.085534365,0.156857523,0.403303428,0.0510275,0.126523845,0.12930534,0.159154802,42,0.415492958,0.404929577,0.542253521,1977,1915,3892,0.018575927,0.542350369,0.011598646,0.00939317,0.000314213,0.169928342,1.969827148,3,0.000325145,0.00223779,0.0000658,97.48,944.337,34.306,326.522,583.509,3.632813286,34.57685127,61.79033544,0.617903354,2.581575222,1.787043446
济南,2020,山东,0.607356269,1.138729544,0.833128587,-2.7625,0.321739653,0.103516405,53.58181818,3695.127273,91.78290909,1.491806945,0.872890964,0.870062806,0.127109036,0.129937194,0.684445975,0.429022359,2637.836364,14780.966,0.089563899,0.156857523,0.409106215,0.056470365,0.138033505,0.131625692,0.175515713,42,0.475352113,0.454225352,0.60915493,3680,3733,7413,0.010137174,0.551010655,0.012281088,0.011973152,0.000358003,0.201334322,1.902872395,3,0.000295724,0.002039504,0.0000597,98.02,1014.091,36.166,354.273,623.652,3.56634661,34.93503049,61.4986229,0.614986229,2.579322763,1.760371239
济宁,2018,山东,0.399567428,0.936976516,0.833128587,-2.7625,0.235049059,0.05524806,7,2078,45.5404,1.186303,0.8588625,0.8834,0.1411375,0.1166,0.677382627,0.26200377,329,6423.537503,0.013770594,0.156857523,0.188015746,0.011578713,0.06158374,0.044192924,0.049260834,10,0.253521127,0.211267606,0.345070423,577,424,1001,0.011768094,0.536031724,0.001072074,0.00424226,0.000249434,0.138361749,2.01929334,3,0.000339844,0.002230517,0.000101412,80.19,433.683,49.124,183.541,201.018,11.32716754,42.32146522,46.35136724,0.463513672,2.350241997,1.095221231
济宁,2019,山东,0.399567428,0.935849824,0.833128587,-2.7625,0.234987533,0.055219141,7,2248,44.506,1.299335,0.8666875,0.8899625,0.1333125,0.1100375,0.687141501,0.28047122,551,6674.630734,0.013961944,0.156857523,0.192386051,0.012679634,0.06590724,0.045208324,0.05395875,10,0.214788732,0.232394366,0.334507042,385,376,761,0.005824952,0.525821596,0.001277423,0.00242274,0.000274785,0.169928342,1.969827148,3,0.000325145,0.00223779,0.0000658,82.85,437.017,50.384,176.001,210.632,11.52907095,40.27326168,48.19766737,0.481976674,2.366685964,1.196765927
济宁,2020,山东,0.399567428,0.937708562,0.833128587,-2.7625,0.235089034,0.055266854,7.181818182,2343.981818,50.98472727,1.273536418,0.876109924,0.882679758,0.123890076,0.117320242,0.692581964,0.282362233,429.7454545,6894.835716,0.01480139,0.156857523,0.192377516,0.01277007,0.066380265,0.045225845,0.054320145,10,0.35915493,0.264084507,0.443661972,871,661,1532,0.005448742,0.528843559,0.002628718,0.004312347,0.00034364,0.201334322,1.902872395,3,0.000295724,0.002039504,0.0000597,86.36,449.431,52.561,176.169,220.701,11.69500991,39.19823065,49.10675944,0.491067594,2.374117495,1.252780001
海口,2018,海南,0.061768612,1.50898035,0.636514168,-2.735416667,0.123492396,0.015250372,12,980,39.5606,1.274849,0.8539,0.85725,0.1461,0.14275,0.662055756,0.260311924,96,5090,0.056522145,0.156857523,0.283594766,0.009116591,0.032146543,0.035021797,0.073823099,25,0.147887324,0.073943662,0.190140845,309,206,515,0.001743738,0.497398807,0.002928996,0.003626469,0.000432312,0.138361749,2.01929334,3,0.000339844,0.002230517,0.000101412,97.51,153.55518,6.3209943,26.71661,120.51758,4.116431826,17.39870319,78.48486778,0.784848678,2.743684416,4.510960784
海口,2019,海南,0.061768612,1.516321286,0.636514168,-2.735416667,0.123893267,0.015349541,11,1100,39.2293,1.417248,0.861209091,0.83688,0.138790909,0.16312,0.660158303,0.274850833,122,4810,0.058814005,0.156857523,0.289281388,0.009850658,0.034052167,0.035840016,0.07950923,25,0.218309859,0.147887324,0.267605634,468,258,726,0.006201257,0.522833974,0.001622513,0.003603838,0.000323282,0.169928342,1.969827148,3,0.000325145,0.00223779,0.0000658,97.32,167.88714,7.15994,27.18434,133.54286,4.264734035,16.19203234,79.54323363,0.795432336,2.752784996,4.912492266
海口,2020,海南,0.061768612,1.596037636,0.636514168,-2.735416667,0.12824638,0.016447134,12.25454545,1045.545455,21.72572,1.402087745,0.867157909,0.834477784,0.132842091,0.165522216,0.66450563,0.27424546,100.9545455,4466.869455,0.063359012,0.156857523,0.299412785,0.010530643,0.035170988,0.038398606,0.082112597,25,0.257042254,0.11971831,0.295774648,468,265,733,0.003187523,0.533958101,0.001454364,0.004041432,0.000260951,0.201334322,1.902872395,3,0.000295724,0.002039504,0.0000597,99.13,179.98077,7.98803,30.12904,141.8637,4.438268599,16.74014396,78.82158744,0.788215874,2.743833188,4.708537013
淄博,2018,山东,0.415822748,1.083460418,0.833128587,-2.7625,0.248968111,0.06198512,7,1400,33.6153,1.284487,0.840295,0.89404,0.159705,0.10596,0.665119557,0.256852647,283,14400.22,0.022937173,0.156857523,0.212420445,0.013583888,0.063948118,0.052885917,0.054560754,29,0.151408451,0.225352113,0.292253521,513,655,1168,0.003758594,0.510270495,0.000826959,0.002583561,0.000287765,0.138361749,2.01929334,3,0.000339844,0.002230517,0.000101412,88.42,357.298,14.587,183.811,158.9,4.082586524,51.44473241,44.47268107,0.444726811,2.403900945,0.864474923
淄博,2019,山东,0.415822748,1.08111368,0.833128587,-2.7625,0.248839962,0.061921326,7,1537,31.8895,1.302933,0.847955,0.89247,0.152045,0.10753,0.67135042,0.262953467,727,12785.21756,0.024535003,0.156857523,0.223024057,0.014593207,0.065433331,0.055497298,0.058644949,29,0.235915493,0.264084507,0.355633803,549,557,1106,0.004874281,0.533958101,0.001146553,0.002788243,0.000287156,0.169928342,1.969827148,3,0.000325145,0.00223779,0.0000658,90.61,364.24,14.93,181.78,167.53,4.09894575,49.90665495,45.9943993,0.459943993,2.418954535,0.921608538
淄博,2020,山东,0.415822748,1.086815661,0.833128587,-2.7625,0.249151333,0.062076387,6.872727273,1556.963636,39.98421273,1.303186255,0.859096091,0.890650306,0.140903909,0.109349694,0.680605648,0.267644184,472.5818182,12913.33529,0.023447867,0.156857523,0.216175122,0.014415401,0.066683905,0.05386032,0.057858014,29,0.23943662,0.299295775,0.39084507,710,811,1521,0.005339205,0.542350369,0.001091772,0.002807231,0.000271869,0.201334322,1.902872395,3,0.000295724,0.002039504,0.0000597,94.26,367.354,15.718,177.715,173.921,4.278706643,48.37704231,47.34425105,0.47344251,2.430655444,0.978651211
淮北,2018,安徽,0.003493329,1.034655283,0.758936773,-2.775819672,0.087039714,0.007575912,3,607,13.214,1.359984,0.74425,0.8266,0.25575,0.1734,0.550785819,0.199147818,46,718.44,0.017176257,0.156857523,0.18849303,0.003267295,0.017333769,0.016406379,0.037537975,4,0.095070423,0.193661972,0.23943662,183,251,434,0.003242747,0.509329037,0.000898341,0.001455166,0.000363868,0.138361749,2.01929334,3,0.000339844,0.002230517,0.000101412,79.49,100.954,6.529,46.227,48.197,6.467301939,45.79016186,47.74154565,0.477415457,2.412722626,1.042615787
淮北,2019,安徽,0.003493329,1.03785662,0.758936773,-2.775819672,0.087214531,0.007606374,3,672,12.18,1.492993,0.7583,0.833725,0.2417,0.166275,0.566372289,0.220526683,115,814.56,0.019408811,0.156857523,0.194952626,0.003749549,0.019233131,0.017002702,0.042992256,4,0.169014085,0.278169014,0.338028169,227,448,675,0.005447871,0.541286937,0.001439468,0.001310694,0.000306263,0.169928342,1.969827148,3,0.000325145,0.00223779,0.0000658,81.9,107.794,7.283,46.064,54.448,6.756405737,42.73336178,50.51116018,0.505111602,2.437566098,1.182007642
淮北,2020,安徽,0.003493329,1.055961738,0.758936773,-2.775819672,0.088203207,0.007779806,3,682.3454545,13.16274909,1.473044036,0.760098182,0.818068182,0.239901818,0.181931818,0.561481418,0.216761874,91.36363636,879.8596364,0.019118094,0.156857523,0.193896547,0.003707126,0.019119092,0.017102297,0.042029379,4,0.23943662,0.309859155,0.39084507,400,500,900,0.004308259,0.530877573,0.001919569,0.001807612,0.000336528,0.201334322,1.902872395,3,0.000295724,0.002039504,0.0000597,79.98,111.907,8.102,46.331,57.473,7.239940308,41.40134219,51.35782391,0.513578239,2.441160964,1.240486931
淮南,2018,安徽,0.591772352,0.806420982,1.387800031,-2.775819672,0.358087268,0.128226491,6,801,20.899,1.356576,0.8192,0.9609,0.1808,0.0391,0.673949413,0.255625486,128,483.03,0.01902269,0.156857523,0.194116321,0.017768677,0.091536232,0.069510583,0.049621079,2,0.045774648,0.235915493,0.26056338,73,200,273,0.001717544,0.514071393,0.001126944,0.000828282,0.000267031,0.138361749,2.01929334,3,0.000339844,0.002230517,0.000101412,70.67,119.71,12.346,48.251,59.113,10.31325704,40.30657422,49.38016874,0.493801687,2.390669117,1.225114505
淮南,2019,安徽,0.591772352,0.796371638,1.387800031,-2.775819672,0.357538498,0.127833777,6,873,19.6714,1.577417,0.8325,0.9502,0.1675,0.0498,0.681454135,0.283743561,78,598.45,0.020862385,0.156857523,0.197624536,0.02004886,0.101449247,0.07065838,0.05607469,2,0.091549296,0.330985915,0.348591549,113,319,432,0.0043552,0.539172535,0.00144403,0.00087006,0.000294744,0.169928342,1.969827148,3,0.000325145,0.00223779,0.0000658,75.32,128.321,13.009,51.027,64.285,10.1378574,39.76512028,50.09702231,0.500970223,2.399591649,1.259823231
淮南,2020,安徽,0.591772352,0.793088416,1.387800031,-2.775819672,0.357359209,0.127705604,6.127272727,896.6545455,25.43779636,1.502545655,0.807300909,1.313065455,0.192699091,0.0498,0.809611279,0.325274149,132.7090909,544.2387273,0.018143721,0.156857523,0.192165546,0.022337268,0.116239712,0.068672127,0.062506484,2,0.169014085,0.355633803,0.394366197,222,371,593,0.003776637,0.544489819,0.002161181,0.001120158,0.000280266,0.201334322,1.902872395,3,0.000295724,0.002039504,0.0000597,80.25,130.569,14.355,50.566,65.648,10.99418698,38.72741616,50.27839686,0.502783969,2.392842099,1.298263655
淮安,2018,江苏,0.004118279,0.827730568,0.622959665,-2.742943548,0.063278652,0.004004188,7,1516,35.1865,1.320981,0.69895,0.819733333,0.30105,0.180266667,0.507225235,0.203171296,284,5010,0.015496201,0.156857523,0.190631106,0.002450831,0.012856406,0.01206288,0.038730769,5,0.225352113,0.281690141,0.383802817,436,419,855,0.010754883,0.532927293,0.00246849,0.002647705,0.000267542,0.138361749,2.01929334,3,0.000339844,0.002230517,0.000101412,57.71,361.502,36.32,152.14,173.042,10.04697069,42.08552097,47.86750834,0.478675083,2.378205376,1.137386618
淮安,2019,江苏,0.004118279,0.828022409,0.622959665,-2.742943548,0.063294589,0.004006205,7,1788,35.6808,1.392116,0.6968,0.761966667,0.3032,0.238033333,0.481286303,0.205203412,238,4705.351,0.016333039,0.156857523,0.191662187,0.002489359,0.012988266,0.012131179,0.039329735,5,0.242957746,0.257042254,0.366197183,562,524,1086,0.006101522,0.534992903,0.004400248,0.003027826,0.000317693,0.169928342,1.969827148,3,0.000325145,0.00223779,0.0000658,61.07,384.021,38.621,158.618,186.782,10.05700209,41.30451199,48.63848592,0.486384859,2.385814838,1.177558663
淮安,2020,江苏,0.004118279,0.805091191,0.622959665,-2.742943548,0.062042372,0.003849256,7.272727273,1752.127273,38.46328909,1.334732709,0.748294545,0.824867879,0.251705455,0.175132121,0.553700434,0.226665563,471.6545455,5424.463927,0.015699226,0.156857523,0.194516084,0.002735454,0.014062869,0.012068239,0.044090098,5,0.285211268,0.313380282,0.422535211,921,782,1703,0.003552523,0.536031724,0.003319942,0.004147252,0.000369468,0.201334322,1.902872395,3,0.000295724,0.002039504,0.0000597,70.16,400.337,40.97,160.898,198.469,10.23387796,40.19063939,49.57548266,0.495754827,2.393416047,1.233508185
深圳,2018,广东,0.64663407,3.348984925,1.036033483,-2.73452381,0.481038215,0.231397764,13,5060,395.9,1.333279,0.867980995,0.865058261,0.132019005,0.134941739,0.677954031,0.384228249,6674,453729.21,0.006231784,0.156857523,0.487159606,0.090040965,0.184828471,0.234342387,0.187180483,384,0.700704225,0.697183099,0.841549296,11705,12549,24254,0.022542593,0.487732046,0.939811135,0.049229159,0.00049,0.138361749,2.01929334,3,0.000339844,0.002230517,0.000101412,99.92,2526.60771,2.26072,999.58664,1524.76035,0.089476494,39.56239966,60.34812385,0.603481238,2.602586474,1.525390886
深圳,2019,广东,0.64663407,3.156942727,1.036033483,-2.73452381,0.470551263,0.221418491,13,5331,392.368,1.421917,0.868969915,0.819587045,0.131030085,0.180412955,0.659945553,0.390599208,17504,431569.27,0.006619153,0.156857523,0.663385327,0.1219282,0.183796951,0.312156804,0.259117783,384,0.764084507,0.732394366,0.852112676,13908,14522,28430,0.017304475,0.484309365,0.972430169,0.046716686,0.000514491,0.169928342,1.969827148,3,0.000325145,0.00223779,0.0000658,99.86,2699.232657,2.55772138,1040.199926,1656.47501,0.094757352,38.5368754,61.36836725,0.613683673,2.612736099,1.592458305
深圳,2020,广东,0.64663407,3.268543373,1.036033483,-2.73452381,0.4766455,0.227190933,13.90909091,6626.818182,273.8167273,1.460781273,0.889197711,0.866139922,0.110802289,0.133860078,0.697469046,0.412539844,11125.98182,478670.8251,0.006273136,0.156857523,0.575164432,0.113097608,0.19663526,0.274149538,0.237278245,384,0.75,0.771126761,0.86971831,13484,18476,31960,0.007983347,0.490330973,0.646074352,0.027974564,0.000609916,0.201334322,1.902872395,3,0.000295724,0.002039504,0.0000597,99.89,2775.901533,2.55873346,1038.065465,1735.277334,0.092176665,37.39561555,62.51220779,0.625122078,2.624200311,1.671645375
清远,2018,广东,0.331253953,0.887504233,1.2839218,-2.73452381,0.259071262,0.067117919,1,908,28.5667,1.476518,0.874370249,0.798787893,0.125629751,0.201212107,0.656154528,0.253979852,134,6250.476586,0.002890466,0.156857523,0.159094204,0.010468221,0.065798881,0.041216736,0.040406722,4,0.123239437,0.080985915,0.165492958,259,231,490,0.001624931,0.505597689,0.002266818,0.002267574,0.000451198,0.138361749,2.01929334,3,0.000339844,0.002230517,0.000101412,58.71,157.53206,23.13252,53.79514,80.6044,14.68432521,34.14869329,51.1669815,0.511669815,2.364826563,1.498358402
清远,2019,广东,0.331253953,0.8864482,1.2839218,-2.73452381,0.259013595,0.067088042,1,910,28.917,1.476518,0.864191174,0.769588447,0.135808826,0.230411553,0.634872704,0.246025426,134,6041.251728,0.002936432,0.156857523,0.159104611,0.010138771,0.06372393,0.041210257,0.03914378,4,0.154929577,0.105633803,0.214788732,228,148,376,0.002079617,0.515993155,0.001559062,0.001628305,0.000374387,0.169928342,1.969827148,3,0.000325145,0.00223779,0.0000658,66.56,170.4471545,26.21594332,55.81934287,88.41186827,15.380687,32.74876782,51.87054518,0.518705452,2.364898582,1.583893033
清远,2020,广东,0.331253953,0.896929787,1.2839218,-2.73452381,0.259585968,0.067384875,1,751.1454545,29.17989273,1.494584982,0.877586043,0.822258995,0.122413957,0.177741005,0.668798488,0.258600604,161.4363636,6081.186401,0.003380377,0.156857523,0.160633877,0.010783206,0.067129088,0.0416983,0.041540018,4,0.137323944,0.158450704,0.228873239,278,223,501,0.002460558,0.524821935,0.002630965,0.001355003,0.000269137,0.201334322,1.902872395,3,0.000295724,0.002039504,0.0000597,61.77,180.4358428,28.8848509,66.96919944,84.58179246,16.00837752,37.11524185,46.87638063,0.468763806,2.308680031,1.262995424
温州,2018,浙江,0.362490034,1.14897314,0.622959665,-2.744736842,0.211209306,0.044609371,11,4103,119.0897,1.293744,0.877382353,0.841052941,0.122617647,0.158947059,0.676425922,0.321628721,961,22852,0.009326822,0.156857523,0.196075223,0.013319582,0.067930979,0.041412912,0.063063423,29,0.387323944,0.686619718,0.753521127,2600,3702,6302,0.02325601,0.530877573,0.029673049,0.00869114,0.000349433,0.138361749,2.01929334,3,0.000339844,0.002230517,0.000101412,93.02,603.97732,14.22215,263.80647,325.9487,2.354749016,43.67820798,53.967043,0.53967043,2.51612294,1.235559916
温州,2019,浙江,0.362490034,1.148661637,0.622959665,-2.744736842,0.211192296,0.044602186,11,4047,121.8171,1.417319,0.875170588,0.832970588,0.124829412,0.167029412,0.671079514,0.332874344,1072,27574.58143,0.010908692,0.156857523,0.203881693,0.014332984,0.070300497,0.043058243,0.067866985,29,0.482394366,0.771126761,0.816901408,2870,4249,7119,0.010595065,0.490330973,0.024894332,0.009474699,0.000365447,0.169928342,1.969827148,3,0.000325145,0.00223779,0.0000658,93.29,660.80174,15.14091,278.46395,367.19687,2.291293906,42.14031731,55.56838727,0.555683873,2.532770903,1.318651373
温州,2020,浙江,0.362490034,1.152443242,0.622959665,-2.744736842,0.2113988,0.044689453,12.16363636,4410.909091,123.8098364,1.390405091,0.87169116,0.798731651,0.12830884,0.201268349,0.653723706,0.331343915,1704.636364,24633.51088,0.010148165,0.156857523,0.211574646,0.014819895,0.070045706,0.044726626,0.070103972,29,0.693661972,0.771126761,0.866197183,5493,6083,11576,0.014583753,0.540227667,0.025264189,0.015856585,0.000414914,0.201334322,1.902872395,3,0.000295724,0.002039504,0.0000597,94.51,685.04791,15.95677,281.05843,388.03271,2.32929256,41.0275582,56.64314924,0.566431492,2.543138567,1.380612245
渭南,2018,陕西,0.002798521,0.896892834,0.843466398,-2.719130435,0.092521413,0.008560212,1,1252,31.3171,1.365489,0.8619,0.549,0.1381,0.451,0.541140718,0.203585695,89,195.2260282,0.003171206,0.156857523,0.156164322,0.002941517,0.018836036,0.014448544,0.031792822,2,0.052816901,0.077464789,0.112676056,88,81,169,0.001200903,0.491203448,0.00038947,0.001560858,0.00031438,0.138361749,2.01929334,3,0.000339844,0.002230517,0.000101412,62.53,172.4327,29.6865,65.794,76.9522,17.21628206,38.15633578,44.62738216,0.446273822,2.274111001,1.169592972
渭南,2019,陕西,0.002798521,0.890113712,0.843466398,-2.719130435,0.092151221,0.008491848,1,1367,31.2098,1.462928429,0.8968,0.5516,0.1032,0.4484,0.573582627,0.228237926,42,195.2260282,0.003171206,0.156857523,0.155358745,0.003267568,0.021032404,0.014316498,0.035458758,2,0.077464789,0.038732394,0.102112676,118,64,182,0.000383199,0.480097979,0.000376297,0.003152362,0.000328274,0.169928342,1.969827148,3,0.000325145,0.00223779,0.0000658,60.61,183.6534,32.5047,68.415,82.7337,17.69893724,37.25223709,45.04882567,0.450488257,2.273498884,1.209291822
渭南,2020,陕西,0.002798521,0.894643728,0.843466398,-2.719130435,0.092398595,0.0085375,1,1415.6,35.54397636,1.50420061,0.843227273,0.537578182,0.156772727,0.462421818,0.519614542,0.21374774,81.96363636,216.3717193,0.00319106,0.156857523,0.156100085,0.003082975,0.019749991,0.014423428,0.03336604,2,0.105633803,0.073943662,0.151408451,86,40,126,0.001655863,0.51792934,0.000434711,0.001247165,0.000287024,0.201334322,1.902872395,3,0.000295724,0.002039504,0.0000597,73.94,185.6422,37.369,64.4283,83.8449,20.12958261,34.70563266,45.16478473,0.451647847,2.250352021,1.301367567
湖州,2018,浙江,0.010542835,1.220325021,0.622959665,-2.744736842,0.086932141,0.007557197,3,1931,36.4639,1.223213,0.849995455,0.859838095,0.150004545,0.140161905,0.659622676,0.247325493,152,13419,0.008266646,0.156857523,0.17533674,0.003769834,0.021500535,0.015242398,0.043365246,33,0.271126761,0.440140845,0.528169014,2223,1793,4016,0.010147065,0.516959435,0.010716931,0.009447658,0.000417631,0.138361749,2.01929334,3,0.000339844,0.002230517,0.000101412,96.48,288.12134,12.83706,149.15271,126.13158,4.455435338,51.76732484,43.7772433,0.437772433,2.393218149,0.845653961
湖州,2019,浙江,0.010542835,1.243300818,0.622959665,-2.744736842,0.088186793,0.00777691,3,2042,38.308,1.343217,0.851622727,0.855354545,0.148377273,0.144645455,0.659221661,0.262299659,254,13634.48,0.008667448,0.156857523,0.178124563,0.004120264,0.023131366,0.015708234,0.046722012,33,0.383802817,0.559859155,0.63028169,2565,2818,5383,0.012509811,0.534992903,0.010366145,0.008947165,0.000390506,0.169928342,1.969827148,3,0.000325145,0.00223779,0.0000658,96.78,312.22745,13.4108,159.96153,138.85512,4.295202103,51.23237243,44.47242547,0.444724255,2.401772234,0.868053213
湖州,2020,浙江,0.010542835,1.246259626,0.622959665,-2.744736842,0.088348366,0.007805434,3,2055.927273,38.86408727,1.298372636,0.856727012,0.924481454,0.143272988,0.075518546,0.692536474,0.270191783,460.9090909,14240.99491,0.008708407,0.156857523,0.182049073,0.004345694,0.023871002,0.016083738,0.049188164,33,0.408450704,0.605633803,0.686619718,2832,3107,5939,0.011586097,0.547730829,0.012410417,0.007861015,0.000374278,0.201334322,1.902872395,3,0.000295724,0.002039504,0.0000597,97.92,320.39027,14.10507,159.91506,146.3701,4.402465156,49.91258318,45.68493918,0.456849392,2.412824491,0.915299034
湘潭,2018,湖南,0.546454664,0.944238346,0.982053769,-2.781372549,0.304029743,0.092434084,10,884,21.3744,1.151884,0.85675,0.94005,0.14325,0.05995,0.699027176,0.252357036,279,3415.185635,0.049889622,0.156857523,0.270408313,0.02074682,0.076724045,0.08221217,0.068239441,5,0.10915493,0.059859155,0.144366197,157,79,236,0.001647447,0.505597689,0.001742687,0.002013351,0.000412099,0.138361749,2.01929334,3,0.000339844,0.002230517,0.000101412,78.76,216.1358,12.51,104.2,99.43,5.788027712,48.21043066,46.00348485,0.460034848,2.402193436,0.954222649
湘潭,2019,湖南,0.546454664,0.944917601,0.982053769,-2.781372549,0.304066835,0.09245664,10,1013,20.6695,1.263691,0.8602,0.93445,0.1398,0.06555,0.699800098,0.266759109,308,3470.55808,0.051507346,0.156857523,0.274722439,0.022283451,0.081112598,0.083533982,0.073284713,5,0.183098592,0.088028169,0.218309859,263,166,429,0.001931962,0.515993155,0.000696432,0.002353569,0.000302474,0.169928342,1.969827148,3,0.000325145,0.00223779,0.0000658,80.44,225.7625786,14.49289,111.31289,99.95679859,6.419527138,49.30528819,44.27518467,0.442751847,2.378556575,0.897980446
湘潭,2020,湖南,0.546454664,0.942497806,0.982053769,-2.781372549,0.303934696,0.092376299,10.38181818,953.4363636,16.45849818,1.2603332,0.864066364,0.913556364,0.135933636,0.086443636,0.694591371,0.263794655,233.6454545,3182.764354,0.052295153,0.156857523,0.275160455,0.02206136,0.080176348,0.083630809,0.072585857,5,0.144366197,0.14084507,0.228873239,243,421,664,0.001984724,0.523826068,0.00080191,0.001223599,0.000303741,0.201334322,1.902872395,3,0.000295724,0.002039504,0.0000597,91.77,234.31,16.92,117.48,99.92,7.22120268,50.13870513,42.64436004,0.4264436,2.354316931,0.850527749
湛江,2018,广东,0.783838031,0.823365015,0.506888208,-2.73452381,0.334802612,0.112092789,6,1629,48.7,1.236733,0.8964,0.7236,0.1036,0.2764,0.644703704,0.247127614,398,5741.865474,0.019258124,0.156857523,0.201741951,0.016691921,0.082738971,0.067543732,0.049856007,4,0.123239437,0.088028169,0.179577465,174,258,432,0.003923806,0.514071393,0.003138058,0.001361314,0.00047653,0.138361749,2.01929334,3,0.000339844,0.002230517,0.000101412,38.31,294.44842,52.86814,105.87937,135.70091,17.95497493,35.95854581,46.08647926,0.460864793,2.281315043,1.281655813
湛江,2019,广东,0.783838031,0.817373998,0.506888208,-2.73452381,0.334475457,0.111873832,6,1780,51.2,1.24277,0.9188,0.73005,0.0812,0.26995,0.667513023,0.258918584,324,6017.12,0.019535064,0.156857523,0.201250667,0.017428693,0.086601912,0.067313409,0.052107538,4,0.218309859,0.257042254,0.362676056,187,428,615,0.007218772,0.534992903,0.003474723,0.001187144,0.000268859,0.169928342,1.969827148,3,0.000325145,0.00223779,0.0000658,43.51,305.589817,58.42513287,104.5620612,142.602623,19.11880881,34.21647429,46.6647169,0.466647169,2.275459081,1.363808454
湛江,2020,广东,0.783838031,0.80326359,0.506888208,-2.73452381,0.333704923,0.111358975,6.527272727,1772.072727,62.27322182,1.398490447,0.912875455,0.771467273,0.087124545,0.228532727,0.679401558,0.283249709,288.2545455,6338.069385,0.020363213,0.156857523,0.202728136,0.019162233,0.094521822,0.067651377,0.057422686,4,0.200704225,0.278169014,0.366197183,211,290,501,0.006596313,0.547730829,0.002396837,0.001236835,0.000233129,0.201334322,1.902872395,3,0.000295724,0.002039504,0.0000597,47.78,310.331881,60.85304972,109.845785,139.6330463,19.60902293,35.39622955,44.99474752,0.449947475,2.253857246,1.271173458
滁州,2018,安徽,0.381225519,0.874931129,1.073515161,-2.775819672,0.25053228,0.062766424,4,1060,122.0369,1.364999,0.883675,0.88918,0.116325,0.11082,0.702081395,0.281033523,94,3102.54,0.013455416,0.156857523,0.181704488,0.012793444,0.070407969,0.04552284,0.051065052,11,0.235915493,0.292253521,0.394366197,335,407,742,0.007821673,0.532927293,0.003884008,0.002357418,0.00032472,0.138361749,2.01929334,3,0.000339844,0.002230517,0.000101412,89.69,259.407,22.073,126.879,110.455,8.509022501,48.91117048,42.57980702,0.42579807,2.340707845,0.870553835
滁州,2019,安徽,0.381225519,0.874052926,1.073515161,-2.775819672,0.250484324,0.062742397,4,1177,24.1653,1.464927,0.89992,0.887483333,0.10008,0.112516667,0.71597416,0.284980721,288,4026.56,0.014004774,0.156857523,0.186746909,0.013330593,0.071383203,0.046777173,0.053219269,11,0.352112676,0.309859155,0.468309859,1045,659,1704,0.006731459,0.537074588,0.003475688,0.005327923,0.0003549,0.169928342,1.969827148,3,0.000325145,0.00223779,0.0000658,88.5,288.87,24.939,139.853,124.078,8.633295254,48.41381937,42.95288538,0.429528854,2.343195901,0.887202992
滁州,2020,安徽,0.381225519,0.868617044,1.073515161,-2.775819672,0.250187484,0.062593777,4.181818182,1186.363636,69.6068,1.468714145,0.904025303,0.876548303,0.095974697,0.123451697,0.715118787,0.292114775,180.9090909,3810.306727,0.01465205,0.156857523,0.186327754,0.013617477,0.073083461,0.046616872,0.05442909,11,0.507042254,0.352112676,0.584507042,2633,764,3397,0.008646653,0.547730829,0.004374509,0.010856155,0.000338748,0.201334322,1.902872395,3,0.000295724,0.002039504,0.0000597,91.86,294.684,27.472,141.645,125.567,9.322528539,48.06674268,42.61072878,0.426107288,2.332882002,0.886490875
滨州,2018,山东,0.011559953,0.988772485,0.833128587,-2.7625,0.096571421,0.009326039,3,1399,23.0203,1.368159,0.897,0.85946,0.103,0.14054,0.701704167,0.269727463,149,12404.82185,0.01391383,0.156857523,0.188048376,0.004898277,0.026047964,0.018160099,0.050721811,8,0.102112676,0.133802817,0.193661972,265,300,565,0.002611444,0.509329037,0.000608103,0.002047755,0.000291702,0.138361749,2.01929334,3,0.000339844,0.002230517,0.000101412,77.68,233.256,23.383,100.779,109.094,10.02460816,43.20531948,46.77007237,0.467700724,2.367454642,1.082507268
滨州,2019,山东,0.011559953,0.986492868,0.833128587,-2.7625,0.096446936,0.009302012,3,1503,16.44,1.47357,0.9108,0.86358,0.0892,0.13642,0.715817153,0.287258699,149,12669.17362,0.014354066,0.156857523,0.189203077,0.005241913,0.027705221,0.018248057,0.05435023,8,0.200704225,0.11971831,0.25,289,207,496,0.002184075,0.527832386,0.000848797,0.002634106,0.000282283,0.169928342,1.969827148,3,0.000325145,0.00223779,0.0000658,84.47,245.719,23.021,104.101,118.597,9.368831877,42.36587321,48.26529491,0.482652949,2.38896463,1.139249383
滨州,2020,山东,0.011559953,0.991535712,0.833128587,-2.7625,0.096722314,0.009355206,3,1484.436364,19.56507455,1.525164855,0.910813364,0.87055,0.089186636,0.12945,0.718725785,0.294247802,222.9272727,12984.22486,0.014285432,0.156857523,0.190455875,0.005420437,0.028460328,0.018421333,0.056041223,8,0.419014085,0.264084507,0.496478873,963,398,1361,0.007413832,0.555445348,0.001837592,0.004699385,0.000255417,0.201334322,1.902872395,3,0.000295724,0.002039504,0.0000597,86.72,250.811,24.315,102.156,124.341,9.694550877,40.730271,49.57557683,0.495755768,2.398818234,1.217167861
漯河,2018,河南,0.312503636,0.889396767,0.49044991,-2.725396825,0.165580774,0.027416993,3,290,3.545,1.15883,0.9334,0.8492,0.0666,0.1508,0.730149571,0.238686414,100,946.454801,0.015733619,0.156857523,0.186143665,0.007356748,0.039521881,0.030821812,0.044429964,2,0.073943662,0.038732394,0.102112676,53,33,86,0.000788866,0.496504205,0.00028954,0.001194601,0.000299903,0.138361749,2.01929334,3,0.000339844,0.002230517,0.000101412,77,123.6663319,11.098,74.124,38.444,8.974148282,59.93870673,31.08687661,0.310868766,2.221121916,0.518644434
漯河,2019,河南,0.312503636,0.889673996,0.49044991,-2.725396825,0.165595913,0.027422006,3,467,14.8585,1.252949,0.9214,0.84405,0.0786,0.15595,0.717226025,0.248368574,33,942.9339712,0.017193933,0.156857523,0.188416057,0.00774933,0.041128821,0.031200929,0.046796627,2,0.077464789,0.052816901,0.116197183,96,110,206,0.00075983,0.50283486,0.000140602,0.001228342,0.000318743,0.169928342,1.969827148,3,0.000325145,0.00223779,0.0000658,70.1,154.977,13.78,68.87,72.327,8.891641986,44.43885222,46.6695058,0.466695058,2.377778638,1.050196021
漯河,2020,河南,0.312503636,0.889127132,0.49044991,-2.725396825,0.16556605,0.027412117,3,372.9818182,6.4166,1.259311576,0.923676364,0.799720909,0.076323636,0.200279091,0.700849103,0.24033942,54.70909091,1039.072402,0.016327427,0.156857523,0.186802116,0.007433239,0.039792048,0.030928088,0.044895912,2,0.066901408,0.059859155,0.112676056,40,32,72,0.000640096,0.507456504,0.000479513,0.000898531,0.000282434,0.201334322,1.902872395,3,0.000295724,0.002039504,0.0000597,82.44,155.4260324,15.00381014,65.5182203,74.90400191,9.653344367,42.15395536,48.19270027,0.481927003,2.385393559,1.143254526
漳州,2018,福建,0.261282264,0.972848508,1.077207824,0.600432482,0.447658597,0.200398219,7,1708,41.8339,1.181901,0.887575,0.8801,0.112425,0.1199,0.701812456,0.264926363,206,10516.02,0.014738264,0.156857523,0.190078947,0.02254271,0.118596564,0.085090475,0.050356924,6,0.14084507,0.228873239,0.302816901,400,475,875,0.006083279,0.519880109,0.003988238,0.002283107,0.000338801,0.138361749,2.01929334,3,0.000339844,0.002230517,0.000101412,84.5,394.76347,43.85835,188.72246,162.18266,11.11003255,47.80646497,41.08350248,0.410835025,2.299734699,0.859371269
漳州,2019,福建,0.261282264,0.968773334,1.077207824,0.600432482,0.447436062,0.200199029,7,1867,41.2694,1.339831,0.893,0.867225,0.107,0.132775,0.701336751,0.284408399,350,10530.4,0.017943478,0.156857523,0.200065551,0.025459256,0.127254574,0.089516542,0.056900323,6,0.158450704,0.323943662,0.383802817,362,539,901,0.002919153,0.515993155,0.0018262,0.001759262,0.000285675,0.169928342,1.969827148,3,0.000325145,0.00223779,0.0000658,87.55,474.1831,48.09043,231.52579,194.56688,10.14174271,48.82624244,41.03201485,0.410320148,2.308902721,0.840368064
漳州,2020,福建,0.261282264,0.967500743,1.077207824,0.809560671,0.461926028,0.213375656,7,1886.727273,45.96492727,1.198453618,0.911854091,0.891540909,0.088145909,0.108459091,0.728384485,0.27993048,274.7363636,11264.59709,0.016501502,0.156857523,0.195737615,0.025310278,0.129307175,0.090416299,0.054792924,6,0.281690141,0.327464789,0.450704225,449,522,971,0.005852073,0.549913024,0.002754199,0.002046693,0.000245191,0.201334322,1.902872395,3,0.000295724,0.002039504,0.0000597,89.83,454.561,49.871,205.679,199.011,10.97124478,45.24783252,43.78092269,0.437809227,2.328096779,0.96758055
潍坊,2018,山东,0.594604107,1.025321716,0.833128587,-2.7625,0.310902598,0.096660426,15,2504,59.9592,1.394904,0.887266667,0.8776,0.112733333,0.1224,0.700496425,0.319273084,437,24609.74866,0.019707778,0.156857523,0.2122404,0.021067583,0.099262832,0.065986092,0.067762647,30,0.264084507,0.25,0.36971831,866,849,1715,0.0106276,0.522833974,0.002544369,0.005122288,0.000293623,0.138361749,2.01929334,3,0.000339844,0.002230517,0.000101412,90.58,549.563,51.159,226.453,271.951,9.309032813,41.20601278,49.48495441,0.494849544,2.401759216,1.200915863
潍坊,2019,山东,0.594604107,1.018555097,0.833128587,-2.7625,0.31053309,0.0964308,15,2812,58.7135,1.470823,0.888075,0.859638889,0.111925,0.140361111,0.693758441,0.3293467,1014,25898.32182,0.021934556,0.156857523,0.227948194,0.023312957,0.102273048,0.070785457,0.075073985,30,0.36971831,0.211267606,0.422535211,1296,1108,2404,0.006911298,0.529858614,0.002831424,0.007661907,0.000317399,0.169928342,1.969827148,3,0.000325145,0.00223779,0.0000658,92.83,568.85,51.742,229.104,288.004,9.095895227,40.27494067,50.6291641,0.506291641,2.415332689,1.257088484
潍坊,2020,山东,0.594604107,1.02611973,0.833128587,-2.7625,0.310946176,0.096687524,15.90909091,2826.327273,154.6235345,1.481261945,0.897595249,0.860531287,0.102404751,0.139468713,0.702684272,0.349785019,848.5818182,26963.03537,0.023614134,0.156857523,0.229544453,0.024966245,0.108764314,0.07137597,0.080291211,30,0.373239437,0.450704225,0.549295775,4040,3220,7260,0.011535889,0.556565198,0.007225942,0.010038466,0.000313391,0.201334322,1.902872395,3,0.000295724,0.002039504,0.0000597,93.37,587.217,53.564,230.81,302.844,9.121670524,39.30574217,51.5727576,0.515727576,2.424514277,1.312092197
潮州,2018,广东,0.006668995,0.938431415,0.677389499,-2.73452381,0.076834293,0.005903509,1,780,19.5952,1.302956,0.841085714,0.8324,0.158914286,0.1676,0.640213475,0.225647711,47,3128.644399,0.007215332,0.156857523,0.166286739,0.002882993,0.017337482,0.012776524,0.037522222,7,0.10915493,0.091549296,0.165492958,206,199,405,0.002924321,0.507456504,0.001801257,0.002418601,0.000319982,0.138361749,2.01929334,3,0.000339844,0.002230517,0.000101412,32.41,100.53043,7.68077,50.0199,42.82976,7.640243855,49.75597936,42.60377679,0.426037768,2.349635329,0.856254411
潮州,2019,广东,0.006668995,0.936342215,0.677389499,-2.73452381,0.076720207,0.00588599,1,770,19.9952,1.373045,0.844057143,0.809942857,0.155942857,0.190057143,0.633550783,0.230801921,47,3129.941395,0.007075768,0.156857523,0.165960259,0.002938687,0.017707171,0.012732505,0.038303947,7,0.084507042,0.070422535,0.126760563,111,178,289,0.001288336,0.495612815,0.001421087,0.001098852,0.000393324,0.169928342,1.969827148,3,0.000325145,0.00223779,0.0000658,50.08,108.2936737,9.8900895,51.76869856,46.63488565,9.132656748,47.80399149,43.06335177,0.430633518,2.33930695,0.900831718
潮州,2020,广东,0.006668995,0.917181808,0.677389499,-2.73452381,0.075673904,0.00572654,1,693.0727273,36.43296727,1.469271636,0.835954909,0.975095887,0.164045091,0.024904113,0.694905084,0.265864671,60.21818182,3039.358382,0.00762666,0.156857523,0.167435759,0.003368643,0.020119018,0.012670518,0.044515253,7,0.154929577,0.080985915,0.204225352,192,122,314,0.001801984,0.518902891,0.001499362,0.001967645,0.000274662,0.201334322,1.902872395,3,0.000295724,0.002039504,0.0000597,51.38,110.2878042,10.89319532,51.61464336,47.77996554,9.87706247,46.79995556,43.32298197,0.43322982,2.334459195,0.925705622
濮阳,2018,河南,0.006681024,0.86281966,0.334221146,-2.725396825,0.03554523,0.001263463,2,930,22.0058,1.267596,0.8194,0.88005,0.1806,0.11995,0.640529134,0.226505826,74,1163,0.004731283,0.156857523,0.160013582,0.001288302,0.008051202,0.00568772,0.036244009,2,0.038732394,0.088028169,0.126760563,60,127,187,0.001062252,0.503752442,0.000357641,0.00080004,0.000314678,0.138361749,2.01929334,3,0.000339844,0.002230517,0.000101412,57.98,165.4470547,16.393,83.753,65.301,9.908305729,50.62223692,39.46942429,0.394694243,2.295610524,0.779685504
濮阳,2019,河南,0.006681024,0.861559671,0.334221146,-2.725396825,0.035476425,0.001258577,2,1030,22.4678,1.367797,0.83295,0.8778,0.16705,0.1222,0.651770196,0.243328482,42,1216.489092,0.005580556,0.156857523,0.161480348,0.001393967,0.008632425,0.005728745,0.039292768,2,0.098591549,0.049295775,0.126760563,84,45,129,0.001683847,0.491203448,0.000313255,0.00169181,0.000245229,0.169928342,1.969827148,3,0.000325145,0.00223779,0.0000658,60.55,157.8660337,19.312,56.76405697,81.78997673,12.23315716,35.95710593,51.80973691,0.518097369,2.395765798,1.440876165
濮阳,2020,河南,0.006681024,0.865930465,0.334221146,-2.725396825,0.035715104,0.001275569,1.927272727,1113.436364,35.35588364,1.369035164,0.856778182,0.912233636,0.143221818,0.087766364,0.687492454,0.259829329,53.70909091,1207.17108,0.004363804,0.156857523,0.158825116,0.00147387,0.009279831,0.005672455,0.041267423,2,0.123239437,0.084507042,0.176056338,97,79,176,0.001689546,0.522833974,0.000316235,0.00107477,0.000295694,0.201334322,1.902872395,3,0.000295724,0.002039504,0.0000597,65.37,162.0511706,22.03473942,57.7541008,82.26233037,13.59739602,35.63942216,50.76318182,0.507631818,2.371657858,1.424354794
烟台,2018,山东,0.300079145,1.089176748,0.833128587,-2.7625,0.207128305,0.042902135,12,2092,52.6933,1.28766,0.877671875,0.825471875,0.122328125,0.174528125,0.67021084,0.28255997,704,46181.30965,0.032957118,0.156857523,0.257901789,0.015094003,0.058526168,0.05341876,0.072872722,46,0.221830986,0.285211268,0.362676056,907,1024,1931,0.010436745,0.51792934,0.00552305,0.003672947,0.000326354,0.138361749,2.01929334,3,0.000339844,0.002230517,0.000101412,88.1,718.443,51.004,307.606,359.833,7.099240998,42.81564439,50.08511462,0.500851146,2.429858736,1.169785375
烟台,2019,山东,0.300079145,1.092355957,0.833128587,-2.7625,0.207301914,0.042974083,15,2366,49.4447,1.400822,0.865139394,0.812172727,0.134860606,0.187827273,0.653422144,0.298682866,721,42130.24643,0.033119081,0.156857523,0.25668844,0.015893514,0.06191753,0.053212005,0.076668439,46,0.285211268,0.334507042,0.447183099,1015,1197,2212,0.006515869,0.534992903,0.005041017,0.003764455,0.0003011,0.169928342,1.969827148,3,0.000325145,0.00223779,0.0000658,90.02,765.345,55.042,318.548,391.755,7.191789324,41.62149096,51.18671971,0.511867197,2.439949304,1.229814659
烟台,2020,山东,0.300079145,1.088171945,0.833128587,-2.7625,0.207073435,0.042879408,13.14545455,2422.836364,60.12522,1.401898364,0.884650683,0.854904751,0.115349317,0.145095249,0.688713891,0.310449867,952.7090909,47782.18186,0.035850879,0.156857523,0.269691113,0.017337341,0.06428592,0.055845865,0.08372557,46,0.348591549,0.426056338,0.514084507,1441,1414,2855,0.007651682,0.534992903,0.003604733,0.004724621,0.000309627,0.201334322,1.902872395,3,0.000295724,0.002039504,0.0000597,91.5,771.846,57.274,312.144,402.428,7.420392151,40.44122791,52.13837994,0.521383799,2.447179878,1.2892383
焦作,2018,河南,0.249422739,0.937486916,1.052878912,-2.725396825,0.207185194,0.042925705,6,968,21.2983,1.27522,0.891933333,0.864616667,0.108066667,0.135383333,0.699294254,0.258631851,143,2450.779762,0.025577887,0.156857523,0.210651512,0.011287696,0.05358469,0.043643874,0.05448119,7,0.073943662,0.080985915,0.13028169,286,302,588,0.001074916,0.493839603,0.001308458,0.001937911,0.000491416,0.138361749,2.01929334,3,0.000339844,0.002230517,0.000101412,77.92,237.1498293,13.492,134.176,89.482,5.689230323,56.57857752,37.73226414,0.377322641,2.320431778,0.666900191
焦作,2019,河南,0.249422739,0.941834842,1.052878912,-2.725396825,0.207422624,0.043024145,6,1070,21.7127,1.321024,0.902033333,0.867816667,0.097966667,0.132183333,0.709700056,0.269142531,42,2178.769298,0.028535362,0.156857523,0.215725021,0.012043119,0.05582625,0.04474625,0.058060778,7,0.091549296,0.10915493,0.169014085,200,185,385,0.001637811,0.510270495,0.000276166,0.001641538,0.000309002,0.169928342,1.969827148,3,0.000325145,0.00223779,0.0000658,77.14,261.574,14.978,135.9354,110.6606,5.726104276,51.96823843,42.30565729,0.423056573,2.36579553,0.814067564
焦作,2020,河南,0.249422739,0.940153201,1.052878912,-2.725396825,0.207330793,0.042986058,7,1108.090909,23.68188364,1.346318036,0.909329152,0.859705636,0.090670848,0.140294364,0.712885313,0.276134067,78.32727273,2464.089798,0.02812067,0.156857523,0.215508505,0.012338098,0.057251095,0.044681549,0.05950924,7,0.056338028,0.186619718,0.218309859,140,217,357,0.00109515,0.51792934,0.000383813,0.000934312,0.000276574,0.201334322,1.902872395,3,0.000295724,0.002039504,0.0000597,83.2,202.5260078,15.77850749,79.28239126,107.4651091,7.790854942,39.14677039,53.06237466,0.530623747,2.452715197,1.355472601
牡丹江,2018,黑龙江,0.738031747,1.141097589,0.325082973,-2.730737705,0.31570909,0.099672229,7,675,22.4138,1.502828,0.8627,0.8057,0.1373,0.1943,0.648540123,0.262799145,37,17033.78066,0.046435255,0.156857523,0.264499302,0.021944999,0.082968079,0.083504834,0.06951019,2,0.028169014,0.042253521,0.063380282,19,41,60,0.000334582,0.438881301,0.000694091,0.000728194,0.00044201,0.138361749,2.01929334,3,0.000339844,0.002230517,0.000101412,66.15,78.39341021,16.42164,44.62472,69.22475,20.94773012,56.92407038,88.30429728,0.883042973,3.997087627,1.551264635
牡丹江,2019,黑龙江,0.738031747,1.131351567,0.325082973,-2.730737705,0.315176883,0.099336468,7,702,21.1035,1.366512,0.8748,0.8288,0.1252,0.1712,0.669013269,0.255642838,62,16865.63607,0.048890551,0.156857523,0.270603842,0.021803286,0.080572713,0.085288076,0.069177934,2,0.056338028,0.049295775,0.091549296,35,35,70,0.000813077,0.498296639,0.000628255,0.000952642,0.000279492,0.169928342,1.969827148,3,0.000325145,0.00223779,0.0000658,65.45,82.64224,17.9098,17.64323,46.94612,21.67148422,21.3489252,56.80644668,0.568064467,2.347886747,2.660857451
牡丹江,2020,黑龙江,0.738031747,1.138637607,0.325082973,-2.730737705,0.315574756,0.099587427,7.290909091,714.3454545,20.25927455,1.531665855,0.867325455,0.805774545,0.132674545,0.194225455,0.652727569,0.268453004,81.70909091,17990.70774,0.047349594,0.156857523,0.267853568,0.022691748,0.084716991,0.084527824,0.071906095,2,0.084507042,0.052816901,0.123239437,112,92,204,0.001034143,0.509329037,0.000121149,0.002381041,0.00019797,0.201334322,1.902872395,3,0.000295724,0.002039504,0.0000597,67.59,82.681,19.73466,17.8065,45.6324,23.8684341,21.53638684,55.19091448,0.551909145,2.325139512,2.562682167
玉林,2018,广西,0.533423501,0.798343182,0.803047537,0.410996293,0.493851578,0.243889381,1,3650,31.0037,1.374098,0.854321429,0.853278701,0.145678571,0.146721299,0.660784045,0.283879507,28,526.6403724,0.003162555,0.156857523,0.155252666,0.021765545,0.140194342,0.076671774,0.04407305,1,0.10915493,0.070422535,0.151408451,118,128,246,0.001394439,0.499197718,0.000939386,0.00163469,0.000343891,0.138361749,2.01929334,3,0.000339844,0.002230517,0.000101412,49.24,150.354,27.64422,55.7411949,78.1603031,18.38608883,37.0733036,51.98418605,0.519841861,2.484852542,1.402199993
玉林,2019,广西,0.533423501,0.797562994,0.803047537,0.410996293,0.493808973,0.243847302,1,3396,31.2816,1.544644,0.848778247,0.846320887,0.151221753,0.153679113,0.652911343,0.296191486,28,582.2309198,0.002909252,0.156857523,0.15468488,0.022624522,0.146262014,0.076384782,0.045816344,1,0.133802817,0.102112676,0.197183099,117,104,221,0.0022215,0.516959435,0.001197348,0.0013014,0.000275309,0.169928342,1.969827148,3,0.000325145,0.00223779,0.0000658,57.68,167.977,32.30001,46.9288261,88.7484406,19.22882895,27.93764986,52.83368592,0.528336859,2.336051864,1.891128502
玉林,2020,广西,0.533423501,0.784333417,0.803047537,0.082407087,0.470210229,0.221097659,1,2855.6,33.41961818,1.487919145,0.861273831,0.853473194,0.138726169,0.146526806,0.667112352,0.28786949,48.8,527.8437794,0.003084559,0.156857523,0.155426944,0.021038463,0.135359179,0.073083339,0.044742675,1,0.14084507,0.123239437,0.214788732,172,176,348,0.00172603,0.522833974,0.001285116,0.001424377,0.000325341,0.201334322,1.902872395,3,0.000295724,0.002039504,0.0000597,60.9,176.10845,34.54223,46.08473,95.48149,19.61418092,26.1683809,54.21743818,0.542174382,2.346032573,2.071868274
玉溪,2018,云南,0.630400813,1.016932418,1.099573758,-2.723784195,0.355525306,0.126398243,2,530,15.3694,1.316285,0.8945,0.8786,0.1055,0.1214,0.707411934,0.250478934,1,1836.64,0.006886304,0.156857523,0.164126229,0.014615703,0.0890516,0.058351028,0.041110163,1,0.031690141,0.028169014,0.052816901,42,33,75,0.0000749,0.448143406,0.000202455,0.001494252,0.000436365,0.138361749,2.01929334,3,0.000339844,0.002230517,0.000101412,75.73,149.30383,14.95,76.64,57.72,10.01313898,51.33156999,38.65942354,0.386594235,2.286545496,0.753131524
玉溪,2019,云南,0.630400813,1.009132222,1.099573758,-2.723784195,0.355099356,0.126095553,2,570,15.8676,1.39063,0.8757,0.8729,0.1243,0.1271,0.688149289,0.252075657,1,3079.5,0.006886304,0.156857523,0.164704331,0.014742998,0.089511903,0.058486402,0.041517952,1,0.063380282,0.031690141,0.091549296,80,74,154,0.00032991,0.485160524,0.000434321,0.00146306,0.000316985,0.169928342,1.969827148,3,0.000325145,0.00223779,0.0000658,75.89,194.97079,18.16,85.26,91.55,9.314215735,43.7296274,46.95575168,0.469557517,2.376407256,1.073774337
玉溪,2020,云南,0.630400813,1.007043528,1.099573758,-2.723784195,0.354985298,0.126014562,2,550.3272727,18.20587091,1.363261182,0.898423636,0.870301818,0.101576364,0.129698182,0.707489147,0.256401981,11.61818182,2912.296,0.007545392,0.156857523,0.166353197,0.015141291,0.091018934,0.059052939,0.042653289,1,0.045774648,0.056338028,0.095070423,71,81,152,0.000517485,0.499197718,0.000336154,0.001332836,0.000234879,0.201334322,1.902872395,3,0.000295724,0.002039504,0.0000597,81.6,205.814,20.73,86.43,98.66,10.07220111,41.9942278,47.93648634,0.479364863,2.378701157,1.141501793
珠海,2018,广东,0.590431965,1.733908948,0.562335145,-2.73452381,0.320197257,0.102526284,10,1073,176.0325,1.321642,0.853527273,0.86755,0.146472727,0.13245,0.666001341,0.283528934,433,49331.77,0.062904934,0.156857523,0.324908229,0.029496854,0.090785187,0.104034724,0.092120884,35,0.285211268,0.14084507,0.338028169,1468,1207,2675,0.00753086,0.528843559,0.002138346,0.010375801,0.000312951,0.138361749,2.01929334,3,0.000339844,0.002230517,0.000101412,99.08,321.67798,5.40967,145.08241,171.1859,1.681703547,45.10175362,53.21654283,0.532165428,2.515348393,1.179921811
珠海,2019,广东,0.590431965,1.749418561,0.562335145,-2.73452381,0.321044199,0.103069378,11,1120,289.2704,1.453741,0.85005,0.839452,0.14995,0.160548,0.651199547,0.311616994,648,42207.39,0.059735398,0.156857523,0.317851336,0.031798747,0.100042828,0.102044328,0.099047878,35,0.264084507,0.165492958,0.327464789,1620,1721,3341,0.005062109,0.534992903,0.007087609,0.005677706,0.000405838,0.169928342,1.969827148,3,0.000325145,0.00223779,0.0000658,97.81,344.42343,5.80901,151.9851549,186.6292633,1.686589672,44.12741459,54.18599522,0.541859952,2.524994045,1.227944028
珠海,2020,广东,0.590431965,1.810454148,0.562335145,-2.73452381,0.324377202,0.105220569,10.36363636,1230.6,228.9223218,1.502062145,0.877586465,0.886676231,0.122413535,0.113323769,0.695569667,0.325265814,484.3272727,47178.35002,0.063520499,0.156857523,0.326228979,0.034420033,0.105508815,0.105821244,0.106111134,35,0.257042254,0.264084507,0.38028169,1714,1384,3098,0.003822077,0.529858614,0.004762462,0.005246622,0.000344853,0.201334322,1.902872395,3,0.000295724,0.002039504,0.0000597,99,351.8261701,5.10028077,146.3158148,200.4100745,1.449659293,41.58753022,56.96281049,0.569628105,2.555131512,1.369708905
白城,2018,吉林,0.140525616,1.027780224,0.35762716,-2.756653226,0.093699472,0.008779591,3,357,10.6121,1.298537,0.8192,0.9609,0.1808,0.0391,0.673949413,0.234898576,27,17033.78066,0.019572235,0.156857523,0.201371499,0.004432161,0.022009873,0.018868403,0.047301878,0,0.01056338,0.028169014,0.038732394,14,21,35,0.0000794,0.418267179,0.0000549,0.000673386,0.000191599,0.138361749,2.01929334,3,0.000339844,0.002230517,0.000101412,47.54,60.65061,11.72739,19.97957,28.94365,19.3359803,32.94207593,47.72194377,0.477219438,2.283859635,1.448662309
白城,2019,吉林,0.140525616,1.024336591,0.35762716,-2.756653226,0.093511424,0.008744386,3,380,9.7367,1.4080148,0.8325,0.9502,0.1675,0.0498,0.681454135,0.250046682,33,16865.63607,0.020708688,0.156857523,0.204059529,0.004771365,0.023382221,0.019081897,0.051024408,0,0.021126761,0.014084507,0.031690141,28,21,49,0.0000347,0.423399291,0.000134799,0.0027696,0.000376505,0.169928342,1.969827148,3,0.000325145,0.00223779,0.0000658,39.96,49.15546,12.41779,8.03984,28.69783,25.26228012,16.355945,58.38177488,0.583817749,2.331194948,3.569452875
白城,2020,吉林,0.140525616,1.031224468,0.35762716,-2.756653226,0.093887554,0.008814873,3.181818182,389.9090909,11.67651273,1.355329618,0.814949091,0.974216364,0.185050909,0.025783636,0.675663589,0.242844901,49.65454545,17990.70774,0.020460823,0.156857523,0.204287402,0.004657776,0.022800114,0.019180045,0.049610154,0,0.028169014,0.031690141,0.049295775,15,13,28,0.000276691,0.457804872,0.0000327,0.000777415,0.000216323,0.201334322,1.902872395,3,0.000295724,0.002039504,0.0000597,35.93,51.018,14.493,8.333,28.192,28.40762084,16.33345094,55.25892822,0.552589282,2.268513074,3.383175327
白山,2018,吉林,0.241472636,1.027780224,0.35762716,-2.756653226,0.130462755,0.017020531,1,282,7.2036,1.278248,0.6365,0.7528,0.3635,0.2472,0.423290768,0.132150131,15,17033.78066,0.019572235,0.156857523,0.20116582,0.003468234,0.01724067,0.026244647,0.026584089,1,0.014084507,0.031690141,0.042253521,27,30,57,0.000131845,0.451072448,0.0000224,0.001434172,0.000251997,0.138361749,2.01929334,3,0.000339844,0.002230517,0.000101412,52.49,66.17099,5.3136,29.84879,31.0086,8.030105035,45.10857401,46.86132095,0.46861321,2.388312159,1.038856181
白山,2019,吉林,0.241472636,1.024336591,0.35762716,-2.756653226,0.130274707,0.016971499,1,312,6.2228,1.536581,0.6365,0.7528,0.3635,0.2472,0.423290768,0.161019423,9,16865.63607,0.020708688,0.156857523,0.203648171,0.004271878,0.020976758,0.026530206,0.032791311,1,0.014084507,0.021126761,0.035211268,22,18,40,0.000018,0.422104492,0.000501075,0.001085069,0.000629467,0.169928342,1.969827148,3,0.000325145,0.00223779,0.0000658,63.99,50.96629,5.52516,14.12885,31.31228,10.84081262,27.72195112,61.43723626,0.614372363,2.505964236,2.216194524
白山,2020,吉林,0.241472636,1.031224468,0.35762716,-2.756653226,0.130650837,0.017069641,1,300.3454545,7.483445455,1.355025727,0.64226,0.778984545,0.35774,0.221015455,0.439348634,0.147007947,23.74545455,17990.70774,0.020460823,0.156857523,0.203843322,0.00391516,0.019206711,0.026632301,0.029966588,1,0.021126761,0.028169014,0.049295775,20,20,40,0.000047,0.463960232,0.0000965,0.000812339,0.00029825,0.201334322,1.902872395,3,0.000295724,0.002039504,0.0000597,60.69,50.942,6.421,13.053,31.468,12.60453064,25.62325782,61.77221153,0.617722115,2.491676809,2.410786792
白银,2018,甘肃,0.191319499,0.854163801,0.931916715,-2.732894737,0.167628905,0.02809945,1,457,51.55,1.367093,0.9438,0.8051,0.0562,0.1949,0.721167813,0.263269636,27,705.5580742,0.002649446,0.156857523,0.154116221,0.006801396,0.044131601,0.025834333,0.040574121,4,0.017605634,0.028169014,0.045774648,30,35,65,0.00016148,0.377126145,0.000256226,0.001207876,0.00011075,0.138361749,2.01929334,3,0.000339844,0.002230517,0.000101412,43.67,51.16,6.927,21.371,22.862,13.5398749,41.77286943,44.68725567,0.446872557,2.311473808,1.069767442
白银,2019,甘肃,0.191319499,0.845743196,0.931916715,-2.732894737,0.167169076,0.0279455,1,531,90.65,1.336715,0.9518,0.8002,0.0482,0.1998,0.726320306,0.268511768,18,689.8079293,0.003223281,0.156857523,0.15529948,0.006970907,0.044886864,0.025961271,0.041699738,4,0.035211268,0.045774648,0.073943662,41,55,96,0.0000459,0.405369072,0.000112693,0.00079704,0.000276791,0.169928342,1.969827148,3,0.000325145,0.00223779,0.0000658,61.17,48.633,8.699,18.079,21.856,17.88703144,37.17434664,44.94067814,0.449406781,2.270577591,1.208916422
白银,2020,甘肃,0.191319499,0.828059176,0.931916715,-2.732894737,0.166203396,0.027623569,1,479.3636364,57.96053091,1.317421673,0.946512727,0.782474545,0.053487273,0.217525455,0.714202703,0.256382624,24.72727273,528.1392448,0.003243455,0.156857523,0.155386866,0.006621293,0.042611663,0.025825825,0.039838492,4,0.021126761,0.042253521,0.056338028,38,47,85,0.0000775,0.463960232,0.000111016,0.001004028,0.000284982,0.201334322,1.902872395,3,0.000295724,0.002039504,0.0000597,53.6,49.727,10.052,17.032,22.642,20.21437046,34.25101052,45.53260804,0.45532608,2.253142156,1.329379991
百色,2018,广西,0.533423501,0.871674268,0.971261659,0.410996293,0.516384742,0.266653202,5,742,23.5072,1.374932444,0.854321429,0.853278701,0.145678571,0.146721299,0.660784045,0.250053643,13,3293.887327,0.013081158,0.156857523,0.179528043,0.023181359,0.129123886,0.092705542,0.044891641,0,0.070422535,0.059859155,0.112676056,42,41,83,0.001348254,0.485160524,0.000310255,0.000946834,0.000310386,0.138361749,2.01929334,3,0.000339844,0.002230517,0.000101412,52,112.438,19.51754,56.3488282,41.8109536,17.3584909,50.11546648,37.18578559,0.371857856,2.291467806,0.742002184
百色,2019,广西,0.533423501,0.872385729,0.971261659,0.410996293,0.516423594,0.266693328,5,1056,23.8611,1.439550556,0.848778247,0.846320887,0.151221753,0.153679113,0.652911343,0.258763442,13,3795.117779,0.017953029,0.156857523,0.191178943,0.025547538,0.133631547,0.098729317,0.049470121,0,0.091549296,0.084507042,0.154929577,99,72,171,0.001123261,0.499197718,0.000431329,0.001019787,0.00035608,0.169928342,1.969827148,3,0.000325145,0.00223779,0.0000658,48.43,125.778,24.51758,50.846484,50.4136768,19.49274118,40.4255784,40.08147434,0.400814743,2.20588321,0.991487962
百色,2020,广西,0.533423501,0.854448147,0.971261659,0.082407087,0.492567756,0.242622995,4.890909091,807.4,25.49380182,1.450759123,0.861273831,0.853473194,0.138726169,0.146526806,0.667112352,0.261813599,27.50909091,3688.691021,0.015264414,0.156857523,0.185077063,0.023867712,0.128960937,0.091162994,0.048455692,0,0.11971831,0.091549296,0.172535211,177,104,281,0.000735512,0.507456504,0.00109682,0.001294838,0.000331485,0.201334322,1.902872395,3,0.000295724,0.002039504,0.0000597,43.45,133.373,25.937,53.111,54.325,19.44696453,39.82140313,40.73163234,0.407316323,2.212846678,1.022857788
益阳,2018,湖南,0.008389112,0.822387435,0.982053769,-2.781372549,0.101420934,0.010286206,4,888,23.8321,1.261028,0.880516667,0.8517,0.119483333,0.1483,0.68366719,0.246054375,115,1182.568312,0.010173419,0.156857523,0.173479657,0.004329196,0.024955065,0.017594469,0.042685429,7,0.056338028,0.045774648,0.088028169,110,72,182,0.000466151,0.474323605,0.00110871,0.001933992,0.000475444,0.138361749,2.01929334,3,0.000339844,0.002230517,0.000101412,74.32,175.838,24.588,66.953,84.297,13.98332556,38.07652498,47.94014946,0.479401495,2.339568239,1.259047391
益阳,2019,湖南,0.008389112,0.826142582,0.982053769,-2.781372549,0.101625993,0.010327843,4,1026,22.7751,1.361865,0.8806,0.803316667,0.1194,0.196683333,0.663634715,0.251467418,228,2142.207798,0.011345174,0.156857523,0.178608968,0.004564464,0.025555626,0.018151314,0.044914336,7,0.14084507,0.098591549,0.197183099,198,165,363,0.002440507,0.518902891,0.00065305,0.001900806,0.000279176,0.169928342,1.969827148,3,0.000325145,0.00223779,0.0000658,82.41,179.2456041,28.02624,76.33867,74.88069409,15.63566378,42.58886592,41.77547029,0.417754703,2.261398065,0.980901214
益阳,2020,湖南,0.008389112,0.810426685,0.982053769,-2.781372549,0.100767787,0.010154147,4,956.3636364,25.28479636,1.279017636,0.884587061,0.837116788,0.115412939,0.162883212,0.68126432,0.248321567,168.5727273,1473.849659,0.01072557,0.156857523,0.175827401,0.004399696,0.025022815,0.017717738,0.043661736,7,0.10915493,0.147887324,0.207746479,159,136,295,0.001247379,0.51792934,0.001182266,0.001127211,0.000381191,0.201334322,1.902872395,3,0.000295724,0.002039504,0.0000597,79.33,185.34835,32.014,79.308,74.026,17.27234151,42.78861938,39.93885028,0.399388503,2.226661311,0.9333989
盐城,2018,江苏,0.470592556,0.873012986,0.622959665,-2.742943548,0.235633852,0.055523312,6,2286,55.3825,1.391311,0.855966667,0.88975,0.144033333,0.11025,0.677419371,0.286913318,395,9549.48,0.008902778,0.156857523,0.179192722,0.012114591,0.06760649,0.042223871,0.051412778,6,0.376760563,0.232394366,0.440140845,1231,662,1893,0.007183908,0.512163892,0.003821565,0.009129948,0.000350071,0.138361749,2.01929334,3,0.000339844,0.002230517,0.000101412,53.73,538.716,59.253,230.992,248.471,10.99893079,42.87825125,46.12281796,0.46122818,2.351238872,1.075669287
盐城,2019,江苏,0.470592556,0.87768917,0.622959665,-2.742943548,0.235889206,0.055643718,6,2819,56.456,1.427628,0.8615,0.89965,0.1385,0.10035,0.68650595,0.302122198,375,9612.4,0.009363426,0.156857523,0.179958769,0.012825187,0.071267366,0.042450331,0.054369539,6,0.429577465,0.366197183,0.538732394,1555,1210,2765,0.012140505,0.546646214,0.011070051,0.007495132,0.000295942,0.169928342,1.969827148,3,0.000325145,0.00223779,0.0000658,59.01,565.626,61.99,232.559,271.077,10.95953864,41.11533062,47.92513074,0.479251307,2.369655921,1.165626787
盐城,2020,江苏,0.470592556,0.863642039,0.622959665,-2.742943548,0.235122127,0.055282415,6.127272727,2672.072727,58.92657636,1.349316927,0.89506697,0.795595455,0.10493303,0.204404545,0.673426022,0.287053252,412.1636364,10831.765,0.009136957,0.156857523,0.180632169,0.01219133,0.067492571,0.04247062,0.051851052,6,0.577464789,0.397887324,0.658450704,3878,1528,5406,0.008473201,0.545565885,0.006768205,0.01952961,0.000323852,0.201334322,1.902872395,3,0.000295724,0.002039504,0.0000597,78.19,591.838,66.12,234.438,291.279,11.17197612,39.61185324,49.21600168,0.492160017,2.380436876,1.242456428
盘锦,2018,辽宁,0.503403914,1.107775212,1.206359167,-2.70703125,0.327164494,0.107036606,2,405,13.559,1.347146,0.883329494,0.859922178,0.116670506,0.140077822,0.689611826,0.245131003,6,6358.573333,0.004866574,0.156857523,0.161581798,0.012958563,0.080198161,0.052863827,0.039608708,1,0.10915493,0.038732394,0.133802817,163,106,269,0.001427894,0.491203448,0.000212195,0.00333176,0.000268159,0.138361749,2.01929334,3,0.000339844,0.002230517,0.000101412,81.79,121.66,9.68,61.66,50.36,7.956600362,50.68222916,41.39404899,0.41394049,2.335032057,0.816736945
盘锦,2019,辽宁,0.503403914,1.107607107,1.206359167,-2.70703125,0.327155314,0.1070306,2,432,13.048,1.316335,0.89223125,0.850511793,0.10776875,0.149488207,0.693700198,0.24357747,2,6187.603333,0.005627083,0.156857523,0.163216049,0.013006306,0.079687664,0.053396998,0.039755752,1,0.080985915,0.073943662,0.14084507,92,96,188,0.001862297,0.512163892,0.000274864,0.001324356,0.000239265,0.169928342,1.969827148,3,0.000325145,0.00223779,0.0000658,67.26,128.09,10.10356,68.68653,49.30056,7.887860098,53.62364744,38.48899992,0.384889999,2.306021547,0.717761692
盘锦,2020,辽宁,0.503403914,1.10532572,1.206359167,-2.70703125,0.327030733,0.1069491,2,439.6181818,14.84680909,1.463144055,0.911510732,0.87643701,0.088489268,0.12356299,0.721798995,0.270793034,5.363636364,6662.319708,0.005287469,0.156857523,0.162698588,0.014408204,0.088557644,0.053207438,0.044057644,1,0.095070423,0.102112676,0.165492958,332,304,636,0.001849187,0.519880109,0.000106503,0.003817687,0.00021295,0.201334322,1.902872395,3,0.000295724,0.002039504,0.0000597,81.06,130.35639,10.39,71.56,48.4,7.970456991,54.89565951,37.12898156,0.371289816,2.291487207,0.676355506
眉山,2018,四川,0.004371905,0.859347801,1.249300169,-2.740873016,0.134232925,0.018018478,2,970,67.14,1.150085,0.8826,0.7868,0.1174,0.2132,0.65856786,0.227351078,43,662.67,0.00938555,0.156857523,0.170157301,0.005192861,0.030518,0.022840712,0.038685446,3,0.052816901,0.028169014,0.077464789,89,56,145,0.000786319,0.47678124,0.000222053,0.001090202,0.000281681,0.138361749,2.01929334,3,0.000339844,0.002230517,0.000101412,73.3,126.99,18.754,49.089,59.147,14.76809198,38.65579967,46.57610835,0.465761084,2.318080164,1.204893153
眉山,2019,四川,0.004371905,0.864839596,1.249300169,-2.740873016,0.134532819,0.018099079,2,1044,20.7805,1.307933,0.89205,0.7701,0.10795,0.2299,0.660119438,0.239814818,43,512.61,0.011351351,0.156857523,0.174694571,0.005636165,0.032262964,0.023502153,0.041894347,3,0.063380282,0.077464789,0.123239437,95,99,194,0.000706596,0.498296639,0.000479545,0.000861278,0.000326569,0.169928342,1.969827148,3,0.000325145,0.00223779,0.0000658,68.72,136.571,19.916,52.713,65.391,14.58289095,38.59750606,47.88058958,0.478805896,2.354196718,1.240509931
眉山,2020,四川,0.004371905,0.859145373,1.249300169,-2.740873016,0.134221871,0.018015511,2,1087.472727,45.50116909,1.370944925,0.889978182,0.780672727,0.110021818,0.219327273,0.662651548,0.251904491,58.29090909,510.3181818,0.010749412,0.156857523,0.17354488,0.005867742,0.033811092,0.023293519,0.043716735,3,0.084507042,0.073943662,0.137323944,92,89,181,0.000975163,0.514071393,0.000562489,0.000873513,0.000325718,0.201334322,1.902872395,3,0.000295724,0.002039504,0.0000597,77.9,142.374,22.285,52.764,67.325,15.65243654,37.06013738,47.28742607,0.472874261,2.316349895,1.275964673
石嘴山,2018,宁夏,0.783153498,1.026804489,1.13338189,-2.740423734,0.414259984,0.171611334,1,290,6.3095,1.470997,0.835875,0.849675,0.164125,0.150325,0.64271031,0.23628509,40,707.3291625,0.013043816,0.156857523,0.178700198,0.017491793,0.097883458,0.074028341,0.042224192,3,0.028169014,0.049295775,0.073943662,58,78,136,0.000384448,0.467892098,0.000112779,0.001046614,0.000426476,0.138361749,2.01929334,3,0.000339844,0.002230517,0.000101412,82.98,60.592,3.144,36.647,20.8,5.188803802,60.48158173,34.32796409,0.343279641,2.291358595,0.567577155
石嘴山,2019,宁夏,0.783153498,1.00098705,1.13338189,-2.740423734,0.412850157,0.170445252,1,290,5.1498,1.384529,0.834383333,0.8587875,0.165616667,0.1412125,0.645156901,0.227475724,152,633.4826412,0.01411654,0.156857523,0.183099565,0.017195501,0.093913388,0.075592684,0.041650706,3,0.066901408,0.059859155,0.10915493,68,79,147,0.00081711,0.499197718,0.000312424,0.001189023,0.000271979,0.169928342,1.969827148,3,0.000325145,0.00223779,0.0000658,80.14,51.12429,2.86936,24.90147,23.35346,5.612518042,48.70770821,45.67977374,0.456797737,2.400672557,0.937834594
石嘴山,2020,宁夏,0.783153498,1.030001586,1.13338189,-2.740423734,0.414434569,0.171756012,1,286.1818182,7.358598182,1.47640488,0.856587121,0.869097273,0.143412879,0.130902727,0.669393965,0.247051394,69.03636364,574.3470652,0.013881542,0.156857523,0.181099326,0.018542151,0.102386638,0.075053821,0.044740841,3,0.123239437,0.059859155,0.158450704,78,41,119,0.001039665,0.512163892,0.00052437,0.001047754,0.000292742,0.201334322,1.902872395,3,0.000295724,0.002039504,0.0000597,77.6,54.162,3.727,25.921,24.514,6.881208227,47.85827702,45.26051475,0.452605148,2.383793065,0.945719687
石家庄,2018,河北,0.340586357,1.047899723,0.615773952,-2.758571429,0.195958303,0.038399657,49,3738,87.3512,1.328197,0.858354545,0.901908333,0.141645455,0.098091667,0.68461795,0.401043298,803,3611.058391,0.056795354,0.156857523,0.295665071,0.023235657,0.078587764,0.057938026,0.118574495,20,0.26056338,0.26056338,0.376760563,710,728,1438,0.008806857,0.530877573,0.002026775,0.004185139,0.000286017,0.138361749,2.01929334,3,0.000339844,0.002230517,0.000101412,91.91,537.51,42.05,173.23,322.23,7.823110268,32.22823761,59.94865212,0.599486521,2.521255419,1.860128153
石家庄,2019,河北,0.340586357,1.048593156,0.615773952,-2.758571429,0.19599617,0.038414499,44,3932,81.0957,1.391181,0.859741667,0.8858,0.140258333,0.1142,0.679170055,0.3970033,1213,3878.495947,0.056795354,0.156857523,0.302816834,0.023562519,0.077811126,0.059350939,0.120219282,20,0.320422535,0.302816901,0.461267606,1145,925,2070,0.008100099,0.547730829,0.001429318,0.006910923,0.000258936,0.169928342,1.969827148,3,0.000325145,0.00223779,0.0000658,91.31,580.9944137,44.94951,183.1725546,352.8723491,7.73665098,31.52742097,60.73592805,0.60735928,2.529992771,1.926447714
石家庄,2020,河北,0.340586357,1.05516739,0.615773952,-2.758571429,0.196355172,0.038555354,49.27272727,4059.181818,93.11910727,1.397748327,0.863175416,0.931657492,0.136824584,0.068342508,0.701313306,0.421041135,977.5363636,4038.296862,0.052526097,0.156857523,0.288849868,0.02388026,0.082673605,0.056717166,0.121617676,20,0.320422535,0.376760563,0.468309859,1076,1105,2181,0.010583403,0.543417988,0.001462263,0.004476096,0.000253775,0.201334322,1.902872395,3,0.000295724,0.002039504,0.0000597,92.69,593.31681,49.86231,181.30998,362.14453,8.403994149,30.55871281,61.03729473,0.610372947,2.52633304,1.997377806
福州,2018,福建,0.026967666,1.162724504,1.165293464,0.600432482,0.382396252,0.146226894,34,3354,114.1163,1.398371,0.840922857,0.847366667,0.159077143,0.152633333,0.646287044,0.360218961,1838,37303.66,0.03916071,0.156857523,0.287747911,0.039636233,0.137746381,0.110033723,0.103652254,51,0.330985915,0.306338028,0.457746479,1121,1031,2152,0.013701547,0.536031724,0.007206685,0.006409798,0.000319967,0.138361749,2.01929334,3,0.000339844,0.002230517,0.000101412,95.91,851.609,49.49307414,349.8500451,452.266,5.811713373,41.08106479,53.10723583,0.531072358,2.472955505,1.292742438
福州,2019,福建,0.026967666,1.160416285,1.165293464,0.600432482,0.382270206,0.14613051,35,3868,106.5172,1.539007,0.839977778,0.814439474,0.160022222,0.185560526,0.63175376,0.378705061,2446,36726.37,0.041302184,0.156857523,0.302919239,0.04385291,0.144767662,0.115797,0.114717049,51,0.440140845,0.496478873,0.637323944,1323,1400,2723,0.018978855,0.559952004,0.008098234,0.005235233,0.000261734,0.169928342,1.969827148,3,0.000325145,0.00223779,0.0000658,97.78,947.22995,52.668,370.2605039,524.3014462,5.560212702,39.08876655,55.35102075,0.553510207,2.49790808,1.416033956
福州,2020,福建,0.026967666,1.180583734,1.165293464,0.809560671,0.397930961,0.158349049,34.30909091,3807.490909,129.1970545,1.498537636,0.853694993,0.885028691,0.146305007,0.114971309,0.673415927,0.390843721,2087.036364,39653.37673,0.040666224,0.156857523,0.296637654,0.046135703,0.155528817,0.118041306,0.115938964,51,0.475352113,0.570422535,0.676056338,1965,2433,4398,0.010518761,0.546646214,0.010701521,0.005977275,0.000344891,0.201334322,1.902872395,3,0.000295724,0.002039504,0.0000597,98.35,1002.00223,56.06994,384.07684,561.85544,5.595789942,38.33093665,56.07327241,0.560732724,2.504774805,1.462872481
秦皇岛,2018,河北,0.346065843,1.037817368,0.983087759,-2.758571429,0.237862776,0.0565787,13,1096,23.3104,1.778216,0.8849,0.8158,0.1151,0.1842,0.672686604,0.321508874,13,5364.655324,0.048569181,0.156857523,0.263661271,0.020163494,0.076474993,0.062715202,0.084769438,4,0.133802817,0.154929577,0.235915493,244,272,516,0.003855895,0.51311587,0.000921715,0.002034936,0.000274394,0.138361749,2.01929334,3,0.000339844,0.002230517,0.000101412,84.66,150.73259,20.32564,50.96987,79.43708,13.48456893,33.81476428,52.70066679,0.527006668,2.392160979,1.558510548
秦皇岛,2019,河北,0.346065843,1.0367964,0.983087759,-2.758571429,0.237807023,0.05655218,7,1193,22.2656,1.723155,0.8779,0.7807,0.1221,0.2193,0.651809341,0.295781689,348,5204.97,0.048926228,0.156857523,0.270165647,0.019003171,0.070338963,0.064247288,0.079910051,4,0.151408451,0.23943662,0.292253521,161,333,494,0.005277297,0.522833974,0.000560654,0.001136395,0.000294761,0.169928342,1.969827148,3,0.000325145,0.00223779,0.0000658,85.9,161.203042,20.63238,52.25214365,88.31851835,12.79900165,32.41386949,54.78712886,0.547871289,2.419881272,1.690237226
秦皇岛,2020,河北,0.346065843,1.03675199,0.983087759,-2.758571429,0.237804598,0.056551027,13.4,1196.145455,24.58661273,1.808236691,0.880096364,0.806276364,0.119903636,0.193723636,0.664412147,0.324185129,136.3272727,5475.3641,0.050516328,0.156857523,0.270389936,0.020845094,0.077092714,0.06429997,0.087656396,4,0.161971831,0.274647887,0.334507042,207,468,675,0.005082419,0.530877573,0.001405996,0.001168264,0.000349049,0.201334322,1.902872395,3,0.000295724,0.002039504,0.0000597,84.96,167.0448158,23.31079005,55.23970456,88.49432121,13.95481203,33.06879312,52.97639485,0.529763949,2.390215828,1.602005693
绍兴,2018,浙江,0.009024312,1.167907694,0.622959665,-2.744736842,0.083516738,0.006975045,11,2185,56.1948,1.203627,0.86456,0.846488889,0.13544,0.153511111,0.667162759,0.27177619,1574,33994,0.019006318,0.156857523,0.234449517,0.005321503,0.022697861,0.019580459,0.063717796,74,0.496478873,0.732394366,0.813380282,2997,4677,7674,0.018208657,0.484309365,0.064551016,0.011291916,0.000437983,0.138361749,2.01929334,3,0.000339844,0.002230517,0.000101412,93.48,538.27168,19.60418,262.96881,255.6987,3.642060455,48.85429046,47.50365094,0.475036509,2.438615942,0.972353718
绍兴,2019,浙江,0.009024312,1.174447942,0.622959665,-2.744736842,0.083873885,0.007034829,11,2170,55.1901,1.326601,0.869280435,0.834723913,0.130719565,0.165276087,0.666515235,0.284779432,1553,35644.99529,0.01981597,0.156857523,0.236755027,0.005655026,0.023885557,0.019857564,0.067422962,74,0.591549296,0.830985915,0.88028169,3129,6241,9370,0.015649684,0.487732046,0.055293631,0.010414669,0.000427668,0.169928342,1.969827148,3,0.000325145,0.00223779,0.0000658,94.4,578.55103,20.83106,275.03931,282.68066,3.600557068,47.5393346,48.86010833,0.488601083,2.452595513,1.027782756
绍兴,2020,浙江,0.009024312,1.184471932,0.622959665,-2.744736842,0.08442127,0.007126951,11.85454545,2433.636364,58.23828,1.313386455,0.871527515,0.828695448,0.128472485,0.171304552,0.666029141,0.289183363,1922.527273,35021.66047,0.021305448,0.156857523,0.246289511,0.006012722,0.024413227,0.020792073,0.071222829,74,0.637323944,0.714788732,0.820422535,3413,5099,8512,0.018468182,0.530877573,0.0359967,0.00909559,0.000425713,0.201334322,1.902872395,3,0.000295724,0.002039504,0.0000597,95.97,596.37551,22.13251,270.67768,303.56532,3.711170165,45.38712195,50.90170789,0.509017079,2.471905377,1.121501115
绥化,2018,黑龙江,0.613911664,1.141097589,0.465999257,-2.730737705,0.286028435,0.081812266,1,732,2.0061,1.438056286,0.855536923,0.826729231,0.144463077,0.173270769,0.650842751,0.24140207,21,17033.78066,0.046435255,0.156857523,0.264225063,0.018244174,0.069047856,0.075575881,0.063784477,0,0.031690141,0.049295775,0.070422535,21,27,48,0.000718023,0.472699209,0.000180777,0.000686559,0.000330314,0.138361749,2.01929334,3,0.000339844,0.002230517,0.000101412,45.35,103.07371,47.89255,35.37019,52.69578,46.46437001,34.3154331,51.12436527,0.511243653,2.68468332,1.489835932
绥化,2019,黑龙江,0.613911664,1.131351567,0.465999257,-2.730737705,0.285496229,0.081508097,1,763,18.9126,1.448407286,0.872674286,0.82758,0.127325714,0.17242,0.666596074,0.251358363,86,16865.63607,0.048890551,0.156857523,0.2710152,0.019448556,0.071761865,0.077373818,0.068121937,0,0.080985915,0.038732394,0.112676056,59,31,90,0.000935941,0.505597689,0.000111888,0.001361997,0.000265733,0.169928342,1.969827148,3,0.000325145,0.00223779,0.0000658,42.29,110.13705,51.10153,12.54387,46.46699,46.39812851,11.38932811,42.19015309,0.421901531,1.95747244,3.704358384
绥化,2020,黑龙江,0.613911664,1.138637607,0.465999257,-2.730737705,0.285894102,0.081735438,1,811.6909091,10.14835455,1.458863208,0.862485689,0.839353743,0.137514311,0.160646257,0.662333513,0.250345451,49.85454545,17990.70774,0.047349594,0.156857523,0.267307584,0.019131815,0.071572288,0.076421662,0.066919238,0,0.095070423,0.080985915,0.14084507,76,52,128,0.001067193,0.510270495,0.000113015,0.001075522,0.000258584,0.201334322,1.902872395,3,0.000295724,0.002039504,0.0000597,45.73,113.4443,56.02893,13.01541,45.97199,49.3889336,11.47295192,40.52384298,0.40523843,1.939063664,3.532120002
绵阳,2018,四川,0.314945717,0.899067164,1.249300169,-2.740873016,0.249507895,0.06225419,10,1676,36.4905,1.241594,0.867066667,0.874671429,0.132933333,0.125328571,0.681127492,0.26899535,229,3912.66,0.031003113,0.156857523,0.225520128,0.015136113,0.067116463,0.056269052,0.060663866,11,0.098591549,0.147887324,0.211267606,310,367,677,0.005263624,0.504673378,0.001484061,0.001944245,0.000302469,0.138361749,2.01929334,3,0.000339844,0.002230517,0.000101412,91.1,261.33,26.696,109.063,125.571,10.21543642,41.73382314,48.05074044,0.480507404,2.37835304,1.151362057
绵阳,2019,四川,0.314945717,0.912495295,1.249300169,-2.740873016,0.250241172,0.062620644,10,1840,36.628,1.323567,0.87225,0.857257143,0.12775,0.142742857,0.678548166,0.279451492,229,3028.95,0.030886162,0.156857523,0.224834993,0.015722771,0.069930269,0.056262972,0.062830474,11,0.147887324,0.169014085,0.257042254,461,517,978,0.003166637,0.523826068,0.004258215,0.002540079,0.000309926,0.169928342,1.969827148,3,0.000325145,0.00223779,0.0000658,93.13,287.049,30.245,115.134,140.241,10.53652861,40.10952834,48.85611864,0.488561186,2.373239412,1.218067643
绵阳,2020,四川,0.314945717,0.894273594,1.249300169,-2.740873016,0.24924613,0.062123633,10.05454545,1925.145455,39.59272,1.304662384,0.873803667,0.867379234,0.126196333,0.132620766,0.684150885,0.281232823,203.8545455,3273.196364,0.034092724,0.156857523,0.232032536,0.016264597,0.070096193,0.057833212,0.065255165,11,0.116197183,0.221830986,0.281690141,603,717,1320,0.00180419,0.526825073,0.002173407,0.002185288,0.000272407,0.201334322,1.902872395,3,0.000295724,0.002039504,0.0000597,93.26,301.008,37.095,117.436,146.477,12.32359273,39.01424547,48.6621618,0.486621618,2.363385691,1.247292142
聊城,2018,山东,0.317154251,0.942223527,0.833128587,-2.7625,0.20532203,0.042157136,3,1431,28.7413,1.115234,0.86845,0.88,0.13155,0.12,0.684585036,0.236558657,364,7383.605537,0.010273932,0.156857523,0.180867401,0.008784857,0.048570704,0.037136062,0.042785749,4,0.123239437,0.137323944,0.214788732,268,257,525,0.002089355,0.51311587,0.000548272,0.002297108,0.000313968,0.138361749,2.01929334,3,0.000339844,0.002230517,0.000101412,80.9,216.334,31.092,79.81,105.432,14.37222073,36.89202807,48.7357512,0.487357512,2.343635305,1.321037464
聊城,2019,山东,0.317154251,0.943356824,0.833128587,-2.7625,0.205383917,0.042182553,2,1560,27.1124,1.211066,0.884175,0.884425,0.115825,0.115575,0.700554595,0.252632171,364,5926.157702,0.009869144,0.156857523,0.179240821,0.009300194,0.051886585,0.036813182,0.045281998,4,0.179577465,0.137323944,0.246478873,272,280,552,0.003483636,0.526825073,0.000549476,0.002060293,0.000272835,0.169928342,1.969827148,3,0.000325145,0.00223779,0.0000658,84.09,225.982,31.76,80.688,113.534,14.05421671,35.70549867,50.24028462,0.502402846,2.361860679,1.407074162
聊城,2020,山东,0.317154251,0.945642896,0.833128587,-2.7625,0.205508754,0.042233848,2.636363636,1517.4,28.96505455,1.194227545,0.88392197,0.871888788,0.11607803,0.128111212,0.695117365,0.249751938,423.1090909,7383.732144,0.011414518,0.156857523,0.184553672,0.00947244,0.05132621,0.037927395,0.046092637,4,0.292253521,0.232394366,0.387323944,645,384,1029,0.003795868,0.539172535,0.00082723,0.003539479,0.000264107,0.201334322,1.902872395,3,0.000295724,0.002039504,0.0000597,88.39,231.684,33.326,79.559,118.799,14.38424751,34.33944511,51.27630738,0.512763074,2.368920599,1.493218869
肇庆,2018,广东,0.57798293,0.903210041,0.949341243,-2.73452381,0.3129297,0.097924997,5,4560,29.9036,1.397741,0.921266667,0.71995,0.078733333,0.28005,0.665532185,0.309777483,251,5903.847162,0.023905504,0.156857523,0.210189366,0.020375458,0.096938575,0.065774495,0.065111933,9,0.183098592,0.144366197,0.257042254,400,258,658,0.005201864,0.522833974,0.00367389,0.003102416,0.00034323,0.138361749,2.01929334,3,0.000339844,0.002230517,0.000101412,79.73,210.22941,34.82431,86.72576,88.67934,16.56490878,41.25291509,42.18217613,0.421821761,2.256172673,1.022525948
肇庆,2019,广东,0.57798293,0.901687745,0.949341243,-2.73452381,0.312846571,0.097872977,5,2821,30,1.471005,0.922766667,0.686516667,0.077233333,0.313483333,0.652985724,0.288341755,281,5866.199012,0.027883638,0.156857523,0.220009241,0.019846314,0.090206729,0.068829137,0.063437851,9,0.26056338,0.232394366,0.39084507,509,353,862,0.006782723,0.543417988,0.001242639,0.003154889,0.00022868,0.169928342,1.969827148,3,0.000325145,0.00223779,0.0000658,83.25,225.0673658,38.65764222,88.9500536,97.45966994,17.17603176,39.52152428,43.30244396,0.43302444,2.261264122,1.095667355
肇庆,2020,广东,0.57798293,0.898071027,0.949341243,-2.73452381,0.312649071,0.097749442,5.381818182,4514.145455,25.95914545,1.452812945,0.934688939,0.638687909,0.065311061,0.361312091,0.643822277,0.307282844,253.2545455,7156.24292,0.026777651,0.156857523,0.217541735,0.020899603,0.096071696,0.068014221,0.066846843,9,0.228873239,0.348591549,0.436619718,466,497,963,0.006870181,0.551010655,0.002584576,0.002068276,0.000228808,0.201334322,1.902872395,3,0.000295724,0.002039504,0.0000597,83.9,231.3240414,43.19888708,89.5697903,98.55536398,18.6746206,38.72048481,42.60489459,0.426048946,2.23930274,1.100319244
自贡,2018,四川,0.002365426,0.799007444,1.249300169,-2.740873016,0.13020716,0.016953904,2,600,19.2752,1.195737,0.893466667,0.808633333,0.106533333,0.191366667,0.677406317,0.227374223,49,493.64,0.01548913,0.156857523,0.184485921,0.005461844,0.029605752,0.024021388,0.041947343,4,0.042253521,0.049295775,0.077464789,81,77,158,0.000446815,0.45404003,0.001089675,0.000999321,0.000545932,0.138361749,2.01929334,3,0.000339844,0.002230517,0.000101412,69.02,131.474,18.957,52.53,59.987,14.41882045,39.95466784,45.62651171,0.456265117,2.312076913,1.141956977
自贡,2019,四川,0.002365426,0.791315214,1.249300169,-2.740873016,0.129787106,0.016844693,3,850,16.0101,1.34868,0.903833333,0.806033333,0.096166667,0.193966667,0.685641359,0.25266929,73,448.24,0.0183182,0.156857523,0.191506394,0.006280111,0.032793216,0.024855061,0.048387785,4,0.038732394,0.13028169,0.154929577,66,102,168,0.001060524,0.504673378,0.000408141,0.000938601,0.000243572,0.169928342,1.969827148,3,0.000325145,0.00223779,0.0000658,73.84,140.421,20.236,57.27,65.343,14.41094993,40.78449805,46.53363813,0.465336381,2.355808604,1.140963855
自贡,2020,四川,0.002365426,0.784176831,1.249300169,-2.740873016,0.129397296,0.01674366,2.654545455,818.2181818,15.87205273,1.272019335,0.903773939,0.87248803,0.096226061,0.12751197,0.713205523,0.253370913,49.41818182,452.1498182,0.016783428,0.156857523,0.187507118,0.006147517,0.032785511,0.024262914,0.04750885,4,0.049295775,0.172535211,0.200704225,79,150,229,0.001880861,0.533958101,0.001316661,0.000890496,0.000206878,0.201334322,1.902872395,3,0.000295724,0.002039504,0.0000597,66.48,145.844,23.135,56.794,65.915,15.86283975,38.94160884,45.19555141,0.451955514,2.293327117,1.16059795
舟山,2018,浙江,0.083660011,1.210526316,0.622959665,-2.744736842,0.113025158,0.012774686,4,554,14.0672,1.101165,0.897,0.9184,0.103,0.0816,0.726198712,0.238255503,47,17164,0.019635124,0.156857523,0.201922255,0.005437537,0.026928866,0.022822295,0.048109088,2,0.049295775,0.073943662,0.102112676,44,58,102,0.001591792,0.500102062,0.000231876,0.000970663,0.000330917,0.138361749,2.01929334,3,0.000339844,0.002230517,0.000101412,93.53,124.72202,13.97824,41.03774,69.70604,11.20751572,32.90336382,55.88912046,0.558891205,2.446816047,1.698583791
舟山,2019,浙江,0.083660011,1.20610766,0.622959665,-2.744736842,0.112783867,0.012720201,4,562,14.6576,1.16,0.9284,0.9152,0.0716,0.0848,0.753085107,0.255112398,72,19875.48018,0.021101193,0.156857523,0.207047858,0.005957297,0.028772563,0.023351658,0.052820476,2,0.073943662,0.084507042,0.126760563,168,140,308,0.000345629,0.479264476,0.000536128,0.001330399,0.000546243,0.169928342,1.969827148,3,0.000325145,0.00223779,0.0000658,91.07,136.24749,14.56244,47.55028,74.13477,10.68822626,34.899931,54.41184274,0.544118427,2.437236165,1.559081671
舟山,2020,浙江,0.083660011,1.222872232,0.622959665,-2.744736842,0.113699339,0.01292754,4.363636364,649.6727273,14.61319091,1.166779811,0.911392727,0.913001818,0.088607273,0.086998182,0.73688872,0.251781101,163.1454545,16981.47988,0.020132596,0.156857523,0.204993961,0.005868433,0.028627345,0.023307678,0.051613605,2,0.080985915,0.112676056,0.161971831,94,88,182,0.00075981,0.512163892,0.000276862,0.000945469,0.000346716,0.201334322,1.902872395,3,0.000295724,0.002039504,0.0000597,95.16,151.0492,15.2921,60.76538,74.99171,10.12391989,40.22886583,49.64720766,0.496472077,2.395232745,1.234119
芜湖,2018,安徽,0.635326989,0.963919249,0.594466855,-2.775819672,0.29516435,0.087121993,9,1238,29.5282,1.394641,0.883525,0.861923077,0.116475,0.138076923,0.690619051,0.280097301,147,6875.65,0.035662985,0.156857523,0.236413771,0.019545446,0.082674738,0.069780917,0.066218859,17,0.179577465,0.436619718,0.461267606,858,1438,2296,0.008770124,0.512163892,0.010435167,0.002810587,0.000382573,0.138361749,2.01929334,3,0.000339844,0.002230517,0.000101412,95.54,328.296,13.303,158.137,156.856,4.052135877,48.16903039,47.77883374,0.477788337,2.437266979,0.991899429
芜湖,2019,安徽,0.635326989,0.969115535,0.594466855,-2.775819672,0.295448106,0.087289583,9,1353,27.3902,1.554801,0.880315385,0.837476923,0.119684615,0.162523077,0.677575428,0.294228677,1090,7203.67,0.037374801,0.156857523,0.256741116,0.022318327,0.086929305,0.075853676,0.075540599,17,0.214788732,0.556338028,0.591549296,947,2405,3352,0.008794575,0.515030481,0.009371142,0.002847106,0.000373754,0.169928342,1.969827148,3,0.000325145,0.00223779,0.0000658,92.78,358.646,14.657,171.266,172.723,4.086759646,47.75349509,48.15974526,0.481597453,2.440729856,1.008507234
芜湖,2020,安徽,0.635326989,0.948587249,0.594466855,-2.775819672,0.294327107,0.086628446,8.527272727,1342.618182,33.20268364,1.517288364,0.907576355,0.852205287,0.092423645,0.147794713,0.708193209,0.301296684,1177.381818,8307.700727,0.032126114,0.156857523,0.246451492,0.021855264,0.088679781,0.072537355,0.074255017,17,0.401408451,0.566901408,0.633802817,1469,2643,4112,0.011115772,0.542350369,0.010596837,0.003992718,0.000428781,0.201334322,1.902872395,3,0.000295724,0.002039504,0.0000597,96.4,371.414,16.295,174.367,180.751,4.387287501,46.9468033,48.66563996,0.4866564,2.44277814,1.036612432
苏州,2018,江苏,0.005213587,1.800426409,0.622959665,-2.742943548,0.116794073,0.013640855,26,5882,215.3584,1.265659,0.879987654,0.833982022,0.120012346,0.166017978,0.675828501,0.389953219,2684,354113.97,0.018425976,0.156857523,0.401014858,0.018263911,0.045544225,0.046836158,0.156377035,189,0.411971831,0.588028169,0.672535211,5332,7707,13039,0.013755627,0.501009688,0.081782061,0.012859583,0.000564147,0.138361749,2.01929334,3,0.000339844,0.002230517,0.000101412,92.99,1826.348,21.425,891.833,913.09,1.173106111,48.83149323,49.99540066,0.499954007,2.488222945,1.02383518
苏州,2019,江苏,0.005213587,1.758580127,0.622959665,-2.742943548,0.11450895,0.0131123,26,6669,214.3212,1.429295,0.877164516,0.815,0.122835484,0.185,0.665402976,0.415206118,3279,319086.46,0.01918552,0.156857523,0.39670054,0.018861054,0.047544817,0.045425762,0.164712491,189,0.580985915,0.669014085,0.746478873,7715,8136,15851,0.017974726,0.518902891,0.068121148,0.026131193,0.000512117,0.169928342,1.969827148,3,0.000325145,0.00223779,0.0000658,93.7,1926.48,19.67,913.018,993.792,1.02103318,47.39306922,51.5858976,0.515858976,2.505648644,1.088469231
苏州,2020,江苏,0.005213587,1.897058797,0.622959665,-2.742943548,0.122070929,0.014901312,25.47272727,6805.436364,229.0877309,1.388397236,0.891004352,0.849221825,0.108995648,0.150778175,0.692061608,0.423665397,3929.145455,345708.96,0.018142317,0.156857523,0.417782271,0.021606541,0.051717229,0.05099907,0.176999892,189,0.728873239,0.654929577,0.834507042,11870,9597,21467,0.014923577,0.523826068,0.054642303,0.039561111,0.000527401,0.201334322,1.902872395,3,0.000295724,0.002039504,0.0000597,94.67,2018.045,19.64,938.558,1059.85,0.97321913,46.50827905,52.51865048,0.525186505,2.515457287,1.12923229
茂名,2018,广东,0.52452552,0.747578805,1.127905261,-2.73452381,0.304631504,0.092800353,4,1390,35.5334,1.098074,0.874370249,0.798787893,0.125629751,0.201212107,0.656154528,0.226481458,155,2268.859721,0.007174024,0.156857523,0.167641122,0.011566129,0.068993387,0.051068767,0.037967606,1,0.066901408,0.070422535,0.116197183,62,96,158,0.000992972,0.482615976,0.003185308,0.001015679,0.000470158,0.138361749,2.01929334,3,0.000339844,0.002230517,0.000101412,31.93,309.51134,49.05673,108.46373,151.99088,15.84973591,35.04353992,49.10672417,0.491067242,2.332569883,1.40130604
茂名,2019,广东,0.52452552,0.748749557,1.127905261,-2.73452381,0.304695436,0.092839309,6,1330,82.9198,1.227173,0.864191174,0.769588447,0.135808826,0.230411553,0.634872704,0.242994489,65,2843.6,0.00918956,0.156857523,0.17108949,0.012667348,0.074039312,0.052130187,0.041573803,1,0.116197183,0.105633803,0.172535211,138,131,269,0.003639912,0.506525391,0.001881138,0.001347416,0.000337945,0.169928342,1.969827148,3,0.000325145,0.00223779,0.0000658,34.15,324.8114531,58.06576277,107.8283667,158.9173237,17.87675964,33.19721815,48.92602221,0.489260222,2.310492626,1.473798858
茂名,2020,广东,0.52452552,0.734523948,1.127905261,-2.73452381,0.30391861,0.092366522,4.981818182,1491.381818,52.42700727,1.384319782,0.877586043,0.822258995,0.122413957,0.177741005,0.668798488,0.268916964,150.2545455,2661.867613,0.008198311,0.156857523,0.170143116,0.013905605,0.08172887,0.051709659,0.04575437,1,0.095070423,0.207746479,0.257042254,120,170,290,0.002264585,0.536031724,0.00147065,0.001114796,0.000284709,0.201334322,1.902872395,3,0.000295724,0.002039504,0.0000597,47.38,328.5441955,64.86675459,106.0915094,157.5859315,19.74369217,32.29139668,47.96491116,0.479649112,2.28221219,1.48537741
荆州,2018,湖北,0.919259578,0.871725299,0.556737347,-2.744369369,0.391567222,0.153324889,8,1336,32.7186,1.330248,0.819333333,0.907,0.180666667,0.093,0.651669227,0.257961575,101,1821,0.014722192,0.156857523,0.1841972,0.01860563,0.101009297,0.072125586,0.0475158,7,0.10915493,0.116197183,0.186619718,151,109,260,0.003269063,0.516959435,0.000898908,0.001910168,0.000273918,0.138361749,2.01929334,3,0.000339844,0.002230517,0.000101412,59.2,208.218,40.475,90.847,76.896,19.4387613,43.63071396,36.93052474,0.369305247,2.174917634,0.846434115
荆州,2019,湖北,0.919259578,0.87420742,0.556737347,-2.744369369,0.391702765,0.153431056,8,1457,33.441,1.350825,0.845375,0.88494,0.154625,0.11506,0.665902663,0.267441274,165,1698,0.016624477,0.156857523,0.189695155,0.019871988,0.104757487,0.074304117,0.050732314,7,0.172535211,0.116197183,0.235915493,180,110,290,0.003419667,0.516959435,0.000399849,0.001669982,0.000285473,0.169928342,1.969827148,3,0.000325145,0.00223779,0.0000658,58.52,251.6481843,43.45813,93.37731998,114.8127344,17.26939939,37.10629593,45.62430468,0.456243047,2.283549053,1.229556967
荆州,2020,湖北,0.919259578,0.878144404,0.556737347,-2.744369369,0.391917754,0.153599526,7.490909091,1611.636364,35.96721818,1.402373655,0.829413939,0.898390606,0.170586061,0.101609394,0.657149802,0.271307465,115.5272727,1847.700727,0.015034316,0.156857523,0.185190113,0.019691304,0.106330212,0.072579293,0.05024346,7,0.095070423,0.158450704,0.211267606,236,205,441,0.001352914,0.524821935,0.001902996,0.001428545,0.000316304,0.201334322,1.902872395,3,0.000295724,0.002039504,0.0000597,61.34,236.9038458,45.302,80.624,110.978,19.12252621,34.03237281,46.84516607,0.468451661,2.2772277,1.376488391
荆门,2018,湖北,0.834294519,0.989072904,0.556737347,-2.744369369,0.367032377,0.134712765,2,762,19.84,1.197231,0.85675,0.94005,0.14325,0.05995,0.699027176,0.238093686,101,1646.76,0.005351286,0.156857523,0.162154419,0.014170365,0.087388091,0.059515922,0.038607943,6,0.161971831,0.172535211,0.267605634,221,232,453,0.007645138,0.514071393,0.002565776,0.002081484,0.000308201,0.138361749,2.01929334,3,0.000339844,0.002230517,0.000101412,74.89,184.789,22.62,94.389,67.78,12.24098837,51.07933914,36.67967249,0.366796725,2.244386841,0.718092151
荆门,2019,湖北,0.834294519,0.99587558,0.556737347,-2.744369369,0.367403854,0.134985592,2,826,17.5622,1.250172,0.8602,0.93445,0.1398,0.06555,0.699800098,0.244829839,101,1397.405233,0.00645384,0.156857523,0.16462239,0.014808019,0.089951426,0.0604829,0.040304473,6,0.144366197,0.186619718,0.253521127,150,223,373,0.003539488,0.514071393,0.001147095,0.001273412,0.000359198,0.169928342,1.969827148,3,0.000325145,0.00223779,0.0000658,73.51,203.3772726,24.28926,96.14998348,82.93802914,11.94295689,47.27666088,40.78038223,0.407803822,2.288374253,0.862590155
荆门,2020,湖北,0.834294519,0.994955644,0.556737347,-2.744369369,0.367353618,0.134948681,2.127272727,786.0545455,20.54837636,1.294677036,0.888287273,0.953936364,0.111712727,0.046063636,0.733137752,0.262470915,92.25454545,1716.88463,0.005021952,0.156857523,0.161265311,0.015549143,0.09641964,0.059241395,0.042327454,6,0.116197183,0.23943662,0.285211268,222,393,615,0.002375364,0.51792934,0.001922638,0.001116571,0.000398168,0.201334322,1.902872395,3,0.000295724,0.002039504,0.0000597,75.97,190.6407982,25.148,84.897,80.595,13.19130021,44.53244049,42.27584062,0.422758406,2.290837031,0.949326831
莆田,2018,福建,0.261282264,0.868816966,0.862798065,0.600432482,0.41836052,0.175025525,2,2610,39.8528,1.128505,0.8587,0.9449,0.1413,0.0551,0.702795045,0.261154714,261,5642.39,0.006582109,0.156857523,0.169639895,0.018534316,0.109256822,0.070970635,0.044302258,3,0.042253521,0.169014085,0.193661972,96,191,287,0.001583466,0.492079034,0.004486008,0.001052785,0.000309205,0.138361749,2.01929334,3,0.000339844,0.002230517,0.000101412,84.12,237.403,11.629,125.392,100.382,4.898421671,52.81820365,42.28337468,0.422833747,2.37384953,0.800545489
莆田,2019,福建,0.261282264,0.874828061,0.862798065,0.600432482,0.418688771,0.175300287,2,2875,72.1347,1.336107,0.8805,0.9463,0.1195,0.0537,0.722966499,0.300144948,789,5696.32,0.007884277,0.156857523,0.181766629,0.022842125,0.125667319,0.076103647,0.054556335,3,0.095070423,0.341549296,0.366197183,166,379,545,0.004714728,0.519880109,0.002524077,0.000960411,0.000290979,0.169928342,1.969827148,3,0.000325145,0.00223779,0.0000658,88.15,259.5387,12.36542,137.79765,109.37563,4.764383886,53.09329591,42.1423202,0.421423202,2.373779363,0.793740895
莆田,2020,福建,0.261282264,0.871853336,0.862798065,0.809560671,0.433085789,0.1875633,2,3319.6,51.33245818,1.199779109,0.878932727,0.941096364,0.121067273,0.058903636,0.719395586,0.287078906,483.0545455,6167.804545,0.007477436,0.156857523,0.175788578,0.021855758,0.124329794,0.076131535,0.050465193,3,0.133802817,0.309859155,0.355633803,200,328,528,0.002955477,0.531900459,0.002831819,0.001075738,0.000267168,0.201334322,1.902872395,3,0.000295724,0.002039504,0.0000597,89.8,264.397,12.566,136.233,115.598,4.75270143,51.52592503,43.72137354,0.437213735,2.389686721,0.84853156
菏泽,2018,山东,0.749458303,0.854784874,0.833128587,-2.7625,0.357985412,0.128153555,4,1797,39.271,1.04515,0.8192,0.9609,0.1808,0.0391,0.673949413,0.233687302,228,7738.835003,0.005973645,0.156857523,0.168623413,0.014106469,0.083656645,0.060364722,0.039405151,2,0.116197183,0.186619718,0.246478873,152,211,363,0.005033903,0.52184563,0.000917036,0.001388624,0.000305492,0.138361749,2.01929334,3,0.000339844,0.002230517,0.000101412,71.94,312.072,30.113,138.644,143.315,9.649375785,44.42692712,45.9236971,0.459236971,2.362743213,1.033690603
菏泽,2019,山东,0.749458303,0.856082056,0.833128587,-2.7625,0.358056247,0.128204276,4,2116,38.9038,1.131252,0.8325,0.9502,0.1675,0.0498,0.681454135,0.250546549,228,7043.337561,0.006628215,0.156857523,0.169833967,0.015235764,0.089709757,0.060810113,0.042551314,2,0.183098592,0.190140845,0.292253521,266,213,479,0.004185856,0.537074588,0.000419051,0.001968762,0.000246709,0.169928342,1.969827148,3,0.000325145,0.00223779,0.0000658,74.43,340.998,32.356,145.374,163.268,9.488618702,42.63192159,47.8794597,0.478794597,2.38390841,1.123089411
菏泽,2020,山东,0.749458303,0.84797514,0.833128587,-2.7625,0.357613549,0.12788745,4.4,2009.818182,49.57383818,1.047985807,0.829094545,0.957227273,0.170905455,0.042772727,0.681314394,0.242160601,311.0363636,7832.592723,0.006890419,0.156857523,0.17223882,0.014915867,0.086599912,0.061594936,0.041709456,2,0.39084507,0.207746479,0.457746479,1232,252,1484,0.005188043,0.543417988,0.001406136,0.006629583,0.000283014,0.201334322,1.902872395,3,0.000295724,0.002039504,0.0000597,77.57,348.311,34.599,139.963,173.749,9.933364149,40.1833419,49.88329395,0.49883294,2.399499298,1.241392368
萍乡,2018,江西,0.341060138,0.908254611,0.584790548,-2.721538462,0.187670585,0.035220248,3,598,12.7836,1.104866,0.870679613,0.872514815,0.129320387,0.127485185,0.683477856,0.22081846,62,1733.44,0.015487152,0.156857523,0.185280783,0.007678245,0.04144113,0.034771753,0.040913417,3,0.070422535,0.031690141,0.091549296,83,52,135,0.000235045,0.459328349,0.000714751,0.0014792,0.000545108,0.138361749,2.01929334,3,0.000339844,0.002230517,0.000101412,83.93,84.953,5.936,38.724,40.293,6.987393029,45.58285169,47.42975528,0.474297553,2.404423622,1.040517509
萍乡,2019,江西,0.341060138,0.905759419,0.584790548,-2.721538462,0.187534329,0.035169124,4,656,12.9563,1.118595,0.876737798,0.846184815,0.123262202,0.153815185,0.677979446,0.223279423,18,1716.34,0.017717478,0.156857523,0.189745684,0.007945137,0.041872557,0.035583829,0.042366307,3,0.11971831,0.095070423,0.179577465,102,84,186,0.001927289,0.515993155,0.000869327,0.001213568,0.000317452,0.169928342,1.969827148,3,0.000325145,0.00223779,0.0000658,86.55,93.002,6.805,41.389,44.808,7.317046945,44.50334401,48.17960904,0.48179609,2.408625621,1.08260649
萍乡,2020,江西,0.341060138,0.885296303,0.584790548,-2.721538462,0.186416888,0.034751256,4.127272727,614.2,14.44862727,1.070682145,0.883901724,0.878483161,0.116098276,0.121516839,0.697839691,0.225367735,53.38181818,2014.337636,0.014009598,0.156857523,0.181800916,0.007637884,0.042012352,0.033890761,0.040972061,3,0.154929577,0.095070423,0.200704225,193,98,291,0.001586883,0.520861015,0.001122729,0.001752443,0.000315746,0.201334322,1.902872395,3,0.000295724,0.002039504,0.0000597,90.5,96.36036,7.62554,42.03128,46.70354,7.913565288,43.61884908,48.46758563,0.484675856,2.405540203,1.111161497
营口,2018,辽宁,0.171883385,1.051426102,1.206359167,-2.70703125,0.203352957,0.041352425,3,689,21.2294,1.449566,0.86985,0.8755,0.13015,0.1245,0.683972956,0.261651388,366,6358.573333,0.008363337,0.156857523,0.175947212,0.009361726,0.053207583,0.035779386,0.046036832,2,0.091549296,0.035211268,0.10915493,205,219,424,0.000443065,0.471891176,0.00014157,0.001839219,0.000333895,0.138361749,2.01929334,3,0.000339844,0.002230517,0.000101412,45.97,134.67,10.26,59.77,64.65,7.618623301,44.38256479,48.00623747,0.480062375,2.404024653,1.081646311
营口,2019,辽宁,0.171883385,1.053292894,1.206359167,-2.70703125,0.203454898,0.041393895,3,735,20.6107,1.655452,0.8589,0.85165,0.1411,0.14835,0.66422152,0.277542754,36,6187.603333,0.009782394,0.156857523,0.173537228,0.009799202,0.056467433,0.035306999,0.048164,2,0.10915493,0.028169014,0.126760563,132,58,190,0.000470046,0.486871848,0.00032489,0.002155917,0.000403369,0.169928342,1.969827148,3,0.000325145,0.00223779,0.0000658,60.23,132.82,10.8193,60.12081,61.87575,8.14583647,45.26487728,46.58616925,0.465861693,2.384340988,1.029190225
营口,2020,辽宁,0.171883385,1.052167759,1.206359167,-2.70703125,0.203393457,0.041368898,3.4,758.5636364,22.21023455,1.534377164,0.973404545,0.865589091,0.026595455,0.134410909,0.772908993,0.306604436,134.4727273,6662.319708,0.009076937,0.156857523,0.173792537,0.010837935,0.062361336,0.035348265,0.053285563,2,0.225352113,0.049295775,0.242957746,317,114,431,0.001097605,0.514071393,0.000811098,0.003463688,0.000316074,0.201334322,1.902872395,3,0.000295724,0.002039504,0.0000597,69.43,132.54577,10.73,58.44,63.38,8.09531681,44.09043005,47.81744449,0.478174445,2.397285104,1.084531143
葫芦岛,2018,辽宁,0.794603332,0.918596237,1.206359167,-2.70703125,0.422884046,0.178830916,1,668,16.6138,1.646279,0.883329494,0.859922178,0.116670506,0.140077822,0.689611826,0.280253077,23,6358.573333,0.006959433,0.156857523,0.166778018,0.019765623,0.118514555,0.070527763,0.046740053,2,0.045774648,0.028169014,0.066901408,48,30,78,0.000411068,0.457046917,0.000486581,0.00199025,0.000289867,0.138361749,2.01929334,3,0.000339844,0.002230517,0.000101412,46.83,81.28,12.36,34.36,34.56,15.20669291,42.27362205,42.51968504,0.42519685,2.273129921,1.005820722
葫芦岛,2019,辽宁,0.794603332,0.919869471,1.206359167,-2.70703125,0.422953574,0.178889726,1,714,15.9128,1.73289,0.89223125,0.850511793,0.10776875,0.149488207,0.693700198,0.291934923,2,6187.603333,0.007705952,0.156857523,0.168088104,0.020754665,0.123474919,0.071093464,0.049070788,2,0.052816901,0.11971831,0.154929577,51,234,285,0.002528351,0.510270495,0.001163777,0.00075364,0.000360571,0.169928342,1.969827148,3,0.000325145,0.00223779,0.0000658,45.94,80.71,13.30752,30.22284,37.18404,16.48806839,37.44621484,46.07116838,0.460711684,2.295940032,1.230329115
葫芦岛,2020,辽宁,0.794603332,0.914642122,1.206359167,-2.70703125,0.422668121,0.178648341,1.2,750.9454545,22.54513091,1.751664473,0.911510732,0.87643701,0.088489268,0.12356299,0.721798995,0.306528976,16.76363636,6662.319708,0.007432968,0.156857523,0.167922193,0.021756004,0.129560026,0.070975358,0.051473018,2,0.042253521,0.123239437,0.151408451,45,79,124,0.000777566,0.505597689,0.000282143,0.000828431,0.000285894,0.201334322,1.902872395,3,0.000295724,0.002039504,0.0000597,54.98,77.03502,14.11,25.96,36.96,18.31634496,33.69895925,47.97817927,0.479781793,2.296488013,1.423728814
蚌埠,2018,安徽,0.615726697,0.883471376,1.395498678,-2.775819672,0.371866591,0.138284762,5,840,23.5307,1.095052,0.88655,0.8509,0.11345,0.1491,0.688756319,0.23104864,159,1480.37,0.018164505,0.156857523,0.19310031,0.016591038,0.08591927,0.071807554,0.044615564,8,0.345070423,0.281690141,0.433098592,1420,649,2069,0.012356889,0.526825073,0.00411089,0.008569657,0.000347828,0.138361749,2.01929334,3,0.000339844,0.002230517,0.000101412,83.41,190.65,20.789,81.055,88.806,10.90427485,42.51507999,46.58064516,0.465806452,2.356763703,1.095626427
蚌埠,2019,安徽,0.615726697,0.883251359,1.395498678,-2.775819672,0.371854577,0.138275826,5,924,21.0783,1.21054,0.89935,0.85835,0.10065,0.14165,0.703354595,0.250183944,154,1583.49,0.019241208,0.156857523,0.195585946,0.01819576,0.093032045,0.072729529,0.048932463,8,0.411971831,0.51056338,0.60915493,2522,1804,4326,0.014627243,0.541286937,0.006718036,0.010089998,0.000346462,0.169928342,1.969827148,3,0.000325145,0.00223779,0.0000658,85.63,201.602,23.432,80.861,97.31,11.62290057,40.10922511,48.26837035,0.482683704,2.366464618,1.203423158
蚌埠,2020,安徽,0.615726697,0.88207644,1.395498678,-2.775819672,0.371790417,0.138228114,5.072727273,929.7818182,21.40172182,1.167786291,0.907013636,0.944827273,0.092986364,0.055172727,0.7461798,0.261905083,257.7545455,2210.621091,0.019075856,0.156857523,0.197268473,0.019208781,0.0973738,0.073342528,0.051665616,8,0.478873239,0.531690141,0.644366197,2297,1633,3930,0.010016415,0.539172535,0.007058194,0.00759579,0.00034838,0.201334322,1.902872395,3,0.000295724,0.002039504,0.0000597,88.34,201.835,25.72,77.884,98.23,12.74308222,38.58795551,48.66846682,0.486684668,2.359243937,1.261234657
衡水,2018,河北,0.404326243,0.981679875,0.239217094,-2.758571429,0.174077618,0.030303017,2,1270,18.8129,1.281659,0.5392,0.7376,0.4608,0.2624,0.329539408,0.115068874,91,3250.255907,0.005076451,0.156857523,0.162084762,0.003246706,0.020030916,0.028215329,0.018650911,2,0.116197183,0.112676056,0.193661972,204,185,389,0.005363423,0.518902891,0.000321852,0.002315495,0.000232087,0.138361749,2.01929334,3,0.000339844,0.002230517,0.000101412,69.35,155.87,20.05,63.93,71.89,12.86328351,41.01494835,46.12176814,0.461217681,2.332584846,1.124511184
衡水,2019,河北,0.404326243,0.979759814,0.239217094,-2.758571429,0.173972769,0.030266524,2,1360,20.6882,1.42924,0.5136,0.7457,0.4864,0.2543,0.309901299,0.125537534,96,3390.758861,0.005076451,0.156857523,0.162235815,0.003543248,0.021840112,0.028224614,0.020366684,2,0.193661972,0.084507042,0.23943662,237,161,398,0.003177595,0.527832386,0.000517913,0.00295187,0.000271326,0.169928342,1.969827148,3,0.000325145,0.00223779,0.0000658,74.92,150.4926739,21.66516,49.20707933,79.62043456,14.39615593,32.69732543,52.90651864,0.529065186,2.385103627,1.618068693
衡水,2020,河北,0.404326243,0.978096272,0.239217094,-2.758571429,0.173881927,0.030234924,2,1389.854545,22.57044,1.361335127,0.531834545,0.728387273,0.468165455,0.271612727,0.319092092,0.122189603,158.0363636,3625.637193,0.005536457,0.156857523,0.164486438,0.003494772,0.021246564,0.028601219,0.020098533,2,0.218309859,0.080985915,0.253521127,385,240,625,0.001936868,0.526825073,0.000547173,0.003990593,0.000271187,0.201334322,1.902872395,3,0.000295724,0.002039504,0.0000597,80.03,156.0201401,23.50930926,48.95587907,83.55495176,15.0681247,31.37792277,53.55395253,0.535539525,2.384858278,1.706739892
衡阳,2018,湖南,0.72309076,0.835471709,0.982053769,-2.781372549,0.362418293,0.131347019,8,1336,79.2008,1.350042,0.9372,0.6693,0.0628,0.3307,0.658800642,0.269503191,335,4208.197575,0.017968362,0.156857523,0.196926071,0.019234338,0.097672886,0.07136961,0.053072205,4,0.095070423,0.066901408,0.13028169,225,222,447,0.00081638,0.475139997,0.002194253,0.001938218,0.000559943,0.138361749,2.01929334,3,0.000339844,0.002230517,0.000101412,71.4,304.603,33.701,102.359,168.543,11.06390942,33.60406825,55.33202234,0.553320223,2.442681129,1.646587012
衡阳,2019,湖南,0.72309076,0.842145103,0.982053769,-2.781372549,0.36278271,0.131611295,8,1579,79.3112,1.452852,0.9432,0.6949,0.0568,0.3051,0.674831246,0.290412954,458,5340.433021,0.019188472,0.156857523,0.202420387,0.021326364,0.105356799,0.073434617,0.058785503,4,0.137323944,0.091549296,0.179577465,200,216,416,0.001172163,0.503752442,0.00180329,0.00145406,0.000394811,0.169928342,1.969827148,3,0.000325145,0.00223779,0.0000658,75.24,337.2677829,38.00783,109.16108,190.0988729,11.26933313,32.36629335,56.36437351,0.563643735,2.450950404,1.741452841
衡阳,2020,湖南,0.72309076,0.830407836,0.982053769,-2.781372549,0.362141767,0.131146659,8.745454545,1523.363636,54.38560909,1.335201269,0.943316364,0.672950909,0.056683636,0.327049091,0.665814111,0.271241128,345.7454545,5337.020346,0.019091028,0.156857523,0.200266396,0.019671716,0.098227741,0.072524826,0.054320483,4,0.200704225,0.14084507,0.271126761,493,340,833,0.001818175,0.527832386,0.001511479,0.002982066,0.000305071,0.201334322,1.902872395,3,0.000295724,0.002039504,0.0000597,79.68,350.85,44.16719,115.9324335,190.7504766,12.58862477,33.04330439,54.36809934,0.543680993,2.417795316,1.645359033
衢州,2018,浙江,0.023849946,0.869396619,0.622959665,-2.744736842,0.07261504,0.005272944,2,900,17.5824,1.178059,0.87222,0.850383333,0.12778,0.149616667,0.67566456,0.228800049,225,5306,0.006428635,0.156857523,0.168506707,0.002799625,0.016614325,0.012236121,0.038554343,14,0.232394366,0.264084507,0.376760563,629,610,1239,0.009639284,0.529858614,0.00313925,0.00353014,0.000312192,0.138361749,2.01929334,3,0.000339844,0.002230517,0.000101412,92.48,145.70806,8.08832,63.13681,74.48293,5.551045014,43.33103467,51.11792031,0.511179203,2.455668753,1.179706894
衢州,2019,浙江,0.023849946,0.878313861,0.622959665,-2.744736842,0.073101989,0.005343901,2,879,21.4039,1.299176,0.87858,0.854516667,0.12142,0.145483333,0.68309745,0.245253757,475,5024.860477,0.007251635,0.156857523,0.174589708,0.003130138,0.017928537,0.012762855,0.042818782,14,0.186619718,0.295774648,0.36971831,344,511,855,0.004692585,0.528843559,0.003801709,0.001646451,0.000338512,0.169928342,1.969827148,3,0.000325145,0.00223779,0.0000658,87.31,157.45739,8.651,64.76736,84.03902,5.494184808,41.13326151,53.37254733,0.533725473,2.478783498,1.297552039
衢州,2020,浙江,0.023849946,0.868688133,0.622959665,-2.744736842,0.072576352,0.005267327,2.181818182,975.3272727,14.08479455,1.25280126,0.888186182,0.798154545,0.111813818,0.201845455,0.668306415,0.235259588,495.1272727,6159.294937,0.007453634,0.156857523,0.175935763,0.003003977,0.017074283,0.012768776,0.041390575,14,0.285211268,0.338028169,0.429577465,574,1116,1690,0.004016444,0.527832386,0.004349191,0.002001799,0.000446069,0.201334322,1.902872395,3,0.000295724,0.002039504,0.0000597,90.12,162.7236,9.17189,65.04805,88.50366,5.636484198,39.97456423,54.38895157,0.543889516,2.487524674,1.36058898
襄阳,2018,湖北,0.007912444,0.957035536,0.556737347,-2.744369369,0.064327819,0.004138068,5,1563,34.7835,1.281117,0.88855,0.8441,0.11145,0.1559,0.687727559,0.263177444,145,2850.56,0.007197037,0.156857523,0.167794227,0.002840694,0.016929631,0.010793837,0.044159656,13,0.102112676,0.11971831,0.183098592,248,202,450,0.002384878,0.501920615,0.002447261,0.002221306,0.000380959,0.138361749,2.01929334,3,0.000339844,0.002230517,0.000101412,83.23,430.98,41.48,221.82,167.68,9.624576546,51.46874565,38.9066778,0.389066778,2.292821013,0.75592823
襄阳,2019,湖北,0.007912444,0.963070976,0.556737347,-2.744369369,0.064657399,0.004180579,5,1392,35.2041,1.326469,0.888466667,0.8279,0.111533333,0.1721,0.680920208,0.263245291,210,3300,0.010580986,0.156857523,0.177048026,0.003013491,0.017020756,0.011447465,0.046607059,13,0.169014085,0.133802817,0.25,335,223,558,0.003677183,0.525821596,0.002507416,0.002803427,0.000299669,0.169928342,1.969827148,3,0.000325145,0.00223779,0.0000658,82.2,481.2839675,44.92473,232.9244548,203.4347827,9.334349996,48.3964708,42.2691792,0.422691792,2.329348292,0.873393834
襄阳,2020,湖北,0.007912444,0.965587765,0.556737347,-2.744369369,0.064794835,0.004198371,5.309090909,1550.6,40.30398364,1.3214122,0.903375879,0.839456061,0.096624121,0.160543939,0.699120251,0.273219141,245.1909091,3361.586919,0.009666449,0.156857523,0.175536525,0.003107556,0.017703189,0.01137386,0.047959939,13,0.126760563,0.197183099,0.264084507,201,345,546,0.002649172,0.533958101,0.003129558,0.00108474,0.000330686,0.201334322,1.902872395,3,0.000295724,0.002039504,0.0000597,83.77,460.197016,51.301,210.413,198.483,11.14761683,45.72237383,43.13000587,0.431300059,2.319823821,0.943301982
西宁,2018,青海,0.723088648,1.166300676,1.13338189,-2.766935484,0.398157132,0.158529101,10,803,125.6748,1.443601,0.9049,0.8317,0.0951,0.1683,0.69726654,0.297755321,3,473.98,0.032125109,0.156857523,0.222676563,0.026399065,0.118553404,0.088660262,0.066303131,8,0.112676056,0.052816901,0.14084507,121,95,216,0.00237996,0.49472462,0.000603127,0.001996391,0.000240625,0.138361749,2.01929334,3,0.000339844,0.002230517,0.000101412,87.53,128.641,4.608,46.799,77.234,3.582061707,36.37953685,60.03840144,0.600384014,2.564563397,1.650334409
西宁,2019,青海,0.723088648,1.168186245,1.13338189,-2.766935484,0.398260098,0.158611106,10,892,228.3519,1.502186,0.9239,0.83275,0.0761,0.16725,0.714776439,0.326827843,3,381.68,0.033515414,0.156857523,0.225891961,0.02940266,0.130162489,0.089963755,0.073827782,8,0.112676056,0.077464789,0.158450704,187,178,365,0.004589927,0.503752442,0.000604234,0.002662263,0.000311973,0.169928342,1.969827148,3,0.000325145,0.00223779,0.0000658,86.07,132.7815762,5.13368,39.87785,87.77004614,3.866259272,30.03266805,66.10107266,0.661010727,2.622348134,2.200972373
西宁,2020,青海,0.723088648,1.17587039,1.13338189,-2.766935484,0.39867971,0.158945511,10.36363636,888.2363636,147.6276582,1.488911873,0.943255455,0.842687273,0.056744545,0.157312727,0.736299165,0.322651016,4.181818182,881.5262182,0.033358644,0.156857523,0.225777308,0.029042732,0.128634413,0.090012832,0.072847278,8,0.116197183,0.116197183,0.183098592,172,197,369,0.001244315,0.51792934,0.001909628,0.001256417,0.000355314,0.201334322,1.902872395,3,0.000295724,0.002039504,0.0000597,91.69,137.298,5.717,41.872,89.709,4.163935381,30.49716675,65.33889787,0.653388979,2.611749625,2.142457967
西安,2018,陕西,0.028705251,1.29060922,0.843466398,-2.719130435,0.123456111,0.015241411,63,3925,149.5207,1.271767,0.865334783,0.8438875,0.134665217,0.1561125,0.666777887,0.429951226,1814,49917.47,0.069219144,0.156857523,0.363648925,0.019302524,0.053080106,0.044894682,0.156351301,51,0.316901408,0.334507042,0.475352113,1504,1739,3243,0.014672926,0.532927293,0.013033055,0.007804807,0.00026464,0.138361749,2.01929334,3,0.000339844,0.002230517,0.000101412,97.43,849.9406,25.8982,286.1864,537.856,3.047059995,33.67134127,63.28159874,0.632815987,2.602345387,1.879390495
西安,2019,陕西,0.028705251,1.290841817,0.843466398,-2.719130435,0.123468812,0.015244548,63,4387,146.5282,1.331881,0.874526923,0.823118519,0.125473077,0.176881481,0.666406745,0.44262712,2599,47002.1164,0.070558704,0.156857523,0.378887123,0.020706426,0.054650645,0.046780743,0.167705716,51,0.394366197,0.468309859,0.595070423,2119,2230,4349,0.012990381,0.541286937,0.009507218,0.0095199,0.00026014,0.169928342,1.969827148,3,0.000325145,0.00223779,0.0000658,97.35,939.9983,27.9128,313.0795,599.006,2.969452179,33.30639002,63.7241578,0.637241578,2.607547056,1.91327123
西安,2020,陕西,0.028705251,1.348683532,0.843466398,-2.719130435,0.126627406,0.0160345,67.36363636,4565.254545,161.5093091,1.320166018,0.882642407,0.893355356,0.117357593,0.106644644,0.702888712,0.469239172,1977.290909,50868.08269,0.071606792,0.156857523,0.372485597,0.02213255,0.059418539,0.047166885,0.174784833,51,0.471830986,0.471830986,0.623239437,2696,3262,5958,0.008727271,0.533958101,0.026971058,0.008586414,0.000358256,0.201334322,1.902872395,3,0.000295724,0.002039504,0.0000597,96.81,1002.373,31.275,334.097,637.001,3.120096012,33.33060647,63.54929752,0.635492975,2.604292015,1.906634899
许昌,2018,河南,0.333360941,0.855627012,0.693147181,-2.725396825,0.193659629,0.037504052,4,1095,26.4962,1.352483,0.869925,0.803416667,0.130075,0.196583333,0.654083642,0.248342133,64,1694.198628,0.011068764,0.156857523,0.174941838,0.008413626,0.048093846,0.033879172,0.043445429,7,0.077464789,0.257042254,0.299295775,159,349,508,0.002971265,0.51792934,0.001366129,0.001211771,0.000253881,0.138361749,2.01929334,3,0.000339844,0.002230517,0.000101412,76.57,283.0621866,14.838,163.488,104.735,5.24195767,57.75691977,37.00070336,0.370007034,2.317579073,0.640628058
许昌,2019,河南,0.333360941,0.853595033,0.693147181,-2.725396825,0.193548668,0.037461087,4,1140,26.2011,1.507154,0.874975,0.811383333,0.125025,0.188616667,0.66193243,0.269017366,163,1826.878307,0.012615959,0.156857523,0.180326424,0.009389228,0.052067953,0.034901939,0.04851094,7,0.063380282,0.295774648,0.320422535,203,436,639,0.001784014,0.504673378,0.000983876,0.000956533,0.000289167,0.169928342,1.969827148,3,0.000325145,0.00223779,0.0000658,79.87,337.3496286,16.22721,179.8159511,141.3064675,4.810205385,53.302549,41.88724562,0.418872456,2.370770402,0.785839447
许昌,2020,河南,0.333360941,0.850898754,0.693147181,-2.725396825,0.193401431,0.037404113,4.490909091,1160.054545,28.58684545,1.427288545,0.884054091,0.823746667,0.115945909,0.176253333,0.675228975,0.266890967,121.2727273,2026.516483,0.011506034,0.156857523,0.177102852,0.009141535,0.051617095,0.034251945,0.047267151,7,0.112676056,0.197183099,0.235915493,184,281,465,0.002057596,0.52184563,0.000531468,0.001073923,0.000305236,0.201334322,1.902872395,3,0.000295724,0.002039504,0.0000597,81.57,338.9372258,18.3677399,175.3121536,145.2573323,5.419215861,51.72407758,42.85670655,0.428567066,2.374374907,0.82856396
贵港,2018,广西,0.732379768,0.785547578,1.221554819,0.410996293,0.611707968,0.374186638,1,810,20.5214,1.416347,0.8627,0.8057,0.1373,0.1943,0.648540123,0.241897048,2,4685.181767,0.017420263,0.156857523,0.190155812,0.028137422,0.147970352,0.116319825,0.04599813,1,0.165492958,0.063380282,0.207746479,146,53,199,0.003222943,0.505597689,0.001334758,0.001991744,0.00025418,0.138361749,2.01929334,3,0.000339844,0.002230517,0.000101412,45.16,116.9875353,19.82085,49.4039436,47.7627417,16.94270244,42.23009184,40.82720572,0.408272057,2.238845033,0.966779941
贵港,2019,广西,0.732379768,0.784795777,1.221554819,0.410996293,0.611666914,0.374136414,1,965,20.9282,1.370613,0.8118,0.8057,0.1882,0.1943,0.602801018,0.221842637,9,5191.525361,0.021000992,0.156857523,0.198903139,0.026989923,0.135693801,0.121662469,0.044125197,1,0.172535211,0.11971831,0.228873239,183,132,315,0.002927275,0.511215441,0.000406056,0.001620843,0.000295784,0.169928342,1.969827148,3,0.000325145,0.00223779,0.0000658,52.52,125.753,21.53529,45.9794173,58.2382934,17.12507057,36.56327666,46.31165332,0.463116533,2.291865839,1.266616604
贵港,2020,广西,0.732379768,0.772968655,1.221554819,0.082407087,0.588144754,0.345914252,1,947.3636364,25.25601636,1.474000364,0.835598182,0.817101818,0.164401818,0.182898182,0.628924653,0.243510427,22.8,5506.499019,0.020020887,0.156857523,0.196989193,0.02821267,0.14321938,0.115858161,0.047968923,1,0.197183099,0.193661972,0.309859155,175,174,349,0.003251899,0.529858614,0.000673363,0.00125618,0.000272088,0.201334322,1.902872395,3,0.000295724,0.002039504,0.0000597,44.13,135.27318,22.65626,49.16621,63.45071,16.74852325,36.34586693,46.90560982,0.469056098,2.301570866,1.290534902
贵阳,2018,贵州,0.701476016,1.393810491,0.951913123,-2.76748366,0.382683016,0.14644629,34,1905,68.3391,1.261738,0.8752625,0.7759875,0.1247375,0.2240125,0.647480823,0.318313351,947,3493.8,0.064979425,0.156857523,0.317258937,0.038646299,0.121813113,0.121409607,0.100987755,21,0.218309859,0.095070423,0.25,588,378,966,0.003768886,0.51311587,0.00128594,0.007112118,0.000370581,0.138361749,2.01929334,3,0.000339844,0.002230517,0.000101412,96.94,372.497,15.311,137.475,219.711,4.110368674,36.9063375,58.98329383,0.589832938,2.548729252,1.598188762
贵阳,2019,贵州,0.701476016,1.389851109,0.951913123,-2.76748366,0.382466804,0.146280856,34,1938,67.7,1.46015,0.87566875,0.75520625,0.12433125,0.24479375,0.639209519,0.337522697,647,4151.15,0.069142309,0.156857523,0.322178891,0.041590468,0.129091227,0.123222731,0.108742688,21,0.278169014,0.211267606,0.35915493,870,715,1585,0.005138318,0.539172535,0.00262134,0.005022499,0.00029238,0.169928342,1.969827148,3,0.000325145,0.00223779,0.0000658,97.65,403.96,16.134,147.527,240.299,3.993959798,36.52020002,59.48584018,0.594858402,2.554918804,1.628847601
贵阳,2020,贵州,0.701476016,1.472032083,0.951913123,-2.76748366,0.386954504,0.149733788,35.78181818,2010.018182,74.39437818,1.451788527,0.877210126,0.723856167,0.122789874,0.276143833,0.627566005,0.33804708,605.4363636,5420.977273,0.069286389,0.156857523,0.322394806,0.042172091,0.13080884,0.124752122,0.108984623,21,0.257042254,0.292253521,0.404929577,549,639,1188,0.005225838,0.536031724,0.001568482,0.002457853,0.000242757,0.201334322,1.902872395,3,0.000295724,0.002039504,0.0000597,96.92,431.566,17.828,156.384,257.354,4.131001979,36.23640417,59.63259386,0.596325939,2.555015919,1.645654287
贺州,2018,广西,0.533423501,0.842828677,0.682908105,0.410996293,0.483047499,0.233334886,1,413,10.705,1.02435,0.8312,0.9023,0.1688,0.0977,0.660379452,0.195923367,10,149.5458186,0.008009264,0.156857523,0.166127535,0.015722358,0.094640292,0.08024749,0.032548266,1,0.13028169,0.144366197,0.228873239,179,199,378,0.003599481,0.512163892,0.000657676,0.001636674,0.00027592,0.138361749,2.01929334,3,0.000339844,0.002230517,0.000101412,53.25,60.983,11.96156,21.3394468,26.9618779,19.61458111,34.99245167,44.21212125,0.442121212,2.222358482,1.263475954
贺州,2019,广西,0.533423501,0.842239186,0.682908105,0.410996293,0.483015308,0.233303788,1,503,10.9466,1.12632,0.8068,0.9039,0.1932,0.0961,0.639118372,0.200498995,10,208.4119736,0.008392078,0.156857523,0.167052082,0.016178006,0.096844084,0.080688713,0.033493775,1,0.084507042,0.154929577,0.200704225,102,268,370,0.001796519,0.504673378,0.001476418,0.000871105,0.00038695,0.169928342,1.969827148,3,0.000325145,0.00223779,0.0000658,58.28,70.011,13.42765,24.4879233,32.0951949,19.17934325,34.97725115,45.84307452,0.458430745,2.266630691,1.310654011
贺州,2020,广西,0.533423501,0.81776161,0.682908105,0.082407087,0.458802338,0.210499585,1,455.9090909,14.56849455,1.055861782,0.774470909,0.913801818,0.225529091,0.086198182,0.614182261,0.183137889,21.38181818,145.9080374,0.008353472,0.156857523,0.167127615,0.014042746,0.084024092,0.07667854,0.030607399,1,0.161971831,0.077464789,0.211267606,144,116,260,0.001332625,0.524821935,0.000494972,0.00118307,0.000302589,0.201334322,1.902872395,3,0.000295724,0.002039504,0.0000597,52.19,75.3951,14.41674,25.75947,35.21889,19.12158748,34.16597365,46.71243887,0.467124389,2.275908514,1.367221065
资阳,2018,四川,0.001931526,0.678714743,1.249300169,-2.740873016,0.123480252,0.015247373,1,570,12.8825,1.263944333,0.846570663,0.85911544,0.153429337,0.14088456,0.65624481,0.223423839,46,196.19,0.001871544,0.156857523,0.152381855,0.004203976,0.027588432,0.01881615,0.034045739,0,0.031690141,0.028169014,0.049295775,35,97,132,0.0000511,0.383944837,0.000308359,0.000648939,0.00080366,0.138361749,2.01929334,3,0.000339844,0.002230517,0.000101412,56.95,72.863,12.782,22.495,37.586,17.54251129,30.87300825,51.58448046,0.515844805,2.340419692,1.670860191
资阳,2019,四川,0.001931526,0.680530405,1.249300169,-2.740873016,0.123579401,0.015271868,3,640,12.8621,1.3384706,0.847053113,0.859014767,0.152946887,0.140985233,0.656636504,0.23714318,46,222.41,0.003390558,0.156857523,0.155954025,0.004570391,0.029306012,0.019272705,0.036983433,0,0.021126761,0.031690141,0.042253521,27,41,68,0.000117725,0.417003532,0.000520972,0.000928379,0.000584226,0.169928342,1.969827148,3,0.000325145,0.00223779,0.0000658,51.81,77.737,14.206,23.765,39.809,18.27443817,30.57102795,51.20984859,0.512098486,2.330460399,1.675110457
资阳,2020,四川,0.001931526,0.641619347,1.249300169,-2.740873016,0.121454563,0.014751211,1.612987013,631.2,14.02318545,1.358975389,0.848763765,0.87400106,0.151236235,0.12599894,0.664401779,0.239380906,104.8545455,233.1403636,0.002852255,0.156857523,0.155706206,0.004526987,0.029073903,0.018911229,0.037273093,0,0.024647887,0.042253521,0.063380282,14,25,39,0.000281633,0.474323605,0.000283764,0.000569971,0.000267684,0.201334322,1.902872395,3,0.000295724,0.002039504,0.0000597,61.47,80.75,16.85,22.863,41.037,20.86687307,28.31331269,50.81981424,0.508198142,2.299529412,1.794908805
赣州,2018,江西,0.693973056,0.902984767,0.584790548,-2.721538462,0.315908027,0.099797882,10,2261,55.42,1.221554,0.933966667,0.8776,0.066033333,0.1224,0.742461379,0.300991021,22,5315.9,0.011560497,0.156857523,0.177058984,0.016835738,0.095085479,0.055934354,0.053293164,9,0.242957746,0.306338028,0.411971831,457,598,1055,0.010712684,0.533958101,0.006112951,0.002773414,0.000345182,0.138361749,2.01929334,3,0.000339844,0.002230517,0.000101412,82.03,317.028,34.03,119.424,127.27,10.73406765,37.66985881,40.14471908,0.401447191,2.065079425,1.065698687
赣州,2019,江西,0.693973056,0.907141209,0.584790548,-2.721538462,0.316135,0.099941338,10,2470,56.25,1.269345,0.9351,0.825066667,0.0649,0.174933333,0.721647766,0.30152396,149,5754.93,0.012339876,0.156857523,0.181266523,0.017278738,0.095322277,0.057304692,0.0546562,9,0.313380282,0.397887324,0.51056338,796,760,1556,0.011095604,0.544489819,0.004862997,0.003486929,0.000261757,0.169928342,1.969827148,3,0.000325145,0.00223779,0.0000658,84.17,347.434,37.632,136.819,172.983,10.83140971,39.37985344,49.78873685,0.497887369,2.389573271,1.264320014
赣州,2020,江西,0.693973056,0.893679748,0.584790548,-2.721538462,0.315399903,0.099477099,10.18181818,2308.636364,59.15861818,1.316658127,0.950631515,0.813379697,0.049368485,0.186620303,0.730747574,0.308700821,105.1454545,6142.406545,0.012202457,0.156857523,0.180373033,0.017561878,0.097364209,0.056889637,0.055681304,9,0.419014085,0.373239437,0.545774648,1095,657,1752,0.0098625,0.546646214,0.004542047,0.004745399,0.000271324,0.201334322,1.902872395,3,0.000295724,0.002039504,0.0000597,87.61,364.52004,41.46447,138.91888,184.13669,11.37508654,38.11008031,50.51483315,0.505148331,2.391397466,1.325497945
赤峰,2018,内蒙古,0.455973193,0.887703794,1.319275681,-2.769246032,0.305979769,0.093623619,4,805,27.3944,1.372527,0.8954,0.8189,0.1046,0.1811,0.683410291,0.257619309,671,905.43,0.005661321,0.156857523,0.172305953,0.01358224,0.078826296,0.052722136,0.04438934,2,0.059859155,0.038732394,0.091549296,52,35,87,0.000832729,0.492079034,0.000367341,0.001815547,0.000271808,0.138361749,2.01929334,3,0.000339844,0.002230517,0.000101412,54.06,154.98,30.53106,47.73384,76.7151,19.7,30.8,49.5,0.495,2.298,1.607142857
赤峰,2019,内蒙古,0.455973193,0.882521739,1.319275681,-2.769246032,0.30569679,0.093450527,4,907,28.1169,1.40786,0.9296,0.8196,0.0704,0.1804,0.714433565,0.274798024,183,904.44,0.00582619,0.156857523,0.1643276,0.013804319,0.084004874,0.05023442,0.0451569,2,0.066901408,0.066901408,0.112676056,55,45,100,0.001032401,0.508391046,0.0000987,0.001076319,0.000287212,0.169928342,1.969827148,3,0.000325145,0.00223779,0.0000658,51.27,170.83785,32.37504,50.82242,87.64039,18.95074189,29.74892274,51.30033538,0.513003354,2.323495935,1.724443464
赤峰,2020,内蒙古,0.455973193,0.870243083,1.319275681,-2.769246032,0.305026282,0.093041033,4.690909091,890.4,33.19400545,1.293753964,0.942949091,0.806849091,0.057050909,0.193150909,0.721130075,0.266687448,664.0363636,1008.196909,0.006107432,0.156857523,0.173279907,0.014095745,0.081346681,0.052854926,0.046211576,2,0.080985915,0.063380282,0.126760563,80,75,155,0.000512628,0.497398807,0.000415024,0.001153114,0.000333412,0.201334322,1.902872395,3,0.000295724,0.002039504,0.0000597,60.98,176.36,34.644,54.996,86.72,19.64391018,31.18394194,49.17214788,0.491721479,2.295282377,1.576841952
辽源,2018,吉林,0.197895244,1.027780224,0.35762716,-2.756653226,0.114592569,0.013131457,1,228,6.4617,1.132311,0.801441176,0.853931111,0.198558824,0.146068889,0.613536604,0.186938132,113,17033.78066,0.019572235,0.156857523,0.202845532,0.0043453,0.021421721,0.023244591,0.037919565,1,0.021126761,0.021126761,0.038732394,30,27,57,0.000125963,0.401828731,0.000400469,0.001673669,0.000288098,0.138361749,2.01929334,3,0.000339844,0.002230517,0.000101412,53.65,62.16011,3.60741,30.25656,28.29614,5.803416371,48.67520344,45.52138019,0.455213802,2.397179638,0.935206778
辽源,2019,吉林,0.197895244,1.024336591,0.35762716,-2.756653226,0.114404521,0.013088394,1,259,6.1764,1.132311,0.806465882,0.842972222,0.193534118,0.157027778,0.613497497,0.187324935,4,16865.63607,0.020708688,0.156857523,0.203562471,0.004362511,0.02143082,0.023288467,0.038132327,1,0.056338028,0.021126761,0.070422535,38,24,62,0.000166432,0.469483568,0.0000964,0.001290749,0.000343987,0.169928342,1.969827148,3,0.000325145,0.00223779,0.0000658,41.75,41.03836,4.01664,12.05935,24.96237,9.787525622,29.38555537,60.82691901,0.60826919,2.510393934,2.069959824
辽源,2020,吉林,0.197895244,1.031224468,0.35762716,-2.756653226,0.114780651,0.013174598,0.727272727,258.3090909,6.704169091,1.167431364,0.803214647,0.86709317,0.196785353,0.13290683,0.620600203,0.193366959,35.36363636,17990.70774,0.020460823,0.156857523,0.204042457,0.004528679,0.022194785,0.023420126,0.039455069,1,0.056338028,0.049295775,0.095070423,62,61,123,0.00088958,0.50283486,0.000170492,0.001270025,0.000214068,0.201334322,1.902872395,3,0.000295724,0.002039504,0.0000597,44.24,42.99,4.984,12.099,25.907,11.59339381,28.14375436,60.26285183,0.602628518,2.48669458,2.141251343
辽阳,2018,辽宁,0.178519197,1.043899658,1.206359167,-2.70703125,0.205358612,0.04217216,2,497,13.2823,1.186748,0.8587,0.9449,0.1413,0.0551,0.702795045,0.233634384,6,6358.573333,0.008713818,0.156857523,0.170598232,0.008185104,0.047978833,0.035033816,0.039857613,2,0.056338028,0.038732394,0.080985915,92,78,170,0.000586079,0.467892098,0.000180525,0.001672255,0.000465243,0.138361749,2.01929334,3,0.000339844,0.002230517,0.000101412,34.23,80.3,7.58,38.67,34.05,9.439601494,48.15691158,42.40348692,0.424034869,2.329638854,0.880527541
辽阳,2019,辽宁,0.178519197,1.044724771,1.206359167,-2.70703125,0.20540367,0.042190668,2,531,13.1688,1.155029,0.8805,0.9463,0.1195,0.0537,0.722966499,0.238208063,1,6187.603333,0.011260154,0.156857523,0.176400622,0.008631073,0.04892881,0.036233335,0.04202005,2,0.077464789,0.035211268,0.105633803,83,62,145,0.000405064,0.489461592,0.000211796,0.001744852,0.000320357,0.169928342,1.969827148,3,0.000325145,0.00223779,0.0000658,45.05,83.1,8.07013,39.3479,35.68394,9.711347774,47.35006017,42.9409627,0.429409627,2.332343562,0.906882959
辽阳,2020,辽宁,0.178519197,1.043563716,1.206359167,-2.70703125,0.205340267,0.042164625,1.290909091,566.1272727,13.70257091,1.265247189,0.8869,0.930978182,0.1131,0.069021818,0.722350076,0.249212483,6.709090909,6662.319708,0.009770169,0.156857523,0.173227343,0.008864625,0.051173358,0.035570549,0.043170416,2,0.10915493,0.049295775,0.147887324,111,80,191,0.000546954,0.509329037,0.000138468,0.001430235,0.00024724,0.201334322,1.902872395,3,0.000295724,0.002039504,0.0000597,58.23,83.77492,8.88,37.61,37.28,10.59983107,44.89410435,44.5001917,0.445001917,2.338886149,0.991225738
达州,2018,四川,0.013654029,0.819014719,1.249300169,-2.740873016,0.135410835,0.018336094,2,960,26.2908,1.208505,0.8945,0.8786,0.1055,0.1214,0.707411934,0.246256144,23,86.6,0.004804695,0.156857523,0.15881082,0.005295666,0.03334575,0.021504706,0.03910814,1,0.056338028,0.080985915,0.11971831,52,88,140,0.000594521,0.463960232,0.001784816,0.000854739,0.00045382,0.138361749,2.01929334,3,0.000339844,0.002230517,0.000101412,56.74,187.953,31.363,65.326,91.264,16.68661846,34.75656148,48.55682006,0.485568201,2.318702016,1.397054771
达州,2019,四川,0.013654029,0.823261464,1.249300169,-2.740873016,0.13564274,0.018398953,3,1040,8.152,1.442958,0.8757,0.8729,0.1243,0.1271,0.688149289,0.265632612,63,286.93,0.00551457,0.156857523,0.161253267,0.005810138,0.036031135,0.021872835,0.042834126,1,0.073943662,0.102112676,0.158450704,65,80,145,0.000953021,0.501920615,0.001586639,0.000901751,0.000300959,0.169928342,1.969827148,3,0.000325145,0.00223779,0.0000658,59.06,202.751,34.483,70.627,99.039,17.007561,34.83435347,48.84760124,0.488476012,2.332190717,1.402282413
达州,2020,四川,0.013654029,0.811895971,1.249300169,-2.740873016,0.135022098,0.018230967,2.363636364,1154.236364,22.64907091,1.316047727,0.898423636,0.870301818,0.101576364,0.129698182,0.707489147,0.261221359,165.1272727,236.4587273,0.00530192,0.156857523,0.162481875,0.005730842,0.035270656,0.021938644,0.042443736,1,0.073943662,0.095070423,0.144366197,73,85,158,0.001488061,0.514071393,0.00070221,0.00093962,0.000284173,0.201334322,1.902872395,3,0.000295724,0.002039504,0.0000597,63.58,211.78,39.357,72.03,100.393,18.58390783,34.01171027,47.40438191,0.474043819,2.288204741,1.393766486
运城,2018,山西,0.005134475,0.938505356,1.196748608,-2.762826087,0.131516334,0.017296546,7,1370,26.1478,1.469991,0.83895,0.897533333,0.16105,0.102466667,0.665362705,0.275970284,135,1169.99,0.011074345,0.156857523,0.175928022,0.006385237,0.0362946,0.023137409,0.048550906,5,0.077464789,0.049295775,0.116197183,84,62,146,0.001069339,0.499197718,0.000307127,0.001844955,0.000335254,0.138361749,2.01929334,3,0.000339844,0.002230517,0.000101412,67.34,150.96407,22.57096,55.60409,72.78902,14.95121323,36.83266489,48.21612189,0.482161219,2.332649087,1.30905874
运城,2019,山西,0.005134475,0.93259617,1.196748608,-2.762826087,0.131193648,0.017211773,7,1544,26.0272,1.480218,0.8565,0.8963,0.1435,0.1037,0.680620706,0.28532726,173,1070,0.01182155,0.156857523,0.178283986,0.006673727,0.037433124,0.023389726,0.050869281,5,0.102112676,0.042253521,0.133802817,167,110,277,0.000779461,0.498296639,0.000612323,0.002186902,0.000352201,0.169928342,1.969827148,3,0.000325145,0.00223779,0.0000658,73.7,155.3535,23.6801,54.07422,77.59921,15.24272063,34.80721065,49.95008803,0.49950088,2.34707406,1.435050011
运城,2020,山西,0.005134475,0.92297017,1.196748608,-2.762826087,0.130667996,0.017074125,8.345454545,1523.709091,49.35921091,1.524066764,0.851611818,0.913942121,0.148388182,0.086057879,0.683559942,0.297254219,157.9454545,1316.226,0.014053442,0.156857523,0.183371163,0.007122432,0.038841613,0.023960742,0.054507852,5,0.154929577,0.11971831,0.23943662,112,74,186,0.003282663,0.536031724,0.001129299,0.001203146,0.000187901,0.201334322,1.902872395,3,0.000295724,0.002039504,0.0000597,76.27,164.36485,26.79317,56.09688,81.4748,16.30103395,34.12948693,49.56947912,0.495694791,2.332684452,1.4523945
连云港,2018,江苏,0.639494664,0.85728188,0.622959665,-2.742943548,0.296286249,0.087785541,5,1509,34.7822,1.246375,0.859416667,0.895828571,0.140583333,0.104171429,0.683045726,0.256795509,121,9546.71,0.009190534,0.156857523,0.175169483,0.013327766,0.076084978,0.051900309,0.044982737,10,0.144366197,0.126760563,0.214788732,256,206,462,0.003500025,0.512163892,0.000546376,0.002598728,0.000313768,0.138361749,2.01929334,3,0.000339844,0.002230517,0.000101412,42.64,292.304,33.56,126.982,131.762,11.48119766,43.44175926,45.07704308,0.450770431,2.335958454,1.037643131
连云港,2019,江苏,0.639494664,0.859059524,0.622959665,-2.742943548,0.296383322,0.087843073,5,1747,35.6152,1.334425,0.852485714,0.874875,0.147514286,0.125125,0.668109544,0.264415511,163,9322.37,0.010433684,0.156857523,0.178698467,0.014004304,0.078368348,0.052963245,0.047250647,10,0.242957746,0.190140845,0.334507042,444,283,727,0.008872877,0.532927293,0.000543525,0.003167497,0.000259134,0.169928342,1.969827148,3,0.000325145,0.00223779,0.0000658,49.84,312.529,36.264,134.915,141.35,11.6034032,43.16879394,45.22780286,0.452278029,2.336243997,1.047696698
连云港,2020,江苏,0.639494664,0.84152256,0.622959665,-2.742943548,0.295425671,0.087276327,5.236363636,1676.163636,36.64616909,1.248363964,0.883716818,0.888672825,0.116283182,0.111327175,0.701908199,0.267300084,179.4727273,9985.975509,0.009807435,0.156857523,0.177821795,0.014042108,0.078967307,0.052533123,0.047531781,10,0.292253521,0.183098592,0.362676056,477,289,766,0.005013295,0.545565885,0.001481044,0.003138241,0.000261734,0.201334322,1.902872395,3,0.000295724,0.002039504,0.0000597,59.25,327.707,38.61,137.235,151.862,11.78186612,41.87734775,46.34078613,0.463407861,2.3455892,1.106583597
通化,2018,吉林,0.522834261,1.027780224,0.35762716,-2.756653226,0.232930139,0.05425645,1,485,12.394,1.38434,0.8192,0.9609,0.1808,0.0391,0.673949413,0.242144016,107,17033.78066,0.019572235,0.156857523,0.202742692,0.011435223,0.056402639,0.047224884,0.04909293,6,0.031690141,0.042253521,0.063380282,38,34,72,0.000632445,0.461632672,0.000127876,0.000920956,0.000368746,0.138361749,2.01929334,3,0.000339844,0.002230517,0.000101412,56.39,82.93,7.07423,32.11993,43.73584,8.530362957,38.73137586,52.73826118,0.527382612,2.442078982,1.361641822
通化,2019,吉林,0.522834261,1.024336591,0.35762716,-2.756653226,0.232742091,0.054168881,1,520,12.2137,1.47686,0.8325,0.9502,0.1675,0.0498,0.681454135,0.25568679,94,16865.63607,0.020708688,0.156857523,0.205105064,0.012205613,0.059509078,0.047736581,0.052442655,6,0.042253521,0.042253521,0.073943662,30,34,64,0.000196883,0.475959203,0.0000522,0.000943441,0.000249572,0.169928342,1.969827148,3,0.000325145,0.00223779,0.0000658,57.25,72.57567,7.52025,22.84124,42.21418,10.36194361,31.47231021,58.16574618,0.581657462,2.478038026,1.84815623
通化,2020,吉林,0.522834261,1.031224468,0.35762716,-2.756653226,0.233118221,0.054344105,1,523.1636364,13.12371455,1.396970418,0.815776364,0.96166,0.184223636,0.03834,0.671188753,0.243148608,79.56363636,17990.70774,0.020460823,0.156857523,0.204800041,0.011608552,0.056682371,0.047742621,0.049796845,6,0.073943662,0.042253521,0.10915493,61,50,111,0.000523767,0.501920615,0.000266761,0.001178047,0.000206502,0.201334322,1.902872395,3,0.000295724,0.002039504,0.0000597,56.36,53.17,6.65,15.12,31.4,12.50705285,28.43708858,59.05585857,0.590558586,2.465488057,2.076719577
通辽,2018,内蒙古,0.455973193,0.989983886,1.319275681,-2.769246032,0.311565033,0.09707277,3,620,21.0991,1.359181,0.7704,0.8252,0.2296,0.1748,0.573702578,0.20902455,4,393.24,0.009299438,0.156857523,0.169161709,0.011016612,0.065124741,0.052704874,0.03535895,1,0.038732394,0.021126761,0.059859155,29,15,44,0.000128521,0.447417079,0.0000073,0.000930278,0.0000948,0.138361749,2.01929334,3,0.000339844,0.002230517,0.000101412,55.38,130.16,27.05,34.51,68.6,20.78211432,26.51352182,52.70436386,0.527043639,2.319222495,1.987829615
通辽,2019,内蒙古,0.455973193,0.991033089,1.319275681,-2.769246032,0.311622327,0.097108475,3,650,19.9008,1.190936,0.7956,0.837,0.2044,0.163,0.601251375,0.201065338,22,340.24,0.009524341,0.156857523,0.16997266,0.010649883,0.062656448,0.052967276,0.03417561,1,0.059859155,0.024647887,0.080985915,49,37,86,0.000332616,0.47028337,0.0000683,0.001190827,0.000267199,0.169928342,1.969827148,3,0.000325145,0.00223779,0.0000658,44.45,126.72599,28.24813,39.00211,59.47575,22.29071558,30.77672544,46.93255898,0.46932559,2.246418434,1.524936728
通辽,2020,内蒙古,0.455973193,0.990297078,1.319275681,-2.769246032,0.311582136,0.097083427,3,673.4727273,17.32079273,1.420295836,0.815143636,0.801521818,0.184856364,0.198478182,0.604069247,0.227470438,18.76363636,472.2743636,0.009660397,0.156857523,0.170297466,0.012069956,0.070875725,0.053061648,0.038737639,1,0.070422535,0.095070423,0.154929577,69,95,164,0.000867225,0.512163892,0.001160882,0.001003201,0.0002612,0.201334322,1.902872395,3,0.000295724,0.002039504,0.0000597,45.51,127.664,30.462,37.012,60.191,23.86107282,28.99172829,47.1479822,0.471479822,2.23288476,1.626256349
遂宁,2018,四川,0.514268036,0.792008758,1.249300169,-2.740873016,0.316251685,0.100015129,1,636,51.4028,1.260197,0.90755,0.780125,0.09245,0.219875,0.678214082,0.23776288,64,381.69,0.00463027,0.156857523,0.15924203,0.011973872,0.075192911,0.05036056,0.037861844,5,0.056338028,0.035211268,0.077464789,116,92,208,0.000565506,0.47678124,0.000309346,0.00136811,0.000413803,0.138361749,2.01929334,3,0.000339844,0.002230517,0.000101412,66.64,123.085,17.108,56.2,49.777,13.89933786,45.6595036,40.44115855,0.404411585,2.265418207,0.885711744
遂宁,2019,四川,0.514268036,0.787744963,1.249300169,-2.740873016,0.31601885,0.099867914,1,790,32.0603,1.243822,0.905133333,0.847633333,0.094866667,0.152366667,0.70409786,0.245148034,117,524.98,0.005010512,0.156857523,0.161108234,0.01248128,0.0774714,0.050913239,0.039495367,5,0.073943662,0.091549296,0.137323944,132,150,282,0.00151392,0.50283486,0.000820133,0.001809833,0.000389752,0.169928342,1.969827148,3,0.000325145,0.00223779,0.0000658,77.19,133.971,18.521,61.529,54.523,13.82463369,45.92710363,40.69761366,0.406976137,2.277716819,0.886134993
遂宁,2020,四川,0.514268036,0.761333229,1.249300169,-2.740873016,0.31457657,0.098958419,1,769.6727273,32.51792182,1.3389234,0.915592879,0.773435455,0.084407121,0.226564545,0.6826614,0.247353857,64.61818182,545.25,0.005408268,0.156857523,0.161152027,0.012539518,0.077811728,0.050694652,0.039861575,5,0.137323944,0.084507042,0.197183099,121,101,222,0.001147018,0.522833974,0.001091606,0.001198414,0.000305083,0.201334322,1.902872395,3,0.000295724,0.002039504,0.0000597,83.01,140.318,21.825,63.412,55.081,15.55395601,45.19163614,39.25440785,0.392544078,2.237004518,0.868621081
遵义,2018,贵州,0.722335855,0.807714549,0.508082515,-2.76748366,0.309386769,0.095720173,7,1200,47.165,1.239198,0.7705,0.826933333,0.2295,0.173066667,0.574512785,0.216727854,32,409.79,0.014169878,0.156857523,0.18106373,0.012140818,0.067052731,0.056018722,0.039241554,4,0.116197183,0.070422535,0.158450704,158,125,283,0.002170959,0.508391046,0.001837276,0.002385166,0.000311929,0.138361749,2.01929334,3,0.000339844,0.002230517,0.000101412,77.11,316.94,41.136,141.895,133.909,12.97911277,44.77030353,42.25058371,0.422505837,2.292714709,0.943718947
遵义,2019,贵州,0.722335855,0.805543346,0.508082515,-2.76748366,0.309268205,0.095646823,7,1508,49.84,1.412518,0.766733333,0.846233333,0.233266667,0.153766667,0.579148811,0.242432838,387,523,0.015207203,0.156857523,0.189632143,0.014218005,0.074976769,0.058647193,0.045973059,4,0.13028169,0.264084507,0.316901408,234,294,528,0.003819635,0.539172535,0.004399233,0.001434596,0.000273393,0.169928342,1.969827148,3,0.000325145,0.00223779,0.0000658,75.08,348.332,43.187,155.808,149.337,12.39822928,44.72974059,42.87203013,0.428720301,2.304738009,0.958468115
遵义,2020,贵州,0.722335855,0.798469386,0.508082515,-2.76748366,0.308881914,0.095408036,6.927272727,1381.018182,53.63080545,1.319392069,0.754486667,0.921189697,0.245513333,0.078810303,0.599294565,0.23830719,182.7454545,907.0965455,0.016384286,0.156857523,0.189068517,0.013917103,0.073608781,0.058399845,0.045056387,4,0.13028169,0.345070423,0.394366197,161,394,555,0.004257887,0.534992903,0.001586574,0.000984313,0.000270157,0.201334322,1.902872395,3,0.000295724,0.002039504,0.0000597,78.57,372.902,48.944,163.787,160.171,13.12516425,43.92226376,42.95257199,0.42952572,2.298274077,0.977922546
邢台,2018,河北,0.31511958,0.925694396,0.697987284,-2.758571429,0.189066153,0.03574601,4,1850,37.6423,1.318163,0.81455,0.8829,0.18545,0.1171,0.637355305,0.250603183,25,2234.525877,0.006997179,0.156857523,0.164982507,0.007816967,0.04738058,0.031192608,0.041345141,3,0.13028169,0.267605634,0.306338028,250,376,626,0.007125072,0.522833974,0.001259051,0.001687678,0.000295928,0.138361749,2.01929334,3,0.000339844,0.002230517,0.000101412,76.22,215.076,26.542,87.676,100.858,12.34075397,40.76512489,46.89412115,0.468941211,2.345533672,1.150349012
邢台,2019,河北,0.31511958,0.922808962,0.697987284,-2.758571429,0.188908587,0.035686454,4,1960,34.7858,1.427565,0.83805,0.8854,0.16195,0.1146,0.659511534,0.272231191,57,2243.625426,0.007593439,0.156857523,0.166932617,0.008584812,0.05142681,0.031535005,0.045444265,3,0.14084507,0.197183099,0.271126761,171,266,437,0.002292858,0.52184563,0.001683927,0.001204712,0.000327711,0.169928342,1.969827148,3,0.000325145,0.00223779,0.0000658,77.03,211.9958274,28.35363,83.30722794,100.3349694,13.37461702,39.29663568,47.3287473,0.473287473,2.339541303,1.204396928
邢台,2020,河北,0.31511958,0.912284723,0.697987284,-2.758571429,0.188333884,0.035469652,4,2040.8,39.58015273,1.424097387,0.865421818,0.873534242,0.134578182,0.126465758,0.679176822,0.281110627,56.82727273,2054.269844,0.007643916,0.156857523,0.166959878,0.008839299,0.052942656,0.031444202,0.046934196,3,0.207746479,0.211267606,0.323943662,257,209,466,0.004437881,0.536031724,0.000805947,0.002102012,0.000232135,0.201334322,1.902872395,3,0.000295724,0.002039504,0.0000597,80.95,220.0399401,31.16497288,82.32049726,106.55447,14.16332547,37.41161592,48.42505863,0.484250586,2.342617332,1.294385646
邯郸,2018,河北,0.492095631,0.900970841,1.143233667,-2.758571429,0.30121165,0.090728458,5,1738,44.1285,1.206818,0.9112,0.84615,0.0888,0.15385,0.70893296,0.266797969,194,2184.415497,0.006866742,0.156857523,0.167550152,0.013464775,0.080362656,0.050468058,0.04470204,3,0.218309859,0.172535211,0.299295775,335,275,610,0.007640888,0.529858614,0.000701289,0.002962005,0.000273474,0.138361749,2.01929334,3,0.000339844,0.002230517,0.000101412,72.86,345.46,31.33,155.8,158.33,9.069067331,45.09928791,45.83164476,0.458316448,2.367625774,1.016238768
邯郸,2019,河北,0.492095631,0.899873448,1.143233667,-2.758571429,0.301151724,0.090692361,5,2324,44.4174,1.335648,0.91235,0.86885,0.08765,0.13115,0.719400124,0.293407516,185,3520.229035,0.007560447,0.156857523,0.169643004,0.014989686,0.088360179,0.051088283,0.049774532,3,0.278169014,0.169014085,0.35915493,472,271,743,0.008024158,0.546646214,0.000869474,0.004392986,0.000220222,0.169928342,1.969827148,3,0.000325145,0.00223779,0.0000658,73.62,348.6049586,34.23703,155.4559429,158.9119856,9.821154049,44.59372683,45.58511912,0.455851191,2.357639651,1.022231654
邯郸,2020,河北,0.492095631,0.885403461,1.143233667,-2.758571429,0.300361554,0.090217063,5.181818182,2127.272727,49.65439273,1.316812145,0.930718182,0.937263636,0.069281818,0.062736364,0.764337545,0.306622086,153.0363636,2677.263639,0.006169133,0.156857523,0.165442358,0.015236825,0.092097486,0.049692524,0.050728281,3,0.264084507,0.225352113,0.355633803,389,304,693,0.005501912,0.542350369,0.000596265,0.002857767,0.000227328,0.201334322,1.902872395,3,0.000295724,0.002039504,0.0000597,75.92,363.6604249,37.66397645,157.1318652,168.8645833,10.35690822,43.2084039,46.4346879,0.464346879,2.360777797,1.074667974
邵阳,2018,湖南,0.771571687,0.819821661,0.982053769,-2.781372549,0.379219657,0.143807548,3,1218,32.7428,1.306717091,0.891937483,0.850092143,0.108062517,0.149907857,0.693261817,0.258552619,74,2286.054172,0.004953169,0.156857523,0.161055971,0.015791254,0.098048236,0.06107559,0.041641443,1,0.123239437,0.084507042,0.172535211,136,116,252,0.002248879,0.500102062,0.001949167,0.001508838,0.000372919,0.138361749,2.01929334,3,0.000339844,0.002230517,0.000101412,52.62,178.265,29.582,62.683,86.001,16.59439598,35.1628194,48.24334558,0.482433456,2.316500715,1.371998788
邵阳,2019,湖南,0.771571687,0.805771903,0.982053769,-2.781372549,0.378452434,0.143226245,3,1395,31.6772,1.392663455,0.893910381,0.834736267,0.106089619,0.165263733,0.688653014,0.268695476,218,3756.716581,0.005499031,0.156857523,0.165487468,0.016828165,0.101688457,0.062629135,0.044465734,1,0.126760563,0.080985915,0.169014085,198,172,370,0.001308129,0.504673378,0.004177612,0.001769902,0.000387117,0.169928342,1.969827148,3,0.000325145,0.00223779,0.0000658,59.88,215.2476683,35.13128,59.56103,120.5553583,16.32132895,27.67092924,56.00774181,0.560077418,2.396864129,2.024064365
邵阳,2020,湖南,0.771571687,0.799263813,0.982053769,-2.781372549,0.378097043,0.142957374,2.8,1366.018182,58.65789091,1.33679282,0.889584785,0.84078614,0.110415215,0.15921386,0.687280236,0.265014894,172.9636364,2900.664502,0.005132981,0.156857523,0.163459488,0.016378861,0.100201348,0.061803549,0.043319199,1,0.23943662,0.137323944,0.288732394,244,134,378,0.002897644,0.538121517,0.001697515,0.001691882,0.000270295,0.201334322,1.902872395,3,0.000295724,0.002039504,0.0000597,60.66,225.081,39.97782,69.8617119,115.2413681,17.76152585,31.03847588,51.19995384,0.511999538,2.334383391,1.649564045
郑州,2018,河南,0.591045448,1.395092025,0.663467615,-2.725396825,0.313693849,0.098403831,61,4300,139.15,1.35855,0.853515,0.824608696,0.146485,0.175391304,0.648144575,0.432055739,2696,61507.25,0.08243134,0.156857523,0.415121402,0.056262744,0.135533228,0.130221031,0.179355584,31,0.278169014,0.447183099,0.524647887,1374,1745,3119,0.012367263,0.526825073,0.00618021,0.006386398,0.000291085,0.138361749,2.01929334,3,0.000339844,0.002230517,0.000101412,94.97,1067.014,15.09545,433.524,618.394,1.414737764,40.62964497,57.95556572,0.579555657,2.565407249,1.426435445
郑州,2019,河南,0.591045448,1.401395191,0.663467615,-2.725396825,0.314038049,0.098619897,62,4680,1268.4189,1.488957,0.852275,0.829858333,0.147725,0.170141667,0.64921197,0.616271841,2286,59866.73625,0.087308878,0.156857523,0.418762009,0.081044187,0.193532807,0.131507205,0.258071235,31,0.408450704,0.63028169,0.690140845,2399,2822,5221,0.016647324,0.516959435,0.015449908,0.008874265,0.000308765,0.169928342,1.969827148,3,0.000325145,0.00223779,0.0000658,96.24,1158.641729,14.117,454.0819462,690.4427827,1.218409423,39.19088488,59.59070569,0.595907057,2.583722963,1.520524629
郑州,2020,河南,0.591045448,1.511251237,0.663467615,-2.725396825,0.320037018,0.102423693,64.4,4584.163636,586.8838927,1.4678822,0.866212264,0.886635347,0.133787736,0.113364653,0.685331737,0.533754785,3322.218182,77911.31336,0.083439636,0.156857523,0.435847944,0.074452108,0.17082129,0.139487476,0.232635926,31,0.433098592,0.697183099,0.73943662,1755,3914,5669,0.014789731,0.528843559,0.01787038,0.005007038,0.000388663,0.201334322,1.902872395,3,0.000295724,0.002039504,0.0000597,95.83,1185.03478,17.13192,466.29358,701.60928,1.445689214,39.34851431,59.20579647,0.592057965,2.577601073,1.504651383
郴州,2018,湖南,0.721049421,0.869647736,0.982053769,-2.781372549,0.363541138,0.132162159,3,1114,27.9142,1.232439,0.85975,0.9218,0.14025,0.0782,0.694138582,0.248489391,476,4722.913569,0.006403102,0.156857523,0.172477771,0.015580972,0.090336116,0.062702765,0.042858896,3,0.116197183,0.045774648,0.147887324,180,121,301,0.000369931,0.478433861,0.000720284,0.002341967,0.000450661,0.138361749,2.01929334,3,0.000339844,0.002230517,0.000101412,76.24,239.18696,20.22852,107.68657,111.27187,8.457200175,45.02192344,46.52087639,0.465208764,2.380636762,1.033293845
郴州,2019,湖南,0.721049421,0.874119945,0.982053769,-2.781372549,0.363785355,0.132339784,3,1261,27.7224,1.320926,0.84495,0.85015,0.15505,0.14985,0.651062573,0.244090313,729,4649.946136,0.006566492,0.156857523,0.177163153,0.015731465,0.088796481,0.06444936,0.043243809,3,0.14084507,0.045774648,0.169014085,106,53,159,0.000959,0.510270495,0.000572652,0.001655993,0.000362011,0.169928342,1.969827148,3,0.000325145,0.00223779,0.0000658,78.9,241.0886167,23.65449,92.44897,124.9851567,9.811533337,38.34646831,51.84199836,0.518419984,2.42030465,1.351936714
郴州,2020,湖南,0.721049421,0.859348204,0.982053769,-2.781372549,0.362978706,0.131753541,3.272727273,1236.309091,32.84091818,1.261202658,0.808100909,0.90809,0.191899091,0.09191,0.642028677,0.235044006,477.0727273,5178.281253,0.00663878,0.156857523,0.173260304,0.014781871,0.085315969,0.062889801,0.040723796,3,0.154929577,0.112676056,0.214788732,167,151,318,0.002464996,0.524821935,0.001799183,0.001366292,0.000282872,0.201334322,1.902872395,3,0.000295724,0.002039504,0.0000597,80.84,250.30737,28.37169,96.729602,125.20608,11.33474016,38.64432837,50.02093226,0.500209323,2.386861937,1.294392589
鄂尔多斯,2018,内蒙古,0.455973193,1.311394589,1.319275681,-2.769246032,0.329116481,0.108317658,4,468,19.9,1.278393,0.836466667,0.870933333,0.163533333,0.129066667,0.652076618,0.22949352,11,1254.62,0.005254699,0.156857523,0.160203065,0.012100153,0.0755301,0.052725469,0.036765565,3,0.063380282,0.024647887,0.084507042,49,35,84,0.00025147,0.478433861,0.000175278,0.001309304,0.000222436,0.138361749,2.01929334,3,0.000339844,0.002230517,0.000101412,81.93,376.32,11.78,196.91,167.63,3.130314626,52.32514881,44.54453656,0.445445366,2.414142219,0.851302626
鄂尔多斯,2019,内蒙古,0.455973193,1.311314985,1.319275681,-2.769246032,0.329112134,0.108314797,4,560,21.3,1.432504,0.865866667,0.8783,0.134133333,0.1217,0.681557141,0.259185699,62,830.74,0.006176772,0.156857523,0.163041016,0.013907588,0.085301158,0.053658777,0.0422579,3,0.084507042,0.049295775,0.11971831,87,41,128,0.002116537,0.506525391,0.000203669,0.001478315,0.000229705,0.169928342,1.969827148,3,0.000325145,0.00223779,0.0000658,73.46,360.50277,12.36606,209.22929,138.90742,3.43022607,58.03819205,38.53158188,0.385315819,2.351013558,0.663900451
鄂尔多斯,2020,内蒙古,0.455973193,1.333631631,1.319275681,-2.769246032,0.330330791,0.109118431,4.636363636,516.3636364,20.79579455,1.424823236,0.870789697,0.874011515,0.129210303,0.125988485,0.684198784,0.260015688,33.11818182,1170.620727,0.005818138,0.156857523,0.161863578,0.013902655,0.085891188,0.053468524,0.04208707,3,0.144366197,0.031690141,0.161971831,152,75,227,0.001326045,0.51311587,0.00033357,0.003437797,0.000272916,0.201334322,1.902872395,3,0.000295724,0.002039504,0.0000597,65.58,353.366,13.566,200.551,139.248,3.839079029,56.75446987,39.40616811,0.394061681,2.355665231,0.694327129
鄂州,2018,湖北,0.00335599,0.967588436,0.274921422,-2.744369369,0.03220276,0.001037018,1,330,8.439,1.434462,0.8945,0.8786,0.1055,0.1214,0.707411934,0.257541549,146,652.8243721,0.01391853,0.156857523,0.182541664,0.001513918,0.008293549,0.005878345,0.047012063,1,0.084507042,0.056338028,0.13028169,175,66,241,0.000665211,0.496504205,0.000994173,0.001426241,0.000312168,0.138361749,2.01929334,3,0.000339844,0.002230517,0.000101412,76.73,100.53,9.415,52.37,38.745,9.365363573,52.09390232,38.54073411,0.385407341,2.291753705,0.739831965
鄂州,2019,湖北,0.00335599,0.949892435,0.274921422,-2.744369369,0.031236425,0.000975714,1,377,8.2557,1.32804,0.8757,0.8729,0.1243,0.1271,0.688149289,0.239140695,196,678.4083496,0.01490988,0.156857523,0.185733897,0.001387414,0.0074699,0.005801663,0.044416533,1,0.042253521,0.035211268,0.070422535,46,29,75,0.000175413,0.473510014,0.00032774,0.000710541,0.000402409,0.169928342,1.969827148,3,0.000325145,0.00223779,0.0000658,76.7,114.0065102,10.04904,55.02955498,48.92791521,8.814444003,48.26878297,42.91677302,0.42916773,2.34102329,0.889120678
鄂州,2020,湖北,0.00335599,0.960660001,0.274921422,-2.744369369,0.031824415,0.001012793,1,355.6727273,9.389345455,1.237144236,0.898932727,0.852449091,0.101067273,0.147550909,0.700527305,0.23361441,135.2727273,742.8745694,0.016735308,0.156857523,0.18900111,0.001405156,0.007434642,0.00601485,0.044153383,1,0.056338028,0.052816901,0.095070423,59,100,159,0.000259299,0.492079034,0.000443842,0.000836735,0.000382162,0.201334322,1.902872395,3,0.000295724,0.002039504,0.0000597,76.62,100.5234797,9.92,43.503,47.1,9.868341236,43.27645653,46.85472502,0.46854725,2.369854294,1.082683953
酒泉,2018,甘肃,0.191319499,1.046674094,0.882383053,-2.732894737,0.1726853,0.029820213,1,448,9.5901,1.4115,0.8945,0.8786,0.1055,0.1214,0.707411934,0.256850117,24,78.7696074,0.008597464,0.156857523,0.167713083,0.007438786,0.04435424,0.028961584,0.043077125,4,0.003521127,0.052816901,0.056338028,22,59,81,0,0.42865891,0.0000613,0.00077984,0.000205508,0.138361749,2.01929334,3,0.000339844,0.002230517,0.000101412,75.41,59.689,7.383,20.282,32.024,12.36911324,33.9794602,53.65142656,0.536514266,2.412823133,1.578936988
酒泉,2019,甘肃,0.191319499,1.045018375,0.882383053,-2.732894737,0.172594886,0.029788995,1,509,9.0696,1.464288,0.8757,0.8729,0.1243,0.1271,0.688149289,0.256215562,15,78.61419149,0.010593172,0.156857523,0.17223591,0.00761653,0.044221496,0.029727037,0.044129521,4,0.035211268,0.169014085,0.183098592,38,116,154,0.005369959,0.510270495,0.000258815,0.001199787,0.000196184,0.169928342,1.969827148,3,0.000325145,0.00223779,0.0000658,68.83,61.82,9.36,25.38,27.08,15.14073115,41.05467486,43.80459398,0.43804594,2.286638628,1.066981875
酒泉,2020,甘肃,0.191319499,1.045359819,0.882383053,-2.732894737,0.172613531,0.029795431,1,463.2,8.038092727,1.525625127,0.910718182,0.850556364,0.089281818,0.149443636,0.71033121,0.270573282,18.72727273,88.36887265,0.009565654,0.156857523,0.169896233,0.007934937,0.04670461,0.029326389,0.045969381,4,0.070422535,0.088028169,0.144366197,100,82,182,0.00106114,0.510270495,0.000332842,0.001806239,0.000276784,0.201334322,1.902872395,3,0.000295724,0.002039504,0.0000597,74.84,65.77,11.33,27.12,27.33,17.2266991,41.23460544,41.55389995,0.415539,2.243576099,1.007743363
重庆市,2018,重庆,0.357030798,0.929340135,0.727496898,-2.7375,0.209246094,0.043783928,65,12738,257.2892,1.212171,0.846772727,0.825194595,0.153227273,0.174805405,0.642329411,0.559681324,7358,79040.12,0.024115278,0.156857523,0.366512895,0.04292274,0.117111131,0.076691392,0.205130422,54,0,0,0,0,0,0,0,0,8.16E-71,0.00053267,0,0.138361749,2.01929334,3,0.000339844,0.002230517,0.000101412,93.91,2158.88,137.868,884.223,1136.789,6.386089083,40.95748722,52.6564237,0.526564237,2.462703346,1.28563609
重庆市,2019,重庆,0.357030798,0.93312965,0.727496898,-2.7375,0.20945303,0.043870572,65,13724,261,1.310957,0.849413889,0.8215825,0.150586111,0.1784175,0.643201648,0.585544276,11437,83964.06,0.026190148,0.156857523,0.443579621,0.054402389,0.122644023,0.092909096,0.259735508,54,0,0,0,0,0,0,0,0,9.96E-76,0.00053267,0,0.169928342,1.969827148,3,0.000325145,0.00223779,0.0000658,93.45,2360.577,155.159,939.196,1266.222,6.572926873,39.78671316,53.64035996,0.5364036,2.470674331,1.34819782
重庆市,2020,重庆,0.357030798,0.942678591,0.727496898,-2.7375,0.209974474,0.04408928,68.81818182,14030.16364,285.9248364,1.292885491,0.854704152,0.81744307,0.145295848,0.18255693,0.646235233,0.60089681,8790.254545,100404.1511,0.026824457,0.156857523,0.40734811,0.05139633,0.126172992,0.085532705,0.24477418,54,0,0,0,0,0,0,0,0,5.51E-121,0.00053267,0,0.201334322,1.902872395,3,0.000295724,0.002039504,0.0000597,94.02,2504.143,180.354,996.955,1326.834,7.202224474,39.81222318,52.98555234,0.529855523,2.457833279,1.33088655
金华,2018,浙江,0.019392952,1.386588134,0.622959665,-2.744736842,0.099234431,0.009847472,8,2874,78.2664,1.251552,0.875208333,0.831912,0.124791667,0.168088,0.670673499,0.284904887,2367,57163,0.013183776,0.156857523,0.245172507,0.006931609,0.028272374,0.024329554,0.069850846,35,0.415492958,0.383802817,0.556338028,2016,1763,3779,0.025538826,0.548819758,0.006434724,0.010433035,0.000290171,0.138361749,2.01929334,3,0.000339844,0.002230517,0.000101412,97.02,424.38918,13.55588,173.14841,237.6849,3.194209617,40.79944027,56.00635247,0.560063525,2.528121476,1.37272355
金华,2019,浙江,0.019392952,1.404935662,0.622959665,-2.744736842,0.100236344,0.010047325,8,3048,80.2129,1.335195,0.885965385,0.84032963,0.114034615,0.15967037,0.683838098,0.301890498,2992,61172.8,0.011768842,0.156857523,0.254434017,0.007699275,0.0302604,0.025503536,0.076811212,35,0.461267606,0.496478873,0.647887324,2121,2261,4382,0.021119548,0.546646214,0.009359535,0.008054653,0.00029378,0.169928342,1.969827148,3,0.000325145,0.00223779,0.0000658,96.02,456.94813,14.69439,182.36917,259.88457,3.215767619,39.91025633,56.87397605,0.56873976,2.536582084,1.425046624
金华,2020,浙江,0.019392952,1.464383385,0.622959665,-2.744736842,0.103482638,0.010708656,6,3214.236364,83.98122,1.34473054,0.877557246,0.859421436,0.122442754,0.140578564,0.684216742,0.30167105,3325.236364,69524.05655,0.012155,0.156857523,0.264935156,0.00827067,0.031217716,0.027416189,0.079923267,35,0.63028169,0.563380282,0.735915493,3941,3189,7130,0.010119857,0.536031724,0.012762186,0.013346796,0.000350924,0.201334322,1.902872395,3,0.000295724,0.002039504,0.0000597,97.94,470.5833,15.53127,184.7657,270.2864,3.300429488,39.26312302,57.43646236,0.574364624,2.541360626,1.46286026
金昌,2018,甘肃,0.034529429,0.977212334,0.450561209,-2.732894737,0.064226694,0.004125068,1,178,3.6163,1.346886714,0.836049242,0.826711667,0.163950758,0.173288333,0.633323682,0.217026182,7,1986.497718,0.006895152,0.156857523,0.16431951,0.002290429,0.013938874,0.010553699,0.035661636,0,0.045774648,0.038732394,0.066901408,35,23,58,0.0005218,0.487732046,0.0000681,0.001188649,0.00034595,0.138361749,2.01929334,3,0.000339844,0.002230517,0.000101412,61.53,26.424,1.909,14.392,10.122,7.224492885,54.4656373,38.30608538,0.383060854,2.310740236,0.703307393
金昌,2019,甘肃,0.034529429,0.977954436,0.450561209,-2.732894737,0.064267219,0.004130275,1,190,35.5313,1.369287286,0.837010606,0.809093333,0.162989394,0.190906667,0.626865666,0.221810783,6,2056.952961,0.009081424,0.156857523,0.169458907,0.002415664,0.014255162,0.010890653,0.037587813,0,0.035211268,0.024647887,0.052816901,48,60,108,0.00016142,0.444535166,0.000176115,0.00109045,0.000378123,0.169928342,1.969827148,3,0.000325145,0.00223779,0.0000658,61.88,33.685,2.407,21.992,9.631,7.145613775,65.28721983,28.59136114,0.285913611,2.234941369,0.437931975
金昌,2020,甘肃,0.034529429,0.960564677,0.450561209,-2.732894737,0.063317607,0.004009119,1,191.1272727,18.76190727,1.390542332,0.848598174,0.812751431,0.151401826,0.187248569,0.638798586,0.226280128,6.236363636,1027.427316,0.009820297,0.156857523,0.170715715,0.002445932,0.014327516,0.01080931,0.038629574,0,0.017605634,0.007042254,0.024647887,55,51,106,0.00000716,0.418901879,0.00000693,0.00332856,0.000277787,0.201334322,1.902872395,3,0.000295724,0.002039504,0.0000597,61.39,35.862,2.909,22.743,10.21,8.111650215,63.41810273,28.47024706,0.284702471,2.203585968,0.448929341
钦州,2018,广西,0.234639336,0.795531695,1.049733966,0.410996293,0.412058092,0.169791871,2,713,17.6386,1.374932444,0.854321429,0.853278701,0.145678571,0.146721299,0.660784045,0.242304134,7,3435.299362,0.0083525,0.156857523,0.168408856,0.016814509,0.099843379,0.069394232,0.040806162,0,0.088028169,0.052816901,0.123239437,83,53,136,0.001197037,0.49472462,0.000440258,0.001493185,0.000322032,0.138361749,2.01929334,3,0.000339844,0.002230517,0.000101412,67.99,129.1964734,24.52809,53.3143468,51.3540366,18.98510799,41.26610069,39.74879132,0.397487913,2.207636833,0.963231094
钦州,2019,广西,0.234639336,0.795886606,1.049733966,0.410996293,0.412077473,0.169807843,2,820,17.9647,1.439550556,0.848778247,0.846320887,0.151221753,0.153679113,0.652911343,0.248055586,4,2960.630572,0.007460666,0.156857523,0.16604654,0.016972965,0.102218119,0.068424039,0.041188772,0,0.088028169,0.063380282,0.133802817,100,65,165,0.00070634,0.491203448,0.000508878,0.001465624,0.000339644,0.169928342,1.969827148,3,0.000325145,0.00223779,0.0000658,60.17,135.627,27.97805,45.1767777,62.4720702,20.62867276,33.30957531,46.06167666,0.460616767,2.254328533,1.382835903
钦州,2020,广西,0.234639336,0.780196655,1.049733966,0.082407087,0.388344373,0.150811352,2.454545455,744.7636364,19.64525818,1.450759123,0.861273831,0.853473194,0.138726169,0.146526806,0.667112352,0.254807129,13.09090909,5148.845647,0.007208481,0.156857523,0.166629158,0.016488441,0.098952915,0.064709496,0.042458297,0,0.133802817,0.088028169,0.200704225,216,103,319,0.001189779,0.520861015,0.000560155,0.001813511,0.000265819,0.201334322,1.902872395,3,0.000295724,0.002039504,0.0000597,64.26,138.796,28.282,39.013,71.501,20.37666792,28.10815874,51.51517335,0.515151733,2.311385054,1.832748058
铁岭,2018,辽宁,0.838052878,0.899176955,1.206359167,-2.70703125,0.437647233,0.191535101,4,611,16.6251,1.670715,0.883329494,0.859922178,0.116670506,0.140077822,0.689611826,0.288639529,30,6358.573333,0.006663616,0.156857523,0.166204719,0.020995361,0.126322291,0.072739035,0.047973252,1,0.066901408,0.063380282,0.11971831,73,59,132,0.000425075,0.485160524,0.000383402,0.001246017,0.000258314,0.138361749,2.01929334,3,0.000339844,0.002230517,0.000101412,30.28,61.66,14.17,19.64,27.85,22.9808628,31.85209212,45.16704509,0.451670451,2.221861823,1.41802444
铁岭,2019,辽宁,0.838052878,0.907330567,1.206359167,-2.70703125,0.438092482,0.191925022,4,647,14.9363,1.73574,0.89223125,0.850511793,0.10776875,0.149488207,0.693700198,0.297648875,1,6187.603333,0.009984375,0.156857523,0.173410695,0.022612362,0.130397734,0.075969922,0.051615498,1,0.073943662,0.077464789,0.126760563,60,76,136,0.001670872,0.496504205,0.000525829,0.00082272,0.000369838,0.169928342,1.969827148,3,0.000325145,0.00223779,0.0000658,49.16,64,15.4623,17.90677,30.63423,24.15984375,27.97932813,47.86598438,0.478659844,2.237164531,1.710762466
铁岭,2020,辽宁,0.838052878,0.900664471,1.206359167,-2.70703125,0.437728463,0.191606207,4.454545455,673.1272727,16.87299091,1.791600836,0.911510732,0.87643701,0.088489268,0.12356299,0.721798995,0.31607002,21.25454545,6662.319708,0.008383902,0.156857523,0.170227783,0.023551498,0.138352844,0.074513546,0.053803899,1,0.084507042,0.066901408,0.133802817,65,60,125,0.000778035,0.507456504,0.000260882,0.00085753,0.000225368,0.201334322,1.902872395,3,0.000295724,0.002039504,0.0000597,51.33,66.30791,16.71,17.7,31.89,25.20061332,26.69364786,48.09380962,0.480938096,2.228693379,1.801694915
铜川,2018,陕西,0.009150991,0.939904982,0.843466398,-2.719130435,0.097183668,0.009444665,1,197,5.7,1.825369,0.858197826,0.859498214,0.141802174,0.140501786,0.666852137,0.283190441,15,32.6902559,0.005924675,0.156857523,0.16127342,0.004438484,0.027521486,0.015673142,0.045671091,1,0.014084507,0.017605634,0.028169014,8,8,16,0.000092,0.417634399,0.000134346,0.000979865,0.000297664,0.138361749,2.01929334,3,0.000339844,0.002230517,0.000101412,82.09,33.1921,2.4748,12.3484,18.3689,7.455991034,37.20282838,55.34118058,0.553411806,2.478851895,1.487553043
铜川,2019,陕西,0.009150991,0.923626233,0.843466398,-2.719130435,0.096294725,0.009272674,1,215,5.5,1.907357,0.868125275,0.832781217,0.131874725,0.167218783,0.664669845,0.291665999,6,32.6902559,0.005924675,0.156857523,0.16111916,0.004525176,0.028085897,0.015514925,0.046992981,1,0.021126761,0.028169014,0.049295775,10,22,32,0.0000692,0.436798003,0.00051962,0.000570369,0.000428442,0.169928342,1.969827148,3,0.000325145,0.00223779,0.0000658,89.64,36.9149,2.6774,13.9977,20.2398,7.252897881,37.91883494,54.82826718,0.548282672,2.475753693,1.445937547
铜川,2020,陕西,0.009150991,0.911506824,0.843466398,-2.719130435,0.095632914,0.009145654,1,211.0545455,4.427723636,2.116953342,0.863056707,0.85591583,0.136943293,0.14408417,0.669729579,0.316555417,14.09090909,40.16157465,0.005906336,0.156857523,0.161218334,0.004880581,0.030273117,0.015417779,0.051034537,1,0.035211268,0.017605634,0.045774648,30,17,47,0.003229818,0.466311382,0.0000303,0.001447304,0.000197392,0.201334322,1.902872395,3,0.000295724,0.002039504,0.0000597,84.39,37.614,3.077,13.3467,21.1903,8.180464721,35.48333067,56.3362046,0.563362046,2.481557399,1.58768085
铜陵,2018,安徽,0.009403236,0.796931725,0.431071102,-2.775819672,0.040096204,0.001607706,3,412,9.5636,1.419377,0.893525,0.90066,0.106475,0.09934,0.715703585,0.26466369,133,6241.44,0.025027186,0.156857523,0.210952667,0.002238632,0.010612009,0.008458401,0.055831511,9,0.214788732,0.176056338,0.302816901,398,181,579,0.007763529,0.534992903,0.001068042,0.003090269,0.000290816,0.138361749,2.01929334,3,0.000339844,0.002230517,0.000101412,85.2,95.465,5,47.744,42.721,5.237521605,50.0120463,44.7504321,0.447504321,2.395129105,0.894793063
铜陵,2019,安徽,0.009403236,0.783210224,0.431071102,-2.775819672,0.039346906,0.001548179,3,448,8.8587,1.575903,0.899675,0.84196,0.100325,0.15804,0.696835213,0.275272178,27,7163.55,0.025684132,0.156857523,0.211104369,0.002286494,0.010831109,0.008306304,0.058111159,9,0.257042254,0.123239437,0.299295775,582,222,804,0.004476827,0.523826068,0.00199372,0.00336819,0.000374446,0.169928342,1.969827148,3,0.000325145,0.00223779,0.0000658,91.45,95.056,5.273,43.34,46.443,5.547256354,45.59417606,48.85856758,0.488585676,2.433113112,1.071596677
铜陵,2020,安徽,0.009403236,0.752910393,0.431071102,-2.775819672,0.037692307,0.00142071,3,453.6181818,10.22927636,1.593112673,0.905241364,0.874017273,0.094758636,0.125982727,0.715159691,0.284369654,68.72727273,7026.468364,0.024141839,0.156857523,0.208141278,0.002230972,0.010718548,0.007845325,0.059189063,9,0.327464789,0.137323944,0.373239437,818,166,984,0.003099078,0.539172535,0.001115855,0.005505795,0.000317493,0.201334322,1.902872395,3,0.000295724,0.002039504,0.0000597,86.8,100.369,5.692,46.286,48.392,5.671073738,46.11583258,48.21409001,0.4821409,2.425450089,1.045499719
银川,2018,宁夏,0.437129873,1.406479682,1.13338189,-2.740423734,0.308976866,0.095466704,17,990,31.1911,1.204948,0.8661,0.8406,0.1339,0.1594,0.666099283,0.263872674,245,2551.287515,0.038225446,0.156857523,0.242087461,0.019737524,0.081530552,0.074799425,0.063880266,9,0.197183099,0.13028169,0.267605634,197,169,366,0.006453436,0.520861015,0.000616233,0.002411925,0.000273104,0.138361749,2.01929334,3,0.000339844,0.002230517,0.000101412,92.1,190.148,6.731,86.733,96.684,3.539874203,45.61341692,50.84670888,0.508467089,2.473068347,1.114731417
银川,2019,宁夏,0.437129873,1.407438994,1.13338189,-2.740423734,0.309029252,0.095499079,16,1126,29.4526,1.329038,0.872666667,0.860975,0.127333333,0.139025,0.680467669,0.282552434,286,2284.972095,0.039595902,0.156857523,0.245878137,0.021469333,0.087316967,0.075983537,0.069473466,9,0.218309859,0.190140845,0.306338028,384,267,651,0.00442023,0.527832386,0.000840701,0.002904143,0.000267014,0.169928342,1.969827148,3,0.000325145,0.00223779,0.0000658,92.64,189.67883,6.47122,82.88196,100.32564,3.411672246,43.69594646,52.89237602,0.52892376,2.494806932,1.210464135
银川,2020,宁夏,0.437129873,1.468402708,1.13338189,-2.740423734,0.312358331,0.097567727,17.72727273,1055.963636,42.83958909,1.296682382,0.884151515,0.852613636,0.115848485,0.147386364,0.687313184,0.286214467,245.5090909,3722.193994,0.040162744,0.156857523,0.247181089,0.022098353,0.089401473,0.077209072,0.070746803,9,0.242957746,0.306338028,0.401408451,428,543,971,0.005894991,0.539172535,0.002832494,0.002352582,0.00027695,0.201334322,1.902872395,3,0.000295724,0.002039504,0.0000597,94.16,196.437,7.572,83.262,105.603,3.854670963,42.38610852,53.75922051,0.537592205,2.499045496,1.268321683
锦州,2018,辽宁,0.527666327,1.027935991,1.206359167,-2.70703125,0.331640652,0.109985522,9,786,19.9025,1.422399,0.9438,0.87015,0.0562,0.12985,0.748201579,0.297073641,194,6358.573333,0.02475,0.156857523,0.21140307,0.020827789,0.098521696,0.070109852,0.06280228,3,0.028169014,0.056338028,0.080985915,46,49,95,0.000901708,0.482615976,0.000168535,0.001513131,0.000187249,0.138361749,2.01929334,3,0.000339844,0.002230517,0.000101412,55.84,119.24,18.02,41.68,59.54,15.1123784,34.95471318,49.93290842,0.499329084,2.3482053,1.428502879
锦州,2019,辽宁,0.527666327,1.031015678,1.206359167,-2.70703125,0.331808826,0.110097097,9,836,145.6594,1.515685,0.9518,0.844033333,0.0482,0.155966667,0.744536757,0.32474286,429,6187.603333,0.025664463,0.156857523,0.217494569,0.023435594,0.107752547,0.072166618,0.070629809,3,0.084507042,0.073943662,0.133802817,96,79,175,0.004966204,0.511215441,0.000195218,0.00224603,0.000246861,0.169928342,1.969827148,3,0.000325145,0.00223779,0.0000658,62.8,107.3,19.82643,27.92038,59.55611,18.47756757,26.02085741,55.50429637,0.555042964,2.370321715,2.133069464
锦州,2020,辽宁,0.527666327,1.030084374,1.206359167,-2.70703125,0.331757969,0.11006335,9.363636364,878.5636364,66.75923455,1.453613618,0.9488,0.865994848,0.0512,0.134005152,0.750967799,0.310393112,234.0545455,6662.319708,0.025068756,0.156857523,0.212977925,0.021931485,0.102975389,0.070657124,0.066106881,3,0.091549296,0.098591549,0.172535211,161,136,297,0.001315232,0.516959435,0.000351353,0.002339988,0.000226963,0.201334322,1.902872395,3,0.000295724,0.002039504,0.0000597,58.63,107.21958,20.85,26.83,59.54,19.44607505,25.02341457,55.5309021,0.555309021,2.360856105,2.219157659
镇江,2018,江苏,0.554179092,1.180441687,0.622959665,-2.742943548,0.28286265,0.080011279,8,1333,33.0268,1.275409,0.887511111,0.8396,0.112488889,0.1604,0.684923877,0.264448088,572,11838.65,0.030002503,0.156857523,0.232740765,0.017409588,0.074802487,0.06583367,0.06154785,20,0.190140845,0.302816901,0.373239437,830,1191,2021,0.012738153,0.525821596,0.003765853,0.002833516,0.000399661,0.138361749,2.01929334,3,0.000339844,0.002230517,0.000101412,79.3,384.779,14.171,186.291,184.317,3.682893297,48.41506423,47.90204247,0.479020425,2.442191492,0.989403675
镇江,2019,江苏,0.554179092,1.185778798,0.622959665,-2.742943548,0.283154097,0.080176242,8,1616,33.2298,1.379135,0.89051,0.837654545,0.10949,0.162345455,0.686810199,0.280704373,572,11202.6,0.031247074,0.156857523,0.235361701,0.018707158,0.079482593,0.06664363,0.066067059,20,0.242957746,0.316901408,0.408450704,1134,1408,2542,0.005845988,0.527832386,0.003254199,0.003732432,0.000386476,0.169928342,1.969827148,3,0.000325145,0.00223779,0.0000658,77.16,407.732,14.042,195.479,198.211,3.443928855,47.94301159,48.61305956,0.486130596,2.451691307,1.013975926
镇江,2020,江苏,0.554179092,1.189590088,0.622959665,-2.742943548,0.283362222,0.080294149,7.490909091,1571.781818,35.50226182,1.427042218,0.903763889,0.89304636,0.096236111,0.10695364,0.721740213,0.297782002,616.8727273,12165.922,0.029508095,0.156857523,0.232503408,0.019618677,0.08438017,0.065882682,0.06923533,20,0.253521127,0.323943662,0.422535211,1226,2085,3311,0.003490525,0.516959435,0.006407635,0.002737863,0.000499487,0.201334322,1.902872395,3,0.000295724,0.002039504,0.0000597,85.77,418.509,14.95,196.863,206.696,3.572205138,47.03913177,49.38866309,0.493886631,2.458164579,1.049948441
长春,2018,吉林,0.087195347,1.027780224,0.35762716,-2.756653226,0.074277445,0.005517139,40,1970,74.1443,1.359512,0.849005882,0.788305556,0.150994118,0.211694444,0.629005631,0.336906206,333,17033.78066,0.019572235,0.156857523,0.206616314,0.005170477,0.025024532,0.015346932,0.069610319,30,0.228873239,0.161971831,0.292253521,666,666,1332,0.003417133,0.51311587,0.002372533,0.004264397,0.000323404,0.138361749,2.01929334,3,0.000339844,0.002230517,0.000101412,92.61,563.51,30.19,243.15,290.17,5.357491438,43.1491899,51.49331866,0.514933187,2.461358272,1.193378573
长春,2019,吉林,0.087195347,1.024336591,0.35762716,-2.756653226,0.074089397,0.005489239,40,2147,75.1549,1.448564,0.847529412,0.791361111,0.152470588,0.208638889,0.628948705,0.349408314,738,16865.63607,0.020708688,0.156857523,0.216143172,0.005595396,0.025887451,0.016013917,0.075522221,30,0.330985915,0.306338028,0.454225352,841,819,1660,0.012890292,0.549913024,0.001854478,0.00490281,0.000208292,0.169928342,1.969827148,3,0.000325145,0.00223779,0.0000658,90.4,590.41375,34.81,249.55,306.06,5.895865399,42.26696956,51.83822362,0.518382236,2.459444754,1.226447606
长春,2020,吉林,0.087195347,1.031224468,0.35762716,-2.756653226,0.074465527,0.005545115,42.18181818,1748.363636,82.95370909,1.438593436,0.857900505,0.838642214,0.142099495,0.161357786,0.657917533,0.359391328,1059.6,17990.70774,0.020460823,0.156857523,0.221597785,0.005930459,0.026762265,0.016501396,0.079640322,30,0.330985915,0.299295775,0.443661972,1287,1413,2700,0.008692506,0.540227667,0.002447281,0.004595449,0.000268971,0.201334322,1.902872395,3,0.000295724,0.002039504,0.0000597,90.88,663.80302,53.38,275.81,334.61,8.041542203,41.54997668,50.40802616,0.504080262,2.423655741,1.21319024
长沙,2018,湖南,0.443645635,1.273221195,0.982053769,-2.781372549,0.28455329,0.080970575,51,3282,118.478,1.292994,0.861379592,0.849016667,0.138620408,0.150983333,0.665355326,0.392158901,6307,19379.72558,0.068529095,0.156857523,0.424837095,0.047407616,0.111590105,0.120888793,0.166603648,80,0.366197183,0.334507042,0.5,1629,1586,3215,0.013731242,0.541286937,0.010580066,0.009722708,0.000279797,0.138361749,2.01929334,3,0.000339844,0.002230517,0.000101412,97.4,1040.56317,31.87298,409.00938,599.68081,3.063050944,39.30654013,57.63040893,0.576304089,2.54567358,1.466178624
长沙,2019,湖南,0.443645635,1.305212397,0.982053769,-2.781372549,0.286300251,0.081967833,51,3795,112.5654,1.391096,0.86198,0.836296,0.13802,0.163704,0.660608346,0.40769552,6716,28986.97178,0.069104155,0.156857523,0.437663738,0.051085569,0.11672333,0.125303238,0.178433545,80,0.383802817,0.433098592,0.556338028,2632,2582,5214,0.007297263,0.536031724,0.009571141,0.010657863,0.000297393,0.169928342,1.969827148,3,0.000325145,0.00223779,0.0000658,97.08,1155.27308,35.98132,453.00172,666.29004,3.114529424,39.21165721,57.67381336,0.576738134,2.545592839,1.470833356
长沙,2020,湖南,0.443645635,1.343869096,0.982053769,-2.781372549,0.288411198,0.083181019,51.89090909,3650.6,110.88812,1.351662618,0.873559667,0.862140991,0.126440333,0.137859009,0.681754694,0.410942203,5972.981818,23474.96237,0.066495418,0.156857523,0.41625076,0.049334179,0.118520333,0.12005138,0.171055004,80,0.468309859,0.542253521,0.665492958,2673,2534,5207,0.013691028,0.561090118,0.010898708,0.008406123,0.000297479,0.201334322,1.902872395,3,0.000295724,0.002039504,0.0000597,96.97,1214.25166,42.34631,473.92678,697.97857,3.487440981,39.03035883,57.48220019,0.574822002,2.539947592,1.472756129
长治,2018,山西,0.017126947,0.94270629,1.196748608,-2.762826087,0.136113202,0.018526804,6,899,23.9259,1.191203,0.7948,0.89305,0.2052,0.10695,0.623825995,0.22024131,122,112.29,0.014442104,0.156857523,0.183105935,0.005489104,0.02997775,0.024923135,0.040327491,4,0.056338028,0.031690141,0.073943662,68,60,128,0.00041325,0.466311382,0.000846463,0.001556303,0.000323292,0.138361749,2.01929334,3,0.000339844,0.002230517,0.000101412,65.4,164.56336,6.39491,89.16908,68.99937,3.885986528,54.18525728,41.92875619,0.419287562,2.380427697,0.773803767
长治,2019,山西,0.017126947,0.938000535,1.196748608,-2.762826087,0.135856232,0.018456916,6,987,18.6433,1.314406,0.81405,0.8936,0.18595,0.1064,0.641352755,0.240987186,56,177.39,0.015661992,0.156857523,0.184863921,0.006052373,0.032739611,0.025114916,0.044549836,4,0.133802817,0.031690141,0.151408451,151,71,222,0.000503037,0.505597689,0.001530176,0.002663705,0.00035916,0.169928342,1.969827148,3,0.000325145,0.00223779,0.0000658,70.37,163.9917,5.05808,87.49142,71.44223,3.08435122,53.35112692,43.56454016,0.435645402,2.404802255,0.816562698
长治,2020,山西,0.017126947,0.927264371,1.196748608,-2.762826087,0.135269957,0.018297961,6,947.7090909,28.36709091,1.218035855,0.835809091,0.8935,0.164190909,0.1065,0.660864071,0.238522175,76.47272727,177.39,0.01491934,0.156857523,0.183474336,0.005919778,0.032264884,0.024818566,0.043762698,4,0.13028169,0.080985915,0.176056338,136,94,230,0.001038316,0.515993155,0.000491126,0.00181528,0.000275468,0.201334322,1.902872395,3,0.000295724,0.002039504,0.0000597,80.01,171.16354,6.16556,89.8505,75.14748,3.602145644,52.49394819,43.90390617,0.439039062,2.403017605,0.836361289
阜新,2018,辽宁,0.353241861,0.948108108,1.206359167,-2.70703125,0.263758859,0.069568736,2,532,11.6396,1.325689,0.89235,0.8246,0.10765,0.1754,0.683038371,0.24181335,2,351.62,0.014994869,0.156857523,0.182455931,0.011637115,0.063780413,0.048124368,0.04412028,2,0.035211268,0.024647887,0.059859155,20,15,35,0.000251726,0.463960232,0.000155347,0.00101917,0.000273054,0.138361749,2.01929334,3,0.000339844,0.002230517,0.000101412,34.69,44.6,9.53,12.3,22.77,21.367713,27.57847534,51.05381166,0.510538117,2.296860987,1.851219512
阜新,2019,辽宁,0.353241861,0.94665215,1.206359167,-2.70703125,0.263679353,0.069526801,2,563,11.4682,1.295033,0.9037,0.83515,0.0963,0.16485,0.697621977,0.244344304,2,296.71,0.016842438,0.156857523,0.186760369,0.012032699,0.064428548,0.049244853,0.045633832,2,0.045774648,0.024647887,0.070422535,45,46,91,0.00047644,0.482615976,0.000128722,0.00113521,0.000399131,0.169928342,1.969827148,3,0.000325145,0.00223779,0.0000658,36.09,48.81,10.62297,12.94757,25.23512,21.76392133,26.52646999,51.70071707,0.517007171,2.299190125,1.949023639
阜新,2020,辽宁,0.353241861,0.948510132,1.206359167,-2.70703125,0.263780812,0.069580317,2,611.0363636,10.61374727,1.426402982,0.904676364,1.03409,0.095323636,0.16485,0.781175708,0.29098076,4.818181818,314.8709268,0.015460185,0.156857523,0.18357766,0.014090529,0.076755141,0.048424264,0.053417567,2,0.049295775,0.052816901,0.095070423,19,38,57,0.000983678,0.500102062,0.000128649,0.000797094,0.000188541,0.201334322,1.902872395,3,0.000295724,0.002039504,0.0000597,54.25,50.45803,11.5,12.97,25.99,22.79121876,25.70453107,51.5081544,0.515081544,2.287247441,2.00385505
阜阳,2018,安徽,0.364476396,0.766433514,0.622959665,-2.775819672,0.188879179,0.035675344,5,1711,44.0832,1.540145,0.849779048,0.847189386,0.150220952,0.152810614,0.654171605,0.282614482,381,1377.23,0.00448667,0.156857523,0.164801906,0.008797124,0.053379991,0.031127649,0.046575405,1,0.225352113,0.197183099,0.345070423,376,239,615,0.008760244,0.532927293,0.003694726,0.002699365,0.000277995,0.138361749,2.01929334,3,0.000339844,0.002230517,0.000101412,65.07,240.734,31.068,92.379,117.288,12.90553059,38.37388985,48.72099496,0.48720995,2.358162952,1.269639204
阜阳,2018,安徽,0.364476396,0.766433514,0.622959665,-2.775819672,0.188879179,0.035675344,5,1711,44.0832,1.540145,0.849779048,0.847189386,0.150220952,0.152810614,0.654171605,0.282614482,381,1377.23,0.00448667,0.156857523,0.164801906,0.008797124,0.053379991,0.031127649,0.046575405,1,0.225352113,0.197183099,0.345070423,376,239,615,0.008760244,0.532927293,0.003694726,0.002699365,0.000277995,0.138361749,2.01929334,3,0.000339844,0.002230517,0.000101412,65.07,240.734,31.068,92.379,117.288,12.90553059,38.37388985,48.72099496,0.48720995,2.358162952,1.269639204
阜阳,2019,安徽,0.364476396,0.766653052,0.622959665,-2.775819672,0.188891168,0.035679873,5,1992,41.4713,1.754559,0.856676018,0.845608241,0.143323982,0.154391759,0.659712172,0.312064653,211,1572.04,0.005171086,0.156857523,0.163582737,0.00964259,0.058946257,0.030899334,0.05104839,1,0.302816901,0.306338028,0.436619718,825,435,1260,0.008892048,0.549913024,0.004293295,0.004302363,0.000252934,0.169928342,1.969827148,3,0.000325145,0.00223779,0.0000658,71.67,268.605,35.043,100.82,132.742,13.04629475,37.53466987,49.41903539,0.494190354,2.363727406,1.316623686
阜阳,2019,安徽,0.364476396,0.766653052,0.622959665,-2.775819672,0.188891168,0.035679873,5,1992,41.4713,1.754559,0.856676018,0.845608241,0.143323982,0.154391759,0.659712172,0.312064653,211,1572.04,0.005171086,0.156857523,0.163582737,0.00964259,0.058946257,0.030899334,0.05104839,1,0.302816901,0.306338028,0.436619718,825,435,1260,0.008892048,0.549913024,0.004293295,0.004302363,0.000252934,0.169928342,1.969827148,3,0.000325145,0.00223779,0.0000658,71.67,268.605,35.043,100.82,132.742,13.04629475,37.53466987,49.41903539,0.494190354,2.363727406,1.316623686
阜阳,2020,安徽,0.364476396,0.748874569,0.622959665,-2.775819672,0.187920329,0.03531405,5.272727273,1876.763636,26.80108182,1.716312909,0.849001947,0.886293528,0.150998053,0.113706472,0.669724369,0.308456277,314.6727273,1767.91,0.004972564,0.156857523,0.164985528,0.00956342,0.057965205,0.031004135,0.050890822,1,0.478873239,0.38028169,0.573943662,1700,774,2474,0.007589455,0.545565885,0.0022982,0.008055561,0.000263656,0.201334322,1.902872395,3,0.000295724,0.002039504,0.0000597,70.29,272.445,39.675,99.017,133.754,14.56257226,36.34384922,49.09394557,0.490939456,2.345321074,1.350818546
防城港,2018,广西,0.533423501,0.959826822,0.959614794,0.410996293,0.519915638,0.27031227,1,191,8.4395,1.374932444,0.854321429,0.853278701,0.145678571,0.146721299,0.660784045,0.231371061,30,10865.06483,0.00514004,0.156857523,0.164730196,0.019815961,0.120293433,0.085645805,0.0381138,0,0.091549296,0.031690141,0.10915493,58,58,116,0.000589469,0.487732046,0.000245028,0.00086163,0.000407193,0.138361749,2.01929334,3,0.000339844,0.002230517,0.000101412,71.83,66.209,9.68698,34.3823699,25.6124985,14.63091121,51.93005468,38.68431558,0.386843156,2.345439673,0.744931154
防城港,2019,广西,0.533423501,0.960047823,0.959614794,0.410996293,0.519927706,0.27032482,1,345,8.7992,1.439550556,0.848778247,0.846320887,0.151221753,0.153679113,0.652911343,0.237798125,54,11668.45546,0.005085098,0.156857523,0.165386479,0.020448026,0.123637833,0.085989013,0.039328595,0,0.147887324,0.066901408,0.183098592,132,48,180,0.00171821,0.509329037,0.000526657,0.001465559,0.000318354,0.169928342,1.969827148,3,0.000325145,0.00223779,0.0000658,76.92,70.123,10.94158,33.0828104,26.0983605,15.60341115,47.17825877,37.21797484,0.372179748,2.216138532,0.788879789
防城港,2020,广西,0.533423501,0.949935789,0.959614794,0.082407087,0.496499203,0.246511458,1,276.5454545,9.281883636,1.450759123,0.861273831,0.853473194,0.138726169,0.146526806,0.667112352,0.243490775,32.76363636,12181.56847,0.005934173,0.156857523,0.167251058,0.020219478,0.120892976,0.083040017,0.04072409,0,0.232394366,0.042253521,0.246478873,254,42,296,0.001031445,0.525821596,0.001404003,0.001676675,0.000347376,0.201334322,1.902872395,3,0.000295724,0.002039504,0.0000597,60.01,73.281,11.108,34.807,27.366,15.15809009,47.4979872,37.34392271,0.373439227,2.221858326,0.786221162
阳江,2018,广东,0.331253953,0.857876484,0.823719732,-2.73452381,0.206762245,0.042750626,1,701,19.3658,2.053596,0.8957,0.7767,0.1043,0.2233,0.666142211,0.317324438,114,2086.518773,0.004166602,0.156857523,0.159805351,0.010484943,0.065610713,0.033041713,0.050710143,2,0.126760563,0.031690141,0.144366197,202,111,313,0.00060132,0.487732046,0.001664035,0.003077788,0.000384462,0.138361749,2.01929334,3,0.000339844,0.002230517,0.000101412,54.92,116.77303,21.99815,38.93258,55.8423,18.83838246,33.3403869,47.82123064,0.478212306,2.289828482,1.434333404
阳江,2019,广东,0.331253953,0.85987853,0.823719732,-2.73452381,0.206871572,0.042795847,1,722,20.054,1.909285,0.9041,0.7478,0.0959,0.2522,0.661680122,0.300072079,114,2201.199257,0.004293103,0.156857523,0.160155162,0.009941853,0.062076383,0.03313155,0.048058093,2,0.105633803,0.045774648,0.137323944,119,63,182,0.000920453,0.50283486,0.000666942,0.002025595,0.000314935,0.169928342,1.969827148,3,0.000325145,0.00223779,0.0000658,55.71,129.1669826,24.44161303,44.32253122,60.40283839,18.92249283,34.31413378,46.76337339,0.467633734,2.278408806,1.362802095
阳江,2020,广东,0.331253953,0.860517302,0.823719732,-2.73452381,0.206906453,0.04281028,0.854545455,785.4181818,21.36464545,2.254099891,0.907525455,0.774209091,0.092474545,0.225790909,0.675733466,0.344304643,82.32727273,2462.800495,0.004365677,0.156857523,0.15990406,0.011391382,0.071238853,0.033085182,0.05505571,2,0.123239437,0.077464789,0.165492958,122,83,205,0.001402846,0.519880109,0.000708545,0.001430972,0.000250723,0.201334322,1.902872395,3,0.000295724,0.002039504,0.0000597,57.12,134.9529885,25.47396491,47.38117737,62.09784621,18.87617695,35.10939468,46.01442836,0.460144284,2.271382514,1.310601586
阳泉,2018,山西,0.45879043,0.999526934,1.196748608,-2.762826087,0.300062783,0.090037674,3,482,40.0282,1.013133,0.7704,0.8252,0.2296,0.1748,0.573702578,0.171480723,20,107.4,0.01217398,0.156857523,0.176039794,0.009058125,0.051454983,0.052822991,0.030187431,2,0.045774648,0.042253521,0.088028169,60,44,104,0.000911262,0.484309365,0.00156499,0.001694102,0.000298861,0.138361749,2.01929334,3,0.000339844,0.002230517,0.000101412,75.43,73.3694385,1.062249,34.508057,37.7991325,1.447808545,47.03328485,51.51890661,0.515189066,2.500710981,1.09537122
阳泉,2019,山西,0.45879043,0.99979874,1.196748608,-2.762826087,0.300077626,0.090046581,3,490,70,1.122827,0.7956,0.837,0.2044,0.163,0.601251375,0.198424269,32,148.88,0.01382922,0.156857523,0.180144002,0.010726257,0.059542683,0.054057184,0.035744942,2,0.088028169,0.070422535,0.13028169,73,45,118,0.001564163,0.512163892,0.000265233,0.001164942,0.000332103,0.169928342,1.969827148,3,0.000325145,0.00223779,0.0000658,73.89,71.77102,1.03452,32.7345,38.002,1.441417441,45.60963464,52.94894792,0.529489479,2.515075305,1.160915853
阳泉,2020,山西,0.45879043,0.991916085,1.196748608,-2.762826087,0.299647173,0.089788428,2.854545455,530.2,41.84338909,0.955043765,0.815143636,0.801521818,0.184856364,0.198478182,0.604069247,0.177149277,37.6,117.7252727,0.013705804,0.156857523,0.179936255,0.009551427,0.05308228,0.05391739,0.031875578,2,0.049295775,0.084507042,0.116197183,28,39,67,0.000904216,0.509329037,0.000284216,0.000816888,0.000263816,0.201334322,1.902872395,3,0.000295724,0.002039504,0.0000597,80.98,74.22446,1.0467,33.44379,39.73397,1.410182034,45.05764003,53.53217794,0.535321779,2.521219959,1.188082152
陇南,2018,甘肃,0.191319499,0.847108535,0.933759637,-2.732894737,0.167446631,0.028038374,1,531,1.4,1.348083,0.5392,0.7376,0.4608,0.2624,0.329539408,0.107210947,3,29.06270539,0.002814011,0.156857523,0.153775874,0.002760602,0.017952112,0.025749252,0.016486457,3,0.028169014,0.007042254,0.035211268,47,35,82,0.0000258,0.37054542,0.0000107,0.004835285,0.000088,0.138361749,2.01929334,3,0.000339844,0.002230517,0.000101412,37.42,37.923,7.103,7.46,23.359,18.73005828,19.6714395,61.59586531,0.615958653,2.428605332,3.131233244
陇南,2019,甘肃,0.191319499,0.846492874,0.933759637,-2.732894737,0.167413012,0.028027116,1,627,14.24,1.291986,0.5136,0.7457,0.4864,0.2543,0.309901299,0.096801528,7,27.54221932,0.0035871,0.156857523,0.155655545,0.002522528,0.016205835,0.026058764,0.015067695,3,0.021126761,0.017605634,0.038732394,11,9,20,0.000707597,0.456291468,0.000018,0.001145264,0.000227082,0.169928342,1.969827148,3,0.000325145,0.00223779,0.0000658,40.69,44.509,7.89,10.675,25.943,17.72675189,23.98391337,58.287088,0.58287088,2.405558426,2.430257611
陇南,2020,甘肃,0.191319499,0.829073822,0.933759637,-2.732894737,0.1664618,0.027709531,1,562.9454545,13.38662545,1.297297073,0.54596,0.744461818,0.45404,0.255538182,0.338465657,0.107134733,7.409090909,66.74026855,0.003214662,0.156857523,0.15480794,0.00276082,0.017833841,0.025769608,0.016585307,3,0.017605634,0.028169014,0.045774648,15,16,31,0.0000733,0.451072448,0.0000158,0.001048734,0.000164429,0.201334322,1.902872395,3,0.000295724,0.002039504,0.0000597,37.64,45.18,8.24,10.29,26.65,18.23815848,22.77556441,58.98627711,0.589862771,2.407481186,2.5898931
随州,2018,湖北,0.587251373,0.884662968,0.556737347,-2.744369369,0.271361662,0.073637151,1,481,11.98,1.371761,0.9497,0.5071,0.0503,0.4929,0.602625439,0.213713526,450,1001.34,0.003067623,0.156857523,0.162484029,0.009423043,0.057993657,0.044091936,0.034725035,1,0.035211268,0.052816901,0.080985915,23,32,55,0.000304498,0.481773714,0.00036572,0.000801487,0.000323942,0.138361749,2.01929334,3,0.000339844,0.002230517,0.000101412,60.09,101.119,14.413,48.874,37.832,14.2535033,48.33315203,37.41334467,0.374133447,2.231598414,0.774072104
随州,2019,湖北,0.587251373,0.890251724,0.556737347,-2.744369369,0.27166685,0.073802877,1,569,11.878,1.489109,0.9376,0.1758,0.0624,0.8242,0.454069176,0.171863207,299,893,0.003376857,0.156857523,0.160570232,0.00749695,0.046689536,0.043621609,0.027596115,1,0.073943662,0.024647887,0.088028169,72,44,116,0.000264414,0.473510014,0.001331326,0.001364655,0.000484881,0.169928342,1.969827148,3,0.000325145,0.00223779,0.0000658,78.44,116.2229323,15.62236,54.40754369,46.19302858,13.44171903,46.81308811,39.74519286,0.397451929,2.263034738,0.849018821
随州,2020,湖北,0.587251373,0.891955323,0.556737347,-2.744369369,0.271759879,0.073853432,1,576.1454545,12.97455818,1.441191509,0.933936364,0.409154545,0.066063636,0.590845455,0.547755518,0.202184155,522.9818182,1339.324364,0.00282806,0.156857523,0.163330699,0.008974294,0.054945542,0.044386731,0.033022879,1,0.063380282,0.063380282,0.105633803,83,74,157,0.000558005,0.506525391,0.000247355,0.001225726,0.0003001,0.201334322,1.902872395,3,0.000295724,0.002039504,0.0000597,68.51,109.6724501,17.33673008,47.73157444,44.60414555,15.80773482,43.52193683,40.67032834,0.406703283,2.248625935,0.934478824
雅安,2018,四川,0.08862095,0.950424005,1.249300169,-2.740873016,0.169888522,0.02886211,2,480,49.6437,1.072518,0.8587,0.9449,0.1413,0.0551,0.702795045,0.22596319,10,63.56,0.035269732,0.156857523,0.229975406,0.008828423,0.038388552,0.039070182,0.051965976,1,0.014084507,0.035211268,0.042253521,12,18,30,0.000115873,0.45404003,0.00027531,0.000875847,0.000333628,0.138361749,2.01929334,3,0.000339844,0.002230517,0.000101412,62.69,65.334,11.384,20.777,33.173,17.424312,31.80120611,50.77448189,0.507744819,2.333501699,1.596621264
雅安,2019,四川,0.08862095,0.945098039,1.249300169,-2.740873016,0.169597684,0.028763374,2,550,79.3497,1.105572,0.8805,0.9463,0.1195,0.0537,0.722966499,0.242489485,45,105.08,0.040639696,0.156857523,0.243179709,0.010000925,0.041125655,0.041242715,0.058968522,1,0.024647887,0.049295775,0.066901408,46,66,112,0.000197085,0.458565346,0.0000974,0.000987132,0.00020074,0.169928342,1.969827148,3,0.000325145,0.00223779,0.0000658,72.4,72.304,12.805,22.72,36.854,17.70994689,31.42288117,50.97090064,0.509709006,2.334684112,1.62209507
雅安,2020,四川,0.08862095,0.941291236,1.249300169,-2.740873016,0.169389804,0.028692906,1.818181818,561.0545455,48.65674364,1.088108195,0.8869,0.930978182,0.1131,0.069021818,0.722350076,0.23569123,22.90909091,92.848,0.037986247,0.156857523,0.236576737,0.009445017,0.039923691,0.040073687,0.055759062,1,0.038732394,0.063380282,0.098591549,60,59,119,0.000926993,0.505597689,0.000219395,0.001079922,0.000309308,0.201334322,1.902872395,3,0.000295724,0.002039504,0.0000597,89.39,75.459,15.178,22.588,37.693,20.11423422,29.93413642,49.95162936,0.499516294,2.298373951,1.668717903
青岛,2018,山东,0.233429237,1.200063586,0.833128587,-2.7625,0.188910737,0.035687266,25,3346,113.2576,1.367854,0.862996154,0.821784375,0.137003846,0.178215625,0.655490664,0.340595087,1704,80458.5807,0.040552476,0.156857523,0.308785932,0.019867926,0.064342069,0.058332978,0.105170971,58,0.383802817,0.478873239,0.588028169,2297,2527,4824,0.015905109,0.51792934,0.00984345,0.009159813,0.000370866,0.138361749,2.01929334,3,0.000339844,0.002230517,0.000101412,96.32,1094.938,38.691,403.333,652.914,3.533624735,36.83614963,59.63022564,0.596302256,2.560966009,1.618796379
青岛,2019,山东,0.233429237,1.194002912,0.833128587,-2.7625,0.188579778,0.035562333,24,3803,107.3523,1.333896,0.867069697,0.785872222,0.132930303,0.214127778,0.644226648,0.336097659,2289,85925.07767,0.041905069,0.156857523,0.324525412,0.020568817,0.063381222,0.06119893,0.109072231,58,0.492957746,0.5,0.651408451,3701,3764,7465,0.014226417,0.531900459,0.014875305,0.01517411,0.000356335,0.169928342,1.969827148,3,0.000325145,0.00223779,0.0000658,97.38,1174.131,40.998,418.276,714.857,3.491773916,35.62430427,60.88392181,0.608839218,2.573921479,1.709055743
青岛,2020,山东,0.233429237,1.229723546,0.833128587,-2.7625,0.190530394,0.036301831,24,3639.490909,128.8986836,1.377936255,0.873359231,0.829704705,0.126640769,0.170295295,0.668094566,0.350732964,2075.109091,86750.9956,0.040114808,0.156857523,0.317047834,0.021186813,0.06682529,0.060407249,0.111199126,58,0.48943662,0.563380282,0.672535211,6241,7423,13664,0.006980036,0.52184563,0.018009538,0.015016308,0.000416435,0.201334322,1.902872395,3,0.000295724,0.002039504,0.0000597,98.24,1240.056,42.541,438.144,759.371,3.430570877,35.33259788,61.23683124,0.612368312,2.578062604,1.73315394
鞍山,2018,辽宁,0.547028386,1.046518432,1.206359167,-2.70703125,0.339706744,0.115400672,2,984,28.1366,1.43561,0.856525,0.89456,0.143475,0.10544,0.679920055,0.261612514,26,6358.573333,0.008629298,0.156857523,0.170742948,0.015174188,0.088871535,0.058002531,0.044668492,7,0.070422535,0.045774648,0.105633803,200,236,436,0.000752504,0.480934387,0.000367928,0.001548585,0.000464605,0.138361749,2.01929334,3,0.000339844,0.002230517,0.000101412,56.52,175.11,9.69,72.29,93.13,5.533664554,41.28262235,53.18371309,0.531837131,2.476500485,1.288283303
鞍山,2019,辽宁,0.547028386,1.045615068,1.206359167,-2.70703125,0.339657413,0.115367158,2,1038,27.1191,1.627994,0.86125,0.870333333,0.13875,0.129666667,0.674097748,0.281324844,5,6187.603333,0.008793695,0.156857523,0.170688767,0.016310006,0.095554069,0.057975705,0.048018991,7,0.098591549,0.052816901,0.137323944,214,169,383,0.000772621,0.474323605,0.001696788,0.003325897,0.000328333,0.169928342,1.969827148,3,0.000325145,0.00223779,0.0000658,66.1,174.53,10.48082,74.58172,89.46956,6.005168166,42.73289406,51.26314101,0.51263141,2.452603793,1.199617815
鞍山,2020,辽宁,0.547028386,1.047153339,1.206359167,-2.70703125,0.339741415,0.115424229,2.072727273,1049.072727,28.46782909,1.603231982,0.875181515,0.895444909,0.124818485,0.104555091,0.697052687,0.287758631,26.4,6662.319708,0.00862046,0.156857523,0.170870375,0.01670489,0.097763525,0.058051743,0.049169425,7,0.137323944,0.10915493,0.214788732,221,219,440,0.002014336,0.523826068,0.000712705,0.002050049,0.000230291,0.201334322,1.902872395,3,0.000295724,0.002039504,0.0000597,70.4,173.87804,11.05,70.62,92.2,6.355029077,40.61467452,53.02567248,0.530256725,2.466613955,1.305579156
韶关,2018,广东,0.733128261,0.846098996,1.038274459,-2.73452381,0.37610841,0.141457536,2,762,20.9151,1.185538,0.8601,0.8874,0.1399,0.1126,0.680156991,0.229831173,92,2359.66,0.01273404,0.156857523,0.179634043,0.015527825,0.086441437,0.067561874,0.041285503,3,0.13028169,0.077464789,0.176056338,214,121,335,0.00167365,0.500102062,0.002462632,0.002065295,0.000423467,0.138361749,2.01929334,3,0.000339844,0.002230517,0.000101412,64.91,121.74773,15.63052,42.22914,63.88807,12.83844882,34.68577196,52.47577922,0.524757792,2.396373304,1.512890625
韶关,2019,广东,0.733128261,0.845403321,1.038274459,-2.73452381,0.376070421,0.141428962,2,800,20.6893,1.284845,0.8093,0.9039,0.1907,0.0961,0.64136489,0.226685683,77,2646.16,0.012639352,0.156857523,0.179288294,0.015284288,0.08524978,0.067425024,0.04064209,3,0.161971831,0.190140845,0.274647887,210,163,373,0.004590846,0.527832386,0.001209393,0.001598262,0.000269323,0.169928342,1.969827148,3,0.000325145,0.00223779,0.0000658,67.13,131.6346786,17.66689586,44.8846077,69.08317499,13.42115623,34.09785946,52.4809843,0.524809843,2.390598281,1.539128412
韶关,2020,广东,0.733128261,0.842056512,1.038274459,-2.73452381,0.37588766,0.141291533,2,893.7090909,14.10377455,1.222216316,0.819448182,0.884103636,0.180551818,0.115896364,0.642257059,0.220487184,130.1454545,2848.780916,0.01397948,0.156857523,0.183434185,0.015202734,0.082878412,0.068950647,0.040444887,3,0.197183099,0.179577465,0.295774648,354,277,631,0.004859373,0.541286937,0.002435047,0.001952008,0.000251036,0.201334322,1.902872395,3,0.000295724,0.002039504,0.0000597,67.05,137.5160167,19.98749881,47.43628459,70.09223333,14.5346697,34.4950979,50.97023241,0.509702324,2.364355627,1.477607994
马鞍山,2018,安徽,0.015613952,0.951508009,0.474892358,-2.775819672,0.055625975,0.003094249,6,700,17.0519,1.273519,0.87435,0.8425,0.12565,0.1575,0.674302403,0.244576705,26,4480.49,0.025745413,0.156857523,0.209982853,0.002856778,0.013604818,0.011680501,0.051356914,7,0.14084507,0.253521127,0.309859155,475,463,938,0.006475492,0.519880109,0.00212584,0.002259501,0.000351634,0.138361749,2.01929334,3,0.000339844,0.002230517,0.000101412,87.28,192.374,8.685,93.473,90.216,4.514643351,48.58920644,46.89615021,0.468961502,2.423815069,0.965155713
马鞍山,2019,安徽,0.015613952,0.94701929,0.474892358,-2.775819672,0.055380857,0.003067039,6,770,15.5653,1.352982,0.895225,0.843625,0.104775,0.156375,0.69352836,0.261411603,226,5208.5,0.028470046,0.156857523,0.220134935,0.003186937,0.014477199,0.012191261,0.057545826,7,0.204225352,0.299295775,0.373239437,529,507,1036,0.005499854,0.530877573,0.00123177,0.00257773,0.000295161,0.169928342,1.969827148,3,0.000325145,0.00223779,0.0000658,83.06,208.564,9.41,100.285,98.869,4.51180453,48.08356188,47.40463359,0.474046336,2.428928291,0.985880241
马鞍山,2020,安徽,0.015613952,0.926929182,0.474892358,-2.775819672,0.054283786,0.002946729,5.090909091,786.1090909,15.89690545,1.367833418,0.892881515,0.867900182,0.107118485,0.132099818,0.701510875,0.26437718,136.5636364,4655.120364,0.024791954,0.156857523,0.209724597,0.00300984,0.014351394,0.011384645,0.055446398,7,0.281690141,0.341549296,0.429577465,744,702,1446,0.005634945,0.544489819,0.001717048,0.002977458,0.000284361,0.201334322,1.902872395,3,0.000295724,0.002039504,0.0000597,90.96,210.27,10.024,98.439,101.807,4.767204071,46.8155229,48.41727303,0.48417273,2.43650069,1.034214082
驻马店,2018,河南,0.439111832,0.73495609,0.615962934,-2.725396825,0.217081041,0.047124179,3,1910,36.7244,1.307956929,0.863409583,0.842822464,0.136590417,0.157177536,0.664605277,0.258319824,89,529.8954272,0.004257004,0.156857523,0.158864675,0.008908549,0.056076336,0.034486509,0.041037895,1,0.105633803,0.063380282,0.144366197,175,72,247,0.001601027,0.497398807,0.001284214,0.001853374,0.000527104,0.138361749,2.01929334,3,0.000339844,0.002230517,0.000101412,54.27,237.0324303,41.258,92.567,103.208,17.40605703,39.0524621,43.54172122,0.435417212,2.261361449,1.114954573
驻马店,2019,河南,0.439111832,0.729902036,0.615962934,-2.725396825,0.216805052,0.047004431,3,1820,38.0183,1.387675571,0.865769306,0.831226981,0.134230694,0.168773019,0.661906838,0.265022107,89,713,0.004560342,0.156857523,0.159660749,0.009173808,0.057458132,0.034615257,0.042313628,1,0.10915493,0.073943662,0.147887324,116,97,213,0.002170313,0.507456504,0.001582197,0.001394554,0.000278765,0.169928342,1.969827148,3,0.000325145,0.00223779,0.0000658,49.38,271.555927,46.791,108.678392,116.086535,17.23070475,40.02062971,42.74866555,0.427486655,2.255179608,1.06816574
驻马店,2020,河南,0.439111832,0.73180769,0.615962934,-2.725396825,0.216909115,0.047049564,2.927272727,1790.781818,43.52294182,1.348580144,0.875517223,0.838970816,0.124482777,0.161029184,0.673884604,0.265432055,134.6181818,632.6156354,0.004465661,0.156857523,0.160183356,0.009222498,0.057574632,0.03474523,0.042517797,1,0.169014085,0.112676056,0.228873239,273,156,429,0.000909086,0.516959435,0.000796463,0.002073669,0.000361947,0.201334322,1.902872395,3,0.000295724,0.002039504,0.0000597,57.03,284.2814804,54.3494829,108.1744565,121.757541,19.11819329,38.05188306,42.82992365,0.428299237,2.237117304,1.125566469
鸡西,2018,黑龙江,0.750279304,1.141097589,0.562335145,-2.730737705,0.346302708,0.119925566,1,443,22.4612,1.3795,0.8192,0.9609,0.1808,0.0391,0.673949413,0.242451472,21,17033.78066,0.046435255,0.156857523,0.264225063,0.022184759,0.083961602,0.091501855,0.064061756,1,0.021126761,0.028169014,0.049295775,19,23,42,0.000185562,0.451072448,0.0000805,0.000784006,0.000240941,0.138361749,2.01929334,3,0.000339844,0.002230517,0.000101412,42.05,52.09608,18.92663,12.89173,21.69946,36.33023828,24.74606535,41.65276927,0.416527693,2.107806768,1.683207762
鸡西,2019,黑龙江,0.750279304,1.131351567,0.562335145,-2.730737705,0.345770502,0.11955724,1,437,22.6203,1.300023,0.8325,0.9502,0.1675,0.0498,0.681454135,0.236428171,10,16865.63607,0.048890551,0.156857523,0.269712566,0.022048972,0.081749887,0.093258649,0.063767649,1,0.042253521,0.01056338,0.052816901,42,31,73,0.0000424,0.445971467,0.0000406,0.00208576,0.000304863,0.169928342,1.969827148,3,0.000325145,0.00223779,0.0000658,50.81,55.28352,20.5296,12.22883,22.43822,37.1351173,22.1202087,40.58753856,0.405875386,2.031381504,1.83486237
鸡西,2020,黑龙江,0.750279304,1.138637607,0.562335145,-2.730737705,0.346168375,0.119832544,1,443.5454545,22.46388,1.316318982,0.826943636,0.957469091,0.173056364,0.042530909,0.679482067,0.237557758,55.23636364,17990.70774,0.047349594,0.156857523,0.267399828,0.02198962,0.082234983,0.092565364,0.063522904,1,0.056338028,0.049295775,0.098591549,31,31,62,0.000649829,0.51311587,0.000179126,0.000972918,0.00021133,0.201334322,1.902872395,3,0.000295724,0.002039504,0.0000597,48.78,57.00797,21.52078,13.32449,22.39318,37.75047594,23.37303012,39.28078828,0.392807883,2.02338901,1.68060316
鹤壁,2018,河南,0.639099987,0.899583111,0.669327963,-2.725396825,0.304781533,0.092891783,3,430,9.2361,1.307956929,0.863409583,0.842822464,0.136590417,0.157177536,0.664605277,0.233258424,35,364.5132529,0.011297431,0.156857523,0.174362199,0.012395907,0.07109286,0.053142378,0.040671452,1,0.056338028,0.028169014,0.077464789,47,26,73,0.000726779,0.477606121,0.000255908,0.001361414,0.000404302,0.138361749,2.01929334,3,0.000339844,0.002230517,0.000101412,81.39,86.19013076,6.005,54.236,25.949,6.967154994,62.92599805,30.10669525,0.301066952,2.231392368,0.478446051
鹤壁,2019,河南,0.639099987,0.912350234,0.669327963,-2.725396825,0.305478714,0.093317245,3,480,9.0262,1.387675571,0.865769306,0.831226981,0.134230694,0.168773019,0.661906838,0.241743371,96,437.5269986,0.013078453,0.156857523,0.179615714,0.013264163,0.073847454,0.054868777,0.043420908,1,0.063380282,0.01056338,0.070422535,59,29,88,0.0000729,0.482615976,0.0000623,0.002678202,0.00028933,0.169928342,1.969827148,3,0.000325145,0.00223779,0.0000658,83.14,96.68543,6.38308,56.21581,34.08654,6.601904754,58.14300045,35.2550948,0.352550948,2.2865319,0.606351487
鹤壁,2020,河南,0.639099987,0.903008569,0.669327963,-2.725396825,0.304968589,0.09300584,3.672727273,489.2545455,9.648581818,1.348580144,0.875517223,0.838970816,0.124482777,0.161029184,0.673884604,0.243616759,62.83636364,416.1152753,0.012266208,0.156857523,0.177133748,0.013160233,0.074295459,0.054020229,0.04315275,1,0.154929577,0.045774648,0.179577465,150,77,227,0.000740657,0.509329037,0.001238052,0.001788007,0.000328331,0.201334322,1.902872395,3,0.000295724,0.002039504,0.0000597,82.77,97.19559908,7.80958895,54.53273028,34.85327985,8.03492033,56.10617229,35.85890738,0.358589074,2.27823987,0.639125891
鹤岗,2018,黑龙江,0.087875836,1.141097589,0.35762716,-2.730737705,0.082517484,0.006809135,1,241,6.2974,1.438056286,0.855536923,0.826729231,0.144463077,0.173270769,0.650842751,0.235009212,16,17033.78066,0.046435255,0.156857523,0.264139364,0.005122288,0.019392369,0.021796116,0.062075184,0,0.014084507,0.014084507,0.028169014,24,9,33,0.0000278,0.393803621,0.0000818,0.001937221,0.000160075,0.138361749,2.01929334,3,0.000339844,0.002230517,0.000101412,49.73,31.7645,9.033,9.576,13.155,28.43740654,30.14686206,41.41415731,0.414141573,2.129736026,1.373746867
鹤岗,2019,黑龙江,0.087875836,1.131351567,0.35762716,-2.730737705,0.081985278,0.006721586,1,260,5.4041,1.448407286,0.872674286,0.82758,0.127325714,0.17242,0.666596074,0.24224396,10,16865.63607,0.048890551,0.156857523,0.269712566,0.00535661,0.019860438,0.02211246,0.06533624,0,0.052816901,0.024647887,0.073943662,33,11,44,0.000340504,0.486871848,0.000112565,0.000619381,0.000286787,0.169928342,1.969827148,3,0.000325145,0.00223779,0.0000658,63.28,33.68245,9.72189,9.85384,14.06351,28.8633695,29.25511654,41.75322757,0.417532276,2.126332853,1.427211118
鹤岗,2020,黑龙江,0.087875836,1.138637607,0.35762716,-2.730737705,0.08238315,0.006786983,0.781818182,260.1090909,4.629196364,1.458863208,0.862485689,0.839353743,0.137514311,0.160646257,0.662333513,0.241210004,10,17990.70774,0.047349594,0.156857523,0.26662448,0.005298266,0.01987164,0.021965365,0.064312492,0,0.042253521,0.017605634,0.059859155,29,17,46,0.00012929,0.459328349,0.000163843,0.001614951,0.000255245,0.201334322,1.902872395,3,0.000295724,0.002039504,0.0000597,67.1,33.33814,10.39408,9.95242,13.67765,31.17774417,29.8529552,41.0270339,0.410270339,2.139647563,1.374303938
鹰潭,2018,江西,0.007355294,0.890635209,0.584790548,-2.721538462,0.06517849,0.004248236,2,374,7.4409,1.558138,0.8718,0.7853,0.1282,0.2147,0.648239526,0.251539257,24,4856.09,0.00802223,0.156857523,0.168587076,0.002763976,0.016394949,0.010988251,0.042406268,2,0.063380282,0.028169014,0.084507042,59,29,88,0.000243556,0.460862,0.001267535,0.001295537,0.000613031,0.138361749,2.01929334,3,0.000339844,0.002230517,0.000101412,82.58,81.898,5.631,45.077,31.19,6.875625778,55.04041613,38.08395809,0.380839581,2.312083323,0.691927147
鹰潭,2019,江西,0.007355294,0.892224449,0.584790548,-2.721538462,0.065265274,0.004259556,2,408,7.6764,1.643555,0.8752,0.78925,0.1248,0.21075,0.652936349,0.26328158,29,4318.94,0.008713436,0.156857523,0.170042842,0.002921871,0.017183144,0.011097893,0.044769148,2,0.066901408,0.028169014,0.091549296,189,113,302,0.000286718,0.482615976,0.000258935,0.002926529,0.000370115,0.169928342,1.969827148,3,0.000325145,0.00223779,0.0000658,89.56,94.126,6.471,49.651,38.004,6.874827359,52.74950598,40.37566666,0.403756667,2.335008393,0.76542265
鹰潭,2020,江西,0.007355294,0.878278209,0.584790548,-2.721538462,0.064503704,0.004160728,2.272727273,383.8181818,8.211369091,1.813319078,0.866900909,0.828649091,0.133099091,0.171350909,0.661852374,0.285751518,28.58181818,4652.282182,0.009306143,0.156857523,0.171579798,0.003162564,0.018432031,0.011067533,0.049029188,2,0.091549296,0.066901408,0.123239437,368,195,563,0.000840118,0.512163892,0.000610809,0.003540443,0.000282265,0.201334322,1.902872395,3,0.000295724,0.002039504,0.0000597,93.56,98.26566,7.34407,50.26323,40.65836,7.473689181,51.150351,41.37595982,0.413759598,2.339022706,0.80890862
黄冈,2018,湖北,0.332242951,0.854666235,0.600294829,-2.744369369,0.181651487,0.032997263,4,1129,30.22,1.256290182,0.8192,0.9609,0.1808,0.0391,0.673949413,0.246216914,501,941.71,0.006619273,0.156857523,0.171654106,0.007677345,0.044725669,0.031181224,0.042264144,1,0.14084507,0.13028169,0.218309859,136,111,247,0.003450275,0.51792934,0.001375245,0.001318944,0.000350165,0.138361749,2.01929334,3,0.000339844,0.002230517,0.000101412,64.29,203.52,37.61,83.204,82.706,18.47975629,40.88246855,40.63777516,0.406377752,2.221580189,0.994014711
黄冈,2019,湖北,0.332242951,0.858351066,0.600294829,-2.744369369,0.181852706,0.033070407,4,1826,30.6375,1.299403909,0.8325,0.9502,0.1675,0.0498,0.681454135,0.263827347,130,1029.077,0.006505606,0.156857523,0.165069443,0.007919655,0.047977717,0.030018325,0.043549833,1,0.183098592,0.123239437,0.242957746,288,159,447,0.001086664,0.496504205,0.00166477,0.002050584,0.000392058,0.169928342,1.969827148,3,0.000325145,0.00223779,0.0000658,72.13,232.2734272,40.30136,87.6562292,104.315838,17.35082678,37.73838026,44.91079296,0.44910793,2.275599662,1.190056188
黄冈,2020,湖北,0.332242951,0.848187967,0.600294829,-2.744369369,0.181297725,0.032868865,4,1525.418182,34.50565273,1.288177657,0.815776364,0.96166,0.184223636,0.03834,0.671188753,0.254974677,447.9272727,1028.033818,0.006717401,0.156857523,0.17101457,0.007905376,0.046226329,0.031004552,0.043604385,1,0.161971831,0.14084507,0.23943662,241,238,479,0.002645677,0.528843559,0.00140524,0.001507691,0.000317451,0.201334322,1.902872395,3,0.000295724,0.002039504,0.0000597,62.96,216.9547556,43.828,74.983,98.143,20.20144702,34.56158396,45.23662076,0.452366208,2.250344772,1.308870011
黄山,2018,安徽,0.908870756,0.947031902,0.808824325,-2.775819672,0.417473829,0.174284398,2,464,10.4202,1.465021,0.85315,0.8199,0.14685,0.1801,0.645859723,0.242049979,185,951,0.016082723,0.156857523,0.188420835,0.019039837,0.101049532,0.078660768,0.045607259,2,0.052816901,0.102112676,0.137323944,84,108,192,0.001265877,0.495612815,0.000421088,0.001136055,0.000386879,0.138361749,2.01929334,3,0.000339844,0.002230517,0.000101412,88.45,73.888,5.69,25.182,43.016,7.700844521,34.08131226,58.21784322,0.582178432,2.505169987,1.708204273
黄山,2019,安徽,0.908870756,0.954203599,0.808824325,-2.775819672,0.417865458,0.174611541,2,520,10.3521,1.751914,0.84825,0.8297,0.15175,0.1703,0.645529275,0.27445623,37,1157.85,0.015907108,0.156857523,0.185568768,0.021282099,0.114685778,0.077542778,0.050930505,2,0.066901408,0.063380282,0.11971831,96,70,166,0.0006732,0.498296639,0.000618907,0.001432803,0.000397906,0.169928342,1.969827148,3,0.000325145,0.00223779,0.0000658,77.54,81.633,6.176,27.97,47.486,7.565567846,34.26310438,58.17010278,0.581701028,2.506020849,1.697747587
黄山,2020,安徽,0.908870756,0.944376825,0.808824325,-2.775819672,0.417328842,0.174163363,2.309090909,486.9454545,7.823356364,1.751544804,0.79354,0.857959091,0.20646,0.142040909,0.608110515,0.260126169,84.73636364,1107.994364,0.018139848,0.156857523,0.191596445,0.020799356,0.108558153,0.079958722,0.049839249,2,0.161971831,0.14084507,0.246478873,243,113,356,0.002616422,0.525821596,0.000703979,0.001304706,0.000310377,0.201334322,1.902872395,3,0.000295724,0.002039504,0.0000597,87.74,85.037,6.776,29.342,48.92,7.968296153,34.50498019,57.52789962,0.575278996,2.495619554,1.667234681
黄石,2018,湖北,0.002289629,0.905150938,0.535158294,-2.744369369,0.057069863,0.003256969,4,666,35.99,1.252347,0.858683333,0.8571,0.141316667,0.1429,0.666291756,0.23710877,111,3785.33,0.018537257,0.156857523,0.194223304,0.002628184,0.013531765,0.011084297,0.046052049,7,0.084507042,0.102112676,0.151408451,132,99,231,0.001497143,0.504673378,0.000731928,0.001709394,0.000351691,0.138361749,2.01929334,3,0.000339844,0.002230517,0.000101412,87.26,158.733,9.564,92.954,56.215,6.025212149,58.55997178,35.41481607,0.354148161,2.293896039,0.604761495
黄石,2019,湖北,0.002289629,0.905612058,0.535158294,-2.744369369,0.057095044,0.003259844,4,752,52.38,1.319194,0.868916667,0.854933333,0.131083333,0.145066667,0.67458707,0.251211543,191,4051,0.019188818,0.156857523,0.197245075,0.002829073,0.014342934,0.011261716,0.04955024,7,0.098591549,0.10915493,0.161971831,129,172,301,0.001663095,0.515993155,0.002182952,0.001229307,0.000426252,0.169928342,1.969827148,3,0.000325145,0.00223779,0.0000658,83.6,176.7193259,10.38166,90.03844988,76.29921602,5.874660254,50.94997359,43.17536615,0.431753662,2.373007059,0.847407037
黄石,2020,湖北,0.002289629,0.90071914,0.535158294,-2.744369369,0.056827854,0.003229405,4.254545455,738.8,37.02909273,1.305229018,0.882000879,0.856377182,0.117999121,0.143622818,0.686944678,0.252494315,186.9636364,4193.312182,0.019151929,0.156857523,0.197155634,0.002828929,0.01434871,0.011203932,0.049780677,7,0.123239437,0.126760563,0.200704225,319,281,600,0.002097955,0.526825073,0.000457168,0.002389504,0.000277442,0.201334322,1.902872395,3,0.000295724,0.002039504,0.0000597,83.28,164.1316916,11.579,79.78,72.773,7.054700946,48.60730992,44.33817704,0.44338177,2.372838519,0.91217097
黑河,2018,黑龙江,0.093681342,1.141097589,0.562335145,-2.730737705,0.107180279,0.011487612,1,348,8.0583,1.438056286,0.855536923,0.826729231,0.144463077,0.173270769,0.650842751,0.236788642,7,17033.78066,0.046435255,0.156857523,0.263985104,0.006699697,0.025379073,0.028293997,0.062508674,0,0.01056338,0.031690141,0.042253521,7,21,28,0.000113424,0.432690185,0.0000315,0.000674102,0.000303314,0.138361749,2.01929334,3,0.000339844,0.002230517,0.000101412,43.7,53.17702,22.32306,7.95404,20.23589,41.97877203,14.95766404,38.05382475,0.380538248,1.860555744,2.544102117
黑河,2019,黑龙江,0.093681342,1.131351567,0.562335145,-2.730737705,0.106648072,0.011373811,1,391,7.624,1.448407286,0.872674286,0.82758,0.127325714,0.17242,0.666596074,0.244431688,49,16865.63607,0.048890551,0.156857523,0.270381023,0.007048338,0.026068168,0.028835615,0.06608969,0,0.031690141,0.007042254,0.038732394,32,5,37,0.0000525,0.418901879,0.0000795,0.00208693,0.000322322,0.169928342,1.969827148,3,0.000325145,0.00223779,0.0000658,77.84,57.99501,24.60979,6.99422,26.286,42.43432323,12.06003758,45.32458913,0.453245891,2.025281658,3.758246095
黑河,2020,黑龙江,0.093681342,1.138637607,0.562335145,-2.730737705,0.107045945,0.011458834,1,380.0181818,9.160787273,1.458863208,0.862485689,0.839353743,0.137514311,0.160646257,0.662333513,0.244042996,23.21818182,17990.70774,0.047349594,0.156857523,0.266851039,0.006971167,0.026123813,0.028565322,0.065123127,0,0.035211268,0.038732394,0.070422535,20,20,40,0.000270417,0.492957746,0.0000223,0.000879603,0.000182383,0.201334322,1.902872395,3,0.000295724,0.002039504,0.0000597,77.87,61.27583,27.5702,7.81428,26.050795,44.99359699,12.7526302,42.51398145,0.425139815,1.980408017,3.3337422
齐齐哈尔,2018,黑龙江,0.089727405,1.141097589,0.450561209,-2.730737705,0.093428453,0.008728876,6,942,23.01,1.466902,0.855536923,0.826729231,0.144463077,0.173270769,0.650842751,0.261424695,63,17033.78066,0.046435255,0.156857523,0.26494494,0.006471149,0.024424505,0.024753396,0.06926315,2,0.056338028,0.098591549,0.133802817,63,101,164,0.000931171,0.487732046,0.000148502,0.001227454,0.000352827,0.138361749,2.01929334,3,0.000339844,0.002230517,0.000101412,61.23,105.22016,30.59011,34.90512,68.52048,29.07248003,33.17341468,65.12105665,0.651210566,2.907824793,1.963049547
齐齐哈尔,2019,黑龙江,0.089727405,1.131351567,0.450561209,-2.730737705,0.092896247,0.008629713,6,962,21.2434,1.419766,0.872674286,0.82758,0.127325714,0.17242,0.666596074,0.2621883,68,16865.63607,0.048890551,0.156857523,0.270706682,0.006593416,0.024356309,0.025147635,0.070976125,2,0.073943662,0.133802817,0.172535211,100,162,262,0.000926587,0.491203448,0.000470843,0.001309254,0.000300772,0.169928342,1.969827148,3,0.000325145,0.00223779,0.0000658,57.63,112.30278,33.81484,24.49294,54.58176,30.11042113,21.80973614,48.60232311,0.486023231,2.195368628,2.228469102
齐齐哈尔,2020,黑龙江,0.089727405,1.138637607,0.450561209,-2.730737705,0.093294119,0.008703793,6.963636364,963.6363636,55.65200364,1.479670691,0.862485689,0.839353743,0.137514311,0.160646257,0.662333513,0.274246584,132.3272727,17990.70774,0.047349594,0.156857523,0.26872116,0.00687539,0.025585594,0.025070104,0.07369586,2,0.091549296,0.13028169,0.176056338,106,134,240,0.001739692,0.52184563,0.00056036,0.001209289,0.000262047,0.201334322,1.902872395,3,0.000295724,0.002039504,0.0000597,53.76,118.61021,38.09856,26.89346,55.04672,32.12080984,22.67381535,46.40976523,0.464097652,2.166977362,2.046844103
龙岩,2018,福建,0.560811218,0.847271472,0.532361839,0.600432482,0.489870157,0.23997277,2,1020,42.5033,1.157142,0.825433333,0.8953,0.174566667,0.1047,0.652288393,0.222945347,201,4279.49,0.006846667,0.156857523,0.168597583,0.018413262,0.109214272,0.082590924,0.037588047,8,0.095070423,0.26056338,0.309859155,167,343,510,0.00438394,0.510270495,0.005596161,0.001319622,0.000330343,0.138361749,2.01929334,3,0.000339844,0.002230517,0.000101412,82.79,239.32951,24.40774,114.72663,100.19514,10.19838297,47.93668361,41.86493341,0.418649334,2.316665504,0.873338126
龙岩,2019,福建,0.560811218,0.851558572,0.532361839,0.600432482,0.490104265,0.24020219,2,1163,43.5233,1.335179,0.834475,0.69654,0.165525,0.30346,0.577811741,0.216717836,303,4396.07,0.00842583,0.156857523,0.17410102,0.018492024,0.106214335,0.085327653,0.037730796,8,0.197183099,0.306338028,0.38028169,330,473,803,0.004488728,0.515030481,0.006809426,0.002096351,0.000326905,0.169928342,1.969827148,3,0.000325145,0.00223779,0.0000658,86.12,267.89584,28.82321,121.79991,117.27272,10.75911071,45.46539804,43.77549125,0.437754913,2.330163805,0.962830925
龙岩,2020,福建,0.560811218,0.835033315,0.532361839,0.809560671,0.503761321,0.253775468,2,1171.618182,61.16589273,1.20923258,0.828642121,0.85935697,0.171357879,0.14064303,0.64023447,0.228996476,264.1363636,5098.225273,0.007843909,0.156857523,0.172397705,0.019887725,0.115359567,0.086847296,0.039478467,8,0.320422535,0.316901408,0.464788732,417,512,929,0.009539483,0.551010655,0.003499439,0.002166485,0.000244309,0.201334322,1.902872395,3,0.000295724,0.002039504,0.0000597,88.31,287.09,31.973,126.337,128.78,11.1369257,44.00606082,44.85701348,0.448570135,2.337200878,1.01933717
