Prvn,Pftn,Cont,Longit,Latit,Taotpnm,Fctn
所属省份,所属地级市,所属区县,经度,纬度,道观名称,支派类别
安徽省,安庆市,怀宁县,116.75428,30.546091,灵源观,正一
安徽省,安庆市,宿松县,116.14019,30.306612,云栖宫,全真
安徽省,安庆市,宿松县,116.159943,30.262791,五灵观,全真
安徽省,安庆市,宿松县,116.115829,30.166361,光香宫,全真
安徽省,安庆市,宿松县,116.130432,30.061182,兴龙庵,全真
安徽省,安庆市,宿松县,116.121803,30.028231,净贞宫,全真
安徽省,安庆市,宿松县,115.919479,30.30825,圣心观,全真
安徽省,安庆市,宿松县,116.420029,29.903103,大王庙,全真
安徽省,安庆市,宿松县,116.146278,30.16251,天仙宫,全真
安徽省,安庆市,宿松县,115.919479,30.30825,天台寺,全真
安徽省,安庆市,宿松县,115.930779,30.360981,奉仙观,全真
安徽省,安庆市,宿松县,116.188385,30.326572,愿平宫,全真
安徽省,安庆市,宿松县,116.197601,30.150311,梁储宫,全真
安徽省,安庆市,宿松县,116.16864,30.316702,武圣宫,全真
安徽省,安庆市,宿松县,116.120483,30.368282,水月庵,全真
安徽省,安庆市,宿松县,116.102921,30.29631,灵庵寺,全真
安徽省,安庆市,宿松县,116.026169,30.348711,白云庵,全真
安徽省,安庆市,宿松县,116.227455,30.261753,相公庙,全真
安徽省,安庆市,宿松县,116.178818,30.354221,蔡王宫,全真
安徽省,安庆市,宿松县,115.910759,30.350412,观音庵,全真
安徽省,安庆市,宿松县,115.91407,30.369432,青龙庵,全真
安徽省,安庆市,岳西县,116.000191,30.759483,响鼓坪道观,正一
安徽省,安庆市,岳西县,116.354553,30.760252,汪公庙,正一
安徽省,安庆市,岳西县,116.283218,30.901451,通真观,正一
安徽省,蚌埠市,禹会区,117.253761,32.943752,禹王宫,全真
安徽省,蚌埠市,禹会区,117.341927,32.921089,张公山道教固定活动处所,正一
安徽省,亳州市,涡阳县,116.322113,33.579399,天静宫,全真
安徽省,滁州市,凤阳县,117.825348,32.845959,许真观,全真
安徽省,滁州市,琅琊区,118.30553,32.2948,碧霞宫,全真
安徽省,滁州市,南谯区,118.116539,32.261452,真武观,全真
安徽省,滁州市,全椒县,118.109741,32.112785,太神宫,全真
安徽省,滁州市,天长市,118.855119,32.829851,东岳宫,正一
安徽省,滁州市,天长市,119.051292,32.880142,真武庙,正一
安徽省,合肥市,肥东县,117.556664,31.75946,梅山庙,正一
安徽省,合肥市,肥东县,117.626312,31.796301,泉山道观,正一
安徽省,合肥市,庐江县,117.104332,31.300882,玉虚观,正一
安徽省,淮南市,八公山区,116.734108,32.677071,茅仙洞清天观,全真
安徽省,黄山市,休宁县,118.03653,29.805954,玄天太素宫,正一
安徽省,黄山市,休宁县,118.03653,29.805954,玉虚宫,正一
安徽省,黄山市,休宁县,118.03653,29.805954,真仙洞府,正一
安徽省,黄山市,休宁县,118.03653,29.805954,真武殿,正一
安徽省,六安市,金寨县,115.681023,31.745541,天心观,正一
安徽省,六安市,金寨县,115.697563,31.612438,双河观,正一
安徽省,六安市,金寨县,115.989899,31.523556,洪道观,正一
安徽省,六安市,金寨县,115.719963,31.524012,迎水观,正一
安徽省,六安市,金寨县,115.851624,31.58214,重心观,正一
安徽省,六安市,寿县,116.79248,32.622803,四顶山帝母宫,全真
安徽省,六安市,舒城县,116.95295,31.466503,慈母宫,全真
安徽省,芜湖市,芜湖县,118.644142,31.229351,敏灵观,正一
安徽省,芜湖市,芜湖县,118.520714,31.073622,团坝祠山殿,正一
安徽省,芜湖市,芜湖县,118.550919,31.198961,天宫殿,正一
安徽省,芜湖市,芜湖县,118.544441,31.250971,天曹殿,正一
安徽省,芜湖市,芜湖县,118.644302,31.071821,太子庙,正一
安徽省,芜湖市,芜湖县,118.618622,31.267252,晏公庙,正一
安徽省,芜湖市,芜湖县,118.520714,31.073622,红庙祠山殿,正一
安徽省,芜湖市,芜湖县,118.520714,31.073622,鹤鱼口祠山殿,正一
安徽省,宣城市,广德县,119.609619,31.117149,太极观,全真
安徽省,宣城市,泾县,118.152969,30.485052,幽隐观,正一
安徽省,宣城市,泾县,118.3778,30.661493,金阳宫,全真
安徽省,宣城市,泾县,118.49617,30.728552,龙澍宫,全真
北京市,,昌平区,116.372292,40.250111,城隍庙,正一
北京市,,昌平区,116.082123,40.264591,青龙观,全真
北京市,,朝阳区,116.4441,39.925053,东岳庙,正一
北京市,,房山区,115.896027,39.791382,上英水真武庙,正一
北京市,,房山区,115.732071,39.847252,圣莲山真武庙,全真
北京市,,海淀区,116.086632,40.106552,桃源观,全真
北京市,,平谷区,117.29174,40.196682,药王庙,全真
北京市,,平谷区,117.197227,40.220421,兴隆观,全真
北京市,,平谷区,117.104347,40.267143,龙王庙,全真
北京市,,通州区,116.76265,39.831242,佑民观,全真
北京市,,西城区,116.35747,39.91293,吕祖宫,全真
北京市,,西城区,116.39556,39.93668,火德真君庙,正一
北京市,,西城区,116.343643,39.901009,北京白云观,全真
福建省,福州市,仓山区,119.342819,25.996712,福州乾元张真君殿,正一
福建省,福州市,仓山区,119.3185,26.04555,福州塔亭临水陈太后祖殿,正一
福建省,福州市,仓山区,119.32648,26.03996,福州小巷合堂府,正一
福建省,福州市,仓山区,119.304283,26.04109,福州望北台真武庙,正一
福建省,福州市,仓山区,119.329018,26.046082,福州汉闽越王庙,正一
福建省,福州市,仓山区,119.3172,26.055031,福州洪塘妙峰三帝行台,正一
福建省,福州市,仓山区,119.30497,26.02511,福州白泉庵,正一
福建省,福州市,仓山区,119.30661,25.992092,福州盖山九门局九仙宫,正一
福建省,福州市,仓山区,119.295677,26.00263,福州盘屿劝善庵,正一
福建省,福州市,仓山区,119.296631,26.032383,福州童兴堂,正一
福建省,福州市,仓山区,119.307289,26.040119,福州藤山三圣王庙,正一
福建省,福州市,仓山区,119.301895,26.038505,福州闽王庙,正一
福建省,福州市,福清市,119.538902,25.575321,福清三山元帅宫,正一
福建省,福州市,福清市,119.499847,25.476711,福清三山西钟境,正一
福建省,福州市,福清市,119.314651,25.613321,福清上迳院林宫,正一
福建省,福州市,福清市,119.251053,25.710451,福清东张玉井庙,正一
福建省,福州市,福清市,119.613579,25.39555,福清东翰西来观,正一
福建省,福州市,福清市,119.261581,25.503302,福清圣跡庙,正一
福建省,福州市,福清市,119.585892,25.672203,福清城头天台宫,正一
福建省,福州市,福清市,119.317741,25.702053,福清宏路圣来庙,正一
福建省,福州市,福清市,119.315102,25.692711,福清宏路董坪观,正一
福建省,福州市,福清市,119.261581,25.503302,福清新厝东岳庙,正一
福建省,福州市,福清市,119.212029,25.48872,福清新厝尚阳书院,正一
福建省,福州市,福清市,119.246819,25.501791,福清新厝武圣庙,正一
福建省,福州市,福清市,119.257912,25.520302,福清新厝武当别院,正一
福建省,福州市,福清市,119.20314,25.576241,福清新厝灵溪宫,正一
福建省,福州市,福清市,119.252274,25.506983,福清新厝绵山东宫,正一
福建省,福州市,福清市,119.273972,25.534521,福清新厝绵山西宫,正一
福建省,福州市,福清市,119.246819,25.501791,福清新厝霞川宫,正一
福建省,福州市,福清市,119.382744,25.573462,福清江镜兴庆观,正一
福建省,福州市,福清市,119.362938,25.560051,福清江镜柯峰妈祖宫,正一
福建省,福州市,福清市,119.328102,25.617769,福清江镜泰山宫,正一
福建省,福州市,福清市,119.374443,25.541052,福清江镜福临堂,正一
福建省,福州市,福清市,119.435997,25.566311,福清江镜积仓宫,正一
福建省,福州市,福清市,119.427109,25.555733,福清江镜积庆境,正一
福建省,福州市,福清市,119.434395,25.584982,福清江镜越塘境,正一
福建省,福州市,福清市,119.4235,25.562571,福清江镜龙兴胜境,正一
福建省,福州市,福清市,119.453743,25.562452,福清江镜龙岭宫,正一
福建省,福州市,福清市,119.298599,25.473391,福清江阴万寿堂,正一
福建省,福州市,福清市,119.317886,25.490049,福清江阴东岳庙,正一
福建省,福州市,福清市,119.324181,25.550451,福清江阴九鲤观,正一
福建省,福州市,福清市,119.320343,25.45561,福清江阴五峰庙,正一
福建省,福州市,福清市,119.341568,25.55541,福清江阴勅封灵应宫,正一
福建省,福州市,福清市,119.338142,25.509642,福清江阴北郭堂,正一
福建省,福州市,福清市,119.309509,25.444061,福清江阴妈祖宫,正一
福建省,福州市,福清市,119.338142,25.509642,福清江阴封神堂,正一
福建省,福州市,福清市,119.314903,25.485483,福清江阴广济庙,正一
福建省,福州市,福清市,119.314857,25.463112,福清江阴普光堂,正一
福建省,福州市,福清市,119.346397,25.519112,福清江阴海岸宫,正一
福建省,福州市,福清市,119.326553,25.468561,福清江阴石帆宫,正一
福建省,福州市,福清市,119.299164,25.432713,福清江阴竹溪宫,正一
福建省,福州市,福清市,119.33744,25.509274,福清江阴葛仙宫,正一
福建省,福州市,福清市,119.309509,25.444061,福清江阴金峰镜,正一
福建省,福州市,福清市,119.302124,25.486902,福清江阴闲居庙,正一
福建省,福州市,福清市,119.341568,25.55541,福清江阴霞堂宫,正一
福建省,福州市,福清市,119.513901,25.448479,福清沙铺龙潭宫,正一
福建省,福州市,福清市,119.479858,25.684002,福清海口凤林院,正一
福建省,福州市,福清市,119.478302,25.687033,福清海口城隍庙,正一
福建省,福州市,福清市,119.302979,25.600552,福清渔溪九使宫,正一
福建省,福州市,福清市,119.323608,25.583393,福清渔溪九龙宫,正一
福建省,福州市,福清市,119.29525,25.612843,福清渔溪善心堂,正一
福建省,福州市,福清市,119.280609,25.632971,福清渔溪回龙宫,正一
福建省,福州市,福清市,119.266342,25.54619,福清渔溪福兴宫,正一
福建省,福州市,福清市,119.283852,25.594711,福清渔溪竹溪观,正一
福建省,福州市,福清市,119.302979,25.600552,福清渔溪英灵宫,正一
福建省,福州市,福清市,119.302979,25.600552,福清渔溪虞雄将军纪念堂,正一
福建省,福州市,福清市,119.481224,25.580711,福清港头三相宫,正一
福建省,福州市,福清市,119.382614,25.724682,福清玉屏万寿境,正一
福建省,福州市,福清市,119.373283,25.718122,福清玉屏西涧宫,正一
福建省,福州市,福清市,119.291504,25.701962,福清石竹山道院,正一
福建省,福州市,福清市,119.304138,25.796652,福清镜洋榕庵观,正一
福建省,福州市,福清市,119.29818,25.789282,福清镜洋白豸宫,正一
福建省,福州市,福清市,119.368752,25.729641,福清音西千秋宫,正一
福建省,福州市,福清市,119.587143,25.455881,福清高山西江堂,正一
福建省,福州市,福清市,119.40033,25.717791,福清龙山刹峰宫,正一
福建省,福州市,福清市,119.389488,25.715012,福清龙山天后宫,正一
福建省,福州市,福清市,119.399368,25.721731,福清龙山竹溪宫,正一
福建省,福州市,福清市,119.382027,25.704311,福清龙江南涧宫,正一
福建省,福州市,福清市,119.469719,25.595972,福清龙田云峰寺,正一
福建省,福州市,福清市,119.457573,25.615181,福清龙田天妃宫,正一
福建省,福州市,福清市,119.461891,25.604477,福清龙田太和社三官堂,正一
福建省,福州市,福清市,119.383965,25.603542,福清龙田太尉宫,正一
福建省,福州市,福清市,119.459,25.607943,福清龙田登瀛宫,正一
福建省,福州市,福清市,119.469719,25.595972,福清龙田福庐宫,正一
福建省,福州市,福清市,119.460739,25.612381,福清龙田龙首市心宫,正一
福建省,福州市,鼓楼区,119.2973,26.08492,福州三坊七巷天后宫,正一
福建省,福州市,鼓楼区,119.298363,26.076073,福州乌山吕祖宫,正一
福建省,福州市,鼓楼区,119.30405,26.08198,福州于山九仙观,正一
福建省,福州市,鼓楼区,119.283508,26.072056,福州兴园慈善同心堂,正一
福建省,福州市,鼓楼区,119.30405,26.08198,福州怡山平灵王宫,正一
福建省,福州市,鼓楼区,119.283508,26.072056,福州河西神光元帅宫,正一
福建省,福州市,鼓楼区,119.30405,26.08198,福州洪山林真人庙,正一
福建省,福州市,鼓楼区,119.298264,26.093117,福州福建都城隍庙,正一
福建省,福州市,鼓楼区,119.29674,26.0881,福州裴仙宫,正一
福建省,福州市,鼓楼区,119.263519,26.0944,福州西山金牛洞张真人殿,正一
福建省,福州市,晋安区,119.324219,26.1222,福州财神庙,正一
福建省,福州市,晋安区,119.329948,26.089279,福州东岳岭东岳庙,正一
福建省,福州市,晋安区,119.32855,26.08859,福州岳前东岳庙,正一
福建省,福州市,晋安区,119.320953,26.087175,福州康山庙,正一
福建省,福州市,晋安区,119.320168,26.085356,福州浦下东兴堂,正一
福建省,福州市,晋安区,119.326401,26.098585,福州溪口北山杨真君祖殿,正一
福建省,福州市,晋安区,119.326401,26.098585,福州溪口双溪庵五灵宫,正一
福建省,福州市,晋安区,119.321121,26.096769,福州金鸡山南天照天君宫,正一
福建省,福州市,连江县,119.626099,26.348112,连江三仙观,正一
福建省,福州市,连江县,119.61837,26.241951,连江东岱演宫,正一
福建省,福州市,连江县,119.485977,26.35038,连江五显宫,正一
福建省,福州市,连江县,119.533142,26.210091,连江元帅府,正一
福建省,福州市,连江县,119.533943,26.193346,连江关公亭,正一
福建省,福州市,连江县,119.545921,26.185831,连江南湖太极观,正一
福建省,福州市,连江县,119.533943,26.193346,连江双虹观,正一
福建省,福州市,连江县,119.797859,26.277811,连江城隍庙,正一
福建省,福州市,连江县,119.533142,26.210091,连江大帝宫,正一
福建省,福州市,连江县,119.354919,26.375051,连江小沧龙宫庙,正一
福建省,福州市,连江县,119.882454,26.3216,连江尚书宫,正一
福建省,福州市,连江县,119.518623,26.232662,连江浦后宫,正一
福建省,福州市,连江县,119.66523,26.373442,连江马鼻北云山道堂,正一
福建省,福州市,罗源县,119.526314,26.510412,罗源上长治宋公宫,正一
福建省,福州市,罗源县,119.531593,26.51247,罗源下长治宋公宫,正一
福建省,福州市,罗源县,119.570183,26.476023,罗源五里马元帅宫,正一
福建省,福州市,罗源县,119.597771,26.48427,罗源井有堂龙王宫,正一
福建省,福州市,罗源县,119.531502,26.500469,罗源仙名境宋公宫,正一
福建省,福州市,罗源县,119.565018,26.48983,罗源余家塘金吾王宫,正一
福建省,福州市,罗源县,119.562103,26.485453,罗源凤山先锋庙,正一
福建省,福州市,罗源县,119.562103,26.485453,罗源凤山天后宫,正一
福建省,福州市,罗源县,119.541443,26.468904,罗源凤山金吾王宫,正一
福建省,福州市,罗源县,119.422874,26.467123,罗源西兰七境太尉宫,正一
福建省,福州市,罗源县,119.562103,26.485453,罗源邑历坛,正一
福建省,福州市,罗源县,119.267189,26.441841,罗源霍口先锋庙,正一
福建省,福州市,罗源县,119.343552,26.456192,罗源飞竹西洋宫,正一
福建省,福州市,马尾区,119.611359,26.073841,福州海屿天后宫,正一
福建省,福州市,马尾区,119.516869,26.07357,福州牛项真君堂,正一
福建省,福州市,马尾区,119.584724,26.07984,福州琅岐天后宫,正一
福建省,福州市,闽侯县,119.178841,26.083153,闽侯上街沙堤五仙宝殿,正一
福建省,福州市,闽侯县,119.170944,26.075781,闽侯上街溪源宫,正一
福建省,福州市,闽侯县,119.221893,25.976103,闽侯南屿泰山堂,正一
福建省,福州市,闽侯县,119.223801,25.975721,闽侯南屿蕉府行宫,正一
福建省,福州市,闽侯县,119.149139,26.148441,闽侯南通凤岗天仙府,正一
福建省,福州市,闽侯县,119.257408,25.935251,闽侯南通南境宫,正一
福建省,福州市,闽侯县,119.234619,25.91489,闽侯南通古灵庙,正一
福建省,福州市,闽侯县,119.265182,25.940762,闽侯南通泽苗白岩云天宫,正一
福建省,福州市,闽侯县,119.265182,25.940762,闽侯南通泽苗通天府,正一
福建省,福州市,闽侯县,119.258537,25.939941,闽侯南通洲头瀛洲祖殿,正一
福建省,福州市,闽侯县,119.069412,26.32242,闽侯大湖兰田宫,正一
福建省,福州市,闽侯县,119.09182,26.352531,闽侯大湖郎官诸天宫,正一
福建省,福州市,闽侯县,119.142357,26.147291,闽侯甘蔗临水宫,正一
福建省,福州市,闽侯县,119.113701,26.156601,闽侯甘蔗岐山泰山祖殿,正一
福建省,福州市,闽侯县,119.142235,26.143375,闽侯甘蔗玄帝宫,正一
福建省,福州市,闽侯县,119.074677,26.20647,闽侯白沙泰山宫,正一
福建省,福州市,闽侯县,119.058922,26.213623,闽侯白沙马坑泰山府,正一
福建省,福州市,闽侯县,119.125862,26.122532,闽侯竹岐榕岸益乐宫,正一
福建省,福州市,闽侯县,119.230408,26.113071,闽侯荆溪厚屿天真堂,正一
福建省,福州市,闽侯县,119.22477,26.109331,闽侯荆溪古山洲恒山府,正一
福建省,福州市,闽侯县,119.192368,26.116201,闽侯荆溪坛山玄帝宫,正一
福建省,福州市,闽侯县,119.197884,26.11734,闽侯荆溪溪头玄帝庙,正一
福建省,福州市,闽侯县,119.18483,26.126108,闽侯荆溪荆山境,正一
福建省,福州市,闽侯县,119.18264,26.178801,闽侯荆溪龙文王庙,正一
福建省,福州市,闽侯县,119.378387,25.884001,闽侯青口付筑泰山宫,正一
福建省,福州市,闽侯县,119.345383,25.871311,闽侯青口大义吉祥宫,正一
福建省,福州市,闽侯县,119.393333,25.905703,闽侯青口穆岭天仙府,正一
福建省,福州市,闽侯县,119.405937,25.890341,闽侯青口青圃灵济宫,正一
福建省,福州市,闽清县,118.870354,26.236212,闽清桃花顶道观,正一
福建省,福州市,闽清县,118.862358,26.218771,闽清毓麟宫,正一
福建省,福州市,闽清县,118.86352,26.22117,闽清金沙张圣真君祖殿,正一
福建省,福州市,闽清县,118.745773,25.964251,闽清鹤璜溪仙观,正一
福建省,福州市,台江区,119.301636,26.061047,福州九案泰山府,正一
福建省,福州市,台江区,119.295837,26.061514,福州九案泰山浦东堂,正一
福建省,福州市,台江区,119.293022,26.07041,福州九案泰山涵头堂,正一
福建省,福州市,台江区,119.293327,26.05475,福州帮洲广慧庙,正一
福建省,福州市,台江区,119.30669,26.05235,福州张真君祖殿,正一
福建省,福州市,台江区,119.279221,26.060825,福州浦西福寿宫,正一
福建省,福州市,台江区,119.32843,26.057787,福州鸭姆洲广应白马王庙,正一
福建省,福州市,永泰县,118.793579,25.881334,永泰名山室,全真
福建省,福州市,永泰县,118.807938,25.97295,永泰方壶岩张圣君母殿,正一
福建省,福州市,长乐市,119.465073,25.833141,长乐东林竹兰宫,正一
福建省,福州市,长乐市,119.627937,25.958872,长乐仙高龙头山天医府,正一
福建省,福州市,长乐市,119.600987,25.757962,长乐大祉东林庙,正一
福建省,福州市,长乐市,119.600987,25.757962,长乐山前鹿山观,正一
福建省,福州市,长乐市,119.602478,25.991621,长乐岭南仙君观,正一
福建省,福州市,长乐市,119.679733,26.015162,长乐梅花调羹境林位宫,正一
福建省,福州市,长乐市,119.459305,25.874016,长乐玉田瑞云宫,正一
福建省,福州市,长乐市,119.636368,25.923561,长乐路顶厚安宫,正一
福建省,福州市,长乐市,119.608757,25.986801,长乐金峰凤井观,正一
福建省,福州市,长乐市,119.614288,25.955597,长乐金峰华刘祠堂下通天府,正一
福建省,福州市,长乐市,119.5992,25.72637,长乐首祉御国宫,正一
福建省,福州市,,119.27345,26.04769,福清江阴龙塘宫,正一
福建省,龙岩市,连城县,116.783882,25.721491,连城揭乐九龙观,正一
福建省,龙岩市,连城县,116.7799,25.601933,连城文亨坤灵宫,正一
福建省,龙岩市,连城县,116.782135,25.702391,连城石门湖玉正观,正一
福建省,龙岩市,新罗区,117.012733,25.017941,龙岩东肖八甲铁山庙,正一
福建省,龙岩市,新罗区,117.017784,25.01012,龙岩东肖南灵宫,正一
福建省,龙岩市,新罗区,117.017784,25.017542,龙岩东肖邓厝天子庙,正一
福建省,南平市,建瓯市,118.346931,27.042511,建瓯东岳庙,全真
福建省,南平市,建瓯市,118.317833,27.016651,建瓯三清宫,正一
福建省,南平市,建瓯市,118.50679,27.100502,建瓯东峰大庙,正一
福建省,南平市,建瓯市,118.50679,27.100502,建瓯五道师公庙,正一
福建省,南平市,建瓯市,118.429314,27.085522,建瓯凤翼庙,正一
福建省,南平市,建瓯市,118.275642,26.933302,建瓯南雅妈祖庙,正一
福建省,南平市,建瓯市,118.322548,27.044052,建瓯地母庙,正一
福建省,南平市,建瓯市,118.769875,27.154402,建瓯忠平王殿,正一
福建省,南平市,建瓯市,118.326019,27.029261,建瓯文昌阁,正一
福建省,南平市,建瓯市,118.622101,26.869211,建瓯玉山妈祖庙,正一
福建省,南平市,建瓯市,118.279549,27.048054,建瓯瑶池仙宫,正一
福建省,南平市,建瓯市,118.316109,27.030993,建瓯莲花宫,正一
福建省,南平市,建瓯市,118.572098,26.901312,建瓯黄龙观,正一
福建省,南平市,建瓯市,118.358223,27.037243,建瓯龙头大王庙,正一
福建省,南平市,建瓯市,118.485535,27.301441,建瓯龙津道院,正一
福建省,南平市,建瓯市,118.391251,27.169992,建瓯龙鞍岗太保庙,正一
福建省,南平市,建阳区,117.749184,27.499113,建阳白塔山龙济道院,全真
福建省,南平市,浦城县,118.557549,27.911581,浦城万安东皇庙,正一
福建省,南平市,浦城县,118.459984,27.820292,浦城临江玉皇庙,正一
福建省,南平市,浦城县,118.465919,28.152653,浦城九牧妈祖庙,正一
福建省,南平市,浦城县,118.522385,28.045101,浦城仙阳唐隍庙,正一
福建省,南平市,浦城县,118.548019,28.084461,浦城仙阳赵老真君庙,正一
福建省,南平市,浦城县,118.541542,28.007002,浦城仙阳钟兴庙,正一
福建省,南平市,浦城县,118.566414,27.98341,浦城仙阳骑龙观,正一
福建省,南平市,浦城县,118.55822,28.274143,浦城官路新兴宫,正一
福建省,南平市,浦城县,118.690857,27.912031,浦城富岭三清观,正一
福建省,南平市,浦城县,118.763832,27.912661,浦城富岭双同匡山天师庙,正一
福建省,南平市,浦城县,118.784073,27.871712,浦城富岭天后宫,正一
福建省,南平市,浦城县,118.555618,28.111452,浦城忠信青龙庙,正一
福建省,南平市,浦城县,118.652031,28.173502,浦城忠信黄龙庙,正一
福建省,南平市,浦城县,118.546799,27.92564,浦城河滨城隍庙,正一
福建省,南平市,浦城县,118.530312,27.914576,浦城河滨护国庙,正一
福建省,南平市,浦城县,118.534592,27.914204,浦城河滨真武殿,正一
福建省,南平市,浦城县,118.520721,27.580332,浦城濠村仙山岗庙,正一
福建省,南平市,浦城县,118.378693,28.243631,浦城盘亭华藏庙,正一
福建省,南平市,浦城县,118.666862,28.046051,浦城管厝廻龙观,正一
福建省,南平市,浦城县,118.633842,28.032661,浦城管厝甪峰寺,正一
福建省,南平市,浦城县,118.505554,27.870821,浦城莲塘三仁庙,正一
福建省,南平市,邵武市,117.285721,27.205402,邵武和平坎下武阳仙峰道观,正一
福建省,南平市,邵武市,117.291634,27.142809,邵武和平天符山道观,全真
福建省,南平市,邵武市,117.302795,27.158978,邵武和平灵仙宫,正一
福建省,南平市,邵武市,117.346054,27.22653,邵武和平黎舍望仙峰道观,正一
福建省,南平市,邵武市,117.346054,27.22653,邵武和平黎舍行石岭道观,正一
福建省,南平市,邵武市,117.416908,27.0662,邵武大埠岗松树坪古天堂,正一
福建省,南平市,邵武市,117.356682,27.152721,邵武大埠岗道峰山观,正一
福建省,南平市,邵武市,117.646759,27.13903,邵武拿口渡头临水宫,正一
福建省,南平市,邵武市,117.566612,27.300541,邵武晒口云屏山空中道观,正一
福建省,南平市,邵武市,117.365005,27.301765,邵武沿山城隍庙,正一
福建省,南平市,邵武市,117.653442,26.994593,邵武通泰九峰观,正一
福建省,南平市,顺昌县,117.829048,26.816011,顺昌井垅石楼观,正一
福建省,南平市,顺昌县,117.809438,26.801882,顺昌城关临水宫,正一
福建省,南平市,顺昌县,118.14801,27.31439,顺昌建西太清宫,正一
福建省,南平市,顺昌县,117.907669,26.794769,顺昌洋口天后宫,正一
福建省,南平市,松溪县,118.830421,27.56459,松溪三清观,正一
福建省,南平市,松溪县,118.697052,27.648281,松溪洋村庙,正一
福建省,南平市,松溪县,118.810349,27.55006,松溪禅岩观,正一
福建省,南平市,武夷山市,118.03093,27.761032,武夷山云台道院,全真
福建省,南平市,武夷山市,117.923141,27.637953,武夷山天上宫,全真
福建省,南平市,武夷山市,117.887459,27.642792,武夷山天福道观,全真
福建省,南平市,武夷山市,118.021011,27.737122,武夷山天花岩道观,全真
福建省,南平市,武夷山市,118.211319,27.608131,武夷山妈祖庙,全真
福建省,南平市,武夷山市,117.845718,27.540041,武夷山将军庙,正一
福建省,南平市,武夷山市,117.995438,27.686495,武夷山桃源洞道观,全真
福建省,南平市,武夷山市,117.82695,27.659889,武夷山武仁庙,全真
福建省,南平市,武夷山市,117.954781,27.80542,武夷山老葛仙庙,全真
福建省,南平市,武夷山市,117.833984,27.554922,武夷山莲花山道观,全真
福建省,南平市,武夷山市,117.923141,27.637953,武夷山葛玄道观,全真
福建省,南平市,武夷山市,117.994072,27.670462,武夷山虎山庙,全真
福建省,南平市,武夷山市,118.187813,27.981001,武夷山许真君庙,正一
福建省,南平市,延平区,118.182571,26.651579,南平圣公殿,正一
福建省,南平市,延平区,118.160301,26.434921,南平塔前华光庙,正一
福建省,南平市,延平区,118.267067,26.569342,南平夏道右圣宫,正一
福建省,南平市,延平区,118.261421,26.761112,南平大横太保庙,正一
福建省,南平市,延平区,118.196663,26.691031,南平大横常坑万乐宫,正一
福建省,南平市,延平区,118.186218,26.676731,南平大横湖尾大庙,正一
福建省,南平市,延平区,118.414711,26.438452,南平太平田公元帅殿,正一
福建省,南平市,延平区,118.408752,26.419331,南平太平真君殿,正一
福建省,南平市,延平区,117.980461,26.76827,南平峡阳灵显殿,正一
福建省,南平市,延平区,118.187927,26.63797,南平泰山庙,正一
福建省,南平市,延平区,118.294304,26.515932,南平炉下三清宫,全真
福建省,南平市,延平区,118.186638,26.65094,南平玉屏山天后宫,正一
福建省,南平市,延平区,117.974541,26.637152,南平王台庄感观,正一
福建省,南平市,延平区,118.112602,26.709042,南平茫荡吕祖观,正一
福建省,南平市,延平区,118.111838,26.567711,南平西芹临水宫,正一
福建省,南平市,延平区,118.092529,26.491901,南平西芹天柱殿,正一
福建省,南平市,延平区,118.117712,26.571837,南平西芹玉封庙,正一
福建省,南平市,延平区,118.130501,26.498711,南平西芹米山祖殿,正一
福建省,南平市,延平区,118.06765,26.473661,南平西芹胜峰殿,正一
福建省,南平市,延平区,118.64817,26.336601,南平高州龙岗祖殿,正一
福建省,南平市,政和县,118.713593,27.336943,政和火云洞,正一
福建省,南平市,政和县,118.857864,27.360714,政和灵山观,正一
福建省,宁德市,福安市,119.521362,27.049181,福安三清观,全真
福建省,宁德市,福安市,119.683159,26.766891,福安下白石金钟山道观,正一
福建省,宁德市,福安市,119.658607,27.075121,福安东岳观,全真
福建省,宁德市,福安市,119.636658,26.916109,福安凌霄观,正一
福建省,宁德市,福安市,119.644943,27.121881,福安城阳仙宫,正一
福建省,宁德市,福安市,119.653923,27.071972,福安城隍庙,正一
福建省,宁德市,福安市,119.653923,27.071972,福安妈祖庙,全真
福建省,宁德市,福安市,119.546982,27.058853,福安清泉洞,全真
福建省,宁德市,福安市,119.546753,27.099112,福安灵峰观,全真
福建省,宁德市,福安市,119.695152,26.971821,福安牛童宫,全真
福建省,宁德市,福安市,119.538719,27.060051,福安玉皇宫,全真
福建省,宁德市,福安市,119.497093,27.16127,福安白云观,全真
福建省,宁德市,福安市,119.540573,27.062815,福安真武宫,全真
福建省,宁德市,福安市,119.696861,26.964201,福安真空宫,全真
福建省,宁德市,福安市,119.732162,26.975922,福安神仙宫,全真
福建省,宁德市,福安市,119.669434,27.156221,福安祥云观,正一
福建省,宁德市,福安市,119.660667,27.07579,福安赐福观,全真
福建省,宁德市,福安市,119.494522,27.062693,福安锦云观,正一
福建省,宁德市,福安市,119.732162,26.975922,福安长春观,全真
福建省,宁德市,福安市,119.631134,27.081362,福安青松观,全真
福建省,宁德市,福安市,119.653107,27.089556,福安鹤山道观,全真
福建省,宁德市,福安市,119.560013,27.147459,福安龙源观,正一
福建省,宁德市,福鼎市,120.338737,27.38023,福鼎三清道观,全真
福建省,宁德市,福鼎市,120.209572,27.36264,福鼎云清道观,全真
福建省,宁德市,福鼎市,120.338737,27.38023,福鼎前岐玄真道观,全真
福建省,宁德市,福鼎市,120.230667,27.03108,福鼎剑龙观,全真
福建省,宁德市,福鼎市,120.31562,27.39253,福鼎清云观,全真
福建省,宁德市,福鼎市,120.209419,27.318771,福鼎清云道观,全真
福建省,宁德市,福鼎市,120.218178,27.318493,福鼎清净道观,全真
福建省,宁德市,福鼎市,120.361061,26.959667,福鼎白云道观,全真
福建省,宁德市,福鼎市,120.24691,27.307892,福鼎福兴道观,全真
福建省,宁德市,福鼎市,120.168922,27.420401,福鼎福山道观,全真
福建省,宁德市,古田县,118.922028,26.578691,古田临水宫,正一
福建省,宁德市,蕉城区,119.713593,26.652412,宁德新塘宫,正一
福建省,宁德市,蕉城区,119.524338,26.659267,宁德清音阁,全真
福建省,宁德市,蕉城区,119.535614,26.666071,宁德福山玄元观,全真
福建省,宁德市,蕉城区,119.529213,26.813162,宁德福水宫,正一
福建省,宁德市,蕉城区,119.528084,26.645081,宁德贤明观,全真
福建省,宁德市,蕉城区,119.422882,26.850151,宁德鹤林宫,全真
福建省,宁德市,寿宁县,119.636261,27.426281,寿宁犀溪罗山玉皇殿,正一
福建省,宁德市,寿宁县,119.593094,27.246532,寿宁青峰仙宫,正一
福建省,宁德市,霞浦县,120.003296,26.882271,霞浦八仙宫,全真
福建省,宁德市,霞浦县,120.024086,26.801197,霞浦南天宫,全真
福建省,宁德市,霞浦县,119.986404,26.960262,霞浦昌阳观,全真
福建省,宁德市,霞浦县,120.216194,26.919159,霞浦水门松东观,全真
福建省,宁德市,柘荣县,119.8711,27.23023,柘荣三清观,全真
福建省,宁德市,柘荣县,119.904213,27.237238,柘荣东狮山清云宫,全真
福建省,宁德市,柘荣县,119.902069,27.239521,柘荣清阳观,全真
福建省,宁德市,柘荣县,119.857353,27.208292,柘荣琼云观,全真
福建省,宁德市,柘荣县,119.898872,27.237625,柘荣褒荣宫,全真
福建省,宁德市,柘荣县,119.904076,27.190115,柘荣钟鼓山玄妙观,全真
福建省,宁德市,柘荣县,119.843544,27.18885,柘荣长春宫,全真
福建省,宁德市,周宁县,119.327698,27.144892,周宁奇仙岗道观,全真
福建省,莆田市,涵江区,119.175034,25.473843,莆田江口东蔡东岳观,正一
福建省,莆田市,涵江区,119.204964,25.491051,莆田福莆仙东岳观,正一
福建省,莆田市,涵江区,119.128021,25.428291,莆田三江口钱湖宫,正一
福建省,莆田市,涵江区,119.07283,25.515581,莆田东张义安宫,正一
福建省,莆田市,涵江区,119.10298,25.45398,莆田保尾太师府,正一
福建省,莆田市,涵江区,119.110954,25.462217,莆田保尾正极殿,正一
福建省,莆田市,涵江区,119.10298,25.45398,莆田保尾缓麟宫,正一
福建省,莆田市,涵江区,119.117859,25.461082,莆田后度胜利宫,正一
福建省,莆田市,涵江区,119.158623,25.465471,莆田后郭仙宫宫,正一
福建省,莆田市,涵江区,119.158623,25.465471,莆田后郭重兴祖庙,正一
福建省,莆田市,涵江区,119.084824,25.453993,莆田周墩兴显宫,正一
福建省,莆田市,涵江区,119.084824,25.453993,莆田周墩长福宫,正一
福建省,莆田市,涵江区,119.115524,25.486172,莆田国欢上林宫,正一
福建省,莆田市,涵江区,119.140778,25.466162,莆田国欢凤山宫,正一
福建省,莆田市,涵江区,119.118111,25.474882,莆田国欢励浦社,正一
福建省,莆田市,涵江区,119.13723,25.476912,莆田国欢塘头会庆堂,正一
福建省,莆田市,涵江区,119.141083,25.473301,莆田国欢洞庭宫,正一
福建省,莆田市,涵江区,119.140778,25.466162,莆田国欢玉林宫,正一
福建省,莆田市,涵江区,119.12146,25.478302,莆田塘西福安宫,正一
福建省,莆田市,涵江区,119.083702,25.462082,莆田安仁朝霞宫,正一
福建省,莆田市,涵江区,119.102127,25.451927,莆田宫口天仙府,正一
福建省,莆田市,涵江区,119.102127,25.451927,莆田宫口灵慈宫,正一
福建省,莆田市,涵江区,119.105927,25.448284,莆田延宁东阁亭,正一
福建省,莆田市,涵江区,119.117859,25.461082,莆田延宁玉华殿,正一
福建省,莆田市,涵江区,119.124184,25.505852,莆田梧塘九莲岩,正一
福建省,莆田市,涵江区,119.216873,25.514313,莆田江口上后双峰宫,正一
福建省,莆田市,涵江区,119.216873,25.514313,莆田江口上后松山庙,正一
福建省,莆田市,涵江区,119.216873,25.514313,莆田江口上后梅林宫,正一
福建省,莆田市,涵江区,119.216873,25.514313,莆田江口上后民兴宫,正一
福建省,莆田市,涵江区,119.216873,25.514313,莆田江口上后泉兴宫,正一
福建省,莆田市,涵江区,119.216873,25.514313,莆田江口上后献瑞观,正一
福建省,莆田市,涵江区,119.167809,25.479122,莆田江口上蔡仪依东宫,正一
福建省,莆田市,涵江区,119.196434,25.485323,莆田江口上魁真武殿,正一
福建省,莆田市,涵江区,119.233131,25.521429,莆田江口东大佑贤庙,正一
福建省,莆田市,涵江区,119.233131,25.521429,莆田江口东大北极殿,正一
福建省,莆田市,涵江区,119.196434,25.485323,莆田江口东山广济庙,正一
福建省,莆田市,涵江区,119.175034,25.473843,莆田江口东楼临江宫,正一
福建省,莆田市,涵江区,119.175034,25.473843,莆田江口东楼北极殿,正一
福建省,莆田市,涵江区,119.175034,25.473843,莆田江口东楼南安庙,正一
福建省,莆田市,涵江区,119.175034,25.473843,莆田江口东游明安殿,正一
福建省,莆田市,涵江区,119.177193,25.492973,莆田江口东田福宸宫,正一
福建省,莆田市,涵江区,119.166321,25.488813,莆田江口丰山仪依祖宫,正一
福建省,莆田市,涵江区,119.166321,25.488813,莆田江口丰山金轮殿,正一
福建省,莆田市,涵江区,119.173019,25.491692,莆田江口丰美东岳殿,正一
福建省,莆田市,涵江区,119.196434,25.485323,莆田江口为头清达宫,正一
福建省,莆田市,涵江区,119.185112,25.481882,莆田江口五星北辰宫,正一
福建省,莆田市,涵江区,119.185112,25.481882,莆田江口五星广惠殿,正一
福建省,莆田市,涵江区,119.185112,25.481882,莆田江口五星开兴宫,正一
福建省,莆田市,涵江区,119.185112,25.481882,莆田江口五星极乐宫,正一
福建省,莆田市,涵江区,119.185112,25.481882,莆田江口五星英惠宫,正一
福建省,莆田市,涵江区,119.166321,25.488813,莆田江口井头北极殿,正一
福建省,莆田市,涵江区,119.162743,25.490993,莆田江口厚峰北恒殿,正一
福建省,莆田市,涵江区,119.205193,25.495213,莆田江口园下清溪宫,正一
福建省,莆田市,涵江区,119.2005,25.497021,莆田江口园顶夫子宫,正一
福建省,莆田市,涵江区,119.147148,25.49855,莆田江口坂梁重霄殿,正一
福建省,莆田市,涵江区,119.221931,25.507042,莆田江口大东蟠龙庙,正一
福建省,莆田市,涵江区,119.196434,25.485323,莆田江口孝义佑圣观,正一
福建省,莆田市,涵江区,119.20253,25.486231,莆田江口孝义新兴殿,正一
福建省,莆田市,涵江区,119.20253,25.486231,莆田江口孝义锦城庙,正一
福建省,莆田市,涵江区,119.230537,25.53466,莆田江口官庄康宁庙,正一
福建省,莆田市,涵江区,119.20253,25.486231,莆田江口新井凤池宫,正一
福建省,莆田市,涵江区,119.194489,25.486742,莆田江口新前兴贤庙,正一
福建省,莆田市,涵江区,119.194489,25.486742,莆田江口新前凫山宫,正一
福建省,莆田市,涵江区,119.194489,25.486742,莆田江口新前隆佑宫,正一
福建省,莆田市,涵江区,119.196373,25.472542,莆田江口新墩永福宫,正一
福建省,莆田市,涵江区,119.196373,25.472542,莆田江口新墩福惠宫,正一
福建省,莆田市,涵江区,119.196373,25.472542,莆田江口新墩金山宫,正一
福建省,莆田市,涵江区,119.198677,25.4776,莆田江口海星威显宫,正一
福建省,莆田市,涵江区,119.198677,25.4776,莆田江口海星威显庙,正一
福建省,莆田市,涵江区,119.196434,25.485323,莆田江口港下福海宫,正一
福建省,莆田市,涵江区,119.20253,25.486231,莆田江口炉台宫,正一
福建省,莆田市,涵江区,119.167809,25.479122,莆田江口石东大罗宫,正一
福建省,莆田市,涵江区,119.167809,25.479122,莆田江口石东广济宝殿,正一
福建省,莆田市,涵江区,119.167809,25.479122,莆田江口石东志元宫,正一
福建省,莆田市,涵江区,119.167809,25.479122,莆田江口石东文元殿,正一
福建省,莆田市,涵江区,119.167809,25.479122,莆田江口石东铁山宫,正一
福建省,莆田市,涵江区,119.161278,25.476742,莆田江口石庭通明殿,正一
福建省,莆田市,涵江区,119.184319,25.509233,莆田江口石狮兴隆殿,正一
福建省,莆田市,涵江区,119.184319,25.509233,莆田江口石狮凤来宫,正一
福建省,莆田市,涵江区,119.184319,25.509233,莆田江口石狮降圣殿,正一
福建省,莆田市,涵江区,119.184319,25.509233,莆田江口石狮顺兴殿,正一
福建省,莆田市,涵江区,119.161278,25.476742,莆田江口石西五显宫,正一
福建省,莆田市,涵江区,119.161278,25.476742,莆田江口石西凌峰殿,正一
福建省,莆田市,涵江区,119.161278,25.476742,莆田江口石西白云宫,正一
福建省,莆田市,涵江区,119.161278,25.476742,莆田江口石西蔡公宫,正一
福建省,莆田市,涵江区,119.161278,25.476742,莆田江口石西金山宫,正一
福建省,莆田市,涵江区,119.161278,25.476742,莆田江口石西龙山宫,正一
福建省,莆田市,涵江区,119.216873,25.514313,莆田江口莆江安宁宫,正一
福建省,莆田市,涵江区,119.20253,25.486231,莆田江口锦江祖庙,正一
福建省,莆田市,涵江区,119.174683,25.523302,莆田江口院里万安宫,正一
福建省,莆田市,涵江区,119.174683,25.523302,莆田江口院里昭灵宫,正一
福建省,莆田市,涵江区,119.196434,25.485323,莆田江口院里莲峰庙,正一
福建省,莆田市,涵江区,119.161278,25.476742,莆田江口顶西坡龙山宫,正一
福建省,莆田市,涵江区,119.118111,25.474882,莆田沁东安民宫,正一
福建省,莆田市,涵江区,119.10215,25.43503,莆田洋尾灵镇宫,正一
福建省,莆田市,涵江区,119.112808,25.455029,莆田涵东下洋乌台宫,正一
福建省,莆田市,涵江区,119.113106,25.450886,莆田涵东下洋武当宫,正一
福建省,莆田市,涵江区,119.108236,25.456584,莆田涵东塘北新丰祖宫,正一
福建省,莆田市,涵江区,119.121689,25.459192,莆田涵东宫下大成里宫,正一
福建省,莆田市,涵江区,119.118488,25.456713,莆田涵东铺尾文明宫,正一
福建省,莆田市,涵江区,119.117142,25.456282,莆田涵东铺尾龙津宫,正一
福建省,莆田市,涵江区,119.107803,25.448631,莆田涵东霞徐天妃宫,正一
福建省,莆田市,涵江区,119.105927,25.448284,莆田涵江延宁宫,正一
福建省,莆田市,涵江区,119.160385,25.447147,莆田涵江雁阵宫,正一
福建省,莆田市,涵江区,119.074646,25.430403,莆田涵江鲤江庙,正一
福建省,莆田市,涵江区,119.110954,25.462217,莆田涵西十王殿,正一
福建省,莆田市,涵江区,119.105423,25.451408,莆田涵西南庄宫,正一
福建省,莆田市,涵江区,119.110954,25.462217,莆田涵西大巷里北极殿,正一
福建省,莆田市,涵江区,119.10334,25.453789,莆田涵西孝义正极殿,正一
福建省,莆田市,涵江区,119.110954,25.462217,莆田涵西楼下龙楼宫,正一
福建省,莆田市,涵江区,119.102982,25.463041,莆田涵西苍林麒麟宗宫,正一
福建省,莆田市,涵江区,119.1163,25.45879,莆田田边埕武当殿,正一
福建省,莆田市,涵江区,119.07486,25.449001,莆田白塘显应庙,正一
福建省,莆田市,涵江区,118.994881,25.597424,莆田白沙长兴宫,正一
福建省,莆田市,涵江区,119.099121,25.468323,莆田码头北极殿,正一
福建省,莆田市,涵江区,119.077171,25.514622,莆田萩芦双亭显圣殿,正一
福建省,莆田市,涵江区,119.09745,25.52424,莆田萩芦崇圣宫,正一
福建省,莆田市,涵江区,119.084564,25.519821,莆田萩芦洪南东方庙,正一
福建省,莆田市,涵江区,119.084564,25.519821,莆田萩芦灵慈宫,正一
福建省,莆田市,涵江区,119.087173,25.426672,莆田镇江弘仁宫,正一
福建省,莆田市,涵江区,119.107803,25.448631,莆田霞徐顺济庙,正一
福建省,莆田市,涵江区,119.121689,25.45919,莆田顶铺莲华宫,正一
福建省,莆田市,荔城区,119.022079,25.426033,莆田兴化府城隍庙,正一
福建省,莆田市,荔城区,119.018745,25.445852,莆田东岩山妈祖行宫,正一
福建省,莆田市,荔城区,119.036011,25.48332,莆田九华山仙公洞,正一
福建省,莆田市,荔城区,119.160858,25.324183,莆田五侯山仙女洞,正一
福建省,莆田市,荔城区,119.160858,25.324183,莆田五侯山通明殿,正一
福建省,莆田市,荔城区,119.055153,25.386332,莆田厝柄龙津庙,正一
福建省,莆田市,荔城区,119.150314,25.362003,莆田后积万灵宫,正一
福建省,莆田市,荔城区,119.14077,25.346851,莆田呈山呈祥宫,正一
福建省,莆田市,荔城区,119.14077,25.346851,莆田呈山灵慈庙,正一
福建省,莆田市,荔城区,119.020973,25.343672,莆田壶公山凌云殿,正一
福建省,莆田市,荔城区,119.062378,25.385281,莆田常溪后溪宫,正一
福建省,莆田市,荔城区,119.108711,25.365622,莆田惠洋震武殿,正一
福建省,莆田市,荔城区,119.022301,25.443163,莆田拱辰瑞云祖庙,正一
福建省,莆田市,荔城区,119.158249,25.361921,莆田持久山土地庙,正一
福建省,莆田市,荔城区,119.022079,25.426033,莆田文峰天后宫,正一
福建省,莆田市,荔城区,119.181252,25.328651,莆田栏山兴福殿,正一
福建省,莆田市,荔城区,119.059059,25.48764,莆田碗洋关圣庙,正一
福建省,莆田市,荔城区,119.199471,25.336252,莆田竹庄三清殿,正一
福建省,莆田市,荔城区,119.056328,25.510632,莆田紫霄寺殿,正一
福建省,莆田市,荔城区,119.022079,25.426033,莆田英龙英惠社,正一
福建省,莆田市,荔城区,119.047318,25.386751,莆田蒲坂凌云别殿,正一
福建省,莆田市,荔城区,119.023903,25.425863,莆田西社混元殿,正一
福建省,莆田市,荔城区,119.030777,25.3901,莆田锦墩祥云殿,正一
福建省,莆田市,荔城区,119.026299,25.423622,莆田阔口飞来阁,正一
福建省,莆田市,荔城区,119.092812,25.386122,莆田黄石北辰宫,正一
福建省,莆田市,荔城区,119.127739,25.393421,莆田黄石流憩殿,正一
福建省,莆田市,仙游县,118.70826,25.20862,仙游园庄半岭宫,正一
福建省,莆田市,仙游县,118.870163,25.25605,仙游枫亭天中玉皇殿,正一
福建省,莆田市,仙游县,118.869133,25.262022,仙游枫亭麟山宫,正一
福建省,莆田市,仙游县,118.74971,25.407331,仙游榜头三清宫,正一
福建省,莆田市,仙游县,118.822647,25.323151,仙游郊尾梅塘仙水宫,正一
福建省,莆田市,仙游县,118.816452,25.317371,仙游郊尾湖宅仙水宫,正一
福建省,莆田市,仙游县,118.721863,25.344772,仙游鲤南井尾宫,正一
福建省,莆田市,仙游县,118.697342,25.355093,仙游鲤南爱晓宫,正一
福建省,莆田市,仙游县,118.707016,25.350393,仙游鲤南蜚南宫,正一
福建省,莆田市,秀屿区,119.172691,25.247852,莆田东峤东西宫,正一
福建省,莆田市,秀屿区,119.125336,25.267044,莆田东峤其寿堂,正一
福建省,莆田市,秀屿区,119.168053,25.291218,莆田东峤北极天宫,正一
福建省,莆田市,秀屿区,119.125336,25.267044,莆田东峤嘉兴宫,正一
福建省,莆田市,秀屿区,119.125336,25.267044,莆田东峤明山宫,正一
福建省,莆田市,秀屿区,119.171494,25.267162,莆田东峤朝天宫,正一
福建省,莆田市,秀屿区,119.125336,25.267044,莆田东峤海灵宫,正一
福建省,莆田市,秀屿区,119.125336,25.267044,莆田东峤白云洞,正一
福建省,莆田市,秀屿区,119.206078,25.253681,莆田东峤道义堂,正一
福建省,莆田市,秀屿区,119.014229,25.24576,莆田东庄二忠祠,正一
福建省,莆田市,秀屿区,119.042068,25.250673,莆田东庄柳营宫,正一
福建省,莆田市,秀屿区,119.004608,25.236561,莆田东庄陈靖姑祖庙,正一
福建省,莆田市,秀屿区,119.262428,25.309694,莆田埭头云山宫,正一
福建省,莆田市,秀屿区,119.262428,25.309694,莆田埭头天花宫,正一
福建省,莆田市,秀屿区,119.188011,25.290722,莆田埭头朝宗岳殿,正一
福建省,莆田市,秀屿区,119.262428,25.309694,莆田埭头清河殿,正一
福建省,莆田市,秀屿区,119.262428,25.309694,莆田埭头锦山宫,正一
福建省,莆田市,秀屿区,119.282295,25.235666,莆田平海天宝宫,正一
福建省,莆田市,秀屿区,119.097481,25.236866,莆田月塘冲山宫,正一
福建省,莆田市,秀屿区,119.120941,25.245481,莆田月塘南通殿,正一
福建省,莆田市,秀屿区,119.108177,25.208014,莆田月塘灵石庙,正一
福建省,莆田市,秀屿区,119.088509,25.23139,莆田月塘福安殿,正一
福建省,莆田市,秀屿区,119.088509,25.23139,莆田月塘福寿殿,正一
福建省,莆田市,秀屿区,119.10228,25.255342,莆田月塘锦山宫,正一
福建省,莆田市,秀屿区,119.078293,25.298693,莆田笏石伍云殿,正一
福建省,莆田市,秀屿区,119.130455,25.324362,莆田笏石永安宫,正一
福建省,莆田市,,119.140984,25.137291,莆田莆禧鲤江城隍庙,正一
福建省,泉州市,安溪县,118.18718,25.06291,安溪东岳城隍庙,正一
福建省,泉州市,安溪县,118.142029,25.202942,安溪太王陵威镇庙,正一
福建省,泉州市,安溪县,117.877258,25.349833,安溪感德石门玉湖殿,正一
福建省,泉州市,安溪县,118.090942,24.9776,安溪龙门镇九玄宫,正一
福建省,泉州市,德化县,118.22847,25.49159,德化丁溪宫,正一
福建省,泉州市,德化县,118.163116,25.471188,德化圣天宫,正一
福建省,泉州市,德化县,118.235481,25.482801,德化大卿宫,正一
福建省,泉州市,德化县,118.247559,25.497732,德化威灵宫,正一
福建省,泉州市,德化县,118.229462,25.484261,德化安土庙,正一
福建省,泉州市,德化县,118.292725,25.492983,德化宏祠宫,正一
福建省,泉州市,德化县,118.249359,25.492311,德化宝灵宫,正一
福建省,泉州市,德化县,118.22847,25.49159,德化崇道宫,正一
福建省,泉州市,德化县,118.247559,25.497732,德化彭塘宫,正一
福建省,泉州市,德化县,118.243004,25.487404,德化忠义庙,正一
福建省,泉州市,德化县,118.211952,25.506041,德化忠烈殿,正一
福建省,泉州市,德化县,118.481598,25.635181,德化石壶殿,正一
福建省,泉州市,德化县,118.249359,25.492311,德化祖龙宫,正一
福建省,泉州市,德化县,118.030708,25.672562,德化福德宫,正一
福建省,泉州市,德化县,118.266029,25.452473,德化紫云洞,正一
福建省,泉州市,德化县,118.247559,25.497732,德化缨溪宫,正一
福建省,泉州市,德化县,118.24675,25.500549,德化聚星宫,正一
福建省,泉州市,德化县,118.249359,25.492311,德化董坂宫,正一
福建省,泉州市,德化县,118.18483,25.727253,德化通济宫,正一
福建省,泉州市,德化县,118.152039,25.490231,德化金液洞,正一
福建省,泉州市,德化县,118.344551,25.527922,德化霞碧宫,正一
福建省,泉州市,德化县,118.247559,25.497732,德化龙凤殿,正一
福建省,泉州市,德化县,118.273048,25.488661,德化龙图宫,正一
福建省,泉州市,丰泽区,118.618523,24.909489,泉州东岳庙,正一
福建省,泉州市,丰泽区,118.649231,24.880852,泉州娲媓宫,正一
福建省,泉州市,丰泽区,118.629852,24.876143,泉州文兴宫,正一
福建省,泉州市,丰泽区,118.602097,24.942387,泉州清源道观,正一
福建省,泉州市,丰泽区,118.629852,24.876143,泉州真武庙,正一
福建省,泉州市,惠安县,118.755272,24.913061,惠安东园龙溪庙,正一
福建省,泉州市,惠安县,118.899681,25.012632,惠安东桥虎母庙,正一
福建省,泉州市,惠安县,118.93631,24.987961,惠安净峰万善宫,正一
福建省,泉州市,惠安县,119.010429,24.946545,惠安小岞三山宫,正一
福建省,泉州市,惠安县,118.931221,24.87883,惠安崇武万善宫,正一
福建省,泉州市,惠安县,118.941223,24.876631,惠安崇武东嶽庙,正一
福建省,泉州市,惠安县,118.916519,24.892921,惠安崇武城隍庙,正一
福建省,泉州市,惠安县,118.942764,24.884682,惠安崇武天祀宫,正一
福建省,泉州市,惠安县,118.917877,24.899511,惠安崇武溪底妈祖宫,正一
福建省,泉州市,惠安县,118.909737,24.881281,惠安崇武玄天上帝公宫,正一
福建省,泉州市,惠安县,118.685379,24.955721,惠安洛阳昭惠庙,正一
福建省,泉州市,惠安县,118.85881,24.960842,惠安涂寨岩古宫,正一
福建省,泉州市,惠安县,118.803993,25.038324,惠安螺城东岳庙,正一
福建省,泉州市,惠安县,118.804443,25.037151,惠安螺城云山宫,正一
福建省,泉州市,惠安县,118.797661,25.031973,惠安螺城城隍庙,正一
福建省,泉州市,惠安县,118.793854,25.02763,惠安螺城惠古地宫,正一
福建省,泉州市,惠安县,118.793854,25.02763,惠安螺城社公宫,正一
福建省,泉州市,惠安县,118.786873,25.021933,惠安螺城莲花仙祖宫,正一
福建省,泉州市,惠安县,118.793335,25.033026,惠安螺城锦田驿宫,正一
福建省,泉州市,惠安县,118.809036,25.03281,惠安螺城锦霞宫,正一
福建省,泉州市,惠安县,118.766068,24.985271,惠安螺阳盘龙妈祖宫,正一
福建省,泉州市,晋江市,118.502808,24.645592,晋江东石盘龙宫,正一
福建省,泉州市,晋江市,118.441452,24.76897,晋江内坑西云殿,正一
福建省,泉州市,晋江市,118.479858,24.727003,晋江安海庵前桂山宫,正一
福建省,泉州市,晋江市,118.606995,24.600271,晋江山头候山拱秀庙,正一
福建省,泉州市,晋江市,118.58696,24.822262,晋江沟头灵安殿,正一
福建省,泉州市,晋江市,118.646904,24.62537,晋江深沪华峰镇海宫,正一
福建省,泉州市,晋江市,118.675293,24.615343,晋江深沪宝泉庵,正一
福建省,泉州市,晋江市,118.672249,24.618193,晋江深沪崇真殿,正一
福建省,泉州市,晋江市,118.664337,24.580601,晋江深沪泉峰关帝庙,正一
福建省,泉州市,晋江市,118.629364,24.652811,晋江真如殿,正一
福建省,泉州市,晋江市,118.527657,24.86825,晋江紫帽洋店崇福宫,正一
福建省,泉州市,晋江市,118.6008,24.52936,晋江金井南江天后宫,正一
福建省,泉州市,晋江市,118.595688,24.567923,晋江金井天后东宫,正一
福建省,泉州市,晋江市,118.505707,24.724741,晋江钟灵殿,正一
福建省,泉州市,晋江市,118.60257,24.821142,晋江陈埭福呈古宫,正一
福建省,泉州市,晋江市,118.591797,24.834412,晋江陈埭苏厝前乡苏夫人姑宫,正一
福建省,泉州市,晋江市,118.591797,24.834412,晋江陈埭苏厝普益苏夫人姑宫,正一
福建省,泉州市,晋江市,118.57859,24.820171,晋江青阳石鼓庙,正一
福建省,泉州市,晋江市,118.606438,24.674473,晋江龙湖石厦宫,正一
福建省,泉州市,晋江市,118.627357,24.700821,晋江龙湖镇峰宫,正一
福建省,泉州市,晋江市,118.629265,24.786102,晋江龟昭庙,正一
福建省,泉州市,鲤城区,118.586922,24.905046,泉州一堡宫,正一
福建省,泉州市,鲤城区,118.597633,24.911169,泉州万仙妃宫,正一
福建省,泉州市,鲤城区,118.58672,24.90304,泉州三义庙,正一
福建省,泉州市,鲤城区,118.594017,24.910172,泉州元妙观,正一
福建省,泉州市,鲤城区,118.590523,24.918119,泉州北门土地宫,正一
福建省,泉州市,鲤城区,118.595779,24.918734,泉州府城隍庙,正一
福建省,泉州市,鲤城区,118.590202,25.085491,泉州泉郡溪灵宫,正一
福建省,泉州市,鲤城区,118.58687,24.9075,泉州真济仙姑宫,正一
福建省,泉州市,鲤城区,118.565041,24.908201,泉州霞洲妈祖宫,正一
福建省,泉州市,洛江区,118.643959,25.11311,泉州仙公观,正一
福建省,泉州市,洛江区,118.626534,25.066191,泉州埔美宫,正一
福建省,泉州市,洛江区,118.60331,25.107721,泉州康济庙,正一
福建省,泉州市,洛江区,118.606117,25.212591,泉州龟峰岩,正一
福建省,泉州市,南安市,118.389717,24.966381,南安三浦桥万公妈宫,正一
福建省,泉州市,南安市,118.536697,24.953623,南安丰州万公妈宫,正一
福建省,泉州市,南安市,118.494667,25.26622,南安乐山昭惠庙,正一
福建省,泉州市,南安市,118.250122,25.107632,南安云山宫,正一
福建省,泉州市,南安市,118.268204,25.18371,南安凤山庙,正一
福建省,泉州市,南安市,118.417152,24.743601,南安南山宫,正一
福建省,泉州市,南安市,118.472862,25.156881,南安坑口宫,正一
福建省,泉州市,南安市,118.536697,24.953623,南安城隍庙,正一
福建省,泉州市,南安市,118.377029,24.763271,南安天心洞,正一
福建省,泉州市,南安市,118.47641,24.8666,南安慈惠堂,正一
福建省,泉州市,南安市,118.494308,25.161102,南安朝云殿,正一
福建省,泉州市,南安市,118.350975,25.000635,南安朝阳庙,正一
福建省,泉州市,南安市,118.515091,25.066952,南安檺林宫,正一
福建省,泉州市,南安市,118.385292,24.95908,南安泽龙宫,正一
福建省,泉州市,南安市,118.389717,24.966381,南安湖坵宫,正一
福建省,泉州市,南安市,118.426224,24.806753,南安灵安庙,正一
福建省,泉州市,南安市,118.431038,24.682249,南安荣溪宫,正一
福建省,泉州市,南安市,118.532089,24.951782,南安镇江宫,正一
福建省,泉州市,南安市,118.413261,24.742649,南安镇龙宫,正一
福建省,泉州市,南安市,118.468407,25.115219,南安鳌峰宫,正一
福建省,泉州市,南安市,118.480942,24.923237,南安黑山古庙,正一
福建省,泉州市,南安市,118.290604,25.18499,南安龙山宫,正一
福建省,泉州市,泉港区,118.890083,25.22492,泉州东张宫,正一
福建省,泉州市,泉港区,118.898514,25.209011,泉州中兴宫,正一
福建省,泉州市,泉港区,118.960152,25.119013,泉州义烈庙,正一
福建省,泉州市,泉港区,118.933678,25.13002,泉州九龙岗妈祖庙,正一
福建省,泉州市,泉港区,118.902328,25.113342,泉州保安宫,正一
福建省,泉州市,泉港区,118.724731,25.155771,泉州元真庙,正一
福建省,泉州市,泉港区,118.906418,25.12471,泉州凤山府,正一
福建省,泉州市,泉港区,118.979294,25.190683,泉州南埔富美宫,正一
福建省,泉州市,泉港区,118.941139,25.142891,泉州后龙堡廖澳宫,正一
福建省,泉州市,泉港区,118.93969,25.162052,泉州土坑白石宫,正一
福建省,泉州市,泉港区,118.921379,25.123373,泉州天妃宫,正一
福建省,泉州市,泉港区,118.902328,25.113342,泉州山腰富美宫,正一
福建省,泉州市,泉港区,118.887093,25.120251,泉州山腰白石宫,正一
福建省,泉州市,泉港区,118.970428,25.164242,泉州峰前东岳庙,正一
福建省,泉州市,泉港区,118.960152,25.119013,泉州峰尾东岳庙,正一
福建省,泉州市,泉港区,118.933678,25.13002,泉州护龙社,正一
福建省,泉州市,泉港区,118.907501,25.228861,泉州新兴府,正一
福建省,泉州市,泉港区,118.90448,25.117073,泉州映霞府,正一
福建省,泉州市,泉港区,118.864708,25.133402,泉州昭灵宫,正一
福建省,泉州市,泉港区,118.930061,25.148401,泉州杨山宫,正一
福建省,泉州市,泉港区,118.969711,25.181963,泉州柯厝龙兴宫,正一
福建省,泉州市,泉港区,118.906242,25.13434,泉州水尾社,正一
福建省,泉州市,泉港区,118.933678,25.13002,泉州永成府,正一
福建省,泉州市,泉港区,118.933678,25.13002,泉州永灵府,正一
福建省,泉州市,泉港区,118.81292,25.121912,泉州汶阳广济宫,正一
福建省,泉州市,泉港区,118.860611,25.177631,泉州汶阳龙济宫,正一
福建省,泉州市,泉港区,118.823311,25.161901,泉州涂岭乌石宫,正一
福建省,泉州市,泉港区,118.859924,25.184551,泉州涂岭龙山宫,正一
福建省,泉州市,泉港区,118.842529,25.176231,泉州涂岭龙济宫,正一
福建省,泉州市,泉港区,118.911049,25.12109,泉州清风府,正一
福建省,泉州市,泉港区,118.875259,25.222572,泉州港西宫,正一
福建省,泉州市,泉港区,118.964722,25.195051,泉州灵慈宫,正一
福建省,泉州市,泉港区,118.855072,25.173161,泉州玉山庙,正一
福建省,泉州市,泉港区,118.964722,25.195051,泉州瑞云殿,正一
福建省,泉州市,泉港区,118.86895,25.221853,泉州界山龙兴宫,正一
福建省,泉州市,泉港区,118.979294,25.190683,泉州盛美宫,正一
福建省,泉州市,泉港区,118.93148,25.138182,泉州石冠凌云殿,正一
福建省,泉州市,泉港区,118.93148,25.138182,泉州石冠宫,正一
福建省,泉州市,泉港区,118.845268,25.176401,泉州石山宫,正一
福建省,泉州市,泉港区,118.93869,25.141121,泉州礁头廖澳宫,正一
福建省,泉州市,泉港区,118.933678,25.13002,泉州莲山宫,正一
福建省,泉州市,泉港区,118.897049,25.135031,泉州西吴宫,正一
福建省,泉州市,泉港区,118.95005,25.115082,泉州见龙宫,正一
福建省,泉州市,泉港区,118.868889,25.220802,泉州迴龙宫,正一
福建省,泉州市,泉港区,118.954208,25.112391,泉州逢源宫,正一
福建省,泉州市,泉港区,118.946388,25.152632,泉州重兴宫,正一
福建省,泉州市,泉港区,118.887093,25.120251,泉州金龙府,正一
福建省,泉州市,泉港区,118.90448,25.117073,泉州锦山宫,正一
福建省,泉州市,泉港区,118.877541,25.219872,泉州青龙庙,正一
福建省,泉州市,泉港区,118.891823,25.147692,泉州龙凤宫,正一
福建省,泉州市,泉港区,118.917183,25.124535,泉州龙山宫,正一
福建省,泉州市,泉港区,118.883842,25.227182,泉州龙峰宫,正一
福建省,泉州市,泉港区,118.948471,25.109781,泉州龙潭宫,正一
福建省,泉州市,泉港区,118.868889,25.220802,泉州龙盘宫,正一
福建省,泉州市,泉港区,118.90448,25.117073,泉州龙见宫,正一
福建省,泉州市,石狮市,118.770248,24.765802,石狮圣母宫,正一
福建省,泉州市,石狮市,118.632294,24.737801,石狮城隍庙,正一
福建省,泉州市,石狮市,118.754799,24.742052,石狮妈祖庙,正一
福建省,泉州市,石狮市,118.627151,24.72579,石狮崇福庙,正一
福建省,泉州市,石狮市,118.692848,24.795414,石狮忠仁庙,正一
福建省,泉州市,石狮市,118.779633,24.769581,石狮斗美宫,正一
福建省,泉州市,石狮市,118.673561,24.701962,石狮朝天宫,正一
福建省,泉州市,石狮市,118.698914,24.674685,石狮永宁城隍庙,正一
福建省,泉州市,石狮市,118.682762,24.7019,石狮虎岫宫,正一
福建省,泉州市,石狮市,118.689964,24.792847,石狮蚶江龙显宫,正一
福建省,泉州市,永春县,118.29424,25.32188,永春城隍庙,正一
福建省,泉州市,永春县,118.182983,25.355122,永春百丈岩,正一
福建省,泉州市,永春县,118.204689,25.375273,永春万宝殿,正一
福建省,泉州市,永春县,118.284981,25.335371,永春万春宫,正一
福建省,泉州市,永春县,118.167801,25.383951,永春三兴宫,正一
福建省,泉州市,永春县,118.28273,25.326931,永春义烈殿,正一
福建省,泉州市,永春县,118.299065,25.326897,永春云龙岩,正一
福建省,泉州市,永春县,118.302193,25.32023,永春五显宫,正一
福建省,泉州市,永春县,118.252884,25.33497,永春仙林堂,正一
福建省,泉州市,永春县,118.431175,25.409573,永春仙溪大宫,正一
福建省,泉州市,永春县,118.305061,25.31517,永春元宝观,正一
福建省,泉州市,永春县,118.308525,25.318733,永春化龙宫,正一
福建省,泉州市,永春县,118.258942,25.280952,永春南山宫,正一
福建省,泉州市,永春县,118.428177,25.405092,永春南门庙,正一
福建省,泉州市,永春县,118.369598,25.289822,永春吉祥庵,正一
福建省,泉州市,永春县,118.299454,25.348251,永春大鹏岩,正一
福建省,泉州市,永春县,118.423759,25.376122,永春宝云殿,正一
福建省,泉州市,永春县,118.229225,25.366922,永春岭头宫,正一
福建省,泉州市,永春县,118.163483,25.376472,永春广灵宫,正一
福建省,泉州市,永春县,118.167801,25.383951,永春廖阳殿,正一
福建省,泉州市,永春县,118.266968,25.324352,永春承春庙,正一
福建省,泉州市,永春县,118.268173,25.333384,永春攀龙宫,正一
福建省,泉州市,永春县,118.336609,25.303761,永春昆仑洞,正一
福建省,泉州市,永春县,118.159424,25.378897,永春昭显岩,正一
福建省,泉州市,永春县,118.161804,25.367682,永春显灵宫,正一
福建省,泉州市,永春县,118.167801,25.383951,永春杰头宫,正一
福建省,泉州市,永春县,118.29821,25.32023,永春桃源殿,正一
福建省,泉州市,永春县,118.426018,25.386251,永春桃源祖殿,正一
福建省,泉州市,永春县,118.166695,25.409412,永春桃溪宫,正一
福建省,泉州市,永春县,118.265594,25.328472,永春永善宫,正一
福建省,泉州市,永春县,118.243683,25.357771,永春灵兴岩,正一
福建省,泉州市,永春县,118.205605,25.263071,永春灵镇庙,正一
福建省,泉州市,永春县,118.212418,25.352762,永春珪头宫,正一
福建省,泉州市,永春县,118.270149,25.329163,永春真武殿,正一
福建省,泉州市,永春县,118.306389,25.309071,永春石玉洞,正一
福建省,泉州市,永春县,118.25325,25.334538,永春石鼓亭庙,正一
福建省,泉州市,永春县,118.409874,25.31834,永春碧溪宫,正一
福建省,泉州市,永春县,118.204689,25.375273,永春美芳宫,正一
福建省,泉州市,永春县,118.249283,25.281841,永春西陵宫,正一
福建省,泉州市,永春县,118.304039,25.319422,永春辛田宫,正一
福建省,泉州市,永春县,118.272224,25.331079,永春金峰真宝殿,正一
福建省,泉州市,永春县,118.29248,25.317095,永春龙山岩,正一
福建省,三明市,大田县,117.848244,25.686031,大田仙亭山龙兴殿,正一
福建省,三明市,建宁县,116.84436,26.84609,建宁溪口三清殿,正一
福建省,三明市,建宁县,116.83773,26.840645,建宁溪口将军庙,正一
福建省,三明市,建宁县,116.785408,26.871141,建宁溪口顺泽宫,正一
福建省,三明市,建宁县,116.998863,27.000563,建宁溪源五龙观,正一
福建省,三明市,建宁县,116.86615,26.819622,建宁濉溪五谷庙,正一
福建省,三明市,建宁县,116.873642,26.918371,建宁黄坊龙龟山观,正一
福建省,三明市,将乐县,117.297173,26.735731,将乐吉云宫,正一
福建省,三明市,将乐县,117.276299,26.663881,将乐崇文阁,正一
福建省,三明市,将乐县,117.328331,26.672901,将乐忠靖庙,正一
福建省,三明市,将乐县,117.473312,26.719212,将乐水南妈祖庙,正一
福建省,三明市,将乐县,117.327744,26.674873,将乐相帝庙,正一
福建省,三明市,将乐县,117.327744,26.674873,将乐黄潭圣母庙,正一
福建省,三明市,梅列区,117.621872,26.27006,三明天后宫,正一
福建省,三明市,明溪县,117.230728,26.347702,明溪九仙观,正一
福建省,三明市,明溪县,117.173248,26.35976,明溪五谷仙庙,正一
福建省,三明市,明溪县,117.278107,26.339291,明溪天华庵,正一
福建省,三明市,明溪县,117.354118,26.331732,明溪天后宫,正一
福建省,三明市,明溪县,117.354118,26.331732,明溪妈祖庙,正一
福建省,三明市,明溪县,117.214119,26.352701,明溪封脸夫人庙,正一
福建省,三明市,明溪县,117.200409,26.359352,明溪显应庙,正一
福建省,三明市,清流县,116.826591,26.238861,清流仙公庙,正一
福建省,三明市,清流县,116.889343,25.905842,清流大丰山顺真道院,正一
福建省,三明市,清流县,116.950562,26.261181,清流神农庙,正一
福建省,三明市,沙县,117.800178,26.398491,沙县城隍庙,正一
福建省,三明市,沙县,117.778999,26.408461,沙县三官堂玉皇殿,正一
福建省,三明市,沙县,117.778999,26.408461,沙县元天上帝庙,正一
福建省,三明市,沙县,117.782059,26.389832,沙县关帝庙,正一
福建省,三明市,沙县,117.797249,26.403233,沙县北门太保宫,正一
福建省,三明市,沙县,117.830643,26.385061,沙县古县城隍庙,正一
福建省,三明市,沙县,117.794647,26.401171,沙县吕祖庙,正一
福建省,三明市,沙县,117.778587,26.38685,沙县大圣庙,正一
福建省,三明市,沙县,117.910667,26.425003,沙县池沧太保庙,正一
福建省,三明市,沙县,117.966324,26.50176,沙县涌溪太保庙,正一
福建省,三明市,沙县,117.788261,26.389261,沙县玉皇阁,正一
福建省,三明市,沙县,117.618752,26.494831,沙县白云观,正一
福建省,三明市,沙县,117.782059,26.389832,沙县白马庙,正一
福建省,三明市,沙县,117.986443,26.347073,沙县罗岩太保庙,正一
福建省,三明市,沙县,117.695953,26.444592,沙县迎神阁,正一
福建省,三明市,沙县,117.910713,26.425352,沙县高砂民主庙,正一
福建省,三明市,泰宁县,117.18251,26.88513,泰宁南禅宫,正一
福建省,三明市,泰宁县,117.145119,26.712162,泰宁圆通观,正一
福建省,三明市,泰宁县,117.23394,26.948071,泰宁圣恩观,正一
福建省,三明市,泰宁县,117.150414,26.82991,泰宁崇灵观,正一
福建省,三明市,泰宁县,117.198402,26.757257,泰宁忠靖观,正一
福建省,三明市,泰宁县,117.177109,26.84177,泰宁慧灵观,正一
福建省,三明市,泰宁县,117.188828,26.75136,泰宁普济观,正一
福建省,三明市,泰宁县,117.198318,26.946093,泰宁栖真观,正一
福建省,三明市,泰宁县,117.334229,27.031893,泰宁永乐宫,正一
福建省,三明市,泰宁县,117.180237,26.900951,泰宁炎帝宫,正一
福建省,三明市,泰宁县,117.089951,26.929312,泰宁炽昌观,正一
福建省,三明市,泰宁县,117.15683,27.062071,泰宁龙灵观,正一
福建省,三明市,永安市,117.129364,26.028593,永安关武庙,正一
福建省,三明市,永安市,117.362213,25.967182,永安唐王庙,正一
福建省,三明市,永安市,117.376465,25.970346,永安唐田王庙,正一
福建省,三明市,永安市,117.324043,26.022032,永安宝龙殿,正一
福建省,三明市,永安市,117.130547,25.997374,永安显迹堂,正一
福建省,三明市,永安市,117.149437,26.039921,永安永兴殿,正一
福建省,三明市,永安市,117.156143,26.052021,永安泰华殿,正一
福建省,三明市,永安市,117.395531,26.013321,永安百丈岩仙马庙,正一
福建省,三明市,永安市,117.463028,25.934851,永安祖兴殿,正一
福建省,三明市,永安市,117.62455,25.877781,永安青水三仙庙,正一
福建省,三明市,永安市,117.376465,25.970346,永安飞云殿,正一
福建省,三明市,永安市,117.192345,25.935833,永安飞云祖殿,正一
福建省,三明市,永安市,117.32592,25.993847,永安龙兴堂,正一
福建省,三明市,永安市,117.359032,25.971842,永安龟峰洞,正一
福建省,三明市,尤溪县,118.342484,26.03536,尤溪中仙竹峰清岩祖殿,正一
福建省,三明市,尤溪县,118.252182,26.11005,尤溪台溪洋尾天后宫,正一
福建省,三明市,尤溪县,118.2155,26.013182,尤溪台溪清溪威济宫,正一
福建省,三明市,尤溪县,118.2155,26.013182,尤溪台溪清溪广泰宫,正一
福建省,三明市,尤溪县,118.160614,26.042601,尤溪坂面下川会三宫,正一
福建省,三明市,尤溪县,118.160614,26.042601,尤溪坂面下川广应堂,正一
福建省,三明市,尤溪县,118.200691,26.173264,尤溪城关天后宫,正一
福建省,三明市,尤溪县,118.1918,26.1716,尤溪城关忠烈殿,正一
福建省,三明市,尤溪县,118.200691,26.173264,尤溪城关水东福明宫,正一
福建省,三明市,尤溪县,118.181358,26.17049,尤溪城关灵源院,正一
福建省,三明市,尤溪县,117.608978,26.234138,尤溪城关白鹤楼,正一
福建省,三明市,尤溪县,118.188087,26.168901,尤溪城关锦云亭,正一
福建省,三明市,尤溪县,118.191582,26.165701,尤溪城关龙凤殿,正一
福建省,三明市,尤溪县,118.449577,26.394812,尤溪尤溪口三福堂,正一
福建省,三明市,尤溪县,118.042542,26.116392,尤溪新阳双里龙兴祖殿,正一
福建省,三明市,尤溪县,118.26564,26.295193,尤溪梅仙下保萧公宝殿,正一
福建省,三明市,尤溪县,118.253044,26.233601,尤溪梅仙倒排岩龙龟祖殿,正一
福建省,三明市,尤溪县,118.262283,26.243162,尤溪梅仙坪寨下渡田圣殿,正一
福建省,三明市,尤溪县,118.251678,26.236082,尤溪梅仙灵源殿,正一
福建省,三明市,尤溪县,118.200691,26.173264,尤溪水东高峰亭,正一
福建省,三明市,尤溪县,118.431198,26.115089,尤溪汤川天后宫,正一
福建省,三明市,尤溪县,118.496727,26.315821,尤溪洋中萧公祖殿,正一
福建省,三明市,尤溪县,118.37886,26.186253,尤溪溪尾三台祖殿,正一
福建省,三明市,尤溪县,118.366104,26.178822,尤溪溪尾半岭清灵宫,正一
福建省,三明市,尤溪县,117.928925,26.212954,尤溪管前柳塘秀峰亭,正一
福建省,三明市,尤溪县,118.240654,26.362284,尤溪联合石门祖殿,正一
福建省,三明市,尤溪县,118.121704,26.194632,尤溪西城寨峰殿,正一
福建省,三明市,尤溪县,118.148811,26.161272,尤溪西城福寿宫,正一
福建省,三明市,尤溪县,118.148811,26.161272,尤溪西城蟠龙山集福苑,正一
福建省,三明市,尤溪县,118.343307,26.307051,尤溪西滨刘坂福云堂,正一
福建省,三明市,尤溪县,118.350357,26.28475,尤溪西滨拥口联台宫,正一
福建省,三明市,尤溪县,118.38163,26.364843,尤溪西滨西洋泰山宫,正一
福建省,三明市,尤溪县,118.332031,26.391031,尤溪西滨际后五显宫,正一
福建省,厦门市,集美区,118.0345,24.648701,厦门石兜真德殿,正一
福建省,厦门市,思明区,118.13383,24.44042,厦门三官道院,正一
福建省,厦门市,思明区,118.125488,24.426769,厦门太清宫,正一
福建省,厦门市,思明区,118.08444,24.45896,厦门朝天宫,正一
福建省,厦门市,思明区,118.086457,24.440451,厦门朝宗宫,正一
福建省,厦门市,思明区,118.065208,24.448572,厦门种德宫,正一
福建省,厦门市,同安区,118.166733,24.724087,厦门东岳行宫,正一
福建省,厦门市,同安区,118.148315,24.743757,厦门朝元观,正一
福建省,厦门市,同安区,118.156128,24.69067,厦门瑶江大元殿,正一
福建省,厦门市,翔安区,118.284798,24.772081,厦门金炳炎帝殿,正一
福建省,漳州市,东山县,117.53582,23.733063,东山关帝庙,正一
福建省,漳州市,东山县,117.510414,23.731232,东山净山院,正一
福建省,漳州市,东山县,117.38707,23.595993,东山宫前天后宫,正一
福建省,漳州市,东山县,117.53582,23.733063,东山福兴宫,正一
福建省,漳州市,东山县,117.527924,23.736521,东山铜陵天后宫,正一
福建省,漳州市,东山县,117.51503,23.736591,东山铜陵水仙宫,正一
福建省,漳州市,东山县,117.53582,23.733063,东山铜陵泗美宫,正一
福建省,漳州市,东山县,117.531944,23.735861,东山铜陵真君宫,正一
福建省,漳州市,东山县,117.527924,23.736521,东山铜陵码头社区明德宫,正一
福建省,漳州市,华安县,117.578423,24.984201,华安南山宫,正一
福建省,漳州市,龙海市,117.617683,24.504871,龙海九湖田中央岱仙岩庙,正一
福建省,漳州市,龙海市,117.612701,24.485352,龙海九湖苍坂琵琶岩庙,正一
福建省,漳州市,龙海市,117.805992,24.423943,龙海凤山岳庙,正一
福建省,漳州市,龙海市,117.899933,24.526361,龙海后溪清惠宫,正一
福建省,漳州市,龙海市,117.85777,24.40905,龙海海澄城隍庙,正一
福建省,漳州市,龙海市,117.829018,24.432062,龙海海澄山后红滚庙,正一
福建省,漳州市,龙海市,117.828911,24.437851,龙海海澄港岸鸿岸宫,正一
福建省,漳州市,龙海市,118.063171,24.345722,龙海港尾卓岐岐阳宫,正一
福建省,漳州市,龙海市,117.890579,24.327181,龙海白水方田东岳庙,正一
福建省,漳州市,龙海市,117.844162,24.344362,龙海白水磁美玉皇殿,正一
福建省,漳州市,龙海市,117.820892,24.447773,龙海石码解北大码头关帝庙,正一
福建省,漳州市,龙海市,117.82444,24.455591,龙海紫泥西良鳌头宫,正一
福建省,漳州市,龙海市,117.889114,24.467154,龙海紫泥金定金兴宫,正一
福建省,漳州市,龙海市,117.953102,24.48159,龙海角美白礁慈济宫,正一
福建省,漳州市,龙海市,118.096817,24.256351,龙海隆教镇海城隍庙,正一
福建省,漳州市,龙海市,117.824722,24.411871,龙海霞苑清惠宫,正一
福建省,漳州市,龙文区,117.67926,24.499771,漳州土白店上和善宫,正一
福建省,漳州市,龙文区,117.723442,24.58736,漳州扶摇关帝庙,正一
福建省,漳州市,龙文区,117.713219,24.531973,漳州朝阳关帝庙,正一
福建省,漳州市,龙文区,117.695694,24.512056,漳州步文玄坛宫正一灵宫,正一
福建省,漳州市,龙文区,117.690811,24.51712,漳州赤岭关帝庙,正一
福建省,漳州市,龙文区,117.744331,24.558512,漳州郭坑水尾宫,正一
福建省,漳州市,南靖县,117.363541,24.511803,南靖山城武庙,正一
福建省,漳州市,南靖县,117.308388,24.771753,南靖金山鹅仙洞九鲤飞真宫,正一
福建省,漳州市,平和县,117.021263,24.250372,平和九峰城隍庙,正一
福建省,漳州市,平和县,117.413887,24.15901,平和五寨关帝庙,正一
福建省,漳州市,平和县,117.228813,24.253073,平和侯卿宫,正一
福建省,漳州市,平和县,117.30629,24.35507,平和侯山宫,正一
福建省,漳州市,平和县,117.371223,24.238321,平和南胜义路保宁宫,正一
福建省,漳州市,平和县,117.282967,24.2847,平和坂仔铜壶宫,正一
福建省,漳州市,平和县,117.332664,24.369923,平和坑里圣王庙,正一
福建省,漳州市,平和县,117.326111,24.260761,平和天龙宫,正一
福建省,漳州市,平和县,117.31118,24.358379,平和小溪城隍庙,正一
福建省,漳州市,平和县,117.346443,24.3971,平和山格慈惠宫,正一
福建省,漳州市,平和县,117.346443,24.3971,平和山格桥头帝君,正一
福建省,漳州市,平和县,117.035202,24.263432,平和崇福堂,正一
福建省,漳州市,平和县,117.066483,24.328892,平和崎岭天湖堂,正一
福建省,漳州市,平和县,117.310104,24.289251,平和心田宫,正一
福建省,漳州市,平和县,117.423271,24.434,平和文峰文美新店庙,正一
福建省,漳州市,平和县,117.167862,24.3687,平和新寨庙,正一
福建省,漳州市,平和县,117.021263,24.250372,平和武庙,正一
福建省,漳州市,平和县,117.307312,24.36479,平和福星宫,正一
福建省,漳州市,平和县,117.042351,24.482292,平和芦溪碧水岩庙,正一
福建省,漳州市,平和县,117.316109,24.35915,平和行德宫,正一
福建省,漳州市,平和县,117.175148,24.347181,平和霞山隆福堂,正一
福建省,漳州市,平和县,117.345253,24.396582,平和高际云林宫,正一
福建省,漳州市,芗城区,117.64743,24.538292,漳州土岭龙德宫,正一
福建省,漳州市,芗城区,117.677589,24.514021,漳州塔后笃厚宫,正一
福建省,漳州市,芗城区,117.590381,24.569052,漳州天宝蔡坑联登宫,正一
福建省,漳州市,芗城区,117.671631,24.503201,漳州岳口凤皋和义庙,正一
福建省,漳州市,芗城区,117.647652,24.505198,漳州武庙,正一
福建省,漳州市,芗城区,117.675934,24.507761,漳州浦头崇福宫,正一
福建省,漳州市,芗城区,117.58548,24.570641,漳州茶铺长和宫,正一
福建省,漳州市,芗城区,117.66964,24.50923,漳州霞浦凤霞宫,正一
福建省,漳州市,漳浦县,117.750404,24.104942,漳浦东厝关帝庙,正一
福建省,漳州市,漳浦县,117.551544,23.91749,漳浦普前天后宫,正一
福建省,漳州市,漳浦县,117.606728,23.941793,漳浦杜浔关帝庙,正一
福建省,漳州市,漳浦县,117.611374,23.939342,漳浦正阳宫,正一
福建省,漳州市,漳浦县,117.790413,24.064133,漳浦海屋关帝庙,正一
福建省,漳州市,漳浦县,117.61624,24.119294,漳浦绥安慈后宫,正一
福建省,漳州市,漳浦县,117.607803,24.117142,漳浦绥安西湖宫,正一
福建省,漳州市,漳浦县,117.701294,24.168121,漳浦赤土仙峰庙,正一
福建省,漳州市,漳浦县,117.747169,24.12364,漳浦赤土天福葛洪庙,正一
福建省,漳州市,漳浦县,117.687757,23.995074,漳浦霞美慈后宫,正一
甘肃省,白银市,景泰县,104.158447,37.14085,三清殿,全真
甘肃省,白银市,景泰县,104.056046,37.180099,祥云观,全真
甘肃省,白银市,靖远县,104.48278,37.206711,万灵山三清宫,全真
甘肃省,白银市,靖远县,105.042778,36.452499,中川紫云观,全真
甘肃省,白银市,靖远县,104.724098,36.625523,久经山,全真
甘肃省,白银市,靖远县,104.686104,36.559555,乌兰山道观,全真
甘肃省,白银市,靖远县,105.001167,36.463459,九龙山玉云观,全真
甘肃省,白银市,靖远县,104.73793,36.441261,九龙山道观,全真
甘肃省,白银市,靖远县,104.997749,36.462872,乳育山道观,全真
甘肃省,白银市,靖远县,104.899811,36.413013,五龙山,全真
甘肃省,白银市,靖远县,104.978241,37.015362,伏龙山道观,全真
甘肃省,白银市,靖远县,104.892792,36.90921,北龙观,全真
甘肃省,白银市,靖远县,104.675903,36.560089,县城隍庙,全真
甘肃省,白银市,靖远县,104.901764,36.340702,双龙山道观,全真
甘肃省,白银市,靖远县,104.841194,36.973209,回龙山道观,全真
甘肃省,白银市,靖远县,105.042778,36.452499,日月风龙山道观,全真
甘肃省,白银市,靖远县,105.009682,36.526661,朝云观,全真
甘肃省,白银市,靖远县,104.702362,36.57267,法界观,全真
甘肃省,白银市,靖远县,104.701958,36.67643,清源山,全真
甘肃省,白银市,靖远县,104.734772,36.681282,玉灵观,全真
甘肃省,白银市,靖远县,104.56929,36.519722,玉灵观,全真
甘肃省,白银市,靖远县,105.057198,36.417282,竹林山道观,全真
甘肃省,白银市,靖远县,104.901764,36.340702,苁蓉山道观,全真
甘肃省,白银市,靖远县,104.62133,36.378719,莲花池道观,全真
甘肃省,白银市,靖远县,104.81218,36.609673,青龙山雨雾观,全真
甘肃省,白银市,靖远县,104.81218,36.609673,青龙观,全真
甘肃省,白银市,平川区,105.193359,36.577061,云台山道教活动点,全真
甘肃省,白银市,平川区,104.615692,36.791672,北武当山道观,全真
甘肃省,白银市,平川区,105.077919,36.703022,双盘龙卧云山道教活动点,全真
甘肃省,白银市,平川区,105.020813,36.6395,接云观,全真
甘肃省,白银市,平川区,104.97464,36.622982,显云观,全真
甘肃省,白银市,平川区,104.841805,36.721272,泉龙山道教活动点,全真
甘肃省,白银市,平川区,105.276314,36.460503,玉虚观道教活动点,全真
甘肃省,白银市,平川区,105.180222,36.630402,生龙山显云观,全真
甘肃省,白银市,平川区,104.883942,36.597122,药应山道观,全真
甘肃省,白银市,平川区,104.736565,36.885712,西雨山五龙观道教活动点,全真
甘肃省,白银市,平川区,105.099693,36.626053,金凤观,全真
甘肃省,白银市,平川区,104.655144,36.867321,金锁关圣龙山道观,全真
甘肃省,白银市,平川区,104.840439,36.71994,青龙山芙蓉观,全真
甘肃省,白银市,平川区,105.020744,36.642632,龙凤山道教活动点,全真
甘肃省,白银市,平川区,104.7966,36.75457,龙虎山玄云观道教活动点,全真
甘肃省,定西市,安定区,104.761894,35.879993,定西市安定区石峡湾长寿山石宫观,全真
甘肃省,定西市,临洮县,103.873322,35.378403,临洮县岳麓山道观,全真
甘肃省,定西市,临洮县,104.159309,35.524792,临洮县站滩乡玉皇阁道观,全真
甘肃省,定西市,临洮县,103.893219,35.70842,临洮县翠林山道观,全真
甘肃省,定西市,临洮县,103.86087,35.376591,城隍庙,全真
甘肃省,定西市,陇西县,104.721123,35.182842,陇西县云田北川太白寺,全真
甘肃省,定西市,陇西县,104.620674,35.009441,陇西县巩昌镇仁寿山三清殿,全真
甘肃省,定西市,陇西县,104.633469,34.996464,陇西县巩昌镇南山关帝庙,全真
甘肃省,定西市,陇西县,104.625122,34.992222,陇西县巩昌镇周家庄雨施宫,全真
甘肃省,定西市,陇西县,104.633469,34.996464,陇西县巩昌镇家宫殿祖师庙,全真
甘肃省,定西市,陇西县,104.633408,35.001183,陇西县巩昌镇汪家洞祖师庙,全真
甘肃省,定西市,陇西县,104.694794,34.947773,陇西县文峰关帝庙,全真
甘肃省,定西市,陇西县,104.543518,35.292282,陇西县福星镇后凤山聚龙寺,全真
甘肃省,定西市,陇西县,104.692101,35.299,陇西县通安凤凰山大音菩萨庙,全真
甘肃省,定西市,陇西县,104.437889,35.080902,陇西县首阳镇关帝庙,全真
甘肃省,定西市,岷县,104.038513,34.427608,岷县岷阳镇二郎山道教寺院,全真
甘肃省,定西市,岷县,103.918457,34.653683,岷县维新乡红莲寺,全真
甘肃省,定西市,渭源县,104.054909,35.025272,渭源县会川镇太白山宫观,全真
甘肃省,定西市,渭源县,103.985428,35.104603,渭源县会川镇娘娘山宫观,全真
甘肃省,定西市,渭源县,103.984634,35.070942,渭源县会川镇龙王宫,全真
甘肃省,定西市,渭源县,104.207382,35.125481,渭源县清源镇老君山宫观,全真
甘肃省,定西市,渭源县,104.31424,35.038033,渭源县莲峰镇首阳山清圣祠,全真
甘肃省,定西市,渭源县,104.227081,34.98,渭源县莲峰镇马鹿山皇洞,全真
甘肃省,甘南藏族自治州,夏河县,102.52195,35.200024,拉卜楞关帝庙,全真
甘肃省,酒泉市,敦煌市,94.806129,40.170933,敦煌市老君堂,全真
甘肃省,酒泉市,敦煌市,94.643753,40.129642,敦煌市西云观,全真
甘肃省,酒泉市,瓜州县,95.721878,40.445911,南岔镇九北老疙瘩庙,全真
甘肃省,酒泉市,金塔县,99.054512,40.05888,金塔县三元道观,全真
甘肃省,兰州市,安宁区,103.68782,36.130672,安宁区祖师殿,全真
甘肃省,兰州市,城关区,103.80938,36.05967,城关区太清宫,全真
甘肃省,兰州市,城关区,103.858177,36.089661,城关区徐家山隍庙,全真
甘肃省,兰州市,城关区,103.831612,36.035702,城关区志公观,全真
甘肃省,兰州市,城关区,103.81054,36.06271,城关区白云观,全真
甘肃省,兰州市,城关区,103.894028,36.047161,城关区金花道观,全真
甘肃省,兰州市,红古区,103.346382,36.141102,红古区平安镇太平观,全真
甘肃省,兰州市,红古区,103.281731,36.168301,红古区平安镇永乐宫,全真
甘肃省,兰州市,红古区,103.314133,36.158821,红古区平安镇泰和宫,全真
甘肃省,兰州市,红古区,102.867424,36.419392,红古区矿区太上宫,全真
甘肃省,兰州市,红古区,102.864639,36.40271,红古区矿区无量殿,全真
甘肃省,兰州市,红古区,102.875511,36.432602,红古区窑街玉真观,全真
甘肃省,兰州市,红古区,103.016998,36.25985,红古区红古乡海慈宫,全真
甘肃省,兰州市,七里河区,103.699867,36.074871,七里河区极寿山祖师殿,全真
甘肃省,兰州市,七里河区,103.699867,36.074871,七里河区崔家崖上白云观,全真
甘肃省,兰州市,七里河区,103.805107,36.046741,七里河区八里镇药王洞,全真
甘肃省,兰州市,七里河区,103.836441,35.991619,七里河区双龙观,全真
甘肃省,兰州市,七里河区,103.735054,36.062351,七里河区土门墩圣母宫,全真
甘肃省,兰州市,七里河区,103.695023,36.057583,七里河区牟家坪观音殿,全真
甘肃省,兰州市,七里河区,103.801651,35.938972,七里河区落安山金花宫,全真
甘肃省,兰州市,七里河区,103.80562,36.06016,七里河区金天观,全真
甘肃省,兰州市,西固区,103.504959,36.142162,西固区东川镇玄女庙,全真
甘肃省,兰州市,西固区,103.612274,36.09721,西固区临洮街城隍庙,全真
甘肃省,兰州市,西固区,103.633102,36.049221,西固区四季青街道天王庙,全真
甘肃省,兰州市,西固区,103.51461,36.136089,西固区坡底下祖师殿,全真
甘肃省,兰州市,西固区,103.482079,36.16782,西固区新城镇老君庙,全真
甘肃省,兰州市,西固区,103.441963,36.16106,西固区新城镇菩萨殿,全真
甘肃省,兰州市,西固区,103.487564,36.161083,西固区新城镇金花仙姑大殿,全真
甘肃省,兰州市,西固区,103.582924,36.099911,西固区柳泉乡土主庙,全真
甘肃省,兰州市,西固区,103.620102,36.122372,西固区桃园村圣母宫,全真
甘肃省,兰州市,西固区,103.358749,36.129768,西固区达川祖师殿,全真
甘肃省,兰州市,西固区,103.658852,36.09095,西固区陈坪街道东湾祖师殿,全真
甘肃省,兰州市,西固区,103.645508,36.075481,西固区陈坪街道方神庙,全真
甘肃省,兰州市,西固区,103.671234,36.074432,西固区陈坪街道纯阳宫,全真
甘肃省,兰州市,永登县,103.263222,36.731503,永登县城关镇仁寿山全真观,全真
甘肃省,兰州市,永登县,103.267532,36.7393,永登县城关镇青龙观,全真
甘肃省,兰州市,永登县,103.253319,36.756443,永登县城关镇香炉山全真观,全真
甘肃省,兰州市,永登县,103.090073,36.715103,永登县清泉山全台观,全真
甘肃省,兰州市,榆中县,104.007759,35.962833,榆中县万眼泉王母宫,全真
甘肃省,兰州市,榆中县,103.968307,36.006252,榆中县云雾山关帝庙,全真
甘肃省,兰州市,榆中县,104.07077,35.798267,榆中县兴隆山道观,全真
甘肃省,兰州市,榆中县,103.932709,35.893463,榆中县官滩沟菩萨殿,全真
甘肃省,兰州市,榆中县,104.20105,35.682053,榆中县新营龙王庙,全真
甘肃省,兰州市,榆中县,103.97448,36.00005,榆中县牡丹园道观,全真
甘肃省,兰州市,榆中县,104.189407,36.327183,榆中县青城城隍庙,全真
甘肃省,兰州市,榆中县,104.037804,35.881729,榆中县麻家寺龙王庙,全真
甘肃省,兰州市,榆中县,104.264771,35.579601,榆中县龙泉寺圣母殿,全真
甘肃省,临夏回族自治州,东乡族自治县,103.518822,35.834129,塔石沟祖师庙,全真
甘肃省,临夏回族自治州,东乡族自治县,103.268555,35.653984,林家村林家庙,全真
甘肃省,临夏回族自治州,东乡族自治县,103.268555,35.653984,林家村福神庙,全真
甘肃省,临夏回族自治州,和政县,103.168213,35.377232,三岔沟庙,全真
甘肃省,临夏回族自治州,和政县,103.3172,35.40062,三谷龙王庙,全真
甘肃省,临夏回族自治州,和政县,103.24749,35.355541,两关集庙,全真
甘肃省,临夏回族自治州,和政县,103.199181,35.488922,严咀庙,全真
甘肃省,临夏回族自治州,和政县,103.409843,35.2962,中心龙王庙,全真
甘肃省,临夏回族自治州,和政县,103.336472,35.470501,乔常家庙,全真
甘肃省,临夏回族自治州,和政县,103.370102,35.417072,二郎岗庙,全真
甘肃省,临夏回族自治州,和政县,103.374603,35.386391,何马家福神庙,全真
甘肃省,临夏回族自治州,和政县,103.345032,35.381153,关滩沟山神庙,全真
甘肃省,临夏回族自治州,和政县,103.390724,35.3918,刘家咀庙,全真
甘肃省,临夏回族自治州,和政县,103.197601,35.473862,前川大庙,全真
甘肃省,临夏回族自治州,和政县,103.168213,35.377232,北灵观,全真
甘肃省,临夏回族自治州,和政县,103.163391,35.42609,后李家庙,全真
甘肃省,临夏回族自治州,和政县,103.409843,35.2962,城隍庙,全真
甘肃省,临夏回族自治州,和政县,103.132881,35.398891,大坪王家庙,全真
甘肃省,临夏回族自治州,和政县,103.169762,35.459484,大庄庙,全真
甘肃省,临夏回族自治州,和政县,103.154572,35.38982,大滩庙,全真
甘肃省,临夏回族自治州,和政县,103.409843,35.2962,太极风云寺,全真
甘肃省,临夏回族自治州,和政县,103.34697,35.324402,奋斗山神庙,全真
甘肃省,临夏回族自治州,和政县,103.346764,35.483353,宋家庙,全真
甘肃省,临夏回族自治州,和政县,103.196899,35.42181,寨子高庙,全真
甘肃省,临夏回族自治州,和政县,103.174438,35.392872,小滩庙,全真
甘肃省,临夏回族自治州,和政县,103.401199,35.32864,尕庄龙王庙,全真
甘肃省,临夏回族自治州,和政县,103.206833,35.44437,庙坪大庙,全真
甘肃省,临夏回族自治州,和政县,103.183113,35.409061,庙洼王家庙,全真
甘肃省,临夏回族自治州,和政县,103.352524,35.419182,康家坪风云寺,全真
甘肃省,临夏回族自治州,和政县,103.189819,35.482292,张家坡庙,全真
甘肃省,临夏回族自治州,和政县,103.235291,35.42667,张家庙,全真
甘肃省,临夏回族自治州,和政县,103.267365,35.417454,拉里洼庙,全真
甘肃省,临夏回族自治州,和政县,103.361084,35.333733,斯巴司大庙,全真
甘肃省,临夏回族自治州,和政县,103.353737,35.473042,曹家山庙,全真
甘肃省,临夏回族自治州,和政县,103.174797,35.428749,李家庙,全真
甘肃省,临夏回族自治州,和政县,103.169014,35.320553,柳梅滩庙,全真
甘肃省,临夏回族自治州,和政县,103.191147,35.40712,梁家庙,全真
甘肃省,临夏回族自治州,和政县,103.358643,35.300694,榆木福神庙,全真
甘肃省,临夏回族自治州,和政县,103.344208,35.365211,槐岭庙,全真
甘肃省,临夏回族自治州,和政县,103.361603,35.404781,槐庄庙,全真
甘肃省,临夏回族自治州,和政县,103.244942,35.365063,民主山房庙,全真
甘肃省,临夏回族自治州,和政县,103.334778,35.42971,洒拉崖庙,全真
甘肃省,临夏回族自治州,和政县,103.356949,35.443844,清源庙,全真
甘肃省,临夏回族自治州,和政县,103.349388,35.429482,清虚观,全真
甘肃省,临夏回族自治州,和政县,103.171753,35.460659,潘咀庙,全真
甘肃省,临夏回族自治州,和政县,103.324043,35.468422,王孟家庙,全真
甘肃省,临夏回族自治州,和政县,103.203049,35.3951,石灰沟庙,全真
甘肃省,临夏回族自治州,和政县,103.401581,35.2771,福神庙,全真
甘肃省,临夏回族自治州,和政县,103.238609,35.451019,脖项庙,全真
甘肃省,临夏回族自治州,和政县,103.372719,35.357639,腰套福神庙,全真
甘肃省,临夏回族自治州,和政县,103.208824,35.456001,腰沟庙,全真
甘肃省,临夏回族自治州,和政县,103.317551,35.301712,草滩福神庙,全真
甘肃省,临夏回族自治州,和政县,103.350227,35.346512,蒋台福神庙,全真
甘肃省,临夏回族自治州,和政县,103.334488,35.322384,西番庄福神庙,全真
甘肃省,临夏回族自治州,和政县,103.329208,35.503189,贾百户庙,全真
甘肃省,临夏回族自治州,和政县,103.142838,35.37912,赤洼尕庙,全真
甘肃省,临夏回族自治州,和政县,103.211479,35.465214,赵家庙,全真
甘肃省,临夏回族自治州,和政县,103.330223,35.415012,邓家庄庙,全真
甘肃省,临夏回族自治州,和政县,103.321259,35.360161,金场沟庙,全真
甘肃省,临夏回族自治州,和政县,103.174797,35.428749,金家庙,全真
甘肃省,临夏回族自治州,和政县,103.224068,35.484142,闵家尕庙,全真
甘肃省,临夏回族自治州,和政县,103.351273,35.50333,陈家洼庙,全真
甘肃省,临夏回族自治州,和政县,103.285217,35.444202,韩沙二郎庙,全真
甘肃省,临夏回族自治州,和政县,103.208824,35.456001,马集庙,全真
甘肃省,临夏回族自治州,积石山保安族东乡,102.87581,35.71768,积石山县中咀岭乡中咀岭大庙,全真
甘肃省,临夏回族自治州,积石山保安族东乡,102.978683,35.803112,积石山县关家川乡九滩庙,全真
甘肃省,临夏回族自治州,积石山保安族东乡,103.015282,35.619892,积石山县关家川乡曹家大庙,全真
甘肃省,临夏回族自治州,积石山保安族东乡,102.87581,35.71768,积石山县关家川乡李家观,全真
甘肃省,临夏回族自治州,积石山保安族东乡,102.926674,35.755463,积石山县关家川乡石磨庄菩萨观,全真
甘肃省,临夏回族自治州,积石山保安族东乡,102.911591,35.596199,积石山县关家川乡谢家庙,全真
甘肃省,临夏回族自治州,积石山保安族东乡,102.770264,35.775154,积石山县刘集乡崔家庙,全真
甘肃省,临夏回族自治州,积石山保安族东乡,102.88044,35.713322,积石山县刘集乡李家庙,全真
甘肃省,临夏回族自治州,积石山保安族东乡,102.87581,35.71768,积石山县刘集乡祁家庙,全真
甘肃省,临夏回族自治州,积石山保安族东乡,102.786781,35.805771,积石山县刘集乡龙王庙,全真
甘肃省,临夏回族自治州,积石山保安族东乡,102.786781,35.805771,积石山县别藏镇佘家咀尕庙,全真
甘肃省,临夏回族自治州,积石山保安族东乡,102.864464,35.762253,积石山县别藏镇大庄庙,全真
甘肃省,临夏回族自治州,积石山保安族东乡,102.97464,35.600422,积石山县别藏镇杨家岭庙,全真
甘肃省,临夏回族自治州,积石山保安族东乡,102.780746,35.820713,积石山县别藏镇焦家庙,全真
甘肃省,临夏回族自治州,积石山保安族东乡,102.780746,35.820713,积石山县别藏镇红星谢家庙,全真
甘肃省,临夏回族自治州,积石山保安族东乡,102.786781,35.805771,积石山县别藏镇纳莫沟庙,全真
甘肃省,临夏回族自治州,积石山保安族东乡,102.816917,35.775162,积石山县吹麻滩镇祥云山乌龙观,全真
甘肃省,临夏回族自治州,积石山保安族东乡,102.759773,35.829231,积石山县大河家镇郭家庙,全真
甘肃省,临夏回族自治州,积石山保安族东乡,103.008904,35.796501,积石山县安集乡三坪庙,全真
甘肃省,临夏回族自治州,积石山保安族东乡,103.020958,35.731033,积石山县安集乡五山庙,全真
甘肃省,临夏回族自治州,积石山保安族东乡,103.006569,35.757072,积石山县安集乡安家观,全真
甘肃省,临夏回族自治州,积石山保安族东乡,103.049149,35.741512,积石山县安集乡杨家湾庙,全真
甘肃省,临夏回族自治州,积石山保安族东乡,103.000099,35.778423,积石山县安集乡苟家庙,全真
甘肃省,临夏回族自治州,积石山保安族东乡,103.056252,35.727043,积石山县安集乡蒲家湾庙,全真
甘肃省,临夏回族自治州,积石山保安族东乡,102.88044,35.713322,积石山县寨子沟乡侯家坪土主庙,全真
甘肃省,临夏回族自治州,积石山保安族东乡,102.98127,35.619438,积石山县寨子沟乡善家庙,全真
甘肃省,临夏回族自治州,积石山保安族东乡,102.87581,35.71768,积石山县寨子沟乡大张家尕庙,全真
甘肃省,临夏回族自治州,积石山保安族东乡,102.816917,35.775162,积石山县寨子沟乡大张家庙,全真
甘肃省,临夏回族自治州,积石山保安族东乡,102.856682,35.742741,积石山县寨子沟乡曹姚一社庙,全真
甘肃省,临夏回族自治州,积石山保安族东乡,102.789619,35.768429,积石山县寨子沟乡曹姚庙,全真
甘肃省,临夏回族自治州,积石山保安族东乡,102.789619,35.768429,积石山县寨子沟乡瓦窑沟庙,全真
甘肃省,临夏回族自治州,积石山保安族东乡,102.999977,35.677773,积石山县寨子沟乡陈家河观,全真
甘肃省,临夏回族自治州,积石山保安族东乡,102.88044,35.713322,积石山县小关乡隆基庙,全真
甘肃省,临夏回族自治州,积石山保安族东乡,102.88916,35.648842,积石山县居集镇业卜湾庙,全真
甘肃省,临夏回族自治州,积石山保安族东乡,102.786781,35.805771,积石山县居集镇巴也庙,全真
甘肃省,临夏回族自治州,积石山保安族东乡,102.88044,35.713322,积石山县居集镇李录家庙,全真
甘肃省,临夏回族自治州,积石山保安族东乡,102.905434,35.651611,积石山县居集镇甘藏庙,全真
甘肃省,临夏回族自治州,积石山保安族东乡,102.92939,35.640762,积石山县居集镇赵家庙,全真
甘肃省,临夏回族自治州,积石山保安族东乡,102.953148,35.653801,积石山县徐扈家乡张家坟庙,全真
甘肃省,临夏回族自治州,积石山保安族东乡,102.979988,35.75901,积石山县徐扈家乡杨王家尕庙,全真
甘肃省,临夏回族自治州,积石山保安族东乡,102.911095,35.688942,积石山县柳沟乡柳沟庙,全真
甘肃省,临夏回族自治州,积石山保安族东乡,103.422768,36.038643,积石山县石塬乡大庄崖窑庙,全真
甘肃省,临夏回族自治州,积石山保安族东乡,102.80632,35.760742,积石山县石塬乡樊家庙,全真
甘肃省,临夏回族自治州,积石山保安族东乡,102.858734,35.806793,积石山县石塬乡社洼观,全真
甘肃省,临夏回族自治州,积石山保安族东乡,103.007942,35.744591,积石山县胡林家乡西高庙,全真
甘肃省,临夏回族自治州,积石山保安族东乡,102.786781,35.805771,积石山县郭干乡大杨家庙,全真
甘肃省,临夏回族自治州,积石山保安族东乡,102.808281,35.757812,积石山县郭干乡松树湾庙,全真
甘肃省,临夏回族自治州,积石山保安族东乡,102.88044,35.713322,积石山县郭干乡陈家庙,全真
甘肃省,临夏回族自治州,积石山保安族东乡,103.037979,35.65699,积石山县银川乡刘王庙,全真
甘肃省,临夏回族自治州,积石山保安族东乡,103.064621,35.670712,积石山县银川乡庙庄庙,全真
甘肃省,临夏回族自治州,积石山保安族东乡,103.065033,35.642521,积石山县银川乡新庄大庙,全真
甘肃省,临夏回族自治州,积石山保安族东乡,103.089539,35.716373,积石山县银川乡水陈庙,全真
甘肃省,临夏回族自治州,积石山保安族东乡,103.005325,35.609756,积石山县铺川乡代咀庙,全真
甘肃省,临夏回族自治州,积石山保安族东乡,103.040611,35.644932,积石山县铺川乡咀头庙,全真
甘肃省,临夏回族自治州,积石山保安族东乡,103.313057,35.70924,积石山县铺川乡寨子庙,全真
甘肃省,临夏回族自治州,积石山保安族东乡,103.054321,35.618362,积石山县铺川乡康家庙,全真
甘肃省,临夏回族自治州,积石山保安族东乡,103.011292,35.5951,积石山县铺川乡湫池庙,全真
甘肃省,临夏回族自治州,积石山保安族东乡,102.914871,35.694111,积石山县铺川乡董下庙,全真
甘肃省,临夏回族自治州,康乐县,103.75119,34.972332,紫霄宫,全真
甘肃省,临夏回族自治州,临夏市,103.213735,35.602393,白云观,全真
甘肃省,临夏回族自治州,临夏市,103.194031,35.592339,刘家庙,全真
甘肃省,临夏回族自治州,临夏市,103.106438,35.552212,拦家观,全真
甘肃省,临夏回族自治州,临夏市,103.184929,35.588802,胡家庄福神庙,全真
甘肃省,临夏回族自治州,临夏市,103.235794,35.638,苟家观,全真
甘肃省,临夏回族自治州,临夏市,103.218628,35.598591,金花坛,全真
甘肃省,临夏回族自治州,临夏县,103.123734,35.613651,三岔沟龙王庙,全真
甘肃省,临夏回族自治州,临夏县,103.048683,35.46294,三法观,全真
甘肃省,临夏回族自治州,临夏县,103.228004,35.645184,三皇观,全真
甘肃省,临夏回族自治州,临夏县,103.075638,35.451351,三龙山二郎庙,全真
甘肃省,临夏回族自治州,临夏县,103.228004,35.645184,上五排庙,全真
甘肃省,临夏回族自治州,临夏县,103.26786,35.511002,上刘排二郎庙,全真
甘肃省,临夏回族自治州,临夏县,103.124222,35.423813,下五排福神庙,全真
甘肃省,临夏回族自治州,临夏县,103.237877,35.657341,中寨庙,全真
甘肃省,临夏回族自治州,临夏县,103.190399,35.721119,临夏混元观,全真
甘肃省,临夏回族自治州,临夏县,103.013268,35.504333,二郎庙,全真
甘肃省,临夏回族自治州,临夏县,103.232849,35.520943,五一杨家大庙,全真
甘肃省,临夏回族自治州,临夏县,102.993568,35.488953,五山寺,全真
甘肃省,临夏回族自治州,临夏县,102.97776,35.439201,何家庙,全真
甘肃省,临夏回族自治州,临夏县,103.11425,35.508373,余家庙,全真
甘肃省,临夏回族自治州,临夏县,103.095314,35.590641,余王二郎庙,全真
甘肃省,临夏回族自治州,临夏县,103.188103,35.672112,侯段福神庙,全真
甘肃省,临夏回族自治州,临夏县,103.198631,35.535683,八排庙,全真
甘肃省,临夏回族自治州,临夏县,103.020294,35.454323,兰达庙,全真
甘肃省,临夏回族自治州,临夏县,103.193443,35.614269,关东社泉眼庙,全真
甘肃省,临夏回族自治州,临夏县,103.193443,35.614269,关前社福神庙,全真
甘肃省,临夏回族自治州,临夏县,103.135849,35.659332,冉坪祖师殿,全真
甘肃省,临夏回族自治州,临夏县,103.124222,35.423813,冯唐庙,全真
甘肃省,临夏回族自治州,临夏县,103.166481,35.70895,冯家庙,全真
甘肃省,临夏回族自治州,临夏县,102.957718,35.540974,凉经山石庙,全真
甘肃省,临夏回族自治州,临夏县,103.210632,35.622841,刘仲家党家庙,全真
甘肃省,临夏回族自治州,临夏县,103.24317,35.6045,刘家沟庙,全真
甘肃省,临夏回族自治州,临夏县,103.102432,35.741653,刘魏家福神庙,全真
甘肃省,临夏回族自治州,临夏县,103.198631,35.535683,勉草湾庙,全真
甘肃省,临夏回族自治州,临夏县,102.982849,35.488529,包家庄土主庙,全真
甘肃省,临夏回族自治州,临夏县,103.096344,35.51984,卢家庙,全真
甘肃省,临夏回族自治州,临夏县,103.042473,35.482964,双城山神庙,全真
甘肃省,临夏回族自治州,临夏县,103.07402,35.476273,古城山金花坛,全真
甘肃省,临夏回族自治州,临夏县,103.162079,35.656033,台子社尕庙,全真
甘肃省,临夏回族自治州,临夏县,103.089157,35.4217,吴家庙,全真
甘肃省,临夏回族自治州,临夏县,103.100388,35.43256,周家庙,全真
甘肃省,临夏回族自治州,临夏县,103.086853,35.557293,周家湾庙,全真
甘肃省,临夏回族自治州,临夏县,103.094231,35.570213,周山庙,全真
甘肃省,临夏回族自治州,临夏县,103.096344,35.51984,周滩庙,全真
甘肃省,临夏回族自治州,临夏县,103.07402,35.476273,咀头大庄庙,全真
甘肃省,临夏回族自治州,临夏县,103.058723,35.47921,咀头庙,全真
甘肃省,临夏回族自治州,临夏县,103.033218,35.427181,围场庙,全真
甘肃省,临夏回族自治州,临夏县,103.206459,35.734074,地母宫,全真
甘肃省,临夏回族自治州,临夏县,102.908272,35.510632,城庄五山庙,全真
甘肃省,临夏回族自治州,临夏县,103.084801,35.492432,城西庙,全真
甘肃省,临夏回族自治州,临夏县,103.151978,35.44408,夏家庙,全真
甘肃省,临夏回族自治州,临夏县,102.980804,35.440193,多麻庙,全真
甘肃省,临夏回族自治州,临夏县,103.123749,35.382374,大丫口山神庙,全真
甘肃省,临夏回族自治州,临夏县,103.139534,35.640961,大寨子福神庙,全真
甘肃省,临夏回族自治州,临夏县,103.041748,35.466694,大寨子马家庙,全真
甘肃省,临夏回族自治州,临夏县,103.075638,35.451351,大山庄庙,全真
甘肃省,临夏回族自治州,临夏县,103.021423,35.470802,大庙山二圣宫,全真
甘肃省,临夏回族自治州,临夏县,103.048683,35.46294,大树底庙,全真
甘肃省,临夏回族自治州,临夏县,103.190399,35.721119,大梁庙,全真
甘肃省,临夏回族自治州,临夏县,103.0634,35.517052,大湾庙,全真
甘肃省,临夏回族自治州,临夏县,103.06041,35.399231,大滩庙,全真
甘肃省,临夏回族自治州,临夏县,103.06041,35.399231,大滩金花滩,全真
甘肃省,临夏回族自治州,临夏县,103.260559,35.584362,大赵家庙,全真
甘肃省,临夏回族自治州,临夏县,103.174675,35.621307,大鲁家二郎庙,全真
甘肃省,临夏回族自治州,临夏县,103.067215,35.495365,夹塘尕庙,全真
甘肃省,临夏回族自治州,临夏县,103.24317,35.6045,姚家庙,全真
甘肃省,临夏回族自治州,临夏县,102.906342,35.469772,姬家山庄庙,全真
甘肃省,临夏回族自治州,临夏县,103.226624,35.652081,娄高祁村福神庙,全真
甘肃省,临夏回族自治州,临夏县,103.140274,35.738323,孔家山庙,全真
甘肃省,临夏回族自治州,临夏县,103.12561,35.683353,定坪庙,全真
甘肃省,临夏回族自治州,临夏县,103.059952,35.435871,寨子庙,全真
甘肃省,临夏回族自治州,临夏县,103.088631,35.512642,寨子庙,全真
甘肃省,临夏回族自治州,临夏县,103.051125,35.509102,寺湾庙,全真
甘肃省,临夏回族自治州,临夏县,103.19133,35.709572,小刘家庙,全真
甘肃省,临夏回族自治州,临夏县,103.153801,35.7313,小寨庙,全真
甘肃省,临夏回族自治州,临夏县,103.014832,35.532192,尚家湾庙,全真
甘肃省,临夏回族自治州,临夏县,103.04969,35.424522,山神庙,全真
甘肃省,临夏回族自治州,临夏县,103.06041,35.399231,山神庙,全真
甘肃省,临夏回族自治州,临夏县,103.269699,35.54298,崔家庙,全真
甘肃省,临夏回族自治州,临夏县,103.237877,35.657341,常家祁庙,全真
甘肃省,临夏回族自治州,临夏县,103.14135,35.470543,庆家台庙,全真
甘肃省,临夏回族自治州,临夏县,103.106918,35.503422,庞管家庙,全真
甘肃省,临夏回族自治州,临夏县,103.190399,35.721119,康二庙,全真
甘肃省,临夏回族自治州,临夏县,102.865669,35.52866,康家庙,全真
甘肃省,临夏回族自治州,临夏县,103.188103,35.672112,康家福神庙,全真
甘肃省,临夏回族自治州,临夏县,103.24317,35.6045,张其老庙,全真
甘肃省,临夏回族自治州,临夏县,103.031387,35.540501,张家坡家神殿,全真
甘肃省,临夏回族自治州,临夏县,103.133659,35.451363,张家山神庙,全真
甘肃省,临夏回族自治州,临夏县,103.139511,35.751041,张家庙,全真
甘肃省,临夏回族自治州,临夏县,103.088631,35.512642,张家沟庙,全真
甘肃省,临夏回族自治州,临夏县,103.090591,35.524521,张家沟财神庙,全真
甘肃省,临夏回族自治州,临夏县,103.133659,35.451363,张家湾庙,全真
甘肃省,临夏回族自治州,临夏县,103.238686,35.576191,张河西庙,全真
甘肃省,临夏回族自治州,临夏县,103.157112,35.743641,张王庙,全真
甘肃省,临夏回族自治州,临夏县,103.228004,35.645184,徐旗寨庙,全真
甘肃省,临夏回族自治州,临夏县,103.109138,35.742142,曙光何家家神庙,全真
甘肃省,临夏回族自治州,临夏县,103.109138,35.742142,曙光泉眼庙,全真
甘肃省,临夏回族自治州,临夏县,103.109138,35.742142,曙光财神庙,全真
甘肃省,临夏回族自治州,临夏县,103.169662,35.635582,曹家村七岔路福神庙,全真
甘肃省,临夏回族自治州,临夏县,103.207939,35.632641,朱潘福神庙,全真
甘肃省,临夏回族自治州,临夏县,103.173599,35.550102,李家咀庙,全真
甘肃省,临夏回族自治州,临夏县,103.2174,35.561543,李家坪庙,全真
甘肃省,临夏回族自治州,临夏县,102.973351,35.422913,李家庄庙,全真
甘肃省,临夏回族自治州,临夏县,103.118874,35.447361,李家庙,全真
甘肃省,临夏回族自治州,临夏县,103.148773,35.486092,李家沟庙,全真
甘肃省,临夏回族自治州,临夏县,103.103462,35.450562,杜家湾庙,全真
甘肃省,临夏回族自治州,临夏县,103.049782,35.501911,杨坪庙,全真
甘肃省,临夏回族自治州,临夏县,103.23423,35.711071,杨家庙,全真
甘肃省,临夏回族自治州,临夏县,102.962624,35.43293,杨家庙,全真
甘肃省,临夏回族自治州,临夏县,103.112068,35.427292,杨家河庙,全真
甘肃省,临夏回族自治州,临夏县,103.11084,35.741646,杨巴庙,全真
甘肃省,临夏回族自治州,临夏县,103.188103,35.672112,杨王福神庙,全真
甘肃省,临夏回族自治州,临夏县,103.11425,35.508373,柏家庙,全真
甘肃省,临夏回族自治州,临夏县,103.044769,35.48988,梁家山庙,全真
甘肃省,临夏回族自治州,临夏县,103.125961,35.740643,殷家庙,全真
甘肃省,临夏回族自治州,临夏县,103.03569,35.452511,水括妥庙,全真
甘肃省,临夏回族自治州,临夏县,103.178612,35.719433,水漫滩庙,全真
甘肃省,临夏回族自治州,临夏县,103.106552,35.520561,水磨庙,全真
甘肃省,临夏回族自治州,临夏县,103.138809,35.711071,江家寨庙,全真
甘肃省,临夏回族自治州,临夏县,103.105263,35.650169,江家庙,全真
甘肃省,临夏回族自治州,临夏县,102.999771,35.481571,汪家台庙,全真
甘肃省,临夏回族自治州,临夏县,103.154449,35.607971,沟口庙,全真
甘肃省,临夏回族自治州,临夏县,103.235893,35.694622,法家观,全真
甘肃省,临夏回族自治州,临夏县,103.117294,35.714073,源泉庙,全真
甘肃省,临夏回族自治州,临夏县,103.116989,35.605083,潘家庙,全真
甘肃省,临夏回族自治州,临夏县,103.189613,35.672794,潘家庙,全真
甘肃省,临夏回族自治州,临夏县,103.17778,35.495571,焦家咀庙,全真
甘肃省,临夏回族自治州,临夏县,103.247604,35.673653,焦庄庙,全真
甘肃省,临夏回族自治州,临夏县,102.918037,35.49675,牟家山庙,全真
甘肃省,临夏回族自治州,临夏县,103.151978,35.44408,牟家河庙,全真
甘肃省,临夏回族自治州,临夏县,102.999458,35.497192,玉泉观,全真
甘肃省,临夏回族自治州,临夏县,103.014832,35.532192,王堡庙,全真
甘肃省,临夏回族自治州,临夏县,103.219757,35.635582,王家湾福神庙,全真
甘肃省,临夏回族自治州,临夏县,103.157867,35.681511,王母宫,全真
甘肃省,临夏回族自治州,临夏县,103.190399,35.721119,王豆家庙,全真
甘肃省,临夏回族自治州,临夏县,103.048042,35.556271,瓦房家神殿,全真
甘肃省,临夏回族自治州,临夏县,103.220161,35.530811,田家山庙,全真
甘肃省,临夏回族自治州,临夏县,103.074158,35.369827,甲滩山神庙,全真
甘肃省,临夏回族自治州,临夏县,103.14576,35.75172,白土庄庙,全真
甘肃省,临夏回族自治州,临夏县,103.277359,35.590481,白崖庙,全真
甘肃省,临夏回族自治州,临夏县,103.3274,35.800732,白杨树庙,全真
甘肃省,临夏回族自治州,临夏县,103.227791,35.563683,石壁庙,全真
甘肃省,临夏回族自治州,临夏县,103.021179,35.439312,石家河庙,全真
甘肃省,临夏回族自治州,临夏县,103.173599,35.550102,石庞家庙,全真
甘肃省,临夏回族自治州,临夏县,102.939232,35.507011,祖师庙,全真
甘肃省,临夏回族自治州,临夏县,103.10141,35.561943,福神庙,全真
甘肃省,临夏回族自治州,临夏县,103.173203,35.667881,福神庙,全真
甘肃省,临夏回族自治州,临夏县,103.012764,35.45731,禾坨庙,全真
甘肃省,临夏回族自治州,临夏县,103.067215,35.495365,秦孙庄庙,全真
甘肃省,临夏回族自治州,临夏县,103.15406,35.590481,秦家尕庙,全真
甘肃省,临夏回族自治州,临夏县,103.139,35.487961,红土坡庙,全真
甘肃省,临夏回族自治州,临夏县,103.102333,35.43652,红阳山山神庙,全真
甘肃省,临夏回族自治州,临夏县,102.932022,35.483162,范家庙,全真
甘肃省,临夏回族自治州,临夏县,103.117294,35.714073,药水泉庙,全真
甘肃省,临夏回族自治州,临夏县,103.231934,35.683754,莲城三社庙,全真
甘肃省,临夏回族自治州,临夏县,103.230499,35.669033,莲城四社庙,全真
甘肃省,临夏回族自治州,临夏县,103.157959,35.766281,莲花台福神庙,全真
甘肃省,临夏回族自治州,临夏县,103.074158,35.369827,营滩庙,全真
甘肃省,临夏回族自治州,临夏县,103.230499,35.669033,蒋杨庙,全真
甘肃省,临夏回族自治州,临夏县,103.157959,35.766281,蒋杨庙,全真
甘肃省,临夏回族自治州,临夏县,103.124222,35.423813,蒲家庙,全真
甘肃省,临夏回族自治州,临夏县,103.139511,35.751041,蒲杨家庙,全真
甘肃省,临夏回族自治州,临夏县,103.2071,35.512421,薛鲁家庙,全真
甘肃省,临夏回族自治州,临夏县,102.998489,35.435822,虎家庙,全真
甘肃省,临夏回族自治州,临夏县,103.059952,35.435871,行宫庙,全真
甘肃省,临夏回族自治州,临夏县,103.168671,35.735401,谢家坡庙,全真
甘肃省,临夏回族自治州,临夏县,103.112213,35.742092,贾家家神庙,全真
甘肃省,临夏回族自治州,临夏县,103.110168,35.6632,贾家沟庙,全真
甘肃省,临夏回族自治州,临夏县,103.112213,35.742092,贾家福神庙,全真
甘肃省,临夏回族自治州,临夏县,103.012764,35.45731,赵关庙,全真
甘肃省,临夏回族自治州,临夏县,102.93821,35.509903,赵家村小寨庙,全真
甘肃省,临夏回族自治州,临夏县,103.07692,35.529232,赵山家神庙,全真
甘肃省,临夏回族自治州,临夏县,103.07692,35.529232,赵山庙,全真
甘肃省,临夏回族自治州,临夏县,103.216049,35.676662,赵杜庙,全真
甘肃省,临夏回族自治州,临夏县,103.0634,35.517052,赵牌庙,全真
甘肃省,临夏回族自治州,临夏县,103.014832,35.532192,赵阳家神殿,全真
甘肃省,临夏回族自治州,临夏县,103.15406,35.590481,车家坪尕庙,全真
甘肃省,临夏回族自治州,临夏县,103.183182,35.64315,辛付村八排庙,全真
甘肃省,临夏回族自治州,临夏县,103.181557,35.636971,辛付村尕王庙,全真
甘肃省,临夏回族自治州,临夏县,103.106552,35.520561,辛家台庙,全真
甘肃省,临夏回族自治州,临夏县,103.184181,35.517643,邓家庙,全真
甘肃省,临夏回族自治州,临夏县,103.02253,35.556961,邓阳家神殿,全真
甘肃省,临夏回族自治州,临夏县,103.17318,35.537872,郝邓家庙,全真
甘肃省,临夏回族自治州,临夏县,103.229012,35.555801,郭吴庙,全真
甘肃省,临夏回族自治州,临夏县,103.190399,35.721119,郭四庙,全真
甘肃省,临夏回族自治州,临夏县,103.144478,35.50388,郭家咀庙,全真
甘肃省,临夏回族自治州,临夏县,103.15406,35.590481,郭家社庙,全真
甘肃省,临夏回族自治州,临夏县,103.068733,35.524742,郭寨庙,全真
甘肃省,临夏回族自治州,临夏县,103.159142,35.617092,重台塬福神庙,全真
甘肃省,临夏回族自治州,临夏县,103.190399,35.721119,金家庙,全真
甘肃省,临夏回族自治州,临夏县,103.06041,35.399231,阿弥殿,全真
甘肃省,临夏回族自治州,临夏县,103.133659,35.451363,阿拉沟庙,全真
甘肃省,临夏回族自治州,临夏县,103.149086,35.525517,陈家台庙,全真
甘肃省,临夏回族自治州,临夏县,103.061897,35.542683,陈家山庙,全真
甘肃省,临夏回族自治州,临夏县,103.237877,35.657341,陈家沟庙,全真
甘肃省,临夏回族自治州,临夏县,103.106781,35.687351,韩沟庙,全真
甘肃省,临夏回族自治州,临夏县,103.106918,35.503422,韩赵家庙,全真
甘肃省,临夏回族自治州,临夏县,103.04335,35.598083,香炉台庙,全真
甘肃省,临夏回族自治州,临夏县,103.130539,35.572281,马家安神庙,全真
甘肃省,临夏回族自治州,临夏县,103.198509,35.535461,马家山庙,全真
甘肃省,临夏回族自治州,临夏县,102.980804,35.440193,马家涧庙,全真
甘肃省,临夏回族自治州,临夏县,103.127457,35.4617,高家庙,全真
甘肃省,临夏回族自治州,临夏县,103.125961,35.740643,鲁家财神庙,全真
甘肃省,临夏回族自治州,临夏县,103.211967,35.656281,鳌头庙,全真
甘肃省,临夏回族自治州,临夏县,103.049179,35.554081,黄家家神殿,全真
甘肃省,临夏回族自治州,临夏县,103.195274,35.593494,黄家尕庙,全真
甘肃省,临夏回族自治州,临夏县,103.168808,35.74601,黄李庙,全真
甘肃省,临夏回族自治州,临夏县,102.980804,35.440193,龙泉庙,全真
甘肃省,临夏回族自治州,临夏县,103.112068,35.427292,龙王宫,全真
甘肃省,临夏回族自治州,临夏县,103.189613,35.672794,龙王庙,全真
甘肃省,临夏回族自治州,临夏县,103.24317,35.6045,龙王庙,全真
甘肃省,临夏回族自治州,临夏县,103.110542,35.39537,龙虎湾庙,全真
甘肃省,临夏回族自治州,永靖县,103.350533,36.118603,三官殿,全真
甘肃省,临夏回族自治州,永靖县,103.268219,35.961304,中庄二郎观,全真
甘肃省,临夏回族自治州,永靖县,103.07196,35.964924,五云宝山观,全真
甘肃省,临夏回族自治州,永靖县,103.354668,36.102432,凌霄殿,全真
甘肃省,临夏回族自治州,永靖县,103.594772,36.005173,南堡大悲寺,全真
甘肃省,临夏回族自治州,永靖县,103.591049,35.998425,南堡金花大殿,全真
甘肃省,临夏回族自治州,永靖县,103.448837,35.959801,吧咪山总庙,全真
甘肃省,临夏回族自治州,永靖县,103.448837,35.959801,吧咪山道观,全真
甘肃省,临夏回族自治州,永靖县,103.486961,36.032551,吾去明山道观,全真
甘肃省,临夏回族自治州,永靖县,103.196823,35.881271,城隍庙,全真
甘肃省,临夏回族自治州,永靖县,103.313889,35.94466,大庄村五龙山道观,全真
甘肃省,临夏回族自治州,永靖县,103.591049,35.998425,抱龙山道观,全真
甘肃省,临夏回族自治州,永靖县,103.591049,35.998425,松树岘道观,全真
甘肃省,临夏回族自治州,永靖县,103.354668,36.102432,王母宫,全真
甘肃省,临夏回族自治州,永靖县,103.222397,35.872532,胥刘海家塬庙,全真
甘肃省,临夏回族自治州,永靖县,103.321404,35.942261,西北大成殿,全真
甘肃省,临夏回族自治州,永靖县,103.296799,35.961914,财神殿,全真
甘肃省,临夏回族自治州,永靖县,103.307808,36.077423,金花观,全真
甘肃省,临夏回族自治州,永靖县,103.329567,36.105061,陈家花果观,全真
甘肃省,临夏回族自治州,永靖县,103.294151,36.099361,黑台花果观,全真
甘肃省,临夏回族自治州,永靖县,103.346321,35.925781,龙汇观,全真
甘肃省,陇南市,成县,105.757263,33.734921,成县城关泰山庙道观,全真
甘肃省,陇南市,成县,105.744011,33.732769,成县城关金石殿道观,全真
甘肃省,陇南市,成县,105.904793,33.74229,成县红川甸山道观,全真
甘肃省,陇南市,成县,105.703728,33.689739,成县鸡峰山地母宫道观,全真
甘肃省,陇南市,成县,105.703728,33.689739,成县鸡峰山灵官殿道观,全真
甘肃省,陇南市,成县,105.703728,33.689739,成县鸡峰山瑶池宫道观,全真
甘肃省,陇南市,成县,105.703728,33.689739,成县鸡峰山老君殿道观,全真
甘肃省,陇南市,成县,105.703728,33.689739,成县鸡峰山药王宫道观,全真
甘肃省,陇南市,成县,105.703728,33.689739,成县鸡峰山龙洞道观,全真
甘肃省,陇南市,宕昌县,104.388382,34.038502,宕昌县城关泰山庙,全真
甘肃省,陇南市,徽县,106.227722,33.732639,嘉陵镇火焰山庙,全真
甘肃省,陇南市,徽县,106.172829,33.699951,徽县嘉陵镇铁山庙,全真
甘肃省,陇南市,徽县,106.112633,33.912724,柳林镇青阳山庙,全真
甘肃省,陇南市,徽县,106.102242,33.733833,水阳乡泰山庙,全真
甘肃省,陇南市,徽县,106.027924,33.79673,银杏乡祁连山庙,全真
甘肃省,陇南市,徽县,105.95002,34.095493,高桥乡青龙观庙,全真
甘肃省,陇南市,康县,105.580338,33.477627,东岳山道观,全真
甘肃省,陇南市,康县,105.650383,33.466743,庙花山道观,全真
甘肃省,陇南市,礼县,105.076027,33.878761,礼县大香山观,全真
甘肃省,陇南市,礼县,105.394852,34.23024,礼县祁山武侯祠,全真
甘肃省,陇南市,礼县,105.217438,34.138752,礼县翠峰观,全真
甘肃省,陇南市,礼县,105.216873,34.197063,礼县长生观,全真
甘肃省,陇南市,两当县,106.233414,33.76638,两当县兴隆山关帝庙,全真
甘肃省,陇南市,两当县,106.417801,33.965679,两当县左家泰山庙,全真
甘肃省,陇南市,两当县,106.42392,33.929779,两当县张果老登真洞,全真
甘肃省,陇南市,武都区,105.163673,33.298782,武都区三河清平观,全真
甘肃省,陇南市,武都区,104.806892,33.428329,武都区两水后村祖师殿,全真
甘肃省,陇南市,武都区,104.819511,33.422832,武都区两水泰山宫,全真
甘肃省,陇南市,武都区,104.915573,33.415333,武都区五凤山一天门,全真
甘肃省,陇南市,武都区,104.931313,33.440601,武都区五凤山三天门,全真
甘肃省,陇南市,武都区,104.915573,33.415333,武都区五凤山二天门,全真
甘肃省,陇南市,武都区,104.915573,33.415333,武都区五凤山净身殿,全真
甘肃省,陇南市,武都区,104.915573,33.415333,武都区五凤山凤柏殿,全真
甘肃省,陇南市,武都区,104.915573,33.415333,武都区五凤山平顶观,全真
甘肃省,陇南市,武都区,104.915573,33.415333,武都区五凤山新殿子,全真
甘肃省,陇南市,武都区,104.931313,33.440601,武都区五凤山真武观,全真
甘肃省,陇南市,武都区,104.889214,33.398724,武都区桑家湾祖师殿,全真
甘肃省,陇南市,武都区,105.012672,33.343063,武都区汉王祖师殿,全真
甘肃省,陇南市,武都区,105.020424,33.327374,武都区汉王镇终南山道观,全真
甘肃省,陇南市,武都区,104.753983,33.458702,武都区石门三官殿,全真
甘肃省,陇南市,武都区,105.075089,33.411842,武都区龙凤乡祖师殿,全真
甘肃省,陇南市,西和县,105.303375,33.997047,西和县岷郡山萨祖殿,全真
甘肃省,陇南市,西和县,105.304398,34.01685,西和县朝阳观,全真
甘肃省,平凉市,华亭县,106.648003,35.216293,华亭县东华镇药王洞,全真
甘肃省,平凉市,华亭县,106.799309,35.222652,华亭县安口镇娘娘庙,正一
甘肃省,平凉市,华亭县,106.614464,35.304771,华亭县策底镇蛟龙寺,正一
甘肃省,平凉市,泾川县,107.349777,35.331272,泾川县王母宫道教活动场所,全真
甘肃省,平凉市,静宁县,105.726097,35.522022,静宁县西关城隍庙,正一
甘肃省,平凉市,崆峒区,106.622971,35.547203,崆峒镇太统山道观,正一
甘肃省,平凉市,崆峒区,106.579514,35.551559,崆峒镇崆峒山道教宫观,全真
甘肃省,平凉市,崆峒区,106.599068,35.562603,崆峒镇龙隐寺道观,全真
甘肃省,平凉市,崆峒区,106.759613,35.505482,平凉工业园区东岳庙道观,全真
甘肃省,平凉市,崆峒区,106.847801,35.47826,平凉工业园区四十里铺镇清福山道观,全真
甘肃省,平凉市,崆峒区,106.965813,35.439121,白水镇祖师庙道观,全真
甘肃省,平凉市,灵台县,107.416542,35.15963,太白庙,正一
甘肃省,平凉市,灵台县,107.62126,35.06541,经龙寺,正一
甘肃省,平凉市,庄浪县,106.041183,35.197762,庄浪县紫荆山,全真
甘肃省,庆阳市,环县,107.08757,36.611702,环县聚仙观,全真
甘肃省,庆阳市,庆城县,107.899338,36.005901,庆城县天庆观,全真
甘肃省,庆阳市,西峰区,107.70594,35.63715,西峰区贞五观,全真
甘肃省,天水市,甘谷县,105.333199,35.026752,神蜂寺,全真
甘肃省,天水市,甘谷县,105.236717,34.676502,尖山寺,全真
甘肃省,天水市,甘谷县,105.337204,34.73666,东岳宫,全真
甘肃省,天水市,甘谷县,105.218674,34.881241,中岳寺,全真
甘肃省,天水市,甘谷县,105.35202,34.977852,九龙观,全真
甘肃省,天水市,甘谷县,105.195648,34.686951,启龙山,全真
甘肃省,天水市,甘谷县,105.228676,34.755554,圣母宫,全真
甘肃省,天水市,甘谷县,105.244354,34.690292,天齐宫,全真
甘肃省,天水市,甘谷县,105.236717,34.676502,天齐宫,全真
甘肃省,天水市,甘谷县,105.134453,34.852093,太坪山东岔泰山庙,全真
甘肃省,天水市,甘谷县,105.276474,34.882801,山华峒山,全真
甘肃省,天水市,甘谷县,105.457382,34.845821,梅林观,全真
甘肃省,天水市,甘谷县,105.153374,34.716572,沐浴山元君庙,全真
甘肃省,天水市,甘谷县,105.053787,34.878342,泰山庙,全真
甘肃省,天水市,甘谷县,105.228088,34.68372,玄龙山,全真
甘肃省,天水市,甘谷县,105.43177,34.739822,玉兰宫,全真
甘肃省,天水市,甘谷县,105.447472,34.81493,白衣寺,全真
甘肃省,天水市,甘谷县,105.06543,34.784351,磐龙山永福宫,全真
甘肃省,天水市,甘谷县,105.303627,34.80677,福庆宫,全真
甘肃省,天水市,甘谷县,105.271339,34.85696,菜园寺,全真
甘肃省,天水市,甘谷县,105.157753,34.764854,见龙山,全真
甘肃省,天水市,甘谷县,105.425591,34.72913,觉皇寺,全真
甘肃省,天水市,甘谷县,105.089684,34.908703,道德观,全真
甘肃省,天水市,甘谷县,105.414261,34.731827,青龙寺,全真
甘肃省,天水市,甘谷县,105.337868,34.7738,青龙观,全真
甘肃省,天水市,甘谷县,105.408394,34.755001,顺金寺,全真
甘肃省,天水市,甘谷县,105.276993,34.883881,香台山,全真
甘肃省,天水市,麦积区,106.345398,34.514992,柏林观,全真
甘肃省,天水市,麦积区,106.097923,34.459984,五阳观,全真
甘肃省,天水市,麦积区,106.405685,34.516041,五龙山,全真
甘肃省,天水市,麦积区,105.90596,34.429581,净乐宫,全真
甘肃省,天水市,麦积区,105.784885,34.574503,南武观,全真
甘肃省,天水市,麦积区,106.407043,34.513824,城隍庙,全真
甘肃省,天水市,麦积区,105.938599,34.450581,娘娘庙,全真
甘肃省,天水市,麦积区,105.825371,34.564442,玉皇观,全真
甘肃省,天水市,麦积区,105.744568,34.651672,真武观,全真
甘肃省,天水市,麦积区,106.623154,34.345699,观音山,全真
甘肃省,天水市,麦积区,106.565353,34.44791,金龙山,全真
甘肃省,天水市,麦积区,105.520752,34.686852,泰山庙,全真
甘肃省,天水市,麦积区,105.887413,34.47681,泰山庙,全真
甘肃省,天水市,麦积区,105.703384,34.575092,杏林观,全真
甘肃省,天水市,秦城区,105.71357,34.582684,玉泉观,全真
甘肃省,天水市,秦城区,105.41993,34.518421,云台观,全真
甘肃省,天水市,秦城区,105.599709,34.561882,佛崆桥,全真
甘肃省,天水市,秦城区,105.580734,34.226471,威堡观,全真
甘肃省,天水市,秦城区,105.580734,34.226471,娘娘庙,全真
甘肃省,天水市,秦城区,105.521568,34.413231,宝峰山,全真
甘肃省,天水市,秦城区,105.721718,34.590393,泰山庙,全真
甘肃省,天水市,秦城区,105.566269,34.563992,玉香观,全真
甘肃省,天水市,秦城区,105.685173,34.558174,老君庙,全真
甘肃省,天水市,秦城区,105.728241,34.587299,香山观,全真
甘肃省,天水市,清水县,106.360863,34.688683,石洞山,全真
甘肃省,天水市,清水县,106.17466,34.585583,花石崖,全真
甘肃省,天水市,清水县,106.177109,34.847351,九台山,全真
甘肃省,天水市,清水县,106.135353,34.75573,吕阳寺,全真
甘肃省,天水市,清水县,106.057251,34.931042,四龙堡,全真
甘肃省,天水市,清水县,106.135239,34.750523,城隍庙,全真
甘肃省,天水市,清水县,106.007034,34.731361,太白庙,全真
甘肃省,天水市,清水县,106.076202,34.759109,庞公庵,全真
甘肃省,天水市,清水县,106.057549,34.930981,杏林堡,全真
甘肃省,天水市,清水县,106.145653,34.650772,武当山,全真
甘肃省,天水市,清水县,106.141052,34.750244,泰山庙,全真
甘肃省,天水市,清水县,106.313904,34.692413,清平观,全真
甘肃省,天水市,清水县,106.14061,34.748962,红崖观,全真
甘肃省,天水市,清水县,106.274223,34.86937,葡萄寺,全真
甘肃省,天水市,武山县,104.695778,34.679813,木梯寺道观,全真
甘肃省,天水市,武山县,104.921638,34.917442,水帘洞道观,全真
甘肃省,天水市,武山县,104.904572,34.701572,老君山道观,全真
甘肃省,天水市,张家川回族自治县,106.05442,35.01012,二郎庙,全真
甘肃省,武威市,古浪县,103.681587,37.489674,古浪县昌灵山宫观,全真
甘肃省,武威市,古浪县,102.8881,37.456642,古浪县龙泉观,全真
甘肃省,武威市,凉州区,102.611458,37.851501,凉州区左二河北极宫,全真
甘肃省,武威市,凉州区,102.566521,37.867424,凉州区老爷山道观,全真
甘肃省,武威市,凉州区,102.486343,37.932751,凉州区莲花山道观,全真
甘肃省,武威市,凉州区,102.658958,37.521511,凉州区观音山道观,全真
甘肃省,武威市,凉州区,102.636124,37.944897,凉州区雷台观,全真
甘肃省,武威市,民勤县,103.10537,38.568851,民勤县苏武庙,全真
甘肃省,张掖市,甘州区,100.47801,38.92967,北武当,全真
甘肃省,张掖市,甘州区,100.360901,39.119633,玉皇宫,全真
甘肃省,张掖市,甘州区,100.681824,38.89045,老寺庙,全真
甘肃省,张掖市,甘州区,100.460602,38.939522,道巷庙,全真
甘肃省,张掖市,民乐县,100.724915,38.646614,民乐六坝北极宫,全真
甘肃省,张掖市,山丹县,101.222023,38.445621,山丹玉皇观,全真
广东省,东莞市,,113.87769,23.071705,东岳宫,全真
广东省,东莞市,,113.842178,22.900042,东莞市大岭山马山庙,全真
广东省,东莞市,,113.861359,23.097794,东莞市新田岗玉皇观,全真
广东省,东莞市,,113.644722,22.921953,东莞市海月岩古庙,全真
广东省,东莞市,,113.738426,23.044441,东莞市纯阳古观,全真
广东省,东莞市,,113.662178,22.849272,郭都真人古观,全真
广东省,佛山市,顺德区,113.207588,22.809584,沙富道观,全真
广东省,广州市,白云区,113.256844,23.223579,北帝庙,全真
广东省,广州市,海珠区,113.293526,23.085114,纯阳观,全真
广东省,广州市,荔湾区,113.23015,23.09495,黄大仙祠,全真
广东省,广州市,荔湾区,113.24428,23.12586,仁威祖庙,全真
广东省,广州市,越秀区,113.2631,23.13449,三元宫,全真
广东省,广州市,越秀区,113.270981,23.126007,都城隍庙,全真
广东省,广州市,增城区,113.832512,23.378941,何仙姑庙,全真
广东省,河源市,东源县,114.768768,23.822432,仙塘大帝宫,全真
广东省,河源市,东源县,115.20179,23.900433,叶潭五显宫,全真
广东省,河源市,东源县,115.286629,23.807541,崖婆石张公庙,全真
广东省,河源市,东源县,114.865158,24.059763,骆湖水口神公庙,全真
广东省,河源市,东源县,114.716278,23.947861,黄村天崇观,全真
广东省,河源市,东源县,115.241737,23.822231,黄村灵应宫,全真
广东省,河源市,东源县,115.273247,23.829182,黄村龙兴庙,全真
广东省,河源市,和平县,115.053978,24.650631,下车紫微宫,全真
广东省,河源市,和平县,114.936264,24.463537,北楼关帝庙,全真
广东省,河源市,和平县,115.081802,24.280462,林寨天后宫,全真
广东省,河源市,和平县,114.920448,24.368063,高溪庙,正一
广东省,河源市,连平县,114.501297,24.337091,乌仙宫,全真
广东省,河源市,连平县,114.49411,24.350412,天后宫,全真
广东省,河源市,龙川县,115.190521,24.05653,佗城城隍庙,全真
广东省,河源市,龙川县,115.54081,24.202341,石坑华公庙,全真
广东省,河源市,源城区,114.626045,23.571848,河源市源城区埔前关帝庙,全真
广东省,河源市,源城区,114.680779,23.715622,河源市源城区天后宫,全真
广东省,河源市,源城区,114.592468,23.5683,源城区东江和福礤七圣宫,全真
广东省,河源市,紫金县,114.867508,23.403681,三圣宫,全真
广东省,河源市,紫金县,115.181793,23.639221,东嶽宫,全真
广东省,河源市,紫金县,115.064209,23.49254,九和天后宫,全真
广东省,河源市,紫金县,115.251213,23.651684,书田天后宫,全真
广东省,河源市,紫金县,114.930923,23.415239,古竹北帝庙,全真
广东省,河源市,紫金县,115.193863,23.63175,天崇道观,全真
广东省,河源市,紫金县,115.239052,23.573023,天师观,全真
广东省,河源市,紫金县,115.346939,23.450951,慎田北帝宫,全真
广东省,河源市,紫金县,115.17939,23.636101,紫金观,全真
广东省,河源市,紫金县,115.181793,23.639221,金山北帝宫,全真
广东省,惠州市,博罗县,114.390083,23.539892,博罗县公庄镇天后宫,全真
广东省,惠州市,博罗县,114.49929,23.458311,博罗县杨桥镇高凹天后宫,全真
广东省,惠州市,博罗县,114.368614,23.394871,博罗县柏塘镇协天宫,全真
广东省,惠州市,博罗县,114.48024,23.320271,博罗县泰美镇三宫古观,全真
广东省,惠州市,博罗县,114.510658,23.304651,博罗县泰美镇车村姚夫人庙,全真
广东省,惠州市,博罗县,114.57811,23.530243,博罗县石坝圣母宫,全真
广东省,惠州市,博罗县,114.648705,23.542725,博罗县石坝镇蓝田天后宫,全真
广东省,惠州市,博罗县,114.034447,23.264149,博罗县罗浮山九天观,全真
广东省,惠州市,博罗县,114.034447,23.264149,博罗县罗浮山何仙观,全真
广东省,惠州市,博罗县,114.034447,23.264149,博罗县罗浮山茶山观,全真
广东省,惠州市,博罗县,114.034447,23.264149,博罗县罗浮山西华道院,全真
广东省,惠州市,博罗县,114.080948,23.272495,博罗县罗浮山酥醪观,全真
广东省,惠州市,博罗县,114.034447,23.264149,博罗县罗浮山黄龙古观,全真
广东省,惠州市,博罗县,114.034447,23.264149,博罗县罗浮山黄龙宫,全真
广东省,惠州市,博罗县,114.287842,23.163561,博罗县罗阳镇东岳宫,全真
广东省,惠州市,博罗县,114.287842,23.163561,博罗县罗阳镇华光庙,全真
广东省,惠州市,博罗县,114.598801,23.40213,博罗县观音阁镇观音庙,全真
广东省,惠州市,博罗县,114.10276,23.188082,博罗县龙华镇陈孝女祠,全真
广东省,惠州市,博罗县,114.124313,23.127241,博罗县龙溪镇协天宫,全真
广东省,惠州市,博罗县,114.034447,23.264149,广东省罗浮山冲虚古观,全真
广东省,惠州市,博罗县,114.523643,23.509222,麻陂镇曲潭协天宫,全真
广东省,惠州市,惠城区,114.399483,23.098478,惠州市惠城区元妙古观,全真
广东省,惠州市,惠城区,114.588013,23.176022,惠州市惠城区汝湖镇仍图真君宫,全真
广东省,惠州市,惠城区,114.45871,23.177271,惠州市惠城区汝湖镇玄天北帝庙,全真
广东省,惠州市,惠东县,114.923668,22.800388,惠东县吉隆镇南天观,正一
广东省,惠州市,惠东县,114.950287,23.027891,惠东县多祝镇天后宫,正一
广东省,惠州市,惠东县,114.705383,23.032591,惠东县大岭镇社岗祖庙,正一
广东省,惠州市,惠东县,114.76339,22.693375,惠东县巽寮天后宫,正一
广东省,惠州市,惠东县,114.712158,22.981701,惠东县平山三王宫,正一
广东省,惠州市,惠东县,114.779007,22.975294,惠东县平山龙峰祖庙,正一
广东省,惠州市,惠东县,114.872627,22.617392,惠东县平海镇龙山观,正一
广东省,惠州市,惠东县,114.680923,23.110798,惠东县梁化镇东岳庙,正一
广东省,惠州市,惠东县,114.689781,23.089611,惠东县梁化镇城隍庙,正一
广东省,惠州市,惠东县,114.819557,22.81036,惠东县稔山镇谭公观,正一
广东省,惠州市,惠东县,114.9589,22.692095,惠东县黄埠镇盐洲海口妈祖庙,正一
广东省,惠州市,惠东县,114.992348,22.755901,惠东县黄埠镇群英竹高岭三山国王天德宫,正一
广东省,惠州市,惠阳区,114.44313,22.779881,惠阳区淡水镇三太子庙,全真
广东省,惠州市,龙门县,113.936554,23.532675,广东省惠州市龙门县永汉何仙姑庙,正一
广东省,江门市,开平市,112.680946,22.408051,开平市梁金道院,全真
广东省,江门市,台山市,112.855049,22.048603,台山市斗山浮石北极殿,正一
广东省,江门市,新会区,113.01359,22.52699,广东省江门市新会紫云观,全真
广东省,揭阳市,惠来县,116.226738,22.985382,北极古庙,全真
广东省,揭阳市,惠来县,116.287041,23.02944,三清阁,全真
广东省,揭阳市,惠来县,116.350861,22.951509,东仙观,全真
广东省,揭阳市,惠来县,116.29734,23.032887,太华宫,全真
广东省,揭阳市,惠来县,116.354469,22.939993,清山岩,全真
广东省,揭阳市,惠来县,116.331947,22.987312,玉皇宫,全真
广东省,揭阳市,惠来县,116.333641,22.952002,进德观,全真
广东省,揭阳市,惠来县,116.29158,23.03548,龙藏洞赤松观,全真
广东省,揭阳市,揭东区,116.330589,23.599752,玉清宫,全真
广东省,揭阳市,普宁市,115.96479,23.16227,七星洞,全真
广东省,揭阳市,普宁市,116.164421,23.301521,三王古庙,正一
广东省,揭阳市,普宁市,116.26133,23.247452,善德观,正一
广东省,揭阳市,普宁市,116.292038,23.260202,明善观,全真
广东省,揭阳市,普宁市,116.195778,23.301783,秀龙古观,正一
广东省,揭阳市,普宁市,116.172752,23.27252,紫云洞,全真
广东省,揭阳市,榕城区,116.417908,23.557522,天道观,全真
广东省,揭阳市,榕城区,116.357895,23.5404,揭阳市区北极古庙,全真
广东省,揭阳市,榕城区,116.36692,23.52486,揭阳市区道教娘宫观,全真
广东省,揭阳市,榕城区,116.346504,23.488693,揭阳市华阳观,全真
广东省,揭阳市,榕城区,116.350891,23.519033,揭阳市榕城区道教通玄观,全真
广东省,揭阳市,榕城区,116.436554,23.517832,揭阳空港经济区道教清修阁,全真
广东省,茂名市,电白区,110.986214,21.632702,三尊庙,正一
广东省,茂名市,电白区,111.21917,21.53429,仙姑庙,正一
广东省,茂名市,电白区,110.963249,21.708441,圣仙庙,正一
广东省,茂名市,电白区,111.028511,21.54434,大王古宫,正一
广东省,茂名市,电白区,111.10733,21.626532,大衙福德庙,全真
广东省,茂名市,电白区,111.096184,21.633142,天地庙,正一
广东省,茂名市,电白区,110.981895,21.654613,文武帝宫,正一
广东省,茂名市,电白区,111.013039,21.441511,晏镜古庙,正一
广东省,茂名市,电白区,110.936302,21.495193,水福庙,正一
广东省,茂名市,电白区,111.223099,21.521172,登楼天后宫,全真
广东省,茂名市,电白区,111.102127,21.490501,白庙,正一
广东省,茂名市,电白区,111.100967,21.522051,盛宁庙,正一
广东省,茂名市,电白区,110.992531,21.52713,真人古庙,正一
广东省,茂名市,电白区,110.895111,21.493923,福普庙,正一
广东省,茂名市,电白区,111.006065,21.506191,陈罗古庙,正一
广东省,茂名市,电白区,110.977959,21.572329,雨公山道院,正一
广东省,茂名市,高州市,111.048782,21.79776,三仙庙,全真
广东省,茂名市,高州市,110.772842,21.822582,大王庙,全真
广东省,茂名市,高州市,110.70713,21.739712,宫皇庙,全真
广东省,茂名市,高州市,111.175293,21.995094,平云古庙,全真
广东省,茂名市,高州市,110.845474,21.910473,潘仙观,全真
广东省,茂名市,高州市,110.694763,22.270302,玉皇庙,全真
广东省,茂名市,高州市,110.892143,22.041271,竹坑文武庙,全真
广东省,茂名市,高州市,111.271065,22.057972,飞龙山大庙,全真
广东省,茂名市,化州市,110.628708,21.661345,七仙宫,正一
广东省,茂名市,化州市,110.42131,22.025122,东岳楼,正一
广东省,茂名市,化州市,110.644417,21.653011,东庆堂,正一
广东省,茂名市,化州市,110.628708,21.661345,北府宫,正一
广东省,茂名市,化州市,110.718727,21.729132,南盛大庙,正一
广东省,茂名市,化州市,110.517853,21.933491,合江福田庙,正一
广东省,茂名市,化州市,110.570587,21.933142,天帝庙,正一
广东省,茂名市,化州市,110.416718,22.103611,文楼坡大庙,正一
广东省,茂名市,化州市,110.42131,22.025122,武帝庙,正一
广东省,茂名市,茂南区,110.841034,21.74621,三帝宫,正一
广东省,茂名市,茂南区,110.932266,21.618719,三帝庙,正一
广东省,茂名市,茂南区,110.8759,21.64711,合水社大庙,正一
广东省,茂名市,茂南区,110.821968,21.697981,四帝古庙,正一
广东省,茂名市,茂南区,110.869949,21.702887,文武帝侯王庙,正一
广东省,茂名市,茂南区,110.856529,21.637272,罗冼庙,正一
广东省,茂名市,茂南区,110.909729,21.634541,龙岭玉皇庙,正一
广东省,茂名市,信宜市,110.93557,22.388702,信宜市大仁山八仙观,全真
广东省,茂名市,信宜市,110.932579,22.356232,信宜市新里龙泉庙,正一
广东省,茂名市,信宜市,110.997734,22.438362,怀乡大威关帝庙,正一
广东省,茂名市,信宜市,111.05127,22.477072,怀乡太保庙,正一
广东省,茂名市,信宜市,111.005333,22.47686,怀乡扶禄盘古观,全真
广东省,茂名市,信宜市,111.112061,22.30076,文昌宫,全真
广东省,茂名市,信宜市,110.951584,22.300491,横岗山庙,正一
广东省,茂名市,信宜市,110.711838,22.458,武帝庙,正一
广东省,茂名市,信宜市,110.970657,22.38121,白坡文昌庙,正一
广东省,梅州市,大埔县,116.710762,24.334427,广福宫,全真
广东省,梅州市,大埔县,116.693428,24.318762,玉帝宫,全真
广东省,梅州市,平远县,115.903809,24.809771,天后宫,正一
广东省,梅州市,平远县,115.888382,24.809893,真武庙,正一
广东省,梅州市,五华县,115.632263,23.657782,五显庙,正一
广东省,梅州市,五华县,115.762413,23.922531,公王宫,正一
广东省,梅州市,五华县,115.625854,24.062983,城隍庙,正一
广东省,梅州市,五华县,115.625854,24.062983,太清宫,正一
广东省,梅州市,五华县,115.614555,23.640577,王爷宫,正一
广东省,梅州市,五华县,115.672897,23.714872,王老仙师宫,正一
广东省,梅州市,五华县,115.702835,23.993082,石古太王宫,正一
广东省,梅州市,兴宁市,115.602272,24.37664,七星宫,正一
广东省,梅州市,兴宁市,115.748283,24.111073,三清宫,正一
广东省,梅州市,兴宁市,115.716728,24.223202,五显宫,正一
广东省,梅州市,兴宁市,115.665611,24.192461,关帝庙,正一
广东省,梅州市,兴宁市,115.773903,24.467552,古坑宫,正一
广东省,梅州市,兴宁市,115.971252,23.971102,圣帝宫,正一
广东省,梅州市,兴宁市,115.712753,24.153578,圣母宫,正一
广东省,梅州市,兴宁市,115.744049,24.412203,王母宫,正一
广东省,梅州市,兴宁市,115.684654,24.42082,白鹤观,正一
广东省,梅州市,兴宁市,115.718559,24.11355,石古大王宫,正一
广东省,清远市,连州市,112.396599,24.912231,连州市清虚观,正一
广东省,清远市,清城区,113.071632,23.59815,清远市清城区龙塘北帝古庙,正一
广东省,清远市,清城区,113.06269,23.69795,清远市金芝观,正一
广东省,清远市,清新县,112.992493,23.74201,清远市清新区太和古洞桃源仙观,全真
广东省,清远市,清新县,112.954887,23.731632,清远市清新区明霞古洞明霞仙观,全真
广东省,清远市,清新县,113.035667,23.769541,清远市紫云道观,正一
广东省,清远市,英德市,113.300079,24.015051,英德市江口咀庙,正一
广东省,清远市,英德市,113.362617,24.194601,英德市英城西庙,正一
广东省,清远市,英德市,112.946838,24.34321,英德市金山祖庙,正一
广东省,汕头市,潮阳区,116.492104,23.394451,永觉古观,全真
广东省,汕头市,潮阳区,116.527603,23.350512,海棠古观,全真
广东省,汕头市,潮阳区,116.59993,23.272511,玉龙宫,全真
广东省,汕头市,金平区,116.68989,23.37875,地母娘娘宫,全真
广东省,汕头市,金平区,116.694748,23.364185,坤德观,全真
广东省,汕头市,龙湖区,116.729767,23.35981,随缘居,全真
广东省,汕尾市,城区,115.454117,22.71681,汕尾市城区云山观,正一
广东省,汕尾市,城区,115.365944,22.772102,汕尾市城区修善堂,全真
广东省,汕尾市,海丰县,115.444809,23.010313,海丰县凤翔观,全真
广东省,汕尾市,海丰县,115.395485,23.05755,海丰县玉虚宫,全真
广东省,汕尾市,海丰县,115.262177,23.040098,海丰县玉蟾宫,全真
广东省,汕尾市,陆丰市,115.587944,22.926931,浑成观,全真
广东省,汕尾市,陆丰市,115.913399,22.90954,丰湖观,全真
广东省,汕尾市,陆丰市,116.057327,22.885191,乐善观,全真
广东省,汕尾市,陆丰市,115.5914,22.947531,慈云观,全真
广东省,汕尾市,陆丰市,116.061333,22.87936,玉清宫,全真
广东省,汕尾市,陆丰市,115.690102,22.960463,紫华观,全真
广东省,汕尾市,陆丰市,115.606712,22.95384,紫竹观,全真
广东省,汕尾市,陆丰市,115.913399,22.90954,莲峰古庙,全真
广东省,汕尾市,陆丰市,115.640182,22.941462,观生观,全真
广东省,汕尾市,陆丰市,115.721039,22.897224,通玄观,全真
广东省,汕尾市,陆丰市,116.07254,22.90797,金龟祖庙,全真
广东省,韶关市,南雄市,114.343788,25.317442,南雄洞真古观,正一
广东省,韶关市,仁化县,113.738686,25.024252,韶关仙居岩古观,全真
广东省,韶关市,始兴县,114.062439,24.960711,广东省始兴县丹凤山道教玄妙观,全真
广东省,韶关市,浈江区,113.61095,24.80446,韶关太傅庙,全真
广东省,湛江市,廉江市,110.031372,21.524593,纯阳宫,正一
广东省,湛江市,坡头区,110.45015,21.199963,侯王庙,全真
广东省,湛江市,吴川市,110.766289,21.43792,三圣道观,正一
广东省,湛江市,吴川市,110.730331,21.527201,圣贤宫,正一
广东省,湛江市,吴川市,110.702591,21.430241,应善堂,正一
广东省,肇庆市,德庆县,112.084961,23.207022,北帝观,正一
广东省,肇庆市,端州区,112.48461,23.05196,白沙龙母庙,正一
广东省,肇庆市,广宁县,112.393791,23.590502,紫竹观,正一
广东省,中山市,,113.384936,22.595562,中山市道教港口天后宫,全真
广西壮族自治区,贵港市,桂平市,110.180283,23.195763,桂平市白石山三清观,正一
广西壮族自治区,贵港市,桂平市,109.929131,23.2017,桂平市罗丛岩古雅道观,正一
广西壮族自治区,贵港市,覃塘区,109.325478,23.30191,贵港市覃塘区樟木乡北帝庙道教活动点,正一
广西壮族自治区,桂林市,叠彩区,110.375198,25.311092,桂林市白云观,全真
广西壮族自治区,柳州市,鱼峰区,109.420662,24.305231,柳州市南评宫,全真
广西壮族自治区,钦州市,灵山县,109.315712,22.309103,六峰山北帝庙,正一
广西壮族自治区,钦州市,钦北区,108.45369,22.125992,钦州市钦北区大寺北帝庙道教活动场所,正一
广西壮族自治区,钦州市,钦南区,108.515388,21.888432,钦州市钦南区康熙岭伏波庙,正一
贵州省,毕节市,七星关区,104.986259,27.189444,周驿玉皇阁,正一
贵州省,贵阳市,花溪区,106.688416,26.333208,万寿宫,全真
贵州省,贵阳市,南明区,106.734323,26.578745,仙人洞道观,全真
贵州省,贵阳市,乌当区,106.816307,26.640261,协天宫,全真
贵州省,六盘水市,盘县,104.730827,26.032923,普古道教活动点,正一
贵州省,黔东南苗族侗族自治州,施秉县,108.120621,27.109983,云台山道院,全真
贵州省,黔东南苗族侗族自治州,镇远县,108.433403,27.049541,青龙洞道观,全真
贵州省,黔南布依族苗族自治州,独山县,107.58075,25.970623,奎文阁道观（部分建筑）,全真
贵州省,黔南布依族苗族自治州,瓮安县,107.561172,27.180546,后岩观,正一
贵州省,铜仁市,碧江区,109.21167,27.71188,城隍庙,正一
贵州省,铜仁市,石阡县,108.204933,27.487341,太虚洞,正一
贵州省,铜仁市,石阡县,108.228119,27.515505,东岳庙,正一
贵州省,铜仁市,石阡县,108.137527,27.474051,梓潼宫,正一
贵州省,铜仁市,松桃苗族自治县,109.20311,28.173086,回澜宫,正一
贵州省,铜仁市,松桃苗族自治县,109.200691,28.163834,大王宫,正一
贵州省,遵义市,赤水市,105.969749,28.711243,玉皇观,正一
贵州省,遵义市,汇川区,106.916763,27.709801,纯阳阁,正一
贵州省,遵义市,仁怀市,106.358994,27.767122,白马宫,全真
贵州省,遵义市,桐梓县,106.729271,28.14781,东嶽庙,正一
贵州省,遵义市,桐梓县,106.827309,28.138073,崇德观,全真
贵州省,遵义市,桐梓县,106.8311,28.099392,永定观,正一
贵州省,遵义市,桐梓县,106.868202,28.544312,祥和观,正一
贵州省,遵义市,桐梓县,106.83854,28.14865,长寿观,正一
贵州省,遵义市,习水县,106.533569,28.44689,尧龙山道观,正一
贵州省,遵义市,正安县,107.43898,28.653372,善村庙,正一
贵州省,遵义市,正安县,107.358185,28.806652,天生桥,正一
贵州省,遵义市,遵义县,106.647728,27.565351,四圣宫,正一
贵州省,遵义市,遵义县,106.552658,27.55727,永定观,正一
海南省,定安县,,110.365616,19.552675,海南玉蟾宫,正一
河北省,保定市,安国市,115.400879,38.410133,圣母行宫,全真
河北省,保定市,安国市,115.926178,39.30912,慧缘圣母庙,全真
河北省,保定市,定兴县,115.623169,39.201443,南旺刘守庙,全真
河北省,保定市,定兴县,115.723549,39.140053,后土皇帝宫,全真
河北省,保定市,定兴县,115.779793,39.280991,后土皇帝庙,全真
河北省,保定市,定兴县,115.837608,39.298943,后土皇帝庙,全真
河北省,保定市,定兴县,115.69503,39.18589,奶奶庙,全真
河北省,保定市,定州市,115.22049,38.520401,姜太公庙,全真
河北省,保定市,阜平县,114.199989,38.834492,洞虚观,全真
河北省,保定市,竞秀区,115.374062,38.94405,龙母宫,全真
河北省,保定市,涞水县,115.714783,39.39299,城隍庙,全真
河北省,保定市,涞水县,115.595459,39.456432,天真观,全真
河北省,保定市,涞水县,115.705009,39.414993,灵佑观,全真
河北省,保定市,涞源县,114.725632,39.168213,云盘洞,全真
河北省,保定市,涞源县,114.69424,39.36018,泰山宫,全真
河北省,保定市,莲池区,115.490753,38.944881,玄通观,正一
河北省,保定市,清苑区,115.429588,38.695774,紫宁宫,全真
河北省,保定市,唐县,114.503487,39.052521,北岳宫,全真
河北省,保定市,唐县,114.839813,38.97366,青虚山道场,全真
河北省,保定市,望都县,115.204468,38.704861,东岳天齐庙,全真
河北省,保定市,徐水区,115.74411,38.905262,东岳天齐庙,全真
河北省,保定市,易县,115.591309,39.364601,卧虎山太阳宫,正一
河北省,保定市,涿州市,115.925728,39.484631,泰宁宫,全真
河北省,保定市,涿州市,115.948433,39.4258,三义宫,全真
河北省,保定市,涿州市,115.971664,39.473263,张飞庙,全真
河北省,沧州市,青县,117.051361,38.610641,青云观,全真
河北省,沧州市,青县,116.918251,38.517044,三清宫,全真
河北省,沧州市,青县,116.841133,38.609261,门龙观,全真
河北省,沧州市,吴桥县,116.498947,37.757431,碧霞祠,全真
河北省,沧州市,运河区,116.84549,38.324699,强家坟慈航宫,全真
河北省,承德市,承德高新技术产业开发区,118.0534,40.82446,关帝庙,全真
河北省,承德市,承德县,118.123138,41.13105,敖龙寺,全真
河北省,承德市,承德县,118.162399,40.760811,三仙洞,全真
河北省,承德市,承德县,117.717743,40.75877,伏灵宫,全真
河北省,承德市,承德县,118.197678,41.078442,元神殿,全真
河北省,承德市,承德县,118.16465,40.684792,双泉观,全真
河北省,承德市,承德县,118.095314,41.013874,朝阳洞,全真
河北省,承德市,丰宁满族自治县,117.20787,41.234303,关帝庙,全真
河北省,承德市,丰宁满族自治县,117.007843,41.065422,肇兴观,全真
河北省,承德市,双滦区,117.807228,40.956577,三仙观,全真
河北省,承德市,双桥区,117.927208,40.904232,双圣庙,全真
河北省,承德市,双桥区,117.80024,40.95913,城隍庙,全真
河北省,承德市,双桥区,117.94348,40.97469,皇家关帝庙,全真
河北省,承德市,双桥区,117.950882,40.958183,魁星楼,全真
河北省,承德市,围场满族蒙古族自治县,117.215714,41.95866,桃山老爷庙,全真
河北省,承德市,围场满族蒙古族自治县,117.791359,41.947182,鼋神庙,全真
河北省,承德市,兴隆县,117.378159,40.422821,青龙庙,全真
河北省,邯郸市,成安县,114.695427,36.439907,城皇庙,全真
河北省,邯郸市,成安县,114.761848,36.386131,太山庙,全真
河北省,邯郸市,成安县,114.66999,36.44414,奶奶庙,全真
河北省,邯郸市,成安县,115.123779,36.275711,奶奶庙,全真
河北省,邯郸市,成安县,114.610374,36.446693,泰山庙,全真
河北省,邯郸市,成安县,114.66999,36.44414,玉皇庙,全真
河北省,邯郸市,成安县,114.695427,36.439907,玉皇阁,全真
河北省,邯郸市,成安县,114.692833,36.438766,迎祥观,全真
河北省,邯郸市,磁县,114.35759,36.41671,吕祖庙,全真
河北省,邯郸市,磁县,114.494377,36.447971,泰山奶奶庙,全真
河北省,邯郸市,磁县,114.391373,36.374573,火神庙,全真
河北省,邯郸市,磁县,114.35759,36.41671,玉皇庙,全真
河北省,邯郸市,磁县,114.384071,36.354946,马王庙,全真
河北省,邯郸市,磁县,114.304222,36.498051,黑龙庙,全真
河北省,邯郸市,丛台区,114.47316,36.613346,城隍庙,正一
河北省,邯郸市,丛台区,114.487419,36.62075,慈航观,正一
河北省,邯郸市,丛台区,114.51255,36.626381,玉皇庙,正一
河北省,邯郸市,丛台区,114.481689,36.623562,玉皇阁,正一
河北省,邯郸市,丛台区,114.13974,36.532673,石公祠,正一
河北省,邯郸市,丛台区,114.496536,36.643936,老爷庙,正一
河北省,邯郸市,丛台区,114.49339,36.61853,黑龙庙,正一
河北省,邯郸市,大名县,115.160629,36.278881,城隍庙,全真
河北省,邯郸市,大名县,115.259148,36.339115,天佑宫,全真
河北省,邯郸市,大名县,115.296768,36.382294,灵颜庙,全真
河北省,邯郸市,大名县,115.207611,36.205532,玉皇庙,全真
河北省,邯郸市,肥乡县,114.833214,36.512882,泰山碧霞寺,正一
河北省,邯郸市,肥乡县,114.907837,36.554161,玉皇观,正一
河北省,邯郸市,峰峰矿区,114.173393,36.417953,土地庙,全真
河北省,邯郸市,峰峰矿区,114.277824,36.512192,天仙庙,全真
河北省,邯郸市,峰峰矿区,114.083679,36.517982,玉皇庙,全真
河北省,邯郸市,峰峰矿区,114.081619,36.513573,白龙庙菩萨庙,全真
河北省,邯郸市,峰峰矿区,114.166077,36.418163,真武观,全真
河北省,邯郸市,峰峰矿区,114.21476,36.481663,西佐村玉皇宫,全真
河北省,邯郸市,峰峰矿区,114.202919,36.413921,黑龙庙,全真
河北省,邯郸市,峰峰矿区,114.214638,36.472282,黑龙庙,全真
河北省,邯郸市,馆陶县,115.290001,36.509041,斗姥宫,正一
河北省,邯郸市,馆陶县,115.227699,36.528873,泰山行宫,正一
河北省,邯郸市,广平县,115.026924,36.539303,城隍庙,全真
河北省,邯郸市,广平县,115.115402,36.587112,玉皇宫,全真
河北省,邯郸市,广平县,115.065369,36.529003,群英白阳宫,全真
河北省,邯郸市,邯郸县,114.532448,36.594772,东小屯玉皇庙,正一
河北省,邯郸市,邯郸县,114.428505,36.536716,玄天上帝庙,正一
河北省,邯郸市,邯郸县,114.614601,36.692623,玉皇庙,正一
河北省,邯郸市,邯郸县,114.622032,36.54459,通真观,正一
河北省,邯郸市,邯山区,114.425987,36.44886,三霄宫,全真
河北省,邯郸市,邯山区,114.405308,36.453851,关帝庙,全真
河北省,邯郸市,邯山区,114.48376,36.6,南坛老祖庙,正一
河北省,邯郸市,鸡泽县,114.80941,36.825062,泰山行宫,正一
河北省,邯郸市,临漳县,114.464012,36.338112,鬼谷观,全真
河北省,邯郸市,曲周县,114.968094,36.84388,圣母宫,全真
河北省,邯郸市,曲周县,115.011993,36.762192,奶奶观,全真
河北省,邯郸市,曲周县,114.899612,36.7066,泰山行宫,全真
河北省,邯郸市,曲周县,115.022102,36.826263,玉皇庙,全真
河北省,邯郸市,涉县,113.844902,36.644371,凤凰顶蓬莱阁,全真
河北省,邯郸市,涉县,113.802658,36.69363,吕祖庙,全真
河北省,邯郸市,涉县,113.676132,36.558922,城隍庙,全真
河北省,邯郸市,魏县,114.935303,36.361801,城隍庙,正一
河北省,邯郸市,魏县,114.990654,36.069675,泰山庙,正一
河北省,邯郸市,魏县,114.935303,36.361801,玉皇庙,正一
河北省,邯郸市,魏县,114.843323,36.20261,鑫阳山,正一
河北省,邯郸市,魏县,114.941109,36.364723,青杨山,正一
河北省,邯郸市,魏县,114.838173,36.253551,龙凤山玉皇庙,正一
河北省,邯郸市,武安市,114.052902,36.522541,吕仙祠,全真
河北省,邯郸市,武安市,114.208374,36.646332,云霄观,全真
河北省,邯郸市,武安市,114.01548,36.79488,玉皇宫,全真
河北省,邯郸市,武安市,114.20376,36.69671,碧霞元君庙,全真
河北省,邯郸市,武安市,114.195442,36.743912,碧霞祠,全真
河北省,邯郸市,武安市,114.106438,36.577232,红山观,全真
河北省,邯郸市,武安市,114.253342,36.714184,财神庙,全真
河北省,邯郸市,武安市,114.146843,36.662014,黑龙书院,全真
河北省,邯郸市,永年县,114.595802,36.780731,三清堂,全真
河北省,邯郸市,永年县,114.796722,36.671749,岱宗观,全真
河北省,邯郸市,永年县,114.652519,36.765373,泰山行宫,全真
河北省,邯郸市,永年县,114.54229,36.78743,泰山行宫,全真
河北省,邯郸市,永年县,114.489304,36.783623,泰山行宫,全真
河北省,邯郸市,永年县,114.561913,36.756432,清都观,全真
河北省,邯郸市,永年县,114.552254,36.827133,清静观,全真
河北省,邯郸市,永年县,114.50943,36.802761,灯山阁,全真
河北省,邯郸市,永年县,114.583061,36.81258,玉皇宫,全真
河北省,邯郸市,永年县,114.52964,36.801121,玉皇宫,全真
河北省,邯郸市,永年县,114.680489,36.759892,玉皇庙,全真
河北省,邯郸市,永年县,114.712509,36.766899,玉皇阁,全真
河北省,衡水市,桃城区,115.52079,37.737114,玉皇宫,正一
河北省,衡水市,武强县,115.795662,37.930912,龙母庙,正一
河北省,廊坊市,霸州市,116.388512,39.141232,道德缘,全真
河北省,廊坊市,大城县,116.596855,38.669785,泰山娘娘行宫,正一
河北省,廊坊市,大城县,116.505844,38.566971,碧霞宫,全真
河北省,廊坊市,固安县,116.373512,39.229,药王观,全真
河北省,廊坊市,三河市,117.159615,40.054321,二郎庙,全真
河北省,廊坊市,文安县,116.377998,38.961349,道缘居三清观,全真
河北省,秦皇岛市,山海关区,119.77606,39.97892,二郎庙,全真
河北省,石家庄市,藁城区,114.777771,37.907303,碧霞宫,全真
河北省,石家庄市,藁城区,114.844498,38.03722,高台庙,全真
河北省,石家庄市,井陉矿区,114.069366,38.038498,抱朴道院,全真
河北省,石家庄市,灵寿县,114.443764,38.306259,三清观,全真
河北省,石家庄市,鹿泉区,114.322777,38.24033,三霄宫,全真
河北省,石家庄市,鹿泉区,114.416847,38.107441,十方院,全真
河北省,石家庄市,鹿泉区,114.268799,38.092701,金阙宫,全真
河北省,石家庄市,栾城县,114.666168,37.932171,北岳庙,全真
河北省,石家庄市,栾城县,114.666252,37.886974,南岳庙,全真
河北省,石家庄市,平山县,114.096352,38.493885,王母观,全真
河北省,石家庄市,平山县,114.1754,38.28833,王母阁,全真
河北省,石家庄市,平山县,113.73037,38.425423,老君堂,全真
河北省,石家庄市,平山县,113.811264,38.253811,青龙观,全真
河北省,石家庄市,桥西区,114.46104,38.00407,关帝庙,全真
河北省,石家庄市,新华区,114.473213,38.112564,关帝庙,全真
河北省,石家庄市,元氏县,114.516052,37.748672,太和宫,全真
河北省,石家庄市,赞皇县,114.117332,37.533436,玉皇庙,全真
河北省,石家庄市,赞皇县,114.424858,37.569031,青龙山道观,全真
河北省,石家庄市,赵县,114.781021,37.837803,人祖庙,全真
河北省,唐山市,丰润区,118.222908,40.004101,天云古观,全真
河北省,唐山市,开平区,118.269169,39.681752,玉清观,全真
河北省,唐山市,迁西县,118.193481,40.196671,碧霞宫,全真
河北省,邢台市,临西县,115.688293,36.864002,晨霞观,全真
河北省,邢台市,隆尧县,114.949371,37.39019,大陆泽三皇庙,全真
河北省,邢台市,隆尧县,114.778503,37.35574,天齐庙,全真
河北省,邢台市,隆尧县,114.879395,37.395813,青白观,全真
河北省,邢台市,南和县,114.781372,37.041973,东岳庙,全真
河北省,邢台市,南和县,114.69384,37.002892,北关真武庙,全真
河北省,邢台市,宁晋县,115.035812,37.479183,天仙观,全真
河北省,邢台市,平乡县,114.95433,37.123882,东岳天齐庙,全真
河北省,邢台市,平乡县,114.961143,37.062088,关帝庙,全真
河北省,邢台市,平乡县,115.041763,37.052254,玉皇宫,全真
河北省,邢台市,平乡县,114.974693,36.992661,真武庙,全真
河北省,邢台市,平乡县,114.982491,37.089283,真武庙,全真
河北省,邢台市,平乡县,114.917183,36.98093,真武庙,全真
河北省,邢台市,平乡县,114.911621,37.034969,碧霞宫,全真
河北省,邢台市,桥东区,114.522644,37.077351,圣母庙,全真
河北省,邢台市,桥东区,114.50425,37.073391,府城隍庙,全真
河北省,邢台市,桥东区,114.501823,37.096443,河伯祠,全真
河北省,邢台市,桥西区,114.4513,37.07462,火神庙（真德观）,全真
河北省,邢台市,清河县,115.595657,37.002922,玉皇观,全真
河北省,邢台市,清河县,115.671013,37.065544,赐福宫,全真
河北省,邢台市,任县,114.81749,37.116932,天齐庙,全真
河北省,邢台市,任县,114.715302,37.206371,武圣祠,全真
河北省,邢台市,任县,114.880112,37.183922,玉皇庙,全真
河北省,邢台市,任县,114.861343,37.107639,真武庙,全真
河北省,邢台市,沙河市,114.488243,36.859932,甄泽观,全真
河北省,邢台市,沙河市,114.610947,36.90995,东岳天齐庙,全真
河北省,邢台市,沙河市,114.541573,36.858459,中汪南海庙,全真
河北省,邢台市,沙河市,114.068031,36.961781,五指灵山,全真
河北省,邢台市,沙河市,114.062492,36.907722,奶奶庙,全真
河北省,邢台市,沙河市,114.209122,36.980499,孔庄圣母宫,全真
河北省,邢台市,沙河市,114.567322,36.947624,泰山圣母神祠,全真
河北省,邢台市,沙河市,114.159554,36.936722,渡口太清宫,全真
河北省,邢台市,沙河市,114.507523,36.854771,玉皇庙,全真
河北省,邢台市,威县,115.350601,36.976959,三官庙,全真
河北省,邢台市,威县,115.263474,36.982639,三清观,全真
河北省,邢台市,威县,115.309364,37.084423,二郎庙,全真
河北省,邢台市,威县,115.232887,36.873802,圣母庙,全真
河北省,邢台市,威县,115.357567,37.024429,玉皇庙,全真
河北省,邢台市,威县,115.289589,36.972084,玉皇阁,全真
河北省,邢台市,邢台县,114.550522,37.092392,合山庙,全真
河北省,邢台市,邢台县,114.401337,37.084301,吕祖纯阳宫,全真
河北省,邢台市,邢台县,114.28437,37.17276,圣母宫,全真
河北省,张家口市,赤城县,115.838013,40.914223,灵霄观,全真
河北省,张家口市,怀来县,115.763535,40.449421,天皇山清泉寺,全真
河北省,张家口市,怀来县,115.758347,40.365429,碧霞祠,全真
河北省,张家口市,怀来县,115.542984,40.2873,老君山道观,全真
河北省,张家口市,涿鹿县,115.1399,40.379791,龙王堂,全真
河北省,张家口市,涿鹿县,115.465454,40.097641,蚩尤祠,全真
河北省,张家口市,涿鹿县,115.1399,40.379791,龙王堂,全真
河南省,安阳市,滑县,114.792061,35.52,卫王殿,全真
河南省,安阳市,滑县,114.419174,35.27906,城隍庙,全真
河南省,安阳市,滑县,114.569679,35.474075,宁真观,全真
河南省,安阳市,滑县,114.531082,35.309181,灵阳宫,全真
河南省,安阳市,滑县,114.565498,35.527302,碧霞宫,全真
河南省,安阳市,滑县,114.490494,35.223801,祖师宫,全真
河南省,安阳市,滑县,114.554924,35.549332,龙虎堤庙,全真
河南省,安阳市,林州市,113.813919,36.075703,五龙庙,全真
河南省,安阳市,林州市,113.86319,35.794662,佛图山道教活动场所,全真
河南省,安阳市,林州市,113.93586,35.993469,北塔山道教场所,全真
河南省,安阳市,林州市,113.831627,36.065022,城隍庙,全真
河南省,安阳市,林州市,113.742264,36.092461,老祖庙,全真
河南省,安阳市,林州市,113.776253,35.934349,藏真观,全真
河南省,安阳市,内黄县,114.916443,35.950562,城隍庙,全真
河南省,安阳市,汤阴县,114.36776,35.914829,城隍庙,全真
河南省,河南省,河南省,113.427399,34.686649,岵山道观,全真
河南省,河南省,河南省,113.410782,34.84547,玉皇庙,全真
河南省,河南省,河南省,113.368629,34.91721,飞龙顶道观,全真
河南省,鹤壁市,浚县,114.38353,35.61438,三清观,全真
河南省,鹤壁市,浚县,114.561501,35.66259,吕祖祠,全真
河南省,鹤壁市,浚县,114.532867,35.718662,桑村庙,全真
河南省,鹤壁市,淇县,114.195602,35.780823,二仙庙,正一
河南省,鹤壁市,淇县,114.116112,35.724113,仙人梯,正一
河南省,鹤壁市,淇县,114.263268,35.56509,天仙庙,正一
河南省,鹤壁市,淇县,114.199997,35.63942,晋庄庙,正一
河南省,鹤壁市,淇县,114.28376,35.604641,玉皇阁,正一
河南省,鹤壁市,淇县,114.099304,35.735092,玉皇顶,正一
河南省,济源市,,112.278893,35.171261,总仙宫,全真
河南省,济源市,,112.133499,35.160923,清虚观,全真
河南省,济源市,,112.644974,34.995304,长春观,正一
河南省,焦作市,解放区,113.218163,35.212566,火神庙,全真
河南省,焦作市,解放区,113.183609,35.254009,真龙峰孙真庙,全真
河南省,焦作市,马村区,113.343132,35.309601,二仙庙,全真
河南省,焦作市,马村区,113.332443,35.324032,娘娘庙,全真
河南省,焦作市,沁阳市,112.818138,35.207859,二仙庙（静应庙）,全真
河南省,焦作市,沁阳市,112.818138,35.207859,清静宫,全真
河南省,焦作市,山阳区,113.267815,35.230392,玉皇庙,全真
河南省,焦作市,山阳区,113.300339,35.274532,药王庙,全真
河南省,焦作市,山阳区,113.265953,35.21822,观音庙,全真
河南省,焦作市,温县,113.175697,34.917767,玉皇庙,全真
河南省,焦作市,武陟县,113.190865,34.992943,二仙庙,全真
河南省,焦作市,武陟县,113.53437,35.045143,东岳庙,全真
河南省,焦作市,武陟县,113.510071,35.040562,杨庄庙宫,全真
河南省,焦作市,武陟县,113.356392,35.085911,西岳庙,全真
河南省,焦作市,修武县,113.378242,35.447132,玄帝宫,全真
河南省,开封市,鼓楼区,114.332779,34.774021,龙王庙,全真
河南省,开封市,金明区,114.240417,34.87236,天地庙,全真
河南省,开封市,金明区,114.303505,34.876244,泰山庙,全真
河南省,开封市,金明区,114.251991,34.878883,老奶庙,全真
河南省,开封市,开封县,114.533333,34.670052,城隍庙,全真
河南省,开封市,开封县,114.490433,34.85429,店泰山庙,全真
河南省,开封市,开封县,114.452026,34.706223,泰山庙,全真
河南省,开封市,开封县,114.264549,34.576874,祖师庙,全真
河南省,开封市,兰考县,114.767731,34.86055,康王庙,全真
河南省,开封市,龙亭区,114.373711,34.800468,无梁庙,全真
河南省,开封市,龙亭区,114.34816,34.78861,救苦庙,全真
河南省,开封市,龙亭区,114.382843,34.884232,泰山庙,全真
河南省,开封市,杞县,114.757851,34.523773,阎王庙,全真
河南省,开封市,顺河回族区,114.412651,34.789642,玉皇庙,全真
河南省,开封市,顺河回族区,114.44313,34.833015,盘石庙,全真
河南省,开封市,通许县,114.531219,34.514702,玉皇庙,全真
河南省,开封市,通许县,114.444672,34.524883,二郎庙,全真
河南省,开封市,通许县,114.531219,34.514702,泰山庙,全真
河南省,开封市,尉氏县,114.111923,34.22094,关帝庙,全真
河南省,开封市,尉氏县,113.98925,34.288223,城隍庙,全真
河南省,开封市,尉氏县,114.290848,34.348473,熊岗庙,全真
河南省,开封市,尉氏县,113.98925,34.288223,靖王庙,全真
河南省,开封市,尉氏县,114.30117,34.36031,龙王庙,全真
河南省,洛阳市,吉利区,112.604759,34.897812,泰山庙,全真
河南省,洛阳市,老城区,112.450638,34.721191,上清宫,全真
河南省,洛阳市,老城区,112.468483,34.695671,下清宫,全真
河南省,洛阳市,老城区,112.477249,34.714931,吕祖庙,全真
河南省,洛阳市,栾川县,111.616142,33.787701,关帝庙,正一
河南省,洛阳市,栾川县,111.317734,33.828724,火神庙,正一
河南省,洛阳市,栾川县,111.342682,33.866055,玉皇庙,正一
河南省,洛阳市,栾川县,111.747971,33.997162,白云观,全真
河南省,洛阳市,栾川县,111.479378,33.902821,白龙王庙,正一
河南省,洛阳市,栾川县,111.437317,34.01944,祖师庙,全真
河南省,洛阳市,栾川县,111.626083,33.778557,老君庙,全真
河南省,洛阳市,栾川县,111.604164,33.806641,长春观,全真
河南省,洛阳市,洛龙区,112.438919,34.589611,泰山庙,正一
河南省,洛阳市,洛宁县,111.379509,34.375092,梅鹿山庙,正一
河南省,洛阳市,孟津县,112.746704,34.800564,白云观,正一
河南省,洛阳市,孟津县,112.624214,34.826252,伏羲庙,全真
河南省,洛阳市,孟津县,112.555351,34.864281,祖始庙,正一
河南省,洛阳市,汝阳县,112.504059,34.067631,广行宫,全真
河南省,洛阳市,汝阳县,112.504059,34.067631,祖师庙,全真
河南省,洛阳市,嵩县,112.220711,34.232491,姜公庙,正一
河南省,洛阳市,嵩县,112.137589,33.718102,玉皇阁,全真
河南省,洛阳市,新安县,112.035263,34.71386,洞真观,全真
河南省,洛阳市,新安县,112.062279,35.001072,通仙观,全真
河南省,洛阳市,新安县,112.026398,34.747902,金斗道观,全真
河南省,洛阳市,偃师市,112.786118,34.61504,泰山庙,全真
河南省,洛阳市,偃师市,112.735733,34.72982,圣仙观,全真
河南省,洛阳市,偃师市,112.726944,34.672722,安阳宫,全真
河南省,洛阳市,偃师市,112.712418,34.635738,火星宫,全真
河南省,洛阳市,偃师市,112.800362,34.658192,玉皇庙,全真
河南省,洛阳市,偃师市,112.804291,34.76926,舜帝庙,全真
河南省,洛阳市,伊滨区,112.65506,34.5854,荡魔观（祖师庙）,全真
河南省,洛阳市,伊川县,112.301613,34.324181,南岳庙,全真
河南省,洛阳市,伊川县,112.409828,34.373482,姜公庙,全真
河南省,洛阳市,伊川县,112.458794,34.514442,姜公庙,全真
河南省,洛阳市,伊川县,112.62925,34.435253,府君庙,全真
河南省,洛阳市,伊川县,112.632133,34.435143,祖师庙,全真
河南省,洛阳市,伊川县,112.318283,34.321621,龙王庙,全真
河南省,洛阳市,宜阳县,111.879723,34.473991,福昌阁,全真
河南省,洛阳市,宜阳县,111.892967,34.318703,岳山庙,全真
河南省,漯河市,郾城区,114.001183,33.586861,城隍庙,正一
河南省,南阳市,方城县,112.997681,33.256702,炼真宫,全真
河南省,南阳市,方城县,112.728241,33.166264,三元宫,全真
河南省,南阳市,方城县,112.7248,33.330963,三贤山道观,全真
河南省,南阳市,方城县,112.707619,33.283192,三贤山金顶,全真
河南省,南阳市,方城县,113.073303,33.323952,兴隆观,全真
河南省,南阳市,方城县,112.885063,33.511742,垛子石道观,全真
河南省,南阳市,方城县,112.998749,33.258274,城隍庙,全真
河南省,南阳市,方城县,112.849571,33.186012,将军庙,全真
河南省,南阳市,方城县,113.150696,33.371998,小顶山道观,全真
河南省,南阳市,方城县,113.241203,33.231804,房山庙,全真
河南省,南阳市,方城县,112.849571,33.186012,火神庙,全真
河南省,南阳市,方城县,113.071503,33.390583,灵山道观,全真
河南省,南阳市,方城县,113.184547,33.408691,玄灵宫,全真
河南省,南阳市,方城县,112.681122,33.2155,秦王庙,全真
河南省,南阳市,方城县,113.051437,33.357929,羊跎山道观,全真
河南省,南阳市,方城县,112.898628,33.352901,老母庙,全真
河南省,南阳市,南召县,112.71666,33.377529,全神庙,全真
河南省,南阳市,南召县,112.659874,33.458183,扁鹊庙,全真
河南省,南阳市,南召县,112.489189,33.421101,祖师庙,全真
河南省,南阳市,南召县,112.286682,33.336189,祖师庙,全真
河南省,南阳市,南召县,112.76004,33.471451,龙凤观,全真
河南省,南阳市,内乡县,111.797241,33.355,凤鸣山祖师宫,正一
河南省,南阳市,内乡县,111.748642,33.015701,土地庙,正一
河南省,南阳市,内乡县,111.888199,32.962944,灵山道观,正一
河南省,南阳市,内乡县,111.999741,33.205982,玉皇庙,正一
河南省,南阳市,内乡县,111.922119,33.215702,祖师宫,正一
河南省,南阳市,内乡县,111.779633,32.929253,老君庙,正一
河南省,南阳市,内乡县,112.001434,33.235222,老母庙,正一
河南省,南阳市,内乡县,111.798851,33.134384,西岳道观,正一
河南省,南阳市,社旗县,112.94793,33.05614,东岳庙,全真
河南省,南阳市,社旗县,113.042938,33.007549,子房庙,正一
河南省,南阳市,社旗县,112.88726,32.854061,常庙,全真
河南省,南阳市,社旗县,112.94793,33.05614,玉皇庙,正一
河南省,南阳市,社旗县,112.94793,33.05614,祖师庙,全真
河南省,南阳市,唐河县,112.708664,32.4403,兴隆观,正一
河南省,南阳市,唐河县,112.720192,32.58152,南渡宫道观,正一
河南省,南阳市,唐河县,112.988838,32.458229,天柱观道观,正一
河南省,南阳市,唐河县,112.846352,32.76683,无事冢道观,正一
河南省,南阳市,唐河县,112.79493,32.743942,玉皇宫,正一
河南省,南阳市,唐河县,112.676453,32.818733,祖师庙,正一
河南省,南阳市,唐河县,112.753304,32.406803,紫玉山道观,全真
河南省,南阳市,唐河县,112.753304,32.406803,蓼阳观,正一
河南省,南阳市,唐河县,112.963684,32.543373,鲁爷庙,正一
河南省,南阳市,桐柏县,113.303116,32.41328,淮渎庙,全真
河南省,南阳市,桐柏县,113.401657,32.575802,盘龙观,全真
河南省,南阳市,桐柏县,113.461548,32.326412,祖师顶道观,全真
河南省,南阳市,宛城区,112.581932,32.746452,火烧庙,正一
河南省,南阳市,宛城区,112.670204,33.012112,李八庙,正一
河南省,南阳市,宛城区,112.564568,32.932262,玉皇庙,正一
河南省,南阳市,卧龙区,112.326706,32.838425,前所宝元宫,全真
河南省,南阳市,卧龙区,112.457779,33.040588,大王庙,全真
河南省,南阳市,卧龙区,112.466309,33.07399,玉皇庙,全真
河南省,南阳市,卧龙区,112.572441,33.13134,白庙道观,全真
河南省,南阳市,卧龙区,112.544373,33.054993,祖师庙,全真
河南省,南阳市,卧龙区,112.499962,32.766109,祖师庙,正一
河南省,南阳市,西峡县,111.259781,33.382362,云彩山道观,全真
河南省,南阳市,西峡县,111.261124,33.645622,六羊山宫观,全真
河南省,南阳市,西峡县,111.621338,33.321514,北大垛祖师庙,全真
河南省,南阳市,西峡县,111.51432,33.293991,卢医庙宫观,全真
河南省,南阳市,西峡县,111.415695,33.350727,堂寺祖师庙,全真
河南省,南阳市,西峡县,111.47244,33.3056,太子宫,全真
河南省,南阳市,西峡县,111.692947,33.183594,祖师宫,全真
河南省,南阳市,西峡县,111.720604,33.635544,祖师庙,全真
河南省,南阳市,西峡县,111.261124,33.645622,神仙洞宫观,全真
河南省,南阳市,西峡县,111.411789,33.566761,老君庙,全真
河南省,南阳市,西峡县,111.65168,33.5741,老君洞,全真
河南省,南阳市,淅川县,111.428268,33.144463,关帝庙,正一
河南省,南阳市,淅川县,111.404121,32.91539,吴道祖师行宫庙,正一
河南省,南阳市,淅川县,111.021568,33.251331,四山庙,正一
河南省,南阳市,淅川县,111.758263,32.78793,四龙庙,正一
河南省,南阳市,淅川县,111.528053,32.98167,土地庙,正一
河南省,南阳市,淅川县,111.497017,33.130451,火星庙,正一
河南省,南阳市,淅川县,111.709755,32.762012,真武庙,正一
河南省,南阳市,淅川县,111.52742,33.05928,金华山娘娘庙,正一
河南省,南阳市,新野县,112.542374,32.665451,兴隆观,正一
河南省,南阳市,新野县,112.358124,32.493313,水府庙,正一
河南省,南阳市,新野县,112.255234,32.380432,洪堂庙,正一
河南省,南阳市,新野县,112.4608,32.416233,玉皇庙,正一
河南省,南阳市,新野县,112.517235,32.498493,祖师庙观,全真
河南省,南阳市,新野县,112.494888,32.635143,运来庙,正一
河南省,南阳市,镇平县,112.069954,33.024391,关帝庙,全真
河南省,南阳市,镇平县,112.174232,32.98333,府君庙,全真
河南省,南阳市,镇平县,112.136581,33.055443,三官庙,全真
河南省,南阳市,镇平县,112.083801,32.924171,关帝庙,全真
河南省,南阳市,镇平县,112.032372,33.059273,四山庙,全真
河南省,南阳市,镇平县,112.31665,33.046803,坤元宫,全真
河南省,南阳市,镇平县,112.084068,33.157131,城隍庙,全真
河南省,南阳市,镇平县,112.402969,33.023403,天元宫,全真
河南省,南阳市,镇平县,112.207977,33.047859,瓦罐庙,全真
河南省,南阳市,镇平县,112.154182,32.965103,禹王庙,全真
河南省,南阳市,镇平县,112.334991,33.047382,簸箕庙,全真
河南省,南阳市,镇平县,112.108833,32.954762,老君庙,全真
河南省,平顶山市,宝丰县,112.86277,33.96664,中岳庙,全真
河南省,平顶山市,宝丰县,113.291183,33.798233,九龙口祖师庙,全真
河南省,平顶山市,宝丰县,112.899559,33.930851,五龙庙,全真
河南省,平顶山市,宝丰县,112.930847,33.959709,关帝庙,全真
河南省,平顶山市,宝丰县,112.899559,33.930851,天爷庙,全真
河南省,平顶山市,宝丰县,113.154861,33.875961,娘娘庙,全真
河南省,平顶山市,宝丰县,113.058418,33.89019,康王庙,全真
河南省,平顶山市,宝丰县,113.04615,33.81535,火神庙,全真
河南省,平顶山市,宝丰县,113.08564,33.860592,白衣庙,全真
河南省,平顶山市,宝丰县,113.273369,33.839611,真武庙,全真
河南省,平顶山市,宝丰县,112.772751,33.977791,祖师庙,全真
河南省,平顶山市,宝丰县,112.910461,33.976772,神应观,全真
河南省,平顶山市,郏县,113.324081,33.84264,关帝庙,正一
河南省,平顶山市,郏县,113.141922,34.011131,卧龙宫,正一
河南省,平顶山市,郏县,113.324081,33.84264,子房庙,正一
河南省,平顶山市,郏县,113.215973,33.969631,玉阳观,正一
河南省,平顶山市,郏县,113.164398,34.050282,祖始庙,正一
河南省,平顶山市,郏县,113.116882,34.103092,莲花山观,正一
河南省,平顶山市,鲁山县,112.73185,33.908611,中王庙,全真
河南省,平顶山市,鲁山县,112.684128,33.718201,九仙洞,全真
河南省,平顶山市,鲁山县,112.951958,33.794033,九龙宫,全真
河南省,平顶山市,鲁山县,112.682198,33.703953,回龙观,全真
河南省,平顶山市,鲁山县,112.954651,33.757893,城隍庙,全真
河南省,平顶山市,鲁山县,112.884544,33.724884,大王庙,全真
河南省,平顶山市,鲁山县,112.302887,33.781181,天官庙,全真
河南省,平顶山市,鲁山县,112.670097,33.887562,天爷庙,全真
河南省,平顶山市,鲁山县,112.951958,33.794033,天盘圣庙,全真
河南省,平顶山市,鲁山县,112.82534,33.890049,娘娘庙,全真
河南省,平顶山市,鲁山县,112.934952,33.845303,应源观,全真
河南省,平顶山市,鲁山县,112.813713,33.84708,无生庙,全真
河南省,平顶山市,鲁山县,112.679062,33.844341,柏灵庙,全真
河南省,平顶山市,鲁山县,113.063103,33.868023,泰山庙,全真
河南省,平顶山市,鲁山县,113.0028,33.786201,瑞云观,全真
河南省,平顶山市,鲁山县,113.183693,33.653351,祖师庙,全真
河南省,平顶山市,鲁山县,112.909431,33.735981,祖师阁,全真
河南省,平顶山市,鲁山县,112.934952,33.845303,老君庙,全真
河南省,平顶山市,鲁山县,112.975471,33.664391,长寿庙,全真
河南省,平顶山市,汝州市,112.898529,34.239361,竹林庙,全真
河南省,平顶山市,汝州市,112.798332,34.2089,中岳庙,全真
河南省,平顶山市,汝州市,112.636261,34.06852,中岳故里,全真
河南省,平顶山市,汝州市,112.990158,34.111794,中王庙,全真
河南省,平顶山市,汝州市,112.933922,34.180634,二龙山玄云观,全真
河南省,平顶山市,汝州市,112.833488,34.166908,仙姑庙,全真
河南省,平顶山市,汝州市,112.795425,34.179001,城皇庙,全真
河南省,平顶山市,汝州市,112.717239,34.062531,城隍庙,全真
河南省,平顶山市,汝州市,112.885223,34.223782,天灵观,全真
河南省,平顶山市,汝州市,112.922714,34.256962,天盘庙,全真
河南省,平顶山市,汝州市,112.663269,34.083282,太山庙,全真
河南省,平顶山市,汝州市,113.000008,34.159882,太山庙,全真
河南省,平顶山市,汝州市,113.006058,34.198982,姜公庙,正一
河南省,平顶山市,汝州市,112.877342,34.08091,慈清宫,全真
河南省,平顶山市,汝州市,112.649353,34.208683,汤王庙,全真
河南省,平顶山市,汝州市,112.594475,34.184303,玄天宫,全真
河南省,平顶山市,汝州市,112.700539,34.22134,玉皇庙,全真
河南省,平顶山市,汝州市,112.910812,34.064945,白龙庙,全真
河南省,平顶山市,汝州市,112.93483,34.18399,祖师庙,全真
河南省,平顶山市,汝州市,112.614464,34.253632,祖师庙,全真
河南省,平顶山市,汝州市,112.635773,34.058472,神州宫,全真
河南省,平顶山市,汝州市,112.891174,34.075733,神清宫,全真
河南省,平顶山市,汝州市,113.05162,34.246639,红香庙,全真
河南省,平顶山市,汝州市,112.691513,34.15332,西岳庙,全真
河南省,平顶山市,石龙区,112.903442,33.869751,云台观,正一
河南省,平顶山市,石龙区,112.905899,33.897831,关帝庙,全真
河南省,平顶山市,石龙区,112.871658,33.897892,双堂庙,全真
河南省,平顶山市,石龙区,112.911278,33.907673,祖师庙,全真
河南省,平顶山市,石龙区,112.888481,33.903042,龙凤三官庙,正一
河南省,平顶山市,石龙区,112.861252,33.888653,龙凤云妆观,正一
河南省,平顶山市,卫东区,113.326202,33.771362,玉皇宫,正一
河南省,平顶山市,舞钢市,113.546211,33.33342,横山寨祖师庙,全真
河南省,平顶山市,舞钢市,113.489052,33.269623,盘古山祖师庙,全真
河南省,平顶山市,舞钢市,113.52531,33.29315,铁山庙,全真
河南省,平顶山市,新城区,113.138954,33.776062,黄龙山玉皇庙,正一
河南省,平顶山市,新华区,113.277321,33.759254,玉皇庙,正一
河南省,平顶山市,叶县,113.45578,33.52792,双庙,正一
河南省,平顶山市,叶县,113.375443,33.706848,黄柏山,正一
河南省,平顶山市,叶县,113.274437,33.64209,三里庙,正一
河南省,平顶山市,叶县,113.393623,33.509941,全集庙,正一
河南省,平顶山市,叶县,113.242393,33.383602,关帝庙,正一
河南省,平顶山市,叶县,113.236984,33.629124,关帝庙,正一
河南省,平顶山市,叶县,113.351837,33.625179,北武当,正一
河南省,平顶山市,叶县,113.394348,33.684242,卧羊山庙,正一
河南省,平顶山市,叶县,113.115662,33.516907,天心庙,正一
河南省,平顶山市,叶县,113.40551,33.691677,文王庙,正一
河南省,平顶山市,叶县,113.217743,33.583454,柳营庙,正一
河南省,平顶山市,叶县,113.236984,33.629124,泰山庙,正一
河南省,平顶山市,叶县,113.433807,33.747669,玉皇庙,正一
河南省,平顶山市,叶县,113.45578,33.52792,王公祠,全真
河南省,平顶山市,叶县,113.381882,33.41217,王府石庙,全真
河南省,平顶山市,叶县,113.255577,33.653225,秋河庙,正一
河南省,平顶山市,叶县,113.236984,33.629124,薄姬庙,正一
河南省,平顶山市,叶县,113.473099,33.656792,讲武庙,正一
河南省,平顶山市,叶县,113.480911,33.608223,青龙庙,正一
河南省,平顶山市,叶县,113.329269,33.707951,黑龙庙,正一
河南省,平顶山市,湛河区,113.328857,33.697922,河山善尚庙,全真
河南省,平顶山市,湛河区,113.169853,33.712631,鱼陵山关帝庙,全真
河南省,平顶山市,湛河区,113.341438,33.714542,黑龙庙,正一
河南省,平顶山市,湛河区,113.269516,33.720051,龙山堂,正一
河南省,平顶山市,,112.662811,33.953564,刘秀庙,正一
河南省,濮阳市,濮阳县,115.012749,35.713779,城隍庙道观,正一
河南省,三门峡市,湖滨区,111.239052,34.719944,玉皇院,正一
河南省,三门峡市,灵宝市,110.434097,34.50869,亚武山道教管委会,全真
河南省,三门峡市,灵宝市,110.739929,34.575371,李家院道观,全真
河南省,三门峡市,渑池县,111.955231,34.654011,吕祖堂,全真
河南省,三门峡市,渑池县,111.732918,34.760139,泰山庙,正一
河南省,三门峡市,陕县,111.10338,34.72054,三清观,全真
河南省,三门峡市,陕县,111.353722,34.520123,净乐宫,全真
河南省,三门峡市,义马市,111.860069,34.772652,双龙观,正一
河南省,商丘市,梁园区,115.656158,34.455669,云玉宫,正一
河南省,商丘市,梁园区,115.689262,34.508224,玉皇宫,正一
河南省,商丘市,民权县,115.25174,34.681953,玄妙观,正一
河南省,商丘市,睢阳区,115.381615,34.267014,枣冢庙,全真
河南省,商丘市,夏邑县,116.21524,34.197243,三官庙,正一
河南省,商丘市,夏邑县,116.084457,34.344669,三王庙,正一
河南省,商丘市,夏邑县,116.218071,34.346191,先师圣庙,正一
河南省,商丘市,夏邑县,116.053123,34.035961,关帝庙,正一
河南省,商丘市,夏邑县,115.984329,34.278214,大圣庙,正一
河南省,商丘市,夏邑县,116.242142,34.249611,天王庙,正一
河南省,商丘市,夏邑县,116.317131,34.330082,火神庙,正一
河南省,商丘市,夏邑县,115.998299,34.21069,白衣阁,正一
河南省,商丘市,夏邑县,116.048134,34.134731,莲花台,正一
河南省,商丘市,虞城县,115.913261,34.198723,天齐庙,正一
河南省,商丘市,虞城县,115.843048,34.401722,无极宫,正一
河南省,商丘市,虞城县,115.873062,34.426613,泰山行宫,正一
河南省,商丘市,虞城县,115.767021,34.539783,火神庙,正一
河南省,商丘市,虞城县,115.830811,34.548901,玉皇庙,正一
河南省,商丘市,柘城县,115.400581,34.062508,东岳天齐庙,全真
河南省,新乡市,封丘县,114.348274,34.97784,吕祖庙,全真
河南省,新乡市,封丘县,114.671562,34.999962,太山庙,全真
河南省,新乡市,封丘县,114.264191,35.04937,晋王庙,全真
河南省,新乡市,封丘县,114.250732,34.960773,泰山庙,全真
河南省,新乡市,封丘县,114.470795,35.065922,泰山老奶庙,全真
河南省,新乡市,封丘县,114.425629,35.033562,玉皇观,全真
河南省,新乡市,封丘县,114.427689,35.046074,瘟神庙,全真
河南省,新乡市,封丘县,114.441261,35.048943,白玉老奶庙,全真
河南省,新乡市,封丘县,114.321541,34.963699,祖师庙,全真
河南省,新乡市,封丘县,114.519112,35.061062,闫君庙,全真
河南省,新乡市,凤泉区,113.90303,35.388351,二仙庙,正一
河南省,新乡市,凤泉区,113.919609,35.382931,天齐观,全真
河南省,新乡市,凤泉区,113.884712,35.426003,峙山白云观,全真
河南省,新乡市,凤泉区,113.928596,35.425339,牧野观,全真
河南省,新乡市,红旗区,113.99202,35.285252,阎王庙,正一
河南省,新乡市,辉县,113.737709,35.761169,天坛玄宫,正一
河南省,新乡市,辉县,113.840294,35.47139,家山寺,正一
河南省,新乡市,辉县,113.787544,35.486572,药王庙,正一
河南省,新乡市,辉县,113.867096,35.492664,龙王庙,正一
河南省,新乡市,辉县市,113.603424,35.58358,老爷顶,正一
河南省,新乡市,辉县市,113.603386,35.556446,三圣宫,正一
河南省,新乡市,辉县市,113.801628,35.455318,三官庙,正一
河南省,新乡市,辉县市,113.879601,35.444813,老君洞,正一
河南省,新乡市,牧野区,113.897751,35.314537,太公庙,全真
河南省,新乡市,牧野区,113.847534,35.318573,天爷庙,全真
河南省,新乡市,卫辉市,114.168121,35.410652,关帝庙,全真
河南省,新乡市,卫辉市,114.131119,35.394962,上神庙,全真
河南省,新乡市,卫辉市,113.990028,35.473392,九龙庙,全真
河南省,新乡市,卫辉市,114.074677,35.435741,吕祖阁,全真
河南省,新乡市,卫辉市,114.087173,35.401661,天齐城隍庙,全真
河南省,新乡市,卫辉市,114.050262,35.593521,白龙庙,全真
河南省,新乡市,卫辉市,114.072678,35.412373,西仓奶奶庙,全真
河南省,新乡市,延津县,114.266411,35.218632,关帝庙,全真
河南省,新乡市,延津县,114.409279,35.307953,天齐庙,全真
河南省,新乡市,延津县,114.218719,35.129501,文昌庙,全真
河南省,新乡市,原阳县,114.066063,35.047192,东顶行宫,全真
河南省,新乡市,长垣县,114.704651,35.202011,北关道教活动场所,正一
河南省,新乡市,长垣县,114.797729,35.33984,文昌阁,正一
河南省,新乡市,长垣县,114.704651,35.202011,老奶庙,正一
河南省,信阳市,固始县,115.601517,31.832211,玉皇阁,正一
河南省,信阳市,商城县,115.308182,31.846493,三教洞,全真
河南省,信阳市,商城县,115.261703,31.692942,东岳庙,全真
河南省,信阳市,商城县,115.456261,31.927092,云极观,全真
河南省,信阳市,商城县,115.197289,31.694363,十龙寺,全真
河南省,信阳市,商城县,115.402412,31.74094,华祖庙,全真
河南省,信阳市,商城县,115.453697,32.034382,玉龙观,全真
河南省,信阳市,商城县,115.531403,31.811581,胡太庙,全真
河南省,信阳市,商城县,115.269997,31.486387,观阵山白云观,全真
河南省,信阳市,浉河区,114.172531,31.884451,灵山金顶道观,全真
河南省,信阳市,新县,114.838997,31.697601,玉皇阁,全真
河南省,信阳市,新县,114.838997,31.697601,真武宫,全真
河南省,许昌市,东城区,113.78553,33.991634,中岳三关庙,全真
河南省,许昌市,东城区,113.8308,34.04611,口子庙,全真
河南省,许昌市,东城区,113.922821,34.076153,白马庙,全真
河南省,许昌市,襄城县,113.607849,33.755623,五岳庙,全真
河南省,许昌市,襄城县,113.485485,33.852519,关帝庙,全真
河南省,许昌市,襄城县,113.45344,33.78148,葛仙观,全真
河南省,许昌市,襄城县,113.535255,33.969749,三官庙,全真
河南省,许昌市,襄城县,113.49958,33.78252,德福观,全真
河南省,许昌市,襄城县,113.437973,33.817272,灵武山庙,全真
河南省,许昌市,襄城县,113.43797,33.81727,灵泉观,全真
河南省,许昌市,襄城县,113.529274,33.8339,玉皇阁,全真
河南省,许昌市,襄城县,113.453484,33.925793,祖师庙,全真
河南省,许昌市,许昌县,114.031639,33.993641,毓秀台,全真
河南省,许昌市,许昌县,114.00428,34.108311,东中岳庙,全真
河南省,许昌市,许昌县,113.9804,34.02272,中王庙,全真
河南省,许昌市,许昌县,113.868347,34.09737,天仙庙,全真
河南省,许昌市,许昌县,113.655441,34.145851,天宝宫,全真
河南省,许昌市,许昌县,113.682014,34.003986,孝子庙,全真
河南省,许昌市,许昌县,113.620811,34.110291,清真观,全真
河南省,许昌市,许昌县,113.911201,33.996841,火神庙,全真
河南省,许昌市,许昌县,113.68203,34.000221,玉皇庙,全真
河南省,许昌市,许昌县,114.03727,34.072262,二郎庙,全真
河南省,许昌市,许昌县,113.812469,33.901165,歇马店,全真
河南省,许昌市,鄢陵县,114.217522,34.098351,太昊阁,全真
河南省,许昌市,鄢陵县,114.246933,34.14735,广福寺,全真
河南省,许昌市,鄢陵县,114.155273,33.966251,正神庙,全真
河南省,许昌市,鄢陵县,114.234573,33.993172,火云寺,全真
河南省,许昌市,鄢陵县,114.253212,33.992794,玄天上帝庙,全真
河南省,许昌市,鄢陵县,114.27478,33.955051,玄帝庙,全真
河南省,许昌市,鄢陵县,114.238358,33.948612,玉皇庙,全真
河南省,许昌市,鄢陵县,114.27478,33.955051,皇天后土庙,全真
河南省,许昌市,鄢陵县,114.280792,33.988964,韩货郎庙,全真
河南省,许昌市,禹州市,113.48794,34.14048,张良洞,全真
河南省,许昌市,禹州市,113.411903,34.28809,逍遥观,全真
河南省,许昌市,禹州市,113.514442,34.163403,禹王庙,全真
河南省,许昌市,禹州市,113.163002,34.150661,五龙庙,全真
河南省,许昌市,禹州市,113.469704,34.163551,城隍庙,全真
河南省,许昌市,禹州市,113.47438,34.052372,嵩阳观,全真
河南省,许昌市,禹州市,113.57164,34.314911,府城隍庙,全真
河南省,许昌市,禹州市,113.557259,34.269321,灵山庙,全真
河南省,许昌市,禹州市,113.329979,34.322132,玉隍庙,全真
河南省,许昌市,禹州市,113.23008,34.122334,祖师庙,全真
河南省,许昌市,禹州市,113.163002,34.150661,祖师庙,全真
河南省,许昌市,长葛市,113.706337,34.182671,白乐宫,全真
河南省,许昌市,长葛市,113.704994,34.194073,中岳庙,全真
河南省,许昌市,长葛市,113.857063,34.287521,五岳庙,全真
河南省,郑州市,登封市,113.074181,34.457844,中岳庙,全真
河南省,郑州市,登封市,113.075905,34.326302,中王庙,全真
河南省,郑州市,登封市,113.040047,34.498089,乐善洞,全真
河南省,郑州市,登封市,113.042358,34.495255,老君洞,全真
河南省,郑州市,邓州市,112.136803,32.475533,东顶祖师殿,全真
河南省,郑州市,邓州市,112.27478,32.571224,中原老君庙,全真
河南省,郑州市,邓州市,112.284981,32.661091,二郎庙,全真
河南省,郑州市,邓州市,111.994629,32.907852,关圣帝君庙,全真
河南省,郑州市,邓州市,112.268089,32.673344,惠润殿,全真
河南省,郑州市,邓州市,112.286842,32.849651,泰山庙,全真
河南省,郑州市,邓州市,112.286842,32.849651,白太山庙,全真
河南省,郑州市,邓州市,112.216438,32.645443,聂庙,全真
河南省,郑州市,邓州市,112.062759,32.677658,西湖金殿,全真
河南省,郑州市,巩义市,113.060097,34.60968,东大庙,全真
河南省,郑州市,巩义市,113.110092,34.673832,中王庙,全真
河南省,郑州市,巩义市,112.884972,34.596298,九龙圣母庙,全真
河南省,郑州市,巩义市,113.183411,34.632412,老庙道观,全真
河南省,郑州市,巩义市,113.252853,34.751957,龙王庙,全真
河南省,郑州市,惠济区,113.526604,34.942642,祖师庙,正一
河南省,郑州市,新密市,113.345512,34.457851,天爷洞,正一
河南省,郑州市,新密市,113.606949,34.381104,三清宫,正一
河南省,郑州市,新密市,113.82399,34.443832,东岳庙,正一
河南省,郑州市,新密市,113.471802,34.363312,岐伯山道观,正一
河南省,郑州市,新密市,113.351219,34.421192,白龙庙,正一
河南省,郑州市,新密市,113.388496,34.543552,老君庙,正一
河南省,周口市,郸城县,115.367561,33.588581,张巡庙,全真
河南省,周口市,扶沟县,114.296608,34.076321,雾烟山,正一
河南省,周口市,淮阳县,114.943542,33.721893,太虚观,全真
河南省,周口市,鹿邑县,115.559441,33.857723,太清宫,全真
河南省,周口市,鹿邑县,115.480766,33.85976,明道宫,全真
河南省,周口市,商水县,114.286377,33.70166,东岳庙,全真
河南省,周口市,商水县,114.374962,33.541611,中王庙,全真
河南省,周口市,商水县,114.61165,33.54256,玉皇庙,全真
河南省,周口市,商水县,114.755928,33.454201,白塔寺庙,全真
河南省,周口市,沈丘县,115.016495,33.139072,黄庙,全真
河南省,周口市,西华县,114.530609,33.800831,箕子台道教活动场所,正一
河南省,驻马店市,泌阳县,113.215736,32.867321,太山庙,正一
河南省,驻马店市,平舆县,114.688507,33.07336,东皇庙,正一
河南省,驻马店市,平舆县,114.788857,33.055073,天爷庙,正一
河南省,驻马店市,平舆县,114.688507,33.07336,山陕会馆庙,正一
河南省,驻马店市,平舆县,114.49807,33.141014,洪山庙,正一
河南省,驻马店市,确山县,113.910065,32.841118,遇真宫,正一
河南省,驻马店市,汝南县,114.278351,32.661316,祖师庙,正一
河南省,驻马店市,遂平县,114.171082,33.208191,济渎庙,全真
河南省,驻马店市,遂平县,113.981865,33.198864,王祥庙,全真
河南省,驻马店市,西平县,113.688751,33.377682,东岳庙,全真
河南省,驻马店市,西平县,114.008919,33.304913,二郎庙,全真
河南省,驻马店市,西平县,113.764709,33.393761,嫘祖庙,正一
河南省,驻马店市,新蔡县,114.992233,32.794571,人祖庙,正一
河南省,驻马店市,新蔡县,115.117172,32.723831,天爷庙,正一
河南省,驻马店市,新蔡县,114.80854,32.806499,女娲宫,正一
黑龙江省,哈尔滨市,阿城区,127.437317,45.403912,哈尔滨市阿城区海云观,全真
黑龙江省,黑河市,爱珲区,127.50048,50.2521,爱珲区关帝庙,全真
黑龙江省,鸡西市,鸡东县,131.256378,45.191303,鸡东县延慧宫,全真
黑龙江省,牡丹江市,海林市,129.73848,45.115002,海林市老道庙,全真
黑龙江省,齐齐哈尔市,建华区,123.926659,47.379692,齐齐哈尔市万善宫,全真
黑龙江省,齐齐哈尔市,龙沙区,123.944183,47.344421,齐齐哈尔市关帝庙,全真
黑龙江省,绥化市,北林区,126.973839,46.692749,绥化市慈云观,全真
黑龙江省,绥化市,海伦市,126.633171,47.34285,海伦市三圣宫,全真
黑龙江省,绥化市,绥棱县,127.535522,47.347672,绥棱县玉清宫,全真
湖北省,鄂州市,鄂城区,114.80188,30.357012,太和镇武昌观,正一
湖北省,鄂州市,鄂城区,115.012459,30.349932,段店镇三官殿,正一
湖北省,鄂州市,鄂城区,115.012459,30.349932,沙窝乡云凌观,正一
湖北省,鄂州市,鄂城区,114.867599,30.296492,碧石渡镇普化观,正一
湖北省,鄂州市,鄂城区,114.898224,30.350801,鄂城新区道仙宫,正一
湖北省,鄂州市,华容区,114.778183,30.435001,蒲团乡九洲古刹,全真
湖北省,鄂州市,,114.639206,30.533714,葛店经济技术开发区聚善观,正一
湖北省,鄂州市,,114.882141,30.35848,西山街办葛洪观,正一
湖北省,黄冈市,红安县,114.670891,30.97117,湖北省红安县三兴观,全真
湖北省,黄冈市,红安县,114.723122,31.377321,湖北省红安县三圣观,全真
湖北省,黄冈市,红安县,114.563438,31.498901,湖北省红安县九峰观,全真
湖北省,黄冈市,红安县,114.641594,31.018581,湖北省红安县八角寺庙,全真
湖北省,黄冈市,红安县,114.758263,31.322102,湖北省红安县包公庙,全真
湖北省,黄冈市,红安县,114.618149,31.254192,湖北省红安县慈航寺,全真
湖北省,黄冈市,红安县,114.566017,31.507872,湖北省红安县老君山道观,全真
湖北省,黄冈市,红安县,114.605843,31.326761,湖北省红安县药王道观,全真
湖北省,黄冈市,红安县,114.634071,31.301743,湖北省红安县诸仙阁道观,全真
湖北省,黄冈市,红安县,114.744957,31.476841,湖北省红安县雄狮道观,全真
湖北省,黄冈市,黄梅县,115.904305,30.275503,湖北省黄梅县万全宫,全真
湖北省,黄冈市,黄梅县,115.840813,30.088972,湖北省黄梅县万福庙,全真
湖北省,黄冈市,黄梅县,115.898071,29.956903,湖北省黄梅县中路庵,全真
湖北省,黄冈市,黄梅县,115.868027,29.825201,湖北省黄梅县九莲庵,全真
湖北省,黄冈市,黄梅县,115.800339,30.173071,湖北省黄梅县大洋庙,全真
湖北省,黄冈市,黄梅县,115.911003,29.841782,湖北省黄梅县张河村观音庵,全真
湖北省,黄冈市,黄梅县,115.838684,29.77458,湖北省黄梅县新开镇关帝庙,全真
湖北省,黄冈市,黄梅县,115.750038,29.870512,湖北省黄梅县望江寺,全真
湖北省,黄冈市,黄梅县,115.934639,30.090952,湖北省黄梅县泰源观,全真
湖北省,黄冈市,黄梅县,115.950554,29.827902,湖北省黄梅县清风宫,全真
湖北省,黄冈市,黄梅县,115.917091,29.884581,湖北省黄梅县炎帝庙,全真
湖北省,黄冈市,黄梅县,115.898094,30.132071,湖北省黄梅县西华观,全真
湖北省,黄冈市,黄梅县,115.780388,30.118601,湖北省黄梅县观音岩,全真
湖北省,黄冈市,黄梅县,115.938019,30.17156,湖北省黄梅县邹家洞,全真
湖北省,黄冈市,黄梅县,115.970192,30.011812,湖北省黄梅县陶公庙,全真
湖北省,黄冈市,黄梅县,116.045143,30.0086,湖北省黄梅县高山庙,全真
湖北省,黄冈市,黄梅县,115.840813,30.088972,湖北省黄梅县黄龄古洞,全真
湖北省,黄冈市,罗田县,115.190063,30.818981,湖北省罗田县三真观,全真
湖北省,黄冈市,罗田县,115.403908,30.728281,湖北省罗田县排衙山道观,全真
湖北省,黄冈市,罗田县,115.357201,30.694002,湖北省罗田县文昌阁,全真
湖北省,黄冈市,罗田县,115.468719,30.703701,湖北省罗田县柳仙观,全真
湖北省,黄冈市,罗田县,115.342712,30.705872,湖北省罗田县贞武观,全真
湖北省,黄冈市,罗田县,115.718117,31.107731,湖北省罗田县金阙宫,全真
湖北省,黄冈市,罗田县,115.39962,30.684752,湖北省罗田县黄仙观,全真
湖北省,黄冈市,麻城市,114.961533,31.020781,麻城市三仙宫,全真
湖北省,黄冈市,麻城市,115.214798,30.972431,麻城市三星东岳府,全真
湖北省,黄冈市,麻城市,114.853348,31.090681,麻城市东岳庙,全真
湖北省,黄冈市,麻城市,114.997093,31.21357,麻城市五脑山帝主庙,全真
湖北省,黄冈市,麻城市,114.997093,31.21357,麻城市五脑山静月宫,全真
湖北省,黄冈市,麻城市,114.854523,31.353142,麻城市凤凰山庙,全真
湖北省,黄冈市,麻城市,115.1717,31.077621,麻城市天竺寺,全真
湖北省,黄冈市,麻城市,114.808243,31.071472,麻城市庵静堂,全真
湖北省,黄冈市,麻城市,114.808243,31.071472,麻城市普安寺,全真
湖北省,黄冈市,麻城市,115.142281,30.92272,麻城市普济寺,全真
湖北省,黄冈市,麻城市,115.053139,31.021362,麻城市沙府庙,全真
湖北省,黄冈市,麻城市,114.751732,31.009611,麻城市海岳庙,全真
湖北省,黄冈市,麻城市,115.01564,31.03899,麻城市清华观,全真
湖北省,黄冈市,麻城市,115.227798,30.958532,麻城市盐田河东岳府,全真
湖北省,黄冈市,麻城市,114.775627,31.005941,麻城市腾云观,全真
湖北省,黄冈市,麻城市,115.24633,31.327951,麻城市钟山寺,全真
湖北省,黄冈市,麻城市,114.985901,31.350922,麻城市青莲观,全真
湖北省,黄冈市,蕲春县,115.808304,30.245852,湖北省蕲春县万寿宫,正一
湖北省,黄冈市,蕲春县,115.47998,30.295511,湖北省蕲春县东岳府,全真
湖北省,黄冈市,蕲春县,115.808174,30.527412,湖北省蕲春县东狱府,全真
湖北省,黄冈市,蕲春县,115.795631,30.483912,湖北省蕲春县丹霞观,全真
湖北省,黄冈市,蕲春县,115.360519,30.05912,湖北省蕲春县九清宫,正一
湖北省,黄冈市,蕲春县,115.337601,30.329302,湖北省蕲春县九龙宫,全真
湖北省,黄冈市,蕲春县,115.383629,30.316851,湖北省蕲春县关帝庙,全真
湖北省,黄冈市,蕲春县,115.33757,30.04854,湖北省蕲春县南门道观,全真
湖北省,黄冈市,蕲春县,115.55941,30.224321,湖北省蕲春县卧龙庙,全真
湖北省,黄冈市,蕲春县,115.491631,30.361622,湖北省蕲春县天瑞庵,全真
湖北省,黄冈市,蕲春县,115.786232,30.428822,湖北省蕲春县怀林庵,全真
湖北省,黄冈市,蕲春县,115.609077,30.384451,湖北省蕲春县慈云观,全真
湖北省,黄冈市,蕲春县,115.318283,30.290483,湖北省蕲春县慈化观,全真
湖北省,黄冈市,蕲春县,115.283493,30.150761,湖北省蕲春县承天观,全真
湖北省,黄冈市,蕲春县,115.768753,30.55673,湖北省蕲春县晃石洞,全真
湖北省,黄冈市,蕲春县,115.424232,30.0867,湖北省蕲春县普福观,全真
湖北省,黄冈市,蕲春县,115.407265,30.245277,湖北省蕲春县普阳观,全真
湖北省,黄冈市,蕲春县,115.729591,30.28557,湖北省蕲春县正觉观,全真
湖北省,黄冈市,蕲春县,115.342903,30.074532,湖北省蕲春县玉皇宫,全真
湖北省,黄冈市,蕲春县,115.700241,30.548161,湖北省蕲春县白云观,全真
湖北省,黄冈市,蕲春县,115.381226,30.13545,湖北省蕲春县白鹤观,全真
湖北省,黄冈市,蕲春县,115.609077,30.384451,湖北省蕲春县石灵观,全真
湖北省,黄冈市,蕲春县,115.857262,30.53063,湖北省蕲春县紫金观,全真
湖北省,黄冈市,蕲春县,115.342903,30.074532,湖北省蕲春县纯阳阁,全真
湖北省,黄冈市,蕲春县,115.351059,30.062231,湖北省蕲春县藏经阁,全真
湖北省,黄冈市,蕲春县,115.457108,30.173521,湖北省蕲春县观音阁,全真
湖北省,黄冈市,蕲春县,115.590355,30.298662,湖北省蕲春县雨口庵,全真
湖北省,黄冈市,蕲春县,115.486122,30.190651,湖北省蕲春县靖明观,全真
湖北省,黄冈市,蕲春县,115.638718,30.485441,湖北省蕲春县顺元观,全真
湖北省,黄冈市,蕲春县,115.595428,30.304613,湖北省蕲春县马大将军庙,全真
湖北省,黄冈市,团风县,114.974991,30.654381,团风县一峰观,全真
湖北省,黄冈市,团风县,114.87661,30.680552,团风县古云观,全真
湖北省,黄冈市,团风县,114.978813,30.609152,团风县回龙观音道观,全真
湖北省,黄冈市,团风县,114.920052,30.719002,团风县恒河宫,全真
湖北省,黄冈市,团风县,115.002983,30.71134,团风县朝天观,全真
湖北省,黄冈市,团风县,114.866364,30.715061,团风县白云观,全真
湖北省,黄冈市,团风县,114.89373,30.743895,团风县白庙观,全真
湖北省,黄冈市,团风县,114.86937,30.632742,团风县真武观,全真
湖北省,黄冈市,团风县,115.184731,30.764122,团风县紫霞宫,全真
湖北省,黄冈市,团风县,114.87413,30.63135,团风县观音阁,全真
湖北省,黄冈市,团风县,114.876106,30.62915,团风县贾庙观音道观,全真
湖北省,黄冈市,团风县,114.951431,30.662601,团风县道兴观,全真
湖北省,黄冈市,团风县,114.929062,30.681862,团风县青松观,全真
湖北省,黄冈市,武穴市,115.563492,29.848656,湖北省武穴市万寿宫,全真
湖北省,黄冈市,武穴市,115.557007,29.873816,湖北省武穴市下马观,全真
湖北省,黄冈市,武穴市,115.731316,29.961105,湖北省武穴市吕祖观,全真
湖北省,黄冈市,武穴市,115.744499,29.983421,湖北省武穴市灵觉宫,全真
湖北省,黄冈市,武穴市,115.747009,29.950691,湖北省武穴市玉皇阁,全真
湖北省,黄冈市,武穴市,115.733589,29.941931,湖北省武穴市童司宫,全真
湖北省,黄冈市,武穴市,115.618752,29.896313,湖北省武穴市迎恩宫,全真
湖北省,黄冈市,武穴市,115.772713,30.076941,湖北省武穴市长庆宫,全真
湖北省,黄冈市,武穴市,115.714058,29.950941,湖北省武穴市雨场观,全真
湖北省,黄冈市,浠水县,115.338783,30.561411,浠水县关口凌塘庙,全真
湖北省,黄冈市,浠水县,115.288933,30.5874,浠水县关口城隍庙,全真
湖北省,黄冈市,浠水县,115.341484,30.652672,浠水县关口太平宫,全真
湖北省,黄冈市,浠水县,115.257477,30.562321,浠水县关口慈灵观,全真
湖北省,黄冈市,浠水县,115.248329,30.639082,浠水县关口慈航观,全真
湖北省,黄冈市,浠水县,115.343231,30.559561,浠水县关口朝天宫,全真
湖北省,黄冈市,浠水县,115.33931,30.624851,浠水县关口积福宫,全真
湖北省,黄冈市,浠水县,115.280113,30.58003,浠水县关口豹龙庙,全真
湖北省,黄冈市,浠水县,115.26551,30.45184,浠水县南城青龙宫,全真
湖北省,黄冈市,浠水县,115.305534,30.708042,浠水县团陂东岳府,全真
湖北省,黄冈市,浠水县,115.227524,30.660732,浠水县团陂赛帝庙,全真
湖北省,黄冈市,浠水县,115.166214,30.448751,浠水县城山玄都观,全真
湖北省,黄冈市,浠水县,115.13443,30.449461,浠水县巴河斗姥宫,全真
湖北省,黄冈市,浠水县,115.027985,30.425812,浠水县巴河杨泗庙,全真
湖北省,黄冈市,浠水县,115.218353,30.469843,浠水县拔炉山龙宫,全真
湖北省,黄冈市,浠水县,115.135452,30.257141,浠水县散花仙云庵,全真
湖北省,黄冈市,浠水县,115.188377,30.312811,浠水县散花龙居观,全真
湖北省,黄冈市,浠水县,115.191475,30.539032,浠水县朱店东岳府,全真
湖北省,黄冈市,浠水县,115.246803,30.616503,浠水县汪岗三圣宫,全真
湖北省,黄冈市,浠水县,115.215988,30.575123,浠水县汪岗天仙观,全真
湖北省,黄冈市,浠水县,115.226402,30.621862,浠水县汪岗天骝观,全真
湖北省,黄冈市,浠水县,115.477928,30.450611,浠水县洗马二龙宫,全真
湖北省,黄冈市,浠水县,115.465149,30.478432,浠水县洗马太子庙,全真
湖北省,黄冈市,浠水县,115.472321,30.477112,浠水县洗马金圣观,全真
湖北省,黄冈市,浠水县,115.270348,30.464022,浠水县清泉三清观,全真
湖北省,黄冈市,浠水县,115.270348,30.464022,浠水县清泉大仕阁,全真
湖北省,黄冈市,浠水县,115.270348,30.464022,浠水县清泉普济观,全真
湖北省,黄冈市,浠水县,115.348969,30.443653,浠水县清泉炉顶山庙,全真
湖北省,黄冈市,浠水县,115.28228,30.504591,浠水县清泉观音庙,全真
湖北省,黄冈市,浠水县,115.485779,30.533443,浠水县白莲迴龙庙,全真
湖北省,黄冈市,浠水县,115.470703,30.534922,浠水县白莲镇白玉宫,全真
湖北省,黄冈市,浠水县,115.106361,30.622671,浠水县竹瓦会龙宫,全真
湖北省,黄冈市,浠水县,115.117561,30.536411,浠水县竹瓦修真观,全真
湖北省,黄冈市,浠水县,115.125877,30.594131,浠水县竹瓦镇长安庙,全真
湖北省,黄冈市,浠水县,115.133141,30.284561,浠水县红莲观音阁,全真
湖北省,黄冈市,浠水县,115.4291,30.574032,浠水县蔡河万法庵,全真
湖北省,黄冈市,浠水县,115.406998,30.483608,浠水县蔡河城角都殿,全真
湖北省,黄冈市,浠水县,115.435783,30.550062,浠水县蔡河玉皇庙,全真
湖北省,黄冈市,浠水县,115.44857,30.529501,浠水县蔡河老君庙,全真
湖北省,黄冈市,浠水县,115.446442,30.422691,浠水县龙珠古刹（含药王庙）,全真
湖北省,黄冈市,浠水县,115.369911,30.422791,湖北省浠水县大仙庙,全真
湖北省,黄冈市,浠水县,115.250839,30.446602,湖北省浠水县白龙宫,全真
湖北省,黄冈市,英山县,115.803383,31.087393,英山县武圣宫,全真
湖北省,黄冈市,英山县,115.591431,30.622963,英山县药王宫,全真
湖北省,黄冈市,英山县,115.64254,30.57798,英山县龙王宫,全真
湖北省,黄石市,大冶市,114.95491,30.128782,三宗祠,全真
湖北省,黄石市,大冶市,114.986221,30.0963,三清宫,全真
湖北省,黄石市,大冶市,114.947983,30.067232,三花三王庙,全真
湖北省,黄石市,大冶市,114.934898,30.104101,佛圣寺,全真
湖北省,黄石市,大冶市,114.97977,30.09551,佛圣祠,全真
湖北省,黄石市,大冶市,114.953133,29.994141,侯王庙,全真
湖北省,黄石市,大冶市,114.973694,30.088602,四角墩新美太子庙,全真
湖北省,黄石市,大冶市,114.95137,30.045471,大仙庙,全真
湖北省,黄石市,大冶市,114.97977,30.09551,宝赐寺,全真
湖北省,黄石市,大冶市,114.897491,30.064831,开化寺,全真
湖北省,黄石市,大冶市,114.92746,30.047581,新兴祠,全真
湖北省,黄石市,大冶市,114.887978,30.030783,普化宫,全真
湖北省,黄石市,大冶市,114.883163,30.055281,普化殿,全真
湖北省,黄石市,大冶市,114.92733,30.113363,普化观,全真
湖北省,黄石市,大冶市,114.973694,30.088602,普寿堂,全真
湖北省,黄石市,大冶市,114.89859,30.07839,楼下太子庙,全真
湖北省,黄石市,大冶市,114.92733,30.113363,武圣祠,全真
湖北省,黄石市,大冶市,114.897491,30.064831,灵峰宝寺太尉洞,全真
湖北省,黄石市,大冶市,114.92746,30.047581,灵峰宫,全真
湖北省,黄石市,大冶市,114.960793,30.061153,莲花观,全真
湖北省,黄石市,大冶市,114.978279,30.060572,金梅观,全真
湖北省,黄石市,大冶市,114.978279,30.060572,金海观,全真
湖北省,黄石市,大冶市,114.885307,30.07056,金湖太子庙,全真
湖北省,黄石市,大冶市,114.931221,29.992102,金湖玉皇殿,全真
湖北省,黄石市,大冶市,114.92746,30.047581,金湖龙王殿,全真
湖北省,黄石市,大冶市,114.816681,30.06225,长庚寺,全真
湖北省,黄石市,大冶市,114.880028,30.162722,青云观,全真
湖北省,黄石市,大冶市,114.897491,30.064831,麒麟宫,全真
湖北省,黄石市,黄石港区,115.064011,30.238951,三元宫,正一
湖北省,黄石市,铁山区,115.099319,30.160332,东洞,全真
湖北省,黄石市,铁山区,115.099319,30.160332,云峰山道观,全真
湖北省,黄石市,铁山区,115.028381,30.140171,吴王坛太子观,全真
湖北省,黄石市,铁山区,115.149597,30.139141,章山古寺,全真
湖北省,黄石市,铁山区,114.925209,30.194283,铁山武圣宫,全真
湖北省,黄石市,铁山区,115.17968,30.158503,黑爷庙,正一
湖北省,黄石市,西塞山区,115.11425,30.189901,九龙宫,全真
湖北省,黄石市,西塞山区,115.098534,30.20446,关圣宫,全真
湖北省,黄石市,西塞山区,115.11019,30.20489,慈航观,全真
湖北省,黄石市,西塞山区,115.077492,30.194262,慈航阁,全真
湖北省,黄石市,西塞山区,115.077492,30.194262,白鹤观,全真
湖北省,黄石市,西塞山区,115.110878,30.199873,飞云洞道观,全真
湖北省,黄石市,下陆区,114.964188,30.177834,东岳道观,全真
湖北省,黄石市,下陆区,114.993813,30.187813,大塘畈道观,正一
湖北省,黄石市,下陆区,115.008293,30.207232,浒塘山道观,全真
湖北省,黄石市,下陆区,114.97472,30.197625,玉女泉道观,全真
湖北省,黄石市,阳新县,114.836342,29.804213,万圣宫,全真
湖北省,黄石市,阳新县,115.261032,30.147593,元帝宫,全真
湖北省,黄石市,阳新县,115.207558,30.030102,元帝庙,全真
湖北省,黄石市,阳新县,115.062958,29.780861,军垦五显庙,全真
湖北省,黄石市,阳新县,115.215797,29.831581,叠山寺,全真
湖北省,黄石市,阳新县,114.927879,29.672951,太仙观,全真
湖北省,黄石市,阳新县,115.439949,29.855593,寇公祠,全真
湖北省,黄石市,阳新县,115.024544,29.624722,曹王殿,全真
湖北省,黄石市,阳新县,115.049286,29.582394,洋港九龙宫,全真
湖北省,黄石市,阳新县,115.30162,30.072443,玉清宫,全真
湖北省,黄石市,阳新县,115.095505,29.933891,玉皇殿,全真
湖北省,黄石市,阳新县,115.455017,29.79298,白水寺,全真
湖北省,黄石市,阳新县,115.095505,29.933891,百福三观,全真
湖北省,黄石市,阳新县,115.079369,29.86343,祖夷庙,全真
湖北省,黄石市,阳新县,115.13343,29.720081,颜真观,全真
湖北省,黄石市,阳新县,114.956993,29.623594,龙港关帝庙,全真
湖北省,黄石市,阳新县,114.957352,29.630882,龙港镇观音阁,全真
湖北省,黄石市,阳新县,115.399704,29.755281,龙王亭,全真
湖北省,荆门市,东宝区,112.20984,31.03199,荆门市白云观,全真
湖北省,荆门市,东宝区,112.176437,31.10025,荆门市真武观,全真
湖北省,荆门市,京山县,112.906952,30.747513,京山县圣灵观,全真
湖北省,荆门市,京山县,113.236031,30.966553,京山县观音岩道观,全真
湖北省,荆门市,京山县,112.983765,30.829952,京山县长庆观,全真
湖北省,荆门市,沙洋县,112.58369,30.69024,沙洋县三元观,全真
湖北省,荆门市,沙洋县,112.517754,30.410381,沙洋县东岳庙,正一
湖北省,荆门市,沙洋县,112.371162,30.452301,沙洋县二神庙,正一
湖北省,荆门市,沙洋县,112.374962,30.441332,沙洋县铁鞭庙,正一
湖北省,荆门市,沙洋县,112.443794,30.505093,沙洋县黄歇庙,正一
湖北省,荆门市,漳河新区,112.187584,30.944992,荆门三清观,正一
湖北省,荆门市,钟祥市,112.59416,31.16133,钟祥市元佑宫,正一
湖北省,荆州市,公安县,112.343933,30.004372,公安县三皇宫,全真
湖北省,荆州市,公安县,112.293793,30.059031,公安县东岳观,全真
湖北省,荆州市,公安县,112.22948,30.0583,公安县云霄宫,全真
湖北省,荆州市,公安县,112.359207,29.849861,公安县修真殿,全真
湖北省,荆州市,公安县,112.078705,30.034594,公安县关帝宫,全真
湖北省,荆州市,公安县,112.071785,30.044752,公安县升福观,全真
湖北省,荆州市,公安县,112.115379,29.987942,公安县城隍庙,全真
湖北省,荆州市,公安县,112.146744,30.028982,公安县大光庙,全真
湖北省,荆州市,公安县,112.321671,29.742172,公安县太清宫,全真
湖北省,荆州市,公安县,112.390732,29.885622,公安县水仙宫,全真
湖北省,荆州市,公安县,112.182091,30.187712,公安县清洋观,全真
湖北省,荆州市,公安县,112.283882,29.863272,公安县灵官殿,全真
湖北省,荆州市,公安县,112.239174,30.286871,公安县玉皇阁,全真
湖北省,荆州市,公安县,112.29493,29.966082,公安县白仙观,全真
湖北省,荆州市,公安县,112.176109,30.02845,公安县紫宵观,全真
湖北省,荆州市,公安县,112.210609,29.91452,公安县罗王庙,全真
湖北省,荆州市,公安县,112.012802,29.985481,公安县西岳观,全真
湖北省,荆州市,公安县,112.24501,29.73712,公安县金牛山,全真
湖北省,荆州市,公安县,112.143623,29.702581,公安县长春观,全真
湖北省,荆州市,公安县,112.211418,30.075802,公安县青龙观,全真
湖北省,荆州市,公安县,112.12529,29.957682,公安县黑神庙,全真
湖北省,荆州市,洪湖市,113.389282,29.752161,洪湖市中原庵,全真
湖北省,荆州市,洪湖市,113.322937,29.667242,洪湖市城隍庙,全真
湖北省,荆州市,洪湖市,113.284294,29.980761,洪湖市天元宫,全真
湖北省,荆州市,洪湖市,113.386169,30.062763,洪湖市文昌阁,全真
湖北省,荆州市,洪湖市,113.442284,29.817183,洪湖市昭圣禅林,全真
湖北省,荆州市,洪湖市,113.386169,30.062763,洪湖市普乐宫,全真
湖北省,荆州市,洪湖市,113.297211,30.018702,洪湖市柘岭山太和宫,全真
湖北省,荆州市,洪湖市,113.227959,29.958012,洪湖市楠拇古寺,全真
湖北省,荆州市,洪湖市,113.345924,30.167961,洪湖市武圣庙,全真
湖北省,荆州市,洪湖市,113.28904,29.980171,洪湖市清宝观,全真
湖北省,荆州市,洪湖市,113.35025,30.092562,洪湖市玉皇阁,全真
湖北省,荆州市,洪湖市,113.491776,29.926287,洪湖市王爷庙,全真
湖北省,荆州市,洪湖市,113.446938,29.992373,洪湖市白云寺,全真
湖北省,荆州市,洪湖市,113.4767,29.874371,洪湖市白衣庵,全真
湖北省,荆州市,洪湖市,113.304909,29.9855,洪湖市祖师殿,正一
湖北省,荆州市,洪湖市,113.900551,30.161251,洪湖市诚心观,全真
湖北省,荆州市,洪湖市,113.319122,29.661203,洪湖市辖神宫,全真
湖北省,荆州市,洪湖市,113.15432,30.102871,洪湖市迎龙寺,全真
湖北省,荆州市,洪湖市,113.269951,30.141222,洪湖市钟山道观,全真
湖北省,荆州市,洪湖市,113.28904,29.980171,洪湖市镇方山北殿,全真
湖北省,荆州市,洪湖市,113.28904,29.980171,洪湖市镇方山南店,正一
湖北省,荆州市,洪湖市,113.466774,29.823164,洪湖市陆莲道观,全真
湖北省,荆州市,洪湖市,113.452759,29.81324,洪湖市难庙,全真
湖北省,荆州市,洪湖市,113.28904,29.980171,洪湖市顺天寺,全真
湖北省,荆州市,洪湖市,113.582008,29.909891,洪湖市香山宫,全真
湖北省,荆州市,洪湖市,113.443871,29.803431,洪湖市龙王庙,全真
湖北省,荆州市,监利县,113.08667,29.896313,监利县万安古庙,全真
湖北省,荆州市,监利县,113.01354,29.80403,监利县上车湾祖师庙,全真
湖北省,荆州市,监利县,113.055504,29.981892,监利县分盐文昌宫,全真
湖北省,荆州市,监利县,113.091225,29.809822,监利县周老嘴玄天观,全真
湖北省,荆州市,监利县,112.946098,30.045042,监利县周老明善寺,全真
湖北省,荆州市,监利县,113.235794,29.767485,监利县太平仙山,全真
湖北省,荆州市,监利县,113.202843,29.548561,监利县宗公庙,全真
湖北省,荆州市,监利县,112.907661,29.826031,监利县容城九莲宫,全真
湖北省,荆州市,监利县,112.951805,30.133343,监利县新金顶,全真
湖北省,荆州市,监利县,112.89399,29.851101,监利县曾子庙,全真
湖北省,荆州市,监利县,113.13826,29.731272,监利县朱河何王庙,全真
湖北省,荆州市,监利县,113.124283,29.727642,监利县朱河十方宫,全真
湖北省,荆州市,监利县,113.130302,29.720453,监利县朱河城隍庙,全真
湖北省,荆州市,监利县,112.958511,30.131269,监利县朱河镇三仙宫,全真
湖北省,荆州市,监利县,113.119614,29.691462,监利县朱河镇静乐宫,全真
湖北省,荆州市,监利县,113.08667,29.896313,监利县柳关文昌宫,全真
湖北省,荆州市,监利县,113.15271,29.773172,监利县棋盘乡泰山庙,全真
湖北省,荆州市,监利县,113.009232,29.897991,监利县毛市上官庙,全真
湖北省,荆州市,监利县,112.943932,29.911831,监利县毛市镇大仕古观,全真
湖北省,荆州市,监利县,112.766289,29.898352,监利县汪桥镇无相观,全真
湖北省,荆州市,监利县,112.70977,29.976221,监利县汪桥镇玄天观,全真
湖北省,荆州市,监利县,113.092209,29.817282,监利县汴河九真寺,全真
湖北省,荆州市,监利县,113.056381,29.819363,监利县汴河城隍庙,全真
湖北省,荆州市,监利县,113.137962,29.838781,监利县汴河宝庆庵,全真
湖北省,荆州市,监利县,113.162659,29.893492,监利县汴河道兴观,全真
湖北省,荆州市,监利县,113.076233,29.817423,监利县汴河镇三清宫,全真
湖北省,荆州市,监利县,113.129272,29.827341,监利县汴河镇五显庙,全真
湖北省,荆州市,监利县,113.22229,29.893072,监利县汴河镇李天庙,全真
湖北省,荆州市,监利县,113.091225,29.809822,监利县潘山宫,全真
湖北省,荆州市,监利县,112.837463,30.06146,监利县玄妙宫,全真
湖北省,荆州市,监利县,112.70977,29.976221,监利县王公庙,全真
湖北省,荆州市,监利县,113.161102,29.55447,监利县白螺镇三台庙,全真
湖北省,荆州市,监利县,113.131989,29.493832,监利县白螺雲溪古庙,全真
湖北省,荆州市,监利县,113.088707,29.912401,监利县福田三官殿,全真
湖北省,荆州市,监利县,113.08667,29.896313,监利县福田元应山,全真
湖北省,荆州市,监利县,113.083664,29.88966,监利县福田古福田,全真
湖北省,荆州市,监利县,113.161987,29.745901,监利县金塘永镇庙,全真
湖北省,荆州市,监利县,113.088875,30.128923,监利县铁庙,全真
湖北省,荆州市,监利县,112.82708,29.804482,监利县镇龙山祖师庙,全真
湖北省,荆州市,监利县,113.024078,29.634411,监利县隆兴宫,全真
湖北省,荆州市,监利县,112.789291,30.052591,监利县黄歇口镇三圣观,全真
湖北省,荆州市,监利县,112.786308,30.037182,监利县黄歇青阳宫,全真
湖北省,荆州市,江陵县,112.328751,30.125132,江陵县关帝观,正一
湖北省,荆州市,江陵县,112.5895,30.071251,江陵县王灵观,全真
湖北省,荆州市,江陵县,112.420052,30.031433,江陵县许仙观,全真
湖北省,荆州市,荆州区,112.118446,30.223459,荆州市太晖观,全真
湖北省,荆州市,沙市区,112.386719,30.365173,沙市区天星观,全真
湖北省,荆州市,沙市区,112.467751,30.338011,沙市区紫云观,全真
湖北省,荆州市,沙市区,112.386719,30.365173,沙市区紫阳观,全真
湖北省,荆州市,沙市区,112.261711,30.302732,沙市区青龙观,全真
湖北省,荆州市,石首市,112.430191,29.715033,石首市南岳山道观,全真
湖北省,荆州市,石首市,112.468361,29.688461,石首市柘林庙,全真
湖北省,荆州市,石首市,112.430473,29.64257,石首市高基庙,全真
湖北省,荆州市,石首市,112.693398,29.619652,石首市鸡头脑庙,全真
湖北省,荆州市,松滋市,111.765411,30.169319,松滋市新江口镇上清观,全真
湖北省,荆州市,松滋市,111.721222,30.006342,松滋市街河市镇仁威观,全真
湖北省,荆州市,,112.174149,29.671391,公安县白云观,全真
湖北省,潜江市,,112.884354,30.41976,潜江市妙庭观,全真
湖北省,潜江市,,112.6548,30.393011,潜江市浩口东岳观,全真
湖北省,潜江市,,112.555908,30.417923,潜江市积玉口古城仙山,全真
湖北省,潜江市,,112.527809,30.284412,潜江市运粮湖东岳庙,全真
湖北省,神农架林区,,110.644989,31.755201,神农架五峰山道观,正一
湖北省,十堰市,丹江口市,111.070648,32.47438,丹江口市五龙宫,全真
湖北省,十堰市,丹江口市,111.010124,32.398243,丹江口市太和宫,全真
湖北省,十堰市,丹江口市,111.51322,32.5404,丹江口市清微宫,全真
湖北省,十堰市,丹江口市,111.046127,32.395309,丹江口市琼台中观,全真
湖北省,十堰市,丹江口市,111.070648,32.47438,丹江口市紫霄宫,全真
湖北省,十堰市,丹江口市,111.529884,32.547356,丹江口市静乐宫,全真
湖北省,十堰市,房县,110.72509,32.03463,房县观音洞,全真
湖北省,十堰市,茅箭区,110.745071,32.509064,茅箭区赛武当泰山观,正一
湖北省,十堰市,郧西县,110.23349,33.12104,郧西县李师关泰山庙,正一
湖北省,十堰市,郧西县,110.419975,32.979225,郧西县玄鼓观,正一
湖北省,十堰市,郧阳区,110.996002,32.959175,郧阳区白桑关玉皇观,全真
湖北省,十堰市,张湾区,110.576981,32.63625,张湾区白马山五仙庙,全真
湖北省,十堰市,张湾区,110.74707,32.673191,张湾区纯阳观,全真
湖北省,随州市,曾都区,113.341003,31.460032,乾元山太乙古观,正一
湖北省,随州市,曾都区,113.384789,31.697149,神龙宫,全真
湖北省,随州市,广水市,113.773033,31.471342,朝盐观,全真
湖北省,随州市,,112.976151,31.548851,中国大洪山玄靈院,正一
湖北省,随州市,,113.402367,31.71451,紫阳宫,全真
湖北省,天门市,,113.219879,30.741791,九真古庙,正一
湖北省,天门市,,113.094414,30.507462,六角亭,正一
湖北省,天门市,,113.133911,30.589911,十丰观,正一
湖北省,天门市,,113.134453,30.640997,南善观,全真
湖北省,天门市,,113.219879,30.741791,圣水观,正一
湖北省,天门市,,113.188339,30.536743,复善堂,正一
湖北省,天门市,,113.002869,30.541012,大年观,正一
湖北省,天门市,,113.225243,30.607512,白衣庵古庙,正一
湖北省,天门市,,113.033272,30.749592,祖师殿,正一
湖北省,天门市,,113.19352,30.788891,花台庙,正一
湖北省,天门市,,113.193451,30.5275,观音堂,正一
湖北省,天门市,,113.197037,30.626751,迎水观,正一
湖北省,天门市,,113.011024,30.752771,陆羽泉,正一
湖北省,天门市,,112.94503,30.676323,青山观,正一
湖北省,天门市,,113.030579,30.557276,骑龙观,正一
湖北省,武汉市,黄陂区,114.377502,31.10853,三清殿,全真
湖北省,武汉市,黄陂区,114.37509,30.88131,三清观,全真
湖北省,武汉市,黄陂区,114.377502,31.10853,古娘娘殿,全真
湖北省,武汉市,黄陂区,114.376251,31.093401,古金顶,全真
湖北省,武汉市,黄陂区,114.376251,31.093401,帝主宫,全真
湖北省,武汉市,黄陂区,114.376251,31.093401,廻光殿,全真
湖北省,武汉市,黄陂区,114.207718,31.071926,思源观,全真
湖北省,武汉市,黄陂区,114.376251,31.093401,文昌宫,全真
湖北省,武汉市,黄陂区,114.376251,31.093401,斗姥宫,全真
湖北省,武汉市,黄陂区,114.376251,31.093401,木兰山朝天宫,全真
湖北省,武汉市,黄陂区,114.308662,30.954529,玉清观,全真
湖北省,武汉市,黄陂区,114.376251,31.093401,磨针涧,全真
湖北省,武汉市,黄陂区,114.376251,31.093401,药王宫,全真
湖北省,武汉市,黄陂区,114.377502,31.10853,迎恩宫,全真
湖北省,武汉市,武昌区,114.32033,30.53991,武汉长春观,全真
湖北省,武汉市,新洲区,114.851448,30.85017,万应庵,全真
湖北省,武汉市,新洲区,114.666443,30.79425,万明堂,正一
湖北省,武汉市,新洲区,114.608177,30.742611,万松观,全真
湖北省,武汉市,新洲区,114.900742,30.832922,万福观,全真
湖北省,武汉市,新洲区,114.631042,30.785381,三修观,全真
湖北省,武汉市,新洲区,114.826118,30.77631,三元观,全真
湖北省,武汉市,新洲区,114.687912,30.858273,三华观,全真
湖北省,武汉市,新洲区,114.70475,30.692852,三官殿,全真
湖北省,武汉市,新洲区,114.778847,30.813171,三尊观,全真
湖北省,武汉市,新洲区,114.828842,30.939196,三店太清宫,全真
湖北省,武汉市,新洲区,114.83725,30.909691,三店显灵观,全真
湖北省,武汉市,新洲区,114.802254,30.927551,三店祖师殿,全真
湖北省,武汉市,新洲区,114.789398,30.941162,三店观音观,全真
湖北省,武汉市,新洲区,114.813232,30.789471,上四官殿,全真
湖北省,武汉市,新洲区,114.87307,30.765682,上家禹庙,全真
湖北省,武汉市,新洲区,114.71608,30.857632,上清观,全真
湖北省,武汉市,新洲区,114.949142,30.888542,东洋观,全真
湖北省,武汉市,新洲区,114.685883,30.848753,中心观,全真
湖北省,武汉市,新洲区,114.53495,30.697411,乾隆观,全真
湖北省,武汉市,新洲区,114.870132,30.793402,五显观,全真
湖北省,武汉市,新洲区,114.666969,30.882973,仓埠三元庙,全真
湖北省,武汉市,新洲区,114.598999,30.827322,仓埠祖师观,全真
湖北省,武汉市,新洲区,114.583229,30.657297,仙姑观,全真
湖北省,武汉市,新洲区,114.69014,30.81488,佑圣观,全真
湖北省,武汉市,新洲区,114.674164,30.85536,全福观,全真
湖北省,武汉市,新洲区,114.651123,30.841761,六合村龙王观,全真
湖北省,武汉市,新洲区,114.79583,30.924593,关帝庙,全真
湖北省,武汉市,新洲区,114.736877,30.927561,凤凰三元庙,全真
湖北省,武汉市,新洲区,114.736877,30.927561,凤凰三清观,全真
湖北省,武汉市,新洲区,114.79818,30.928272,北寿观,全真
湖北省,武汉市,新洲区,114.937172,30.862671,华严宫,全真
湖北省,武汉市,新洲区,114.80114,30.84154,南方庙,全真
湖北省,武汉市,新洲区,115.000999,30.92584,南楼阁,全真
湖北省,武汉市,新洲区,114.765099,30.620832,双柳东岳府,全真
湖北省,武汉市,新洲区,114.761803,30.941933,吉利观,全真
湖北省,武汉市,新洲区,114.705528,30.797976,吉祥观,全真
湖北省,武汉市,新洲区,114.776009,30.801853,同福殿,全真
湖北省,武汉市,新洲区,114.910179,30.94907,响铃庙,全真
湖北省,武汉市,新洲区,114.944603,30.893871,唐真观,全真
湖北省,武汉市,新洲区,114.85257,30.86899,回龙观,全真
湖北省,武汉市,新洲区,114.946419,30.808842,团上二庙,全真
湖北省,武汉市,新洲区,114.81749,30.84111,圆通宫,全真
湖北省,武汉市,新洲区,114.721581,30.947973,圣蓬观,全真
湖北省,武汉市,新洲区,114.976181,30.946653,大兴观,全真
湖北省,武汉市,新洲区,114.85791,30.824532,大圣观,全真
湖北省,武汉市,新洲区,114.978027,30.94614,大王庙,全真
湖北省,武汉市,新洲区,114.84993,30.819841,天安宫,全真
湖北省,武汉市,新洲区,114.832237,30.810032,天安观,全真
湖北省,武汉市,新洲区,114.978264,30.909941,天寿观,全真
湖北省,武汉市,新洲区,114.906784,30.79055,天选观,全真
湖北省,武汉市,新洲区,114.820076,30.774117,太和观,全真
湖北省,武汉市,新洲区,114.862511,30.768993,太极宫,全真
湖北省,武汉市,新洲区,114.963837,30.853348,安乐观,全真
湖北省,武汉市,新洲区,114.63839,30.656981,宝盖宫,全真
湖北省,武汉市,新洲区,114.862511,30.768993,家禹观,全真
湖北省,武汉市,新洲区,114.911072,30.969593,延寿观,全真
湖北省,武汉市,新洲区,114.832237,30.810032,开化观,全真
湖北省,武汉市,新洲区,114.979721,30.964191,徐古三清观,全真
湖北省,武汉市,新洲区,114.989914,30.929041,徐古东岳府,全真
